gene_id	SRR493366	SRR493367	SRR493368	SRR493369	SRR493370	SRR493371
ENSG00000075624	15500	258	362	387	291	136
ENSG00000111640	3950	64	79	59	38	39
ENSG00000166710	2650	73	86	66	85	36
ENSG00000165704	50	1	2	2	0	4
ENSG00000256269	219550	3103	6772	6396	7754	7182
ENSG00000073578	60350	2301	1556	1917	818	1606
ENSG00000112592	6000	32	76	112	57	88
ENSG00000089157	29000	828	459	719	687	405
ENSG00000164924	11350	230	210	278	322	267
ENSG00000196262	2700	40	43	64	50	66
ENSG00000116641	54700	1399	639	1047	495	571
ENSG00000113661	7950	53	89	70	60	115
ENSG00000162706	3050	54	87	125	101	78
ENSG00000112487	1800	36	40	54	29	34
ENSG00000136721	25350	328	660	175	222	508
ENSG00000218931	3950	56	44	127	89	56
ENSG00000221870	13700	519	389	322	594	541
ENSG00000236352	3100	56	38	32	20	51
ENSG00000194465	8950	199	189	180	265	205
ENSG00000241656	800	21	29	43	28	28
ENSG00000236737	46500	634	917	586	950	910
ENSG00000135899	9150	311	108	241	129	205
ENSG00000209476	31500	457	653	398	388	251
ENSG00000152795	26250	521	367	238	436	233
ENSG00000154909	1150	15	24	17	14	14
ENSG00000166750	43400	478	629	602	947	1015
ENSG00000199759	566050	11050	8809	13815	10873	9845
ENSG00000110934	600	14	8	7	4	2
ENSG00000101026	100	6	5	3	6	2
ENSG00000202251	50	4	9	18	4	5
ENSG00000247394	44600	928	648	698	1005	840
ENSG00000137335	5800	145	248	182	312	138
ENSG00000237725	56300	1305	1074	989	1098	1180
ENSG00000198123	46300	416	409	464	567	1051
ENSG00000148722	12450	290	195	256	246	320
ENSG00000131762	14200	446	271	174	184	270
ENSG00000189363	5250	121	80	61	124	97
ENSG00000227212	50450	867	1132	965	697	585
ENSG00000188624	500	37	26	12	14	13
ENSG00000213343	4800	62	77	48	71	118
ENSG00000237871	13500	204	136	302	348	88
ENSG00000102414	162700	6078	3820	4839	6615	6711
ENSG00000153335	3700	70	29	35	24	36
ENSG00000135949	950	16	17	14	19	6
ENSG00000247247	1900	49	39	56	86	56
ENSG00000123414	42150	519	897	671	1382	1527
ENSG00000110502	7350	54	100	77	128	36
ENSG00000183908	93050	2211	2613	2205	2053	1538
ENSG00000201759	50	6	4	1	5	2
ENSG00000187343	92950	1852	1790	1255	880	1303
ENSG00000239312	77650	831	1210	1145	1251	1815
ENSG00000218276	350	9	11	11	5	7
ENSG00000246994	17500	216	152	185	225	243
ENSG00000247897	97250	2257	1144	1489	2111	1382
ENSG00000243803	12850	209	145	303	354	110
ENSG00000118840	38000	1454	798	973	665	1093
ENSG00000191666	723450	24240	28189	20276	9088	17534
ENSG00000108566	13300	282	193	168	302	290
ENSG00000176207	5050	107	232	90	74	51
ENSG00000190395	2200	47	52	38	54	36
ENSG00000249042	35800	517	323	564	521	708
ENSG00000199172	6050	131	88	100	170	119
ENSG00000137438	5250	69	58	117	244	152
ENSG00000148123	5250	162	59	132	52	224
ENSG00000110974	22050	486	906	685	564	678
ENSG00000112419	1500	14	30	21	16	14
ENSG00000211408	650	10	13	8	5	6
ENSG00000224496	50	1	1	1	0	2
ENSG00000137943	84300	1270	1192	993	2004	1312
ENSG00000119294	20750	372	493	148	76	185
ENSG00000181332	68400	2785	3511	1837	3832	1923
ENSG00000214692	5300	115	122	166	214	163
ENSG00000229818	1500	38	30	30	25	18
ENSG00000210656	19500	428	425	152	243	474
ENSG00000142413	5650	97	137	130	122	157
ENSG00000189281	300	5	19	23	11	16
ENSG00000215327	1650	26	27	23	26	31
ENSG00000169230	157200	6698	3336	5151	3702	2846
ENSG00000160217	19600	206	282	431	364	322
ENSG00000199621	16600	322	384	487	266	302
ENSG00000139742	3300	194	71	58	105	79
ENSG00000201811	850	39	35	32	25	22
ENSG00000222463	30900	554	1117	989	571	1111
ENSG00000119639	5050	59	123	165	90	104
ENSG00000148344	2950	28	27	33	22	20
ENSG00000144960	7850	118	116	124	124	116
ENSG00000161245	1400	24	24	17	9	27
ENSG00000140375	15450	406	394	154	181	241
ENSG00000147626	91700	921	1098	1626	945	1115
ENSG00000101431	2050	29	23	28	45	38
ENSG00000150631	180550	3856	2136	2729	2383	2098
ENSG00000166727	1750	44	54	40	37	66
ENSG00000169130	8850	201	183	116	275	142
ENSG00000136167	1450	39	20	13	34	44
ENSG00000164225	5950	164	188	100	102	116
ENSG00000120263	12650	154	139	166	250	150
ENSG00000154340	2150	41	67	43	88	48
ENSG00000211809	600	44	38	26	33	59
ENSG00000160191	1550	45	30	35	19	45
ENSG00000144508	1350	55	32	33	48	25
ENSG00000111579	300	5	3	5	4	4
ENSG00000229267	4700	120	73	38	161	89
ENSG00000150471	13650	231	410	344	238	541
ENSG00000100153	52950	1565	847	540	550	966
ENSG00000149060	38350	382	711	359	467	360
ENSG00000248996	1831950	29590	35418	12672	22239	15663
ENSG00000119685	14650	204	162	257	207	299
ENSG00000198255	4800	50	72	53	59	56
ENSG00000171611	380050	5689	7136	10916	7016	6660
ENSG00000178485	700	18	20	22	23	12
ENSG00000215679	72100	448	894	1942	883	858
ENSG00000148056	1000	13	22	19	22	40
ENSG00000217779	13350	544	183	258	233	409
ENSG00000103569	100	3	3	2	6	4
ENSG00000150247	42950	864	1006	714	1133	1028
ENSG00000244700	3300	195	138	80	88	114
ENSG00000194547	1200	21	20	23	14	29
ENSG00000136221	133750	4822	4669	6766	4199	7089
ENSG00000208679	34650	869	694	611	685	802
ENSG00000149529	2500	104	195	191	121	201
ENSG00000120362	2100	55	102	33	36	28
ENSG00000219013	3300	136	162	185	65	131
ENSG00000116646	8050	109	186	62	133	83
ENSG00000248362	58350	635	411	584	352	775
ENSG00000123286	34800	795	733	918	872	1057
ENSG00000247496	1300	48	37	23	53	55
ENSG00000127725	1500	46	21	46	31	58
ENSG00000149697	2150	30	87	90	33	42
ENSG00000193076	1350	4	30	7	19	12
ENSG00000142628	1750	61	15	77	28	30
ENSG00000191367	4100	133	77	78	143	177
ENSG00000237681	31650	293	455	876	486	792
ENSG00000236680	107050	1585	4166	2564	3281	1406
ENSG00000151966	1800	25	24	33	30	20
ENSG00000137845	10900	589	564	522	325	386
ENSG00000106453	2150	81	101	46	39	33
ENSG00000232433	680900	6968	9672	8976	15106	14435
ENSG00000116398	12350	149	70	185	148	167
ENSG00000122186	31350	758	300	441	423	523
ENSG00000231455	1000	9	22	33	19	19
ENSG00000112841	1650	43	44	26	30	25
ENSG00000223375	14050	117	274	146	160	108
ENSG00000226686	7150	70	181	55	68	47
ENSG00000245128	14600	346	294	270	145	272
ENSG00000239311	650	11	11	7	6	8
ENSG00000104843	31150	1105	1586	459	366	517
ENSG00000162983	1600	30	17	29	25	17
ENSG00000191965	293350	8074	8786	5928	4259	6605
ENSG00000115405	2450	68	24	52	55	101
ENSG00000172578	50400	2795	945	672	2051	1118
ENSG00000121517	700	8	16	10	6	12
ENSG00000244860	18600	178	303	323	308	380
ENSG00000141583	2350	34	36	30	8	42
ENSG00000215290	2650	51	79	60	65	28
ENSG00000183042	9650	163	242	116	229	129
ENSG00000211491	3850	73	62	142	58	93
ENSG00000114063	16050	206	238	161	252	341
ENSG00000190284	39700	1107	836	474	577	330
ENSG00000119356	14750	649	615	307	1032	699
ENSG00000142970	5300	166	72	109	89	79
ENSG00000247069	500	6	13	14	8	3
ENSG00000226408	1550	31	44	23	31	34
ENSG00000159037	3950	81	95	117	93	116
ENSG00000101703	0	1	4	0	1	0
ENSG00000216987	33950	488	873	756	454	636
ENSG00000131232	1700	145	117	126	99	68
ENSG00000133185	2950	96	90	92	50	79
ENSG00000215814	110150	2407	3361	1088	1551	1112
ENSG00000248098	26500	569	559	739	305	389
ENSG00000100905	10800	170	247	135	226	152
ENSG00000247727	650	19	29	24	34	28
ENSG00000101768	9350	181	241	296	385	284
ENSG00000110993	20800	322	371	319	189	328
ENSG00000196898	1300	26	33	51	22	30
ENSG00000132520	69200	691	1035	986	970	1015
ENSG00000238070	17750	317	545	565	455	471
ENSG00000133026	50	4	1	0	1	6
ENSG00000241554	7000	199	218	134	167	188
ENSG00000181279	450	14	10	8	8	8
ENSG00000120861	55000	1460	1675	909	1314	1164
ENSG00000117138	25800	512	919	529	551	673
ENSG00000105230	700	32	10	32	17	25
ENSG00000138656	1300	11	20	28	27	23
ENSG00000248189	8600	129	205	201	169	143
ENSG00000128282	7650	121	141	147	73	114
ENSG00000170809	122750	3208	3537	5013	2633	4460
ENSG00000168321	45400	958	368	403	321	624
ENSG00000125802	6550	119	63	131	167	187
ENSG00000130025	23150	419	510	536	658	655
ENSG00000177512	250	1	7	4	2	2
ENSG00000176630	13100	186	290	502	136	242
ENSG00000178196	38200	641	572	898	929	717
ENSG00000232192	7600	123	84	69	115	96
ENSG00000191775	1300	49	38	26	21	67
ENSG00000198485	14500	366	381	391	562	329
ENSG00000163460	529500	6365	9180	6606	6676	8697
ENSG00000232370	13050	217	260	126	244	247
ENSG00000133829	300	14	8	11	23	31
ENSG00000226759	190650	2092	2152	1174	2742	1398
ENSG00000105315	50	0	1	2	7	3
ENSG00000121389	25550	385	479	545	375	352
ENSG00000227057	2300	80	47	29	47	48
ENSG00000227286	49400	1062	1014	1408	1120	960
ENSG00000178996	650	33	14	42	32	31
ENSG00000212174	210300	2527	2404	1905	1865	2145
ENSG00000229829	9400	314	246	322	412	426
ENSG00000151364	200	5	5	6	10	4
ENSG00000142980	0	1	7	0	3	1
ENSG00000241149	2850	60	55	70	89	49
ENSG00000198497	115250	3981	3278	2896	1281	1399
ENSG00000117763	8900	209	142	91	184	180
ENSG00000121889	9900	224	156	244	131	130
ENSG00000104522	10600	153	139	69	94	72
ENSG00000212881	27800	885	651	488	418	940
ENSG00000120618	13300	246	456	310	253	265
ENSG00000123193	21350	231	286	313	189	161
ENSG00000153674	700	29	11	15	15	26
ENSG00000201020	175250	3016	3962	1206	1206	2056
ENSG00000126814	115100	2435	1868	1755	1842	1039
ENSG00000203373	1150	15	9	7	9	14
ENSG00000233582	552850	19997	21355	15822	23041	8438
ENSG00000240361	25300	575	615	377	774	589
ENSG00000140142	2500	83	26	27	62	70
ENSG00000161793	50	3	2	3	9	4
ENSG00000144002	25700	430	368	417	605	553
ENSG00000204193	17850	527	533	451	305	483
ENSG00000238884	2400	56	37	40	62	58
ENSG00000126202	0	7	7	7	0	3
ENSG00000207982	114800	693	1475	1719	1902	1739
ENSG00000213889	1700	34	94	60	93	63
ENSG00000201607	2300	70	54	53	68	58
ENSG00000246986	2590050	94099	66829	37572	46515	45651
ENSG00000208249	928400	14041	20367	15606	8711	7881
ENSG00000230331	36700	819	1373	1231	1227	830
ENSG00000243335	2400	47	44	67	67	72
ENSG00000218882	30350	595	373	566	584	651
ENSG00000221266	100	1	4	2	3	0
ENSG00000104611	6200	140	155	196	107	234
ENSG00000104547	1850	38	17	33	59	12
ENSG00000136527	750	18	4	9	16	8
ENSG00000110040	900	12	20	8	4	7
ENSG00000108176	21750	538	367	362	397	677
ENSG00000234380	8200	168	100	172	229	278
ENSG00000213133	12050	306	342	148	132	190
ENSG00000138701	18250	825	658	1069	1279	960
ENSG00000120122	1200	18	15	37	25	21
ENSG00000163441	450	16	12	19	12	12
ENSG00000202313	200	6	3	7	4	3
ENSG00000188520	8950	174	183	68	59	66
ENSG00000208268	50500	740	473	531	811	557
ENSG00000170785	6300	89	103	89	39	103
ENSG00000134056	25950	874	533	310	544	528
ENSG00000231870	550	8	6	11	6	4
ENSG00000233384	2150	40	92	42	76	54
ENSG00000207504	1750	14	28	35	20	20
ENSG00000234303	750	2	12	17	12	2
ENSG00000195431	273950	1852	6374	5011	7576	5881
ENSG00000237850	64750	854	650	841	977	387
ENSG00000111743	2350	23	33	40	25	39
ENSG00000120573	1700	31	11	37	42	35
ENSG00000167049	14450	301	211	102	82	153
ENSG00000159173	450	8	10	8	12	7
ENSG00000186596	13150	523	526	334	247	569
ENSG00000155860	1200	3	22	17	3	20
ENSG00000145707	2700	36	91	72	56	65
ENSG00000154772	1200	15	21	26	19	22
ENSG00000171055	3300	95	65	24	62	57
ENSG00000101599	450	6	18	10	7	9
ENSG00000121744	150	4	9	13	16	5
ENSG00000169102	950	13	29	13	12	39
ENSG00000199655	1100	45	36	53	39	34
ENSG00000223191	3950	64	66	45	120	66
ENSG00000227141	7150	128	152	180	300	198
ENSG00000211889	171400	3075	5146	3550	3983	3255
ENSG00000229658	26900	867	663	781	284	1460
ENSG00000159587	3950	84	70	72	95	116
ENSG00000184861	43200	731	527	484	440	538
ENSG00000207626	1950	21	33	26	46	27
ENSG00000172293	140400	3459	1855	1578	3368	3432
ENSG00000117233	28350	290	519	308	346	513
ENSG00000191201	700	10	7	12	14	8
ENSG00000243329	36250	355	776	977	457	479
ENSG00000161886	38050	853	1559	461	789	515
ENSG00000191500	100	0	1	2	1	0
ENSG00000142784	2000	35	47	12	38	47
ENSG00000244210	2000	47	55	59	61	45
ENSG00000161318	50	3	3	1	4	4
ENSG00000144421	700	16	9	12	20	18
ENSG00000130007	550	24	28	27	23	31
ENSG00000136291	12750	528	544	343	442	259
ENSG00000146017	10100	365	198	344	379	308
ENSG00000131380	1287250	20755	27430	46229	26964	37199
ENSG00000135289	3100	70	55	72	68	63
ENSG00000101408	54400	1452	1495	1692	990	1511
ENSG00000105743	7500	114	112	143	231	266
ENSG00000218770	13500	228	725	290	153	143
ENSG00000143469	350	20	26	30	11	9
ENSG00000178585	300	3	2	0	2	3
ENSG00000240003	2150	25	48	33	35	36
ENSG00000239646	57850	1693	1483	700	607	854
ENSG00000169035	251250	3764	4879	2304	3018	5366
ENSG00000191075	29600	444	481	484	446	622
ENSG00000153305	15850	476	497	514	644	280
ENSG00000121363	1200	37	34	30	24	18
ENSG00000188229	437000	2910	7327	2881	2921	4170
ENSG00000214231	142200	1154	1415	2279	1943	1612
ENSG00000100019	4100	27	54	69	38	56
ENSG00000204220	26300	344	209	178	81	165
ENSG00000128351	400	16	13	11	22	22
ENSG00000205235	364000	2842	4863	3066	3725	2444
ENSG00000190027	23650	376	211	331	347	359
ENSG00000225652	4150	167	110	99	144	123
ENSG00000161351	19500	768	351	532	482	519
ENSG00000239647	13150	279	426	257	268	247
ENSG00000112290	3650	59	77	55	23	101
ENSG00000229652	400	15	12	8	13	3
ENSG00000229282	500	24	13	16	15	9
ENSG00000179801	300	5	7	3	12	7
ENSG00000181981	18250	584	601	384	684	615
ENSG00000110600	1312400	29128	29004	15436	15888	13840
ENSG00000112104	50	8	6	4	9	3
ENSG00000147006	6050	167	193	276	214	205
ENSG00000216662	19300	211	239	335	155	208
ENSG00000185956	700	11	9	17	20	17
ENSG00000220093	12900	277	210	331	142	345
ENSG00000176596	950	21	21	23	24	22
ENSG00000198333	83250	1271	2213	1457	2042	1561
ENSG00000226487	2650	26	36	34	32	50
ENSG00000201199	6800	240	192	146	150	256
ENSG00000176820	25200	489	683	525	411	814
ENSG00000194723	3000	56	86	81	38	33
ENSG00000155780	200	10	4	9	4	1
ENSG00000105687	1850	59	47	27	39	93
ENSG00000202471	37050	463	304	534	495	920
ENSG00000180437	6350	91	127	129	99	69
ENSG00000214553	15550	582	434	110	323	491
ENSG00000174903	400	10	25	9	14	14
ENSG00000158223	8400	218	137	194	254	203
ENSG00000170392	31800	630	591	547	361	423
ENSG00000208576	13000	500	283	173	140	157
ENSG00000164968	233350	6702	6592	8488	15826	8245
ENSG00000106653	3450	79	84	90	93	77
ENSG00000155586	500	20	9	16	31	20
ENSG00000146245	550	8	8	11	4	4
ENSG00000103192	47400	1324	508	1869	1789	1235
ENSG00000105793	7350	95	128	164	219	167
ENSG00000123043	54350	959	1004	1455	1174	1447
ENSG00000152802	17050	344	253	420	375	421
ENSG00000118572	174900	3803	3021	4019	2716	4542
ENSG00000157958	76950	2968	1480	2440	1528	2641
ENSG00000194825	5350	133	101	49	86	57
ENSG00000141469	14700	288	116	422	289	324
ENSG00000202584	51750	1301	1504	1406	1028	623
ENSG00000199814	1150	9	23	13	12	10
ENSG00000134933	80100	2101	3050	2432	4619	3930
ENSG00000124839	82450	1829	1841	1726	1788	1750
ENSG00000104510	25150	683	660	727	1183	735
ENSG00000186150	5300	163	82	132	108	123
ENSG00000113013	29800	592	573	284	342	280
ENSG00000182849	850	26	10	26	18	30
ENSG00000231836	17450	373	338	133	82	107
ENSG00000229404	2350	34	30	38	30	34
ENSG00000224902	12250	115	192	198	237	247
ENSG00000138090	2750	55	68	69	29	54
ENSG00000201427	9900	186	314	306	221	357
ENSG00000219742	112300	1234	1847	1734	2882	993
ENSG00000142868	650	6	11	16	11	14
ENSG00000192821	28050	1327	1496	707	1267	814
ENSG00000182916	150	4	3	5	3	3
ENSG00000107444	150	2	2	2	1	4
ENSG00000195188	10950	173	144	57	91	125
ENSG00000212921	5100	241	129	184	218	149
ENSG00000100862	20300	360	323	296	275	237
ENSG00000131769	400	11	11	5	5	2
ENSG00000174111	6150	182	208	148	109	123
ENSG00000168948	10100	233	191	265	229	162
ENSG00000205833	124600	1898	1615	2027	1595	1441
ENSG00000133438	7650	57	205	96	89	105
ENSG00000149929	28050	600	381	316	309	604
ENSG00000159710	2200	24	12	25	35	21
ENSG00000150664	6300	77	128	72	124	77
ENSG00000113559	4700	134	94	53	37	54
ENSG00000116863	31300	396	586	655	892	522
ENSG00000239884	1650	12	30	20	20	28
ENSG00000225493	2450	29	28	33	22	26
ENSG00000159731	28850	427	319	317	405	275
ENSG00000117981	260200	5885	4221	2908	8027	9465
ENSG00000203732	15650	397	544	250	385	96
ENSG00000152916	11500	273	130	261	319	273
ENSG00000212074	2050	131	59	58	61	79
ENSG00000154135	64900	914	1126	1532	1029	1105
ENSG00000175412	32650	604	454	318	377	665
ENSG00000231575	212950	4264	4616	5027	3496	5125
ENSG00000197540	16100	327	330	303	492	367
ENSG00000215209	600	13	23	16	34	28
ENSG00000197854	3200	60	62	44	43	51
ENSG00000156461	1750	18	17	17	22	19
ENSG00000156888	700	7	6	9	13	17
ENSG00000175068	113150	1387	1475	2675	2528	2383
ENSG00000247723	45650	913	638	880	1446	650
ENSG00000180197	550	7	9	19	13	15
ENSG00000164244	164200	3674	2803	6359	4164	2876
ENSG00000120591	7900	227	365	165	52	250
ENSG00000194222	1900	57	60	34	32	18
ENSG00000245157	13300	405	355	379	409	413
ENSG00000231505	9650	123	165	144	136	241
ENSG00000105541	2500	25	31	24	34	26
ENSG00000130427	50	4	5	0	1	2
ENSG00000186088	5350	106	187	149	166	156
ENSG00000238238	13000	273	272	294	230	270
ENSG00000181175	0	2	1	2	0	2
ENSG00000169913	32700	277	475	561	339	223
ENSG00000218979	19550	282	481	345	727	436
ENSG00000249157	2950	49	55	106	73	71
ENSG00000103568	5150	187	215	198	149	158
ENSG00000175844	3100	86	78	95	33	109
ENSG00000170244	3150	48	77	21	29	19
ENSG00000122640	4700	77	76	63	72	95
ENSG00000230217	83950	2654	3849	1771	2175	1530
ENSG00000155193	250	9	5	5	3	7
ENSG00000132425	6150	149	286	142	273	157
ENSG00000236796	11450	269	170	133	205	236
ENSG00000247635	3500	20	30	18	45	52
ENSG00000159365	3650	43	64	56	67	47
ENSG00000135653	350	8	8	8	4	11
ENSG00000175966	1400	38	43	27	17	11
ENSG00000172090	7050	79	169	135	221	131
ENSG00000229767	12650	559	217	190	239	355
ENSG00000152155	500	25	12	32	26	43
ENSG00000163972	2297500	21558	100217	52820	52658	42101
ENSG00000236728	1250	44	29	38	74	40
ENSG00000214664	9900	215	166	198	150	210
ENSG00000131091	5550	82	44	102	87	86
ENSG00000123283	3850	81	71	42	61	76
ENSG00000152362	86200	2391	1738	2294	2645	2739
ENSG00000237264	1700	41	41	51	52	76
ENSG00000175217	126450	1700	655	2003	1505	2490
ENSG00000122025	65900	1361	1606	635	1806	928
ENSG00000240108	800	37	22	25	18	26
ENSG00000227546	66250	810	1054	1583	1115	1063
ENSG00000164127	800	38	38	45	43	29
ENSG00000170730	3001100	57539	39548	26320	39785	39129
ENSG00000186614	5900	35	71	59	61	79
ENSG00000171652	800	14	19	37	14	28
ENSG00000170580	250	1	5	5	2	5
ENSG00000230767	1900	36	19	16	5	22
ENSG00000103043	3150	39	36	40	49	96
ENSG00000166399	350	25	14	22	17	21
ENSG00000200474	250	12	7	8	11	31
ENSG00000118816	1200	17	23	14	33	38
ENSG00000176379	11700	304	243	87	110	121
ENSG00000112024	143150	5106	7081	1580	2130	3302
ENSG00000172311	250	5	10	8	11	6
ENSG00000149050	2550	55	25	88	70	22
ENSG00000228972	1700	29	26	20	29	41
ENSG00000106249	700	2	7	1	11	10
ENSG00000144082	250	11	11	8	15	7
ENSG00000140222	800	25	35	19	29	21
ENSG00000196351	23050	839	754	716	465	525
ENSG00000245935	13800	229	203	142	96	77
ENSG00000204534	3500	44	38	41	35	20
ENSG00000126470	10500	778	928	688	391	510
ENSG00000151874	9000	292	333	145	415	253
ENSG00000169774	5100	89	58	138	92	46
ENSG00000119789	20750	296	322	193	380	276
ENSG00000133004	2450	28	21	30	22	13
ENSG00000101118	32750	810	367	524	583	407
ENSG00000191766	23700	669	795	358	683	438
ENSG00000170704	2500	48	61	75	85	79
ENSG00000145220	650	14	7	24	16	9
ENSG00000210022	97450	3113	1891	1632	2150	4606
ENSG00000247176	15150	146	247	93	168	162
ENSG00000220701	3240750	48976	75840	60417	53184	51749
ENSG00000159511	1100	50	35	22	23	31
ENSG00000207089	20350	1623	905	480	667	1022
ENSG00000153655	2950	63	47	35	103	46
ENSG00000216832	16650	183	278	405	265	361
ENSG00000187814	38150	1344	672	666	688	499
ENSG00000120884	2950	66	63	39	21	27
ENSG00000197302	5800	72	146	115	143	111
ENSG00000211912	13550	154	204	232	171	266
ENSG00000112879	9450	125	155	207	212	270
ENSG00000101821	24200	597	434	695	326	516
ENSG00000117983	52600	1820	986	927	1114	880
ENSG00000155162	38600	1307	528	694	901	768
ENSG00000220288	13100	229	205	232	233	78
ENSG00000150854	11300	106	106	116	39	110
ENSG00000213332	1400	47	27	26	18	18
ENSG00000129830	4250	29	26	51	47	29
ENSG00000185982	4000	49	42	41	66	42
ENSG00000120025	45350	1119	1094	510	399	847
ENSG00000167505	2950	57	85	66	49	41
ENSG00000107254	150	14	11	12	15	13
ENSG00000203598	19200	855	391	647	283	449
ENSG00000204024	850	46	45	43	36	32
ENSG00000119475	3100	50	16	30	31	32
ENSG00000140330	5450	161	44	105	236	124
ENSG00000205688	24500	493	348	394	434	344
ENSG00000228994	50	3	2	1	1	2
ENSG00000100362	500	18	18	9	23	17
ENSG00000244964	19250	220	317	378	197	235
ENSG00000216741	4300	76	70	73	43	31
ENSG00000132632	1100	36	21	23	17	10
ENSG00000162057	2250	67	91	69	39	25
ENSG00000171659	96700	3921	2162	2286	2284	3498
ENSG00000234205	3400	41	42	40	39	48
ENSG00000129106	39100	508	536	498	644	243
ENSG00000190785	25850	554	1069	1077	716	546
ENSG00000134185	2100	56	38	61	76	82
ENSG00000145316	24100	283	218	460	429	273
ENSG00000143863	2550	56	51	83	71	72
ENSG00000193107	1850	32	24	82	15	30
ENSG00000181143	1000	10	14	10	16	14
ENSG00000155546	36800	1024	544	942	981	1400
ENSG00000185027	3850	75	61	72	125	110
ENSG00000116542	4000	53	32	66	48	42
ENSG00000187247	600	24	24	24	15	16
ENSG00000186414	255150	5901	4850	4992	5520	4968
ENSG00000155963	28650	510	706	698	593	647
ENSG00000175819	8850	137	179	145	68	130
ENSG00000236532	1550	35	24	43	30	29
ENSG00000168190	750	10	9	7	13	2
ENSG00000193461	16300	579	517	197	303	289
ENSG00000144390	10000	247	278	307	191	301
ENSG00000129609	650	16	9	10	9	8
ENSG00000153792	76200	906	1593	830	2118	1331
ENSG00000166564	14200	365	788	558	802	704
ENSG00000171118	1000	28	18	17	17	36
ENSG00000225417	2550	40	51	48	51	50
ENSG00000207559	8800	114	92	24	92	49
ENSG00000112400	9500	238	326	252	179	126
ENSG00000208312	5650	128	125	129	109	144
ENSG00000221925	200	6	4	2	5	5
ENSG00000107621	159950	3190	2387	2178	2807	2408
ENSG00000184461	11350	392	415	590	263	185
ENSG00000133085	88800	1578	1430	2371	2209	2778
ENSG00000166604	71450	1875	1559	1291	1648	1463
ENSG00000224991	5500	91	110	95	47	86
ENSG00000187722	12250	296	356	295	276	282
ENSG00000198390	19950	788	557	804	401	688
ENSG00000168698	38350	571	766	574	587	1098
ENSG00000127559	6000	89	106	121	70	122
ENSG00000111756	2300	58	47	34	38	43
ENSG00000165334	6250	221	124	254	124	145
ENSG00000210562	1500	25	28	33	33	48
ENSG00000111597	4250	74	61	51	47	89
ENSG00000198426	150	2	0	1	4	1
ENSG00000155747	12500	152	176	141	214	184
ENSG00000180639	1400	14	11	16	21	13
ENSG00000122915	2350	45	35	43	68	43
ENSG00000188138	8400	78	107	167	188	137
ENSG00000152677	10550	431	220	222	202	450
ENSG00000127248	242050	8703	3453	7449	4712	5045
ENSG00000148505	9100	133	186	170	196	323
ENSG00000207685	700	9	14	16	13	9
ENSG00000185570	12150	205	300	165	185	183
ENSG00000112979	1850	43	58	31	47	55
ENSG00000126331	33100	574	563	330	185	305
ENSG00000222361	2850	23	20	32	52	36
ENSG00000240844	2800	27	28	50	38	57
ENSG00000105644	2250	49	33	41	57	62
ENSG00000135694	2050	24	30	23	71	62
ENSG00000118412	100	1	6	3	5	5
ENSG00000165515	1750	49	41	43	50	38
ENSG00000102510	5300	127	202	210	287	117
ENSG00000106872	81450	1169	1393	2049	875	1189
ENSG00000100045	3200	95	82	60	56	85
ENSG00000208616	6950	187	123	71	55	69
ENSG00000136800	16400	363	380	386	525	527
ENSG00000121327	17150	392	279	377	496	629
ENSG00000119831	233900	1709	2118	2479	3743	6044
ENSG00000205279	29350	197	411	314	237	502
ENSG00000131943	11900	168	87	103	234	136
ENSG00000132619	102500	3332	1418	2129	3130	2809
ENSG00000110401	138800	1997	2389	4871	5953	2398
ENSG00000235431	2800	39	49	56	64	84
ENSG00000138652	11300	181	281	97	244	122
ENSG00000218231	150	5	12	10	11	7
ENSG00000138618	4300	71	58	85	131	102
ENSG00000196332	1300	32	15	11	21	18
ENSG00000110887	4450	74	141	88	88	41
ENSG00000163565	3950	63	53	80	85	72
ENSG00000210854	4450	126	165	63	132	113
ENSG00000149235	3450	248	262	177	97	86
ENSG00000109337	22900	711	423	256	334	447
ENSG00000152059	4350	426	235	184	173	252
ENSG00000236507	4950	86	110	77	85	41
ENSG00000170513	550	9	7	10	4	15
ENSG00000111475	75100	3219	2079	1548	1722	2405
ENSG00000229508	106050	2234	3475	3420	3329	3934
ENSG00000188119	1300	28	55	47	81	67
ENSG00000164126	11750	268	469	520	772	621
ENSG00000170175	400	9	3	10	3	9
ENSG00000243844	200	5	5	1	5	5
ENSG00000222572	3800	129	56	79	99	69
ENSG00000214382	100450	1818	3204	4052	5153	2493
ENSG00000131327	600	13	18	21	26	11
ENSG00000186154	1650	25	29	7	22	13
ENSG00000148262	151450	3636	3350	1630	2360	2738
ENSG00000212646	200	2	4	3	2	8
ENSG00000141279	31700	240	303	496	485	406
ENSG00000156460	12850	305	282	371	447	174
ENSG00000131250	3100	117	93	130	163	141
ENSG00000218469	8350	126	168	258	171	193
ENSG00000144213	1656700	8576	18840	17727	33813	24209
ENSG00000145462	1150	13	18	17	17	14
ENSG00000167178	5100	152	63	35	55	92
ENSG00000197428	4350	143	187	167	84	68
ENSG00000155304	2600	57	21	16	33	51
ENSG00000196216	600	0	11	14	11	6
ENSG00000102895	165900	4648	4382	3905	4283	2506
ENSG00000202792	24400	548	320	157	151	218
ENSG00000106347	350	12	11	5	6	4
ENSG00000108594	2200	43	44	47	36	41
ENSG00000108290	24050	350	241	534	310	352
ENSG00000231013	14700	337	276	285	270	433
ENSG00000237634	250	6	4	5	4	8
ENSG00000145404	9600	185	145	101	165	128
ENSG00000166671	6600	138	214	109	179	386
ENSG00000238533	16100	373	414	381	242	490
ENSG00000243472	22350	285	408	263	271	301
ENSG00000233639	600	6	2	2	1	6
ENSG00000116942	692700	8551	11234	5564	4243	4496
ENSG00000212436	11000	160	221	343	205	361
ENSG00000168498	274200	2600	8230	6423	5261	2861
ENSG00000103929	2297450	42169	51789	47136	45201	36152
ENSG00000114587	3050	80	75	85	123	144
ENSG00000240236	600	19	7	8	11	13
ENSG00000108662	62000	1080	497	838	911	650
ENSG00000156912	8300	95	75	82	112	60
ENSG00000188322	4350	136	124	39	64	38
ENSG00000156590	950	23	21	20	23	15
ENSG00000148310	188700	5142	3950	4228	6144	7135
ENSG00000213313	2950	55	97	91	40	45
ENSG00000124047	250	7	10	7	11	7
ENSG00000122833	2400	99	39	72	48	54
ENSG00000212136	400	16	21	2	25	10
ENSG00000204881	4900	114	212	172	272	90
ENSG00000160027	1850	87	57	85	75	94
ENSG00000122466	1500	16	14	23	14	13
ENSG00000215533	25850	450	433	382	720	270
ENSG00000114446	1400	25	43	45	50	26
ENSG00000178861	27000	901	511	424	585	742
ENSG00000114604	142550	2062	5804	2209	2058	1344
ENSG00000168768	3850	59	68	69	77	106
ENSG00000196422	2600	41	28	22	61	47
ENSG00000225974	7050	389	225	130	127	193
ENSG00000134157	46200	984	1112	821	1136	1192
ENSG00000233249	8000	203	104	171	215	203
ENSG00000113551	18800	208	222	114	231	231
ENSG00000172128	8800	197	202	98	189	127
ENSG00000162720	12500	221	141	248	310	151
ENSG00000240419	19300	436	412	459	474	205
ENSG00000120613	2200	42	28	50	17	47
ENSG00000231926	3450	50	26	38	58	76
ENSG00000243395	12050	271	207	157	180	120
ENSG00000240688	2800	36	48	67	44	33
ENSG00000152997	11300	146	322	147	342	119
ENSG00000137080	11550	579	370	359	329	831
ENSG00000171586	5550	128	119	145	234	128
ENSG00000249629	2300	46	36	34	93	58
ENSG00000140511	1450	33	14	60	22	10
ENSG00000153077	184600	5501	3412	6438	1878	3615
ENSG00000158749	53100	753	1002	624	819	736
ENSG00000146522	1050	22	9	13	18	8
ENSG00000179409	850	39	38	33	36	19
ENSG00000145813	384350	4800	6327	5943	6743	7332
ENSG00000163454	118250	2559	2028	5020	2547	1721
ENSG00000216941	26500	767	362	115	249	246
ENSG00000111556	45150	1389	1022	1543	1591	1372
ENSG00000183767	150	9	7	7	7	6
ENSG00000240055	3300	142	221	121	175	87
ENSG00000194320	19450	709	675	737	494	659
ENSG00000236848	150	8	3	6	2	5
ENSG00000225870	1950	28	44	34	26	10
ENSG00000143812	24750	612	590	834	1362	796
ENSG00000129250	88550	1524	1412	1862	1049	1454
ENSG00000123643	1900	58	23	63	69	66
ENSG00000224096	13500	326	218	381	383	236
ENSG00000161999	128450	3412	3406	4348	2848	2125
ENSG00000196445	4000	36	60	42	70	33
ENSG00000110545	600	10	15	14	7	15
ENSG00000178070	9050	129	116	145	126	113
ENSG00000191639	3600	24	34	50	75	114
ENSG00000152978	148350	1549	3667	1584	1740	2006
ENSG00000181794	5600	260	269	187	193	189
ENSG00000115776	2900	62	57	17	35	13
ENSG00000116186	689400	23413	16893	14719	19886	18970
ENSG00000190532	3750	53	70	52	33	48
ENSG00000160522	33800	830	1066	342	224	367
ENSG00000152006	33100	317	436	847	751	801
ENSG00000174596	21100	660	1023	912	367	1286
ENSG00000164242	10950	112	239	218	230	214
ENSG00000150803	58450	1648	737	470	265	296
ENSG00000138018	7000	116	134	112	104	169
ENSG00000128386	200	8	8	9	8	4
ENSG00000142497	4300	77	112	71	73	99
ENSG00000222288	9650	232	294	42	129	93
ENSG00000235224	6800	120	110	70	117	75
ENSG00000229897	7650	380	171	209	149	223
ENSG00000142426	950	51	29	38	53	61
ENSG00000192323	132800	2504	2727	2384	1375	1308
ENSG00000167365	238650	3556	3018	3429	2998	3543
ENSG00000167061	100	4	1	2	2	2
ENSG00000238902	15750	240	403	184	125	86
ENSG00000240418	1300	34	27	52	27	27
ENSG00000202714	50	0	0	0	3	0
ENSG00000142122	23100	174	306	214	376	248
ENSG00000228267	2550	28	36	38	26	35
ENSG00000134339	7750	64	112	77	41	87
ENSG00000126676	3150	24	47	29	45	24
ENSG00000103727	40350	1492	1169	2053	1227	830
ENSG00000236011	219200	2180	2661	2806	2688	2511
ENSG00000115081	28250	562	406	196	210	302
ENSG00000182225	43050	585	733	554	1011	790
ENSG00000111644	5250	208	124	146	68	101
ENSG00000105048	12850	206	133	207	163	217
ENSG00000117049	1450	57	27	63	40	37
ENSG00000101997	7550	183	106	167	121	103
ENSG00000211141	2650	34	44	23	32	20
ENSG00000125587	8550	306	515	395	366	290
ENSG00000138055	33300	737	669	322	764	724
ENSG00000249824	11850	347	364	420	172	348
ENSG00000144731	120400	909	588	1000	877	1219
ENSG00000211392	2412150	42423	23996	24095	43150	30711
ENSG00000235426	50	3	3	4	5	1
ENSG00000139079	6000	145	116	126	91	95
ENSG00000174479	4050	41	58	20	16	31
ENSG00000183651	4150	80	59	80	67	45
ENSG00000183437	900	23	9	11	4	4
ENSG00000224599	12400	181	201	127	151	191
ENSG00000103722	5150	100	60	51	76	92
ENSG00000102712	2700	24	30	41	45	36
ENSG00000114864	1950	60	77	65	85	56
ENSG00000150066	1500	46	67	80	35	73
ENSG00000189642	150	2	4	0	3	0
ENSG00000158222	58750	2238	1109	1589	2209	1058
ENSG00000184399	3600	139	66	84	152	84
ENSG00000123754	1200	24	22	20	46	25
ENSG00000176760	17600	119	201	86	239	364
ENSG00000245364	5750	83	71	32	18	33
ENSG00000145632	150	2	4	6	1	1
ENSG00000223143	56300	1567	821	1054	875	703
ENSG00000248907	200	4	4	5	4	12
ENSG00000118803	7850	86	205	135	131	77
ENSG00000166597	11200	300	140	196	159	201
ENSG00000165289	201650	2053	1270	1770	2318	1914
ENSG00000203936	90300	1875	1715	1765	1652	1893
ENSG00000130209	17050	114	254	254	160	242
ENSG00000154850	1500	34	22	18	32	28
ENSG00000226412	3400	67	44	113	42	41
ENSG00000223377	100950	1724	1886	1557	989	1086
ENSG00000106515	147300	6674	7248	3871	7404	7377
ENSG00000126315	35200	620	794	450	399	396
ENSG00000192772	2850	32	31	32	23	56
ENSG00000219483	56750	1030	1030	912	1553	1148
ENSG00000228854	5950	68	71	59	51	60
ENSG00000166518	4200	155	94	63	25	50
ENSG00000107948	5050	56	121	143	43	120
ENSG00000131683	26600	449	422	633	549	590
ENSG00000144549	21750	243	351	210	153	239
ENSG00000158366	24750	1538	881	1208	1554	2046
ENSG00000112506	229300	3208	2509	1226	1954	1741
ENSG00000151531	25900	257	268	389	535	511
ENSG00000184269	100	0	0	3	1	1
ENSG00000236658	400	8	4	8	7	5
ENSG00000174103	7250	179	228	361	230	210
ENSG00000185780	7150	159	189	177	79	173
ENSG00000200184	789150	9378	14344	15324	11837	14439
ENSG00000174829	2700	70	111	196	104	128
ENSG00000123819	11600	145	251	162	87	149
ENSG00000205113	25550	531	814	632	1211	1279
ENSG00000107272	164750	3153	2562	1358	1329	1858
ENSG00000231731	3500	120	101	89	58	72
ENSG00000113720	7350	912	390	548	520	257
ENSG00000227995	350	9	17	14	31	14
ENSG00000221886	950	23	13	10	13	26
ENSG00000238809	198900	2245	2027	1527	1221	1293
ENSG00000203124	350	6	13	9	11	7
ENSG00000117792	59300	1603	1548	947	837	906
ENSG00000242706	40850	478	379	565	456	352
ENSG00000124793	21150	751	335	653	803	536
ENSG00000247235	116350	1796	1930	681	1166	579
ENSG00000189824	21750	557	518	560	295	540
ENSG00000175146	250	1	1	2	1	0
ENSG00000175065	1400	15	17	19	23	45
ENSG00000206353	7150	90	93	41	34	72
ENSG00000248096	33550	554	941	1486	1012	978
ENSG00000103152	600	13	24	13	14	11
ENSG00000181571	2100	34	57	43	35	21
ENSG00000172005	2700	82	61	71	61	78
ENSG00000114942	149550	1145	1653	633	1805	2228
ENSG00000216866	400	3	8	12	11	8
ENSG00000229713	350	8	10	15	13	3
ENSG00000189462	44500	741	516	928	642	351
ENSG00000174235	150	1	2	2	4	1
ENSG00000123758	15600	272	233	341	473	366
ENSG00000109609	2000	85	47	83	60	57
ENSG00000236028	200	2	5	4	9	4
ENSG00000165676	1500	39	79	110	100	65
ENSG00000228615	900	22	18	28	16	45
ENSG00000184103	6150	189	136	225	314	129
ENSG00000186172	13850	266	221	456	290	432
ENSG00000112156	134850	2837	3189	3973	2867	3450
ENSG00000201304	10450	107	157	187	115	181
ENSG00000128974	6750	193	63	195	357	101
ENSG00000210726	1750	48	37	41	72	70
ENSG00000109227	6400	148	238	175	174	226
ENSG00000152788	62250	1734	1952	498	1281	870
ENSG00000223025	0	5	5	5	9	3
ENSG00000229974	22500	695	251	429	343	499
ENSG00000248950	3000	66	52	30	19	44
ENSG00000103373	10600	178	153	94	164	110
ENSG00000206204	6350	316	406	303	295	350
ENSG00000141873	30050	1300	1407	710	514	876
ENSG00000214795	11150	118	217	352	224	245
ENSG00000175947	2050	75	21	64	74	90
ENSG00000148474	12400	336	216	121	197	344
ENSG00000200055	6150	46	131	155	161	118
ENSG00000106104	2400	100	99	85	111	115
ENSG00000142921	9950	196	152	185	192	254
ENSG00000116904	13500	449	1985	1607	546	975
ENSG00000239030	13850	168	231	165	198	207
ENSG00000211417	6750	165	122	234	285	98
ENSG00000180293	700	13	13	14	11	5
ENSG00000107558	5950	83	87	172	124	82
ENSG00000214954	150	6	1	2	7	4
ENSG00000179140	59550	640	576	432	429	518
ENSG00000203251	1400	20	18	25	29	24
ENSG00000180958	239750	4368	7668	2191	1543	2407
ENSG00000227647	2132600	48750	28481	59746	45103	78860
ENSG00000165710	3800	62	48	65	62	60
ENSG00000117328	93500	3563	3644	2338	2152	1702
ENSG00000112538	8650	228	249	307	300	426
ENSG00000221044	3450	40	46	49	66	61
ENSG00000223343	1800	56	31	31	36	9
ENSG00000224368	28250	275	523	452	448	614
ENSG00000137064	140100	3544	2110	2035	2370	1975
ENSG00000106741	23800	390	268	300	351	390
ENSG00000219392	350	12	11	0	7	3
ENSG00000169616	1450	26	10	3	16	16
ENSG00000231082	4450	88	96	56	104	82
ENSG00000103429	95350	2328	2685	1013	2999	2171
ENSG00000104180	18600	293	284	313	192	204
ENSG00000190946	11300	237	241	207	485	457
ENSG00000223274	88550	1150	1557	2520	2260	1180
ENSG00000109712	4150	108	71	92	76	158
ENSG00000219114	4700	126	125	66	106	207
ENSG00000222202	7550	123	102	167	56	59
ENSG00000206231	250	4	4	6	6	1
ENSG00000183226	17700	391	202	484	489	310
ENSG00000172980	28250	956	685	318	283	359
ENSG00000232373	92950	1842	2404	1561	571	1220
ENSG00000124830	450	7	19	23	9	4
ENSG00000236891	800	15	43	17	10	38
ENSG00000209355	23150	775	1142	937	934	1010
ENSG00000210928	38550	441	552	311	239	259
ENSG00000188765	45500	2456	853	1912	2170	2629
ENSG00000232506	1300	12	36	24	34	25
ENSG00000146312	8150	254	216	193	250	251
ENSG00000224779	2100	27	28	29	17	35
ENSG00000196771	15950	376	356	428	154	267
ENSG00000140057	2850	47	49	87	63	39
ENSG00000129795	17100	372	441	488	409	401
ENSG00000152531	53650	802	1468	838	1123	876
ENSG00000217757	21250	812	944	569	670	558
ENSG00000164226	100	2	6	5	4	5
ENSG00000200082	46450	1498	725	1000	1087	1042
ENSG00000223224	11100	362	344	394	249	303
ENSG00000208333	900	29	22	26	16	21
ENSG00000247345	1200	24	24	33	33	11
ENSG00000198443	7850	155	163	166	304	128
ENSG00000236170	36800	376	639	376	343	572
ENSG00000111732	2600	58	65	36	80	38
ENSG00000135820	300	7	3	7	1	4
ENSG00000128246	22050	274	396	315	239	120
ENSG00000172419	8050	189	188	202	250	218
ENSG00000162333	661500	19853	18027	20068	13940	21204
ENSG00000173711	400	2	9	16	9	4
ENSG00000157513	1632850	51872	12846	14082	24744	17232
ENSG00000109585	277300	5832	3009	4224	4052	4668
ENSG00000130162	11350	337	151	398	249	320
ENSG00000217212	346350	5344	4625	3559	6204	6539
ENSG00000133303	6900	172	271	123	175	284
ENSG00000232341	49400	1490	1087	783	1663	990
ENSG00000148035	1100	48	42	25	41	35
ENSG00000206982	9900	224	220	198	134	122
ENSG00000226578	1400	20	21	24	18	24
ENSG00000219366	550	7	8	8	6	14
ENSG00000162311	10000	190	200	117	105	155
ENSG00000127612	2700	29	28	33	55	40
ENSG00000108518	27800	521	603	334	305	365
ENSG00000194455	72750	1122	1178	1630	3106	1831
ENSG00000238663	6600	124	108	145	158	127
ENSG00000158980	6800	161	137	148	243	209
ENSG00000132518	9950	308	257	215	92	122
ENSG00000156470	350	1	8	2	3	5
ENSG00000107562	16950	128	231	439	224	196
ENSG00000164197	9950	154	172	171	133	136
ENSG00000222334	8950	196	138	136	152	160
ENSG00000146169	1250	7	21	19	15	26
ENSG00000245040	250	2	1	3	3	6
ENSG00000141356	7250	210	162	63	86	47
ENSG00000149803	21650	192	272	229	169	539
ENSG00000173582	138000	2359	3215	1921	1888	2247
ENSG00000190746	50100	1920	2541	520	1133	1297
ENSG00000243178	241700	3700	4882	3426	2500	1978
ENSG00000158169	19350	293	580	416	252	362
ENSG00000163484	108500	2425	1445	1497	1431	1759
ENSG00000153848	3300	67	87	67	122	77
ENSG00000196068	35950	592	414	313	806	507
ENSG00000239203	31700	1099	1003	1936	1091	592
ENSG00000111866	1391700	41150	37897	52724	24880	55522
ENSG00000153562	18800	145	184	325	365	247
ENSG00000202412	500	19	11	15	4	15
ENSG00000120153	80250	1862	1687	2829	1153	1511
ENSG00000164347	1900	40	35	28	20	38
ENSG00000244217	6100	186	111	196	231	224
ENSG00000190373	3500	43	105	53	59	110
ENSG00000207681	800	44	26	20	16	12
ENSG00000161239	67750	2553	1275	3304	2160	1430
ENSG00000140424	13000	506	315	526	451	501
ENSG00000178612	3350	100	58	61	41	65
ENSG00000104255	9650	290	269	187	138	76
ENSG00000213519	4450	79	68	94	66	60
ENSG00000193495	29650	725	478	454	369	572
ENSG00000249945	3950	98	61	103	111	31
ENSG00000157651	950	56	25	36	33	23
ENSG00000135840	2450	39	40	31	38	49
ENSG00000159671	3200	59	49	33	41	62
ENSG00000245958	11700	295	210	370	357	237
ENSG00000122516	1700	41	18	21	20	36
ENSG00000160093	5750	109	228	183	153	147
ENSG00000209924	14950	286	393	672	261	496
ENSG00000176133	724950	29548	25198	16039	13291	27558
ENSG00000246964	57000	510	496	692	900	668
ENSG00000178710	100	1	3	1	0	0
ENSG00000145369	2200	93	55	60	11	75
ENSG00000217490	2400	54	42	63	79	77
ENSG00000224608	20550	268	273	120	353	269
ENSG00000144964	161750	2651	3586	3914	2067	6125
ENSG00000153574	56100	830	635	990	456	833
ENSG00000101986	0	4	3	2	1	3
ENSG00000148797	16700	236	355	274	255	228
ENSG00000234909	10200	427	424	211	258	171
ENSG00000249601	23100	225	589	231	386	283
ENSG00000105685	66300	3916	1718	1997	2862	3023
ENSG00000200515	800	18	4	8	29	10
ENSG00000184966	102300	1907	1132	1699	1580	1063
ENSG00000127157	50	9	3	5	10	2
ENSG00000126024	5950	127	132	200	62	184
ENSG00000121281	23850	353	244	221	433	377
ENSG00000126903	586750	17054	16390	12025	15459	8372
ENSG00000217720	1800	29	19	49	48	40
ENSG00000173220	400	3	11	6	6	2
ENSG00000162934	23600	708	565	859	298	826
ENSG00000127482	3200	58	74	24	37	56
ENSG00000171534	180000	3049	3587	5412	3697	3513
ENSG00000244883	2350	42	39	94	42	40
ENSG00000134391	1100	42	24	15	27	42
ENSG00000140991	125450	1298	1295	2207	1849	1457
ENSG00000165759	8850	208	233	176	107	146
ENSG00000194475	57300	1169	1143	1114	813	575
ENSG00000198221	850	16	22	9	7	8
ENSG00000185293	122300	3738	4206	3995	3730	4741
ENSG00000126738	2050	73	46	25	46	41
ENSG00000232609	26250	871	763	1313	1052	601
ENSG00000149024	700	20	45	39	11	10
ENSG00000201922	400	6	4	3	2	5
ENSG00000211073	5700	100	96	113	59	80
ENSG00000213077	14250	374	347	224	206	167
ENSG00000106713	165350	1948	1796	2130	3384	2609
ENSG00000191561	9350	321	250	347	262	448
ENSG00000122103	35750	393	817	510	479	558
ENSG00000242052	29050	572	479	492	707	482
ENSG00000108364	3438600	31844	64504	30669	77535	52859
ENSG00000203508	1000	33	8	25	27	29
ENSG00000186219	138600	2351	4617	1360	1611	822
ENSG00000167362	2950	99	126	121	56	96
ENSG00000247012	12300	169	133	205	422	307
ENSG00000212570	3050	111	49	21	82	32
ENSG00000167293	87600	1833	1200	1097	1622	1640
ENSG00000221964	200	13	10	9	15	16
ENSG00000169065	250	7	15	9	14	9
ENSG00000123485	8300	74	56	75	51	142
ENSG00000173465	900	9	15	15	8	4
ENSG00000182581	35450	459	419	1148	330	490
ENSG00000189955	26050	1053	938	781	1016	780
ENSG00000169066	900	30	48	29	42	29
ENSG00000244308	42800	691	281	951	408	461
ENSG00000107537	1400	36	28	14	39	46
ENSG00000177356	5700	89	131	109	205	64
ENSG00000106579	6100	75	160	101	151	106
ENSG00000239359	463150	5019	3389	6649	4123	4517
ENSG00000190979	9450	225	143	198	129	182
ENSG00000196650	2150	27	30	3	19	32
ENSG00000230614	600	10	35	31	33	16
ENSG00000210003	65050	1207	1729	1914	1184	2388
ENSG00000181284	350	10	4	9	5	8
ENSG00000223596	2050	47	61	77	70	24
ENSG00000140606	3950	86	35	42	105	102
ENSG00000142796	50	0	1	2	0	2
ENSG00000176210	2500	35	48	49	112	58
ENSG00000201317	94300	956	506	1378	1016	796
ENSG00000162319	12500	237	179	413	297	220
ENSG00000232665	1650	22	20	26	29	24
ENSG00000183579	41850	1154	1228	625	542	487
ENSG00000226375	18150	477	411	337	568	319
ENSG00000141275	421150	11754	11777	4830	11648	3849
ENSG00000175224	2100	40	77	21	26	26
ENSG00000144633	4800	56	66	55	88	152
ENSG00000175342	12100	153	224	144	218	158
ENSG00000175464	10050	81	88	139	92	144
ENSG00000143263	4500	169	236	228	180	166
ENSG00000219771	3950	130	90	59	121	50
ENSG00000197436	1350	35	40	37	29	27
ENSG00000249862	300	10	4	6	8	5
ENSG00000236246	2850	37	26	39	44	52
ENSG00000135676	550	11	10	7	5	6
ENSG00000148812	1400	18	12	14	4	17
ENSG00000161144	2600	60	76	35	64	31
ENSG00000190178	18150	249	391	321	641	394
ENSG00000246592	35350	710	1127	1092	629	836
ENSG00000136368	450	18	10	37	24	14
ENSG00000214243	25800	243	350	302	222	424
ENSG00000214127	45350	665	431	779	624	953
ENSG00000134353	6150	176	105	155	187	98
ENSG00000183824	100	8	5	7	6	6
ENSG00000137767	200	1	1	0	1	2
ENSG00000128147	32100	1273	994	653	700	718
ENSG00000245374	49650	1085	1127	1211	683	1079
ENSG00000179909	9500	234	268	311	292	208
ENSG00000139895	550	21	23	32	17	15
ENSG00000194586	84950	4574	1735	4609	3038	1088
ENSG00000170123	147050	3427	2648	1812	1160	1462
ENSG00000212276	5600	116	110	123	120	136
ENSG00000209190	4500	70	122	62	52	60
ENSG00000247342	50	3	3	5	6	3
ENSG00000238837	20100	571	611	333	548	594
ENSG00000156304	450	10	10	8	1	9
ENSG00000119557	45650	537	1797	480	1009	346
ENSG00000136991	28300	379	491	236	501	485
ENSG00000213928	9500	130	152	109	145	158
ENSG00000124672	56000	4934	3811	4250	3453	2080
ENSG00000192284	2750	102	101	36	37	58
ENSG00000175809	22500	372	267	443	668	291
ENSG00000176420	40850	544	513	495	520	684
ENSG00000103424	6150	163	155	220	226	320
ENSG00000238107	5100	68	29	38	61	99
ENSG00000149659	63950	1054	1591	1592	1783	2320
ENSG00000213990	10800	381	172	245	239	315
ENSG00000145177	2750	100	76	107	106	55
ENSG00000206629	9650	103	64	50	159	45
ENSG00000153606	13850	262	230	190	212	271
ENSG00000171005	626000	13817	18613	13736	7612	12182
ENSG00000100601	5850	100	193	144	133	155
ENSG00000105274	1450	57	77	103	85	45
ENSG00000159675	650	7	24	13	28	10
ENSG00000115769	700	13	12	19	16	12
ENSG00000182815	100	1	2	2	5	1
ENSG00000171379	8300	276	292	248	250	267
ENSG00000115718	8150	138	192	167	182	200
ENSG00000143078	600	28	7	39	14	24
ENSG00000164130	250	5	1	13	5	6
ENSG00000162501	3400	111	67	88	54	72
ENSG00000148758	2550	49	74	74	48	31
ENSG00000199509	550	4	6	6	10	9
ENSG00000193660	13400	179	200	201	242	152
ENSG00000184047	12150	195	261	175	306	178
ENSG00000230605	7000	122	107	169	97	60
ENSG00000169701	16800	506	1145	495	329	1042
ENSG00000141363	2650	41	34	17	41	35
ENSG00000225495	149400	3255	2511	2802	766	4085
ENSG00000141767	2650	40	41	27	18	16
ENSG00000131581	46800	773	997	202	215	462
ENSG00000243373	29200	644	434	550	524	365
ENSG00000177358	3350	93	102	98	35	71
ENSG00000238442	17150	417	257	226	408	205
ENSG00000117065	550	3	10	13	13	4
ENSG00000199604	500	9	5	9	8	9
ENSG00000128139	2200	72	48	106	149	92
ENSG00000120670	1350	29	25	33	27	32
ENSG00000100549	31400	289	569	410	548	611
ENSG00000199845	12200	135	98	227	211	190
ENSG00000203137	23650	604	542	444	692	371
ENSG00000115964	19900	201	239	226	220	360
ENSG00000219134	6850	159	156	284	267	299
ENSG00000185122	11300	180	153	115	252	336
ENSG00000118791	12800	94	131	105	73	75
ENSG00000101721	2700	32	107	92	69	73
ENSG00000213939	323150	5366	5732	7262	11082	11112
ENSG00000205793	150	3	4	5	0	5
ENSG00000152000	3600	77	80	136	113	116
ENSG00000223914	46850	1014	1257	983	873	1821
ENSG00000182640	21400	392	366	343	244	208
ENSG00000216970	69650	1947	3147	2950	3755	2626
ENSG00000107422	27400	853	784	377	301	330
ENSG00000145727	400	12	12	14	16	14
ENSG00000123459	5150	62	165	67	46	90
ENSG00000152479	850	18	10	3	7	15
ENSG00000205763	23900	708	1511	962	838	905
ENSG00000211904	137750	1879	2570	2896	4313	3265
ENSG00000237363	2100	49	45	70	62	61
ENSG00000234826	30250	310	155	365	566	518
ENSG00000241296	2650	50	70	61	36	51
ENSG00000116872	450	9	8	1	6	10
ENSG00000232872	2850	67	65	87	64	64
ENSG00000163561	300	2	6	6	2	14
ENSG00000247532	2450	65	37	40	45	65
ENSG00000117111	7850	317	206	217	250	161
ENSG00000122564	27950	424	757	468	529	576
ENSG00000208308	145500	1917	2670	1649	3234	1314
ENSG00000132103	4300	55	105	84	59	94
ENSG00000230119	8600	260	202	226	230	185
ENSG00000154110	14100	582	359	169	241	521
ENSG00000125016	48000	359	453	521	531	312
ENSG00000130507	150	2	1	3	0	0
ENSG00000162898	650	28	16	40	47	27
ENSG00000202553	26300	764	478	659	668	807
ENSG00000239637	800	12	16	19	36	13
ENSG00000249299	13250	421	198	180	407	226
ENSG00000248076	53750	441	592	782	457	1305
ENSG00000162701	50	7	1	3	1	1
ENSG00000131841	3150	102	59	59	94	101
ENSG00000243966	12400	179	173	256	157	223
ENSG00000169691	4950	126	264	157	199	50
ENSG00000133744	600	2	0	10	11	11
ENSG00000194293	14500	366	175	330	252	445
ENSG00000166092	1750	53	42	32	17	42
ENSG00000197311	38150	973	835	267	714	612
ENSG00000105999	11200	252	237	228	263	248
ENSG00000194900	1650	49	42	61	45	38
ENSG00000197841	13250	222	240	91	155	124
ENSG00000116625	1350	18	39	43	22	30
ENSG00000207150	1000	39	27	25	28	12
ENSG00000160265	500	5	12	8	5	8
ENSG00000174080	4550	64	57	86	81	77
ENSG00000226947	30200	690	336	632	812	379
ENSG00000204043	12350	155	219	284	198	132
ENSG00000190016	8300	200	91	108	115	89
ENSG00000207422	3350	88	64	68	44	50
ENSG00000134294	5250	51	36	61	47	27
ENSG00000200574	42950	402	400	606	986	634
ENSG00000149987	500	2	6	4	5	9
ENSG00000175689	307150	10553	10143	6315	4312	5338
ENSG00000164419	4250	87	99	127	123	72
ENSG00000122195	477300	14024	9603	10418	6347	6744
ENSG00000170493	44500	1016	876	1415	1196	1970
ENSG00000186296	2150	31	88	47	59	32
ENSG00000142616	30400	757	468	707	599	605
ENSG00000231375	8050	246	133	202	91	145
ENSG00000155485	20100	195	468	460	411	243
ENSG00000146930	31600	528	592	734	533	909
ENSG00000216881	2450	33	51	55	81	33
ENSG00000199282	1750	31	40	28	31	37
ENSG00000180948	2900	51	55	26	63	46
ENSG00000161951	200	6	8	2	4	13
ENSG00000160082	1900	103	99	35	40	65
ENSG00000241915	12850	219	206	212	172	181
ENSG00000129615	9300	116	154	116	179	160
ENSG00000245557	8300	213	123	226	105	163
ENSG00000200872	7350	88	122	63	26	55
ENSG00000127924	22900	453	459	386	741	623
ENSG00000154667	50	1	0	1	1	0
ENSG00000238315	3100	46	48	49	39	86
ENSG00000246176	4600	47	51	62	69	73
ENSG00000113865	31300	448	936	483	606	347
ENSG00000231252	16850	402	481	639	592	830
ENSG00000234688	76150	1509	1530	649	637	906
ENSG00000185333	4700	203	93	167	147	128
ENSG00000240282	54550	1384	1502	1280	910	784
ENSG00000120919	700	20	14	18	19	8
ENSG00000231208	5550	106	94	98	176	175
ENSG00000181997	200	1	1	1	0	3
ENSG00000109076	191150	3754	1870	1806	2836	4092
ENSG00000166679	114550	2868	1365	3228	1808	2118
ENSG00000232109	3750	72	63	20	19	44
ENSG00000112904	850	26	23	9	24	20
ENSG00000199666	0	4	2	0	3	2
ENSG00000152629	150	2	3	3	6	10
ENSG00000214321	6500	133	176	155	166	162
ENSG00000204381	3500	92	93	71	81	117
ENSG00000171757	600	8	5	3	1	6
ENSG00000234814	2600	25	45	33	46	37
ENSG00000122639	1850	23	30	22	26	17
ENSG00000149114	8250	290	269	309	286	271
ENSG00000161094	17150	436	359	551	284	355
ENSG00000217678	5200	50	79	53	99	79
ENSG00000124326	4800	116	107	117	81	222
ENSG00000141292	11050	109	109	127	230	77
ENSG00000225429	50	2	2	2	1	0
ENSG00000134957	7300	208	157	133	249	113
ENSG00000206201	7450	130	113	128	90	216
ENSG00000163720	25500	901	663	308	521	329
ENSG00000173400	50	3	1	2	2	1
ENSG00000112138	21500	359	867	725	663	432
ENSG00000102389	1350	21	30	53	24	19
ENSG00000205814	12950	199	129	166	161	221
ENSG00000103867	45400	1173	1144	942	1096	1297
ENSG00000139497	400	7	3	8	3	6
ENSG00000115189	50	4	8	1	6	4
ENSG00000136689	55350	776	800	990	562	692
ENSG00000184440	550	2	9	10	12	9
ENSG00000116350	800	11	26	10	17	12
ENSG00000212804	17650	445	253	429	426	647
ENSG00000141698	2300	57	38	61	133	71
ENSG00000198033	20800	420	485	533	419	638
ENSG00000193141	29250	254	400	285	140	235
ENSG00000165546	5200	139	92	143	178	81
ENSG00000154857	62100	1905	1540	901	488	714
ENSG00000162991	683200	10032	20528	14479	7299	6462
ENSG00000231063	5950	86	125	93	81	86
ENSG00000111891	89300	1598	2262	2130	2843	2188
ENSG00000159403	39400	923	1237	972	642	476
ENSG00000218983	6950	93	201	75	245	131
ENSG00000174963	9500	263	410	263	154	293
ENSG00000237648	500	13	23	8	27	19
ENSG00000140586	1200	25	20	31	59	38
ENSG00000198162	11000	214	229	196	256	169
ENSG00000238048	3600	95	148	82	165	118
ENSG00000144989	72850	1527	1451	1654	1490	1082
ENSG00000154318	450	16	8	5	12	1
ENSG00000213260	2450	35	45	44	121	77
ENSG00000113451	1950	23	43	41	44	24
ENSG00000169462	4850	94	96	96	53	96
ENSG00000105672	51150	1113	996	1041	1148	911
ENSG00000106215	450	7	6	6	18	7
ENSG00000138947	26450	466	651	637	528	611
ENSG00000212585	1250	32	37	32	43	28
ENSG00000135941	2200	27	41	72	44	28
ENSG00000121207	53000	2394	2570	1419	460	713
ENSG00000227385	2350	50	41	72	46	61
ENSG00000163291	24250	504	485	451	296	314
ENSG00000211163	8200	125	152	153	68	182
ENSG00000225282	4450	99	116	54	50	105
ENSG00000232056	4000	32	58	66	42	42
ENSG00000213033	100	2	1	4	9	5
ENSG00000180549	1650	23	21	54	25	25
ENSG00000111348	12550	650	264	195	195	176
ENSG00000244818	12800	169	121	219	168	121
ENSG00000138099	450	3	3	10	5	3
ENSG00000142735	59200	622	1075	875	1164	1141
ENSG00000249543	8950	376	236	412	337	186
ENSG00000156148	400	10	9	5	8	5
ENSG00000216280	1100	16	22	15	21	19
ENSG00000124931	15650	212	403	318	238	304
ENSG00000208130	200	3	5	1	2	1
ENSG00000234879	700	38	25	18	23	31
ENSG00000161746	2950	173	117	71	56	97
ENSG00000169482	5400	57	112	168	101	50
ENSG00000131502	6100	136	32	99	93	108
ENSG00000173439	11050	355	162	286	280	276
ENSG00000240678	1050	16	18	17	28	23
ENSG00000150324	850	40	42	104	46	36
ENSG00000218442	342550	7346	10758	4592	4741	4204
ENSG00000150183	600	6	1	10	10	4
ENSG00000237219	1850	65	91	52	45	46
ENSG00000159200	8800	247	73	199	100	106
ENSG00000205101	1500	34	39	42	35	35
ENSG00000163866	57100	1363	1602	1934	868	1063
ENSG00000245744	13100	427	280	94	175	115
ENSG00000104031	55850	1644	734	225	311	875
ENSG00000242609	50	1	2	0	3	2
ENSG00000186109	62300	993	588	1119	1129	1725
ENSG00000178553	63900	1609	979	1746	1252	1132
ENSG00000201642	900	46	16	26	24	20
ENSG00000245308	71800	2320	782	1327	370	2754
ENSG00000241443	10600	167	245	230	246	184
ENSG00000210633	25800	932	950	545	1009	769
ENSG00000117671	349100	12831	5217	4728	5063	3877
ENSG00000144679	7500	82	96	143	179	173
ENSG00000220376	600	11	6	12	16	21
ENSG00000108775	5100	97	74	146	119	111
ENSG00000196034	550	6	3	7	7	11
ENSG00000115729	1650	12	34	14	12	23
ENSG00000118556	1000	15	20	17	32	42
ENSG00000115176	2500	44	72	55	11	25
ENSG00000220348	92100	1666	1958	2063	936	1982
ENSG00000177042	21250	543	569	585	594	462
ENSG00000137655	950	27	12	22	20	25
ENSG00000100715	53750	1250	1162	1345	1533	1666
ENSG00000137766	350	6	2	3	11	2
ENSG00000172518	2650	42	28	48	48	59
ENSG00000198567	4350	158	64	77	83	42
ENSG00000105231	62550	629	1123	1342	1764	1086
ENSG00000115701	25100	577	492	383	487	580
ENSG00000173578	11550	300	400	269	226	339
ENSG00000153214	75400	1613	2290	1526	1984	1642
ENSG00000147343	13750	392	256	439	524	287
ENSG00000141649	103700	1922	2788	1790	2370	2676
ENSG00000170603	1800	31	20	13	14	17
ENSG00000178195	150	4	5	4	8	4
ENSG00000238811	1950	66	54	50	48	65
ENSG00000207458	61150	679	1308	662	616	435
ENSG00000151655	6500	299	267	218	255	190
ENSG00000206998	51250	835	660	851	658	850
ENSG00000239665	31350	432	368	775	701	448
ENSG00000126562	13850	447	352	455	275	177
ENSG00000100143	23700	898	545	721	800	415
ENSG00000246461	1300	31	42	35	32	25
ENSG00000154527	27200	748	1123	1371	782	593
ENSG00000135688	800	22	12	26	17	21
ENSG00000132457	4050	73	160	144	119	117
ENSG00000150667	350	8	3	7	3	6
ENSG00000236293	13700	239	266	436	388	391
ENSG00000125670	400	5	2	7	10	6
ENSG00000206425	50200	2191	2934	1975	1108	3069
ENSG00000221715	400	8	25	11	12	18
ENSG00000180064	9200	256	239	250	181	236
ENSG00000154863	3300	68	66	62	84	116
ENSG00000244166	1250	15	28	16	25	17
ENSG00000131524	173350	1019	1716	2114	832	1158
ENSG00000175580	3200	69	93	47	46	29
ENSG00000117666	77750	3110	1999	3247	1969	2603
ENSG00000109003	1200	13	9	23	16	5
ENSG00000144166	650	31	29	34	28	29
ENSG00000131523	100	2	4	2	4	2
ENSG00000132350	22900	567	506	398	543	317
ENSG00000111163	40800	1014	1288	1188	891	594
ENSG00000120849	13900	302	264	279	176	72
ENSG00000107721	2800	77	106	110	90	65
ENSG00000192766	900	33	19	21	24	41
ENSG00000178954	738600	11653	11733	23069	10616	12061
ENSG00000139331	33900	386	312	557	369	669
ENSG00000137590	200	3	1	4	2	4
ENSG00000185113	5850	81	54	64	33	54
ENSG00000106379	50	2	1	1	1	2
ENSG00000233127	102700	2874	3048	2639	2985	2826
ENSG00000243744	303150	6760	4582	6287	4981	9654
ENSG00000148453	113550	2651	1504	2197	2629	3406
ENSG00000132519	4450	215	77	97	195	152
ENSG00000205824	1200	58	27	39	39	45
ENSG00000180680	450	9	8	9	9	5
ENSG00000224582	25000	353	387	322	687	470
ENSG00000225537	1000	30	27	34	35	32
ENSG00000107077	1950	75	75	42	59	67
ENSG00000154507	1900	29	50	55	42	18
ENSG00000148521	1950	66	59	74	89	59
ENSG00000169252	69050	440	1211	690	782	977
ENSG00000125354	142050	4295	4279	2409	4317	4289
ENSG00000202717	7050	124	104	106	159	108
ENSG00000219564	9050	150	147	121	110	165
ENSG00000182682	900	8	10	19	8	16
ENSG00000132842	550	8	8	7	14	7
ENSG00000126573	1150	19	16	17	24	25
ENSG00000161047	32150	543	1395	1057	745	489
ENSG00000102951	11400	189	164	193	171	367
ENSG00000107623	37950	584	1459	1336	653	650
ENSG00000130766	26750	566	591	163	257	229
ENSG00000107581	2900	88	150	86	100	48
ENSG00000235825	100	6	12	11	9	9
ENSG00000185844	4900	53	88	67	122	84
ENSG00000236738	550	5	9	13	8	4
ENSG00000244890	210650	8276	7032	7166	8712	9588
ENSG00000130415	24450	272	691	167	243	447
ENSG00000234609	3750	40	53	63	85	59
ENSG00000229569	700250	23347	16243	6563	12708	7482
ENSG00000100927	3500	44	42	59	98	71
ENSG00000141705	22450	583	462	462	360	206
ENSG00000227125	5750	110	129	60	89	131
ENSG00000184689	17450	220	298	200	140	180
ENSG00000108607	4700	138	97	106	44	79
ENSG00000158950	13750	254	320	679	367	282
ENSG00000115509	89250	2699	2163	3051	2683	1548
ENSG00000105660	450	19	8	12	6	8
ENSG00000196082	50	0	2	0	4	3
ENSG00000209907	56200	1689	2174	2677	1417	1869
ENSG00000247874	6650	323	94	239	184	156
ENSG00000243646	54450	434	833	899	1103	801
ENSG00000180882	13450	86	189	86	93	33
ENSG00000175522	195500	3566	2188	3685	3035	3248
ENSG00000242096	335550	5936	7713	5046	3324	3503
ENSG00000141400	800	10	13	10	18	12
ENSG00000190934	31400	580	264	773	776	515
ENSG00000198146	1600	64	22	44	30	34
ENSG00000139749	50	6	3	1	9	7
ENSG00000146564	1700	87	65	87	49	57
ENSG00000155341	16050	474	414	545	429	289
ENSG00000148166	350	9	6	9	7	7
ENSG00000209229	350	17	9	13	9	6
ENSG00000216089	60150	997	1021	1687	1949	2142
ENSG00000192004	6800	179	297	157	188	125
ENSG00000119429	23950	548	298	412	306	215
ENSG00000105024	450	13	9	13	24	8
ENSG00000221345	2100	30	42	33	40	36
ENSG00000109315	6900	123	240	213	147	233
ENSG00000131489	18000	229	261	196	135	200
ENSG00000241880	5850	158	167	171	206	217
ENSG00000192656	97550	3648	3834	3275	3062	4086
ENSG00000227980	11550	156	155	201	133	246
ENSG00000116328	200	5	1	5	4	6
ENSG00000248468	1150	9	14	5	22	22
ENSG00000231957	9200	73	135	98	115	116
ENSG00000221648	46800	1163	2244	1772	3003	2510
ENSG00000237059	1550	25	31	20	19	20
ENSG00000188175	2650	60	39	48	48	69
ENSG00000219913	4000	93	105	139	108	128
ENSG00000136581	2100	35	44	40	43	35
ENSG00000212381	700	18	27	22	19	31
ENSG00000183166	1900	140	65	60	48	53
ENSG00000124855	23350	654	973	856	743	976
ENSG00000155714	17300	304	168	350	408	302
ENSG00000109215	4500	56	66	58	89	42
ENSG00000205094	11650	368	527	222	192	189
ENSG00000180411	350	17	6	17	11	12
ENSG00000189021	33650	741	738	1090	755	688
ENSG00000207074	14750	436	256	499	699	394
ENSG00000153223	12750	181	123	200	117	177
ENSG00000105160	150	4	6	3	1	3
ENSG00000216415	690150	8799	10708	9783	5370	7967
ENSG00000199046	0	2	2	4	1	4
ENSG00000129672	700	9	12	23	29	19
ENSG00000217782	1600	26	40	16	14	13
ENSG00000246094	16350	377	357	568	313	250
ENSG00000246231	300	7	3	4	6	2
ENSG00000244628	10250	135	179	160	150	185
ENSG00000105038	5300	126	105	80	150	87
ENSG00000117187	3050	51	44	59	39	72
ENSG00000203892	24600	501	790	504	993	500
ENSG00000223371	63950	2544	2384	1295	1982	1423
ENSG00000189240	9750	240	326	155	234	372
ENSG00000171734	4100	90	52	56	46	58
ENSG00000210273	100	3	2	5	1	1
ENSG00000248967	85600	1280	3746	2892	2275	3371
ENSG00000156438	4300	85	103	54	35	32
ENSG00000149666	150	2	1	2	3	2
ENSG00000153505	7500	58	165	143	220	110
ENSG00000211420	172650	5436	6214	1621	2369	1651
ENSG00000230864	4350	71	105	103	29	78
ENSG00000126363	750	15	8	17	6	10
ENSG00000146417	716300	11168	11602	13524	14925	12632
ENSG00000207277	17700	347	517	516	368	346
ENSG00000140850	16350	169	149	149	296	265
ENSG00000135480	64000	798	749	594	1070	819
ENSG00000107785	50	3	1	2	1	2
ENSG00000118318	5050	112	113	90	98	97
ENSG00000110518	5450	85	99	55	50	72
ENSG00000184526	607050	15054	9367	10531	6433	12619
ENSG00000231595	700	32	25	10	58	24
ENSG00000178203	2850	68	53	41	45	33
ENSG00000247832	400	7	9	12	7	11
ENSG00000209081	1050	26	27	25	33	17
ENSG00000183313	5050	106	57	71	69	58
ENSG00000122653	11350	171	171	222	323	188
ENSG00000237999	5250	179	130	67	60	66
ENSG00000205812	276200	5378	5774	7625	5667	4827
ENSG00000164402	12350	327	352	339	602	308
ENSG00000229770	30950	446	623	315	250	591
ENSG00000228063	173300	5158	2723	2515	1855	2206
ENSG00000168255	18950	257	720	336	392	240
ENSG00000161768	4450	23	30	37	49	29
ENSG00000186989	200	15	4	12	5	7
ENSG00000141082	16300	253	200	411	424	327
ENSG00000228121	650	31	22	32	25	12
ENSG00000141878	91250	1271	1422	2064	1345	1971
ENSG00000222723	1150	21	26	33	21	41
ENSG00000162584	100	3	0	0	0	0
ENSG00000124541	6850	156	155	206	89	88
ENSG00000207076	78200	1476	1162	878	1278	852
ENSG00000208575	4350	158	266	49	90	67
ENSG00000126170	11750	134	80	173	168	256
ENSG00000115637	12700	283	166	121	151	170
ENSG00000136479	285550	4490	5257	4208	5056	3029
ENSG00000240413	34200	615	515	209	171	277
ENSG00000141604	12350	330	213	92	124	134
ENSG00000125753	2500	35	35	34	46	19
ENSG00000116416	50	1	4	2	7	5
ENSG00000224537	65300	1968	2749	2397	2834	2261
ENSG00000172450	48250	1777	1534	1330	1722	1374
ENSG00000188424	550	19	13	12	8	13
ENSG00000112144	28450	468	810	487	584	259
ENSG00000197063	7450	132	241	187	366	305
ENSG00000143425	1900	70	60	66	70	28
ENSG00000240967	3000	81	51	65	32	82
ENSG00000149474	23500	394	406	578	785	638
ENSG00000228156	500	18	10	4	10	11
ENSG00000204368	1850	23	42	68	54	50
ENSG00000242808	5300	54	108	98	87	116
ENSG00000109522	4550	159	127	78	183	134
ENSG00000173223	3250	72	46	103	33	66
ENSG00000133345	5350	223	368	124	211	142
ENSG00000228040	9200	541	230	456	276	352
ENSG00000234990	1100	21	25	19	18	24
ENSG00000182340	5400	133	73	110	148	199
ENSG00000115866	3050	35	45	20	34	45
ENSG00000202462	140200	2464	2156	1376	3065	4654
ENSG00000151024	300	4	8	3	7	11
ENSG00000220230	2900	109	69	88	109	59
ENSG00000124299	24400	289	595	352	362	614
ENSG00000112829	2650	47	54	18	55	59
ENSG00000141893	8850	68	220	62	82	69
ENSG00000130406	1850	20	43	25	30	27
ENSG00000178402	17150	415	436	364	246	253
ENSG00000110089	550	4	7	13	15	8
ENSG00000226130	5250	165	180	125	93	121
ENSG00000200019	6200	114	78	100	70	87
ENSG00000120717	200	9	5	4	7	7
ENSG00000154376	31150	729	406	159	276	180
ENSG00000153041	2250	27	26	56	46	58
ENSG00000208948	19250	590	540	212	258	191
ENSG00000146107	37200	874	823	564	320	385
ENSG00000118496	13600	201	243	223	421	301
ENSG00000153565	850	11	15	12	21	11
ENSG00000225855	11950	325	152	237	269	157
ENSG00000136546	450	5	4	3	5	4
ENSG00000219382	1550	37	21	29	25	15
ENSG00000172677	163050	2040	3166	6628	2881	4048
ENSG00000158904	7000	89	58	103	149	82
ENSG00000220939	114200	4303	3236	2391	4266	3572
ENSG00000185446	1900	83	74	132	77	25
ENSG00000167881	3100	146	169	123	144	129
ENSG00000237680	850	19	19	12	12	20
ENSG00000242718	60850	1116	499	838	758	1179
ENSG00000109491	5100	88	61	66	83	120
ENSG00000108112	31800	1166	722	303	728	270
ENSG00000146504	13300	333	277	324	315	305
ENSG00000202482	15700	273	581	357	272	427
ENSG00000213376	17450	275	288	189	235	207
ENSG00000170829	7000	68	120	188	69	152
ENSG00000157349	7100	172	109	143	178	79
ENSG00000221889	1950	18	26	16	47	23
ENSG00000162284	200	1	2	3	0	1
ENSG00000171817	13050	457	280	564	287	349
ENSG00000120515	413250	11310	8824	9627	12787	5659
ENSG00000110101	74300	1247	1105	2891	1369	1204
ENSG00000161699	695350	15388	13239	21931	12358	18089
ENSG00000122077	23000	225	290	249	470	309
ENSG00000100366	800	12	8	27	21	15
ENSG00000177771	900	20	16	29	15	30
ENSG00000246378	44850	853	1333	897	522	532
ENSG00000204225	9100	299	384	226	279	183
ENSG00000174593	3250	72	44	109	55	101
ENSG00000152350	49250	597	423	522	655	488
ENSG00000129337	1000	14	20	25	12	15
ENSG00000133856	24300	297	427	384	283	559
ENSG00000193669	2550	88	48	84	77	59
ENSG00000227820	8950	296	318	217	348	103
ENSG00000175399	129750	1112	1977	1524	1229	1524
ENSG00000171203	4500	101	142	104	147	103
ENSG00000217735	144150	1265	2265	1397	2687	1368
ENSG00000169398	87450	1235	1701	1868	1882	2386
ENSG00000233411	2700	37	13	21	26	23
ENSG00000205407	1030900	22374	13079	21268	6851	18833
ENSG00000138802	400	23	8	21	2	11
ENSG00000194808	12950	83	81	97	140	139
ENSG00000171541	28500	861	488	294	979	712
ENSG00000233665	0	4	1	0	0	3
ENSG00000246043	39100	916	710	866	1342	1248
ENSG00000137476	64900	2742	1166	1335	1274	1817
ENSG00000197554	6050	156	161	115	141	161
ENSG00000241803	13450	210	385	260	270	229
ENSG00000103273	11700	143	213	366	260	252
ENSG00000217071	5450	76	79	103	106	213
ENSG00000110355	71600	1162	852	1228	2754	1262
ENSG00000199554	3400	50	89	39	38	69
ENSG00000244948	4550	101	131	133	180	48
ENSG00000161628	17700	276	329	395	296	299
ENSG00000209054	37100	1238	760	956	989	1446
ENSG00000204237	80600	1591	1164	752	996	1268
ENSG00000170754	350	2	5	5	6	12
ENSG00000161630	350	3	5	2	7	2
ENSG00000191953	4050	139	69	145	111	57
ENSG00000172668	3350	99	132	128	135	140
ENSG00000103100	1300	15	19	24	12	14
ENSG00000196895	20100	411	218	293	204	243
ENSG00000162830	56800	620	728	689	423	548
ENSG00000137201	18950	454	365	455	586	521
ENSG00000193274	276250	5616	3496	3994	3102	5521
ENSG00000131374	850	9	38	29	20	19
ENSG00000185651	7150	165	131	234	156	196
ENSG00000124516	262250	6319	4109	8839	10176	4959
ENSG00000202733	28900	194	402	502	672	473
ENSG00000242695	400	14	14	10	13	7
ENSG00000210719	16150	453	230	320	243	183
ENSG00000205158	78050	1806	1407	2014	1386	1686
ENSG00000162550	459650	9787	6979	11064	14846	11179
ENSG00000203967	28500	1011	589	860	675	426
ENSG00000200309	74700	853	2047	1300	1861	2040
ENSG00000221766	950	22	12	8	7	15
ENSG00000242401	7000	121	76	99	120	65
ENSG00000248457	126600	933	1663	1237	1287	1878
ENSG00000124109	2150	37	21	14	18	13
ENSG00000214852	5400	132	165	137	101	107
ENSG00000109694	150	1	3	3	5	2
ENSG00000124481	238850	7783	3082	1099	1992	3098
ENSG00000233413	2350	91	81	180	82	52
ENSG00000180760	26100	542	489	292	673	375
ENSG00000169532	200	4	4	2	10	16
ENSG00000222761	650	13	6	16	13	7
ENSG00000186098	613450	12987	18986	8552	4517	2676
ENSG00000223484	4400	53	40	47	69	71
ENSG00000145131	6500	114	117	43	40	45
ENSG00000133137	14750	308	254	391	375	397
ENSG00000178254	20800	216	353	668	552	438
ENSG00000117682	100	4	2	8	2	2
ENSG00000174489	550	13	13	12	18	16
ENSG00000152583	7100	117	121	244	222	162
ENSG00000235002	8950	118	86	124	259	185
ENSG00000228662	9150	332	441	384	442	140
ENSG00000206556	3200	70	68	51	75	42
ENSG00000141541	6450	67	54	79	79	50
ENSG00000157700	7700	174	442	133	186	262
ENSG00000235761	1550	48	46	31	19	44
ENSG00000100421	1300	38	13	20	22	32
ENSG00000105065	1400	12	53	51	48	91
ENSG00000196161	7400	137	118	167	145	150
ENSG00000201927	3700	110	46	98	152	148
ENSG00000194670	2150	47	23	59	53	74
ENSG00000119914	4850	96	120	55	63	66
ENSG00000138241	12000	199	298	77	138	145
ENSG00000221243	14550	140	245	526	627	314
ENSG00000218378	9700	364	112	265	455	232
ENSG00000158314	300	3	12	10	16	13
ENSG00000156536	85600	930	735	1582	1518	968
ENSG00000173813	300	2	7	4	7	12
ENSG00000226762	11800	403	472	526	446	555
ENSG00000119684	2250	45	28	71	34	56
ENSG00000226094	16700	596	481	489	316	196
ENSG00000229847	60950	898	1564	994	1891	1233
ENSG00000117062	50	11	2	9	3	4
ENSG00000187360	17750	476	457	241	309	411
ENSG00000235892	33000	713	494	181	182	239
ENSG00000224758	2950	49	66	30	47	45
ENSG00000130787	13350	242	303	652	403	541
ENSG00000171995	5150	64	43	38	27	58
ENSG00000141538	5650	269	223	197	119	162
ENSG00000160995	1100	15	10	23	15	11
ENSG00000189570	61550	637	545	855	844	855
ENSG00000105332	14000	525	821	360	607	536
ENSG00000174045	42550	674	528	649	508	545
ENSG00000236539	2850	28	30	39	40	25
ENSG00000122205	612900	3948	5546	5688	4127	4068
ENSG00000142758	343650	9543	3827	5151	13128	6976
ENSG00000210972	7500	99	161	74	84	132
ENSG00000235270	7500	78	78	78	44	67
ENSG00000248013	3050	62	48	66	30	38
ENSG00000143648	19800	760	825	405	641	971
ENSG00000214666	86200	1339	1159	871	665	968
ENSG00000131963	2050	22	42	23	30	28
ENSG00000142447	150	1	4	2	5	2
ENSG00000179373	22400	212	100	506	241	358
ENSG00000173412	7350	108	62	84	92	96
ENSG00000144368	6600	234	513	249	104	248
ENSG00000232903	17550	474	415	518	349	430
ENSG00000166740	1300	12	16	36	15	7
ENSG00000103950	5700	165	90	99	121	191
ENSG00000191101	3200	123	107	48	71	70
ENSG00000131225	21200	411	461	349	234	186
ENSG00000213677	131850	1600	1676	1052	1130	1854
ENSG00000217498	12100	134	142	125	114	186
ENSG00000213222	1700	32	31	42	22	27
ENSG00000185723	127450	1736	1521	1838	2172	1184
ENSG00000110060	30500	395	342	437	773	822
ENSG00000179782	7750	102	107	170	53	83
ENSG00000126782	150	2	3	1	3	5
ENSG00000150511	1050	21	30	15	44	22
ENSG00000128156	9850	152	247	157	175	196
ENSG00000155258	25500	571	403	426	895	652
ENSG00000216988	1100	21	37	48	55	64
ENSG00000201476	20900	220	278	559	315	251
ENSG00000188835	2550	33	58	28	52	37
ENSG00000100155	2900	65	52	21	72	49
ENSG00000112108	28450	413	352	553	436	288
ENSG00000178017	5250	44	71	64	69	52
ENSG00000146858	14250	207	153	220	188	174
ENSG00000235742	69800	927	1089	879	358	992
ENSG00000135838	51900	535	920	1040	2344	602
ENSG00000171030	1300	41	47	53	53	34
ENSG00000176984	3400	69	47	77	127	143
ENSG00000221534	750	25	19	17	10	14
ENSG00000165094	350	10	10	10	8	14
ENSG00000246909	17700	294	246	423	225	217
ENSG00000177300	3200	25	46	35	53	51
ENSG00000217996	150	3	1	6	8	0
ENSG00000166678	12800	397	655	212	416	340
ENSG00000188795	750	31	24	18	24	29
ENSG00000145414	3550	52	101	79	90	128
ENSG00000174384	24400	286	164	311	293	438
ENSG00000216335	15700	234	379	182	387	297
ENSG00000181665	4050	95	85	144	126	101
ENSG00000245692	550	5	2	1	3	1
ENSG00000217515	28200	558	461	477	228	268
ENSG00000242705	2100	59	33	56	54	31
ENSG00000243445	450	10	8	6	14	5
ENSG00000105966	0	3	0	1	0	1
ENSG00000231791	161750	2348	1711	1594	2994	937
ENSG00000187704	7100	150	148	295	112	183
ENSG00000159479	8100	104	98	122	197	139
ENSG00000147782	29500	784	2179	701	578	307
ENSG00000160486	6300	150	105	70	58	151
ENSG00000113063	350	7	0	11	5	5
ENSG00000247405	28400	802	632	349	427	509
ENSG00000240813	61600	805	1944	1122	690	956
ENSG00000179803	25350	566	426	194	357	245
ENSG00000141677	170450	2781	1305	2993	2507	2603
ENSG00000174799	655050	5328	4837	7141	5716	8274
ENSG00000235968	1600	20	47	39	29	19
ENSG00000138063	2450	48	64	121	51	28
ENSG00000102687	26150	965	849	908	1033	733
ENSG00000183656	9900	182	152	158	162	293
ENSG00000108912	12850	181	176	149	196	169
ENSG00000137210	41950	812	414	872	759	959
ENSG00000219023	34850	484	507	487	1010	410
ENSG00000103013	2600	64	49	47	67	59
ENSG00000212141	6250	189	177	167	191	191
ENSG00000121888	2250	33	39	34	36	50
ENSG00000201473	4150	113	87	139	89	88
ENSG00000138698	500	32	17	11	27	19
ENSG00000120782	250	10	3	2	3	3
ENSG00000237531	3600	52	21	64	56	92
ENSG00000193122	950	56	51	39	44	27
ENSG00000216720	67700	1080	694	706	690	615
ENSG00000112723	232800	2628	3740	3388	3158	3980
ENSG00000125590	10400	102	178	182	191	97
ENSG00000134264	22900	399	235	272	292	399
ENSG00000165113	2750	61	135	39	40	48
ENSG00000169776	850	14	12	14	27	42
ENSG00000205378	4900	84	57	109	59	63
ENSG00000159355	5700	92	70	110	78	79
ENSG00000116191	17000	161	201	274	155	173
ENSG00000182425	14500	165	248	230	138	98
ENSG00000127785	362450	3256	4530	6889	3428	3056
ENSG00000238801	7850	95	107	61	107	133
ENSG00000135857	200	8	3	4	4	3
ENSG00000238158	14100	205	143	127	179	217
ENSG00000147895	1900	59	40	48	62	40
ENSG00000134191	5750	237	130	201	203	76
ENSG00000157138	40850	975	1199	1775	1268	1087
ENSG00000108760	2250	22	41	35	18	32
ENSG00000212069	6450	158	96	112	82	97
ENSG00000156639	21750	444	426	420	444	552
ENSG00000137437	800	20	22	9	29	26
ENSG00000164200	11700	435	167	184	188	204
ENSG00000235934	68300	980	848	517	429	320
ENSG00000132217	36000	353	543	1323	693	792
ENSG00000134279	82000	914	1349	1049	1598	827
ENSG00000110284	17200	404	456	859	278	584
ENSG00000183524	14350	108	379	280	233	378
ENSG00000142684	400	5	8	10	7	5
ENSG00000139751	100	1	0	3	0	0
ENSG00000159994	850	23	24	19	13	15
ENSG00000193837	126250	2204	2388	2785	1989	2037
ENSG00000122057	13000	182	189	163	287	257
ENSG00000215550	100	0	0	4	1	4
ENSG00000139561	1550	66	63	59	63	61
ENSG00000205830	15300	302	492	412	166	273
ENSG00000246085	150	5	5	5	2	2
ENSG00000138203	21300	737	425	467	531	402
ENSG00000156400	2400	28	30	18	14	8
ENSG00000162032	134300	3527	1731	970	1332	679
ENSG00000101180	6150	102	186	51	97	250
ENSG00000132753	5466600	122595	125942	37452	57395	67834
ENSG00000215072	400	8	12	11	9	9
ENSG00000149927	13000	203	128	195	259	381
ENSG00000242947	400	5	3	6	5	10
ENSG00000132535	82100	3528	3450	2703	1540	1553
ENSG00000161194	14750	172	190	124	145	158
ENSG00000157816	67400	1093	1135	1145	523	782
ENSG00000110245	7250	205	160	120	258	142
ENSG00000196751	800	12	9	12	16	9
ENSG00000158762	1450	17	54	27	40	32
ENSG00000115650	600	19	13	18	5	12
ENSG00000150901	550	30	31	15	21	9
ENSG00000168467	13300	237	488	187	262	191
ENSG00000116566	46850	505	822	1276	1091	917
ENSG00000235298	29850	709	833	551	620	773
ENSG00000109656	24100	597	277	235	294	489
ENSG00000149206	5000	60	52	33	34	36
ENSG00000161027	15300	369	363	384	606	234
ENSG00000181637	2000	23	24	25	28	27
ENSG00000147678	26500	519	353	259	90	106
ENSG00000233718	62850	1256	1146	702	743	520
ENSG00000179386	7950	85	105	101	86	131
ENSG00000195373	2750	49	103	93	66	36
ENSG00000215587	2700	49	64	69	55	87
ENSG00000105586	27600	615	392	824	916	715
ENSG00000241199	5300	39	119	40	102	54
ENSG00000236016	150	3	12	8	14	7
ENSG00000108307	3100	76	107	60	71	44
ENSG00000242944	550	19	24	14	17	19
ENSG00000237964	233550	3019	3189	1807	2546	2577
ENSG00000128479	3350	161	148	157	97	92
ENSG00000205140	500	5	7	5	14	3
ENSG00000150957	11300	205	311	167	126	137
ENSG00000123440	46300	1644	629	477	648	946
ENSG00000167167	15300	458	256	246	300	195
ENSG00000242426	9350	297	80	62	108	58
ENSG00000211860	9950	281	158	244	259	320
ENSG00000227948	13800	134	135	290	233	267
ENSG00000166116	57150	1202	850	1159	843	1184
ENSG00000156537	22350	328	373	388	352	386
ENSG00000208555	604350	14170	7782	17723	15841	8781
ENSG00000207428	4800	110	117	126	69	109
ENSG00000249846	89500	3089	3459	4726	3464	2208
ENSG00000108610	11650	138	175	181	277	168
ENSG00000200678	400	14	0	5	8	2
ENSG00000154229	600	14	9	18	8	13
ENSG00000178766	300	3	0	0	3	8
ENSG00000134842	500	4	1	4	3	6
ENSG00000209469	57600	1415	1474	414	2685	2174
ENSG00000199829	1650	47	89	42	24	48
ENSG00000148532	52200	1922	588	703	211	871
ENSG00000223936	800	21	28	28	39	8
ENSG00000104687	12700	164	355	201	171	122
ENSG00000108136	550	21	12	27	10	10
ENSG00000112015	69750	1058	400	577	1195	492
ENSG00000248439	2050	111	70	83	115	86
ENSG00000227047	3850	54	34	93	85	52
ENSG00000140953	6400	98	87	118	101	62
ENSG00000122579	907850	14691	10725	8676	14334	9627
ENSG00000236160	35650	690	439	299	477	511
ENSG00000170110	106150	1634	3144	1128	511	403
ENSG00000165808	1000	11	12	8	11	16
ENSG00000222245	2350	55	42	46	42	49
ENSG00000171235	9350	246	331	289	439	350
ENSG00000139097	200	4	0	1	1	8
ENSG00000186798	111000	1548	1877	1549	2100	1879
ENSG00000135854	9900	339	198	204	255	185
ENSG00000112986	7400	229	105	91	50	225
ENSG00000173812	4650	48	64	132	90	120
ENSG00000128942	5950	97	83	59	40	70
ENSG00000194549	2350	43	46	48	80	65
ENSG00000230528	100650	2614	2625	1328	1524	1365
ENSG00000232687	40150	459	475	580	523	411
ENSG00000223714	67950	1616	1397	1918	2180	1173
ENSG00000184266	5850	103	80	76	145	58
ENSG00000207823	1550	21	26	21	31	20
ENSG00000236860	149000	2289	2229	2739	3123	1801
ENSG00000231792	950	12	13	13	7	11
ENSG00000210063	2650	35	60	41	64	53
ENSG00000146270	43050	432	761	627	620	808
ENSG00000107610	59700	1103	1608	1283	2229	1150
ENSG00000110028	950	5	8	12	8	7
ENSG00000174476	2650	80	107	97	43	100
ENSG00000220312	6000	121	87	222	168	112
ENSG00000129140	5100	110	87	112	98	83
ENSG00000182856	1250	32	24	27	26	17
ENSG00000187931	32950	527	445	324	864	527
ENSG00000246061	1100	22	42	48	68	45
ENSG00000137143	5100	121	127	79	88	50
ENSG00000109207	50	0	1	4	1	3
ENSG00000238587	10700	207	205	152	98	80
ENSG00000151224	650	6	13	1	3	6
ENSG00000137968	42650	535	383	723	755	893
ENSG00000206211	20450	408	334	383	238	407
ENSG00000118759	2550	57	75	64	39	73
ENSG00000165959	7650	183	154	261	276	371
ENSG00000226226	10800	169	108	306	159	338
ENSG00000204625	3050	111	144	135	115	118
ENSG00000197937	17350	332	344	226	226	495
ENSG00000198590	2200	80	155	64	124	125
ENSG00000187087	4650	74	31	64	65	49
ENSG00000233089	900	40	27	30	53	35
ENSG00000172642	228500	3470	5005	5252	6266	4603
ENSG00000162117	13800	200	256	205	194	201
ENSG00000213075	6300	121	206	166	111	102
ENSG00000247132	15450	291	837	1082	423	586
ENSG00000234480	5200	29	72	65	67	42
ENSG00000160794	2850	72	71	54	56	73
ENSG00000148273	11450	497	946	600	577	590
ENSG00000238493	38700	1085	3532	1132	1351	1110
ENSG00000141337	31950	581	866	583	634	309
ENSG00000225831	150	5	10	8	15	5
ENSG00000109889	4300	97	103	168	151	112
ENSG00000163049	7800	171	108	103	221	112
ENSG00000203803	19000	353	382	472	203	412
ENSG00000186897	600	18	17	28	33	17
ENSG00000244115	600	18	26	16	13	18
ENSG00000191323	2450	70	77	127	103	114
ENSG00000233854	2600	32	48	41	33	17
ENSG00000164502	650	24	18	16	30	27
ENSG00000130352	6750	181	78	206	151	116
ENSG00000184890	53900	825	1104	1164	1302	1045
ENSG00000146783	29950	342	516	244	166	188
ENSG00000114053	67850	1298	1513	1227	1520	880
ENSG00000247125	1350	14	21	21	32	17
ENSG00000185279	21000	964	592	463	267	909
ENSG00000116520	3650	188	121	175	142	118
ENSG00000230365	1550	25	28	22	16	41
ENSG00000107523	3900	111	69	59	73	70
ENSG00000155567	1100	9	20	25	34	25
ENSG00000248453	4600	134	76	122	108	125
ENSG00000244805	2700	62	34	32	13	39
ENSG00000146663	95900	1892	2129	2387	3197	1153
ENSG00000109793	1800	82	21	83	25	163
ENSG00000206224	600	11	4	8	7	5
ENSG00000114263	6500	169	103	90	85	98
ENSG00000178415	23150	253	496	189	320	226
ENSG00000107827	3350	64	76	105	90	92
ENSG00000210925	32900	739	1112	795	931	546
ENSG00000199100	1250	27	18	31	16	40
ENSG00000101832	2350	37	18	17	22	37
ENSG00000163536	115600	4155	1476	2928	3301	2375
ENSG00000197478	8000	129	194	158	157	115
ENSG00000246606	19000	479	579	454	716	354
ENSG00000211182	15550	289	345	481	283	561
ENSG00000120102	21100	542	492	620	266	331
ENSG00000148587	8300	177	161	217	175	133
ENSG00000237154	2600	162	99	112	125	109
ENSG00000204690	96750	1184	854	1171	1043	1386
ENSG00000242348	2800	44	45	55	77	66
ENSG00000189961	9900	200	178	199	170	166
ENSG00000188018	28600	854	359	585	534	184
ENSG00000177370	3600	88	109	77	101	89
ENSG00000150378	500	13	7	1	7	4
ENSG00000103220	15750	486	427	203	319	337
ENSG00000104139	19900	1871	1194	454	1139	1471
ENSG00000136390	12700	187	123	183	255	137
ENSG00000110195	150	6	1	3	8	8
ENSG00000132084	28550	385	530	411	533	760
ENSG00000106684	533200	9596	8497	10212	6032	5982
ENSG00000152381	150	10	7	14	14	6
ENSG00000207341	50	0	1	0	0	0
ENSG00000125596	4300	102	134	131	100	64
ENSG00000234388	10400	179	163	219	115	94
ENSG00000238872	35350	641	825	590	848	746
ENSG00000206479	79200	1199	668	905	666	817
ENSG00000113463	8000	116	199	352	193	106
ENSG00000233610	21000	356	213	373	451	387
ENSG00000150639	22350	503	788	278	376	289
ENSG00000210433	14450	180	195	151	261	234
ENSG00000220228	5200	107	96	191	72	95
ENSG00000185444	5700	101	125	144	133	70
ENSG00000129566	34300	356	687	579	599	901
ENSG00000121453	12600	401	280	467	435	270
ENSG00000189324	4650	51	88	52	93	140
ENSG00000178623	94400	1562	1189	1388	1178	1448
ENSG00000166113	4500	90	126	37	29	29
ENSG00000139696	5050	75	70	127	86	76
ENSG00000144392	11800	165	193	172	188	153
ENSG00000149072	300	2	4	3	5	3
ENSG00000160147	4150	88	61	43	73	92
ENSG00000179037	14500	439	780	1047	640	830
ENSG00000227295	37800	536	984	490	510	487
ENSG00000170414	1050	17	7	17	9	18
ENSG00000106240	2300	34	36	23	38	24
ENSG00000184938	1000	6	13	22	14	24
ENSG00000181888	6400	58	183	100	129	73
ENSG00000141655	6900	36	132	165	138	121
ENSG00000156007	700	7	6	2	5	5
ENSG00000173370	14450	92	319	184	164	305
ENSG00000225782	13900	181	114	285	218	232
ENSG00000127380	7500	104	110	80	133	155
ENSG00000204391	3000	39	62	65	78	25
ENSG00000135449	3350	99	136	124	78	62
ENSG00000196376	300	3	3	3	4	2
ENSG00000102497	17100	154	154	144	325	156
ENSG00000229148	11450	177	178	147	229	192
ENSG00000216750	10950	150	291	120	175	93
ENSG00000222764	2450	39	34	7	14	20
ENSG00000110532	102850	1491	2015	1782	1543	2265
ENSG00000106888	76500	867	995	669	1354	1993
ENSG00000249202	150	2	8	2	3	2
ENSG00000207348	22600	390	522	453	392	385
ENSG00000112054	7150	164	184	143	271	141
ENSG00000220575	0	1	2	0	0	2
ENSG00000234802	31600	374	536	639	322	346
ENSG00000134452	25200	507	496	422	654	646
ENSG00000231817	32100	1018	756	723	851	607
ENSG00000199744	13800	419	183	224	192	300
ENSG00000123981	1550	48	47	34	22	34
ENSG00000118853	2400	66	48	53	57	27
ENSG00000195986	67650	721	528	343	414	215
ENSG00000197337	63700	1168	1509	1152	1630	1636
ENSG00000213121	2150	25	55	36	78	91
ENSG00000121976	6250	114	74	64	69	91
ENSG00000117453	47400	600	508	566	477	706
ENSG00000122248	100	2	1	2	4	2
ENSG00000158918	28100	156	492	298	272	369
ENSG00000118359	3750	106	109	109	72	74
ENSG00000107302	50	1	3	1	0	2
ENSG00000173469	39000	1608	1075	953	444	473
ENSG00000209071	1800	28	35	19	40	34
ENSG00000143428	27300	1192	598	888	735	999
ENSG00000157192	139150	2008	2226	2853	3292	2365
ENSG00000135472	850	1	18	11	17	6
ENSG00000225786	600	11	10	24	11	6
ENSG00000230370	12250	220	124	127	141	100
ENSG00000222786	300	4	4	3	5	7
ENSG00000246629	34750	441	517	825	601	440
ENSG00000199170	5000	239	269	198	181	254
ENSG00000126472	55950	1006	1125	945	1404	1366
ENSG00000210790	250	8	8	0	2	5
ENSG00000235954	11600	178	286	198	233	294
ENSG00000224016	23400	362	429	245	348	396
ENSG00000225691	250	1	6	9	5	3
ENSG00000112780	36950	771	550	519	318	867
ENSG00000129896	800	8	17	17	9	5
ENSG00000212517	11150	382	278	199	169	197
ENSG00000174298	800	7	16	5	6	19
ENSG00000174744	60400	1036	1518	598	548	675
ENSG00000159720	103350	2062	4476	2381	4312	2760
ENSG00000107010	28100	500	560	215	231	159
ENSG00000109349	7550	199	166	160	107	203
ENSG00000136766	55950	3482	3527	2495	1338	1634
ENSG00000143979	7300	213	100	40	78	73
ENSG00000124775	8950	143	181	134	165	304
ENSG00000201784	35050	979	686	394	869	599
ENSG00000151236	25200	463	281	331	267	381
ENSG00000102931	282650	4213	3957	4122	6215	4895
ENSG00000161984	51200	592	1291	1696	901	1772
ENSG00000129038	460100	12410	6669	6589	4321	10753
ENSG00000195301	8800	297	161	99	118	203
ENSG00000138094	62000	1533	1184	1203	1325	1866
ENSG00000206452	2650	13	56	30	13	24
ENSG00000197352	52950	991	727	699	1007	618
ENSG00000121153	214650	4875	5078	8904	2544	7391
ENSG00000188432	511050	9994	21706	27954	25722	12432
ENSG00000231942	750	21	10	31	27	4
ENSG00000220886	9200	152	95	118	120	227
ENSG00000148881	59850	461	471	726	565	592
ENSG00000177406	2400	19	13	30	35	43
ENSG00000101045	30100	283	282	667	563	555
ENSG00000227039	28750	434	525	400	887	377
ENSG00000213923	3050	76	77	110	42	61
ENSG00000212246	2750	88	69	73	48	92
ENSG00000226853	2000	34	23	34	25	26
ENSG00000137512	12650	184	401	517	318	265
ENSG00000172372	89200	2362	1865	2136	2097	1706
ENSG00000209266	15750	327	300	191	307	284
ENSG00000126482	3055400	134285	67611	51512	32518	43854
ENSG00000188903	650	14	18	9	9	16
ENSG00000197890	3050	56	84	34	54	80
ENSG00000223054	30550	928	197	637	807	564
ENSG00000138531	600	33	23	11	18	12
ENSG00000213517	18700	402	374	333	410	405
ENSG00000224750	28950	1297	905	1338	1110	746
ENSG00000141695	10900	235	167	245	219	199
ENSG00000195690	4300	64	94	62	71	112
ENSG00000234158	33500	1371	893	502	851	983
ENSG00000163373	18950	502	365	399	217	345
ENSG00000120693	25100	929	487	977	597	571
ENSG00000228936	39900	641	699	281	522	945
ENSG00000202069	4750	84	25	40	47	43
ENSG00000230778	2000	47	64	11	17	26
ENSG00000224289	3500	89	113	81	55	66
ENSG00000207143	16100	294	318	247	131	383
ENSG00000110901	3750	151	149	115	61	125
ENSG00000108747	49350	1426	584	1346	1269	1062
ENSG00000247023	34050	731	420	236	324	423
ENSG00000112818	60650	1088	1195	1350	1087	1267
ENSG00000101260	9900	199	252	96	175	208
ENSG00000178528	2100	54	58	46	37	32
ENSG00000246919	15900	552	847	950	1106	1198
ENSG00000118234	25950	318	394	905	585	505
ENSG00000221441	3600	77	105	54	43	22
ENSG00000206728	3600	23	53	93	86	70
ENSG00000109103	2708300	47198	48510	38348	40881	32268
ENSG00000223457	0	4	2	3	0	0
ENSG00000140300	104250	1449	1991	2270	1658	1107
ENSG00000179068	14500	233	371	211	169	377
ENSG00000153053	12450	161	222	178	153	185
ENSG00000110222	5400	104	124	129	92	100
ENSG00000154336	4450	66	50	71	45	49
ENSG00000195760	932400	18686	19878	18670	17366	11260
ENSG00000116175	3350	97	56	50	68	49
ENSG00000234253	6250	84	50	83	45	86
ENSG00000167044	16550	888	856	681	1330	889
ENSG00000133890	11450	536	194	258	438	515
ENSG00000159424	8950	92	200	122	193	139
ENSG00000143891	4550	72	66	130	104	88
ENSG00000234431	550	31	20	5	11	19
ENSG00000107197	32250	1409	1402	667	1766	1269
ENSG00000236550	1600	28	20	20	21	31
ENSG00000133219	250	1	1	3	2	2
ENSG00000230971	31700	1760	1475	1002	1310	1236
ENSG00000143164	33450	708	575	966	410	642
ENSG00000190715	14500	258	267	184	253	236
ENSG00000160864	3150	50	31	35	69	56
ENSG00000116535	97150	1280	1776	1929	1596	1226
ENSG00000113504	1400	20	27	29	26	26
ENSG00000189412	100	0	3	0	2	2
ENSG00000192138	11250	228	183	132	171	262
ENSG00000189404	47250	2339	1667	825	636	593
ENSG00000122307	31650	358	495	444	452	333
ENSG00000137327	269450	9385	4374	14480	10054	7203
ENSG00000195009	25500	1025	441	1392	1433	557
ENSG00000230355	3450	161	49	59	106	159
ENSG00000113714	6200	96	205	83	91	125
ENSG00000246312	46650	584	1535	1191	743	836
ENSG00000158245	5300	200	145	156	216	114
ENSG00000177853	7350	123	128	84	109	107
ENSG00000142207	250	9	8	3	9	3
ENSG00000113452	4800	230	264	59	159	50
ENSG00000203895	450	19	7	22	9	10
ENSG00000242196	14900	130	175	316	172	325
ENSG00000222184	12300	142	270	161	310	266
ENSG00000247585	23200	698	1032	505	501	696
ENSG00000125644	189200	8096	4271	5725	6276	5685
ENSG00000186031	5650	75	121	130	133	141
ENSG00000177932	111100	3578	2244	3332	2035	2180
ENSG00000219082	900	17	18	15	19	13
ENSG00000173926	17650	291	200	242	303	238
ENSG00000105443	59000	1437	681	709	941	884
ENSG00000218178	422150	10070	6635	3619	4328	10345
ENSG00000229615	1050	11	13	9	22	17
ENSG00000207249	2700	105	43	36	75	41
ENSG00000211896	11300	207	182	325	97	142
ENSG00000205028	3850	119	102	96	160	100
ENSG00000123964	1100	24	23	28	22	32
ENSG00000188321	100	10	2	2	2	10
ENSG00000112528	600	19	8	10	9	23
ENSG00000244784	7900	150	83	54	147	105
ENSG00000109554	650	7	12	9	14	14
ENSG00000181454	228400	4574	5472	4421	2333	7683
ENSG00000104027	45600	1913	1961	2570	822	2234
ENSG00000106469	0	2	2	0	4	4
ENSG00000220388	2600	95	70	80	54	44
ENSG00000206406	53550	1692	2965	2833	2043	2329
ENSG00000222692	195350	2638	2110	5155	1676	2422
ENSG00000247319	58250	1628	1881	1572	1381	1202
ENSG00000124227	250	16	10	12	13	7
ENSG00000227377	3000	81	67	87	81	79
ENSG00000169565	64400	1469	3549	2775	2509	1916
ENSG00000203014	6600	140	264	192	179	138
ENSG00000175949	2250	52	50	36	42	65
ENSG00000159784	28450	664	369	611	413	537
ENSG00000192665	88200	1130	1222	758	1666	1181
ENSG00000219085	12400	743	300	122	283	364
ENSG00000124234	34250	541	345	213	336	560
ENSG00000130549	74800	1489	710	1738	1313	538
ENSG00000225582	1350	102	53	31	42	62
ENSG00000249346	1250	32	19	24	30	26
ENSG00000245373	50000	609	823	844	506	827
ENSG00000210371	400	15	17	13	7	10
ENSG00000175282	20450	445	248	320	232	459
ENSG00000182976	1850	26	40	22	37	29
ENSG00000120558	37300	906	937	1061	993	703
ENSG00000178119	400	10	20	8	18	14
ENSG00000212332	55950	921	1146	905	2192	1726
ENSG00000190917	12050	363	308	303	205	182
ENSG00000231044	3950	65	101	131	55	79
ENSG00000230849	800	42	16	29	34	33
ENSG00000213867	5250	97	129	179	115	129
ENSG00000145891	1800	42	17	44	16	38
ENSG00000176635	550	17	14	14	30	17
ENSG00000240473	76700	1490	1188	1883	1220	1368
ENSG00000237099	39450	851	653	334	344	484
ENSG00000215022	67300	1659	1456	1088	2024	2300
ENSG00000120075	600	9	10	7	9	8
ENSG00000141526	100	7	6	4	3	3
ENSG00000216684	0	9	2	12	5	4
ENSG00000142039	42200	609	635	595	826	388
ENSG00000228799	26950	586	945	689	624	787
ENSG00000206981	350	3	3	7	5	6
ENSG00000247892	39950	1192	1023	734	1167	1135
ENSG00000200610	3500	78	41	56	92	75
ENSG00000139584	900	10	15	25	15	22
ENSG00000155779	4800	143	173	239	135	39
ENSG00000175389	21350	483	572	602	291	315
ENSG00000231506	5100	276	195	152	72	141
ENSG00000158586	6300	47	121	137	130	128
ENSG00000124946	2050	47	16	44	22	24
ENSG00000151360	750	6	10	1	7	9
ENSG00000170939	3550	123	71	22	53	50
ENSG00000168097	150	5	11	10	13	2
ENSG00000116567	57050	823	690	550	803	445
ENSG00000150840	3000	23	24	52	33	28
ENSG00000236198	143550	1592	1167	1437	2564	2961
ENSG00000247081	550	5	2	9	8	4
ENSG00000221139	264000	6138	6775	3803	2287	3488
ENSG00000184753	2550	24	35	10	24	24
ENSG00000184812	800	10	27	25	10	27
ENSG00000246403	12300	381	517	334	325	244
ENSG00000233169	46700	677	1080	1090	683	1002
ENSG00000224845	10650	136	111	99	93	171
ENSG00000215420	2600	92	107	62	66	73
ENSG00000147349	637750	20440	20716	4357	4271	8841
ENSG00000218275	24200	223	304	457	400	313
ENSG00000174071	550	12	13	13	12	13
ENSG00000101649	4650	74	83	110	65	56
ENSG00000139031	170850	5189	2414	4074	7321	3979
ENSG00000175693	13400	283	418	365	277	176
ENSG00000217408	49550	629	1023	892	986	563
ENSG00000238242	403050	5738	4480	7017	10712	7680
ENSG00000223965	2750	70	33	44	26	62
ENSG00000239232	15350	410	275	375	472	252
ENSG00000199426	3000	24	39	102	41	49
ENSG00000167774	6550	340	150	171	110	139
ENSG00000237155	17700	253	439	363	411	366
ENSG00000173351	300	15	3	11	6	11
ENSG00000203630	16600	384	391	194	174	205
ENSG00000133222	7100	344	197	192	152	311
ENSG00000116607	82450	1483	790	884	1403	888
ENSG00000178328	2600	75	35	62	60	29
ENSG00000214961	650	16	12	9	5	8
ENSG00000121528	24150	303	340	311	332	220
ENSG00000161618	1150	6	9	25	17	22
ENSG00000203582	4750	245	161	195	323	171
ENSG00000158560	31350	465	515	412	321	500
ENSG00000128418	2300	31	39	26	26	19
ENSG00000140444	5350	125	123	93	89	115
ENSG00000178030	1400	18	19	18	16	11
ENSG00000237504	50	0	2	0	2	1
ENSG00000134281	400	7	7	14	4	12
ENSG00000157971	150	0	1	1	2	3
ENSG00000103781	6050	114	195	205	156	143
ENSG00000243737	450	18	18	15	23	10
ENSG00000241669	4300	88	90	136	47	89
ENSG00000146519	10800	164	101	125	140	135
ENSG00000169498	93600	708	1381	2277	1386	1709
ENSG00000114988	4500	129	37	76	79	101
ENSG00000239878	1400	106	59	54	57	88
ENSG00000105754	37300	428	242	245	403	369
ENSG00000249222	158550	2906	3515	4148	3222	2386
ENSG00000162435	9300	120	92	251	186	133
ENSG00000171099	18250	524	312	190	498	204
ENSG00000247256	2950	163	89	68	92	165
ENSG00000220444	1700	15	31	25	35	35
ENSG00000146268	400	7	9	2	2	5
ENSG00000186775	9000	122	155	189	99	75
ENSG00000177313	3300	49	71	39	178	107
ENSG00000206411	3700	115	50	58	89	126
ENSG00000132971	249050	9848	8463	7493	5590	8183
ENSG00000133533	2450	54	90	72	54	45
ENSG00000116690	12000	417	292	247	291	180
ENSG00000245204	3500	83	87	92	30	71
ENSG00000159506	64250	1492	2267	2738	2353	877
ENSG00000218917	6600	77	93	153	75	60
ENSG00000159597	257800	3779	6437	5662	6458	7958
ENSG00000158301	4650	57	112	91	36	62
ENSG00000171123	47850	697	686	966	1301	612
ENSG00000229304	45350	1440	999	1018	342	1006
ENSG00000140473	3200	103	167	94	154	116
ENSG00000234616	38850	807	376	691	1445	820
ENSG00000226924	11750	160	194	149	203	194
ENSG00000179149	1150	36	18	8	27	68
ENSG00000198638	1850	21	50	59	69	62
ENSG00000120862	27200	370	641	373	310	204
ENSG00000224841	211550	1860	5688	3882	3560	5245
ENSG00000167954	2400	71	84	48	55	39
ENSG00000185051	41050	572	402	411	762	345
ENSG00000209990	1400	15	15	31	43	31
ENSG00000113002	14550	225	134	268	247	263
ENSG00000142848	1550	1	10	6	9	10
ENSG00000151991	1100	25	43	20	35	15
ENSG00000143442	5700	168	168	156	162	109
ENSG00000119226	1550	35	29	39	33	23
ENSG00000117641	5800	91	97	80	84	61
ENSG00000169717	36000	1172	1054	1498	1394	723
ENSG00000173723	8100	177	217	46	131	164
ENSG00000191240	3200	24	33	37	24	41
ENSG00000202769	700	8	17	9	8	18
ENSG00000101105	2150	74	63	28	70	35
ENSG00000235701	77150	2421	1559	966	914	1919
ENSG00000182917	6000	132	120	71	117	127
ENSG00000104256	7400	146	157	153	69	113
ENSG00000238166	22000	423	605	1016	484	359
ENSG00000206810	36500	674	943	860	622	492
ENSG00000186286	44200	594	1263	1127	1270	1273
ENSG00000111110	4400	110	66	55	50	47
ENSG00000104404	1200	10	15	20	20	29
ENSG00000241056	200	7	3	8	2	4
ENSG00000103182	2800	41	45	32	68	39
ENSG00000242408	6300	63	112	50	61	36
ENSG00000131007	59900	868	1443	1030	357	513
ENSG00000177891	34250	390	824	267	260	352
ENSG00000176929	2400	33	42	72	67	35
ENSG00000136433	38200	689	847	511	1283	417
ENSG00000170697	450	7	13	14	13	4
ENSG00000222973	1100	8	27	16	14	14
ENSG00000119708	450	9	7	10	14	9
ENSG00000192084	800	15	15	20	16	14
ENSG00000102413	3300	172	146	99	48	145
ENSG00000151482	2050	27	23	20	25	21
ENSG00000236702	1900	41	33	36	20	21
ENSG00000232579	111400	1203	2098	2290	978	2450
ENSG00000167971	350	5	7	5	5	10
ENSG00000164112	900	29	22	16	25	16
ENSG00000204079	4650	94	59	55	101	65
ENSG00000230051	20050	530	272	448	331	684
ENSG00000178132	9550	391	282	315	542	364
ENSG00000126639	3050	80	129	65	56	61
ENSG00000220106	2250	104	75	31	73	64
ENSG00000124683	3000	81	55	64	97	117
ENSG00000119486	36450	595	758	523	864	766
ENSG00000173639	1200	22	30	25	22	16
ENSG00000171013	150	1	1	3	0	4
ENSG00000117334	10800	265	153	247	230	139
ENSG00000209663	1050	4	14	10	8	27
ENSG00000138691	5850	71	118	130	114	108
ENSG00000226755	73300	1647	3566	1600	3046	2361
ENSG00000120667	11300	211	135	189	105	198
ENSG00000233270	358300	6586	5334	8118	6695	6883
ENSG00000113596	350	6	17	6	5	4
ENSG00000140835	18300	282	243	275	222	374
ENSG00000187232	18350	306	501	277	398	424
ENSG00000221006	52650	978	726	532	822	919
ENSG00000110352	2600	30	38	43	17	20
ENSG00000166626	11350	188	264	220	148	173
ENSG00000193370	7700	203	255	86	184	133
ENSG00000160088	5250	208	227	256	222	219
ENSG00000112213	450	11	8	4	3	7
ENSG00000215730	250	3	4	5	8	4
ENSG00000187983	21500	533	318	380	282	543
ENSG00000206984	17950	534	233	231	225	289
ENSG00000135956	18700	208	158	158	104	127
ENSG00000243847	41450	307	501	365	628	356
ENSG00000151922	68050	1186	969	1402	1744	1769
ENSG00000172488	950	12	20	12	11	12
ENSG00000105170	33300	419	545	742	1040	1194
ENSG00000153080	113700	2140	1879	2274	4366	2619
ENSG00000141080	64000	1571	1603	1546	1079	1232
ENSG00000122744	22100	504	265	644	686	227
ENSG00000243487	18850	415	696	447	705	876
ENSG00000206177	400	2	9	6	8	0
ENSG00000137099	2400	54	55	84	48	52
ENSG00000113784	122700	2578	3024	1199	981	1565
ENSG00000184242	271850	2804	2974	2877	3181	3048
ENSG00000220174	16600	556	238	429	676	407
ENSG00000111798	3300	35	95	49	47	46
ENSG00000210944	4950	114	63	94	82	96
ENSG00000108858	31000	1066	1255	678	685	935
ENSG00000221263	218650	4457	4997	13735	14190	4806
ENSG00000127506	47250	1348	764	599	1103	782
ENSG00000202744	2050	58	76	44	19	67
ENSG00000134979	21300	844	464	560	385	693
ENSG00000219031	14500	340	427	346	470	517
ENSG00000211179	2532900	33218	51600	20689	12700	30995
ENSG00000164296	36550	325	618	638	677	455
ENSG00000118229	9650	286	237	167	187	196
ENSG00000225134	4900	214	154	160	109	202
ENSG00000186516	400	11	16	11	14	5
ENSG00000224295	1200	24	26	28	17	14
ENSG00000114876	4150	68	68	66	67	28
ENSG00000185341	2850	26	24	43	44	22
ENSG00000139567	30200	475	342	83	145	176
ENSG00000242848	14450	213	316	151	277	124
ENSG00000172577	38450	386	849	1062	956	1555
ENSG00000121919	299900	6654	4136	4583	3232	2353
ENSG00000103736	11150	298	244	170	303	137
ENSG00000243738	7600	121	112	155	92	250
ENSG00000114315	100	1	3	2	8	1
ENSG00000139853	19700	482	386	341	418	280
ENSG00000157801	38650	989	495	746	754	646
ENSG00000175143	1900	60	32	32	39	50
ENSG00000117026	3750	46	59	79	71	41
ENSG00000239454	2900	37	36	18	34	57
ENSG00000102995	81150	807	1832	1526	703	2074
ENSG00000127297	49100	1090	677	594	581	436
ENSG00000121358	190550	2730	2016	2261	2227	1772
ENSG00000240385	1150	20	17	14	19	20
ENSG00000241006	1048550	39738	44961	28117	45438	27364
ENSG00000106813	1600	29	47	22	47	27
ENSG00000149736	800	8	30	9	28	26
ENSG00000122188	12300	248	239	300	233	176
ENSG00000190801	2150	70	36	76	32	97
ENSG00000190294	200700	5626	4727	3710	6940	5219
ENSG00000133241	4150	54	66	69	92	88
ENSG00000117505	1650	63	26	45	37	30
ENSG00000102745	48250	821	782	2221	2011	993
ENSG00000162900	69250	1871	991	2573	1422	1559
ENSG00000108197	1950	44	24	28	56	28
ENSG00000172793	2700	40	63	84	40	86
ENSG00000116593	1650	116	74	26	61	134
ENSG00000181356	4350	153	59	92	124	63
ENSG00000242741	143250	4643	2895	5702	3760	2791
ENSG00000102753	79850	2313	2847	1553	1140	1843
ENSG00000207523	78050	1539	2250	1186	909	1586
ENSG00000249400	124200	3278	1981	1297	1726	2100
ENSG00000111229	6000	164	121	173	183	172
ENSG00000128143	52500	1065	732	1184	609	686
ENSG00000164648	9600	129	136	197	97	97
ENSG00000230989	900	46	41	26	23	37
ENSG00000230658	452300	4069	7088	2897	3865	5615
ENSG00000136492	100	11	5	4	10	10
ENSG00000169657	5200	136	220	166	207	189
ENSG00000184144	2050	54	25	39	67	46
ENSG00000248395	650	5	5	8	3	15
ENSG00000245649	1400	64	128	41	40	69
ENSG00000206184	11400	450	336	167	164	193
ENSG00000183063	20000	414	170	491	485	398
ENSG00000155997	650	23	15	17	19	27
ENSG00000157409	29000	852	812	721	445	646
ENSG00000101982	17600	242	167	402	184	299
ENSG00000236457	98900	1520	1911	824	1420	843
ENSG00000177255	300	1	4	2	12	3
ENSG00000129149	2550	61	33	67	59	64
ENSG00000242854	2000	38	40	49	28	86
ENSG00000105263	23350	503	300	348	504	527
ENSG00000235584	1300	46	24	30	33	44
ENSG00000242536	4950	40	87	61	49	37
ENSG00000160992	250	17	17	5	11	14
ENSG00000165356	600	32	16	26	11	13
ENSG00000150584	750	15	43	20	22	16
ENSG00000198256	35600	1393	810	1344	1076	908
ENSG00000179460	900	18	26	16	24	17
ENSG00000118948	50	1	1	0	1	3
ENSG00000185452	9400	173	345	496	264	338
ENSG00000159242	2500	88	65	55	68	50
ENSG00000103242	23400	304	267	479	418	755
ENSG00000238199	25300	295	256	872	451	324
ENSG00000163667	2800	83	89	65	109	98
ENSG00000115712	2750	40	54	29	54	51
ENSG00000166585	1800	26	27	69	22	50
ENSG00000162546	5850	67	154	166	172	117
ENSG00000223556	2200	55	28	24	42	32
ENSG00000150954	16050	213	186	316	159	208
ENSG00000233300	108200	1309	1819	2389	2040	1931
ENSG00000143460	2450	25	20	32	59	65
ENSG00000136048	1050	43	47	32	41	24
ENSG00000124113	1850	64	35	57	29	42
ENSG00000229885	14050	290	422	571	435	554
ENSG00000118050	35250	527	606	396	295	489
ENSG00000204363	75400	3202	1945	1716	3555	2811
ENSG00000170150	35250	867	617	668	823	770
ENSG00000245939	8850	141	179	128	178	205
ENSG00000175685	9150	386	346	190	344	482
ENSG00000196488	550	9	14	10	10	6
ENSG00000244745	20700	137	748	356	459	447
ENSG00000137190	10200	281	211	343	167	179
ENSG00000100558	519450	6348	9693	9931	6582	9274
ENSG00000114769	125300	1594	1582	2599	1288	2277
ENSG00000100775	600	38	38	37	20	23
ENSG00000143339	3150	67	34	42	42	56
ENSG00000119566	39350	730	914	1221	1344	796
ENSG00000193238	200	1	4	1	3	0
ENSG00000175046	1050	11	12	13	22	6
ENSG00000172553	13700	1079	517	251	338	224
ENSG00000218735	16750	346	308	325	695	773
ENSG00000127057	11350	79	226	258	338	251
ENSG00000126854	51550	1514	1711	1005	1729	1412
ENSG00000183095	6650	47	91	62	124	56
ENSG00000204738	6150	336	181	149	188	232
ENSG00000246406	5450	181	108	50	96	137
ENSG00000181436	350	4	10	24	21	15
ENSG00000176153	9900	122	111	117	154	107
ENSG00000212680	3350	82	56	43	36	76
ENSG00000219306	10800	114	316	119	145	128
ENSG00000195876	50	1	2	1	0	2
ENSG00000242711	6950	439	155	159	100	232
ENSG00000112002	4350	54	45	46	40	57
ENSG00000192152	1850	55	54	33	38	45
ENSG00000145165	9600	200	188	113	213	171
ENSG00000168446	3250	55	75	35	58	35
ENSG00000178794	18700	1032	956	1183	1675	892
ENSG00000222132	56800	1594	1705	1901	2182	1807
ENSG00000187166	38500	870	704	590	1684	831
ENSG00000159703	87550	1166	1397	1357	730	882
ENSG00000122356	12900	510	209	201	225	412
ENSG00000145042	13150	173	142	119	226	175
ENSG00000191655	800	3	19	6	8	15
ENSG00000132962	4400	53	41	56	60	60
ENSG00000209658	63500	1483	2078	2764	2123	2164
ENSG00000122906	35200	373	776	788	652	713
ENSG00000220123	2700	73	66	37	71	70
ENSG00000240102	7650	147	296	124	240	258
ENSG00000129228	47300	642	1990	1016	1186	461
ENSG00000146467	6450	120	100	44	142	75
ENSG00000192392	175050	4300	4109	2690	2971	2804
ENSG00000227011	1900	23	45	58	13	28
ENSG00000214463	27750	1054	588	707	728	990
ENSG00000167366	35200	663	1288	387	455	506
ENSG00000157171	12100	245	228	145	340	231
ENSG00000217997	10400	235	395	336	182	289
ENSG00000127510	12300	414	453	709	399	500
ENSG00000249608	150	1	3	2	2	0
ENSG00000132450	10800	456	194	279	474	391
ENSG00000231445	75500	951	1876	475	1893	1044
ENSG00000124084	24200	275	270	242	355	202
ENSG00000193730	106500	2466	1475	1327	2112	1459
ENSG00000133526	250	9	7	17	12	13
ENSG00000196829	6350	145	149	167	116	75
ENSG00000141795	17500	211	278	315	252	215
ENSG00000174297	5100	84	116	55	124	72
ENSG00000174594	87150	1838	1628	1878	603	965
ENSG00000134390	20200	262	456	389	402	293
ENSG00000113858	2650	37	63	27	29	50
ENSG00000240913	48600	814	679	587	876	832
ENSG00000156991	53250	409	545	1048	700	700
ENSG00000210000	2700	60	51	23	109	82
ENSG00000176463	26450	451	394	472	709	263
ENSG00000129107	27750	302	421	175	578	333
ENSG00000201273	8100	304	362	291	328	271
ENSG00000118096	1550	6	3	6	10	20
ENSG00000113839	87100	1823	869	998	2957	1668
ENSG00000200325	16950	691	699	740	844	347
ENSG00000182619	5400	121	79	143	195	146
ENSG00000214210	12600	294	217	142	399	237
ENSG00000215264	13850	190	212	397	413	489
ENSG00000118175	3100	86	90	61	92	74
ENSG00000219879	1400	32	26	59	43	48
ENSG00000104355	16500	389	249	183	207	105
ENSG00000171396	650	55	34	46	32	44
ENSG00000215134	4450	117	97	49	76	62
ENSG00000164019	400	18	20	21	22	18
ENSG00000169550	4700	54	57	82	68	36
ENSG00000125446	72350	659	793	1120	1337	1371
ENSG00000144225	9550	278	303	241	203	185
ENSG00000244851	10550	140	93	193	156	190
ENSG00000228429	3100	90	27	80	42	92
ENSG00000180413	7000	108	120	94	98	35
ENSG00000231619	300	4	8	6	10	13
ENSG00000171571	157200	5964	9685	2272	3386	2548
ENSG00000112139	1750	23	29	23	34	31
ENSG00000206568	200	11	7	3	1	8
ENSG00000217229	25300	279	427	338	381	362
ENSG00000230844	12750	365	180	167	310	143
ENSG00000202990	1400	97	45	74	56	34
ENSG00000119495	300	9	8	9	4	6
ENSG00000118464	500	6	15	5	5	7
ENSG00000199973	205400	2494	3796	3270	2921	3748
ENSG00000208748	1800	143	151	125	86	126
ENSG00000193752	2500	30	33	30	20	37
ENSG00000232183	282500	4262	3001	8268	7181	8763
ENSG00000184815	1300	21	58	71	63	29
ENSG00000157919	700	26	31	35	13	32
ENSG00000166239	16400	671	748	832	623	360
ENSG00000210968	17700	256	471	299	194	207
ENSG00000142405	113600	2675	7805	5980	4038	1286
ENSG00000236486	150	10	7	8	11	3
ENSG00000140321	21000	189	226	244	397	255
ENSG00000167715	100	2	4	7	2	9
ENSG00000167184	25950	184	398	345	602	348
ENSG00000119086	3500	50	50	33	63	54
ENSG00000110044	7700	127	97	27	65	101
ENSG00000192013	2800	112	148	27	41	50
ENSG00000148854	33850	647	791	439	1089	800
ENSG00000245540	216800	2994	4046	4690	4046	3241
ENSG00000132193	5450	86	130	146	110	69
ENSG00000122533	3000	120	111	114	48	39
ENSG00000205823	4050	50	85	45	61	72
ENSG00000181710	10600	256	339	277	643	359
ENSG00000120754	1650	27	19	26	17	15
ENSG00000152340	5022400	122670	140627	43370	58084	58170
ENSG00000163057	3300	142	81	99	100	130
ENSG00000211290	346600	3884	3443	3640	5607	6281
ENSG00000114270	3150	169	111	226	183	146
ENSG00000122337	550	17	8	9	4	8
ENSG00000178881	200	6	7	12	7	3
ENSG00000201706	4000	46	59	126	64	38
ENSG00000181442	1000	26	38	23	18	43
ENSG00000180660	4550	89	86	86	133	101
ENSG00000111738	450	21	11	26	6	7
ENSG00000123189	945100	12334	22209	16792	18165	17182
ENSG00000164952	388650	14239	7624	9401	12498	8322
ENSG00000164673	100	10	5	2	2	7
ENSG00000104290	25500	364	448	336	545	364
ENSG00000152871	67600	2115	587	1524	1223	2441
ENSG00000238231	1850	76	85	66	108	67
ENSG00000123767	4600	71	70	87	111	66
ENSG00000122789	71700	1405	1405	1665	992	1855
ENSG00000101523	15900	421	301	233	474	484
ENSG00000227531	350	11	3	19	16	22
ENSG00000132614	104550	1657	1295	1988	1060	849
ENSG00000242204	2100	34	99	45	33	51
ENSG00000233072	221400	4109	6069	6118	7601	6535
ENSG00000153670	850	26	14	23	30	16
ENSG00000197230	100	2	2	1	1	1
ENSG00000209526	6450	206	202	180	242	227
ENSG00000119155	53650	1116	1233	1140	1622	3798
ENSG00000210276	16200	203	399	300	376	379
ENSG00000208027	20300	169	224	249	131	264
ENSG00000156176	1450	35	13	18	20	23
ENSG00000207860	27450	426	1103	1049	681	990
ENSG00000112732	200	4	1	4	3	3
ENSG00000119298	21200	1142	913	571	674	396
ENSG00000144234	1100	38	9	15	11	8
ENSG00000128038	2250	41	44	56	53	31
ENSG00000205783	100	7	8	10	11	14
ENSG00000123605	1200	25	16	12	12	36
ENSG00000156961	63850	4794	3148	4982	3091	3534
ENSG00000156462	300	17	17	18	6	17
ENSG00000120525	8350	423	236	281	232	152
ENSG00000178889	1400	25	48	13	27	37
ENSG00000127735	79650	793	986	765	1658	1788
ENSG00000186979	500	4	13	12	9	15
ENSG00000168668	4000	54	204	112	211	153
ENSG00000232031	49250	855	634	701	754	923
ENSG00000219970	624850	12062	12888	19238	17471	12376
ENSG00000185755	450	17	7	19	5	15
ENSG00000144293	1750	21	7	18	13	19
ENSG00000249827	7250	49	155	90	137	98
ENSG00000105838	94150	3075	1734	3827	3074	2368
ENSG00000238278	1050	10	22	12	17	20
ENSG00000241914	30800	640	610	834	845	567
ENSG00000159221	1900	38	31	35	51	45
ENSG00000245068	1100	8	19	17	10	20
ENSG00000109365	300	5	15	9	9	4
ENSG00000236888	5500	143	175	177	215	125
ENSG00000195218	60050	788	994	496	1082	989
ENSG00000118521	3400	38	67	76	92	136
ENSG00000178347	100	2	2	2	2	0
ENSG00000147828	4150	61	56	47	40	48
ENSG00000169730	67000	394	514	822	725	1100
ENSG00000132017	22600	1151	972	923	1252	1071
ENSG00000205819	13300	190	218	129	134	200
ENSG00000115429	90800	1896	1267	2291	2352	3684
ENSG00000244446	450	8	23	15	6	10
ENSG00000124767	1400	23	39	10	10	20
ENSG00000113153	511950	19337	9936	9896	13194	23151
ENSG00000106774	11300	294	423	461	529	327
ENSG00000207783	3400	105	80	38	115	87
ENSG00000216312	2450	53	56	42	60	60
ENSG00000238408	0	0	1	1	1	0
ENSG00000122185	41100	1030	237	498	617	825
ENSG00000113993	150	5	4	0	0	3
ENSG00000241087	150	2	2	1	1	4
ENSG00000230116	7650	325	136	181	183	130
ENSG00000178301	163150	2862	2508	1954	2527	1839
ENSG00000136835	1300	26	52	70	95	59
ENSG00000176199	16350	245	183	249	374	136
ENSG00000129949	4400	36	52	54	83	61
ENSG00000211507	17600	223	321	304	247	203
ENSG00000170050	50	5	2	4	6	7
ENSG00000105448	491300	12357	12089	9795	13751	9476
ENSG00000192822	1500	15	12	21	17	14
ENSG00000148922	23650	478	372	367	308	342
ENSG00000117649	150	4	0	2	2	0
ENSG00000148161	297550	7062	8267	3993	4439	3338
ENSG00000139903	9600	368	207	400	217	224
ENSG00000226475	1199400	19524	12927	5236	8862	5758
ENSG00000228960	2300	38	20	16	41	44
ENSG00000202690	65150	1249	1293	475	1061	1255
ENSG00000142689	3700	120	85	54	84	48
ENSG00000199895	10750	207	123	99	142	170
ENSG00000139976	68600	1405	1931	2080	2524	2560
ENSG00000129722	1900	19	13	29	19	13
ENSG00000165178	23250	755	761	382	492	653
ENSG00000199749	702200	3823	6772	11170	4889	9083
ENSG00000113090	364650	3034	4480	5811	7622	4148
ENSG00000110128	58500	1213	2466	1127	1491	1338
ENSG00000218597	19350	255	167	240	190	336
ENSG00000213594	1100	22	16	14	13	16
ENSG00000236540	138900	1563	2989	4935	2133	1631
ENSG00000131005	1850	32	27	17	57	42
ENSG00000161650	78500	1381	783	1416	828	1176
ENSG00000105659	3100	72	51	37	83	58
ENSG00000124676	4700	102	169	213	111	163
ENSG00000112408	9550	168	343	181	175	157
ENSG00000195363	21100	506	566	471	349	630
ENSG00000132815	1650	70	72	50	33	50
ENSG00000155825	12500	259	240	262	132	253
ENSG00000195289	1400	43	40	29	37	66
ENSG00000147462	11050	368	346	363	359	214
ENSG00000212963	13050	358	279	280	287	259
ENSG00000200614	17650	430	388	337	503	337
ENSG00000194800	1350	23	29	22	19	36
ENSG00000200279	12900	384	400	458	274	386
ENSG00000176556	8100	176	232	189	240	115
ENSG00000120669	20100	438	508	484	495	766
ENSG00000113572	7650	175	134	115	319	229
ENSG00000199037	900	9	18	17	15	16
ENSG00000190838	24500	758	1001	677	855	1122
ENSG00000146586	1750	52	68	28	21	31
ENSG00000176223	14300	216	176	135	157	227
ENSG00000111120	50	2	5	2	1	3
ENSG00000216612	25200	373	417	304	389	376
ENSG00000126595	17050	461	489	327	298	902
ENSG00000247839	1950	47	12	26	25	9
ENSG00000109118	22550	523	418	653	374	432
ENSG00000221863	3100	38	52	61	43	31
ENSG00000160877	180500	4687	1999	2189	929	2164
ENSG00000143024	11450	571	476	616	316	480
ENSG00000161865	450	6	15	14	16	6
ENSG00000122242	3950	82	105	141	132	103
ENSG00000173056	50	3	3	13	3	2
ENSG00000161634	5050	71	106	36	59	91
ENSG00000143831	22050	584	460	506	176	369
ENSG00000208771	29700	377	1056	538	798	553
ENSG00000230054	5950	101	139	71	108	75
ENSG00000248029	7450	44	46	145	91	79
ENSG00000114951	7150	171	125	103	181	242
ENSG00000187629	1700	42	30	38	28	58
ENSG00000138936	7450	336	322	346	97	361
ENSG00000169703	159800	2954	2190	1759	2155	1732
ENSG00000199189	6900	201	84	320	132	228
ENSG00000236915	75500	1426	2208	868	470	731
ENSG00000245582	1850	19	36	22	29	19
ENSG00000207110	3300	59	27	35	33	51
ENSG00000125318	19700	520	448	370	275	346
ENSG00000185391	444750	10706	10229	5027	13369	4704
ENSG00000183081	103150	1361	1434	864	659	1404
ENSG00000147007	498150	3529	5546	4749	3438	4115
ENSG00000160357	5350	164	164	134	189	116
ENSG00000180820	116450	2048	1628	2292	1168	1808
ENSG00000239654	250	6	8	4	6	5
ENSG00000188932	18900	526	442	374	420	241
ENSG00000164209	150	2	4	1	3	3
ENSG00000166820	48800	1167	1279	1923	1093	2761
ENSG00000205670	20200	444	422	417	282	625
ENSG00000144306	96700	1227	1895	1535	1899	670
ENSG00000241512	15450	429	315	354	327	391
ENSG00000163620	2900	59	30	62	63	54
ENSG00000147806	1350	26	33	42	35	35
ENSG00000135933	8650	222	212	221	214	228
ENSG00000189954	175350	3010	1581	2701	2595	3689
ENSG00000246711	26400	404	259	524	361	485
ENSG00000236239	2900	41	55	58	20	60
ENSG00000214642	1450	34	47	43	41	59
ENSG00000190515	2400	56	31	53	50	32
ENSG00000152846	3350	101	45	75	101	142
ENSG00000242858	7550	141	116	90	110	142
ENSG00000223305	2600	53	59	36	56	75
ENSG00000229307	3050	106	263	108	94	92
ENSG00000170019	100	7	9	3	6	6
ENSG00000243639	159550	3597	1973	2786	3389	3282
ENSG00000190557	5800	168	211	288	214	260
ENSG00000244405	149150	3242	2740	1871	2351	5451
ENSG00000124035	11600	280	205	262	327	449
ENSG00000154763	3550	104	204	53	64	88
ENSG00000218037	8450	127	162	240	116	166
ENSG00000189272	11350	192	174	331	254	231
ENSG00000209147	2350	15	70	36	40	21
ENSG00000104448	3100	80	50	81	67	53
ENSG00000116956	186900	5732	7627	13965	10602	7181
ENSG00000135076	73300	856	1077	1309	1059	1059
ENSG00000144062	1200	58	34	61	34	52
ENSG00000181266	18450	351	841	439	509	371
ENSG00000182421	1250	24	26	19	15	27
ENSG00000197811	121550	2774	1532	2403	3527	1941
ENSG00000173329	1000	59	41	13	24	11
ENSG00000129245	61000	1531	1316	1140	579	1073
ENSG00000232050	9600	114	171	215	181	144
ENSG00000154674	10350	171	161	250	216	180
ENSG00000133714	1550	29	28	19	21	31
ENSG00000248600	4900	154	89	61	146	83
ENSG00000228457	1100	24	47	14	17	10
ENSG00000201097	1600	20	28	35	27	26
ENSG00000240823	10350	293	427	471	212	411
ENSG00000134813	997550	25991	29330	31125	32111	29872
ENSG00000159871	3450	59	54	85	82	74
ENSG00000113221	78750	1140	1986	1251	1011	1238
ENSG00000109736	4550	175	136	179	161	144
ENSG00000243795	2850	29	28	41	44	22
ENSG00000132559	107250	2833	2750	1356	2990	2648
ENSG00000101482	20300	688	557	281	804	471
ENSG00000240708	83300	1360	2073	1697	2324	1700
ENSG00000193313	8600	93	179	144	181	182
ENSG00000136818	11000	212	282	340	190	250
ENSG00000229704	1550	11	14	24	48	50
ENSG00000100673	6000	68	131	63	80	114
ENSG00000214140	419400	4727	3702	10707	4094	3840
ENSG00000111227	100	2	3	2	2	2
ENSG00000184877	26450	225	178	308	367	272
ENSG00000206141	288900	3146	5973	4897	3472	4748
ENSG00000136997	36850	741	800	573	614	376
ENSG00000125266	33800	1064	1250	610	1271	750
ENSG00000151313	4400	102	55	65	89	135
ENSG00000200053	59400	2121	1883	3171	1660	974
ENSG00000157803	83350	2200	2521	2160	1356	2137
ENSG00000132023	24100	265	188	118	136	61
ENSG00000244248	161750	3915	5019	3519	3637	5171
ENSG00000203944	3150	35	40	55	47	80
ENSG00000201905	0	1	1	0	3	0
ENSG00000121851	5950	156	121	133	166	85
ENSG00000162276	10900	101	164	110	86	121
ENSG00000160054	1600	25	26	28	21	33
ENSG00000227852	2500	54	81	85	82	84
ENSG00000200079	1350	57	47	21	65	55
ENSG00000141897	100	1	2	7	7	1
ENSG00000238786	87800	2392	1338	1623	1500	1635
ENSG00000207214	9450	99	132	140	186	222
ENSG00000118668	2288000	30505	56019	24861	34529	40736
ENSG00000242031	7300	199	106	164	102	142
ENSG00000119025	18700	435	413	301	495	416
ENSG00000128318	350	9	8	6	11	5
ENSG00000105952	72400	1678	1358	1068	1370	1470
ENSG00000173575	1100	10	6	18	12	24
ENSG00000249726	28950	823	468	825	376	554
ENSG00000224822	82800	1109	959	1183	1085	1444
ENSG00000170282	26300	670	585	530	713	519
ENSG00000155314	350	20	28	44	27	29
ENSG00000196190	4250	62	90	36	50	31
ENSG00000123650	37350	404	732	941	764	1102
ENSG00000106330	94300	3272	1658	2632	1850	1913
ENSG00000182148	144400	3526	3355	1466	3301	2605
ENSG00000228686	7900	376	197	134	173	134
ENSG00000187045	7900	94	122	136	145	169
ENSG00000125496	206350	4965	4750	5175	6595	6628
ENSG00000167413	4200	132	67	39	42	19
ENSG00000204775	31200	531	567	545	918	492
ENSG00000110017	3900	249	156	82	134	83
ENSG00000205310	250	5	12	10	4	12
ENSG00000100529	1200	32	57	7	25	24
ENSG00000166664	14450	549	265	497	427	786
ENSG00000129010	6950	248	415	137	207	228
ENSG00000174098	10600	454	245	725	559	401
ENSG00000104508	4300	70	98	66	98	89
ENSG00000203136	3250	76	25	36	40	83
ENSG00000117791	14700	276	375	324	288	164
ENSG00000182993	8850	305	129	131	169	122
ENSG00000165460	400	15	4	8	9	2
ENSG00000199763	2650	117	86	118	67	46
ENSG00000123221	173200	5323	6480	5253	2905	4716
ENSG00000162848	1450	28	26	32	37	40
ENSG00000120208	18900	357	573	464	530	382
ENSG00000181350	8450	113	122	252	181	145
ENSG00000146385	25900	772	809	631	1142	373
ENSG00000117227	1100	38	11	30	14	29
ENSG00000210863	500	6	15	13	5	7
ENSG00000170075	11250	420	360	339	356	410
ENSG00000248813	1900	27	26	12	36	86
ENSG00000130333	6900	126	64	239	139	184
ENSG00000212433	3450	101	53	56	96	78
ENSG00000114143	43550	1037	1144	551	972	1106
ENSG00000151571	7450	238	224	284	319	210
ENSG00000196681	5300	220	145	314	224	193
ENSG00000155185	700	28	30	9	13	19
ENSG00000129444	1050	8	8	4	4	5
ENSG00000115126	800	49	21	15	33	35
ENSG00000129400	51900	596	1117	1408	564	583
ENSG00000185818	50350	398	418	439	770	776
ENSG00000190202	19200	691	271	386	799	381
ENSG00000185093	2850	73	75	54	46	102
ENSG00000194482	550	28	11	15	23	13
ENSG00000170727	70350	1773	1298	1376	2179	1515
ENSG00000240432	17200	200	126	220	53	79
ENSG00000150587	54700	829	823	401	389	427
ENSG00000233851	900	15	29	21	10	25
ENSG00000203334	2150	60	32	45	35	24
ENSG00000115347	17050	572	391	499	658	405
ENSG00000172445	18800	559	587	660	900	603
ENSG00000133275	800	27	9	12	16	30
ENSG00000228796	11400	277	281	393	225	186
ENSG00000128376	1650	31	22	16	21	24
ENSG00000216243	90800	2095	808	1216	1727	1852
ENSG00000151652	10450	361	650	791	238	723
ENSG00000116911	528450	6916	15028	10551	15192	12035
ENSG00000112085	220200	2802	4016	1919	1977	3030
ENSG00000196930	2900	16	52	36	53	34
ENSG00000248894	7050	191	400	331	244	205
ENSG00000239910	3350	83	41	55	67	56
ENSG00000115862	6150	215	167	190	96	303
ENSG00000123341	26500	1029	680	928	718	349
ENSG00000137887	16400	199	261	167	193	129
ENSG00000208831	11000	184	149	173	205	126
ENSG00000219100	650	10	7	8	7	8
ENSG00000240781	30400	347	451	460	271	323
ENSG00000187638	8150	220	111	162	229	156
ENSG00000164454	23250	618	441	425	514	477
ENSG00000215353	54750	1087	1325	745	878	1564
ENSG00000246768	11550	131	99	290	187	89
ENSG00000134326	15350	1147	301	666	527	440
ENSG00000151537	2350	98	55	72	54	32
ENSG00000197796	54450	726	921	987	409	824
ENSG00000135016	2900	119	165	155	159	115
ENSG00000186518	1150	52	62	22	48	47
ENSG00000239704	6050	52	92	68	156	142
ENSG00000144274	450	6	10	12	6	12
ENSG00000124511	1850	39	66	51	35	64
ENSG00000117804	4050	67	63	77	52	81
ENSG00000197588	3100	244	66	136	211	149
ENSG00000105755	9800	80	117	153	86	104
ENSG00000180431	1950	36	28	37	41	70
ENSG00000149923	5000	128	222	127	79	142
ENSG00000228882	50	4	2	4	2	2
ENSG00000167171	8750	206	183	188	278	201
ENSG00000117612	22250	364	360	578	355	694
ENSG00000194748	49350	822	595	770	345	561
ENSG00000228526	41250	1293	1156	1256	1242	1213
ENSG00000165677	4650	119	77	115	90	92
ENSG00000247306	6550	84	145	190	118	144
ENSG00000200346	4600	138	118	79	50	35
ENSG00000159722	2150	81	71	61	66	86
ENSG00000162265	9500	196	154	231	176	318
ENSG00000199473	170050	1650	2296	2710	2745	1825
ENSG00000123703	350	11	10	4	2	7
ENSG00000141916	3400	56	73	54	35	69
ENSG00000140207	10000	205	217	269	209	184
ENSG00000105546	750	23	6	19	8	19
ENSG00000218805	19050	349	327	273	366	132
ENSG00000115065	700	21	36	8	12	9
ENSG00000189152	4200	61	53	89	88	47
ENSG00000179030	400	6	4	4	5	8
ENSG00000125130	11500	406	183	383	186	202
ENSG00000200640	3250	57	69	43	45	25
ENSG00000198286	16800	762	471	302	607	298
ENSG00000208940	2550	92	94	80	63	84
ENSG00000175243	1300	24	14	31	14	22
ENSG00000226777	4950	86	124	77	55	29
ENSG00000161801	6950	220	192	180	280	126
ENSG00000249260	6600	181	158	161	140	122
ENSG00000159042	2800	84	78	84	75	43
ENSG00000249676	4000	46	102	102	41	84
ENSG00000100132	3850	143	139	166	81	139
ENSG00000115327	28200	1174	710	909	437	550
ENSG00000237831	4300	47	113	45	66	76
ENSG00000137951	18450	441	384	337	331	295
ENSG00000200098	1000	11	27	16	10	10
ENSG00000248266	23950	972	605	598	816	1309
ENSG00000116989	8300	278	379	178	202	357
ENSG00000178447	10400	159	147	29	40	65
ENSG00000157196	3100	104	92	93	83	85
ENSG00000201243	300	5	4	3	8	6
ENSG00000121226	14550	446	417	239	211	140
ENSG00000179942	10800	150	141	74	65	81
ENSG00000246388	300	11	11	11	17	6
ENSG00000187915	4850	142	69	96	92	76
ENSG00000216867	26400	539	311	270	331	323
ENSG00000165800	10700	128	203	133	186	89
ENSG00000243235	16650	300	165	286	151	159
ENSG00000114736	1950	42	34	51	49	35
ENSG00000231578	41200	855	723	629	565	449
ENSG00000155181	6050	111	85	157	109	97
ENSG00000242586	32400	1127	773	594	532	935
ENSG00000220714	569600	20010	12367	14602	7310	13526
ENSG00000135485	100	4	1	6	1	2
ENSG00000219635	2050	41	33	41	51	45
ENSG00000171720	17250	285	527	171	50	127
ENSG00000119421	1900	29	59	37	36	52
ENSG00000109086	82100	1534	2007	1314	982	1284
ENSG00000120251	2500	125	60	86	62	65
ENSG00000131830	302250	4581	6496	5454	1789	4409
ENSG00000192456	68750	1175	678	962	754	903
ENSG00000114113	8100	507	389	474	380	258
ENSG00000114235	8550	147	86	228	128	126
ENSG00000215921	37050	482	1102	951	641	1003
ENSG00000180711	26900	340	365	424	542	368
ENSG00000158459	147950	2071	4000	3248	2650	2511
ENSG00000110932	17750	328	124	166	207	216
ENSG00000199981	51400	873	629	1007	1414	1069
ENSG00000229740	14200	308	367	166	273	338
ENSG00000216168	13550	359	154	217	196	476
ENSG00000204770	550	10	2	7	12	6
ENSG00000208982	9350	121	183	155	216	116
ENSG00000133814	21250	338	342	673	125	449
ENSG00000163389	2550	27	32	25	16	11
ENSG00000112352	500	15	13	12	1	9
ENSG00000170478	3150	78	172	76	43	45
ENSG00000232087	11700	233	169	242	479	242
ENSG00000240229	100	4	4	3	6	6
ENSG00000179895	22600	413	525	520	361	413
ENSG00000217873	50100	748	1092	584	2009	1089
ENSG00000197858	9150	88	96	124	46	85
ENSG00000144205	18100	557	658	310	201	272
ENSG00000232843	14100	370	354	307	353	318
ENSG00000153899	2100	45	28	22	22	37
ENSG00000177364	12350	515	566	628	337	551
ENSG00000220631	23500	485	319	267	353	355
ENSG00000139831	100	16	9	6	9	20
ENSG00000108597	22600	456	533	400	348	458
ENSG00000188115	47550	841	744	1376	716	827
ENSG00000200274	750	14	18	13	14	9
ENSG00000114395	63450	1109	477	754	402	601
ENSG00000109969	5000	131	107	45	57	115
ENSG00000191718	500	17	18	9	10	17
ENSG00000249414	900	12	20	27	38	24
ENSG00000190139	1200	31	34	38	39	34
ENSG00000247821	13700	195	574	466	530	518
ENSG00000212958	3100	96	57	66	82	51
ENSG00000216449	3250	48	31	44	62	52
ENSG00000238601	550	7	8	13	11	7
ENSG00000190984	14100	151	247	213	99	97
ENSG00000165714	750	7	12	24	4	13
ENSG00000211108	2000	63	24	19	38	34
ENSG00000239881	59600	1426	846	508	412	876
ENSG00000123814	31400	370	506	602	595	167
ENSG00000168383	1650	31	40	25	31	41
ENSG00000125824	5900	137	252	165	191	205
ENSG00000139603	25700	875	1172	476	514	461
ENSG00000236526	2350	124	121	193	105	118
ENSG00000208341	98950	1326	2246	1674	1241	1264
ENSG00000216245	95300	1981	1574	2346	2606	2173
ENSG00000104858	2550	125	157	170	161	71
ENSG00000146653	450	8	20	18	5	19
ENSG00000146560	11100	130	318	85	119	57
ENSG00000180532	87150	1702	2287	2532	1426	4145
ENSG00000154780	74900	1723	1669	1127	1568	1570
ENSG00000195815	70500	1649	1122	938	1987	1923
ENSG00000207273	44850	1145	1046	1305	1558	1567
ENSG00000204023	3150	45	78	65	48	94
ENSG00000212184	9750	284	151	191	165	273
ENSG00000216190	95850	967	994	1236	1401	1464
ENSG00000202086	7450	290	255	248	279	274
ENSG00000161110	25150	996	755	899	1004	1104
ENSG00000249333	2100	12	21	35	16	15
ENSG00000247105	500	18	15	5	11	6
ENSG00000176776	417350	9005	12368	7147	10002	5733
ENSG00000141219	54150	1221	1192	530	708	1227
ENSG00000215761	9550	802	736	881	598	249
ENSG00000202331	141700	1374	2445	2262	4730	1720
ENSG00000100126	662750	12272	19870	10408	7427	14565
ENSG00000141224	3839200	45969	37704	68750	26366	41242
ENSG00000145567	250	1	2	1	1	1
ENSG00000199292	21250	552	350	385	387	290
ENSG00000219441	75500	1280	1239	956	881	1174
ENSG00000127287	100	2	9	2	1	1
ENSG00000162740	300	2	4	5	13	2
ENSG00000199954	2950	123	108	107	109	96
ENSG00000217502	223950	8572	4950	5703	4095	10171
ENSG00000129128	30900	1260	1414	962	1364	1497
ENSG00000156730	648250	10898	14992	13622	8724	16467
ENSG00000234712	19100	368	267	198	266	486
ENSG00000226550	49550	1935	1155	1024	1050	1249
ENSG00000212768	148950	2748	3267	4091	3247	3722
ENSG00000121095	66850	1333	777	301	299	278
ENSG00000232886	9900	180	96	150	139	117
ENSG00000185145	15200	255	232	170	80	87
ENSG00000108528	150	0	0	3	0	1
ENSG00000241255	12800	300	190	292	335	308
ENSG00000132452	100	3	4	2	2	6
ENSG00000112196	650	29	45	34	19	32
ENSG00000214768	32850	446	701	935	373	283
ENSG00000209040	15150	411	433	247	242	353
ENSG00000205052	100	2	3	0	4	1
ENSG00000155639	23650	212	573	365	411	286
ENSG00000182661	27950	729	842	346	732	516
ENSG00000164890	13350	214	401	165	228	180
ENSG00000141180	67100	552	947	789	998	710
ENSG00000169446	34300	404	533	395	472	613
ENSG00000127884	300	7	6	6	3	5
ENSG00000168836	4900	86	159	98	60	91
ENSG00000127814	4150	70	83	63	46	46
ENSG00000193694	1100	7	17	17	17	21
ENSG00000242058	3850	84	87	136	188	216
ENSG00000163852	1750	40	27	15	29	34
ENSG00000147962	6050	111	63	98	120	84
ENSG00000249070	1550	17	18	30	15	32
ENSG00000194003	151600	2306	1251	908	803	783
ENSG00000148572	806550	12439	12751	18168	17276	6020
ENSG00000159791	2450	52	37	44	51	41
ENSG00000162000	9350	98	225	121	123	129
ENSG00000207733	6550	203	203	146	213	198
ENSG00000229362	26800	337	335	570	411	302
ENSG00000175093	5800	128	99	91	68	110
ENSG00000184794	150	0	0	0	3	1
ENSG00000139768	12050	410	279	323	209	229
ENSG00000135494	6000	134	39	152	115	59
ENSG00000114666	350	25	13	22	27	14
ENSG00000152525	2900	97	123	124	112	115
ENSG00000109786	2250	29	54	68	35	53
ENSG00000160225	11000	281	110	260	199	193
ENSG00000190953	7500	105	146	75	91	75
ENSG00000238687	4250	114	133	73	71	70
ENSG00000120125	8650	165	154	119	158	150
ENSG00000193437	14450	161	236	372	207	220
ENSG00000142544	4500	94	108	188	90	120
ENSG00000180895	98500	1676	844	749	1888	1329
ENSG00000200242	15650	327	155	288	269	371
ENSG00000146033	2050	34	35	51	16	8
ENSG00000235462	261800	4039	2349	4166	4210	6478
ENSG00000155173	9850	194	157	145	129	142
ENSG00000119950	95800	2267	3703	2665	1889	3869
ENSG00000236153	1300	9	28	22	16	10
ENSG00000198037	33750	1063	742	478	395	502
ENSG00000166510	229600	4274	3658	2798	3860	6009
ENSG00000161389	52900	3023	1409	1696	1969	1328
ENSG00000218554	6000	141	229	105	216	143
ENSG00000126023	2400	27	32	56	27	33
ENSG00000247329	2050	16	51	26	20	46
ENSG00000245697	17450	160	227	125	99	108
ENSG00000123079	1100	19	26	8	17	16
ENSG00000170440	1850	47	49	16	26	16
ENSG00000210642	850	12	26	14	9	11
ENSG00000180688	1600	20	25	28	18	24
ENSG00000127970	16650	219	150	128	266	284
ENSG00000157364	350	6	3	11	5	3
ENSG00000206248	8950	177	137	166	199	77
ENSG00000221461	26900	548	795	959	530	464
ENSG00000212167	1650	27	15	21	12	23
ENSG00000157209	650	25	15	22	25	29
ENSG00000182562	4000	169	83	168	213	169
ENSG00000150138	9200	148	131	176	220	113
ENSG00000216370	33650	696	817	1329	1077	819
ENSG00000180729	150	5	3	2	4	3
ENSG00000204384	4550	91	124	120	82	127
ENSG00000191760	100400	2106	3182	2830	2154	3868
ENSG00000146112	9650	146	271	198	254	96
ENSG00000135887	296450	5594	3969	5648	4620	6321
ENSG00000111338	615800	8229	7818	6023	12594	14225
ENSG00000185047	2300	61	21	22	59	60
ENSG00000175495	195000	2952	2642	2497	3252	3666
ENSG00000191370	23600	441	444	466	527	556
ENSG00000179672	4800	206	160	185	59	109
ENSG00000145618	6350	120	101	97	108	82
ENSG00000158504	5450	115	111	79	38	55
ENSG00000212757	700	23	21	26	28	18
ENSG00000178719	6950	173	217	91	142	135
ENSG00000137871	41150	1206	1027	1127	1158	953
ENSG00000218109	49600	1581	3848	1194	2121	1789
ENSG00000103629	3600	64	49	64	49	34
ENSG00000121169	15600	372	321	329	430	416
ENSG00000220707	39600	346	357	320	366	251
ENSG00000147012	100	0	1	0	1	1
ENSG00000207135	37750	400	804	962	306	300
ENSG00000121309	1550	17	12	10	9	9
ENSG00000142055	1250	23	16	5	19	16
ENSG00000202603	49350	696	513	800	938	1021
ENSG00000104252	256650	3142	2272	3913	5223	5374
ENSG00000194733	1300	13	20	13	20	18
ENSG00000118452	2200	24	16	49	19	23
ENSG00000106768	850	23	28	27	21	33
ENSG00000248916	1450	45	31	27	42	38
ENSG00000190880	1950	69	73	80	89	69
ENSG00000157750	1800	19	19	33	36	22
ENSG00000123902	250	11	6	5	2	1
ENSG00000125537	308850	5813	3806	5470	3779	7685
ENSG00000223690	3800	51	29	47	66	74
ENSG00000201172	2550	25	26	44	27	38
ENSG00000101666	53900	1057	639	1187	1014	1140
ENSG00000108312	4700	110	69	82	83	90
ENSG00000193304	53850	1123	1873	1011	1036	611
ENSG00000179752	38700	773	723	699	766	560
ENSG00000106829	83700	1006	869	879	1420	745
ENSG00000186765	5800	156	109	61	43	114
ENSG00000163326	32650	400	537	289	469	484
ENSG00000122318	350	9	4	11	4	5
ENSG00000183712	200	10	2	12	11	16
ENSG00000121603	7000	173	192	163	175	136
ENSG00000103509	1750	64	57	71	83	72
ENSG00000242576	79500	1761	2145	1778	2426	809
ENSG00000212262	5800	95	73	84	75	84
ENSG00000110848	250	1	3	12	3	8
ENSG00000225508	5300	211	205	246	133	137
ENSG00000123037	7100	51	83	80	62	104
ENSG00000248963	8700	132	125	293	286	338
ENSG00000102327	350	7	11	11	15	14
ENSG00000157140	2350	23	23	36	54	23
ENSG00000109593	10700	195	188	81	133	442
ENSG00000190605	25450	495	758	551	409	684
ENSG00000176239	40050	532	426	343	328	521
ENSG00000114147	28000	564	1508	845	557	327
ENSG00000215924	250	8	13	9	7	7
ENSG00000224056	4900	56	85	210	142	54
ENSG00000184262	10400	581	328	234	250	187
ENSG00000133041	16900	1053	1077	797	1451	836
ENSG00000216495	30000	525	351	288	326	174
ENSG00000147816	3800	69	50	41	104	41
ENSG00000120542	3850	74	123	86	71	242
ENSG00000221586	6850	68	107	108	187	115
ENSG00000150246	200	8	4	6	2	17
ENSG00000145216	15100	339	210	133	116	49
ENSG00000187488	54850	277	893	814	603	696
ENSG00000149433	32750	456	575	1011	607	744
ENSG00000193204	150	11	9	2	2	6
ENSG00000198920	7450	110	186	205	100	101
ENSG00000172852	250	7	8	5	11	17
ENSG00000201224	73300	1374	1759	1361	1215	1209
ENSG00000237815	41300	527	1034	377	391	294
ENSG00000165090	32250	557	640	354	995	593
ENSG00000227994	1600	25	40	33	49	17
ENSG00000183799	150	2	4	2	3	3
ENSG00000245819	1350	14	12	23	16	19
ENSG00000173592	3800	72	37	73	80	103
ENSG00000226178	850	18	5	12	1	8
ENSG00000231975	950	12	33	40	20	37
ENSG00000180090	231800	7588	4157	3577	3682	4300
ENSG00000213274	550	8	8	12	11	5
ENSG00000131457	21050	503	229	415	447	520
ENSG00000144127	50	2	1	1	4	4
ENSG00000198190	10300	241	248	351	222	118
ENSG00000212915	27550	783	974	601	1643	527
ENSG00000167312	22550	211	469	267	501	238
ENSG00000182786	107000	1925	1966	2425	2577	1819
ENSG00000136668	364700	4257	3691	4849	8326	5620
ENSG00000155253	900	4	6	2	16	12
ENSG00000180488	31600	382	354	126	185	260
ENSG00000106195	23500	236	452	360	444	575
ENSG00000246927	17650	435	506	317	355	270
ENSG00000225902	146650	4500	5368	3099	2512	2843
ENSG00000157064	12650	199	249	294	396	484
ENSG00000219768	53100	1002	2089	1961	2544	1630
ENSG00000151553	40850	1399	1667	1098	1885	1681
ENSG00000110835	8500	249	181	255	382	256
ENSG00000223053	16150	215	347	379	354	646
ENSG00000106644	2300	43	63	31	61	25
ENSG00000130074	28600	611	721	354	257	276
ENSG00000161755	10850	104	267	144	257	244
ENSG00000229484	5700	179	142	224	100	89
ENSG00000200228	7550	122	176	72	32	57
ENSG00000138851	46800	495	1280	862	947	619
ENSG00000100859	3800	148	121	104	119	163
ENSG00000233407	1220300	11242	14389	8098	22610	11125
ENSG00000108671	87900	2033	2015	2135	2827	1749
ENSG00000201957	57850	464	960	797	989	981
ENSG00000208630	1000	50	64	72	32	44
ENSG00000109836	49600	1121	802	1324	654	866
ENSG00000229120	7850	161	138	203	195	232
ENSG00000197882	9150	132	149	219	282	243
ENSG00000201949	1050	30	19	29	26	18
ENSG00000235066	41550	355	556	567	507	530
ENSG00000210963	10650	379	186	174	272	136
ENSG00000121388	4050	80	105	84	55	104
ENSG00000161735	2000	28	36	19	40	39
ENSG00000240271	2150	152	77	86	69	124
ENSG00000186750	650	11	23	15	10	17
ENSG00000152776	2700	41	58	59	89	51
ENSG00000243041	207100	4674	7758	3865	2097	3161
ENSG00000156213	2100	32	68	26	40	21
ENSG00000144287	1170350	21088	18112	13275	15596	14626
ENSG00000165213	200	17	11	11	25	21
ENSG00000114833	71400	1198	1103	1457	996	1552
ENSG00000156732	73550	1864	1171	1214	1650	889
ENSG00000223365	120950	1456	1399	860	1672	1409
ENSG00000142844	37850	496	449	483	778	509
ENSG00000114861	600	5	16	7	13	6
ENSG00000135698	59350	2022	721	850	2106	1820
ENSG00000157354	60050	1841	1730	1900	841	1002
ENSG00000114440	11250	209	188	153	296	191
ENSG00000239042	150	2	1	2	4	2
ENSG00000203801	133200	934	1047	1331	2311	1392
ENSG00000231179	2000	38	38	33	34	15
ENSG00000229705	4300	95	102	88	125	69
ENSG00000144882	117000	928	1832	1751	2194	2846
ENSG00000122469	117350	2971	1939	2021	1945	2444
ENSG00000173367	10850	710	248	168	351	472
ENSG00000129331	1750	38	41	35	89	133
ENSG00000197454	679750	16038	9523	4693	2857	3917
ENSG00000172225	93850	1538	1515	1827	1466	1808
ENSG00000242098	3400	147	118	88	161	103
ENSG00000104021	1050	29	14	21	17	26
ENSG00000207919	10400	314	173	172	348	157
ENSG00000172937	200	5	23	10	7	14
ENSG00000104389	228600	4060	4170	4978	6055	3589
ENSG00000125406	23700	528	563	287	761	439
ENSG00000151835	3600	98	79	85	107	96
ENSG00000159608	60700	1037	997	369	621	436
ENSG00000173967	450	5	6	3	2	4
ENSG00000237518	8350	139	158	100	54	186
ENSG00000129319	2950	112	66	68	61	44
ENSG00000249293	450	7	4	3	8	1
ENSG00000184782	2250	51	45	57	63	48
ENSG00000138710	7500	294	203	292	301	363
ENSG00000249234	250	8	9	10	10	16
ENSG00000234409	6000	149	91	109	124	95
ENSG00000224527	500	8	9	8	8	10
ENSG00000142857	19500	568	222	424	113	400
ENSG00000139367	100	3	3	4	5	8
ENSG00000107465	30650	313	643	766	559	475
ENSG00000240687	32400	496	581	503	463	533
ENSG00000185623	20650	836	888	971	599	1141
ENSG00000132197	324300	5585	6569	7328	7576	5590
ENSG00000185927	9550	165	399	206	172	192
ENSG00000128468	10950	127	165	61	214	123
ENSG00000149157	20350	877	443	569	315	412
ENSG00000189625	4100	49	46	73	50	84
ENSG00000100768	250	11	4	3	3	2
ENSG00000187506	600	18	12	13	25	7
ENSG00000157772	550	10	16	6	6	11
ENSG00000102353	9300	159	252	352	358	112
ENSG00000215336	1650	32	52	27	57	64
ENSG00000239748	3300	22	62	61	64	103
ENSG00000166184	25100	569	439	443	434	571
ENSG00000232207	9300	261	302	113	96	276
ENSG00000131583	177050	7353	9485	9550	11703	7200
ENSG00000115832	12100	136	76	182	205	111
ENSG00000115837	1400	23	29	39	32	31
ENSG00000183880	126150	1315	1507	920	2058	1025
ENSG00000119322	3200	87	64	86	55	79
ENSG00000102996	6650	128	89	91	60	90
ENSG00000124372	67650	837	1102	809	1087	1268
ENSG00000196941	11450	84	87	222	210	239
ENSG00000119837	34600	578	333	598	823	924
ENSG00000242048	2950	55	28	29	31	69
ENSG00000207083	5200	72	80	129	80	123
ENSG00000203043	21950	568	579	732	342	619
ENSG00000119498	2250	32	79	61	86	54
ENSG00000239976	4650	109	72	43	114	56
ENSG00000166669	8850	162	159	137	83	211
ENSG00000195467	164550	4550	3556	3073	3548	3304
ENSG00000244076	165350	1314	3454	3602	4025	1933
ENSG00000249874	13700	251	261	257	401	202
ENSG00000111740	9500	295	123	201	92	102
ENSG00000204896	1900	48	26	51	64	37
ENSG00000145785	93850	1048	2822	2488	2331	3007
ENSG00000216552	17400	318	415	371	581	322
ENSG00000172792	67550	1067	1426	1185	1425	1126
ENSG00000137085	600	12	9	8	10	13
ENSG00000123304	31250	904	778	588	776	588
ENSG00000213226	10850	276	220	204	191	329
ENSG00000247914	52900	1358	505	1097	931	569
ENSG00000153112	59600	1316	1582	1865	1917	1457
ENSG00000139980	7950	152	198	207	239	167
ENSG00000110790	10200	122	107	88	120	47
ENSG00000239247	21400	863	712	877	872	381
ENSG00000113630	700	14	7	16	20	18
ENSG00000205699	169000	2997	2402	3973	2120	3785
ENSG00000114413	12000	392	506	383	263	261
ENSG00000211016	1500	24	21	33	19	20
ENSG00000178897	97200	3038	3533	2410	1756	3929
ENSG00000249296	84950	1115	975	1091	795	823
ENSG00000128873	179000	5409	2109	5557	4272	4689
ENSG00000245706	104750	2635	815	1536	564	934
ENSG00000153587	24650	813	279	522	380	805
ENSG00000189520	10700	214	216	113	229	171
ENSG00000231254	1250	19	15	24	18	24
ENSG00000167172	15300	770	1076	1069	1099	1112
ENSG00000206398	50500	525	528	513	609	822
ENSG00000177417	2600	70	97	62	66	48
ENSG00000162169	20200	508	588	521	363	451
ENSG00000180013	2450	34	25	42	37	42
ENSG00000163369	88300	1512	1910	3004	1123	1333
ENSG00000128961	8150	274	363	380	205	470
ENSG00000134024	14800	211	367	294	340	271
ENSG00000116901	2800	55	43	41	48	33
ENSG00000124886	87250	993	1177	1325	1176	1026
ENSG00000208171	12950	253	235	222	220	270
ENSG00000244439	4450	54	65	68	101	62
ENSG00000165119	22700	171	314	215	1021	342
ENSG00000145545	5650	125	67	129	113	217
ENSG00000155167	89150	1261	1150	728	1055	438
ENSG00000247097	350	10	3	10	3	8
ENSG00000228604	1500	22	41	22	11	15
ENSG00000109459	559500	9542	8684	8887	7452	15948
ENSG00000191197	7600	99	215	51	54	50
ENSG00000243567	18700	448	502	271	490	614
ENSG00000175825	4350	57	103	58	149	98
ENSG00000226884	24950	256	369	272	314	677
ENSG00000133323	1786250	66993	24757	37906	33343	24867
ENSG00000187933	200	0	2	2	4	4
ENSG00000106718	36050	602	491	660	770	675
ENSG00000148074	7300	177	158	171	98	217
ENSG00000170411	11500	203	140	184	131	175
ENSG00000120831	1500	26	37	40	35	37
ENSG00000225377	1500	34	20	30	24	26
ENSG00000183423	179900	2195	2622	1542	2863	1616
ENSG00000189545	15400	421	485	618	453	622
ENSG00000139860	950	13	8	32	20	16
ENSG00000205220	8750	178	114	279	75	204
ENSG00000208042	900	16	10	17	11	9
ENSG00000199550	4660400	70042	101361	38682	53662	67681
ENSG00000155230	19600	562	342	469	421	416
ENSG00000114050	250	6	8	9	3	3
ENSG00000182582	50550	725	719	916	978	1143
ENSG00000137579	31950	609	765	573	764	571
ENSG00000175711	17250	335	252	155	232	449
ENSG00000102431	12200	373	248	307	219	400
ENSG00000119071	3350	100	86	38	45	49
ENSG00000153765	10150	259	244	63	105	106
ENSG00000223933	200	1	3	5	9	0
ENSG00000123181	117000	3146	2537	2252	1234	1124
ENSG00000102556	854750	5298	10047	4893	11813	9505
ENSG00000200735	22000	541	487	486	802	571
ENSG00000239990	24750	573	852	517	662	432
ENSG00000166950	700	11	7	6	8	11
ENSG00000129850	4250	67	109	63	60	61
ENSG00000147201	300	10	6	14	8	7
ENSG00000173708	900	8	1	25	5	6
ENSG00000173385	54300	670	621	524	487	602
ENSG00000167063	140250	2547	2609	5280	3137	4461
ENSG00000225367	8600	182	421	178	140	105
ENSG00000246632	836750	40364	20827	35249	23041	36813
ENSG00000127904	60700	1202	683	385	987	1033
ENSG00000238198	100	4	2	6	4	2
ENSG00000170061	4050	54	147	81	115	62
ENSG00000102049	115750	2917	1826	1275	2421	3403
ENSG00000118774	7900	322	242	136	247	234
ENSG00000167104	78900	1035	1121	1535	1410	2163
ENSG00000217857	550	5	7	8	2	7
ENSG00000129516	53450	2437	2602	1355	2437	1619
ENSG00000220084	850	23	15	19	8	16
ENSG00000233918	14350	324	313	309	270	259
ENSG00000177945	1043500	18125	36555	13335	11505	9226
ENSG00000164859	12250	265	93	137	111	158
ENSG00000103966	2750	123	107	100	92	94
ENSG00000142168	28150	745	731	361	568	1371
ENSG00000247763	950	13	23	44	38	39
ENSG00000229425	1250	17	25	33	27	14
ENSG00000232575	89100	1034	1867	1511	601	1666
ENSG00000137049	1000	32	20	12	3	7
ENSG00000133327	250	11	17	16	21	27
ENSG00000240307	147900	4095	8166	7056	6071	5419
ENSG00000184720	650	19	14	21	20	13
ENSG00000158369	17850	717	334	763	459	512
ENSG00000163050	112000	1343	1694	1704	1748	1499
ENSG00000214081	18050	375	306	92	69	105
ENSG00000219527	1900	20	16	9	25	20
ENSG00000209450	47550	1141	743	1043	424	856
ENSG00000223817	900	24	19	17	28	24
ENSG00000246425	416850	9322	6084	10313	14956	12052
ENSG00000226017	784300	10795	11013	18602	12120	23682
ENSG00000200192	1100	39	11	34	36	13
ENSG00000127885	20050	583	501	570	284	424
ENSG00000120027	1850	34	29	33	48	37
ENSG00000114365	22250	523	214	373	541	286
ENSG00000153136	9100	168	226	97	68	92
ENSG00000232836	400	22	22	24	22	27
ENSG00000134620	20650	610	541	314	576	570
ENSG00000231046	450	13	12	4	4	7
ENSG00000183470	10650	824	563	389	263	375
ENSG00000196984	5600	85	116	126	165	120
ENSG00000120004	1600	22	25	25	26	47
ENSG00000106109	33050	551	1211	895	1764	1492
ENSG00000207121	9000	104	136	100	202	150
ENSG00000166386	4350	64	51	39	116	41
ENSG00000228480	3950	88	146	103	98	68
ENSG00000125895	5050	78	87	77	110	81
ENSG00000239831	46950	474	1618	1500	1257	728
ENSG00000129721	4300	37	38	44	67	68
ENSG00000141014	100	1	1	0	0	0
ENSG00000146090	0	1	0	1	0	1
ENSG00000134672	450	27	26	20	21	11
ENSG00000143254	650	13	21	12	9	8
ENSG00000156086	6000	55	88	78	122	31
ENSG00000150330	400	13	10	13	14	12
ENSG00000198941	1100	26	36	25	24	51
ENSG00000124041	189300	1378	3311	2377	3023	2075
ENSG00000146799	650	7	10	6	13	16
ENSG00000116852	70900	845	881	501	928	944
ENSG00000155279	4900	82	110	125	118	48
ENSG00000124788	130900	2100	1961	2453	2315	1740
ENSG00000131198	83550	832	398	1180	672	1222
ENSG00000225313	10950	274	212	77	184	198
ENSG00000200790	86300	2989	1277	1411	1718	1416
ENSG00000192684	32050	457	575	287	393	179
ENSG00000173595	700	17	15	12	5	15
ENSG00000161303	30300	372	445	251	483	753
ENSG00000154989	35450	248	261	258	434	230
ENSG00000212107	6950	199	115	215	53	129
ENSG00000111182	8300	159	296	352	490	578
ENSG00000106040	5100	36	67	78	78	69
ENSG00000142768	19650	213	280	263	408	357
ENSG00000220119	4550	75	119	92	61	110
ENSG00000187797	300	3	0	11	4	8
ENSG00000144345	2500	54	147	88	120	108
ENSG00000123867	266250	6894	1925	6399	5223	3614
ENSG00000229415	92750	1745	1168	760	732	292
ENSG00000209244	171550	6248	3464	5067	3743	3446
ENSG00000244323	11150	161	171	191	117	234
ENSG00000137258	3950	61	55	98	114	43
ENSG00000164206	550	11	17	18	26	29
ENSG00000145929	13600	166	352	386	126	271
ENSG00000127072	144100	2136	3887	1190	1107	1232
ENSG00000230393	22100	1058	551	614	653	1193
ENSG00000119717	51200	1151	580	899	649	855
ENSG00000212450	2450	57	75	73	59	123
ENSG00000101891	12100	211	299	81	305	300
ENSG00000165812	1500	40	55	41	67	29
ENSG00000152969	53450	453	715	557	782	949
ENSG00000209104	25300	669	761	823	447	510
ENSG00000177382	3500	25	75	45	43	59
ENSG00000237477	24200	669	307	173	233	397
ENSG00000142889	100	1	1	0	3	4
ENSG00000212326	52400	684	863	1030	516	727
ENSG00000182328	950	32	48	48	29	30
ENSG00000193083	2350	60	113	106	79	69
ENSG00000244880	32500	364	753	596	388	396
ENSG00000118097	87250	1042	1057	629	666	655
ENSG00000192256	2000	53	38	78	40	60
ENSG00000197753	284850	4533	7745	4429	5037	3785
ENSG00000230478	461050	11160	9300	13742	11411	12568
ENSG00000140998	210300	5290	3516	3275	3031	2300
ENSG00000125994	220450	2335	2910	2399	1582	1936
ENSG00000226409	7850	353	199	172	191	223
ENSG00000152895	109400	2879	4198	2282	4243	1475
ENSG00000187421	1750	33	22	23	21	24
ENSG00000158075	500	28	17	15	12	16
ENSG00000238485	11150	279	285	195	107	280
ENSG00000125172	11150	248	234	186	437	286
ENSG00000148174	1150	33	34	37	25	19
ENSG00000228624	214650	9746	9049	9115	4691	8589
ENSG00000109936	750	7	22	5	8	13
ENSG00000188025	50	5	4	4	4	2
ENSG00000151463	3550	77	43	85	53	75
ENSG00000156838	109150	2648	3836	6015	5685	2667
ENSG00000222242	25800	841	843	985	876	813
ENSG00000110556	12650	322	218	242	250	181
ENSG00000206325	32600	257	492	314	187	120
ENSG00000188059	17350	688	951	336	623	630
ENSG00000103947	17000	402	344	275	367	386
ENSG00000233075	17850	134	377	119	195	186
ENSG00000105453	5500	129	176	123	102	95
ENSG00000173462	500	6	4	8	1	11
ENSG00000109383	22600	875	930	1091	778	802
ENSG00000145312	1750	72	90	70	81	40
ENSG00000135024	25800	344	450	552	279	261
ENSG00000148447	23700	594	448	325	540	632
ENSG00000246071	50200	1529	1040	1912	1509	1428
ENSG00000230710	850	22	42	55	38	39
ENSG00000148978	60250	452	460	652	399	754
ENSG00000147598	55050	1249	955	1305	818	1434
ENSG00000102808	6500	133	217	91	115	86
ENSG00000170789	4150	111	112	67	230	190
ENSG00000133200	8700	231	191	243	141	211
ENSG00000159266	500	22	20	31	15	19
ENSG00000226687	1900	102	25	98	61	74
ENSG00000198886	900	2	18	13	16	13
ENSG00000116197	51800	1326	975	2063	1303	1296
ENSG00000135940	1650	29	21	33	25	14
ENSG00000179350	750	35	10	21	26	12
ENSG00000161588	13650	300	187	249	244	224
ENSG00000100181	16600	548	590	212	471	441
ENSG00000174373	3300	90	84	88	47	89
ENSG00000120455	2350	23	29	15	17	28
ENSG00000215259	20500	447	133	467	148	348
ENSG00000207299	93950	1885	1436	517	596	1034
ENSG00000239171	200	4	3	6	13	7
ENSG00000157328	68600	1194	1564	1431	935	780
ENSG00000150203	550	3	8	3	5	3
ENSG00000126217	26200	431	652	917	540	290
ENSG00000104253	6500	123	168	76	21	97
ENSG00000224428	3150	137	78	66	100	149
ENSG00000233376	29850	745	1234	632	766	489
ENSG00000114992	121550	2956	3626	3132	1876	2150
ENSG00000104269	397650	14697	15666	10524	5412	10791
ENSG00000149624	125600	3855	1781	1745	2408	2188
ENSG00000150355	34600	863	523	877	831	548
ENSG00000234896	1250	14	10	11	8	9
ENSG00000171176	5500	40	68	61	74	51
ENSG00000107063	15700	161	141	170	101	234
ENSG00000203910	2500	14	53	49	22	73
ENSG00000158873	18850	446	300	512	383	751
ENSG00000119177	9300	98	133	85	79	76
ENSG00000127192	362550	4719	5685	4130	5646	3993
ENSG00000142718	3450	97	96	142	84	62
ENSG00000111297	750	11	17	17	7	17
ENSG00000107255	3750	32	42	40	33	77
ENSG00000239227	4700	86	67	40	23	20
ENSG00000177145	31350	640	982	188	713	667
ENSG00000195525	151350	1354	1054	4899	2794	2242
ENSG00000184221	54800	1183	1122	651	1139	1252
ENSG00000219501	84050	1370	1900	441	1530	890
ENSG00000151308	2400	39	44	51	33	40
ENSG00000156236	1350	15	20	17	23	18
ENSG00000238302	3100	57	59	18	53	27
ENSG00000104823	16300	200	333	173	148	152
ENSG00000229967	4150	116	46	41	100	100
ENSG00000241526	14400	290	209	371	320	193
ENSG00000172307	38450	784	1028	850	1236	1641
ENSG00000139890	7750	74	154	154	183	186
ENSG00000143373	176900	3397	3222	5022	4363	3214
ENSG00000138278	1600	25	48	33	46	33
ENSG00000198637	38950	866	917	480	354	912
ENSG00000106145	4500	139	85	105	77	136
ENSG00000123259	68250	1649	993	975	1334	1021
ENSG00000204082	6100	176	147	164	115	169
ENSG00000125550	3000	23	84	31	24	41
ENSG00000122519	7250	92	82	98	184	72
ENSG00000247851	2600	31	15	37	33	18
ENSG00000190756	1400	15	9	15	21	16
ENSG00000194674	40650	549	622	818	1181	782
ENSG00000125409	3500	121	100	54	48	50
ENSG00000176937	133650	2474	2627	2465	1793	1216
ENSG00000160153	793200	26565	32981	18911	36380	30567
ENSG00000247911	2200	50	73	37	97	42
ENSG00000214002	42500	969	999	776	976	952
ENSG00000164842	6250	83	164	202	133	62
ENSG00000170412	150	6	3	1	5	1
ENSG00000205526	9200	144	137	174	117	80
ENSG00000147622	100900	3289	2182	3862	4048	2033
ENSG00000238385	800	11	14	13	10	14
ENSG00000229123	11500	267	249	170	92	156
ENSG00000136171	6100	33	132	98	77	108
ENSG00000186220	450	3	7	8	17	4
ENSG00000235352	18900	339	264	328	201	194
ENSG00000218913	2800	94	150	107	165	90
ENSG00000246362	24100	751	555	526	502	407
ENSG00000118135	11400	129	249	275	105	78
ENSG00000212505	500	8	9	12	7	13
ENSG00000120774	10450	207	152	261	202	231
ENSG00000121683	55250	322	498	505	532	744
ENSG00000209586	3450	60	98	94	72	85
ENSG00000169674	19800	437	319	654	658	677
ENSG00000117381	11850	454	421	437	281	413
ENSG00000122919	0	6	2	4	0	1
ENSG00000136090	35650	352	583	563	502	211
ENSG00000211773	250	3	2	3	2	2
ENSG00000151995	1200	21	32	18	15	14
ENSG00000115811	9800	239	326	103	139	84
ENSG00000121329	800	34	11	3	17	20
ENSG00000148578	2150	44	41	29	33	24
ENSG00000185476	63550	960	1331	1251	2036	1118
ENSG00000231045	1000	17	8	20	21	16
ENSG00000137462	103000	2917	4759	1021	1892	2117
ENSG00000210653	345400	6843	4336	5316	5084	5837
ENSG00000144266	188300	3459	2017	2810	1890	3557
ENSG00000217684	1000	10	17	14	22	16
ENSG00000175605	200	9	6	9	4	18
ENSG00000206558	6700	203	249	131	149	271
ENSG00000208497	577600	6758	11009	6924	8048	11903
ENSG00000193032	4200	192	230	58	109	45
ENSG00000226287	1950	25	41	49	50	44
ENSG00000188954	5750	165	157	125	73	96
ENSG00000136118	30700	855	254	380	420	642
ENSG00000223666	62600	1486	859	1016	1129	1344
ENSG00000149369	8100	208	138	207	100	117
ENSG00000202545	4850	122	73	98	133	77
ENSG00000196428	20250	232	169	281	482	455
ENSG00000160739	5350	123	156	114	104	144
ENSG00000106620	3750	60	66	60	79	45
ENSG00000182843	550	13	6	1	3	0
ENSG00000159865	5150	165	143	178	168	160
ENSG00000126522	3200	33	23	36	97	63
ENSG00000232755	4200	91	62	106	155	116
ENSG00000182237	4850	54	68	31	81	59
ENSG00000240436	1100	41	22	19	25	26
ENSG00000246399	35250	402	405	477	258	619
ENSG00000109127	34550	773	1604	835	1188	1180
ENSG00000115665	10650	481	758	432	300	376
ENSG00000172519	950	30	39	39	40	34
ENSG00000177433	10650	172	375	182	128	200
ENSG00000116970	26950	586	546	347	319	457
ENSG00000239376	7700	136	125	81	122	78
ENSG00000181542	43550	356	532	483	480	509
ENSG00000121203	400	8	4	8	13	14
ENSG00000143049	3850	110	78	86	92	81
ENSG00000219030	149950	3083	1793	1390	2164	2180
ENSG00000176510	60400	1010	1262	1171	806	1097
ENSG00000131904	3700	69	69	75	111	160
ENSG00000138673	7000	123	119	132	119	191
ENSG00000124600	687650	11847	6574	11785	8561	10994
ENSG00000136885	87650	965	1682	1615	1450	2117
ENSG00000201285	2000	29	47	38	27	55
ENSG00000236871	10150	361	276	291	297	304
ENSG00000216419	3250	82	90	48	47	83
ENSG00000158348	1500	26	43	47	69	39
ENSG00000130063	650	12	18	10	10	8
ENSG00000233159	24500	681	568	343	630	967
ENSG00000169312	792850	10115	13538	17658	9970	11882
ENSG00000144277	36850	858	582	714	813	835
ENSG00000151905	650	8	6	7	11	7
ENSG00000189731	33850	1075	1021	392	447	337
ENSG00000131120	450	11	9	4	6	12
ENSG00000136874	11500	191	226	258	247	145
ENSG00000103709	42900	1272	1338	763	405	1841
ENSG00000177936	158000	3900	3098	2786	3234	2935
ENSG00000246345	8750	153	125	144	157	170
ENSG00000243703	14250	196	291	365	497	393
ENSG00000126119	5950	250	158	193	217	105
ENSG00000195917	4850	84	70	109	74	118
ENSG00000149194	117750	2023	2914	6872	991	2298
ENSG00000177195	1600	22	16	38	25	33
ENSG00000181317	350	9	4	4	6	5
ENSG00000173183	135500	4587	8710	4229	4272	2716
ENSG00000130977	826200	19878	14097	7889	11780	11915
ENSG00000238534	250	3	11	8	10	1
ENSG00000151749	54950	891	978	1064	952	831
ENSG00000245902	27650	679	809	519	364	496
ENSG00000230802	6050	116	162	121	78	38
ENSG00000174666	2100	27	20	30	16	9
ENSG00000169081	5900	188	408	242	80	116
ENSG00000227799	3650	103	96	51	101	77
ENSG00000195402	31500	570	1277	932	1027	770
ENSG00000106691	2700	33	30	46	17	38
ENSG00000114716	28400	992	2783	1767	1447	1013
ENSG00000106316	2800	89	59	81	15	74
ENSG00000190775	209500	2625	3449	5326	4343	3724
ENSG00000150431	35800	928	1371	527	1297	978
ENSG00000190037	94550	870	2117	1442	1208	1463
ENSG00000234459	2350	46	108	82	44	84
ENSG00000194762	5150	100	102	111	115	126
ENSG00000206210	4050	160	97	129	95	125
ENSG00000213417	76550	2558	1551	2660	607	1474
ENSG00000159982	1250	36	21	56	41	51
ENSG00000232271	2000	28	26	24	37	34
ENSG00000192356	3800	154	78	100	130	136
ENSG00000141444	15250	278	370	103	474	237
ENSG00000144255	6550	47	174	129	90	106
ENSG00000223434	7550	136	108	143	145	115
ENSG00000246185	850	13	16	13	12	5
ENSG00000119119	3400	80	83	47	58	56
ENSG00000222116	1200	20	14	12	21	15
ENSG00000200278	96500	1427	781	1203	803	653
ENSG00000104554	8300	80	170	113	155	227
ENSG00000116841	34500	631	364	738	681	425
ENSG00000186482	550	7	13	9	14	8
ENSG00000249402	3400	93	176	209	122	120
ENSG00000111977	23700	345	301	573	522	386
ENSG00000220702	550	24	19	14	17	15
ENSG00000143380	2900	48	42	37	21	81
ENSG00000166480	1450	65	60	39	65	43
ENSG00000147702	14750	180	298	324	167	157
ENSG00000198124	10400	231	279	365	221	194
ENSG00000112972	1000	15	24	4	6	10
ENSG00000127549	13000	207	461	479	122	492
ENSG00000107530	10800	241	226	298	188	315
ENSG00000224175	19350	298	211	421	276	372
ENSG00000102296	1200	46	21	43	36	23
ENSG00000171783	7750	158	79	95	125	163
ENSG00000111941	193950	4138	3074	3066	1470	1782
ENSG00000204182	54650	1290	1967	1969	1300	1456
ENSG00000141648	3000	36	43	31	80	26
ENSG00000139564	249500	7920	6862	3884	4885	4173
ENSG00000240789	2300	72	71	55	101	86
ENSG00000216613	1600	20	24	31	33	29
ENSG00000174097	153150	2001	2152	1497	1345	957
ENSG00000137568	16850	219	452	229	217	218
ENSG00000153178	696550	12787	25523	11476	10278	16216
ENSG00000149248	7650	58	79	67	112	76
ENSG00000171714	24250	423	336	136	143	221
ENSG00000184485	62700	1337	1069	668	973	1203
ENSG00000179736	7700	354	97	227	210	156
ENSG00000148204	4100	70	50	37	45	56
ENSG00000126278	7800	128	186	112	178	131
ENSG00000165189	5500	83	134	75	222	81
ENSG00000207971	6100	185	130	126	210	149
ENSG00000212815	3100	55	225	218	222	97
ENSG00000207713	1000	17	5	1	6	6
ENSG00000231053	56750	600	1459	1073	836	1020
ENSG00000123595	3750	90	63	45	47	23
ENSG00000185886	3750	44	123	101	112	59
ENSG00000146350	1250	27	29	24	16	24
ENSG00000211870	3800	93	66	80	49	59
ENSG00000226663	36700	1068	862	1193	1137	1037
ENSG00000108267	99300	1851	1604	1575	1537	1620
ENSG00000192607	13200	320	304	243	368	181
ENSG00000151407	10750	169	217	181	392	214
ENSG00000179724	1950	49	58	46	50	57
ENSG00000198878	8150	70	97	156	48	137
ENSG00000136579	12050	258	221	269	242	209
ENSG00000216341	6250	45	108	177	182	96
ENSG00000135207	1100	22	38	33	13	16
ENSG00000229657	18750	239	351	225	197	214
ENSG00000237214	250	26	34	32	17	5
ENSG00000188297	660350	11246	5348	5871	11819	6877
ENSG00000168667	18550	604	467	87	203	308
ENSG00000204413	3650	32	77	41	54	41
ENSG00000121892	14900	323	331	355	327	353
ENSG00000226752	1400	25	39	38	47	51
ENSG00000111537	13550	219	236	92	99	82
ENSG00000245548	158800	4517	2981	4411	1732	2558
ENSG00000232710	118650	2176	3066	1168	2405	1561
ENSG00000189198	1300	20	12	15	14	16
ENSG00000187223	500	17	13	13	32	5
ENSG00000164299	3850	52	52	48	50	85
ENSG00000112238	922650	11281	19514	12703	11916	18556
ENSG00000135763	8800	274	105	110	161	115
ENSG00000162891	7550	446	288	206	268	292
ENSG00000166277	2600	42	63	58	80	55
ENSG00000224012	113100	2145	2406	1298	2512	2046
ENSG00000230754	51700	912	1641	916	512	1041
ENSG00000155893	400	2	1	7	5	5
ENSG00000169972	1650	33	20	24	18	31
ENSG00000167291	200	2	5	5	5	3
ENSG00000107499	550	16	8	20	21	6
ENSG00000193739	2350	34	21	18	30	20
ENSG00000178847	450	5	13	3	3	15
ENSG00000133568	3300	64	85	47	42	45
ENSG00000143084	25250	567	415	337	467	566
ENSG00000237330	61250	1249	1654	1703	1591	961
ENSG00000116537	6400	207	163	187	194	177
ENSG00000181248	35650	805	674	477	556	608
ENSG00000154172	600	5	9	7	16	16
ENSG00000195307	196700	2777	3755	3388	4375	3664
ENSG00000248766	231900	17084	13263	13986	11150	13619
ENSG00000159535	4500	171	229	125	155	137
ENSG00000128638	17450	367	310	523	486	265
ENSG00000241975	27750	303	300	225	294	342
ENSG00000199358	150	1	1	2	0	0
ENSG00000235198	90250	2108	1224	846	912	2436
ENSG00000157479	12450	387	422	397	751	702
ENSG00000159310	300	6	6	2	8	4
ENSG00000190379	5050	205	89	94	87	37
ENSG00000134638	67650	1001	1517	1045	1037	1693
ENSG00000159307	49200	1500	980	366	362	596
ENSG00000214631	350	11	10	9	8	1
ENSG00000235290	6500	49	59	57	43	46
ENSG00000105691	2200	38	26	29	42	65
ENSG00000148001	10650	173	235	137	260	163
ENSG00000216587	1000	58	56	44	25	50
ENSG00000232613	9800	142	152	174	115	133
ENSG00000138316	3600	111	61	85	116	135
ENSG00000118093	250	8	11	10	7	5
ENSG00000153681	6850	422	339	359	272	322
ENSG00000108154	13600	245	301	247	151	448
ENSG00000190221	1350	45	59	37	52	53
ENSG00000128886	22150	602	504	290	1279	791
ENSG00000103548	663400	15575	13131	12302	17747	15516
ENSG00000212615	550	9	11	8	9	6
ENSG00000184736	10550	345	241	367	180	161
ENSG00000163412	43500	613	1070	512	385	1086
ENSG00000103858	27250	305	210	129	164	146
ENSG00000123200	3000	14	45	32	46	64
ENSG00000107466	494500	14875	20164	10162	14981	10371
ENSG00000198085	1350	38	59	53	59	58
ENSG00000230530	3200	71	164	72	96	105
ENSG00000112536	1200	38	45	46	26	50
ENSG00000232802	69800	2384	1629	1274	2387	1552
ENSG00000160298	50	3	0	3	2	3
ENSG00000159658	1450	14	18	28	13	22
ENSG00000120074	2750	89	44	83	58	80
ENSG00000142646	10200	243	165	333	271	133
ENSG00000106585	11300	680	386	226	325	495
ENSG00000199017	59500	806	1061	1000	965	1119
ENSG00000112148	5800	170	106	150	102	96
ENSG00000208039	2450	29	32	36	35	55
ENSG00000245380	4050	142	74	112	137	126
ENSG00000138403	1550	10	18	44	11	19
ENSG00000100795	1900	62	54	41	25	51
ENSG00000128896	1300	41	39	32	32	47
ENSG00000116067	8150	262	336	182	180	223
ENSG00000105273	26150	750	447	693	1059	1390
ENSG00000100057	1250	17	17	11	19	15
ENSG00000117808	4100	66	35	62	41	26
ENSG00000221695	10700	158	117	227	78	168
ENSG00000152700	17250	310	169	230	148	261
ENSG00000151616	5200	49	72	55	51	160
ENSG00000218014	26000	566	238	310	398	769
ENSG00000114792	6600	85	161	134	108	75
ENSG00000114096	50	4	2	9	4	8
ENSG00000142469	54250	2595	1982	1852	2856	1242
ENSG00000222274	2000	16	26	16	17	9
ENSG00000155705	201400	3886	4946	3222	4361	2224
ENSG00000225836	11200	171	403	163	372	199
ENSG00000135801	11900	275	319	233	182	380
ENSG00000162897	550	21	24	3	6	8
ENSG00000128411	19800	405	723	236	185	228
ENSG00000213586	4200	105	91	126	90	70
ENSG00000108094	1150	43	28	42	20	27
ENSG00000186385	29050	548	237	289	355	288
ENSG00000204874	18550	585	346	842	1143	368
ENSG00000247440	108800	1980	1645	1301	1619	1228
ENSG00000178543	600	12	8	11	15	15
ENSG00000162855	1000	31	41	33	34	33
ENSG00000218854	82750	1573	3120	1918	4048	1756
ENSG00000193687	11700	414	591	529	503	442
ENSG00000134769	40000	643	799	1082	509	716
ENSG00000142648	1000	47	34	60	42	58
ENSG00000206519	12200	314	340	258	408	392
ENSG00000212716	49650	586	884	653	791	869
ENSG00000120403	800	12	7	26	8	21
ENSG00000136954	2150	57	42	44	47	41
ENSG00000115753	12500	311	186	288	196	347
ENSG00000142957	95050	1114	2276	2333	2698	2522
ENSG00000141769	2900	93	51	57	43	81
ENSG00000203182	18200	622	384	569	666	432
ENSG00000197004	650	52	23	30	27	20
ENSG00000220037	250	13	20	2	19	16
ENSG00000232814	36050	461	791	471	708	618
ENSG00000180160	1600	26	9	19	17	29
ENSG00000210254	11500	115	69	243	190	245
ENSG00000119654	1800	46	91	47	57	44
ENSG00000110610	8500	321	661	586	342	435
ENSG00000177134	700	16	7	19	7	12
ENSG00000117162	300	14	6	12	4	8
ENSG00000198935	1000	6	10	5	5	5
ENSG00000191452	8600	74	129	148	33	60
ENSG00000134748	111100	2304	1582	1501	1991	1642
ENSG00000113847	92400	1701	2264	793	631	652
ENSG00000188974	17450	451	210	142	404	196
ENSG00000246472	11000	277	283	127	169	118
ENSG00000248781	128200	2012	1537	3056	3350	1940
ENSG00000170907	7050	79	137	85	129	136
ENSG00000176008	46800	1582	674	2087	1314	979
ENSG00000200779	132900	778	3109	2598	2989	2961
ENSG00000169842	32250	357	804	672	831	427
ENSG00000146244	32950	969	673	158	448	658
ENSG00000197600	15250	317	207	127	255	301
ENSG00000221627	4600	155	106	111	73	116
ENSG00000241448	9750	216	341	293	291	266
ENSG00000114138	1300	21	35	12	12	26
ENSG00000146900	1550	13	39	18	27	24
ENSG00000116095	224900	3415	3978	4318	2877	3720
ENSG00000212369	8150	176	95	92	81	140
ENSG00000125374	350	4	5	6	6	9
ENSG00000216559	124250	1490	2430	3413	2839	2311
ENSG00000215322	156700	2517	1382	2223	1742	2159
ENSG00000149627	22950	161	693	284	312	200
ENSG00000229033	600	9	14	17	12	10
ENSG00000147632	322700	8419	5897	5466	7353	4656
ENSG00000144998	42500	1080	963	1113	1301	1018
ENSG00000111897	86300	1779	1943	1922	1048	1327
ENSG00000109368	4450	50	44	109	91	69
ENSG00000170179	45700	515	487	379	273	252
ENSG00000142522	6400	91	33	24	82	94
ENSG00000188698	4250	83	99	48	140	114
ENSG00000192540	750	15	12	12	10	19
ENSG00000225841	750	30	30	32	14	43
ENSG00000206665	3900	42	53	80	64	105
ENSG00000223149	6750	171	284	146	204	216
ENSG00000185378	43650	848	809	1082	670	867
ENSG00000215562	11000	647	398	363	400	222
ENSG00000223656	250	3	4	2	3	5
ENSG00000180481	50550	1482	1260	1187	1480	1261
ENSG00000171529	400	11	9	9	9	3
ENSG00000185302	18450	478	259	185	263	259
ENSG00000215406	18400	117	202	84	168	129
ENSG00000203557	7200	282	124	103	120	156
ENSG00000236608	4800	30	48	30	49	84
ENSG00000138848	500	8	29	10	13	18
ENSG00000200615	199750	3171	3745	2633	5749	3257
ENSG00000142130	50	1	2	0	1	3
ENSG00000189075	1250	35	14	37	38	15
ENSG00000147482	118850	1844	2400	1659	1278	1861
ENSG00000215957	5900	112	118	138	149	74
ENSG00000228362	6850	152	110	199	181	115
ENSG00000244257	3250	92	25	20	30	31
ENSG00000107988	1550	36	41	22	14	16
ENSG00000179780	31350	299	471	339	578	486
ENSG00000159238	7850	121	59	106	114	102
ENSG00000231970	18250	355	246	173	384	290
ENSG00000145030	36800	876	905	390	774	436
ENSG00000132059	400	3	5	5	8	9
ENSG00000182876	550	42	22	25	19	16
ENSG00000246944	1800	28	30	27	24	30
ENSG00000219793	10700	190	333	173	264	221
ENSG00000120555	33850	445	443	641	724	442
ENSG00000148645	900	31	26	22	13	25
ENSG00000118667	4000	154	60	127	66	143
ENSG00000107572	8500	171	144	126	143	90
ENSG00000160399	1850	187	137	69	150	44
ENSG00000151317	108200	3341	1906	2068	2690	3235
ENSG00000218473	1050	21	30	41	25	43
ENSG00000241368	7550	261	166	178	187	209
ENSG00000179235	250	5	2	1	2	1
ENSG00000120230	7550	91	130	60	165	115
ENSG00000126784	15900	160	221	146	103	172
ENSG00000112154	35650	633	438	580	457	397
ENSG00000188302	3750	49	41	60	38	37
ENSG00000131647	4900	101	34	49	56	74
ENSG00000227269	650	20	11	8	7	5
ENSG00000164013	5350	79	130	21	42	68
ENSG00000104261	1323950	8125	11176	19639	11210	19429
ENSG00000119663	200	3	6	3	2	4
ENSG00000115395	100	5	5	6	1	4
ENSG00000179906	8750	200	205	169	204	331
ENSG00000214993	1300	29	22	10	31	18
ENSG00000166195	202950	3841	2699	1602	1153	1089
ENSG00000212946	250	6	6	8	14	3
ENSG00000110285	201450	6443	3871	3901	3492	4748
ENSG00000137037	2050	29	51	91	46	52
ENSG00000229103	200	16	4	6	10	4
ENSG00000189933	100	5	2	0	0	2
ENSG00000149180	1150	23	21	24	12	28
ENSG00000233591	2150	23	30	16	94	69
ENSG00000169932	17450	169	293	440	436	253
ENSG00000201518	750	19	13	7	10	17
ENSG00000154630	1824050	43440	60528	107724	47905	34285
ENSG00000136013	25950	421	1054	845	994	969
ENSG00000194908	11350	197	179	120	100	141
ENSG00000116588	1550	34	59	57	35	42
ENSG00000111973	1032750	17009	23322	27840	40618	46283
ENSG00000208474	1000	27	10	21	33	38
ENSG00000137862	39350	618	815	506	464	697
ENSG00000122518	170100	2485	1866	2207	1127	2534
ENSG00000109500	1150	12	8	28	52	17
ENSG00000182405	29500	817	637	386	353	344
ENSG00000190761	1850	26	61	52	48	30
ENSG00000208561	101800	2435	1217	2475	2225	3040
ENSG00000152489	123050	3199	2023	2473	2371	2238
ENSG00000105898	24300	291	562	367	203	466
ENSG00000137524	12650	217	230	293	280	158
ENSG00000134382	600	10	14	9	9	4
ENSG00000228369	825300	23891	5896	11207	21535	16088
ENSG00000183925	243250	2572	4034	2129	3783	3173
ENSG00000148264	20400	583	836	634	675	416
ENSG00000210712	258400	10802	9290	1585	2692	2607
ENSG00000112052	4750	149	226	48	154	111
ENSG00000175317	1150	16	15	16	14	15
ENSG00000122838	38600	1080	733	780	728	1002
ENSG00000136564	650	28	20	32	19	29
ENSG00000188340	2100	36	49	47	45	55
ENSG00000152758	44900	873	949	717	646	604
ENSG00000157401	500	10	3	5	5	5
ENSG00000121599	3900	104	140	227	137	97
ENSG00000149123	3500	59	126	56	140	107
ENSG00000197414	650	19	13	13	18	16
ENSG00000230550	900	11	7	18	7	10
ENSG00000133868	4000	93	60	110	71	137
ENSG00000144647	10250	120	125	106	98	88
ENSG00000134210	12200	199	196	303	152	145
ENSG00000225566	250	5	5	8	12	12
ENSG00000189475	9300	280	100	108	289	158
ENSG00000129129	700	30	16	11	13	13
ENSG00000222908	3650	48	91	17	49	13
ENSG00000116611	56000	745	1019	735	1432	1237
ENSG00000194229	2850	18	39	54	21	39
ENSG00000129037	2400	33	33	114	56	55
ENSG00000224952	400	47	67	38	15	13
ENSG00000107580	7400	193	169	142	360	123
ENSG00000182183	36600	945	993	848	860	722
ENSG00000177054	4500	119	164	42	92	71
ENSG00000187381	40050	248	878	380	450	715
ENSG00000200057	900	4	6	12	15	12
ENSG00000143023	15800	336	354	339	313	262
ENSG00000107040	10950	111	82	128	76	79
ENSG00000167524	6200	153	213	128	111	134
ENSG00000136190	1200	24	12	20	19	19
ENSG00000178655	2100	69	66	73	98	53
ENSG00000199661	5950	204	512	344	263	452
ENSG00000130672	200	18	22	20	15	10
ENSG00000125158	88650	1503	878	756	681	649
ENSG00000211400	4500	88	90	68	69	72
ENSG00000160325	15300	418	405	700	495	331
ENSG00000114880	600	10	7	12	15	9
ENSG00000178258	450	6	4	9	7	4
ENSG00000187018	26950	638	451	709	575	593
ENSG00000107515	41350	711	685	1022	845	404
ENSG00000184065	5150	107	79	115	113	104
ENSG00000123023	59500	636	476	656	671	1128
ENSG00000189959	13200	120	95	180	146	128
ENSG00000204718	19050	570	868	635	925	401
ENSG00000158269	6350	138	169	218	142	173
ENSG00000170728	800	18	9	15	29	23
ENSG00000131990	55850	886	1928	1153	1657	1367
ENSG00000170375	1050	23	19	23	19	13
ENSG00000133732	726450	9838	15912	10818	18107	11022
ENSG00000160703	8050	175	114	108	178	124
ENSG00000171092	1000	18	17	20	30	27
ENSG00000235257	3150	84	81	70	95	124
ENSG00000134388	5450	104	94	222	209	202
ENSG00000248409	6000	206	149	180	127	156
ENSG00000202225	23250	708	341	396	516	216
ENSG00000145244	1550	44	41	19	38	29
ENSG00000234214	50	0	1	4	4	2
ENSG00000128606	1600	16	41	18	21	20
ENSG00000231404	21250	476	238	304	316	376
ENSG00000130540	59400	1097	1244	1781	2111	2124
ENSG00000128347	50	4	2	3	6	3
ENSG00000188652	12400	247	294	112	222	175
ENSG00000122492	75600	804	1586	1052	1754	1397
ENSG00000131359	50	12	7	18	8	16
ENSG00000129168	362200	4310	3545	7051	2847	6681
ENSG00000157436	1550	38	26	58	25	42
ENSG00000151888	2300	227	168	72	202	117
ENSG00000220289	2250	54	27	37	44	111
ENSG00000222983	277000	5369	6981	7073	3936	5402
ENSG00000183389	111750	1096	1013	1246	1285	738
ENSG00000174470	6400	272	170	200	155	172
ENSG00000245815	5100	33	77	59	92	61
ENSG00000188511	450	2	4	5	6	2
ENSG00000221099	7000	213	288	55	77	116
ENSG00000167965	1800	48	21	42	63	49
ENSG00000166485	6850	61	106	93	128	118
ENSG00000192648	200	4	0	4	4	2
ENSG00000138649	136450	1841	2907	855	2193	1610
ENSG00000227552	49000	776	1224	1063	865	655
ENSG00000154303	120200	2888	4705	4187	2886	2425
ENSG00000171853	2300	19	50	36	36	65
ENSG00000169935	3650	180	170	318	109	114
ENSG00000187309	1000	37	34	13	7	17
ENSG00000130968	66150	1593	1228	1170	504	1636
ENSG00000139334	4350	140	138	195	95	153
ENSG00000189831	204300	4228	4625	3456	3847	3108
ENSG00000115167	19900	740	953	484	344	945
ENSG00000184515	32150	572	954	298	927	717
ENSG00000229858	9950	645	485	476	328	201
ENSG00000177757	450	6	6	14	6	5
ENSG00000197601	70600	1090	1394	797	670	529
ENSG00000128759	150	5	4	6	11	4
ENSG00000151959	7200	315	319	195	539	369
ENSG00000142298	66450	703	1452	613	723	716
ENSG00000223331	600	11	23	10	19	20
ENSG00000121891	1000	53	31	21	42	35
ENSG00000224286	4750	115	121	109	102	88
ENSG00000166420	12200	304	275	203	348	289
ENSG00000154406	22750	224	234	175	204	253
ENSG00000125097	7950	195	268	186	195	113
ENSG00000106467	850	31	18	35	23	27
ENSG00000125478	12250	281	197	351	273	302
ENSG00000234149	3918750	57706	58448	23165	18914	15951
ENSG00000122852	1450	51	63	76	39	52
ENSG00000205829	193850	10724	5324	2103	4746	4849
ENSG00000165741	300	16	8	11	19	9
ENSG00000168670	1650	34	10	19	48	55
ENSG00000110533	127600	2992	1784	2278	2002	760
ENSG00000136483	35800	274	582	383	1168	704
ENSG00000161583	218100	4232	2548	5665	4584	5450
ENSG00000156930	9650	472	350	583	718	575
ENSG00000151155	3000	41	65	27	40	78
ENSG00000189670	5600	128	140	179	154	148
ENSG00000247827	7650	207	94	55	83	75
ENSG00000235850	74150	1267	1461	902	1005	1542
ENSG00000108132	26800	596	806	464	465	342
ENSG00000223533	112400	1924	1492	1305	1291	1856
ENSG00000237437	2550	75	57	22	31	18
ENSG00000133363	3050	155	81	68	85	69
ENSG00000163715	3250	69	81	51	51	60
ENSG00000240197	2850	70	95	59	33	46
ENSG00000147765	5850	103	97	99	125	112
ENSG00000192846	94950	1686	1760	3814	1686	2409
ENSG00000161593	6000	129	185	314	223	116
ENSG00000121900	133750	1531	1465	2252	2298	822
ENSG00000229225	6500	211	248	149	277	105
ENSG00000197320	200	7	8	1	3	6
ENSG00000102258	300	10	0	7	15	4
ENSG00000138177	3900	93	99	96	48	100
ENSG00000162937	107900	1751	1239	959	1373	1150
ENSG00000139037	5850	142	122	313	152	135
ENSG00000229710	500	5	14	3	16	5
ENSG00000191172	8800	398	108	259	162	149
ENSG00000162864	7700	180	159	112	96	117
ENSG00000178341	20650	617	554	538	846	673
ENSG00000221653	28450	849	683	811	1072	1079
ENSG00000201062	20550	340	143	271	232	222
ENSG00000151674	2350	48	57	61	50	37
ENSG00000163971	850	21	17	28	21	26
ENSG00000202770	4150	82	81	98	105	45
ENSG00000222752	4800	140	153	108	145	167
ENSG00000194641	20450	223	261	289	382	176
ENSG00000195475	4400	63	81	58	57	86
ENSG00000223426	4100	63	48	30	36	40
ENSG00000155919	17500	454	433	385	313	308
ENSG00000173005	65700	681	477	998	728	850
ENSG00000208448	13650	264	330	205	320	192
ENSG00000135276	800	20	24	13	24	20
ENSG00000133114	6750	55	101	112	113	47
ENSG00000238091	740850	15015	6708	16260	9434	7827
ENSG00000150096	850	38	34	16	11	14
ENSG00000114102	3000	80	88	71	51	61
ENSG00000198962	19100	885	834	933	657	1143
ENSG00000159028	850	11	20	24	34	34
ENSG00000167856	5500	92	86	92	79	104
ENSG00000104294	101200	1161	2239	1463	1790	898
ENSG00000157885	49900	868	537	560	1335	930
ENSG00000238187	250	4	4	5	1	3
ENSG00000183341	34800	677	362	618	552	458
ENSG00000209691	4300	61	74	51	135	58
ENSG00000101119	800	6	5	21	6	12
ENSG00000245456	68150	783	944	934	1661	1528
ENSG00000207940	3550	50	58	20	90	67
ENSG00000189688	7250	187	65	166	117	136
ENSG00000133216	1100	25	18	20	22	28
ENSG00000192895	52600	1240	1790	798	544	768
ENSG00000123351	74750	1064	832	1256	1330	676
ENSG00000124675	41350	451	739	585	638	551
ENSG00000133242	1324500	14524	14353	14746	14224	16799
ENSG00000174493	19500	524	684	354	751	475
ENSG00000228694	5050	91	84	114	51	75
ENSG00000144408	22950	494	562	274	675	402
ENSG00000217335	17600	257	363	393	355	377
ENSG00000120118	21450	668	812	737	661	378
ENSG00000135908	100	0	0	1	0	1
ENSG00000172633	35400	922	918	1092	423	1171
ENSG00000190872	689950	15500	15001	10081	3965	8914
ENSG00000140607	92700	1011	1492	1678	1348	1097
ENSG00000191300	9400	78	120	58	70	72
ENSG00000152417	988900	14021	21019	6136	14535	19413
ENSG00000223539	44450	1475	825	973	1186	798
ENSG00000153030	725900	11239	9048	11116	16831	13324
ENSG00000229783	115900	1343	1355	1809	1970	899
ENSG00000227816	9900	266	126	106	123	90
ENSG00000248719	400	9	10	9	8	8
ENSG00000219704	15050	454	365	313	286	173
ENSG00000162385	37150	1005	543	511	855	1149
ENSG00000106917	3250	49	114	62	82	131
ENSG00000207367	1350	10	16	15	15	17
ENSG00000201701	72100	973	587	2183	1643	1467
ENSG00000170923	1350	59	71	30	56	66
ENSG00000114940	256800	5744	3412	2953	4925	4052
ENSG00000173726	3700	28	125	86	66	65
ENSG00000160134	17450	568	690	271	485	407
ENSG00000242951	10950	141	131	151	91	81
ENSG00000162033	48850	1276	1241	612	763	554
ENSG00000167149	58150	861	561	516	593	1381
ENSG00000231495	150	2	7	5	8	5
ENSG00000226100	5200	68	50	55	81	91
ENSG00000240213	4400	35	106	59	100	67
ENSG00000162732	3650	75	110	87	56	62
ENSG00000224338	19000	55	195	247	142	114
ENSG00000232898	60700	1175	3807	3697	2657	2010
ENSG00000148673	1350	17	26	22	42	26
ENSG00000117762	39400	540	396	730	913	623
ENSG00000241015	8900	162	161	125	112	85
ENSG00000200938	2350	74	65	66	71	90
ENSG00000158093	450	21	5	17	4	3
ENSG00000207790	2150	50	53	42	54	21
ENSG00000127613	1000	27	25	26	19	22
ENSG00000227860	31700	599	510	469	572	419
ENSG00000222001	261350	9303	10037	2811	3257	7280
ENSG00000214144	23600	735	806	463	556	496
ENSG00000231163	68300	849	548	1398	1482	1077
ENSG00000179307	1700	33	63	75	41	70
ENSG00000241598	40400	472	643	1268	849	676
ENSG00000138837	2900	29	43	17	49	32
ENSG00000127702	1150	59	21	25	48	16
ENSG00000172001	11300	555	436	288	443	277
ENSG00000188606	2700	40	46	89	87	97
ENSG00000214198	14950	520	850	996	879	734
ENSG00000156251	13400	193	322	335	323	501
ENSG00000205437	4950	98	91	58	142	173
ENSG00000163543	3200	64	55	90	86	139
ENSG00000205653	25800	239	269	266	370	167
ENSG00000231716	14800	340	324	367	366	336
ENSG00000185979	13050	158	171	164	297	297
ENSG00000118965	82350	2092	2996	2776	1423	2322
ENSG00000192371	2200	82	68	54	45	49
ENSG00000237275	250	26	12	18	28	28
ENSG00000230131	800	12	21	27	9	19
ENSG00000169343	1000	26	34	46	38	34
ENSG00000118214	900	31	52	47	27	38
ENSG00000141796	8950	350	162	80	133	224
ENSG00000225263	387550	1865	6403	5515	4573	6905
ENSG00000102749	450	31	24	30	20	16
ENSG00000243995	2600	44	37	33	31	33
ENSG00000123197	3950	99	88	107	82	114
ENSG00000196241	1500	30	35	69	25	20
ENSG00000161653	2600	39	66	44	60	72
ENSG00000197834	47100	934	848	331	555	876
ENSG00000212769	169250	2633	1954	4320	3647	4410
ENSG00000160582	3050	52	31	94	39	37
ENSG00000157352	5900	170	240	184	258	197
ENSG00000168549	64150	1518	1256	987	1392	1258
ENSG00000208860	13250	274	499	397	493	316
ENSG00000145599	6150	95	187	110	159	231
ENSG00000144620	15200	822	290	383	340	207
ENSG00000195756	4350	214	99	193	118	163
ENSG00000166766	3100	89	104	73	50	68
ENSG00000228358	46600	600	573	435	614	627
ENSG00000121461	3250	58	52	69	83	52
ENSG00000110388	7400	139	71	59	99	93
ENSG00000142181	24200	389	424	355	272	261
ENSG00000176609	1450	25	13	7	18	24
ENSG00000124798	40000	940	1057	776	736	1138
ENSG00000198627	3000	119	54	46	30	50
ENSG00000116851	850	21	36	33	30	38
ENSG00000129577	34350	505	718	859	474	488
ENSG00000199833	35300	813	701	778	521	846
ENSG00000205035	33900	1479	2260	1305	1084	937
ENSG00000245684	209300	2132	2541	3207	2847	3411
ENSG00000141578	1750	43	57	41	34	26
ENSG00000234748	6000	120	191	184	195	91
ENSG00000147583	500	41	28	36	35	35
ENSG00000108792	2900	52	61	24	52	66
ENSG00000161824	57550	1181	533	966	1022	578
ENSG00000248461	18250	275	377	236	423	527
ENSG00000121648	11550	337	322	502	236	457
ENSG00000213228	29400	498	586	445	263	353
ENSG00000170326	5600	65	51	85	126	119
ENSG00000126145	264750	3720	2460	1648	1603	3544
ENSG00000220236	3250	50	54	40	34	38
ENSG00000133758	34450	660	407	570	710	697
ENSG00000239125	3200	32	61	44	45	59
ENSG00000161682	1700	25	22	35	35	49
ENSG00000129826	427950	11403	7121	8562	12106	8593
ENSG00000237423	3050	78	119	96	142	118
ENSG00000188887	43750	777	927	434	991	885
ENSG00000189762	1700	32	39	43	51	43
ENSG00000130286	850	52	55	65	61	15
ENSG00000127127	256800	4829	5525	3066	1934	2141
ENSG00000141226	27550	405	274	223	411	829
ENSG00000176278	5700	227	153	264	292	172
ENSG00000178417	37650	427	456	541	284	357
ENSG00000167467	20700	444	1048	484	394	456
ENSG00000113764	36750	828	704	727	617	988
ENSG00000175411	17450	295	404	304	677	1167
ENSG00000207835	35700	658	712	809	161	789
ENSG00000223961	61200	887	780	374	411	190
ENSG00000235550	14500	316	216	315	283	386
ENSG00000182737	57950	2440	1171	831	1653	1901
ENSG00000117053	0	0	1	4	5	6
ENSG00000123240	58300	1037	510	1054	569	1056
ENSG00000101146	10350	195	249	182	327	151
ENSG00000226267	9700	271	137	162	236	238
ENSG00000204214	5850	136	122	42	137	57
ENSG00000192879	3650	72	111	47	30	60
ENSG00000111211	25700	533	654	305	452	411
ENSG00000188380	850	8	17	10	11	15
ENSG00000190476	1100	25	45	26	17	29
ENSG00000118433	1100	33	19	33	21	37
ENSG00000120694	247200	3179	4702	4966	3891	5110
ENSG00000213644	11000	144	104	181	175	316
ENSG00000138889	8000	149	198	139	162	106
ENSG00000110927	650	11	6	5	9	13
ENSG00000159137	6250	240	223	309	187	211
ENSG00000191816	76900	2134	2384	1179	1014	827
ENSG00000121863	950	12	27	21	24	19
ENSG00000197764	8850	235	68	169	102	221
ENSG00000198011	6600	158	206	220	238	193
ENSG00000174749	42550	513	607	755	844	371
ENSG00000132216	64800	1045	701	1652	1137	510
ENSG00000152759	317100	7149	5398	5249	11015	10208
ENSG00000131668	11850	114	258	182	194	181
ENSG00000148009	14200	338	265	184	97	103
ENSG00000157545	3500	65	32	19	31	56
ENSG00000123520	63550	1114	964	363	931	923
ENSG00000166202	10350	248	411	137	194	105
ENSG00000207937	31000	298	927	335	509	548
ENSG00000222064	21150	587	785	863	505	591
ENSG00000126930	7500	182	121	105	96	70
ENSG00000201152	7400	103	117	81	94	81
ENSG00000243654	5400	221	239	209	275	141
ENSG00000237114	8750	267	232	172	149	165
ENSG00000210960	8700	243	292	83	81	214
ENSG00000202966	6300	110	75	127	90	68
ENSG00000173408	12700	273	248	155	86	82
ENSG00000190994	119850	1352	2523	1939	1571	1894
ENSG00000158514	2800	37	25	28	29	49
ENSG00000218670	8750	211	97	303	111	179
ENSG00000227999	11000	162	330	135	109	186
ENSG00000236551	48100	1166	1352	1369	976	1034
ENSG00000105501	3400	74	39	26	41	82
ENSG00000197805	3300	95	105	144	92	64
ENSG00000184809	2400	42	70	75	66	70
ENSG00000211861	47650	489	728	681	1055	839
ENSG00000231876	17500	723	559	379	346	657
ENSG00000147671	19950	346	318	252	387	439
ENSG00000135669	9600	166	112	284	239	126
ENSG00000134308	600000	8871	11132	16798	14541	7078
ENSG00000171630	26700	590	590	324	201	368
ENSG00000111834	150	5	2	7	5	1
ENSG00000224508	400	13	8	15	4	8
ENSG00000116229	400	6	14	11	12	9
ENSG00000139472	3050	85	92	52	37	56
ENSG00000121091	450	12	11	8	8	22
ENSG00000145767	5050	74	244	190	113	132
ENSG00000220089	700	8	12	8	14	11
ENSG00000187810	10400	163	232	147	122	136
ENSG00000233589	1950	50	78	32	72	41
ENSG00000162851	11000	546	380	272	736	266
ENSG00000137764	10400	264	164	209	237	189
ENSG00000206047	900	29	13	34	20	12
ENSG00000137386	215550	8250	3743	8736	8333	2959
ENSG00000141788	350	14	10	18	13	11
ENSG00000206531	3100	68	46	130	28	37
ENSG00000241724	250	9	14	6	18	12
ENSG00000184209	46950	1001	939	977	1612	995
ENSG00000213131	61300	958	800	713	947	853
ENSG00000212259	4650	97	149	133	60	158
ENSG00000141791	50	1	0	2	2	0
ENSG00000165665	92200	1283	734	732	662	328
ENSG00000167303	352700	3247	6636	6451	7659	9665
ENSG00000204694	1000	42	26	17	31	22
ENSG00000227026	7850	260	410	219	267	398
ENSG00000186860	40100	736	661	688	892	495
ENSG00000102357	5200	93	99	134	180	177
ENSG00000241713	450	20	9	14	13	11
ENSG00000224121	5300	88	121	23	114	81
ENSG00000231017	1900	39	38	39	38	38
ENSG00000207995	40550	569	752	492	497	487
ENSG00000163731	150	7	5	4	5	7
ENSG00000187380	20900	380	346	374	419	662
ENSG00000208441	6750	262	187	83	206	227
ENSG00000206976	350	8	7	2	11	6
ENSG00000152799	1850	53	45	11	12	25
ENSG00000100354	23000	458	632	251	364	569
ENSG00000247465	198550	2104	3538	1345	2058	2100
ENSG00000230036	43550	557	1660	496	1131	567
ENSG00000161378	1627800	35749	50456	56703	43901	34085
ENSG00000188661	7950	203	246	212	212	143
ENSG00000190770	1000	40	15	7	22	11
ENSG00000146952	4900	99	208	163	171	139
ENSG00000121626	2500	104	90	46	20	26
ENSG00000224881	50	1	1	2	1	1
ENSG00000196992	70300	1021	895	1330	800	1050
ENSG00000139162	1450	7	13	17	15	17
ENSG00000115777	1350	24	25	20	34	18
ENSG00000239508	309800	3367	5255	5223	6857	4229
ENSG00000152114	1250	21	33	32	49	33
ENSG00000249612	1300	29	34	23	37	33
ENSG00000227889	43550	727	839	985	919	867
ENSG00000248790	122900	11042	7587	7049	6196	5656
ENSG00000125552	100	5	4	2	3	8
ENSG00000223495	1250	17	21	22	11	9
ENSG00000195563	3800	48	43	30	36	40
ENSG00000168864	46200	401	749	376	535	791
ENSG00000147135	22600	420	243	242	199	272
ENSG00000105548	158000	1726	2444	1024	1769	944
ENSG00000196288	350	4	9	15	7	8
ENSG00000147859	4300	88	115	113	92	97
ENSG00000131970	171300	1835	2175	4826	2834	3283
ENSG00000172599	100	4	4	4	0	3
ENSG00000158271	61900	814	1816	1806	482	1834
ENSG00000213483	1200	37	20	19	16	14
ENSG00000114592	12800	164	241	317	209	204
ENSG00000109171	1350	36	34	25	8	15
ENSG00000233829	19600	502	414	473	536	403
ENSG00000112176	50400	517	602	779	482	893
ENSG00000136700	3500	88	67	82	141	130
ENSG00000235155	148900	2545	3049	3544	2712	4341
ENSG00000114704	1350	21	17	14	12	20
ENSG00000176508	28650	889	967	1077	1398	614
ENSG00000181586	800	5	12	6	12	25
ENSG00000144853	42350	1481	3533	500	1053	811
ENSG00000237675	48150	826	731	583	1206	449
ENSG00000209523	2850	44	21	24	14	40
ENSG00000171643	125800	3440	3181	4163	3666	1677
ENSG00000109160	4250	150	81	53	129	114
ENSG00000220535	450	9	12	9	8	6
ENSG00000199877	5550	86	65	109	62	107
ENSG00000106166	28350	895	646	917	868	1048
ENSG00000144301	10500	149	219	240	173	214
ENSG00000150980	71150	1060	801	1259	916	1275
ENSG00000123575	148150	2301	3739	3589	2018	1216
ENSG00000116093	115200	1724	2097	1148	1030	984
ENSG00000134158	19950	456	648	563	313	573
ENSG00000124124	9200	228	179	287	183	294
ENSG00000125013	15800	296	444	402	376	325
ENSG00000179703	133100	2983	2679	2442	3293	2978
ENSG00000136962	3650	33	48	40	31	47
ENSG00000241733	5650	76	76	152	105	144
ENSG00000199225	28050	793	625	1245	1137	723
ENSG00000202716	500	18	18	26	28	14
ENSG00000106642	110800	3202	3848	1186	797	1344
ENSG00000156886	6650	219	174	205	108	166
ENSG00000209381	36450	899	1363	428	621	536
ENSG00000127373	3000	44	42	61	29	32
ENSG00000192947	2350	135	94	94	102	155
ENSG00000183348	89200	1671	1475	1067	1320	1352
ENSG00000192162	850	39	36	19	28	22
ENSG00000229700	48950	1760	415	1039	1168	1871
ENSG00000232184	119250	1635	3162	1891	2049	1752
ENSG00000207234	17000	423	333	109	170	244
ENSG00000129522	150	3	3	2	2	1
ENSG00000101021	650	11	17	10	7	11
ENSG00000177563	13900	275	373	314	384	372
ENSG00000123678	45200	766	1786	1902	646	1593
ENSG00000119959	600	18	17	17	10	14
ENSG00000138833	25300	383	330	476	381	529
ENSG00000114036	24250	966	466	167	104	389
ENSG00000166338	450	7	4	8	13	6
ENSG00000126526	8550	236	313	150	219	378
ENSG00000241825	1000	21	65	40	38	26
ENSG00000121571	500	7	6	11	5	7
ENSG00000186714	251200	5369	5842	11076	5427	6227
ENSG00000223747	1800	22	33	23	33	27
ENSG00000138424	350	10	7	6	7	8
ENSG00000245377	300	12	11	6	9	9
ENSG00000219407	861250	7543	7593	5390	6709	9276
ENSG00000218365	50050	859	939	1641	630	956
ENSG00000187320	14650	226	580	483	349	599
ENSG00000214641	1350	24	38	24	29	37
ENSG00000122130	15250	317	247	233	248	204
ENSG00000238007	18950	377	233	126	88	167
ENSG00000146349	36500	459	777	510	652	490
ENSG00000184778	450	2	10	4	7	9
ENSG00000159354	77650	646	882	459	454	514
ENSG00000187041	62850	1898	1287	1524	950	661
ENSG00000117413	1800	18	26	33	17	60
ENSG00000225940	950	11	26	22	25	25
ENSG00000136797	5500	87	118	64	146	152
ENSG00000122344	400	8	7	7	11	4
ENSG00000248603	2700	86	125	90	109	85
ENSG00000121971	4800	76	70	83	101	71
ENSG00000176901	186050	5045	3482	1305	1753	1578
ENSG00000201559	1550	22	23	19	28	20
ENSG00000161647	2850	59	58	76	72	105
ENSG00000121518	75250	1408	3258	2839	2234	1236
ENSG00000155365	200	10	4	2	8	5
ENSG00000189076	33900	1155	736	1007	1017	1207
ENSG00000121134	1900	69	68	55	107	43
ENSG00000118295	25000	425	440	622	497	295
ENSG00000147667	4650	56	134	142	158	183
ENSG00000120791	39150	303	361	978	415	636
ENSG00000131272	0	0	3	1	0	0
ENSG00000234268	1500	64	32	65	41	77
ENSG00000159857	100	0	2	2	1	4
ENSG00000244331	4850	75	104	79	78	49
ENSG00000100955	3100	23	47	47	49	47
ENSG00000162285	7500	157	123	183	192	143
ENSG00000159401	309300	3647	5397	3788	2556	3713
ENSG00000162238	16700	364	275	476	204	246
ENSG00000210754	29550	416	282	134	345	493
ENSG00000198040	21000	504	319	495	710	674
ENSG00000186146	6800	83	53	103	109	74
ENSG00000140788	128250	2049	1582	4440	2550	1722
ENSG00000164121	25250	499	904	557	512	412
ENSG00000130013	10000	185	243	171	168	222
ENSG00000135341	88300	3336	2418	2205	2125	1375
ENSG00000183709	1500	78	36	117	113	95
ENSG00000111801	3850	33	77	95	83	44
ENSG00000213707	800	42	26	33	30	25
ENSG00000116891	300	14	4	4	10	4
ENSG00000215495	400	12	13	21	16	13
ENSG00000249101	94450	1051	1046	1449	1616	2238
ENSG00000230937	3000	61	79	31	42	49
ENSG00000243051	10150	154	160	168	189	162
ENSG00000137127	39550	600	521	989	936	387
ENSG00000104901	8000	82	197	65	178	114
ENSG00000100391	1000	21	10	29	13	18
ENSG00000233372	700	20	25	30	34	38
ENSG00000172743	2700	80	79	45	71	80
ENSG00000240530	39050	1264	830	946	909	793
ENSG00000223126	2900	65	40	30	63	54
ENSG00000178535	3650	65	63	44	69	42
ENSG00000218529	15550	431	299	589	355	484
ENSG00000123985	11250	195	113	248	179	85
ENSG00000237193	35800	449	393	162	75	151
ENSG00000136897	7550	288	227	240	340	201
ENSG00000207359	337100	1385	3097	2835	2221	3653
ENSG00000139495	2800	76	109	66	70	93
ENSG00000215795	3400	75	47	85	64	56
ENSG00000144740	205300	6186	5350	6043	6685	3939
ENSG00000157666	900	23	17	37	19	27
ENSG00000141255	200	3	3	13	2	4
ENSG00000182014	77550	1281	1502	1200	466	1386
ENSG00000156325	2150	46	68	85	84	79
ENSG00000216577	3950	177	150	146	84	121
ENSG00000126503	9350	204	155	271	175	270
ENSG00000232013	1100	18	9	12	13	10
ENSG00000199778	22850	443	648	516	295	234
ENSG00000145565	850	10	19	17	11	17
ENSG00000234120	19600	619	753	872	489	577
ENSG00000222467	55050	1934	1661	2034	1352	1193
ENSG00000124583	2950	50	24	33	35	46
ENSG00000201161	181550	2482	2966	1190	800	1463
ENSG00000171871	6100	156	364	113	161	196
ENSG00000180780	246150	7421	5392	5693	7449	5270
ENSG00000143395	13100	189	170	172	123	127
ENSG00000143819	200	3	3	5	7	6
ENSG00000216375	150	1	4	1	7	5
ENSG00000104572	30200	1384	661	1091	1373	1017
ENSG00000171033	2050	60	39	38	85	24
ENSG00000209096	19450	258	348	318	280	499
ENSG00000249447	1600	16	9	17	17	27
ENSG00000148424	3500	53	67	32	42	51
ENSG00000164486	150	5	5	3	1	1
ENSG00000111114	14350	448	156	376	248	370
ENSG00000137892	33650	523	892	510	869	655
ENSG00000168897	1000	33	34	36	37	41
ENSG00000198272	49950	943	579	260	495	430
ENSG00000189129	1700	32	45	15	32	27
ENSG00000189487	42700	511	761	202	161	674
ENSG00000226469	3100	56	44	56	46	63
ENSG00000141326	550	33	21	18	14	34
ENSG00000209876	14200	246	479	502	388	359
ENSG00000178725	300	2	3	3	2	5
ENSG00000146320	683750	14349	5296	2537	5695	6375
ENSG00000123658	300	19	5	9	8	4
ENSG00000121141	350	3	1	4	3	4
ENSG00000172114	17350	264	252	198	165	181
ENSG00000190959	950	15	19	22	15	14
ENSG00000198388	31700	207	591	847	570	356
ENSG00000240143	500	7	14	11	9	8
ENSG00000242964	168650	1957	2819	1617	2003	3852
ENSG00000185785	149750	2367	1146	2495	2603	1824
ENSG00000220035	800	24	14	7	20	13
ENSG00000139630	476550	5407	8218	6097	7444	6472
ENSG00000212833	2750	47	38	111	62	39
ENSG00000237357	6050	85	81	230	104	152
ENSG00000159886	2500	42	27	25	29	62
ENSG00000185075	11750	221	157	172	206	126
ENSG00000227613	15350	355	375	202	311	241
ENSG00000191677	6600	74	136	61	105	85
ENSG00000114267	8250	178	244	261	312	259
ENSG00000177554	5450	155	193	157	145	272
ENSG00000147879	20050	360	392	283	560	313
ENSG00000135900	650	8	7	9	7	13
ENSG00000117994	4450	35	64	83	43	50
ENSG00000137408	800	22	10	3	15	16
ENSG00000128621	2950	103	115	118	108	239
ENSG00000101587	4800	114	144	106	223	104
ENSG00000110435	4750	77	148	103	106	183
ENSG00000208637	4200	85	74	38	62	29
ENSG00000148721	140700	6994	10060	4674	8946	4502
ENSG00000139144	800	29	13	24	27	16
ENSG00000240466	20750	165	363	493	273	582
ENSG00000165649	3150	73	65	63	62	73
ENSG00000187455	144350	3169	2270	2531	2210	3147
ENSG00000142210	55050	1196	1633	2611	1773	1129
ENSG00000161929	13200	432	421	235	276	209
ENSG00000248767	34650	689	522	586	556	364
ENSG00000179660	2500	24	54	18	15	18
ENSG00000101158	1350	9	17	14	17	19
ENSG00000141859	18100	822	645	835	799	516
ENSG00000201359	9150	92	148	139	180	149
ENSG00000153708	200	12	5	1	6	8
ENSG00000200243	3950	115	73	119	91	179
ENSG00000162259	250	9	11	10	15	10
ENSG00000154753	200	5	7	4	4	6
ENSG00000117778	3450	104	90	126	74	125
ENSG00000157759	12850	131	199	161	170	242
ENSG00000104737	4400	82	72	42	52	91
ENSG00000189465	3450	65	39	59	50	62
ENSG00000100439	850	3	19	20	17	13
ENSG00000113433	6150	151	61	144	77	124
ENSG00000110588	6000	156	87	80	107	108
ENSG00000188779	3600	26	49	56	42	52
ENSG00000185323	903750	14761	10903	8898	14728	7690
ENSG00000102985	3000	116	103	54	101	56
ENSG00000161117	14450	125	230	86	186	137
ENSG00000248769	1200	31	24	26	32	24
ENSG00000176319	3750	73	101	46	85	79
ENSG00000202453	5600	125	219	111	134	184
ENSG00000215468	62250	850	584	609	463	395
ENSG00000117882	0	1	1	1	1	2
ENSG00000240574	88000	1004	1769	950	1755	1048
ENSG00000153677	23300	578	257	316	553	430
ENSG00000221610	11150	261	239	105	99	245
ENSG00000225023	650	8	11	25	25	20
ENSG00000166289	250	6	2	6	2	7
ENSG00000205040	1450	15	14	10	13	15
ENSG00000171481	33150	734	478	915	461	552
ENSG00000126303	25100	754	847	410	236	403
ENSG00000138364	9200	96	200	162	142	129
ENSG00000176669	58450	619	600	1183	648	418
ENSG00000160212	1100	12	27	15	24	23
ENSG00000180284	1350	29	13	18	20	16
ENSG00000151259	107050	2687	1024	1421	1651	2762
ENSG00000233540	193900	937	2533	1115	1405	2103
ENSG00000209551	27100	366	777	625	625	502
ENSG00000195612	52050	1930	1238	932	613	665
ENSG00000140295	4450	66	205	83	173	108
ENSG00000105288	100	2	3	1	1	3
ENSG00000235079	3050	80	54	81	56	64
ENSG00000163292	44050	1334	1462	1447	1733	2044
ENSG00000206875	5750	89	119	57	66	73
ENSG00000211443	17500	739	596	463	718	853
ENSG00000212783	21750	417	562	676	666	657
ENSG00000236010	900	22	31	26	32	15
ENSG00000177502	25000	384	356	447	361	456
ENSG00000129456	3650	178	165	201	148	204
ENSG00000155184	150	9	14	5	11	6
ENSG00000220181	25700	2145	1628	893	810	1716
ENSG00000210700	1500	7	28	13	29	22
ENSG00000110706	10700	288	382	505	486	348
ENSG00000123741	22950	396	329	268	640	271
ENSG00000171236	2100	30	22	28	57	28
ENSG00000134768	900	25	14	42	20	25
ENSG00000118070	11800	652	296	260	447	217
ENSG00000182315	6500	189	265	205	347	144
ENSG00000208077	67350	1380	952	1807	1377	1518
ENSG00000108122	12750	369	191	205	222	137
ENSG00000158405	28450	354	268	271	419	354
ENSG00000173930	19150	290	259	314	295	187
ENSG00000157145	38550	637	600	722	1891	1275
ENSG00000106689	800	18	18	35	16	18
ENSG00000142466	100	3	10	5	1	0
ENSG00000166019	10450	322	351	226	379	488
ENSG00000114177	6150	101	93	172	93	142
ENSG00000114635	2000	27	35	25	23	29
ENSG00000157514	172250	3178	3554	4951	4976	3079
ENSG00000160326	400	7	8	10	8	6
ENSG00000176178	3950	86	89	149	57	68
ENSG00000127311	26700	1028	577	1194	1232	712
ENSG00000151538	6150	36	63	103	75	61
ENSG00000175931	4600	44	58	58	79	71
ENSG00000174678	10200	415	307	376	508	231
ENSG00000198444	5250	141	107	62	47	43
ENSG00000244171	250	5	1	10	1	0
ENSG00000201185	500	5	18	6	13	6
ENSG00000190344	27650	824	398	368	612	792
ENSG00000125530	35600	321	652	649	442	480
ENSG00000174403	1500	27	11	12	8	11
ENSG00000235138	11100	243	356	381	337	138
ENSG00000144360	45400	654	768	234	289	429
ENSG00000182906	23000	479	312	548	344	437
ENSG00000246128	150200	3911	2564	1762	1975	1085
ENSG00000176289	36850	1073	618	1305	809	755
ENSG00000136193	8550	79	62	149	164	86
ENSG00000147554	1700	113	101	178	88	73
ENSG00000152473	23850	495	925	497	705	560
ENSG00000151475	2000	25	33	21	25	8
ENSG00000187614	900	7	11	6	9	4
ENSG00000120604	29800	839	527	601	596	1069
ENSG00000199645	77650	1222	1188	1905	1253	1858
ENSG00000230548	52700	832	1301	457	364	572
ENSG00000191621	8550	251	214	190	159	295
ENSG00000188675	150	4	7	6	3	7
ENSG00000109495	450	4	4	5	7	10
ENSG00000140211	1900	27	39	29	42	20
ENSG00000125857	187150	4191	3076	2501	5000	2048
ENSG00000115326	6850	121	103	76	107	59
ENSG00000148354	11700	242	176	182	249	146
ENSG00000199231	900	42	15	21	44	28
ENSG00000193105	74500	2491	2154	3137	3566	1256
ENSG00000182009	250	6	10	2	5	2
ENSG00000139359	162400	3488	2791	3488	3069	3667
ENSG00000185094	7250	133	118	124	73	249
ENSG00000232519	100	1	0	1	1	2
ENSG00000144346	6700	145	204	421	234	223
ENSG00000129817	13100	497	588	368	308	572
ENSG00000158797	30200	256	617	334	783	418
ENSG00000205569	44700	806	865	306	506	676
ENSG00000160315	5000	92	56	84	117	49
ENSG00000104704	4500	119	116	105	91	95
ENSG00000203811	5850	244	226	131	218	195
ENSG00000197851	1950	64	57	68	47	74
ENSG00000163702	244000	3677	4555	4595	4310	4711
ENSG00000165410	1250	11	10	14	15	21
ENSG00000244195	6850	109	274	160	198	233
ENSG00000131716	2900	62	76	117	97	55
ENSG00000111383	850	8	13	13	5	10
ENSG00000136073	148200	2207	1395	2426	2411	3797
ENSG00000124581	20650	367	421	408	170	231
ENSG00000192400	3050	26	37	37	47	61
ENSG00000112452	1550	30	24	17	28	34
ENSG00000112844	4250	63	82	113	46	111
ENSG00000155721	166800	1541	5567	3794	2760	2335
ENSG00000242293	15950	755	411	270	208	241
ENSG00000164841	1450	21	38	31	25	19
ENSG00000216560	7100	298	182	193	286	228
ENSG00000247748	2400	22	55	38	34	41
ENSG00000217077	20850	288	675	383	343	844
ENSG00000160006	22100	167	317	391	517	504
ENSG00000180245	42200	707	934	478	469	623
ENSG00000137749	36450	961	417	311	335	232
ENSG00000248969	9450	137	86	164	133	217
ENSG00000238933	1000	20	16	16	14	9
ENSG00000157506	12850	208	330	192	375	355
ENSG00000234558	86450	2126	1246	956	1401	1533
ENSG00000188364	600	12	3	15	11	14
ENSG00000190769	19550	908	1038	1038	988	773
ENSG00000190090	5900	48	87	45	54	38
ENSG00000224194	1300	60	41	77	29	76
ENSG00000175314	1700	43	53	53	53	49
ENSG00000114347	61200	1278	1267	476	956	971
ENSG00000195755	11000	113	146	173	192	128
ENSG00000119700	13650	353	257	151	257	271
ENSG00000201305	650	22	32	24	13	13
ENSG00000177247	187900	2642	3296	2855	2797	4583
ENSG00000226460	2650	19	10	29	11	29
ENSG00000127710	147850	2309	3029	3467	2062	2753
ENSG00000155527	92950	1674	1272	2358	1322	1180
ENSG00000137140	44950	525	764	649	789	792
ENSG00000219203	800	9	21	26	19	13
ENSG00000125758	4150	214	155	215	191	223
ENSG00000159148	2100	36	63	40	41	41
ENSG00000237844	224450	2759	2912	4864	5706	2539
ENSG00000118823	28700	172	225	341	252	227
ENSG00000224501	16500	479	354	343	553	435
ENSG00000204693	11600	301	133	397	330	262
ENSG00000174065	13800	291	477	238	207	287
ENSG00000169255	76350	1360	1407	1204	946	2171
ENSG00000179223	668650	9665	15220	10457	7932	7853
ENSG00000168679	36200	526	788	1383	750	440
ENSG00000180850	81550	3765	4305	1514	2349	1357
ENSG00000148211	25050	432	817	1072	506	682
ENSG00000158073	18750	381	613	220	312	444
ENSG00000156856	2200	34	47	25	19	11
ENSG00000119277	4250	171	191	57	78	128
ENSG00000174342	3700	26	67	40	66	28
ENSG00000192770	34200	474	498	630	395	751
ENSG00000225872	0	3	3	3	0	1
ENSG00000220880	50	2	1	4	5	3
ENSG00000141584	2250	42	43	50	56	79
ENSG00000193748	15350	412	300	301	138	714
ENSG00000109825	2150	53	137	50	129	46
ENSG00000247233	5350	187	236	190	106	94
ENSG00000164211	58550	556	713	610	419	1214
ENSG00000178096	160500	3440	2876	4513	2203	4051
ENSG00000115780	249700	3428	2272	4710	4683	5982
ENSG00000133625	46600	507	445	304	480	455
ENSG00000163939	260700	5196	2682	1791	1512	1886
ENSG00000125619	4700	101	104	60	36	52
ENSG00000147887	1600	48	34	56	41	35
ENSG00000224930	40450	608	906	518	579	706
ENSG00000191915	225950	3378	4058	1824	4648	4349
ENSG00000174647	18800	1073	365	633	838	764
ENSG00000138368	150	8	6	9	0	11
ENSG00000234228	70150	1481	2200	1336	1867	1643
ENSG00000153598	356750	13016	12487	9627	6146	10883
ENSG00000128705	38100	1333	774	1122	1751	952
ENSG00000109316	5600	92	186	201	59	50
ENSG00000122597	1900	28	20	53	33	46
ENSG00000130282	1550	31	27	31	9	24
ENSG00000153210	725750	5925	5439	5092	4401	2516
ENSG00000179984	5550	68	78	189	121	128
ENSG00000180306	16050	155	316	88	141	117
ENSG00000144180	6100	114	87	114	92	129
ENSG00000223944	6100	166	110	281	118	286
ENSG00000241944	20950	462	374	632	450	479
ENSG00000142103	2750	43	102	43	48	125
ENSG00000129953	15150	276	393	387	317	553
ENSG00000178712	3500	71	94	66	101	90
ENSG00000130105	1950	60	89	37	58	46
ENSG00000105285	600	7	5	6	2	4
ENSG00000193387	21050	223	263	378	344	170
ENSG00000136101	96150	4336	2317	3070	2368	3895
ENSG00000219124	45150	495	1045	1371	1250	831
ENSG00000159637	143700	1863	3838	2246	3114	1906
ENSG00000127350	7400	119	95	155	114	146
ENSG00000120561	2550	84	57	52	53	47
ENSG00000116731	2200	37	42	65	42	67
ENSG00000168292	2150	22	27	17	24	38
ENSG00000141890	43200	739	1216	672	1758	1198
ENSG00000217066	89950	4295	3763	3782	2369	3288
ENSG00000185389	7450	97	99	58	43	29
ENSG00000229372	12700	891	355	653	418	388
ENSG00000241966	450	12	16	12	9	19
ENSG00000214174	14650	550	317	326	503	457
ENSG00000108585	33550	1583	794	727	934	891
ENSG00000148731	1650	54	18	49	43	44
ENSG00000183669	130250	2534	2445	1515	3411	1598
ENSG00000166631	11450	197	227	100	104	83
ENSG00000122256	18750	504	407	253	359	301
ENSG00000188048	462200	8144	8464	8599	7494	2715
ENSG00000221862	600	17	12	8	8	14
ENSG00000157353	17400	351	813	1008	363	700
ENSG00000173798	4100	159	140	64	127	87
ENSG00000156564	170000	5258	3363	5005	3843	3425
ENSG00000248009	10900	177	137	128	213	195
ENSG00000217738	4450	120	141	198	225	155
ENSG00000147344	31750	547	454	483	685	544
ENSG00000196520	389000	6370	7142	9700	5098	7204
ENSG00000177585	3350	52	83	46	76	58
ENSG00000220910	1250	22	30	31	32	40
ENSG00000241976	2500	55	41	49	82	52
ENSG00000167822	52450	1162	1712	1310	2358	768
ENSG00000211089	200	3	0	5	6	1
ENSG00000177467	650	16	23	25	15	29
ENSG00000169341	3250	26	52	51	25	40
ENSG00000153464	1650	26	32	37	15	20
ENSG00000166473	10800	107	122	62	103	210
ENSG00000211358	2450	24	36	42	23	18
ENSG00000123280	300	5	5	1	1	2
ENSG00000211852	884000	22794	15800	19235	16486	15631
ENSG00000138160	123100	1602	1392	1858	1307	1388
ENSG00000161786	4400	206	154	71	148	114
ENSG00000100953	2900	60	37	54	84	50
ENSG00000127108	2100	44	36	68	45	20
ENSG00000203215	350	9	14	5	6	0
ENSG00000242004	450	8	13	30	22	33
ENSG00000195771	14200	372	234	223	309	93
ENSG00000154319	18250	328	400	451	407	208
ENSG00000138014	120600	2554	2585	4701	2735	5434
ENSG00000208941	4900	187	174	108	148	242
ENSG00000124809	2050	31	59	38	56	66
ENSG00000109971	44700	725	788	1590	1268	1210
ENSG00000114192	107750	1146	561	256	473	436
ENSG00000229836	700	14	7	8	17	11
ENSG00000139496	4550	104	98	47	37	37
ENSG00000134744	73700	943	1283	1540	1083	1069
ENSG00000238331	4200	88	86	53	34	28
ENSG00000147823	12950	206	371	287	223	357
ENSG00000217675	1050	25	25	30	32	23
ENSG00000126057	69100	2832	698	1533	1110	1605
ENSG00000166874	578600	13434	15712	10516	7369	5536
ENSG00000170361	350	1	10	4	0	4
ENSG00000128461	1300	36	22	23	12	15
ENSG00000193685	26150	501	557	359	1285	547
ENSG00000115557	11100	255	600	238	500	296
ENSG00000247347	14450	217	212	239	243	147
ENSG00000103090	850	8	12	17	15	8
ENSG00000224671	350	6	7	3	3	2
ENSG00000234927	7150	78	162	63	97	105
ENSG00000204181	79400	1361	831	1499	942	1067
ENSG00000159099	89100	2039	1457	2095	898	1436
ENSG00000137724	902600	31960	33350	24894	24780	19221
ENSG00000240918	350	7	7	4	4	7
ENSG00000203723	18250	229	149	260	240	287
ENSG00000141572	19500	340	257	278	232	263
ENSG00000235064	614350	7984	9346	7606	16356	6762
ENSG00000211111	2000	29	24	45	59	56
ENSG00000175289	108750	3399	3234	3161	1950	3329
ENSG00000141095	350	3	13	2	12	7
ENSG00000142858	41300	1890	1328	1715	2092	1017
ENSG00000182241	1450	36	51	29	29	26
ENSG00000147230	1250	17	25	16	14	21
ENSG00000218083	8550	304	326	288	404	470
ENSG00000181793	3350	43	63	92	59	66
ENSG00000192173	10050	251	359	499	224	386
ENSG00000236286	7450	193	104	199	155	122
ENSG00000224307	1700	39	34	51	32	35
ENSG00000248519	54950	802	528	689	1086	850
ENSG00000155168	3700	127	128	109	103	103
ENSG00000113239	2550	30	55	34	42	41
ENSG00000241001	2300	38	64	48	27	34
ENSG00000179454	250	4	7	9	2	4
ENSG00000166868	900	22	22	11	13	10
ENSG00000141792	12200	191	308	282	216	272
ENSG00000111005	8150	288	228	293	128	324
ENSG00000105412	5650	93	66	152	126	104
ENSG00000178618	123250	1872	2122	2259	2969	2612
ENSG00000185057	24850	363	443	153	183	146
ENSG00000225378	10000	161	103	165	108	109
ENSG00000134499	14450	922	519	544	301	394
ENSG00000189375	15100	168	346	173	349	342
ENSG00000115802	100150	1455	2023	1965	814	1325
ENSG00000239464	1700	51	51	36	44	52
ENSG00000136269	11850	190	211	304	171	324
ENSG00000150956	14350	307	288	220	153	180
ENSG00000230578	7800	69	64	86	107	104
ENSG00000186586	7500	97	183	135	154	172
ENSG00000129163	59700	1102	1067	1595	1250	1606
ENSG00000147310	149900	2551	5802	3260	3652	3560
ENSG00000238061	14200	154	267	232	85	162
ENSG00000165890	10750	181	115	103	136	102
ENSG00000184506	14200	398	352	256	361	324
ENSG00000179171	109300	2735	1946	1366	1099	1713
ENSG00000176664	41350	1828	1779	603	306	829
ENSG00000248471	170900	4522	6016	5038	7058	7830
ENSG00000126462	728750	7176	7888	7829	5246	8531
ENSG00000197500	62300	1627	2625	2178	2400	964
ENSG00000214528	3800	36	83	48	53	27
ENSG00000190601	5450	90	131	79	96	109
ENSG00000186745	3350	87	49	93	56	65
ENSG00000181362	1900	91	91	100	58	75
ENSG00000220695	73900	1190	996	1316	1270	1391
ENSG00000111792	3800	48	76	72	36	90
ENSG00000173333	48500	366	845	398	529	343
ENSG00000192068	6100	73	117	88	103	126
ENSG00000101374	4000	147	143	44	31	28
ENSG00000136656	197100	2315	2223	1521	2377	2626
ENSG00000178666	400	7	8	7	7	17
ENSG00000108990	248650	2367	3442	3143	4209	2302
ENSG00000147384	750	28	11	10	8	11
ENSG00000221035	83250	1471	1184	353	469	357
ENSG00000109008	17950	188	268	204	329	238
ENSG00000100228	24000	267	264	592	442	277
ENSG00000151564	17650	192	103	144	173	121
ENSG00000123097	3450	32	42	30	60	84
ENSG00000226996	6400	255	361	78	106	120
ENSG00000103716	112350	3405	2632	2750	1390	2517
ENSG00000132043	89000	956	2002	1374	853	1426
ENSG00000235097	935900	11127	20646	21942	21806	26439
ENSG00000157414	90500	2407	1804	3158	2576	2659
ENSG00000230902	35650	1046	864	689	692	455
ENSG00000228805	21250	245	301	332	333	450
ENSG00000231811	12350	86	187	135	288	137
ENSG00000181723	162650	1283	4547	4082	2903	2465
ENSG00000159017	5000	161	80	88	38	84
ENSG00000166754	10050	66	82	62	148	149
ENSG00000104402	2200	37	74	87	85	80
ENSG00000192483	27450	548	889	852	421	354
ENSG00000156782	2131150	38118	69272	84736	37633	36263
ENSG00000210033	8000	199	237	106	71	149
ENSG00000241765	500	3	6	4	4	8
ENSG00000182621	3150	77	50	36	80	37
ENSG00000106091	41450	1230	1096	1670	1980	1292
ENSG00000118427	2600	89	70	72	117	100
ENSG00000208971	3200	96	70	50	148	20
ENSG00000213299	60000	1040	968	530	807	939
ENSG00000190477	11700	410	365	163	112	234
ENSG00000102070	1650	21	29	34	34	38
ENSG00000106647	24700	457	314	573	543	524
ENSG00000174887	850	21	29	16	28	16
ENSG00000182793	4150	124	168	139	105	112
ENSG00000149687	429200	4996	5390	7177	6520	6856
ENSG00000212160	100	0	3	5	4	3
ENSG00000146314	256400	3213	3588	4701	2881	6904
ENSG00000175712	100	5	0	1	7	4
ENSG00000149775	19700	209	524	291	328	129
ENSG00000108335	50	3	5	3	1	5
ENSG00000232071	4850	60	169	49	90	63
ENSG00000220436	2900	114	91	55	20	20
ENSG00000151066	2100	42	36	49	47	26
ENSG00000159734	2150	20	37	31	34	37
ENSG00000236196	201350	3170	5282	2538	4717	3502
ENSG00000160224	77700	4147	1503	1066	1140	611
ENSG00000165988	250	7	5	4	8	13
ENSG00000186165	300	8	2	8	7	4
ENSG00000162367	3650	96	59	100	112	131
ENSG00000185334	400	7	11	6	5	11
ENSG00000168364	477900	5383	10459	8394	10544	5250
ENSG00000214837	206550	3078	2311	4042	3007	3589
ENSG00000205794	22800	471	498	802	577	689
ENSG00000191892	350	0	6	0	3	5
ENSG00000193947	2200	28	33	33	48	59
ENSG00000219456	56200	1120	742	1246	770	1182
ENSG00000123316	1650	31	29	27	7	16
ENSG00000104325	29600	1430	462	645	422	944
ENSG00000192983	23550	293	323	171	126	139
ENSG00000106447	70200	1356	625	842	1276	1119
ENSG00000165993	12450	151	131	130	209	177
ENSG00000147056	6850	170	54	122	103	85
ENSG00000244475	850	7	14	13	27	14
ENSG00000164352	5600	162	125	261	108	70
ENSG00000223155	4750	81	58	25	30	39
ENSG00000207815	57500	884	597	372	514	759
ENSG00000181247	650	10	10	10	10	20
ENSG00000187776	25950	866	817	1514	1069	977
ENSG00000140434	48100	1131	2522	942	1540	986
ENSG00000241942	34200	514	480	224	435	982
ENSG00000200191	850	8	6	7	11	14
ENSG00000239014	650	18	10	21	18	20
ENSG00000125573	11500	243	154	188	262	140
ENSG00000191992	21250	358	495	252	199	228
ENSG00000113453	1550	61	112	39	92	101
ENSG00000208020	7300	73	111	63	69	66
ENSG00000215047	1100	33	15	37	14	14
ENSG00000154728	700	28	7	16	21	24
ENSG00000150523	2100	28	51	16	21	18
ENSG00000135839	2000	34	60	37	45	52
ENSG00000106496	12500	305	212	123	104	112
ENSG00000227193	5900	136	162	71	36	90
ENSG00000209992	950	38	43	26	33	19
ENSG00000247118	95200	4214	1430	599	724	902
ENSG00000223775	10750	295	236	181	222	189
ENSG00000117261	550	24	12	21	26	11
ENSG00000142556	1368450	40961	31372	41553	45605	29151
ENSG00000115737	100	3	1	0	0	1
ENSG00000134783	47750	551	804	589	486	765
ENSG00000164608	25000	386	275	371	349	373
ENSG00000124818	4750	20	59	31	50	60
ENSG00000194806	650	19	16	7	23	20
ENSG00000238304	7650	48	145	178	85	92
ENSG00000223536	39450	996	1076	1797	1020	1012
ENSG00000210529	90600	3102	1434	627	735	613
ENSG00000103754	23250	569	293	533	337	553
ENSG00000229278	15350	190	159	327	301	287
ENSG00000214604	3750	110	192	106	179	202
ENSG00000121526	33600	966	1173	1104	431	1082
ENSG00000216298	11550	261	182	227	332	247
ENSG00000224345	9500	189	204	159	206	150
ENSG00000150213	94950	3204	2842	1475	3278	3665
ENSG00000215516	1200	57	47	90	70	62
ENSG00000103308	24550	562	533	157	294	253
ENSG00000242611	8650	172	76	186	114	67
ENSG00000146390	1150	24	26	22	21	27
ENSG00000215051	106650	4604	3302	4098	2723	2819
ENSG00000136504	800	16	9	31	8	10
ENSG00000200626	5150	91	44	69	60	60
ENSG00000199691	1850	10	23	20	35	32
ENSG00000120994	17550	519	281	394	567	567
ENSG00000103235	25550	443	472	871	347	529
ENSG00000166936	203650	4167	5744	4316	4195	2648
ENSG00000125544	255900	5279	4327	6282	5063	2851
ENSG00000114181	151950	3281	2972	3236	2364	4290
ENSG00000102924	17400	434	530	661	406	656
ENSG00000181911	49900	953	1280	1360	1543	1640
ENSG00000145824	2200	62	98	117	72	134
ENSG00000166956	1550	31	19	27	29	21
ENSG00000114437	199150	4822	4627	3027	2719	2454
ENSG00000111870	1400	30	26	30	41	40
ENSG00000218183	19750	347	666	1160	436	1041
ENSG00000154202	205150	2989	9090	3563	4724	4046
ENSG00000122819	7100	100	141	204	92	256
ENSG00000124162	170050	2937	2757	1536	2292	4369
ENSG00000204394	17550	341	632	193	110	154
ENSG00000162625	7400	97	154	142	128	137
ENSG00000237508	31800	634	833	970	1209	500
ENSG00000219130	293450	5443	6490	7419	5562	6055
ENSG00000111869	450	15	12	8	18	13
ENSG00000228155	44000	660	449	389	273	323
ENSG00000200179	2750	33	28	38	43	58
ENSG00000120953	9700	447	217	473	420	406
ENSG00000185245	24500	333	464	417	557	1014
ENSG00000168785	200	4	17	10	18	15
ENSG00000183284	1200	13	28	20	25	24
ENSG00000217022	63750	1490	1438	819	886	762
ENSG00000216971	19200	480	556	627	301	384
ENSG00000224832	2800	35	60	58	37	74
ENSG00000184630	16050	248	392	111	149	69
ENSG00000169407	47250	1490	887	825	1539	1143
ENSG00000128407	56350	1164	837	1202	924	714
ENSG00000245065	200	9	9	3	3	1
ENSG00000211668	6000	52	85	28	67	84
ENSG00000238323	311650	4582	3412	4361	3108	4245
ENSG00000174641	4100	60	72	106	123	85
ENSG00000169983	2600	94	74	111	90	91
ENSG00000213946	8950	182	197	266	146	420
ENSG00000205049	14300	243	303	303	354	262
ENSG00000141503	20550	217	154	392	359	229
ENSG00000233153	11050	478	474	672	325	367
ENSG00000167555	2200	29	16	21	36	49
ENSG00000181799	58750	1153	815	154	364	347
ENSG00000119214	24150	816	1062	267	793	1033
ENSG00000113387	15750	305	403	250	223	220
