gene_id	CD4Tcm_Donor1	CD4Tcm_Donor2	CD4Tcm_Donor3	CD4Tcm_Donor4	CD8Tem_Donor1	CD8Tem_Donor2	CD8Tem_Donor3	CD8Tem_Donor4	NK_Donor1	NK_Donor2	NK_Donor3	NK_Donor4	Monocyte_classical_Donor1	Monocyte_classical_Donor2	Monocyte_classical_Donor3	Monocyte_classical_Donor4	Plasmablast_Donor1	Plasmablast_Donor2	Plasmablast_Donor3	Plasmablast_Donor4	Basophil_Donor1	Basophil_Donor2	Basophil_Donor3	Basophil_Donor4	pDC_Donor1	pDC_Donor2	pDC_Donor3	pDC_Donor4
ENSG00000075624	250	5	2	4	1	3	4	3	0	1	2	7	5	1	3	4	2	5	6	4	6	5	5	2	3	5	3	3
ENSG00000111640	1100	21	22	8	21	39	49	24	168	146	194	208	73	84	79	79	205	412	301	194	16	14	12	10	679	766	414	425
ENSG00000166710	450	8	6	4	7	6	19	16	10	10	4	20	5	10	10	8	9	12	7	2	9	9	4	8	7	12	13	6
ENSG00000165704	3600	72	73	80	55	76	37	60	50	34	89	40	86	64	52	85	128	52	72	74	55	96	85	78	67	65	81	80
ENSG00000256269	100	2	1	4	2	1	0	1	1	2	1	4	0	2	0	0	1	1	2	0	3	0	3	2	0	1	0	2
ENSG00000073578	5300	52	91	83	80	93	44	86	99	100	121	72	109	105	200	92	121	104	89	64	202	149	74	95	119	49	65	117
ENSG00000112592	1200	31	12	12	28	47	24	29	15	14	15	24	17	12	18	16	21	21	20	17	18	24	41	15	24	29	25	22
ENSG00000089157	54250	990	1142	1465	575	687	703	765	729	503	525	837	1006	853	861	631	1319	1172	845	500	1703	478	422	1067	342	890	1005	700
ENSG00000164924	32800	1102	1211	616	959	1382	1276	1067	994	999	1393	948	413	1710	1156	559	883	1324	894	1140	981	1056	1495	952	631	602	751	876
ENSG00000196262	86950	2690	3227	1409	2266	2593	2423	2622	1755	2882	2368	3844	944	1895	1581	2488	1363	983	2845	1929	2525	2346	2772	1991	1997	2325	3313	2283
ENSG00000123694	69100	1778	1981	770	2838	1685	2300	2493	11926	9573	10282	11478	6978	3179	6018	5444	19068	19965	24279	37335	674	791	1088	414	19233	48487	56889	28913
ENSG00000104391	5600	216	86	106	192	165	138	100	64	133	144	88	104	143	113	89	87	132	74	123	102	134	146	136	129	137	178	137
ENSG00000150694	38050	1112	617	830	1104	1207	707	439	1084	741	875	575	417	639	1054	581	731	708	372	487	1322	679	675	832	684	925	602	790
ENSG00000144589	106050	3440	3935	4418	1881	2396	2347	1772	2841	3098	3300	3152	2525	3321	3229	2597	2261	2551	2149	5388	2583	3630	4396	4220	3014	2885	1730	3245
ENSG00000127123	2050	31	55	66	42	49	57	28	23	19	60	23	24	73	36	73	20	28	33	40	28	57	37	34	24	22	55	46
ENSG00000233570	21150	492	364	619	403	612	400	398	603	428	343	328	442	329	542	491	664	198	617	759	682	360	286	305	456	603	459	699
ENSG00000174979	9700	202	57	83	65	151	70	175	76	135	196	35	157	135	113	93	118	161	133	95	101	221	117	175	151	208	94	85
ENSG00000241656	164300	2522	2576	2398	3214	1850	2045	2789	2513	2514	2609	3111	1597	2292	2727	3318	2244	2664	1130	2855	1778	1450	1069	1638	3020	2284	1662	2287
ENSG00000245712	3000	48	32	51	125	84	121	156	698	562	442	317	313	262	220	160	869	888	699	945	40	19	43	35	1405	1397	1475	1418
ENSG00000220432	2450	59	86	96	62	96	69	143	71	110	83	127	89	42	101	33	66	71	55	74	55	119	71	74	85	73	30	93
ENSG00000209653	15700	152	387	303	359	172	199	190	432	447	364	185	346	519	283	487	234	261	357	267	383	271	221	186	184	267	304	196
ENSG00000100883	8600	207	319	173	252	158	295	114	150	327	140	246	138	260	275	99	194	261	244	249	288	185	103	311	179	199	278	204
ENSG00000137059	100	5	7	3	4	4	7	6	10	7	7	6	8	3	4	4	3	3	4	8	5	8	5	8	11	4	6	9
ENSG00000237222	14150	201	249	324	304	287	390	226	373	116	388	257	345	227	362	196	293	357	467	377	505	171	187	215	417	351	144	411
ENSG00000206021	8450	99	59	64	122	163	143	81	89	125	128	119	153	86	116	129	185	137	74	104	196	84	132	58	82	81	87	104
ENSG00000226555	6250	102	116	105	98	67	103	104	67	80	96	65	99	61	90	45	64	75	117	77	48	61	109	98	46	100	127	71
ENSG00000117874	1400	83	117	127	71	93	138	133	42	103	62	95	99	90	52	209	71	114	173	106	172	172	128	99	101	87	148	117
ENSG00000194920	42400	458	277	411	1204	981	704	899	2467	2408	3549	2511	1665	1511	1695	1558	6709	5550	10679	6276	208	278	290	310	15222	9727	6168	11372
ENSG00000219090	250	8	2	6	4	7	1	3	3	4	2	5	5	1	2	2	4	2	3	5	2	3	6	2	1	3	0	1
ENSG00000132638	141850	2627	2440	2104	2928	2488	5471	3233	2947	1930	3701	2610	1813	3824	4128	3335	2798	1666	3579	2486	3153	2891	3503	2314	1982	2259	3789	2168
ENSG00000168010	1100	46	42	23	36	14	24	33	15	40	44	52	24	19	49	46	22	31	25	27	25	29	28	18	19	39	44	16
ENSG00000122720	50	2	0	5	3	1	1	1	2	0	1	1	1	0	3	1	2	1	0	3	0	1	3	0	1	1	2	1
ENSG00000234393	4600	172	79	122	192	72	114	140	125	136	94	138	89	145	61	131	137	60	164	233	74	179	46	108	165	166	182	125
ENSG00000153909	121300	2864	1342	2490	1852	2423	1799	3151	1829	2465	3925	2033	5146	3152	3425	2541	2260	2397	3061	3148	1503	2270	2153	2333	2935	3188	2617	2558
ENSG00000185967	2100	42	37	29	53	78	65	66	43	52	44	49	49	57	79	45	56	57	49	31	39	51	46	34	44	53	54	28
ENSG00000217893	229050	5408	9464	9770	11727	17176	11827	8264	23851	53112	21904	53824	12392	27152	28541	24311	95718	156571	46600	63026	2722	5030	3092	1004	184851	131602	243058	269524
ENSG00000177408	111000	3326	2300	2484	5168	3412	3030	4580	5212	4682	3058	2372	3183	2011	2536	1986	2103	2521	2777	3842	2644	3989	4566	2721	3006	2516	2410	2783
ENSG00000242318	1150	34	38	28	36	31	24	27	20	22	12	39	38	25	18	18	21	32	21	29	22	11	19	18	15	15	29	29
ENSG00000153454	50	0	1	0	2	1	1	0	1	0	3	0	1	2	0	0	1	2	0	1	0	1	2	2	1	2	2	1
ENSG00000132955	650	8	20	4	11	27	11	9	12	13	18	10	11	13	12	16	15	3	6	8	4	6	12	9	11	14	7	15
ENSG00000104688	56250	1102	1431	1127	1371	1513	1494	1060	1414	874	1993	1628	2305	1653	2168	1695	1471	1288	2399	1675	1847	1750	1190	1509	1422	1603	900	1219
ENSG00000190999	1150	37	64	25	15	15	13	27	26	28	32	17	17	32	31	31	9	33	25	29	16	35	38	14	19	21	22	24
ENSG00000240316	300	5	9	3	2	9	10	9	6	4	6	2	7	10	5	9	9	8	5	6	9	9	2	5	9	5	2	4
ENSG00000112461	550	12	16	3	6	14	5	5	8	8	11	14	8	10	5	17	9	10	11	13	5	7	8	12	12	6	7	13
ENSG00000136450	5200	174	149	160	113	116	232	149	85	90	170	176	168	133	125	150	128	136	106	138	137	164	131	152	163	130	119	168
ENSG00000178883	5400	127	142	167	179	270	172	133	110	112	221	194	179	130	164	121	111	73	106	140	85	197	121	84	176	220	132	95
ENSG00000241581	56950	435	759	634	822	905	746	634	529	467	756	693	999	730	1035	842	574	870	689	806	941	592	718	924	675	771	421	885
ENSG00000194832	61550	602	407	577	911	1012	1261	830	1258	788	599	745	706	1492	441	632	968	1450	691	949	372	870	635	1104	1609	1218	659	641
ENSG00000233644	1200	27	28	12	20	20	23	37	17	27	6	18	11	27	9	28	33	22	28	14	22	14	28	24	18	10	25	32
ENSG00000105493	5950	86	129	159	127	68	132	92	170	89	113	110	127	81	93	90	145	42	60	97	122	133	140	135	126	100	122	136
ENSG00000123142	600	14	17	25	14	14	13	8	12	17	9	15	18	18	10	6	22	22	20	20	15	21	8	16	13	30	11	16
ENSG00000106101	9750	58	150	72	315	183	212	147	204	107	100	194	233	108	85	103	109	189	139	113	161	305	103	142	138	312	211	115
ENSG00000160008	500	13	9	12	22	20	2	7	8	6	18	13	8	27	13	21	10	9	11	14	17	15	18	15	12	21	7	7
ENSG00000114994	300	21	9	13	20	3	17	11	12	8	14	14	16	14	6	17	15	12	6	16	24	10	7	12	17	11	14	22
ENSG00000229715	701550	11438	25300	18121	43814	37322	46981	44496	107157	174254	60664	110325	124532	86749	46292	55049	445638	332183	181235	296413	8796	8463	12350	5999	676778	562810	625455	654465
ENSG00000188689	4400	136	164	241	190	136	118	170	240	119	119	161	197	156	116	67	97	264	153	106	132	159	230	195	146	101	147	83
ENSG00000216804	26350	371	1051	691	529	503	321	774	543	490	606	356	540	422	420	651	715	427	363	484	772	787	534	293	630	323	548	319
ENSG00000122398	727950	33081	17023	21100	19096	20293	22866	15188	26840	16516	26256	25968	14147	20856	16294	18696	24686	21334	15208	21743	26539	13463	20404	23686	19883	12649	19946	18269
ENSG00000172075	42900	845	678	1155	653	1272	440	564	620	1039	756	539	557	897	357	948	968	483	769	456	770	490	512	609	437	753	927	603
ENSG00000183490	5100	134	74	192	79	105	47	74	65	79	113	101	113	111	103	95	151	110	209	93	124	134	132	112	108	174	87	64
ENSG00000173950	7000	128	79	159	213	131	188	60	207	175	132	173	104	119	151	167	224	166	70	132	141	144	82	190	186	217	319	118
ENSG00000150594	1300	15	29	21	40	28	35	29	18	23	35	50	26	41	16	30	22	23	35	27	25	10	26	40	57	34	29	53
ENSG00000139278	44350	1761	892	832	825	1285	1072	1611	1488	1359	1619	1505	1330	1220	872	2039	956	1439	1891	1118	1511	663	1002	1575	2224	930	1320	1107
ENSG00000147226	2700	33	60	86	48	78	39	43	49	52	91	76	90	100	123	101	53	77	72	89	70	58	61	98	77	91	41	55
ENSG00000100047	288850	3840	4691	3014	4004	6465	5692	4699	7481	5662	3124	3431	6038	7193	3371	5292	5974	3054	4448	6556	4706	3627	7463	6600	4457	5170	4338	4941
ENSG00000133713	7450	132	158	173	294	426	273	266	513	1135	1883	1077	394	689	677	510	2043	1809	1914	2109	75	94	51	77	3234	2456	4167	5542
ENSG00000161648	2350	70	25	80	47	49	94	78	63	95	63	34	116	75	112	56	70	44	61	43	82	36	97	82	104	62	58	99
ENSG00000116049	3200	64	53	54	36	90	49	46	81	51	47	46	45	100	41	71	34	46	54	94	38	76	55	70	82	97	77	58
ENSG00000227474	26850	636	496	540	317	426	785	836	361	495	300	698	596	589	514	268	310	379	565	352	529	464	487	570	651	434	455	483
ENSG00000207496	8350	230	152	253	234	297	261	114	180	186	149	263	289	230	114	102	173	254	182	251	198	245	191	174	206	257	209	214
ENSG00000140375	121350	3827	3387	3473	4239	4713	5926	7312	39947	24083	32644	38152	27146	12059	16576	10375	67919	60508	74225	50776	2296	1704	994	2447	114956	162850	125007	87111
ENSG00000198841	4500	80	36	49	44	63	33	48	42	42	49	60	31	62	37	29	60	57	64	37	61	45	60	55	53	54	56	76
ENSG00000188555	8250	255	350	211	402	271	250	241	154	242	178	214	354	168	181	304	340	162	376	323	211	123	299	262	288	280	166	362
ENSG00000130910	336600	5472	6272	8823	4843	7111	6842	7161	4769	7951	4679	11432	7380	7799	6583	7614	5212	7196	11370	6120	9040	6487	4277	9648	12123	9047	7926	9092
ENSG00000190820	7100	89	75	50	113	75	57	94	50	82	55	78	124	106	106	72	84	64	125	89	69	128	106	104	73	117	73	80
ENSG00000105893	21900	718	313	566	425	385	276	308	362	319	391	343	426	507	458	583	319	215	556	555	356	515	371	403	321	286	404	266
ENSG00000158788	238600	3773	4356	4611	2807	4687	3401	3132	4156	2061	3703	2746	3846	4649	1866	2338	4478	1320	3054	1161	2661	3975	2830	2103	4239	4988	3233	4982
ENSG00000179987	22150	283	480	403	509	403	430	1025	393	499	357	566	228	297	559	515	378	359	317	444	215	242	354	227	342	428	667	551
ENSG00000137760	1100	79	39	40	62	27	33	50	35	21	34	33	46	40	32	42	28	37	36	54	60	31	40	25	82	45	26	21
ENSG00000123435	0	4	1	2	2	1	1	0	3	0	4	2	1	1	3	3	2	5	2	2	1	3	2	4	7	7	2	0
ENSG00000221734	1001700	12459	14574	13136	17218	24379	21178	13338	15184	27757	20551	19059	20995	16025	24621	13283	17015	20485	15431	17728	19299	22278	19172	7203	21773	20010	7354	18034
ENSG00000102059	16450	290	345	311	694	204	369	268	629	251	560	224	272	378	375	355	231	204	430	370	391	314	358	514	420	337	460	234
ENSG00000134498	93900	2195	1336	3054	1251	1541	1992	1522	1180	1361	670	1507	2411	2040	1200	1791	1864	2014	2813	1557	1449	1217	1655	1409	2159	2104	2128	1532
ENSG00000204711	2800	74	75	43	52	92	51	65	59	36	43	87	35	63	57	56	39	39	105	30	48	57	97	35	40	26	49	29
ENSG00000144508	685950	6889	13809	14708	28136	18132	14729	16976	62665	145303	77461	68167	40347	58894	26668	39868	129277	146027	295169	124071	5455	4405	5158	8795	424397	459471	211436	236458
ENSG00000111579	15800	533	646	366	632	353	287	472	550	496	514	416	297	552	455	356	316	771	460	420	351	207	437	121	388	426	370	363
ENSG00000223177	9050	198	102	136	198	127	91	123	91	230	141	73	213	169	192	94	192	64	173	177	89	212	162	110	135	192	137	195
ENSG00000194228	200	30	33	14	33	23	17	37	36	23	15	35	28	40	49	22	25	25	11	20	17	14	30	31	32	12	14	33
ENSG00000150314	10700	301	276	214	183	522	147	487	213	555	212	405	397	283	128	454	306	273	221	299	251	384	348	259	389	276	405	293
ENSG00000244335	6500	55	148	61	229	158	191	213	1033	899	922	916	211	273	884	379	2142	1735	1755	1459	98	52	48	35	4195	1801	2571	3893
ENSG00000141169	5000	46	63	164	46	82	71	67	60	67	96	57	76	77	60	49	35	67	63	119	87	58	101	78	68	109	55	84
ENSG00000234680	200	2	3	2	3	3	2	5	7	3	13	12	5	10	8	2	8	8	3	5	3	7	3	7	2	8	5	5
ENSG00000112633	3900	70	62	33	25	93	39	63	53	51	67	29	42	78	35	42	60	76	57	57	44	70	55	30	69	50	90	68
ENSG00000103569	10250	196	135	99	170	147	221	157	235	239	126	246	278	313	180	102	267	262	148	225	150	299	248	198	206	201	120	256
ENSG00000134655	800	10	6	21	8	9	3	18	10	9	7	3	12	23	7	19	11	6	9	8	13	10	9	14	6	7	7	16
ENSG00000146351	15600	343	315	386	581	300	760	585	2332	3482	2187	2583	1355	1188	1428	1735	3250	5213	8538	7568	166	175	254	180	5021	10631	8591	14435
ENSG00000165530	21100	340	777	522	539	523	595	695	443	473	437	588	389	712	212	463	689	763	619	474	760	770	767	325	525	841	256	459
ENSG00000213752	2650	58	68	141	63	118	111	59	39	61	115	80	61	60	77	95	94	139	79	39	99	55	98	87	86	43	80	79
ENSG00000246417	1400	41	44	22	22	36	47	49	69	46	49	33	49	34	41	28	47	36	39	28	52	59	55	37	17	22	26	20
ENSG00000231699	1750	60	58	22	30	21	39	39	40	46	56	42	17	43	25	69	37	16	59	48	74	20	69	55	42	55	53	31
ENSG00000108020	61900	1996	1437	1307	6381	2948	4770	4249	16286	8066	18251	21744	9718	4771	8108	6424	41453	28529	38482	48571	1330	674	1017	535	51118	47626	49131	33433
ENSG00000104798	200	6	13	4	1	1	9	6	9	6	8	4	8	5	7	7	6	5	14	1	4	8	14	11	12	6	6	10
ENSG00000185474	2150	51	76	66	74	121	110	80	88	114	78	100	34	99	64	54	118	103	56	71	39	49	46	121	128	88	95	103
ENSG00000204364	1700	102	48	68	31	60	31	56	35	58	41	94	56	48	61	77	63	53	72	57	61	73	88	46	116	42	43	43
ENSG00000200467	11550	156	210	122	182	213	177	190	307	152	150	194	126	132	187	173	250	127	133	192	182	200	71	194	195	220	239	227
ENSG00000129583	6350	96	101	136	123	165	116	132	97	67	113	156	204	129	57	75	159	129	181	81	88	114	130	143	163	224	130	152
ENSG00000102078	1000	14	23	8	29	15	18	11	23	7	19	10	26	23	14	18	19	18	15	17	21	24	8	10	16	7	22	13
ENSG00000197706	415300	11621	7749	7472	5162	9462	11633	8722	11753	11639	12082	6280	10022	7889	11365	5315	6302	9276	4540	6916	8054	13489	3003	9776	10244	9266	10582	7310
ENSG00000221429	8400	231	130	296	131	245	158	194	210	184	187	257	228	198	209	128	274	153	201	84	193	169	299	326	180	102	235	119
ENSG00000248362	350	8	7	4	8	8	13	16	12	4	15	13	6	10	18	6	12	7	10	23	6	11	6	2	10	6	12	8
ENSG00000222395	1200	30	25	37	36	30	19	23	20	30	29	24	17	11	25	46	21	49	25	36	36	38	39	24	23	19	19	10
ENSG00000203201	7900	265	238	181	126	147	144	88	147	205	132	118	112	277	161	159	156	261	194	194	115	100	154	193	258	86	237	132
ENSG00000168603	28200	480	569	296	600	558	520	741	521	436	692	482	255	594	597	146	526	495	498	484	745	535	530	349	155	435	343	433
ENSG00000151688	550	10	10	6	3	11	3	9	6	11	9	9	3	11	14	10	12	11	8	10	14	5	6	17	11	5	7	13
ENSG00000210615	26900	529	543	458	928	587	505	306	779	485	653	580	381	454	402	549	861	1118	464	873	395	437	517	542	462	542	550	470
ENSG00000241220	500	9	7	4	9	4	25	7	14	5	11	3	5	5	10	9	16	5	10	15	6	10	10	4	9	11	7	3
ENSG00000210480	1450	20	15	45	38	26	34	33	48	34	37	45	33	17	18	37	32	36	28	33	11	30	23	42	34	26	30	16
ENSG00000112841	42350	582	1019	560	877	709	779	550	520	376	565	610	506	383	867	989	1172	1414	867	773	650	1285	764	767	1097	681	823	745
ENSG00000227586	221650	3911	2242	4600	6939	3127	5195	5001	3528	4440	7370	3165	3656	6065	5761	5210	6281	5357	2941	3835	5051	4135	3093	3723	2933	2501	4462	6505
ENSG00000223375	7950	100	75	75	141	127	125	94	36	268	176	91	174	140	114	150	107	160	113	142	71	65	137	102	84	124	104	103
ENSG00000222595	1800	59	102	108	78	39	55	99	76	70	54	127	78	84	81	60	63	73	57	101	57	33	65	126	116	93	55	88
ENSG00000185084	142050	2744	2255	1394	2157	1039	1571	2538	1058	1248	2443	1812	1895	2453	1338	1612	1891	1836	2573	2373	2033	2430	1884	2006	1470	956	1362	1063
ENSG00000162888	950	22	27	9	13	14	15	28	14	3	22	15	9	7	24	10	23	20	10	13	25	21	24	10	14	20	11	11
ENSG00000164921	11450	339	269	306	305	145	292	160	239	438	194	259	129	233	282	140	91	293	331	266	236	379	178	257	487	215	211	251
ENSG00000150792	27600	630	846	321	1214	1061	1116	516	3726	5933	3045	4265	1839	1288	1619	1839	12918	7782	5319	3440	175	176	230	338	8128	17679	19653	17928
ENSG00000230640	65550	786	657	1879	1131	1752	2072	1541	1526	1166	1605	1146	1664	1101	1008	1245	1582	641	594	1448	736	1261	1139	722	784	778	1122	403
ENSG00000234523	10050	190	162	285	495	424	342	242	231	295	408	501	270	106	288	299	221	162	202	347	322	336	369	344	140	158	318	257
ENSG00000217984	2100	46	57	68	128	59	81	61	96	99	83	61	83	47	104	99	169	103	118	85	142	125	75	102	122	107	113	66
ENSG00000191965	13450	344	416	281	331	446	240	250	696	628	412	245	438	236	259	501	705	687	288	456	197	388	322	365	511	592	769	257
ENSG00000159385	700	7	13	9	16	18	14	11	25	14	11	13	23	10	14	9	12	13	16	35	4	7	10	6	20	13	13	19
ENSG00000221947	35450	443	576	710	473	541	921	310	599	318	673	746	403	549	515	632	855	220	420	568	739	914	722	775	1235	760	930	806
ENSG00000174087	2650	49	24	57	22	22	50	31	30	26	28	34	41	45	54	47	24	36	30	25	28	36	22	36	23	39	48	47
ENSG00000124649	550	20	48	9	21	31	7	21	30	19	13	8	17	20	27	9	20	36	23	27	12	23	15	18	20	39	9	24
ENSG00000234418	3000	73	20	71	53	61	47	75	72	67	92	47	72	59	71	30	46	26	60	26	91	109	56	44	39	68	73	55
ENSG00000207532	10550	111	139	195	121	228	256	149	94	139	180	159	191	39	95	106	189	180	178	102	231	230	128	86	150	88	236	145
ENSG00000215306	38450	573	679	578	1104	378	668	834	475	302	325	578	367	642	472	686	406	401	684	495	533	609	345	488	568	630	500	486
ENSG00000130996	2300	76	100	89	143	133	99	46	65	112	105	67	75	95	43	54	148	70	59	94	99	40	147	136	75	75	118	67
ENSG00000240005	25200	873	673	570	447	576	631	605	461	869	735	371	591	439	579	951	624	762	506	473	346	524	637	888	890	511	623	542
ENSG00000147585	39350	903	669	691	797	1380	1222	1090	1595	804	940	549	712	899	1237	881	1188	812	1293	616	821	431	1061	650	1166	765	1506	976
ENSG00000201014	4500	133	132	137	155	128	75	106	135	99	90	159	74	123	96	105	112	103	59	83	127	171	131	96	75	97	60	205
ENSG00000153699	850	21	11	26	23	14	9	17	15	25	11	11	16	17	12	11	32	29	16	22	28	5	18	23	28	5	18	13
ENSG00000174650	34750	728	813	664	1104	1051	1168	1078	783	964	239	633	920	922	1288	1105	875	988	1332	671	706	881	1106	722	1265	703	428	598
ENSG00000145379	8500	131	183	334	146	232	263	260	358	196	180	191	225	167	244	67	328	276	125	285	291	228	171	175	367	126	159	192
ENSG00000157130	150	4	2	2	2	1	8	4	1	3	1	0	2	0	3	2	4	1	4	1	1	1	3	4	2	5	1	3
ENSG00000187675	750	17	19	10	19	29	12	28	13	17	18	14	14	15	23	29	8	21	15	18	13	22	26	34	36	22	10	7
ENSG00000229728	13050	212	145	207	77	187	268	142	177	169	226	193	261	162	204	181	298	192	198	193	107	142	212	231	168	162	183	110
ENSG00000115905	350	2	4	3	5	5	5	6	17	7	4	11	22	7	2	5	11	6	4	5	10	11	6	6	4	16	7	0
ENSG00000110199	1650	18	61	54	3	27	50	29	47	52	18	36	51	49	31	36	34	40	57	41	40	23	51	68	22	21	21	24
ENSG00000235081	350	5	4	2	1	3	6	8	2	2	3	9	3	4	5	7	4	1	2	4	9	3	5	5	2	6	7	6
ENSG00000216403	12100	346	266	287	481	345	260	190	453	406	400	245	230	231	269	433	390	328	172	385	305	302	295	324	310	263	457	281
ENSG00000237888	14150	168	219	123	148	291	221	213	202	269	161	202	248	233	198	144	288	288	206	207	396	117	291	352	277	245	186	120
ENSG00000132917	7200	152	152	164	291	202	192	110	188	162	107	209	210	215	237	151	134	213	303	331	271	267	179	149	162	174	137	113
ENSG00000196305	90550	2617	2096	2936	2737	2006	1697	1560	2633	2111	2932	2477	2086	1903	2678	3252	1948	2079	2077	2149	1114	1587	3317	3515	2071	1781	919	1941
ENSG00000169582	8550	161	143	207	296	387	279	391	1715	705	830	827	600	1073	690	278	3153	1664	1344	2146	26	95	80	44	3895	5385	7449	6436
ENSG00000246777	4050	55	97	65	95	67	100	109	149	127	162	127	82	77	118	98	78	93	81	98	48	51	61	85	61	73	43	50
ENSG00000139793	388100	7643	5726	5722	8064	13285	4246	17938	9571	3537	9119	4757	7315	6451	9276	6224	5068	5705	5966	5695	10289	6218	5469	4016	5320	6497	5029	10413
ENSG00000189584	300	10	11	7	10	9	10	15	5	12	13	17	11	14	5	7	7	7	20	8	4	12	12	8	6	15	23	14
ENSG00000226077	23550	667	599	527	527	474	597	544	356	436	614	873	671	314	639	823	572	556	474	776	780	433	638	509	424	545	628	837
ENSG00000162113	250	8	17	11	8	10	9	11	14	9	12	12	11	12	12	10	15	8	6	24	7	9	10	11	11	12	14	9
ENSG00000120861	11900	288	225	270	317	347	287	408	330	246	184	213	180	127	156	189	357	135	341	148	122	192	254	196	284	137	218	114
ENSG00000107936	368650	10629	7464	7454	12679	5229	12787	7544	8512	10153	6374	5726	12244	8468	2965	6576	7317	11561	8591	8346	11610	12554	6483	12313	9232	7538	12441	9843
ENSG00000103977	15050	272	264	370	372	224	201	263	250	467	392	271	228	409	296	182	239	386	384	530	414	149	224	250	252	231	327	364
ENSG00000120123	1200	50	45	21	34	56	43	32	38	24	40	27	36	33	11	26	29	17	27	41	18	20	27	24	36	39	22	31
ENSG00000114085	1264800	28709	31098	34533	33314	51754	75739	58676	289909	343314	371397	334557	105639	62687	160650	210390	523816	530829	669527	703588	14963	19595	16246	13500	848264	856019	960299	1312662
ENSG00000114561	1900	50	40	58	35	26	27	30	73	77	46	42	36	40	77	40	35	22	64	46	60	34	30	52	31	51	34	44
ENSG00000133923	5050	126	167	27	61	78	96	51	98	92	109	110	50	59	116	85	113	133	92	63	51	144	96	50	75	143	78	85
ENSG00000160216	11700	179	282	277	205	526	270	318	400	259	350	332	294	349	138	223	251	181	147	314	254	235	267	184	234	288	215	197
ENSG00000121754	350	8	6	21	13	9	16	11	13	8	5	7	6	12	14	3	10	9	12	12	20	14	6	16	6	10	7	16
ENSG00000163460	46700	1516	1530	1632	1126	1123	691	1643	887	727	1506	1497	1113	841	884	1679	1160	1104	1744	1013	1996	1274	1059	926	1258	2069	901	1166
ENSG00000156945	159700	4847	3474	4316	2035	2058	3210	4473	2227	3639	2753	4895	2330	2876	4056	5125	4664	2771	6362	5013	6051	4103	3108	2610	2953	2715	3536	2910
ENSG00000126530	24600	569	684	568	561	323	568	894	470	503	984	512	450	396	1070	890	285	991	580	607	589	479	804	651	686	478	517	670
ENSG00000127923	16550	192	379	338	178	192	241	219	383	231	270	365	344	224	327	251	204	375	259	115	253	497	201	191	546	152	351	212
ENSG00000234184	2050	63	112	195	137	124	162	194	69	63	163	102	106	106	88	69	49	71	126	50	142	146	103	117	60	46	103	129
ENSG00000232370	32550	582	1159	1369	685	607	683	1014	898	418	383	319	633	1143	246	640	522	640	643	710	1019	908	684	1770	1173	640	957	968
ENSG00000226759	50	3	0	0	0	3	1	0	1	2	1	3	0	2	1	1	1	0	2	1	3	3	2	4	1	0	2	0
ENSG00000169732	5050	100	179	120	75	125	107	86	117	97	147	90	103	125	116	86	134	65	133	61	103	105	130	75	102	104	138	96
ENSG00000191375	8550	286	190	126	247	279	152	221	197	257	231	326	330	372	215	310	241	292	183	269	323	206	128	101	286	482	150	204
ENSG00000187194	0	2	1	1	2	3	2	1	2	3	2	2	2	0	5	3	3	0	6	0	2	7	3	6	1	5	5	1
ENSG00000105315	26200	315	312	285	472	207	135	284	238	200	442	293	444	398	230	549	368	404	477	307	291	303	298	174	499	245	583	370
ENSG00000151957	2950	94	101	149	127	93	99	66	87	92	178	123	104	169	91	117	81	132	89	129	101	124	90	102	181	129	90	109
ENSG00000215180	17250	187	251	292	751	774	504	430	2151	3014	2648	2691	684	1564	847	1945	3125	6660	6409	6221	95	114	170	142	12806	8451	6154	10269
ENSG00000176916	10100	97	197	177	249	106	168	178	205	135	188	243	108	224	309	254	298	135	213	126	122	145	131	103	139	240	222	324
ENSG00000114139	24650	355	388	244	225	394	427	373	316	309	370	439	306	454	535	435	297	723	224	485	433	376	718	542	332	463	373	378
ENSG00000185123	16050	737	482	408	293	392	305	166	324	235	384	252	388	310	322	324	409	509	490	451	319	373	435	479	470	384	170	434
ENSG00000154933	1750	18	21	11	25	27	15	14	16	4	18	15	3	7	12	6	17	14	27	10	25	10	13	13	8	18	8	32
ENSG00000157618	7300	69	123	78	58	101	134	93	92	208	83	97	103	98	146	84	153	116	112	159	139	88	86	63	150	134	46	84
ENSG00000151412	4400	144	106	124	114	70	67	79	89	122	89	102	70	89	87	156	51	96	98	59	105	120	109	133	80	115	174	67
ENSG00000164749	9750	102	230	133	163	192	91	172	152	152	142	195	140	150	174	154	149	185	228	213	179	176	133	127	146	192	88	63
ENSG00000134179	1250	44	59	51	27	43	17	25	32	54	28	54	24	92	24	51	39	42	93	63	31	44	18	66	26	38	45	44
ENSG00000179797	29200	659	1003	1097	882	705	1179	874	1130	957	1346	822	1046	712	1465	739	900	884	897	1084	1144	899	1367	771	919	888	499	501
ENSG00000237728	73750	1705	1706	1881	1457	2146	1710	1065	1103	1603	1273	1444	1475	1578	4134	2016	1615	1457	1402	2027	1373	1598	1558	3221	1697	1848	3081	1289
ENSG00000231572	191800	4907	4486	5966	9675	7478	13714	8680	26728	39367	88691	52004	25763	34164	12418	27110	98346	117307	74932	83057	3198	3591	2970	2894	83209	148307	142008	215988
ENSG00000238896	247500	8029	6037	4693	6381	5115	3623	6896	4168	7370	7436	7643	8034	6643	7180	3968	5105	11496	8510	4407	7465	5541	2795	8290	6231	5469	5744	6440
ENSG00000176263	144150	3646	1973	1853	2636	2533	2894	3315	1591	2012	2652	1435	3852	2329	2991	3904	3107	2789	3837	2090	2718	2375	2822	1999	2598	2218	2765	3612
ENSG00000163232	2950	76	60	74	64	39	61	26	65	66	66	34	63	68	59	37	37	53	36	82	62	87	46	33	38	41	22	74
ENSG00000117763	1600	65	68	17	63	45	60	36	51	19	54	62	47	43	40	35	38	73	36	62	37	28	45	41	34	26	82	51
ENSG00000176486	2900	33	60	47	72	52	37	58	48	84	40	37	40	53	73	68	66	51	51	101	77	54	70	59	53	56	58	61
ENSG00000210947	24300	247	387	345	234	456	449	273	268	663	455	355	375	481	411	283	377	467	375	378	337	682	530	631	378	279	335	367
ENSG00000176277	7750	180	150	214	667	234	457	432	1495	809	1417	1614	622	730	991	695	4750	2110	2834	3536	36	103	98	102	4658	5072	4472	6026
ENSG00000212881	52700	1228	1267	930	1164	1120	1060	908	1037	973	625	1034	1170	818	1138	1441	862	1242	757	339	686	1066	1245	1728	847	614	1114	520
ENSG00000190488	215400	5295	3746	4296	1936	4178	3088	3124	2233	2771	2451	3828	4606	5397	4072	5918	5502	5528	7306	2346	3272	5399	2047	2450	2977	3331	2709	4629
ENSG00000153674	3450	90	52	68	38	39	116	47	64	52	86	37	91	47	86	39	41	53	59	52	108	57	65	65	89	80	39	82
ENSG00000126814	96150	2474	1141	1545	6324	2850	2404	5639	31865	17100	17806	10957	6003	5844	5439	8543	31278	38589	24672	32058	1218	1383	1298	1084	67874	50047	63774	116927
ENSG00000223042	2000	107	32	66	44	90	72	84	50	53	109	83	45	54	59	46	56	76	100	74	80	109	58	79	49	63	80	53
ENSG00000182291	450	9	12	17	12	6	15	11	20	17	13	5	14	5	11	16	11	5	8	14	12	1	11	17	11	23	9	15
ENSG00000153419	400	24	3	6	15	13	13	11	7	8	8	6	12	16	6	8	13	13	15	3	7	15	10	14	11	11	10	15
ENSG00000246986	3800	55	65	45	81	76	73	69	53	90	34	78	51	149	53	28	52	52	51	61	124	31	113	107	129	68	46	100
ENSG00000150814	150	2	1	2	7	6	2	2	1	3	1	3	6	6	2	2	3	5	5	2	5	5	2	0	0	4	2	1
ENSG00000204450	15200	250	598	537	154	413	331	249	370	387	401	325	397	358	390	355	616	302	263	438	473	421	387	168	379	544	338	333
ENSG00000224904	161500	2813	4175	2535	3407	2744	2358	2012	1292	4579	3210	3238	1526	2351	3828	2177	2749	4044	2199	4045	2755	3869	1523	1778	2904	3525	4058	2734
ENSG00000212751	700	15	18	11	13	22	12	12	15	9	19	7	9	7	7	9	16	11	8	11	22	20	9	16	13	14	18	9
ENSG00000111174	2700	86	39	69	74	66	37	107	29	89	114	142	124	70	78	66	90	64	55	47	37	99	90	67	75	78	58	49
ENSG00000192543	145300	2535	3948	4554	5215	2432	3305	3522	3237	4892	3034	4263	3575	2735	5639	1796	2189	2041	3444	1894	3897	3843	2129	3675	1675	4088	2315	2592
ENSG00000161346	12100	224	211	305	357	281	283	290	455	213	114	203	277	518	234	300	339	296	186	288	501	345	282	310	148	249	291	171
ENSG00000136527	6350	252	166	358	82	105	315	121	229	205	117	194	273	111	129	177	142	173	197	168	174	112	429	255	303	163	226	94
ENSG00000143549	5650	100	82	60	60	111	82	70	122	185	78	106	133	112	80	118	61	59	116	62	63	73	51	98	129	64	116	138
ENSG00000116795	59000	816	1383	1005	1470	530	1140	1009	1025	1081	773	1532	1787	352	1298	596	636	1412	1513	1569	1374	599	1466	2057	1265	851	1376	1097
ENSG00000121939	13050	265	378	226	288	314	355	411	403	190	224	337	217	195	264	451	351	221	293	360	336	161	203	219	269	201	127	442
ENSG00000193449	1400	31	31	34	44	86	84	60	194	205	226	165	79	58	152	128	526	543	688	603	25	6	7	17	646	1146	1240	1247
ENSG00000124763	100	1	2	0	0	0	2	3	2	1	1	1	0	1	1	0	0	0	0	2	0	1	1	0	2	0	0	1
ENSG00000232982	0	1	0	0	1	0	1	4	2	2	2	3	0	2	0	1	0	1	1	2	1	0	2	0	0	2	1	0
ENSG00000242331	14300	486	714	674	733	507	540	622	247	576	637	704	453	341	867	591	573	492	422	362	541	468	209	714	476	482	464	300
ENSG00000100144	4350	74	56	57	67	113	100	66	82	66	76	100	64	90	49	72	60	69	88	124	120	100	109	99	90	78	89	51
ENSG00000157512	105350	3452	1801	2521	2089	2989	2858	2587	1760	3262	1906	1468	1522	2422	1585	1604	1672	1736	2547	3171	1995	2331	4275	2222	2447	3120	2430	3755
ENSG00000230779	17000	570	602	415	724	293	242	395	175	691	264	411	753	444	445	288	483	300	170	297	287	720	440	371	425	236	566	370
ENSG00000235042	450	7	5	9	12	6	8	7	17	10	11	9	12	4	18	17	12	6	6	7	13	8	8	4	15	8	16	21
ENSG00000170785	6650	272	445	305	160	300	350	377	188	206	191	205	412	168	246	229	428	395	73	289	242	310	306	211	261	250	266	239
ENSG00000187881	95800	1405	835	2123	1328	1075	1414	1211	2062	1099	1148	2164	1527	1369	1604	2048	1675	1566	1157	2079	1624	1329	1169	2751	1574	1799	1230	1480
ENSG00000110034	1050	26	34	19	30	19	14	18	20	16	26	18	29	26	34	42	35	32	24	10	28	28	28	14	21	29	11	22
ENSG00000170983	1300	64	37	10	70	49	51	71	44	70	51	73	26	51	55	50	51	42	79	69	45	35	43	78	62	53	35	55
ENSG00000141525	673950	9438	6933	5412	13394	18340	27025	27101	82606	83513	53825	98935	32781	45478	49718	28684	169930	101907	104215	130444	3361	3382	4314	6219	301775	256819	267245	276395
ENSG00000113703	300	4	4	4	1	3	4	2	9	1	2	3	6	7	5	8	6	1	2	3	4	4	3	8	1	3	6	3
ENSG00000205964	1050	10	8	19	14	9	6	22	10	14	9	13	7	26	10	22	20	23	14	23	15	15	9	5	14	16	5	23
ENSG00000219212	80750	1872	1818	863	1212	703	1362	836	1682	1836	1290	1983	582	1152	1305	1152	828	958	1246	1562	1107	531	1492	986	1636	1351	945	1322
ENSG00000219017	10000	182	256	191	150	298	252	247	370	153	163	221	197	201	174	322	156	166	216	169	182	169	127	146	345	407	216	166
ENSG00000121454	750	14	29	6	29	14	4	8	16	3	17	9	8	15	10	24	14	6	13	7	25	14	12	30	3	17	22	18
ENSG00000200105	200	12	8	5	3	10	5	5	14	8	11	9	10	9	8	8	4	4	9	5	3	9	7	7	6	15	8	3
ENSG00000120573	11600	395	372	211	378	307	388	234	359	440	169	224	388	260	421	387	273	348	277	529	273	335	298	250	411	537	183	212
ENSG00000237211	148150	4444	5164	4000	6805	6531	7614	6108	17771	19477	30378	29504	14695	9329	20517	10532	46901	69795	62387	61148	2428	1126	2296	1670	64466	156436	148643	135857
ENSG00000159173	39350	669	758	554	1181	753	429	729	659	870	654	366	959	343	1321	615	805	1136	443	357	685	1253	963	642	921	987	707	619
ENSG00000160199	12050	272	536	161	323	147	367	274	325	290	465	354	421	327	163	423	309	333	370	259	261	324	358	297	324	240	194	238
ENSG00000198263	176100	3678	3394	1987	2240	3740	3029	2085	2920	4249	3605	3794	2051	4332	3307	3031	1940	1860	2214	3114	1895	2321	2295	3582	3017	3596	2118	3261
ENSG00000145707	8250	341	320	335	196	154	241	285	258	157	220	247	192	230	340	209	239	233	210	125	330	228	319	155	269	268	231	447
ENSG00000156116	1500	26	21	36	39	23	32	14	25	29	18	18	22	17	29	17	33	15	17	20	45	17	27	23	19	39	22	11
ENSG00000106626	359550	10525	13109	8690	5930	12032	13451	10730	5654	12345	6378	5382	7325	6950	8154	9680	10450	6026	5643	7734	10439	9652	5354	10176	7775	3662	4594	8441
ENSG00000130836	300	14	13	9	9	14	13	9	13	23	10	17	15	11	9	10	17	13	11	2	6	17	6	17	6	8	10	7
ENSG00000225676	6350	78	110	146	123	70	83	107	93	102	48	107	123	123	124	157	117	171	107	132	146	101	123	82	112	137	126	77
ENSG00000184372	16050	164	206	280	492	368	459	282	1943	1394	1683	1247	1316	825	1295	1120	3873	4387	2010	4630	108	133	164	91	8716	7025	8126	9750
ENSG00000179380	109450	2764	1777	1509	2684	3334	2900	2996	2891	1965	2069	2300	2219	2669	1349	2599	1124	2366	2458	2746	2427	2386	1303	1073	2748	2161	3686	1811
ENSG00000249392	1400	20	14	26	22	26	28	26	30	23	29	51	41	26	28	24	31	25	30	34	50	42	34	20	29	27	18	26
ENSG00000225801	3000	90	91	114	85	78	46	83	72	82	94	49	73	102	45	61	86	127	107	114	116	70	74	123	65	112	59	80
ENSG00000115207	950	12	10	8	17	9	21	12	97	40	42	77	32	35	38	20	72	96	106	127	3	5	8	4	209	194	329	241
ENSG00000117932	9300	340	166	305	226	303	343	331	409	192	318	262	465	404	389	411	224	341	411	199	205	208	223	404	484	238	227	504
ENSG00000220418	24350	392	405	221	351	380	353	183	745	175	308	374	334	345	498	251	261	305	380	146	296	256	383	281	275	475	272	435
ENSG00000178525	47350	829	490	223	325	459	358	461	480	787	522	280	280	411	653	753	439	354	333	508	361	542	1360	659	438	593	657	580
ENSG00000197026	1350	15	3	21	27	24	35	18	23	22	21	24	15	18	20	19	20	21	18	13	7	30	32	14	17	11	19	22
ENSG00000154692	11850	168	160	282	360	133	229	227	203	146	259	258	220	90	225	235	227	150	208	185	113	323	187	270	302	201	279	282
ENSG00000198761	1100	25	52	43	19	16	24	39	16	24	30	18	31	29	16	39	37	14	27	46	20	11	21	56	54	20	31	15
ENSG00000226857	3050	69	68	50	37	44	65	65	26	46	26	66	31	25	92	46	66	40	45	48	68	45	27	62	39	26	60	64
ENSG00000131380	6050	135	229	208	230	54	115	81	115	168	110	122	98	117	99	104	158	131	125	134	169	144	168	65	174	157	155	233
ENSG00000155013	86550	3099	1714	1890	2103	1866	1259	2512	1186	2021	2966	1750	3173	2102	2423	1977	2738	2632	1257	1278	2056	1846	3066	2612	1974	1876	2429	2212
ENSG00000111233	2550	22	46	91	27	57	34	30	59	33	57	48	53	52	70	74	63	61	100	52	32	83	60	49	64	76	81	53
ENSG00000241060	18350	283	128	235	252	218	264	153	238	184	204	194	259	129	227	95	266	245	129	238	212	179	114	220	310	265	232	194
ENSG00000175980	2350	29	34	9	29	14	47	32	22	30	23	18	19	17	36	23	33	30	7	11	32	27	20	15	22	22	42	40
ENSG00000229145	3300	51	59	40	60	65	39	35	14	67	20	7	50	40	56	41	27	33	26	63	47	27	49	43	35	30	70	41
ENSG00000118217	2150	34	25	72	71	14	26	17	24	12	27	17	63	30	35	40	26	43	27	20	43	40	17	54	48	32	47	27
ENSG00000175184	7700	113	57	98	86	147	37	157	107	105	81	100	67	51	109	102	40	76	140	156	96	187	132	152	131	106	71	133
ENSG00000143561	20200	1071	1132	604	367	546	600	696	732	446	879	498	355	471	440	762	1070	469	538	1231	314	743	679	469	156	464	716	609
ENSG00000138741	600	23	15	22	6	21	4	17	6	23	10	14	14	16	21	20	19	10	2	8	14	19	20	13	27	9	8	32
ENSG00000122082	23750	473	463	566	499	536	486	283	484	591	399	429	325	498	600	399	679	332	513	710	302	361	435	387	601	369	664	546
ENSG00000107290	1000	25	11	16	16	9	21	31	28	24	34	21	9	15	19	21	31	23	32	9	19	28	9	16	9	12	22	27
ENSG00000169035	13400	500	186	234	238	224	215	249	328	193	305	327	188	191	415	251	155	200	275	259	454	411	285	526	240	235	214	236
ENSG00000164080	3400	89	89	102	189	220	109	251	1041	867	860	685	536	514	296	276	1542	1067	1188	988	59	35	26	75	2304	3077	3843	2087
ENSG00000101871	3100	135	67	60	62	101	102	91	87	85	87	72	48	60	82	33	64	45	43	144	63	111	42	77	63	62	91	99
ENSG00000176197	3300	69	73	48	77	79	65	73	61	58	52	40	50	50	57	44	105	80	94	73	129	64	39	45	77	30	96	67
ENSG00000130101	70650	1133	1643	1118	746	977	809	833	1134	1241	1376	970	1210	1175	1520	1970	1511	1268	1032	1330	1065	795	555	1071	1273	1007	666	1076
ENSG00000103702	8000	136	244	168	334	215	259	301	106	308	206	189	220	103	260	221	258	158	354	271	244	190	195	393	175	317	192	121
ENSG00000228548	45500	1204	1776	818	661	1029	1333	846	668	1812	2151	1576	1364	626	1490	1644	863	1825	1443	1721	1740	1194	995	1114	720	1180	1139	1106
ENSG00000181267	9250	116	118	205	274	275	592	169	622	608	1528	1167	749	562	597	346	1984	1328	2179	1900	48	55	77	117	8315	4192	4877	3810
ENSG00000225256	1450	62	112	99	95	100	89	90	156	82	120	97	73	52	58	123	45	102	85	139	124	81	54	81	94	66	89	60
ENSG00000124010	138850	4070	3759	4978	3015	3091	4607	5449	4265	3453	2607	2570	3435	1982	2515	4549	3136	2433	3289	2950	2629	3246	2833	3878	1967	2638	2223	3123
ENSG00000160427	300	2	2	4	4	4	5	8	3	9	4	3	11	2	1	2	3	5	4	4	4	4	5	0	1	5	9	4
ENSG00000230293	900	39	26	45	13	18	10	19	24	12	15	10	14	37	23	18	35	24	29	11	12	25	23	31	18	26	24	48
ENSG00000225652	5900	128	176	113	104	118	102	90	60	136	60	121	73	128	107	96	154	112	125	73	73	76	85	34	74	60	104	162
ENSG00000211452	333200	5344	3576	5453	5746	2721	3832	3676	5568	3686	5740	4724	4464	3045	7298	8420	5386	4677	5840	6030	8404	4488	4724	6874	1745	7016	5319	4982
ENSG00000149591	1900	23	48	24	39	43	27	38	43	30	26	35	32	55	33	47	42	24	35	45	33	64	30	36	39	51	50	32
ENSG00000121231	34250	674	804	768	701	490	961	942	570	545	1473	365	599	856	568	605	708	836	982	514	724	556	362	503	426	591	673	299
ENSG00000170889	267150	3736	3866	3252	3079	5187	1665	3216	3688	3190	2608	2805	2204	3976	3608	3341	1068	3401	3154	1870	1585	2386	1816	4540	3019	5494	3049	3256
ENSG00000124469	4650	82	88	43	94	132	55	80	73	70	109	75	50	85	79	88	57	39	140	85	152	71	73	68	50	81	70	101
ENSG00000163954	4700	127	133	54	97	65	66	90	72	67	88	96	80	52	102	122	77	152	47	115	136	55	95	71	93	80	91	128
ENSG00000214567	112900	3026	5346	3386	6018	3246	3434	4492	3955	3317	3884	5003	4813	4293	2114	4491	3626	2613	3662	3285	2360	4458	2591	3695	3662	7351	3335	2692
ENSG00000200143	1750	57	47	44	46	72	74	43	51	22	48	41	42	59	55	31	65	42	51	38	62	45	73	47	69	84	26	72
ENSG00000249137	1500	30	22	32	26	54	95	95	172	238	96	232	197	134	225	138	536	563	816	466	14	18	21	16	1439	788	856	1199
ENSG00000224010	50650	767	547	704	395	1336	515	265	683	585	562	1066	447	697	724	983	810	877	662	393	460	878	697	1109	1188	450	346	1027
ENSG00000222521	1000	70	55	94	50	54	50	49	55	62	36	53	14	29	72	64	27	61	50	63	34	34	51	51	45	71	41	93
ENSG00000193149	84300	967	2120	2894	2889	3026	1753	1512	1744	1180	1999	2600	1657	1743	1887	950	2321	1249	3295	1377	1311	2381	2529	1641	1705	2382	2500	1535
ENSG00000201290	7300	423	381	384	245	351	187	400	462	373	267	591	249	330	282	652	410	374	278	322	433	284	554	447	435	244	273	654
ENSG00000237415	100	6	4	6	7	8	2	3	8	6	2	6	2	2	3	5	1	5	2	3	2	3	8	2	3	6	5	2
ENSG00000173841	15350	335	311	266	213	131	281	279	147	184	244	347	185	335	192	323	261	190	293	247	246	182	298	197	306	129	235	163
ENSG00000122386	7650	103	144	181	133	94	165	158	69	153	162	124	117	150	185	80	114	60	113	196	178	84	149	51	143	181	120	170
ENSG00000104736	1450	34	24	31	38	44	31	45	36	21	30	45	32	31	41	45	23	32	50	44	27	26	38	55	29	19	44	46
ENSG00000248886	81250	2197	987	965	1656	806	1471	673	1159	1088	1764	1278	1245	928	981	1147	1304	1757	1108	2192	1189	1309	1332	642	1025	1376	1242	1437
ENSG00000113501	600	17	11	6	19	12	11	17	45	56	67	136	35	42	14	15	139	100	108	140	3	1	2	3	298	209	202	182
ENSG00000155780	450	3	12	11	16	20	15	6	16	5	21	11	13	13	10	11	20	18	8	6	4	3	12	8	10	10	12	7
ENSG00000225174	1350	53	37	43	47	94	31	77	18	64	55	51	42	86	76	61	28	56	29	21	44	60	32	45	47	40	62	37
ENSG00000214834	26200	749	843	641	798	505	554	412	589	630	644	490	639	730	695	569	814	651	295	492	547	428	631	467	751	725	430	650
ENSG00000169702	350	9	6	9	9	8	5	5	8	8	5	6	7	6	5	9	10	5	5	8	2	3	8	6	2	4	1	0
ENSG00000231421	2250	38	43	36	33	26	25	34	26	51	33	24	60	29	48	33	26	49	37	28	44	25	17	41	42	40	36	43
ENSG00000116740	1600	40	50	29	35	18	23	34	52	36	11	34	38	42	28	29	24	34	52	22	29	32	47	33	36	20	22	26
ENSG00000183298	400	8	4	5	7	3	4	8	8	2	12	6	2	6	7	6	5	3	8	3	3	1	0	5	7	8	4	4
ENSG00000106509	3150	81	101	93	345	380	141	375	532	794	919	1191	597	754	380	688	1317	1986	1467	2601	38	58	37	84	1349	4516	4368	2505
ENSG00000214553	1000	20	30	29	68	38	32	41	72	214	294	211	139	92	194	88	502	413	391	379	9	8	17	11	779	919	898	777
ENSG00000174903	2700	55	74	39	34	52	21	58	28	45	54	80	69	55	40	66	75	43	47	73	60	44	59	31	45	42	83	24
ENSG00000204747	19200	297	294	315	115	177	205	301	203	200	155	155	251	221	215	166	211	296	66	203	114	349	226	221	212	210	244	236
ENSG00000131928	2100	24	39	19	92	77	128	127	384	219	512	417	259	125	88	80	585	674	583	858	15	30	26	21	1490	982	1801	1265
ENSG00000244939	1900	17	40	18	14	28	13	19	10	7	20	21	33	22	32	32	14	24	34	29	17	21	18	11	21	22	18	24
ENSG00000155586	850	25	25	25	19	21	11	28	17	25	35	11	13	17	17	19	14	14	17	16	13	17	11	19	15	15	21	20
ENSG00000237579	850	28	19	29	23	57	29	21	17	11	17	22	8	21	20	16	27	24	33	12	35	24	30	15	34	29	19	28
ENSG00000145637	350	2	13	6	4	3	11	10	5	10	7	10	3	5	1	11	5	1	9	6	10	10	4	4	27	12	12	8
ENSG00000191068	650	13	13	14	4	9	16	14	8	13	8	5	14	14	8	9	13	11	6	5	20	11	8	14	15	23	14	15
ENSG00000119106	7600	179	197	126	143	112	141	200	136	285	72	147	177	114	304	120	240	188	123	124	140	83	175	152	196	168	92	92
ENSG00000243889	750	13	26	19	13	15	22	35	18	23	14	28	26	21	12	27	38	25	13	18	39	22	43	16	23	14	23	19
ENSG00000219844	1640650	45874	54246	37639	76845	54791	32806	38386	47189	95861	54930	47903	34723	52023	23909	87229	43796	41595	25027	63269	55830	37517	71599	35976	43527	42825	58455	28470
ENSG00000232003	450	24	24	20	22	10	14	12	17	17	25	28	49	15	23	30	51	22	18	30	23	44	11	26	46	11	20	19
ENSG00000157958	11350	388	540	174	269	342	260	248	253	353	195	300	305	351	418	122	317	371	373	131	355	423	404	354	239	208	327	235
ENSG00000202694	500	3	6	4	10	7	5	8	10	11	3	5	10	3	5	6	9	6	9	7	2	4	14	4	9	7	6	5
ENSG00000139141	3350	72	92	80	76	72	80	69	56	79	84	95	79	60	90	95	89	89	71	48	44	99	41	67	73	70	82	66
ENSG00000202584	650	52	19	29	40	39	82	31	23	46	63	64	40	29	63	16	51	56	55	53	45	27	43	34	50	56	70	38
ENSG00000188318	4100	130	114	104	80	71	159	69	179	168	103	149	91	69	92	86	52	61	140	84	104	179	158	195	86	99	134	94
ENSG00000160115	39250	1732	1651	2732	1705	2171	2641	2132	1847	2129	2167	1364	2123	2611	1233	2070	1981	1589	1594	1987	2256	1126	1535	2076	1011	1549	1837	2182
ENSG00000121707	8250	144	128	197	424	497	305	300	1269	2787	2214	1071	662	531	288	729	3413	2369	3142	2368	74	120	116	59	4490	4285	7294	12002
ENSG00000116251	800	24	31	33	48	25	63	57	157	286	87	102	204	78	69	52	202	385	404	213	6	3	8	15	881	886	722	936
ENSG00000107153	13250	230	139	113	203	165	144	189	155	270	190	160	201	157	205	168	230	139	151	173	145	163	250	195	206	162	130	221
ENSG00000141504	1050	24	26	14	28	26	15	12	14	19	34	19	19	34	12	29	21	15	19	9	19	6	6	17	21	14	28	17
ENSG00000210649	3450	91	122	75	65	70	119	138	77	156	140	192	161	86	161	148	115	56	82	77	93	141	91	148	76	187	168	89
ENSG00000175114	144400	2837	3018	2272	3139	3135	4470	3246	3549	1116	2833	1683	4527	5121	2689	4263	2503	3669	2271	4813	3501	3842	2624	3190	2901	2956	2706	6050
ENSG00000231836	31700	611	559	1440	1595	662	774	482	905	1183	686	1107	1398	707	841	582	935	591	532	911	962	670	1455	332	753	692	1082	720
ENSG00000229404	56650	581	1083	949	822	1322	1762	1803	1016	1874	560	1399	947	1089	885	767	439	1686	576	785	917	2208	891	894	1438	1103	693	1136
ENSG00000144139	20150	268	351	260	489	584	364	285	701	489	415	408	273	408	382	371	693	505	424	479	680	184	452	596	432	345	387	546
ENSG00000190310	5000	112	173	178	161	146	145	186	99	148	203	90	126	144	57	124	262	188	97	115	99	128	129	253	178	185	100	86
ENSG00000190099	350	7	5	5	8	12	8	5	3	6	10	15	10	5	7	9	11	4	7	4	8	6	7	7	6	5	6	6
ENSG00000122530	4750	152	103	103	265	151	255	149	649	782	686	1127	261	317	501	479	1922	1261	2174	1714	81	59	57	65	2096	4847	4069	6309
ENSG00000164082	2350	44	42	85	27	28	56	51	36	44	33	52	57	72	46	82	26	74	59	74	58	94	34	45	56	63	56	44
ENSG00000132600	33150	586	506	447	472	436	891	580	733	623	731	566	850	691	686	466	436	870	684	1143	394	302	569	215	556	574	362	499
ENSG00000120247	51250	478	1156	920	1105	1444	1188	820	596	822	912	454	1003	1445	1299	722	881	1330	692	596	1167	702	1081	822	338	1056	1222	1066
ENSG00000165990	16300	331	482	380	328	452	359	272	250	274	269	244	353	792	257	187	258	321	429	212	327	541	527	464	346	277	375	269
ENSG00000136082	1400	30	29	25	39	30	28	40	22	33	19	49	26	22	35	29	24	20	31	13	24	13	49	25	28	31	30	12
ENSG00000132475	162950	5271	6247	5884	10034	6281	5940	5669	4512	5230	5020	4184	5036	4401	4623	5143	4843	3029	3778	3974	7609	3918	6395	6585	4843	5882	6604	6255
ENSG00000202031	134150	1829	3134	2748	1352	1715	3073	2881	1202	1873	4098	2812	1651	1455	2229	1942	1638	2381	4146	1943	1576	2821	2080	2328	3107	1799	1172	2609
ENSG00000175362	1850	26	46	47	91	76	87	91	58	122	44	66	90	112	116	87	98	86	113	80	77	109	109	61	134	101	75	87
ENSG00000209058	10300	209	170	169	213	102	258	171	314	296	208	138	221	133	155	204	215	152	269	146	200	351	77	270	239	172	327	267
ENSG00000144370	26500	614	288	690	594	719	564	581	615	581	499	910	654	445	356	609	735	574	393	385	452	202	167	547	480	645	494	293
ENSG00000161522	12300	341	372	628	454	916	960	521	2786	2729	800	3053	918	1246	964	1929	3659	8039	4049	5776	149	130	99	117	15536	7419	10422	7054
ENSG00000138509	4400	179	151	94	71	137	119	97	149	84	114	154	152	107	116	145	118	178	66	157	98	92	101	198	142	98	83	191
ENSG00000131414	15250	619	511	475	297	226	394	458	292	321	493	336	328	354	352	290	339	428	479	434	373	334	573	328	677	466	479	239
ENSG00000246996	8300	96	117	125	181	103	122	100	165	130	260	117	172	200	115	124	165	198	79	92	177	116	88	146	58	138	189	109
ENSG00000156770	7850	124	279	174	201	296	402	165	242	154	195	209	175	146	236	204	254	186	261	184	310	158	391	237	133	231	362	176
ENSG00000168876	150	6	8	8	7	2	4	11	8	2	8	2	14	3	11	4	6	1	11	12	4	9	0	10	3	7	10	1
ENSG00000137383	350	1	5	3	5	9	3	9	5	2	4	3	6	7	3	7	3	6	3	10	5	7	9	9	6	10	6	4
ENSG00000148117	295200	7023	5280	4822	5919	6683	5182	7049	8697	4612	7074	4770	5237	4053	5847	4017	6493	9159	7357	8085	5595	4127	6419	5787	6740	2800	4980	4449
ENSG00000127977	400	21	19	17	25	36	22	24	93	120	140	55	80	42	83	50	204	257	200	192	3	7	2	5	485	511	244	285
ENSG00000237942	13650	292	113	373	448	393	425	244	610	265	376	429	381	333	348	747	368	293	376	238	172	279	475	524	564	530	183	473
ENSG00000126899	9350	264	124	215	279	231	157	292	457	366	280	226	225	373	281	202	356	218	136	256	256	333	236	228	173	235	350	413
ENSG00000139745	11750	401	299	320	159	256	139	95	150	103	334	417	176	147	188	237	212	296	216	278	156	273	154	344	171	289	242	115
ENSG00000161353	1300	32	37	25	65	30	32	21	36	34	20	31	52	27	74	41	44	22	20	33	39	30	39	26	18	51	16	23
ENSG00000171850	48950	1223	1024	755	844	1482	706	1027	518	561	1703	945	776	751	982	1823	683	961	1667	734	1346	582	924	1291	909	926	1277	889
ENSG00000232509	11450	246	197	297	365	522	381	277	304	220	248	306	283	288	219	342	252	204	245	294	236	391	307	419	262	182	298	237
ENSG00000159031	4000	45	84	30	47	52	45	130	69	97	75	32	113	31	66	91	37	52	49	112	41	71	109	73	136	40	105	76
ENSG00000213504	150	13	13	12	3	6	3	5	11	5	16	7	7	3	10	13	15	10	5	15	15	5	12	7	11	11	7	13
ENSG00000178896	4450	63	88	127	59	118	69	95	62	86	101	112	81	104	101	87	58	114	121	109	90	82	64	90	73	69	82	113
ENSG00000129407	2850	63	36	30	38	47	51	50	43	40	46	19	52	48	61	45	60	18	41	63	55	49	27	35	29	65	44	64
ENSG00000242458	500	4	12	9	3	13	13	15	14	6	10	15	9	2	17	15	18	13	8	8	14	8	14	7	15	2	15	9
ENSG00000156461	11150	268	191	307	235	431	366	258	190	473	585	226	419	302	173	404	266	172	283	364	135	231	217	395	241	179	388	508
ENSG00000241529	48900	520	373	381	245	245	556	480	400	214	298	371	346	492	397	598	390	403	476	412	538	455	393	409	342	496	519	742
ENSG00000176918	52150	480	404	826	494	758	507	445	548	937	740	642	775	614	500	419	815	886	1199	920	639	685	1160	448	415	483	780	580
ENSG00000108552	6050	122	131	85	125	123	169	232	218	112	201	193	186	222	242	221	162	234	139	293	174	120	130	218	102	238	206	157
ENSG00000217382	3500	55	62	68	63	41	83	81	102	45	94	55	49	150	91	90	71	82	79	73	70	81	146	65	75	56	53	125
ENSG00000143198	62900	1254	1300	988	1514	1052	1433	1453	681	1087	1432	827	1448	1109	1112	1530	1127	1128	909	797	1220	1119	1109	826	413	692	1429	764
ENSG00000213096	38800	914	541	585	799	755	395	917	868	782	672	539	626	601	625	486	515	1304	582	776	725	1045	687	649	684	737	599	471
ENSG00000225492	1164750	47278	11898	24626	53986	73638	51477	52522	123901	385766	258667	262112	78962	140784	118202	138326	676112	994351	633521	373036	20964	14370	13835	15223	1234912	967566	1245642	546928
ENSG00000232525	20150	718	381	565	402	560	521	353	249	492	461	321	321	623	414	273	589	412	401	376	408	490	633	417	367	587	525	475
ENSG00000187482	500	20	13	23	14	18	19	15	19	17	20	13	12	10	23	30	18	27	21	21	15	27	30	23	32	26	37	29
ENSG00000152165	37550	1062	850	1186	1329	529	1317	1845	1004	1136	1087	1328	999	1081	1093	1300	1085	970	1163	1207	1452	1304	762	671	924	595	986	1092
ENSG00000180089	2127050	32996	30750	25381	77504	65034	65852	49628	289108	142881	333178	266616	110707	214682	182618	96228	475976	797012	404454	449081	31099	9974	15027	14302	1060194	758936	1520187	644431
ENSG00000183143	9750	186	274	386	138	202	204	341	169	299	224	263	282	281	259	236	271	155	311	259	389	150	282	268	341	293	338	314
ENSG00000140044	4200	141	82	141	98	85	130	127	86	110	106	120	88	96	95	101	227	97	91	100	86	99	51	33	128	68	104	95
ENSG00000172049	2700	61	31	32	36	27	39	61	46	48	69	35	105	40	32	50	41	55	41	18	61	52	51	25	32	50	35	69
ENSG00000231773	300500	3799	7414	6028	3920	6641	5412	5658	7922	5357	7614	7815	7263	6179	9153	3364	9018	8313	7632	4490	4412	4955	5052	4710	8754	10985	12260	8970
ENSG00000227758	3600	101	107	89	82	152	128	48	123	64	111	66	118	118	54	120	153	107	74	76	52	42	111	68	94	96	98	100
ENSG00000195173	1600	102	104	98	92	76	100	99	88	75	99	82	150	222	68	60	89	77	92	61	103	65	91	59	131	77	100	58
ENSG00000167323	15900	342	224	374	255	420	235	416	170	112	290	159	348	166	183	261	315	298	313	362	283	182	443	444	333	229	178	338
ENSG00000242271	600	15	12	9	11	3	12	11	10	5	11	2	8	6	8	8	7	15	9	6	8	11	14	13	2	7	7	10
ENSG00000233521	3350	111	114	40	103	80	107	63	66	95	135	49	150	54	107	93	107	79	88	52	110	67	73	60	121	101	118	51
ENSG00000173142	550	6	18	6	9	19	9	15	17	18	9	6	16	10	5	11	9	14	5	13	4	10	19	15	11	10	12	10
ENSG00000125845	3950	172	95	81	48	183	177	52	108	146	105	122	137	65	147	102	47	115	91	92	96	152	66	101	64	152	138	122
ENSG00000226855	14900	631	499	539	267	448	367	300	266	462	469	517	331	498	412	631	636	370	205	494	456	541	361	537	433	362	295	281
ENSG00000239072	37200	1532	1068	777	548	873	1315	1241	909	714	1038	1136	1595	1230	796	1162	813	1265	904	1128	797	826	673	1476	1005	1337	721	606
ENSG00000227464	2600	56	75	37	50	48	68	71	54	127	29	72	50	95	43	73	39	54	84	90	48	87	100	98	78	66	83	50
ENSG00000143528	48950	1466	831	936	4206	1391	2336	3225	6657	12397	11751	4048	5378	7426	6508	6306	18158	20697	37779	14699	693	667	1203	566	38279	62310	44282	79579
ENSG00000216783	2850	26	45	63	110	67	97	102	63	59	41	68	91	116	59	99	60	53	92	36	48	99	122	52	63	39	57	91
ENSG00000247688	400	7	6	3	5	7	1	9	2	4	6	4	7	4	6	3	11	3	3	4	17	5	9	7	6	5	11	6
ENSG00000227991	41200	581	411	242	383	569	590	395	417	488	339	447	372	412	611	510	518	502	589	234	812	414	902	267	348	576	611	481
ENSG00000103720	4450	104	40	139	163	108	96	129	111	169	127	108	58	78	99	67	123	75	104	74	99	104	140	87	163	117	123	129
ENSG00000103346	12050	207	77	163	150	156	182	186	234	125	292	87	213	188	144	341	225	187	131	115	92	215	179	132	195	188	172	316
ENSG00000187515	200	0	1	4	2	0	0	0	0	1	0	2	1	0	1	0	0	1	0	0	2	1	0	0	1	0	1	1
ENSG00000234171	12500	184	185	147	178	172	301	220	288	315	167	218	143	236	337	270	421	99	245	193	342	203	199	222	191	154	301	172
ENSG00000221650	16800	255	297	513	179	312	202	187	235	264	340	258	219	314	119	272	372	102	360	102	307	250	321	392	227	154	206	493
ENSG00000242904	14450	331	189	250	314	84	381	267	188	329	342	234	192	239	191	192	239	252	284	429	204	157	207	243	258	354	139	202
ENSG00000195182	133150	1547	4045	4701	6202	4415	6092	5801	22900	21410	11705	25006	7964	10048	9347	8483	26947	38032	39248	74397	827	872	948	1171	53388	74882	44698	91117
ENSG00000238772	4550	103	64	151	75	58	54	79	51	51	49	55	75	87	56	55	62	79	55	71	105	102	119	80	77	56	134	75
ENSG00000220138	452400	16464	12774	13271	14980	9027	5739	14315	9373	7274	8361	9024	10122	9653	11904	10364	11480	11334	9613	12617	7775	18102	11415	13985	8547	15687	9927	10775
ENSG00000111398	26400	626	494	772	356	941	798	581	803	353	1336	607	482	594	590	1175	440	479	174	928	431	582	583	927	557	677	1139	838
ENSG00000163966	30450	206	308	492	486	375	486	500	278	343	825	428	284	366	486	563	392	759	404	391	613	342	677	611	465	512	655	988
ENSG00000155112	100	0	1	1	0	0	0	0	2	0	1	2	2	1	4	4	1	0	2	0	0	0	0	2	4	1	2	2
ENSG00000137716	200	4	5	1	2	4	5	3	3	6	5	1	3	4	3	3	7	1	1	6	1	3	0	2	3	7	5	5
ENSG00000227546	106700	7106	3132	2582	1699	5378	3426	3025	4368	3287	4698	2140	2321	2986	2444	2444	2157	3700	1919	3959	4292	3402	2825	2932	2971	2559	3121	3460
ENSG00000146561	20000	408	681	660	378	332	248	748	303	403	374	274	369	205	415	243	314	263	358	241	312	207	508	252	287	402	389	233
ENSG00000135229	88100	2369	1721	1935	3838	3137	5597	3488	15543	15403	23596	27930	5270	9162	5941	6986	34744	29830	40856	26272	877	1130	456	1330	43087	109249	40002	57576
ENSG00000234973	1350	48	94	58	48	63	67	68	135	90	61	100	72	89	60	73	60	132	41	80	91	67	121	118	64	56	59	68
ENSG00000240798	8600	79	88	77	128	75	138	158	122	167	373	145	100	125	204	174	81	103	127	103	110	84	151	82	121	126	183	93
ENSG00000167589	17800	504	654	849	575	368	527	769	755	623	579	499	889	536	559	872	647	968	480	544	704	640	800	552	806	488	376	427
ENSG00000245179	1650	29	30	49	26	36	43	29	33	29	27	19	35	35	24	31	38	38	36	44	47	25	51	35	60	37	52	36
ENSG00000169651	114400	3118	3533	2664	2590	1063	1901	4084	2800	2921	3420	3747	2712	2729	2092	1367	3349	3079	2062	2898	1481	2994	1574	2244	1816	1804	3358	2747
ENSG00000238262	1400	17	14	11	37	21	11	17	4	16	35	24	19	8	19	22	24	16	18	14	12	18	22	24	14	13	19	14
ENSG00000199065	9050	227	314	480	215	299	219	232	212	244	225	246	313	186	138	294	243	300	223	302	248	307	213	210	166	253	258	214
ENSG00000148691	12650	297	240	303	470	395	270	680	1673	2153	1218	1408	582	531	607	1016	2600	2646	1816	3682	77	127	41	117	5471	3057	6454	5615
ENSG00000207827	16550	179	302	609	398	265	335	339	580	463	538	516	505	473	702	354	328	244	296	430	119	456	370	190	314	438	521	358
ENSG00000194344	287000	2425	5276	2820	10501	9927	10674	3483	50123	26549	34977	45854	11078	14844	14240	19986	81329	51920	95728	69988	1949	2115	1529	1046	151208	121983	153386	145273
ENSG00000171584	350	19	33	22	20	32	21	28	11	10	15	34	13	28	18	25	13	31	25	25	13	19	16	27	25	24	21	24
ENSG00000153977	21650	240	631	325	547	285	459	416	510	521	559	515	297	318	317	250	583	607	254	253	541	530	394	705	482	445	353	535
ENSG00000214917	12600	246	200	171	237	230	196	152	248	241	272	268	261	145	211	307	225	355	104	212	354	99	330	196	149	165	162	342
ENSG00000196028	73850	1747	724	1258	1691	1709	935	589	1352	632	679	875	1599	612	463	687	803	944	1178	759	691	987	1488	1108	483	740	556	531
ENSG00000103843	11350	136	124	132	219	132	215	152	121	169	97	158	131	191	164	284	185	148	150	198	202	78	185	191	164	255	115	148
ENSG00000124961	3150	39	90	68	51	47	93	58	66	43	79	71	54	76	66	82	81	68	63	61	87	90	83	49	75	50	96	118
ENSG00000138328	18350	905	583	394	249	193	896	497	385	782	684	540	360	424	449	274	636	475	553	686	278	459	464	367	579	349	373	317
ENSG00000218420	139500	2531	2027	2912	2008	3203	2748	2899	3308	1377	1675	4863	2633	4109	5067	2211	3316	1926	3474	2949	3461	2554	3345	2174	1785	2865	2038	3166
ENSG00000201390	44900	1075	1295	879	665	1855	864	1336	1513	1266	1123	908	611	830	1217	741	1274	893	1348	639	907	1154	541	630	477	858	875	565
ENSG00000109136	23950	288	486	435	1493	911	1152	749	1601	5427	4208	6059	2004	3161	1014	2229	8324	9965	7067	9707	422	201	251	255	18628	22267	13468	10550
ENSG00000123543	22300	403	403	296	724	548	502	597	332	253	609	524	427	299	459	725	340	359	278	632	318	258	456	438	496	669	587	432
ENSG00000158811	350	4	15	2	6	3	18	5	13	2	5	14	10	12	5	12	4	3	19	8	11	10	12	17	13	10	11	7
ENSG00000235597	5550	92	43	53	51	60	87	79	26	81	45	82	52	41	62	69	82	79	109	50	49	78	67	38	55	52	114	47
ENSG00000220925	8200	129	140	115	98	139	87	98	106	98	132	148	169	116	114	58	145	152	37	95	92	95	147	124	116	82	134	66
ENSG00000130343	3700	49	68	74	64	38	51	81	44	103	86	68	60	43	85	80	98	75	106	81	64	72	69	107	102	65	23	64
ENSG00000221813	1500	18	36	23	32	48	38	90	29	65	49	65	55	86	39	33	30	44	16	62	51	30	22	59	62	43	35	35
ENSG00000244298	11450	262	172	200	153	192	170	172	97	197	179	124	128	247	241	218	97	157	218	232	144	81	262	82	165	110	146	205
ENSG00000141205	23050	376	474	566	768	264	366	349	459	269	647	594	324	294	360	458	268	414	342	369	595	333	310	461	371	331	301	484
ENSG00000164410	387450	8817	4790	6415	9719	11973	6073	6681	9106	10823	9804	9429	6789	12915	7998	13698	9918	10960	4735	5394	7782	7579	15355	7910	7784	6816	6731	8702
ENSG00000197839	1650	62	38	68	36	42	46	70	51	44	51	32	30	59	38	63	79	43	45	79	35	38	46	43	39	73	55	41
ENSG00000150477	1400	25	35	33	29	14	47	45	19	24	31	37	33	23	34	31	33	33	13	20	38	29	23	30	18	33	42	35
ENSG00000211113	42250	973	972	1742	2391	1394	1135	2208	1298	1613	1553	2184	1453	1384	1440	1087	1237	1778	746	1529	2483	1838	1251	1384	1447	1249	1885	967
ENSG00000140613	11900	206	192	280	198	483	330	296	317	237	143	131	259	462	261	328	344	208	393	110	227	272	349	296	259	181	213	240
ENSG00000164668	850	25	32	26	19	41	31	26	48	30	19	29	30	51	48	24	37	16	11	35	29	30	40	24	33	49	14	26
ENSG00000151493	99450	7255	5431	3041	1742	3975	5260	5206	4512	4166	4634	3246	3377	3402	5777	5655	3878	2820	4943	2786	3137	2117	3784	4022	3341	3534	3791	2474
ENSG00000141199	5600	126	136	117	84	164	115	168	157	135	85	83	147	101	143	82	136	100	101	105	153	63	150	162	108	44	109	201
ENSG00000116298	6400	79	63	155	105	77	91	90	84	117	73	94	110	179	90	119	93	106	165	156	103	93	111	34	184	73	81	107
ENSG00000191766	3750	63	39	26	79	51	62	35	59	47	96	26	30	21	90	36	53	56	57	34	49	85	46	55	44	49	24	38
ENSG00000160497	2850	40	39	81	118	142	142	146	383	497	635	519	177	328	283	323	819	1339	1396	930	9	27	33	19	1734	1291	2563	2108
ENSG00000141036	7300	198	127	144	310	266	181	406	265	246	152	187	135	214	177	278	274	330	226	228	214	246	182	235	112	215	139	188
ENSG00000184612	2450	63	23	36	68	82	122	134	544	449	581	406	187	221	208	186	768	721	561	850	27	23	25	27	2494	1368	1303	1956
ENSG00000143313	1614150	37415	28262	23086	20957	27133	17163	36945	28098	33767	20906	31912	48107	16720	32838	32801	24363	17584	25807	28921	24718	15542	49700	15843	16358	28681	29069	18453
ENSG00000135063	23250	389	273	276	254	497	324	577	500	445	251	244	276	348	363	351	174	580	472	402	378	397	157	341	126	318	352	417
ENSG00000220701	4750	155	108	138	239	83	108	63	153	64	162	77	77	76	106	115	55	122	105	132	130	84	133	51	73	87	75	142
ENSG00000159511	1500	50	38	57	37	29	31	44	28	34	30	37	65	55	17	35	40	61	45	37	14	31	49	33	60	26	50	51
ENSG00000170267	16950	154	228	383	385	245	294	364	416	225	420	249	173	313	301	364	336	250	265	350	187	425	405	208	125	226	213	277
ENSG00000179871	43550	1313	1330	1344	1305	1968	1106	1589	1518	1252	1138	1675	1474	963	1320	1144	1797	1057	1378	1244	1073	1200	2842	995	926	1063	1350	1585
ENSG00000203980	16850	431	437	232	173	210	220	359	261	504	355	364	118	180	247	383	175	470	265	239	150	426	205	439	292	278	252	200
ENSG00000101759	1100	27	30	26	20	16	12	7	8	21	39	25	18	30	24	22	8	16	7	15	11	33	11	16	17	16	24	42
ENSG00000162861	10700	143	339	108	705	380	278	444	3233	1786	2142	1603	925	780	842	867	4676	4290	4296	3090	102	165	80	92	3950	7893	8292	7663
ENSG00000146817	200	7	10	3	4	11	12	15	6	9	14	12	3	6	3	7	10	6	0	14	3	7	4	7	3	8	5	3
ENSG00000246177	234950	4213	7983	7859	3860	12192	8110	17059	67884	70646	49131	28988	22513	23580	18103	13396	70127	100331	84868	38190	2714	3379	1717	1006	132870	229309	119747	224878
ENSG00000129388	39450	625	827	1015	555	720	593	415	679	621	670	480	468	650	663	360	551	769	993	1034	441	590	631	734	702	693	517	771
ENSG00000240134	9150	275	181	319	277	153	199	254	216	328	169	632	274	319	311	183	242	205	358	221	176	202	441	223	216	372	393	413
ENSG00000229078	16300	484	342	381	318	232	276	217	315	256	261	312	459	256	295	307	319	489	210	382	265	422	481	262	289	406	401	328
ENSG00000136969	2200	89	40	43	50	26	55	55	74	37	58	39	44	49	69	53	31	31	96	48	36	79	59	57	86	34	60	89
ENSG00000166637	6950	104	99	127	89	103	200	84	170	167	184	181	166	170	79	156	162	139	147	72	165	124	117	88	184	117	172	128
ENSG00000163276	44500	1712	1423	1080	1376	823	879	1277	1361	1002	933	2498	1676	941	1214	1274	1431	1340	1440	1691	1125	1599	2131	1153	1175	2891	1331	978
ENSG00000129830	8500	88	194	193	177	132	199	99	161	169	241	75	141	209	126	237	165	99	185	223	143	101	99	247	176	112	60	215
ENSG00000217274	16000	548	508	694	617	422	623	614	509	502	446	637	284	523	630	637	462	479	626	438	658	669	745	629	674	495	768	251
ENSG00000241500	17000	301	261	367	308	320	412	219	140	273	494	325	232	328	255	307	203	244	313	214	106	300	254	340	315	225	348	226
ENSG00000152280	45950	339	713	489	695	931	1174	1844	5394	2706	4004	5490	1676	2497	1942	2218	7973	7558	8822	7684	187	308	348	332	12991	8657	22547	17713
ENSG00000128548	18250	264	398	391	506	429	257	216	554	271	329	516	250	156	163	266	385	328	158	316	241	442	252	329	285	352	140	345
ENSG00000124528	96500	1808	2954	3885	5877	7998	6254	8554	19477	14613	13789	18503	14083	7771	17835	8599	29495	30060	38665	31980	1326	1521	1072	1338	60405	75390	82680	75714
ENSG00000167505	5950	88	85	99	114	92	94	118	88	116	110	104	85	64	86	121	84	93	43	117	127	42	109	88	67	111	82	101
ENSG00000203598	16850	641	1026	837	622	370	808	594	1174	628	542	607	416	867	576	886	466	520	893	938	337	677	807	619	534	766	868	638
ENSG00000133639	1150	42	47	25	22	32	27	53	38	39	26	26	31	24	27	38	17	43	34	50	60	28	37	47	34	39	60	83
ENSG00000171964	3750	53	67	77	49	52	64	66	70	52	35	71	47	46	73	66	39	47	51	55	23	78	41	45	40	44	22	55
ENSG00000246304	2700	16	45	47	46	32	31	44	41	40	32	59	35	19	35	29	44	33	44	52	36	32	35	46	27	21	22	56
ENSG00000185611	77200	930	1306	814	1587	1015	1799	858	664	1416	921	928	980	855	1155	1268	628	1746	1229	1545	1007	900	1143	876	1336	1138	531	1522
ENSG00000121459	5200	130	89	60	141	89	137	167	135	208	107	34	66	74	136	61	145	79	78	79	125	73	121	135	106	38	121	95
ENSG00000164675	101900	3126	2341	3013	2804	1815	1166	1185	2240	4637	2149	2056	1079	2589	2663	2745	2713	1947	1087	2678	2783	1423	1832	2430	2090	1365	2238	1686
ENSG00000228994	1150	12	41	13	26	27	26	23	25	13	19	35	42	21	17	25	25	10	15	19	20	37	14	17	11	15	13	25
ENSG00000132632	20350	259	695	309	327	325	328	268	263	277	517	487	326	590	413	122	299	416	214	399	699	252	702	255	167	351	255	366
ENSG00000206980	750	16	18	25	13	10	15	18	21	23	17	12	11	11	28	20	19	18	21	17	21	25	15	16	16	14	18	9
ENSG00000189837	106100	2058	2011	1989	2238	1243	1696	863	2247	1850	1468	1082	2160	1368	1284	1537	2427	1177	1760	1958	2141	656	998	746	2484	1883	2092	1171
ENSG00000196505	2200	47	60	21	66	22	40	58	45	40	41	35	23	44	65	69	27	46	28	63	50	47	62	43	49	40	22	60
ENSG00000104957	17550	727	401	365	433	613	317	581	356	556	546	285	500	446	479	307	379	501	641	572	435	504	467	204	296	368	366	421
ENSG00000129612	2100	71	64	47	19	77	49	46	69	19	63	31	42	28	34	80	54	28	48	36	39	46	67	41	76	52	45	43
ENSG00000244356	4200	50	61	79	87	168	234	109	1192	809	504	914	313	288	329	371	1437	1754	1292	1957	26	22	50	40	1471	2195	1176	3056
ENSG00000107005	42700	627	826	546	1395	1861	834	577	3893	2577	6648	3630	2270	1407	2265	2277	11918	5329	5034	7555	251	319	517	448	18399	18924	11672	22300
ENSG00000141597	150	6	11	6	10	5	5	4	9	6	1	12	7	3	1	3	6	6	5	7	5	7	5	4	4	8	2	5
ENSG00000131903	700	12	19	3	16	20	33	31	13	13	12	14	14	17	13	24	9	14	9	9	10	11	17	16	9	21	20	16
ENSG00000123132	147900	3284	5828	4534	2326	5305	2931	2543	3614	2404	2538	2208	5958	4988	5605	2465	4297	5117	4348	2060	3227	4222	3608	2965	3937	3478	2836	2619
ENSG00000186414	2500	60	23	45	44	16	44	60	43	31	22	21	25	39	21	39	68	31	26	15	34	24	31	30	30	40	21	50
ENSG00000125325	51000	886	1476	736	992	1106	822	1494	451	879	989	933	875	874	990	1076	975	1011	797	787	1085	799	1034	875	910	1023	683	627
ENSG00000149601	1850	31	15	39	32	25	41	37	17	32	20	24	32	34	22	16	25	28	27	23	20	37	33	36	25	28	53	34
ENSG00000167220	600	3	2	11	5	8	6	5	13	6	2	5	11	1	7	4	6	8	13	5	4	2	9	9	5	10	6	2
ENSG00000172485	5000	41	117	87	65	82	79	67	116	38	40	35	78	61	79	63	92	73	62	101	49	69	109	49	88	135	92	76
ENSG00000125569	93300	939	1102	1359	1093	867	645	553	901	1642	790	1443	648	1227	456	2011	927	1217	1119	1172	1112	745	1602	1059	708	1184	1655	1116
ENSG00000164629	6450	97	122	185	217	173	99	127	178	131	200	117	185	254	187	207	113	156	182	264	131	85	150	97	156	155	175	129
ENSG00000126345	9000	324	104	158	373	273	174	319	1708	1527	1587	1419	936	594	463	872	2551	1891	3052	5211	65	75	126	73	6856	11404	6958	5029
ENSG00000118705	46650	815	970	1167	857	1367	1162	819	819	1301	1054	750	1319	1112	611	968	1067	806	1369	1017	498	1152	1224	474	1159	769	576	1121
ENSG00000212113	1500	31	15	25	70	50	23	25	16	48	31	57	51	11	35	54	45	15	56	47	63	25	38	26	34	23	11	8
ENSG00000157272	80700	1831	1978	1110	4575	5463	1978	4544	11292	13376	22200	9991	5296	7115	7088	9057	34854	23576	21116	17595	840	375	647	1177	35470	66073	62147	50980
ENSG00000104219	8650	224	361	382	252	412	362	296	371	209	212	329	347	412	474	353	237	312	388	223	488	402	345	378	218	343	334	432
ENSG00000216700	600	31	23	11	10	38	26	21	29	20	19	22	23	26	23	38	25	26	37	16	15	32	26	35	40	28	12	28
ENSG00000234473	59150	856	1238	521	1160	914	1392	1526	791	983	505	1128	1418	1268	584	1196	894	1232	2189	1383	951	1342	1055	1539	1589	538	912	1357
ENSG00000223911	65450	1141	1335	1640	1950	1613	2669	2180	1348	1002	1420	816	1923	2442	2909	1053	1348	1015	1896	1241	1331	1494	1168	1111	2181	2162	777	1966
ENSG00000166604	6050	72	110	167	129	79	94	70	162	102	134	127	95	72	161	104	83	90	71	123	118	63	124	119	81	114	141	125
ENSG00000111597	15200	316	236	129	420	252	309	396	233	223	301	283	143	272	311	233	219	173	111	253	139	149	180	141	202	165	84	155
ENSG00000160720	4000	79	99	79	167	81	111	69	60	140	102	74	168	94	105	116	100	36	99	122	132	80	148	63	151	65	81	43
ENSG00000117537	900	21	19	21	22	29	16	19	9	27	18	17	13	23	26	14	11	33	22	18	20	11	25	10	14	8	12	10
ENSG00000229883	62650	801	1119	661	553	845	436	584	929	1145	1447	824	960	861	992	997	1211	652	1171	920	884	1027	484	810	956	799	803	654
ENSG00000213757	2250	70	8	35	87	69	161	64	361	555	421	519	205	260	144	227	780	680	906	788	20	37	28	35	2427	1932	1664	1339
ENSG00000225498	18550	296	753	414	528	403	597	281	642	381	442	761	579	392	505	410	319	703	387	418	521	415	790	455	295	564	719	453
ENSG00000177567	2750	48	50	45	84	50	33	64	48	35	46	69	103	86	53	61	41	73	49	54	62	53	46	41	60	58	43	54
ENSG00000186303	1000	29	18	32	13	36	32	32	34	21	17	19	38	27	15	16	19	18	16	24	35	22	19	27	24	27	13	16
ENSG00000126980	24700	345	682	411	518	728	407	445	804	909	614	338	788	250	1180	665	390	766	468	718	687	663	263	600	405	511	571	752
ENSG00000146971	13700	197	362	240	129	229	352	301	367	257	230	176	238	276	261	356	169	618	299	348	277	125	244	324	296	226	316	320
ENSG00000207745	287950	5280	7181	7301	4854	4135	4943	8134	6941	6565	5117	5829	6957	10479	11555	11700	6807	8881	9794	6986	12692	11554	5718	12071	5305	8070	3716	7300
ENSG00000101777	6850	210	143	93	155	164	119	181	148	92	215	208	180	146	96	258	123	195	92	99	158	118	149	231	98	132	82	133
ENSG00000223997	14900	248	189	334	154	188	225	339	221	199	96	240	209	177	256	54	158	274	148	228	244	413	54	180	174	179	177	237
ENSG00000103014	20300	236	362	195	150	217	212	158	151	395	174	363	244	247	158	247	93	107	178	412	133	225	352	431	285	171	92	229
ENSG00000175656	7150	118	151	82	150	84	120	123	76	177	94	104	105	125	112	126	87	98	135	137	61	191	123	114	121	163	65	146
ENSG00000159480	125300	2247	1671	1413	2372	4498	1568	3803	1523	1263	3332	1905	2033	2560	1348	2649	3488	3586	2867	3536	2803	2084	2167	2323	2842	2787	2052	1908
ENSG00000218707	259900	3647	1547	3983	1306	3656	3829	2945	6586	4148	4070	2496	1158	4263	2919	3945	6459	3755	4333	2903	2107	3665	2141	1845	3075	4808	3832	1912
ENSG00000218321	39300	586	613	873	626	755	425	844	465	286	652	318	480	839	547	484	429	516	489	827	632	350	570	564	893	647	751	774
ENSG00000113767	850	25	41	26	31	42	20	9	38	11	27	18	24	20	16	20	33	7	31	32	31	18	34	21	14	21	20	24
ENSG00000119622	13450	840	211	311	739	430	683	236	414	312	384	592	372	376	380	394	281	375	381	305	272	266	340	436	328	225	443	477
ENSG00000124229	4650	204	109	234	138	91	209	168	114	180	205	181	215	334	255	218	113	213	174	161	90	143	147	382	169	126	126	168
ENSG00000193314	6400	142	156	83	213	304	310	193	1224	1151	1017	1169	410	342	401	587	1972	3794	1930	2666	61	41	90	48	5375	4411	6667	4254
ENSG00000111674	350	17	12	22	44	35	31	34	107	157	110	123	92	94	65	75	285	266	184	273	14	6	13	7	530	495	504	596
ENSG00000116818	48450	1128	1156	840	1282	764	708	1525	872	1602	770	1365	1062	980	645	874	1535	1159	1487	828	1762	710	1147	870	587	813	828	920
ENSG00000133046	122850	1389	1251	1494	2075	1456	1315	1281	1110	2264	2574	1141	2095	2455	1614	436	2517	847	1298	2090	2355	573	3221	948	1387	2892	1719	1103
ENSG00000221640	11350	264	344	288	195	383	386	298	291	283	297	297	308	281	197	238	377	566	298	142	464	344	135	449	310	363	417	465
ENSG00000100045	30450	983	1420	1008	1420	1581	994	1278	6578	7633	6229	5471	4633	4915	3650	3837	10943	12794	15384	16240	408	139	529	554	26870	26347	20553	42964
ENSG00000179493	341350	7820	5406	6949	6527	7778	5089	2546	4729	2962	4000	10120	7070	7329	4987	6487	4708	4874	5207	9067	8242	5409	5945	5925	4565	5709	5480	4420
ENSG00000124911	339350	13072	4036	7196	5330	8464	6352	7051	11705	10992	12179	8148	9767	12840	5172	8324	9820	9131	9582	14338	7502	4586	6630	13019	9159	12072	8346	8675
ENSG00000124706	12900	447	302	123	230	372	114	273	158	326	174	148	324	121	243	132	277	486	184	203	184	220	335	260	159	363	380	274
ENSG00000230996	50	0	1	0	0	2	1	0	0	1	0	2	0	1	2	1	2	2	0	1	0	1	0	2	4	0	0	2
ENSG00000138618	45100	830	1125	441	329	767	942	763	825	706	728	524	404	848	630	311	568	749	336	761	755	526	593	754	859	534	828	916
ENSG00000196332	13000	398	247	145	159	420	187	274	254	279	333	142	258	188	243	326	217	169	175	204	246	181	173	235	140	198	314	477
ENSG00000237106	36150	752	752	894	295	674	850	687	596	845	736	383	685	814	421	446	317	624	441	484	756	581	482	904	629	820	892	1139
ENSG00000156787	2000	91	63	56	35	103	63	68	48	55	56	46	132	37	67	27	53	92	53	73	67	41	84	48	68	62	31	43
ENSG00000163565	1350	9	29	8	6	21	16	16	19	30	18	18	9	22	9	23	11	26	19	31	22	32	44	34	16	28	42	22
ENSG00000104335	14400	686	237	476	553	277	622	451	576	688	365	211	414	649	514	673	482	345	469	443	453	468	460	505	520	332	868	331
ENSG00000214526	2550	119	153	136	111	131	109	39	100	69	76	66	106	93	92	98	137	56	59	138	110	129	81	154	80	86	100	133
ENSG00000242443	13700	107	150	227	152	183	159	187	117	181	342	163	270	144	132	290	201	251	270	203	224	320	252	208	244	247	213	144
ENSG00000194826	25450	577	870	303	537	481	382	320	296	249	300	460	261	511	412	295	424	172	359	345	340	638	460	542	234	440	643	354
ENSG00000116672	10100	298	207	197	204	184	194	196	200	245	236	234	244	210	156	306	162	184	88	279	317	264	251	185	249	251	359	322
ENSG00000188810	200	18	7	5	5	5	6	11	8	13	8	5	9	11	7	7	9	7	8	9	18	4	10	11	11	6	7	4
ENSG00000210281	24950	291	648	372	788	817	706	469	378	451	469	399	941	320	707	569	554	487	380	598	542	442	355	501	351	736	659	516
ENSG00000233381	2450	79	93	74	84	40	94	72	55	47	21	63	64	48	57	50	50	57	55	94	63	119	83	46	25	37	39	59
ENSG00000169023	6350	96	128	65	97	116	112	127	142	131	162	78	167	126	136	72	83	83	183	166	138	116	62	59	115	121	113	186
ENSG00000241373	26300	192	343	352	372	392	339	564	285	461	193	148	360	615	307	262	148	286	282	392	392	308	283	361	670	342	485	471
ENSG00000135112	450	5	3	13	10	6	18	9	7	13	9	15	13	8	8	5	17	13	9	8	19	14	13	12	18	15	13	10
ENSG00000186307	5100	135	167	110	60	139	117	87	112	141	48	59	84	69	70	122	116	113	68	68	110	58	111	87	61	64	64	121
ENSG00000139892	350	2	3	6	3	6	6	8	6	3	2	6	4	4	5	6	6	3	4	1	2	6	3	4	10	5	4	3
ENSG00000178077	2500	52	48	44	94	79	68	55	67	40	37	50	54	89	64	106	51	34	44	38	75	54	33	49	56	68	109	34
ENSG00000245678	16300	263	187	353	336	243	372	157	485	311	207	275	243	107	347	176	250	202	412	231	252	184	417	362	190	324	309	140
ENSG00000192990	7300	108	104	92	99	130	138	115	123	98	122	153	130	143	103	101	124	63	167	105	105	126	74	93	90	98	119	91
ENSG00000166002	4450	91	90	81	73	97	123	82	84	61	121	83	123	55	88	67	48	150	144	99	71	93	65	122	77	69	107	159
ENSG00000139942	24750	439	885	753	648	555	455	525	741	370	366	458	597	226	410	452	942	404	537	439	364	524	460	301	259	812	429	240
ENSG00000207520	3750	88	96	57	31	22	66	39	64	110	88	86	93	51	59	55	78	45	87	41	73	71	57	89	61	58	114	47
ENSG00000178838	450	9	8	6	5	4	11	4	5	4	9	7	6	8	11	9	3	4	4	3	19	2	5	3	1	4	7	7
ENSG00000178926	31400	1364	1174	644	1753	1186	1549	576	1213	578	2023	917	939	1461	969	1534	1204	1738	826	685	1002	1178	1529	1157	1160	1637	1616	1607
ENSG00000151810	16250	232	193	215	319	121	177	276	198	244	247	308	199	323	182	220	305	168	200	264	174	338	296	352	213	270	276	206
ENSG00000188056	36250	1149	554	614	497	1109	698	763	588	1011	651	464	423	1348	1149	824	549	1096	1011	996	927	668	677	485	602	742	361	592
ENSG00000138191	2600	82	50	51	46	41	42	59	98	86	85	58	51	60	55	70	58	60	78	58	127	66	67	57	40	76	32	82
ENSG00000167178	2750	67	75	48	91	80	67	37	49	36	71	26	47	30	33	67	95	68	52	59	68	72	50	25	61	42	103	45
ENSG00000197428	1350	47	32	48	33	12	10	31	44	30	28	29	43	50	36	52	35	60	22	50	46	52	38	40	22	34	43	36
ENSG00000226822	100	1	1	5	0	2	7	1	1	1	5	4	2	10	0	3	10	5	0	3	3	1	3	3	4	3	2	4
ENSG00000214153	3100	56	44	114	66	79	47	75	88	45	96	74	63	53	62	60	72	27	47	35	64	75	36	70	61	72	45	39
ENSG00000150139	2200	35	37	26	51	78	58	45	56	38	43	27	22	20	68	28	82	54	35	39	35	20	51	22	68	61	37	29
ENSG00000112100	178200	2927	4579	2773	2699	3097	2170	3473	2496	3357	2362	4595	3741	2412	4193	4301	4734	4625	4921	2774	2274	3111	3652	4468	5743	3994	1755	4798
ENSG00000200111	200	5	2	4	2	3	1	0	1	4	2	2	2	6	5	1	4	2	2	3	2	1	1	0	3	5	3	0
ENSG00000219585	16000	202	254	167	519	427	177	522	1968	2248	3016	1517	1142	815	1279	694	6857	4938	3794	3952	164	125	159	131	9865	9050	8821	9003
ENSG00000170968	2950	75	71	85	65	101	58	98	114	75	80	116	82	55	105	95	32	109	131	56	70	80	60	103	94	46	54	58
ENSG00000108135	6750	159	84	190	125	70	122	118	125	91	111	130	127	78	109	111	155	104	139	60	162	153	177	64	80	72	90	182
ENSG00000114655	4200	105	71	96	120	82	127	66	70	112	96	62	87	79	57	77	129	50	102	58	178	72	58	82	59	107	154	67
ENSG00000102730	12450	181	183	162	271	285	194	205	194	192	182	201	212	369	227	110	169	177	186	166	176	126	89	180	113	221	113	170
ENSG00000187996	34200	390	380	517	337	608	449	587	699	377	1011	665	768	900	641	761	720	890	901	639	752	599	591	742	602	740	662	1470
ENSG00000156351	200	4	6	9	3	4	8	1	6	3	2	5	2	5	1	5	8	4	5	3	4	8	2	6	5	4	4	0
ENSG00000151912	36800	500	395	462	991	618	812	1214	698	568	387	555	279	523	652	922	421	399	641	526	674	479	656	936	505	959	676	979
ENSG00000216632	2300	39	59	70	67	88	88	56	65	64	74	46	108	66	94	95	36	90	64	97	77	82	95	50	40	88	74	43
ENSG00000102022	650	22	15	11	11	22	20	16	16	12	22	19	19	22	13	14	8	13	33	5	23	19	18	32	24	12	11	27
ENSG00000197961	400	2	5	2	1	3	3	1	1	4	6	4	4	4	3	2	2	1	4	0	2	3	3	1	2	4	0	1
ENSG00000236696	250	5	1	2	2	6	4	5	3	1	3	4	5	5	4	2	1	5	1	0	5	1	4	6	0	1	3	5
ENSG00000152641	5050	86	95	102	73	136	119	150	75	135	125	66	86	94	175	71	48	86	91	137	67	78	134	92	112	76	102	119
ENSG00000235473	250	13	7	10	8	6	13	14	15	7	8	9	12	16	7	13	7	8	9	7	11	3	9	11	4	16	8	16
ENSG00000170530	600	13	10	23	17	17	10	8	6	17	6	12	8	16	10	12	15	8	9	3	16	4	8	10	10	5	6	10
ENSG00000233997	2200	71	31	62	32	43	33	40	22	44	42	74	67	54	33	57	85	80	31	38	32	32	68	69	40	26	41	47
ENSG00000202833	9900	190	255	195	389	488	274	472	1292	1348	1969	1207	1098	1249	736	1335	1563	4230	4396	1824	163	170	170	97	4117	7346	5009	10831
ENSG00000234875	3850	120	74	100	251	183	174	228	1131	1205	537	775	436	469	391	360	720	1755	1580	1101	61	58	43	27	4139	3098	2803	2086
ENSG00000120662	400	9	20	11	9	10	14	11	17	8	3	16	16	18	10	18	7	32	6	5	6	6	10	12	7	15	16	9
ENSG00000112269	1350	36	31	30	24	24	35	38	45	36	19	31	33	21	48	18	53	51	28	32	35	25	54	30	45	41	32	27
ENSG00000135218	6000	216	223	77	292	410	472	503	1107	1406	1504	785	583	585	668	497	1530	4941	2801	5114	88	107	135	70	3930	2522	9495	6886
ENSG00000182199	400	13	7	15	7	18	6	7	7	21	11	10	13	7	8	16	9	8	28	4	15	7	30	19	27	12	17	8
ENSG00000188206	29900	1279	590	562	809	641	652	676	957	492	679	1349	709	861	996	486	823	640	452	985	1314	743	888	549	649	761	715	851
ENSG00000172128	68050	1604	888	1090	1460	2262	1627	2230	1232	1198	1071	2099	1484	891	1829	1852	837	1484	1232	890	1443	2022	1427	1382	1761	942	1148	1062
ENSG00000191169	82750	1020	1002	2223	1458	927	2013	1582	1315	1373	2278	2304	2160	2406	1566	1074	1807	2616	1298	1379	1459	1312	809	2174	1147	1448	1361	1043
ENSG00000115734	4850	93	93	110	325	507	336	193	400	1354	1262	697	652	448	502	287	1629	1793	2423	1845	88	62	61	55	4072	3321	2905	4160
ENSG00000163173	4000	35	74	25	43	44	91	50	127	98	68	47	68	35	81	98	38	36	44	60	53	65	51	34	82	89	36	50
ENSG00000105895	1500	11	6	11	23	17	32	15	21	14	25	22	19	17	21	43	29	15	29	22	22	19	19	19	15	14	15	13
ENSG00000158749	123450	1336	2825	2881	2923	1129	937	1641	1724	2678	1612	2099	2812	1740	1449	1207	3063	1613	1410	2732	1242	2914	1753	2462	1816	1087	2738	2853
ENSG00000147505	4400	44	42	41	67	61	65	46	52	23	46	42	68	67	55	46	17	54	57	32	27	47	49	35	55	60	44	33
ENSG00000134165	606500	11257	8484	7478	6955	11772	11691	7900	8887	6809	4631	13140	13498	9059	14780	8773	13727	7016	8854	12035	10605	8555	6653	7195	11895	14312	10844	13417
ENSG00000238542	50	3	10	2	0	3	1	4	1	2	1	3	1	0	3	2	1	4	7	2	0	3	3	1	3	5	0	1
ENSG00000134396	9300	293	397	409	1302	661	845	699	3547	3588	2351	2530	1749	1036	1738	1923	4629	7118	6106	4911	159	137	322	160	9391	13331	16301	13167
ENSG00000150177	14750	97	252	239	339	803	351	303	385	380	175	524	208	389	428	288	421	256	305	273	406	140	383	235	207	254	348	232
ENSG00000126691	5600	92	183	160	56	150	116	160	52	159	107	120	120	173	141	109	101	128	176	259	109	120	142	210	91	108	99	152
ENSG00000195762	24850	182	533	106	279	435	437	420	371	378	613	466	288	364	577	401	528	350	508	555	505	386	441	144	434	322	221	216
ENSG00000198372	187500	10992	8703	5653	5009	8638	3114	6505	4420	10912	8191	10251	8368	7601	5671	5928	7064	5582	7187	7806	5428	4614	5161	6447	3790	4806	6089	5568
ENSG00000239838	7050	213	82	91	79	161	168	112	86	144	36	132	102	108	93	176	156	48	138	152	131	162	124	102	111	114	155	186
ENSG00000143431	28900	573	360	386	578	825	678	441	768	749	657	350	1028	782	861	598	545	859	483	400	774	928	719	750	663	608	941	794
ENSG00000206857	2600	32	37	57	59	33	58	25	67	50	60	25	94	39	47	26	40	38	73	55	57	64	76	54	78	101	80	85
ENSG00000224096	850	8	17	8	13	13	12	12	10	8	9	10	10	3	12	11	10	15	11	19	7	16	7	21	9	12	17	11
ENSG00000186851	750	26	12	16	10	25	14	27	13	22	21	27	10	8	10	10	27	9	20	5	21	15	13	18	22	28	16	10
ENSG00000190145	17000	638	590	372	691	1143	728	933	775	451	659	407	803	648	675	913	615	842	713	549	1066	1133	1083	583	1047	758	681	567
ENSG00000203439	9700	221	208	181	214	191	221	214	268	132	168	258	143	287	358	245	117	246	226	284	427	326	305	173	381	442	329	135
ENSG00000240962	650	5	9	7	8	6	9	6	14	6	7	4	6	8	9	13	5	13	9	10	4	7	4	10	10	6	11	7
ENSG00000137992	30850	604	503	570	913	1355	1343	554	6463	1870	2940	2785	1922	2233	1928	1997	11135	6635	10769	7190	267	224	296	262	28363	27413	5753	11906
ENSG00000103942	15100	339	369	183	402	658	497	511	337	347	272	352	570	512	355	471	370	330	432	423	470	648	413	558	490	305	365	573
ENSG00000118281	14650	438	224	454	330	395	310	434	323	134	335	199	332	481	438	272	408	223	335	328	388	245	168	254	168	332	302	349
ENSG00000195150	56200	2270	1374	1021	453	1274	1490	817	1429	1173	882	2543	797	967	1905	771	1247	1088	1384	1608	1378	1835	967	1163	764	1142	1249	1346
ENSG00000183335	200	16	5	10	13	6	8	4	4	7	5	9	4	9	7	12	6	7	6	2	10	7	24	11	7	5	5	7
ENSG00000202683	1100	8	13	23	20	25	39	28	9	19	20	16	17	13	15	21	17	18	17	16	25	19	29	9	18	12	29	17
ENSG00000176141	1450	39	24	21	49	72	107	41	334	296	334	128	163	115	86	185	418	699	386	549	17	25	16	25	673	789	539	1008
ENSG00000209798	14650	434	477	443	1161	429	457	731	3058	2398	2953	2285	1367	1201	1186	1360	4858	8034	5859	3988	69	116	243	115	11874	19459	19410	11009
ENSG00000157658	98400	2244	2427	2889	2336	1447	2948	2788	1979	1809	946	1700	1398	2605	1265	1116	2317	1301	807	1890	1402	1351	917	2288	2136	1179	1456	1524
ENSG00000199725	6950	174	186	186	379	288	124	228	843	1353	784	991	651	327	158	395	1978	1820	1788	1621	78	55	95	30	3684	6517	5709	4053
ENSG00000246325	16200	313	149	344	407	264	269	227	405	305	185	272	206	202	119	259	227	155	362	270	340	262	206	398	376	263	264	298
ENSG00000194524	32400	316	643	899	424	646	670	391	593	844	1027	1043	601	649	1059	400	792	866	448	600	685	1200	868	471	863	721	519	804
ENSG00000143900	2250	42	65	70	99	48	68	49	63	44	76	60	102	27	34	82	53	61	54	50	41	67	57	24	33	52	51	51
ENSG00000155423	52050	1351	1118	558	1980	2064	2657	4636	10729	6674	5839	17626	4873	6562	5206	5055	13689	30001	35672	26696	644	1095	752	507	49650	20885	60376	47171
ENSG00000139114	5800	185	252	186	655	579	536	529	1772	1718	1688	1519	1045	1054	1069	650	4881	5241	2565	3155	95	153	132	82	3723	6276	6244	6720
ENSG00000245206	272300	3138	4045	8221	5462	5114	4869	3279	2758	2723	5400	3821	5641	4061	6147	4431	3407	5245	6964	2067	3096	5800	3923	2460	3780	3582	4047	9842
ENSG00000147864	137950	2083	2873	1637	2603	1499	2925	3281	1464	2073	2599	2682	3300	2423	2599	1176	1475	1490	2281	2119	2381	1805	2224	1603	2532	2522	3598	2824
ENSG00000235855	1950	108	37	86	62	59	61	64	55	75	59	134	72	76	51	70	25	60	89	55	67	45	98	58	38	56	71	64
ENSG00000200176	3700	33	35	79	40	37	56	55	77	70	52	51	64	50	39	54	43	43	36	18	53	50	57	53	60	71	37	19
ENSG00000151327	282850	3835	1748	4331	7667	4284	3927	9263	4479	3486	6301	6474	6822	10746	3543	6044	8634	5821	5190	5466	3187	7793	5986	2636	8946	7761	8223	5930
ENSG00000173339	750	20	59	23	30	24	27	34	55	25	18	28	35	15	51	21	30	14	46	23	18	37	20	16	17	49	28	15
ENSG00000187979	133350	2838	5225	2818	5818	5159	4739	6077	19660	18364	22094	16220	8647	13585	6017	14431	66219	37192	38774	65534	1057	770	800	1411	103580	115763	75033	77852
ENSG00000215424	2400	42	67	98	95	48	35	72	86	90	47	110	67	61	59	29	67	62	71	122	75	92	55	65	44	41	68	54
ENSG00000248875	750	9	9	15	9	18	11	31	9	8	6	11	23	14	20	16	12	16	12	16	16	6	16	8	24	6	11	14
ENSG00000229868	150000	3360	5518	2306	6139	6728	5685	4286	3703	5557	3745	4140	4870	3551	4877	4417	8494	6426	7521	4487	6377	4864	4584	3928	5254	6282	3342	5532
ENSG00000160761	20400	303	377	206	372	329	129	208	224	240	452	255	796	612	377	564	280	329	477	374	400	408	591	212	329	432	371	620
ENSG00000213695	1500	41	11	28	64	73	51	79	282	531	160	216	220	181	185	171	727	863	698	436	12	30	25	11	1111	817	804	790
ENSG00000134339	8300	43	85	64	212	75	38	101	87	65	62	90	98	57	85	104	76	85	76	59	86	90	149	96	78	71	85	52
ENSG00000168626	2450	25	34	24	34	34	20	19	23	36	31	25	31	21	10	57	39	14	45	29	19	24	36	44	53	44	30	32
ENSG00000248161	1550	17	42	11	14	17	18	22	60	26	26	19	10	28	21	26	29	22	19	21	36	18	13	15	16	19	26	36
ENSG00000213064	6050	104	84	82	130	80	205	139	150	114	122	120	109	130	146	94	206	138	168	106	115	101	172	115	72	135	98	152
ENSG00000194107	102450	4174	3741	2569	2724	3988	2442	6496	14734	16518	22785	28908	18831	9994	12627	6731	33694	35986	26876	34014	667	1794	1546	955	70137	65532	49215	106360
ENSG00000130416	350	11	15	18	45	56	77	53	95	162	156	144	57	61	53	90	313	195	217	338	14	6	6	9	603	401	543	479
ENSG00000196512	24800	462	391	399	401	339	378	342	303	114	476	384	297	386	540	329	262	304	394	450	498	673	286	436	327	487	412	668
ENSG00000188215	400	9	13	7	9	4	9	4	10	5	8	3	8	9	4	13	9	11	7	11	4	7	14	5	9	2	13	4
ENSG00000231440	4700	107	157	112	220	225	175	141	151	83	173	106	109	120	105	129	171	113	182	106	184	95	131	70	105	80	140	86
ENSG00000200050	600	3	6	5	10	12	14	6	13	5	8	7	11	6	2	11	6	9	10	12	11	17	13	10	15	3	4	8
ENSG00000198362	700	8	13	10	7	17	10	8	11	7	3	12	9	21	4	3	1	4	8	15	17	3	22	15	3	13	7	15
ENSG00000164889	4350	90	27	51	103	186	102	95	355	612	744	400	244	205	301	215	783	914	819	1070	17	58	51	52	2220	2006	2800	1994
ENSG00000183651	64150	1418	1101	407	1020	1001	1018	697	840	1359	1081	924	657	1287	1344	887	809	1365	987	1558	879	1187	895	1113	1053	639	1394	1117
ENSG00000164540	20200	602	947	529	867	796	523	789	864	807	1009	622	520	633	421	1051	794	765	980	727	596	553	1224	518	1139	604	805	956
ENSG00000118533	5550	105	82	149	135	171	135	93	123	117	98	165	71	110	80	84	160	133	137	67	161	32	48	104	56	159	122	60
ENSG00000103722	2250	50	101	104	41	46	58	85	82	67	84	49	67	36	96	66	68	80	99	60	67	110	49	74	61	36	84	73
ENSG00000152860	8550	177	90	147	162	203	154	149	121	172	131	246	233	163	165	147	138	184	261	153	152	127	175	170	149	93	199	176
ENSG00000126440	5267750	82271	138208	86082	174453	134325	95802	104939	367090	599571	474434	780344	417062	197349	139692	219316	1069990	641918	1334057	2384304	27531	32274	26321	25175	2154993	2804220	3932265	2593388
ENSG00000238172	16450	256	258	414	380	409	282	205	112	391	210	246	358	342	332	314	268	125	402	417	301	324	445	206	386	268	235	199
ENSG00000205874	3800	115	100	147	70	106	136	93	72	127	102	89	167	98	64	121	71	110	73	131	92	48	88	223	130	139	123	140
ENSG00000219532	2650	27	71	82	37	51	62	58	44	53	57	30	20	33	59	45	37	32	55	44	55	44	56	84	54	49	77	40
ENSG00000116232	2650	34	71	69	65	104	90	94	35	38	107	50	44	86	92	55	62	70	82	141	51	79	47	37	68	39	94	62
ENSG00000142760	21950	386	511	260	503	516	492	487	669	217	470	478	505	622	797	331	629	474	529	168	369	487	252	379	412	759	505	351
ENSG00000236970	24450	535	637	339	475	396	356	562	336	576	319	421	489	506	663	306	281	269	303	290	291	763	402	417	250	418	826	514
ENSG00000193867	150	4	1	3	0	0	2	2	0	3	3	1	4	0	1	5	1	0	2	1	1	2	1	3	0	0	2	0
ENSG00000239757	493300	5853	6400	9839	6002	9294	11358	6330	12766	5268	9649	5718	9062	12250	10179	6043	4980	5751	5204	7533	5042	14852	6530	7171	6194	16630	7184	5636
ENSG00000211284	16300	339	460	285	297	197	250	355	398	435	205	339	413	242	637	251	377	308	466	207	444	333	274	463	275	306	396	373
ENSG00000197993	4850	114	130	72	130	110	97	148	172	101	146	85	75	143	103	148	91	63	59	47	51	86	96	102	124	98	110	153
ENSG00000160062	981750	42079	27311	19396	30865	34324	24505	22473	27524	14597	31902	32429	26011	38711	19801	44420	21282	26919	12219	16613	5489	29617	27052	25563	30668	22956	50063	39826
ENSG00000235408	250	10	7	12	4	7	1	6	5	9	4	15	3	2	6	1	2	2	8	6	4	6	6	3	8	7	9	6
ENSG00000223079	500	14	20	12	12	8	5	8	24	10	9	8	10	15	10	16	11	21	6	7	9	9	12	6	18	21	21	18
ENSG00000236785	30950	1045	1400	1312	1231	617	1331	1787	1581	1692	1024	1916	1013	2367	1746	1355	1396	927	1010	1339	1550	759	1112	1580	811	1586	1341	1112
ENSG00000168738	5150	188	177	235	172	46	116	115	168	131	230	168	134	182	82	139	81	110	86	144	108	135	98	92	127	170	219	147
ENSG00000194342	42100	441	709	744	1157	752	570	1134	625	669	736	1023	812	834	507	360	894	1199	418	691	558	503	725	862	1075	451	679	629
ENSG00000191212	63200	1403	1337	1659	1163	2252	1788	1341	1241	2419	1341	1362	1548	1407	1138	1705	1215	1009	1464	2121	851	1446	1685	1234	2698	1900	1663	1337
ENSG00000130209	259100	8015	6788	6312	4819	4705	3061	5616	4328	4649	5614	4696	9050	4439	5094	5985	4008	5561	7090	3724	4663	6599	6076	9739	5352	3010	1659	3093
ENSG00000159376	48250	577	749	516	482	410	346	849	573	444	549	352	187	379	713	412	495	604	464	887	688	826	527	703	408	351	858	550
ENSG00000154850	1250	38	45	56	24	25	56	30	36	25	39	28	19	33	22	49	15	29	27	46	44	39	49	42	39	29	35	30
ENSG00000110063	250	6	5	4	3	1	5	1	5	2	2	7	3	7	3	4	2	7	6	3	4	3	4	7	4	5	5	3
ENSG00000101345	9400	97	232	203	197	100	233	159	149	233	204	146	170	142	297	110	93	203	282	195	175	186	151	86	163	223	137	86
ENSG00000187529	400	4	3	2	6	8	4	6	4	3	5	1	7	9	11	1	8	10	2	4	2	3	4	6	9	5	5	3
ENSG00000169289	6650	82	93	152	174	229	165	145	196	258	165	151	145	106	251	237	112	98	79	196	138	187	212	85	182	92	225	254
ENSG00000201300	1600	13	28	21	34	32	34	17	44	24	41	30	28	41	38	36	25	54	24	25	23	39	20	31	21	24	62	30
ENSG00000104228	12300	329	450	216	267	267	429	248	249	395	466	347	201	160	125	190	223	216	401	282	482	320	178	326	227	402	235	227
ENSG00000219483	17750	484	513	554	272	521	702	757	315	401	541	354	868	642	467	743	455	980	228	789	913	473	588	343	824	319	654	693
ENSG00000143991	6750	107	151	162	103	130	74	59	217	125	167	179	101	232	191	165	121	88	120	246	112	97	88	239	114	105	65	193
ENSG00000126076	600	5	7	6	11	4	1	7	5	9	8	11	14	12	10	5	2	6	6	8	9	4	8	10	12	10	5	2
ENSG00000140368	8400	279	163	175	156	199	300	167	162	220	208	120	199	173	278	173	111	127	338	162	165	121	159	139	235	276	210	236
ENSG00000158366	2500	64	38	36	76	43	31	22	63	39	50	39	23	19	40	30	38	34	29	19	41	27	36	30	51	24	27	27
ENSG00000129263	21650	567	632	342	1064	840	1173	1073	2699	3901	3496	1926	1936	2665	2303	1512	5921	13764	8883	3883	382	383	372	137	17417	19836	11294	13526
ENSG00000245370	4800	68	50	53	46	45	67	43	59	45	115	67	58	74	56	58	84	22	39	29	32	61	90	36	40	46	43	42
ENSG00000157112	1220300	7730	17357	11006	31443	3988	16509	9957	14629	15477	10199	22645	11269	23309	12483	9341	11047	24058	26274	15618	19973	15416	14924	16498	13633	8649	20462	20752
ENSG00000109250	3500	73	23	18	53	68	33	47	53	50	74	75	24	22	35	43	20	85	41	70	66	34	43	54	66	15	50	26
ENSG00000190500	300	1	3	2	5	5	2	3	4	0	3	1	1	7	3	2	3	5	5	4	3	4	1	1	0	0	5	9
ENSG00000142474	1050	22	16	29	30	11	24	23	23	34	35	30	10	28	22	27	35	25	12	36	15	29	22	10	17	33	17	20
ENSG00000195381	5750	94	231	136	309	160	148	200	208	135	112	120	92	175	260	192	172	102	171	149	242	126	275	110	130	257	205	248
ENSG00000236658	1958700	30007	25973	38500	77322	35820	26437	43334	33641	22460	36624	30069	23879	37295	29635	18802	32903	25516	25419	34463	16522	60657	21631	25149	37956	51117	41292	47254
ENSG00000243266	62050	3571	2189	2633	1745	2581	2745	1678	1654	1894	3024	1461	2198	3117	2547	2869	2773	2053	2074	807	1767	2043	1781	1100	2001	2849	2165	2339
ENSG00000121342	5900	138	95	68	171	176	139	129	602	886	862	322	289	467	170	303	1290	1568	1340	2110	40	60	38	37	2123	2265	3221	2361
ENSG00000206011	4650	73	156	104	133	109	137	156	129	155	124	141	137	154	68	88	171	117	104	205	66	112	56	251	196	143	118	183
ENSG00000191018	750	2	8	15	3	9	12	11	19	12	8	8	14	7	10	12	15	13	10	11	22	20	10	4	10	6	12	8
ENSG00000123819	250	9	4	11	6	5	4	9	6	6	4	5	11	5	8	11	8	6	12	6	15	6	7	3	10	3	4	9
ENSG00000185095	43650	626	696	1047	671	868	1237	1016	772	546	650	854	737	919	690	925	887	817	637	1256	957	534	1101	1186	782	978	983	1449
ENSG00000127626	10500	320	228	425	415	265	282	166	461	398	372	294	253	273	272	237	278	232	450	452	160	312	379	339	271	581	403	233
ENSG00000158751	1350	41	34	23	55	22	24	24	17	26	29	30	23	31	16	30	52	21	28	8	34	32	13	49	21	19	43	26
ENSG00000108686	1950	20	46	56	70	35	31	58	26	28	41	49	6	31	29	21	37	29	32	37	22	26	39	22	29	42	44	19
ENSG00000150372	11500	379	381	525	347	297	339	152	208	331	326	247	425	651	243	323	302	449	301	348	171	260	346	314	259	222	212	342
ENSG00000231731	34900	282	749	546	639	543	614	437	641	494	607	679	785	402	569	338	977	358	540	874	500	403	500	207	424	570	603	666
ENSG00000158385	1250	26	23	41	39	20	16	30	23	13	32	19	14	16	27	24	23	36	36	16	26	35	38	22	22	42	32	25
ENSG00000236466	100	3	4	4	10	3	5	7	4	5	3	2	5	4	6	5	7	3	2	0	2	4	1	6	3	6	12	3
ENSG00000213460	27950	903	481	747	749	346	484	1176	830	1337	815	579	587	1009	789	940	439	826	885	434	643	861	836	447	976	855	1432	1081
ENSG00000216378	2400	20	18	27	42	25	20	37	51	24	27	28	34	52	35	19	27	37	11	29	42	20	38	30	17	24	31	27
ENSG00000175065	500	6	4	5	2	1	5	3	6	0	7	5	3	8	1	4	1	3	4	5	4	1	5	9	2	2	4	1
ENSG00000223192	12300	188	364	178	361	281	397	452	1180	1563	1487	1745	685	443	933	506	2490	3644	2686	4807	95	84	86	99	5651	9568	7257	5970
ENSG00000200227	9600	266	214	176	271	171	320	114	211	295	190	275	185	224	281	193	164	165	233	236	162	203	272	217	186	243	264	133
ENSG00000203713	35200	808	1119	748	1143	613	926	889	986	549	837	1079	1095	2015	762	1516	729	1214	459	1350	469	439	1064	623	1559	1843	613	579
ENSG00000184913	3850	87	50	69	56	51	32	32	35	66	112	60	58	79	51	28	57	76	45	83	62	72	45	29	66	62	77	72
ENSG00000215572	25300	801	556	811	1537	772	911	676	2009	1987	1945	2941	2342	2794	1936	3594	6634	5795	7638	10727	276	125	161	221	15817	22630	19611	11962
ENSG00000231557	550	9	4	16	10	16	8	10	16	19	17	4	17	8	8	10	15	9	13	8	12	6	12	4	16	12	8	9
ENSG00000119939	29650	290	372	383	547	518	339	335	157	251	324	298	228	357	261	398	281	338	181	263	271	359	272	255	526	259	229	342
ENSG00000201962	350	7	6	15	2	6	6	2	9	5	11	7	5	6	4	4	8	9	3	12	5	3	5	3	7	5	9	6
ENSG00000237586	24250	535	369	484	327	536	337	297	863	599	233	426	273	286	636	447	717	962	400	339	419	483	610	428	520	438	289	474
ENSG00000199394	12250	142	100	165	124	229	119	221	268	232	240	164	88	150	176	168	209	165	167	252	266	230	390	196	261	167	88	126
ENSG00000102268	450	1	8	7	6	4	7	5	7	5	6	8	7	9	7	6	4	3	3	11	10	10	4	7	8	6	7	6
ENSG00000165355	2750	25	33	45	70	44	44	43	35	31	37	27	58	20	36	36	84	64	43	24	58	42	32	17	20	26	71	44
ENSG00000108054	143650	5481	3071	4916	3913	3131	3566	4850	2901	4088	4289	4650	2535	4781	2398	2896	6216	2330	3039	4374	2521	6808	2949	3402	4279	2594	3187	3938
ENSG00000167240	850	16	30	13	11	23	10	10	17	25	19	17	19	17	12	23	19	6	17	28	9	12	11	18	21	7	15	18
ENSG00000201304	350	3	1	6	3	3	6	4	5	6	9	6	3	3	2	5	8	9	3	7	6	3	3	3	4	1	7	3
ENSG00000137156	4150	43	71	129	51	49	96	67	81	61	64	90	133	116	69	44	93	65	94	78	80	102	73	55	97	58	43	59
ENSG00000238170	7450	239	238	183	186	161	155	142	240	171	236	281	82	121	209	149	217	143	122	203	152	190	160	240	207	131	347	223
ENSG00000248950	38450	522	790	416	968	623	672	495	365	500	689	523	784	763	894	1015	517	769	719	743	1124	1010	686	429	566	409	644	1064
ENSG00000157764	3200	123	167	78	137	50	123	67	86	65	80	113	133	109	120	82	93	67	77	68	94	34	83	62	112	148	203	93
ENSG00000215865	3600	30	43	42	39	42	37	39	31	54	58	33	89	62	44	27	39	61	90	42	56	30	54	56	42	33	28	43
ENSG00000108264	4300	96	78	85	106	97	81	97	47	77	91	103	125	85	54	74	62	48	62	101	102	65	106	98	89	74	113	104
ENSG00000108156	44400	423	549	487	1070	669	666	1007	813	694	734	511	358	549	775	740	653	511	478	583	554	722	445	369	346	588	600	745
ENSG00000245014	5700	93	101	95	117	114	33	61	106	103	119	79	104	65	135	95	108	89	147	94	76	108	140	58	105	117	116	79
ENSG00000105746	45450	693	1122	671	1091	1523	1544	1905	9225	7544	9646	1813	3493	3939	5083	5337	13315	10917	14446	17012	488	490	278	318	19170	28774	31503	27532
ENSG00000156517	200	3	2	7	4	9	3	2	8	5	7	4	7	5	1	6	2	6	7	4	4	1	5	4	3	8	0	1
ENSG00000183531	3300	70	55	122	58	51	93	67	112	48	58	57	55	110	79	34	66	74	67	58	142	55	75	68	77	86	84	59
ENSG00000155507	15500	221	197	195	478	383	460	406	1837	2493	3189	2536	1049	1010	950	855	4297	5470	2391	2267	119	80	130	138	3134	3585	4117	5391
ENSG00000106104	86750	721	1168	1744	950	1376	944	925	1290	774	884	1423	624	1334	672	1175	909	1267	942	898	1086	1135	873	1553	894	1615	680	1082
ENSG00000165349	13500	293	259	299	378	413	326	339	359	204	301	321	181	255	312	343	357	264	307	349	378	354	389	213	350	302	455	215
ENSG00000239030	13900	170	309	148	257	203	245	232	249	246	252	261	269	82	296	134	149	170	278	165	142	280	111	135	150	184	269	145
ENSG00000172102	50000	1278	1005	1694	1289	846	1555	720	1668	671	950	1147	1063	1177	2103	996	1275	1043	1618	835	1342	1311	1346	1021	787	1008	1480	1186
ENSG00000212010	33750	550	380	444	456	632	567	658	4895	3703	3023	3144	1259	1212	921	817	5942	6936	5884	5425	292	210	196	199	4584	8452	8276	11806
ENSG00000207923	2969500	75813	28462	41703	54751	24989	40932	21977	33171	61787	40624	31422	78706	43052	46507	69973	47307	72232	50933	60348	53313	50575	43699	31085	34117	38451	47784	41023
ENSG00000131392	700	20	17	28	28	22	24	32	26	18	22	36	25	17	38	33	29	9	15	21	11	28	10	15	14	22	15	34
ENSG00000212290	7600	108	126	121	173	165	149	167	151	151	161	152	194	183	117	256	198	200	145	130	201	188	101	165	277	171	255	74
ENSG00000190911	505650	4677	8162	2137	4753	5914	6910	8399	4745	6251	5127	5270	5938	4721	4020	7928	4820	5855	5275	6954	7504	3955	3837	5301	6156	3629	7378	6438
ENSG00000146104	20950	858	758	652	569	854	1017	966	319	736	453	899	842	1068	844	411	710	429	574	494	646	516	955	670	786	580	772	454
ENSG00000137612	10150	185	224	225	199	311	361	236	229	284	340	241	213	210	255	146	294	261	156	168	236	249	370	192	245	268	245	337
ENSG00000164601	54300	671	698	934	1221	1230	1001	1020	1469	1857	619	492	408	1187	1144	1471	1043	1347	1346	1143	1507	1207	589	1345	1123	1392	770	541
ENSG00000112538	2200	38	14	62	33	89	49	39	43	58	65	50	60	36	40	69	82	69	90	35	60	27	53	60	59	41	51	24
ENSG00000107065	7000	216	68	251	173	102	184	206	66	198	141	141	229	160	146	175	98	127	225	296	232	217	175	91	113	111	186	172
ENSG00000162451	15050	206	118	170	159	104	216	150	184	235	228	178	175	159	129	161	374	165	140	321	275	284	140	57	278	65	219	244
ENSG00000128822	818850	9990	16045	23965	33654	26013	36765	27563	107638	58526	117858	179738	43396	50450	35109	32461	127289	389083	223934	184198	8586	11940	6975	4877	519968	660364	474558	603553
ENSG00000151641	12500	297	191	284	326	309	282	142	211	269	329	212	275	428	247	408	124	347	199	368	316	324	406	369	409	291	161	345
ENSG00000183245	415000	12792	8392	6815	8594	12117	6774	10686	13244	4424	10738	8173	7256	11409	9722	13537	6595	9595	11005	7532	5362	6847	8465	8835	8212	8807	11617	9369
ENSG00000245391	10050	187	79	212	178	115	85	143	110	72	135	170	87	129	110	33	117	69	93	98	43	173	135	89	94	131	147	172
ENSG00000243895	15550	123	270	337	343	249	208	163	228	330	155	225	150	221	350	319	323	333	172	145	188	185	223	275	199	208	219	248
ENSG00000157631	250	2	7	8	1	6	2	2	12	5	4	6	5	5	1	3	3	6	3	5	4	5	5	3	7	8	2	6
ENSG00000232977	42150	413	500	392	552	888	817	448	543	622	420	656	408	593	301	207	422	580	852	449	438	277	733	666	605	741	490	471
ENSG00000223262	0	1	2	4	0	3	0	3	2	4	2	4	5	5	3	5	1	2	5	3	1	5	5	1	2	5	3	5
ENSG00000231031	36850	444	712	599	322	448	474	643	468	265	892	496	717	272	318	560	747	629	540	489	465	629	539	684	659	377	309	619
ENSG00000154851	71300	1082	1123	1085	1703	1083	1336	1116	1046	887	1048	1380	747	845	1622	877	1039	689	1449	546	1338	966	494	836	784	802	1131	1099
ENSG00000204497	19600	330	218	495	315	317	297	292	421	333	419	379	376	832	204	287	301	221	518	433	312	324	411	368	362	280	283	165
ENSG00000157650	1400	53	25	34	42	65	60	81	262	205	407	381	83	155	159	114	398	513	662	468	4	29	14	14	1667	1655	1533	1116
ENSG00000188389	3300	88	81	61	61	88	58	114	65	67	52	77	78	71	74	86	98	74	170	72	89	64	54	46	118	65	80	65
ENSG00000193595	0	0	2	3	1	0	1	2	1	1	2	0	0	1	1	2	1	0	2	0	2	0	0	0	2	0	1	0
ENSG00000166797	3050	39	41	16	31	70	16	17	12	26	39	42	47	36	46	20	42	52	51	37	41	40	26	43	35	37	38	29
ENSG00000151337	8750	196	241	180	226	212	344	256	89	153	243	219	240	79	106	182	276	291	166	215	384	84	203	340	157	301	226	219
ENSG00000153273	9200	236	174	102	191	118	129	46	179	221	99	183	84	93	220	119	113	137	179	99	144	82	146	108	128	80	127	136
ENSG00000123347	2600	47	50	54	83	60	51	114	51	48	36	62	68	89	96	63	55	82	59	66	68	52	89	48	47	85	55	57
ENSG00000143370	130550	1298	2096	2902	2638	1610	2073	1642	2537	1257	615	884	2256	1013	3235	2336	2230	2136	2669	1639	2090	1342	1434	2889	2641	2037	2210	1621
ENSG00000122870	18650	238	263	209	367	236	300	223	173	274	239	156	253	229	486	373	223	195	193	234	179	242	420	302	269	142	213	225
ENSG00000112064	8700	241	133	51	138	122	128	86	166	150	150	136	191	123	201	143	122	196	187	100	123	107	90	106	154	94	79	120
ENSG00000215201	10400	207	180	241	259	217	183	168	311	248	242	177	224	190	223	154	234	155	306	257	264	191	193	265	192	159	145	193
ENSG00000165565	400	15	13	8	11	20	15	19	27	15	18	33	17	18	20	15	18	17	7	24	14	21	18	12	17	16	16	8
ENSG00000167010	2700	199	74	103	110	76	107	92	105	143	106	82	140	88	117	88	97	108	103	75	69	120	107	82	179	74	51	74
ENSG00000174193	300	4	4	6	6	5	9	14	36	49	31	54	5	25	17	23	132	44	121	57	3	4	2	3	173	198	144	241
ENSG00000108053	100	0	0	0	3	3	10	6	23	13	10	15	10	9	4	7	23	16	44	25	0	1	2	1	50	105	89	33
ENSG00000183673	1750	56	43	64	53	62	38	91	57	56	155	28	69	43	24	75	74	79	16	107	78	38	55	113	47	80	97	40
ENSG00000153852	50100	937	1757	1049	1097	921	565	1500	680	577	560	601	976	845	933	855	948	615	1296	958	920	896	542	718	1072	599	1383	987
ENSG00000154929	200	19	20	14	19	23	31	7	16	16	9	10	21	15	12	18	7	10	26	6	11	11	11	11	7	27	13	14
ENSG00000235819	13900	216	305	132	217	259	330	280	161	233	193	305	257	320	285	274	418	315	212	113	297	334	341	160	436	319	256	273
ENSG00000233113	100	3	2	6	5	6	3	2	5	8	3	3	2	2	6	1	8	4	4	2	3	4	6	2	6	1	3	3
ENSG00000111804	6000	98	163	96	119	101	102	99	147	148	109	140	112	102	170	149	103	78	110	123	46	153	63	103	54	236	125	68
ENSG00000127483	3700	142	155	104	203	136	96	107	206	136	107	154	129	265	89	193	131	283	187	108	121	132	209	120	230	179	124	105
ENSG00000224204	3700	84	85	200	104	104	91	129	136	138	135	122	76	137	79	148	118	114	131	172	81	138	231	141	123	106	93	128
ENSG00000177177	350	9	11	9	4	4	6	4	14	8	6	6	10	6	8	10	3	2	13	13	7	4	7	2	6	4	5	1
ENSG00000216211	12250	186	362	373	283	460	470	318	760	530	228	188	573	278	446	325	700	483	515	519	450	341	200	545	368	266	291	451
ENSG00000185029	28100	599	426	372	409	492	626	528	441	563	479	710	270	569	284	484	428	460	466	354	562	482	203	392	680	426	561	597
ENSG00000111732	5700	379	291	293	542	155	482	653	332	282	314	348	508	331	349	404	874	399	646	631	352	457	476	548	414	343	522	493
ENSG00000117457	812100	18719	14472	7446	10780	8334	16308	12873	19026	16661	11290	12325	6927	14088	9749	13006	17452	14382	11652	16273	7855	25193	11789	16698	15093	7583	12864	16151
ENSG00000185150	2100	45	74	93	67	52	105	59	40	118	54	83	151	77	87	56	64	56	37	17	77	35	88	134	94	56	59	76
ENSG00000158492	7200	156	235	213	189	278	203	170	236	207	156	231	76	205	183	297	169	188	134	315	132	277	262	206	109	160	233	109
ENSG00000108467	88100	1984	1249	1573	1066	2155	1317	1530	909	1645	1922	1726	1309	1769	1011	2214	1863	2368	1440	2075	1768	1217	1521	1654	1545	994	1277	1114
ENSG00000112606	300	5	9	5	25	10	14	7	7	7	4	4	13	9	11	4	9	4	15	7	6	6	13	15	7	6	10	9
ENSG00000127152	1400	35	14	27	27	15	19	21	32	15	23	19	31	31	25	21	18	10	9	29	27	15	10	21	39	18	18	14
ENSG00000241025	46600	790	1107	1054	1610	1460	936	1413	973	1256	976	1065	1108	1499	794	1553	2087	632	1843	828	1672	973	1600	1045	1450	1383	1167	1123
ENSG00000249666	4350	38	97	111	64	53	37	129	84	115	69	79	84	27	57	92	74	112	58	53	69	70	37	48	92	64	54	82
ENSG00000151426	900	17	28	42	14	17	28	15	10	34	47	18	37	9	35	18	19	31	15	15	24	32	20	31	33	24	27	27
ENSG00000130162	11200	252	295	213	515	287	287	310	279	412	555	228	282	464	422	474	611	316	554	388	352	375	235	324	415	417	298	395
ENSG00000174122	1200	11	6	6	2	3	9	8	11	12	11	9	3	9	11	5	10	14	6	3	7	8	14	11	6	7	9	9
ENSG00000134851	22650	465	419	382	917	1049	781	788	3117	2798	2118	2505	765	1073	1805	1278	8672	3974	5012	3907	238	90	267	47	12083	11149	7203	8030
ENSG00000110122	500	5	9	14	16	15	18	14	17	42	21	7	16	12	16	23	26	17	18	16	11	20	7	17	20	36	18	34
ENSG00000226578	1600	35	48	27	36	42	76	31	22	47	34	34	49	35	26	53	50	42	21	44	27	36	58	23	53	57	50	52
ENSG00000206284	50	2	2	1	0	0	2	1	1	0	1	2	1	1	1	1	0	3	1	1	4	1	0	2	1	2	1	0
ENSG00000238663	6750	227	416	114	133	336	167	129	110	230	164	294	140	181	274	253	205	252	276	164	247	120	348	300	265	238	131	254
ENSG00000132518	11850	186	290	184	310	223	226	177	180	212	243	283	129	141	260	161	189	347	192	171	125	186	253	229	269	150	265	151
ENSG00000233022	5450	114	154	96	118	108	169	107	182	110	39	83	87	116	91	132	77	77	107	93	95	120	88	114	51	84	99	106
ENSG00000204262	1850	39	34	38	26	38	15	29	26	45	22	43	34	31	24	16	41	38	18	52	31	26	54	25	28	66	18	18
ENSG00000223693	12750	440	177	236	147	126	100	157	233	248	355	220	123	230	222	113	142	222	211	193	232	247	259	338	259	252	232	269
ENSG00000164197	131350	3482	2144	3254	2404	3306	2647	1561	1934	2642	1441	2933	2378	3324	1874	2068	1686	2425	1846	2162	3168	3542	2153	3049	1368	2334	2727	2479
ENSG00000220709	28200	598	425	573	987	578	928	765	657	1032	1122	729	864	1038	679	618	730	706	833	707	1306	936	771	1207	925	1525	934	1188
ENSG00000199320	2100	35	28	39	27	34	12	37	30	19	47	37	29	9	27	54	51	59	25	24	32	29	65	32	45	34	25	48
ENSG00000165054	13300	303	590	229	1085	805	866	288	4298	1891	4659	2550	1678	3543	1612	1594	8683	7389	10850	5251	194	208	191	235	15754	13212	22189	16646
ENSG00000235427	4550	96	112	105	114	88	98	71	86	104	133	69	70	75	84	42	128	50	67	69	98	68	74	48	95	51	64	70
ENSG00000239173	30400	534	331	419	341	351	323	415	312	586	464	230	454	220	331	699	449	679	269	464	529	575	229	385	303	424	694	532
ENSG00000149416	600	11	12	23	19	36	35	24	47	50	51	37	29	31	18	33	28	8	38	45	40	33	7	25	33	29	18	19
ENSG00000229074	106600	3284	2526	3070	2795	1833	4543	2722	1841	2578	2606	3651	3592	2168	2229	2923	2545	3949	3082	2968	3144	2134	2810	2780	1719	3282	3486	2333
ENSG00000222542	1150	54	25	18	35	34	30	39	16	27	34	26	35	28	22	23	24	27	32	17	14	16	20	31	33	47	18	47
ENSG00000107036	700	22	14	4	27	10	30	33	17	9	12	13	21	9	27	19	22	26	20	23	12	26	29	15	33	9	16	17
ENSG00000130832	12550	237	237	239	232	326	274	253	284	229	395	152	455	189	274	329	323	236	259	171	280	74	172	369	168	362	215	339
ENSG00000130594	180400	4299	4186	6589	3423	4996	3878	4460	5060	2173	2525	2747	4910	5280	4049	3752	3416	3330	3318	5250	4007	3647	5333	4600	4840	1982	3022	2630
ENSG00000191283	300	5	5	7	5	5	3	2	10	7	4	9	3	1	6	7	6	6	7	10	8	3	3	5	10	7	6	11
ENSG00000119033	9150	304	169	166	197	170	95	104	91	192	231	138	180	124	145	146	98	226	177	164	191	172	259	112	171	144	191	185
ENSG00000135007	49100	588	470	808	1349	1887	1642	2265	6354	8976	4608	8256	3854	4119	3819	2196	10798	14538	10488	16025	599	350	441	266	20018	29156	32970	47684
ENSG00000249680	1332800	33422	50275	36696	13437	31609	41970	45897	24344	26486	34127	22184	30449	48740	25982	30436	28065	29287	33117	36739	48008	36833	23181	34756	42416	24652	31304	32403
ENSG00000208696	350	3	13	12	5	8	10	9	19	7	6	4	3	7	7	7	10	10	3	10	2	3	11	3	3	10	7	8
ENSG00000201454	51050	1088	1721	1267	1044	1287	763	1276	718	1123	1427	1539	1342	1848	2213	1394	1393	2626	1566	1307	1451	1489	623	559	1596	1005	1698	908
ENSG00000216929	4800	60	91	77	109	48	119	117	433	263	333	392	528	351	193	173	1018	663	1197	1179	31	30	17	36	3813	1871	1540	1923
ENSG00000150878	4800	120	123	64	105	79	80	45	118	92	141	63	81	62	75	63	48	25	58	53	113	102	91	82	99	73	59	44
ENSG00000133007	59700	879	687	1427	1163	1288	898	780	571	662	1635	741	1551	1055	664	1003	654	726	603	1369	960	913	934	1226	1349	927	1025	1588
ENSG00000240804	10650	333	195	99	86	119	162	197	152	186	198	138	145	178	184	78	195	164	101	126	147	87	133	136	138	168	249	119
ENSG00000190373	350	7	8	9	10	12	12	11	4	7	23	3	7	10	1	12	14	11	4	11	7	7	12	12	6	10	12	13
ENSG00000172207	5150	86	114	97	122	134	103	83	95	89	124	82	107	79	122	113	64	115	86	56	77	59	39	100	73	128	111	79
ENSG00000202699	4600	82	103	74	70	67	54	50	61	71	47	42	48	101	65	93	30	34	42	65	56	74	64	77	65	46	125	110
ENSG00000247722	11750	300	229	271	206	138	400	122	298	153	261	202	82	306	368	172	207	161	168	159	307	253	209	292	118	268	264	186
ENSG00000165844	1900	21	20	19	25	16	24	15	24	12	13	15	21	27	9	15	17	12	25	18	27	19	17	15	33	31	34	13
ENSG00000222703	3050	30	24	22	42	62	42	40	36	24	49	43	21	39	32	33	40	38	31	26	39	60	33	26	54	24	40	15
ENSG00000142755	5100	247	127	117	452	387	249	393	891	1537	1890	1484	737	758	614	717	2069	4074	2869	3700	50	81	72	35	3602	5690	3235	7685
ENSG00000156217	9500	148	112	117	77	75	159	220	88	273	149	100	96	134	104	106	75	55	124	167	131	136	209	117	143	188	170	214
ENSG00000229082	3300	115	113	137	125	68	81	104	96	87	93	161	165	63	49	47	80	130	72	93	120	86	116	183	100	152	76	132
ENSG00000142434	35450	654	475	723	965	1564	1277	1141	3750	4170	3137	5772	1222	2190	3623	1413	15092	10721	9542	12298	320	363	312	154	34518	27879	17456	14929
ENSG00000163732	17100	909	615	532	447	454	655	434	729	353	541	452	592	484	353	404	466	349	382	626	664	1111	536	470	650	852	545	436
ENSG00000209070	14000	276	198	319	128	212	257	221	168	246	291	226	317	320	190	283	278	347	222	162	371	352	133	283	286	242	252	203
ENSG00000161642	1650	24	35	43	44	40	36	52	38	51	59	40	52	40	17	40	33	39	40	30	34	47	16	22	8	61	67	40
ENSG00000163540	550	3	4	4	4	6	4	8	0	4	3	4	8	10	8	6	3	5	4	4	10	6	2	4	5	8	4	2
ENSG00000135840	1200	14	22	19	26	22	25	22	36	28	19	20	10	17	15	33	10	29	24	27	18	21	28	18	21	23	9	19
ENSG00000133370	1350	45	33	19	38	31	64	38	31	38	33	16	46	21	34	53	45	31	42	47	47	63	36	20	44	54	26	27
ENSG00000222553	5700	86	77	77	45	73	100	80	80	68	102	110	60	99	76	132	127	102	61	35	83	62	47	40	103	43	80	74
ENSG00000221378	43850	852	553	441	1089	714	533	581	984	761	391	842	1328	657	689	905	286	590	762	1140	1117	1007	746	1125	1022	887	993	704
ENSG00000155042	6250	98	77	126	246	77	142	125	72	139	89	170	94	127	148	160	122	111	77	135	108	73	57	155	152	247	78	121
ENSG00000141215	1500	7	21	11	36	9	45	13	32	20	22	29	14	16	18	25	29	31	14	18	30	31	28	7	17	24	12	23
ENSG00000135425	650	16	3	5	2	12	9	9	11	15	16	6	11	12	10	14	8	6	8	11	9	9	9	20	9	8	12	8
ENSG00000144905	8550	122	136	54	139	111	147	112	58	76	57	70	123	87	117	75	83	104	75	53	94	70	111	97	128	64	78	175
ENSG00000191025	1150	69	65	132	89	99	130	80	65	121	92	84	106	97	133	83	45	87	71	133	55	48	49	60	107	79	67	93
ENSG00000161841	500	14	12	10	21	13	18	15	18	12	21	9	20	10	16	14	9	27	12	9	16	8	22	17	7	13	12	10
ENSG00000165337	50	11	2	7	5	5	2	5	3	5	2	11	7	7	5	10	0	6	5	1	6	10	3	7	2	5	4	1
ENSG00000217490	3500	70	47	64	52	72	85	101	39	89	95	52	62	53	45	38	63	56	69	37	72	69	60	88	68	59	71	54
ENSG00000141373	10150	356	226	268	163	297	227	185	258	266	194	284	220	181	80	141	308	149	359	219	341	120	309	293	394	400	208	248
ENSG00000241873	8650	124	216	143	137	235	147	99	273	136	146	318	149	168	137	259	106	193	222	252	253	156	174	151	226	257	238	174
ENSG00000155080	250	7	10	6	7	5	4	9	2	3	7	5	10	5	5	6	8	8	9	6	3	5	6	6	19	7	6	4
ENSG00000170943	3300	53	79	42	62	22	53	50	67	56	42	74	52	23	40	43	28	51	110	70	26	43	31	86	48	40	36	21
ENSG00000150090	5350	66	63	46	54	62	86	64	75	158	45	62	78	90	116	62	94	97	71	119	71	107	135	31	77	73	70	96
ENSG00000101530	750	12	24	15	27	22	27	23	11	23	19	7	11	6	27	19	10	7	20	6	15	9	12	22	26	21	11	27
ENSG00000158636	4450	96	95	66	109	62	73	98	96	126	123	84	162	114	80	92	63	106	81	79	115	85	76	94	100	123	77	152
ENSG00000216615	1850	23	28	51	10	23	34	31	27	40	19	23	48	34	21	37	37	23	38	41	44	25	45	49	23	13	44	12
ENSG00000226699	31200	824	867	648	854	778	906	612	565	842	1085	708	421	510	606	1142	916	1848	1074	418	748	833	1048	1054	649	966	603	544
ENSG00000141659	1350	26	37	47	49	36	31	22	18	18	47	33	42	22	33	27	32	21	14	49	50	34	39	63	35	24	11	27
ENSG00000185336	143200	2929	3889	1815	3502	4095	3684	3263	2962	3009	2979	2340	2835	4391	1257	4051	2852	3264	4320	1977	2425	3422	4618	3016	3091	2106	2781	2677
ENSG00000196644	49800	671	597	716	1010	763	352	831	1057	606	1960	799	944	1096	563	752	1056	1323	1542	613	905	1117	1136	615	1106	718	1224	843
ENSG00000173761	19350	238	225	104	186	155	177	310	328	232	328	187	318	187	207	369	221	431	351	196	363	183	402	349	341	325	199	224
ENSG00000124055	11500	202	219	148	259	137	290	172	119	307	269	159	358	165	205	258	115	295	102	240	209	178	350	124	182	284	321	239
ENSG00000192188	134650	1640	3100	2033	1710	1354	2442	1363	2114	2412	1691	1443	2858	2188	2360	1466	3329	3178	2331	2054	2513	2247	1194	1504	2855	2723	4004	3865
ENSG00000222636	3650	40	85	66	110	54	88	48	58	49	54	52	57	52	73	62	79	75	98	56	91	73	64	72	89	90	51	71
ENSG00000164105	19250	226	292	288	233	548	212	300	479	499	377	423	369	458	400	378	256	203	323	318	286	267	260	218	343	202	291	424
ENSG00000120015	3400	94	82	90	100	64	101	92	80	92	53	66	69	72	165	85	120	70	140	127	64	102	149	111	90	59	90	61
ENSG00000136931	172250	2835	1808	1392	3365	2248	2504	2678	2263	1222	2304	1787	4673	2277	3202	3297	4752	2053	2354	3172	3623	1911	4310	4003	4377	2598	3262	2818
ENSG00000200798	3250	27	48	136	78	109	82	60	44	86	80	90	86	64	50	64	60	56	81	83	75	48	80	64	62	38	50	59
ENSG00000193869	6150	85	64	113	84	71	36	103	70	101	69	72	52	66	61	58	105	99	98	110	70	65	72	145	70	138	67	84
ENSG00000117519	100	0	0	0	2	1	1	3	0	1	1	3	1	0	2	1	1	2	2	0	1	0	0	1	5	1	0	0
ENSG00000248836	11450	289	459	161	146	114	255	210	217	247	255	180	141	215	170	113	246	216	335	172	176	145	252	281	173	220	272	184
ENSG00000208297	3600	44	74	95	87	34	87	69	46	71	70	43	81	69	64	65	51	37	41	52	69	60	55	85	62	77	46	125
ENSG00000155094	10000	834	603	276	282	410	408	367	535	400	326	227	451	344	472	297	601	408	434	690	347	216	527	336	397	252	173	198
ENSG00000232450	500	7	2	9	5	6	10	8	8	2	10	15	9	4	4	4	6	4	17	13	6	4	3	9	3	10	8	10
ENSG00000168931	600	24	30	27	15	20	21	27	26	12	23	23	14	30	38	27	27	21	26	40	41	41	18	17	23	22	15	17
ENSG00000213077	85050	1813	2549	1526	2434	1913	2268	951	1409	1939	2143	2986	2201	1403	743	2259	1771	1814	1979	1533	2698	1322	2142	1399	1380	2604	2558	1709
ENSG00000228366	1300	15	17	22	17	23	23	17	21	25	33	24	18	26	17	40	23	12	15	24	20	17	21	24	34	37	62	39
ENSG00000221244	7800	269	96	214	244	193	170	159	222	196	209	225	232	218	267	182	152	105	151	211	178	193	177	127	338	232	84	242
ENSG00000121591	32550	548	973	899	877	672	809	660	600	981	592	722	875	1089	590	365	1340	981	840	1187	531	1187	709	880	1032	403	571	623
ENSG00000240532	4400	157	175	103	162	118	130	174	202	228	225	143	171	155	250	130	179	92	95	57	132	279	113	124	176	109	155	80
ENSG00000159638	5100	63	149	231	129	142	216	195	133	151	80	123	123	175	198	212	118	234	158	164	175	123	107	179	121	239	139	230
ENSG00000134615	59400	1724	2665	1262	1451	1430	1541	1671	1202	1397	1523	1189	1852	2189	516	1824	1431	1212	1249	1172	1985	2269	1821	801	1156	1193	978	1216
ENSG00000148712	2900	26	60	44	56	95	40	22	33	34	61	28	58	42	39	33	73	37	77	30	27	27	55	61	94	55	29	37
ENSG00000238863	20950	379	616	341	703	148	416	410	415	372	195	495	494	530	570	764	229	298	361	514	267	558	530	342	487	681	444	435
ENSG00000186324	4950	161	70	85	123	104	67	75	98	59	89	97	57	51	76	93	87	99	51	199	144	60	107	70	66	64	90	92
ENSG00000166050	1150	15	10	12	22	12	5	19	11	8	21	4	25	21	23	17	10	25	6	21	18	12	13	7	20	9	7	18
ENSG00000189790	8750	210	132	133	210	64	87	99	121	110	234	165	105	199	124	199	187	176	106	58	133	172	175	130	207	88	188	242
ENSG00000162382	113200	1511	2388	1349	1177	1776	2623	2006	1582	3195	2052	2207	1408	2058	1081	1198	1632	1310	2812	2769	1279	2308	1069	2301	1492	2110	3015	1979
ENSG00000244308	4300	68	91	108	45	122	83	135	115	71	120	71	110	98	146	107	79	78	69	192	86	141	131	165	76	90	161	126
ENSG00000157922	1450	30	40	34	30	30	30	26	42	14	50	39	44	18	37	19	52	34	35	37	22	25	30	32	38	26	39	45
ENSG00000174959	3100	68	96	80	37	59	78	97	88	83	48	73	95	72	145	120	87	117	88	105	55	77	113	85	77	83	100	50
ENSG00000174820	2350	46	38	55	89	51	25	45	44	72	74	69	72	100	88	63	64	24	73	63	40	29	38	31	37	58	61	45
ENSG00000201371	39400	810	689	846	2072	2696	1111	1060	5539	5750	4538	7677	4707	1742	3648	2614	6912	8781	12053	14457	407	456	272	541	18576	33160	45235	16508
ENSG00000137443	1300	26	28	18	16	8	20	18	36	40	24	26	11	13	31	19	25	14	23	14	17	28	16	11	15	7	12	18
ENSG00000198696	32450	775	689	763	597	941	662	975	634	747	1313	590	1060	549	1186	562	638	543	763	719	890	688	834	672	911	608	508	796
ENSG00000133059	11950	242	238	270	302	223	199	246	333	295	241	242	319	342	436	262	361	251	397	168	271	250	428	153	273	149	446	424
ENSG00000172357	59700	2559	1462	1362	1548	1942	855	1538	2304	1557	2247	1886	1184	1173	1470	1872	1677	1635	1649	1798	999	1687	2497	1416	2036	1580	981	2124
ENSG00000210078	2150	80	56	50	28	44	42	58	44	42	47	53	92	30	64	69	86	61	54	31	33	72	66	42	30	55	47	43
ENSG00000113637	30600	666	1136	692	669	1142	627	1155	476	1075	1360	1179	996	828	815	710	674	1237	1177	661	858	991	522	817	902	880	734	758
ENSG00000230297	1050	22	18	20	21	19	12	23	21	7	19	32	11	23	12	24	24	11	14	20	9	22	11	10	22	31	28	21
ENSG00000143836	11400	428	713	309	292	527	416	420	567	470	509	540	389	542	524	346	867	231	369	402	557	578	444	361	676	501	292	480
ENSG00000189702	5000	127	120	72	62	75	88	46	114	112	81	52	85	113	91	75	81	110	102	117	50	87	56	50	70	86	134	91
ENSG00000162319	300	6	11	15	34	20	20	8	17	10	18	13	15	15	22	7	17	2	17	5	17	17	21	18	20	23	22	38
ENSG00000168497	40600	1601	2112	1228	1924	4060	3893	1323	14649	8841	15241	7874	5287	5527	4111	5024	32899	18222	22230	11979	606	715	678	666	27234	36889	34452	35483
ENSG00000140229	96100	3997	1704	2460	3918	1611	3132	2680	1904	854	3254	1733	1634	2209	2499	2350	2319	2761	2485	3725	2307	2252	1583	3379	1913	2315	1876	2782
ENSG00000241955	361300	4783	3981	5131	9167	7089	5059	4641	8398	5817	6482	5465	5551	4577	4956	4885	4266	5357	5008	2166	5689	4187	5385	6604	4245	4193	4583	3660
ENSG00000126222	14500	331	234	402	387	239	262	218	494	274	291	224	304	597	380	273	411	297	635	422	223	318	497	327	343	352	377	263
ENSG00000144633	5200	155	126	89	59	164	150	59	68	76	83	70	47	56	111	83	85	100	120	106	73	131	80	94	42	126	111	66
ENSG00000236513	134750	2487	2872	3806	3191	2157	3915	2054	2373	3700	3166	3015	2098	2976	2831	2375	3318	3866	1732	2151	1497	4542	4627	1974	3773	1743	2393	2207
ENSG00000175464	1450	15	17	13	23	24	35	18	6	15	22	25	19	23	33	26	27	25	16	24	19	17	24	20	29	20	12	18
ENSG00000231772	6500	147	159	162	144	164	169	213	269	210	128	114	143	301	117	114	183	190	224	174	343	190	209	161	131	114	193	223
ENSG00000129067	300	18	4	7	12	7	6	7	6	6	5	6	4	6	12	13	9	4	17	9	6	6	11	7	7	8	1	10
ENSG00000223388	12850	237	219	157	217	106	190	209	237	158	209	148	124	166	218	124	275	153	131	244	138	243	223	225	189	149	161	219
ENSG00000186829	15300	70	357	174	130	232	218	278	324	240	185	271	172	189	143	146	193	328	214	315	237	352	318	389	133	346	299	230
ENSG00000219771	2300	69	51	58	95	37	51	78	75	73	58	42	59	107	86	68	48	41	100	86	48	41	88	63	41	50	30	61
ENSG00000197436	39050	666	862	872	1245	1319	975	514	1789	1053	987	1411	470	1164	690	912	860	1298	548	781	1073	1182	1371	993	549	633	751	668
ENSG00000178101	9750	175	177	318	566	606	277	398	2602	1769	2217	1695	1143	1090	1219	849	1464	4243	3254	2395	68	105	107	159	6344	8146	4075	5551
ENSG00000125315	11450	340	263	174	254	357	485	214	700	322	393	600	414	366	408	272	333	519	172	280	252	231	137	346	477	234	435	310
ENSG00000208437	5400	524	383	867	418	396	399	400	550	439	364	446	411	337	257	414	342	426	310	501	403	646	388	418	280	380	355	264
ENSG00000147700	10100	106	90	192	109	88	81	141	83	101	83	80	110	93	134	115	87	68	90	66	143	104	78	118	67	99	124	139
ENSG00000212112	100	0	3	2	1	0	0	1	0	1	1	3	0	0	0	1	1	1	2	1	1	1	0	2	0	0	2	2
ENSG00000104874	2050	38	31	58	72	47	80	73	86	39	44	57	59	48	47	83	72	63	72	26	56	75	65	52	60	59	52	65
ENSG00000169060	14550	114	136	185	246	261	441	179	178	116	320	121	158	189	166	233	226	214	202	340	269	230	201	161	99	168	245	261
ENSG00000193950	1400	12	15	14	20	10	16	23	17	13	9	32	21	11	10	16	12	14	11	20	23	19	17	25	26	17	11	14
ENSG00000194586	8100	102	200	150	176	155	148	180	122	124	181	157	101	183	122	144	169	184	265	235	183	140	254	190	103	112	133	126
ENSG00000247687	200	12	12	8	9	14	8	5	4	10	5	6	8	2	2	6	4	8	3	5	9	6	9	6	3	9	7	6
ENSG00000235093	23450	371	320	410	596	509	894	355	544	469	616	489	445	472	542	386	363	279	568	594	663	362	439	370	789	324	336	554
ENSG00000150729	25700	590	576	256	335	155	884	561	252	836	321	573	370	491	477	283	196	556	498	561	452	477	397	339	350	604	502	212
ENSG00000213305	10300	414	368	323	268	432	301	157	399	439	243	321	326	264	314	371	177	174	548	223	449	225	205	254	240	152	438	207
ENSG00000181159	2700	74	48	64	57	41	35	40	43	122	85	33	62	52	39	57	81	39	53	54	67	66	61	53	67	54	76	33
ENSG00000174301	7900	289	371	185	173	215	409	201	236	271	140	245	346	418	107	220	142	298	227	342	167	233	195	314	291	165	233	163
ENSG00000136991	650	5	14	15	13	7	7	4	14	9	11	7	6	11	5	9	3	9	9	19	15	23	12	7	17	14	13	11
ENSG00000233222	1550	23	32	27	57	47	33	21	23	15	35	32	33	43	35	25	18	28	22	22	21	20	24	32	16	32	39	41
ENSG00000124721	12400	177	377	253	469	169	236	469	313	236	423	382	195	338	289	346	339	295	270	622	205	398	603	274	342	395	440	234
ENSG00000178416	2350	42	32	16	33	31	19	30	35	25	63	18	20	67	47	40	42	33	57	47	38	32	41	25	52	23	28	25
ENSG00000103424	6750	137	96	60	30	107	67	85	57	105	103	76	86	81	83	76	102	64	130	73	101	70	98	41	62	105	91	77
ENSG00000153355	5000	79	141	164	118	111	167	137	82	84	184	102	106	100	140	122	73	129	213	102	124	84	120	149	226	112	90	188
ENSG00000245569	104350	613	831	1264	899	831	1286	1329	1098	1161	1080	1826	1363	1159	723	951	1172	560	943	1514	803	1325	1452	1056	1476	962	1222	762
ENSG00000136942	850	69	34	28	25	25	28	51	38	31	21	42	46	42	36	48	67	43	38	38	30	51	22	33	64	49	16	30
ENSG00000224048	1750	36	56	37	94	50	36	56	54	51	70	21	30	74	50	56	30	14	26	30	49	56	35	20	40	49	52	39
ENSG00000245919	1550	46	48	31	35	24	25	30	38	43	37	24	38	24	24	59	44	31	28	24	22	15	38	26	37	56	38	15
ENSG00000194324	300	4	4	3	7	4	2	8	5	6	3	1	4	11	2	5	3	7	7	8	8	4	4	6	2	4	5	1
ENSG00000110796	13950	195	479	429	227	790	447	946	2245	4278	2701	2618	1816	1381	1312	947	3187	3997	8419	4190	140	128	366	122	18347	10119	15366	7814
ENSG00000148021	50	4	1	3	2	1	4	0	2	3	2	6	2	1	3	4	3	1	0	1	3	2	0	6	3	2	4	2
ENSG00000127427	2200	30	39	18	24	28	13	17	43	38	13	40	30	37	35	18	36	14	52	25	25	12	13	19	19	32	30	27
ENSG00000204789	119650	1318	1480	1697	2035	1626	1858	1469	2176	1460	1631	1187	1734	2158	1432	1954	1551	1496	1332	1175	2963	3262	2339	2583	1580	2013	1358	2164
ENSG00000103984	7050	187	72	162	184	59	60	167	201	118	50	95	117	102	138	226	110	117	139	148	104	159	195	62	113	81	114	82
ENSG00000105274	50	1	1	0	1	3	1	0	4	1	1	3	0	4	2	2	1	1	1	2	0	1	3	1	2	2	0	2
ENSG00000215947	700	17	20	17	17	18	21	9	17	9	20	14	22	12	18	27	11	24	22	10	19	17	14	9	10	19	19	19
ENSG00000240946	403450	5954	6381	5270	10874	12593	11138	14229	53404	49203	53099	38778	24854	17866	44704	24814	160193	79355	159328	87688	2103	3757	1622	2037	331604	292829	235872	142404
ENSG00000234132	3350	69	95	113	77	83	72	65	70	104	75	90	102	62	58	53	63	83	85	83	110	27	112	79	74	95	69	120
ENSG00000160047	175900	6374	3214	6367	5648	8448	5047	4686	5349	6287	3479	4034	5960	4204	5352	5862	3743	3589	5925	4366	6539	5516	6486	7074	7501	4100	4974	6426
ENSG00000244515	2750	65	69	54	51	24	43	41	22	27	61	53	29	66	39	58	62	25	55	63	23	52	53	59	47	61	59	58
ENSG00000158432	50	2	0	0	2	1	0	0	0	0	1	0	3	1	1	0	2	0	0	1	0	1	2	0	0	0	4	0
ENSG00000183873	16200	227	279	381	125	162	240	379	313	218	188	146	208	204	233	136	255	234	197	248	170	230	154	177	177	233	208	201
ENSG00000186441	4600	78	127	64	165	117	41	66	76	50	75	84	73	104	121	79	148	68	74	37	71	66	105	97	56	45	108	55
ENSG00000164130	5400	296	168	451	188	293	197	366	228	218	222	192	234	285	251	110	172	244	195	253	82	168	177	171	167	246	184	236
ENSG00000226979	200	8	22	10	11	13	19	11	12	24	3	13	27	13	28	12	8	17	15	8	13	20	11	14	7	16	22	22
ENSG00000196202	1200	18	28	13	26	7	21	13	19	21	10	25	9	33	21	21	7	6	9	14	18	14	24	11	8	11	12	11
ENSG00000212553	3650	82	42	113	144	102	148	109	714	569	567	516	171	296	262	318	1491	812	972	1244	46	35	54	49	2695	3200	2066	2097
ENSG00000207127	1150	10	19	13	25	27	15	14	14	16	8	14	20	8	12	20	16	22	6	17	22	9	5	18	17	11	20	8
ENSG00000182728	48900	503	1096	626	709	905	810	328	766	370	443	1026	674	655	403	871	1314	1106	643	754	493	669	917	356	1036	594	513	939
ENSG00000179114	89850	1408	2030	836	1336	1576	736	740	810	656	1149	714	1353	1361	1215	880	796	2233	1374	851	609	883	1004	544	1183	663	927	1156
ENSG00000156362	2350	93	54	88	121	77	66	102	70	45	79	119	97	104	45	72	68	118	86	50	91	118	101	101	66	50	111	89
ENSG00000179219	22300	495	631	718	669	565	956	983	981	809	714	677	1084	391	835	911	606	919	398	748	1169	687	1226	872	698	669	834	889
ENSG00000205357	1500	29	28	28	27	30	21	36	81	40	24	26	35	38	34	36	12	39	31	15	47	54	21	25	23	37	49	20
ENSG00000129649	3700	68	122	38	107	122	95	66	74	40	59	69	73	108	69	97	65	52	81	46	70	48	55	42	67	66	95	50
ENSG00000135724	200	6	3	7	2	6	6	3	5	6	11	2	13	7	8	7	2	3	1	6	1	2	4	3	5	2	4	4
ENSG00000149346	31950	709	1410	1649	2460	1590	2092	2234	1329	1319	1389	1915	2421	1392	1752	1581	2127	1989	1786	2491	1902	1465	1401	2143	2064	1165	1343	1543
ENSG00000122067	2000	41	43	32	51	34	49	55	30	8	79	57	28	72	38	26	44	18	49	21	40	87	51	56	35	34	33	31
ENSG00000209613	107850	1341	2156	1713	1492	1105	1506	1132	1421	1909	1760	1446	997	2025	1517	1136	2349	1296	1957	1041	1874	2036	2175	1262	1483	1181	1440	1881
ENSG00000246521	126600	3491	3950	3683	8978	10774	5623	9597	24629	21167	23582	32693	16442	5821	14557	17714	37470	80839	54245	36137	774	1834	3102	1340	72329	110099	93188	58079
ENSG00000108974	25600	395	347	237	278	440	275	250	245	373	421	424	473	417	519	397	191	355	423	484	182	334	269	448	297	384	297	311
ENSG00000133415	8550	135	230	152	209	355	294	189	327	109	148	160	236	143	235	225	246	142	227	202	212	188	304	231	222	168	352	234
ENSG00000124664	900	14	8	9	16	13	8	11	7	12	12	22	18	8	14	25	32	10	10	7	11	11	28	11	7	12	16	15
ENSG00000144618	39650	835	786	728	599	563	616	658	1356	894	767	1033	357	908	758	639	719	1129	604	521	562	603	516	656	716	506	592	654
ENSG00000123234	21300	334	506	346	324	715	317	523	240	542	523	514	451	499	321	825	353	448	335	498	538	494	603	566	505	370	324	334
ENSG00000190904	59600	1256	838	1132	859	1658	1285	740	1187	1334	723	1814	809	894	1326	1568	1653	1910	2148	1353	873	2026	1439	814	1053	1719	1477	1212
ENSG00000141637	19200	198	202	396	271	224	259	342	205	272	433	160	141	144	296	172	429	122	284	274	401	163	288	178	209	382	312	271
ENSG00000124207	1150	21	32	26	21	67	56	36	149	144	174	187	95	96	119	52	431	452	420	391	11	7	11	11	288	735	798	1081
ENSG00000172052	500	4	16	16	8	9	4	6	15	15	19	4	13	15	8	17	17	13	16	35	17	25	20	21	24	11	26	22
ENSG00000136541	25250	1159	780	1018	757	888	1293	1049	494	352	664	778	1345	738	589	811	1251	896	589	1225	896	603	1506	2017	595	1394	1262	840
ENSG00000212281	208900	3978	7239	2373	3670	2937	4971	2816	3024	2819	2063	5555	2288	3678	2338	1039	4119	3292	3770	3114	2718	3510	2730	4275	3950	4353	3465	3978
ENSG00000239031	5250	95	158	111	91	69	89	67	90	68	72	87	95	160	74	108	44	93	149	59	73	85	61	63	95	92	100	149
ENSG00000121295	4400	137	170	143	165	58	171	63	65	56	131	142	137	81	116	82	185	230	134	132	57	109	72	161	136	118	112	178
ENSG00000144071	10000	165	480	311	216	344	240	274	332	160	395	215	253	160	285	370	298	243	358	124	206	375	290	86	317	367	375	165
ENSG00000152589	13750	169	145	205	88	260	270	129	112	172	98	103	206	302	221	350	138	139	150	215	253	237	180	282	114	210	149	119
ENSG00000117935	13350	172	153	169	235	128	265	271	426	283	193	314	260	133	206	293	301	145	156	403	239	368	323	230	355	396	113	340
ENSG00000218210	3950	76	64	59	114	56	92	65	88	69	157	88	59	125	78	54	97	119	40	88	45	69	59	97	91	64	96	90
ENSG00000168814	8450	265	178	232	208	281	152	246	195	109	136	217	167	353	109	222	231	244	212	220	212	216	353	188	189	311	118	272
ENSG00000153675	2200	53	45	56	62	51	28	24	35	45	53	37	58	30	41	30	63	63	47	41	48	66	68	24	56	62	54	43
ENSG00000199400	7750	135	92	172	143	89	151	130	197	171	155	121	180	133	131	95	67	117	256	128	87	106	137	63	131	157	159	155
ENSG00000212460	27000	383	316	694	550	280	397	531	424	658	579	727	548	351	566	359	610	927	451	526	766	508	548	334	485	323	560	218
ENSG00000249031	7400	170	70	132	129	83	249	101	110	193	221	75	92	186	130	219	167	143	139	149	132	121	159	141	112	116	121	195
ENSG00000133939	3100	51	126	98	125	77	145	104	775	374	541	955	446	394	231	220	635	1144	1947	1138	44	17	23	50	2330	2035	2078	1448
ENSG00000232872	9900	319	256	148	181	402	283	266	231	240	133	393	172	122	284	410	234	321	162	223	213	208	272	269	266	198	430	271
ENSG00000163561	1250	13	20	7	14	13	15	18	19	17	28	15	9	22	7	18	22	15	23	30	16	12	21	20	27	9	13	31
ENSG00000102224	2200	19	41	55	46	42	18	43	11	25	24	17	50	37	55	37	32	43	37	29	29	31	22	33	35	44	44	44
ENSG00000134808	1050	29	16	22	26	6	6	19	16	17	11	6	29	28	14	14	19	18	21	20	10	11	23	20	22	12	10	20
ENSG00000165728	9650	417	169	154	143	184	234	417	266	295	279	215	172	256	261	95	163	196	133	226	129	195	325	301	325	203	365	264
ENSG00000247532	18800	321	331	735	398	226	507	587	349	458	754	420	339	522	625	292	557	303	708	564	400	619	489	326	525	537	556	650
ENSG00000117109	2650	27	63	44	59	79	48	61	85	92	57	40	54	53	72	73	55	37	74	79	39	79	56	92	52	80	96	53
ENSG00000176433	1750	29	17	21	16	38	36	22	12	5	18	11	33	19	17	17	29	17	28	18	22	2	12	25	17	27	12	31
ENSG00000141098	17350	611	278	342	342	275	269	282	386	246	192	428	341	190	334	274	311	377	292	259	321	327	789	368	320	444	439	559
ENSG00000156159	13450	323	226	159	341	102	196	188	247	208	224	218	133	208	339	218	171	122	249	191	84	180	188	180	116	178	202	288
ENSG00000213976	150	1	5	5	2	8	7	5	11	2	9	9	11	4	5	6	8	5	4	13	7	8	8	7	6	7	10	9
ENSG00000172324	56600	574	1022	819	1010	898	400	995	569	1061	850	1213	812	1218	648	1416	1758	989	623	1193	778	866	1080	1020	1173	651	896	958
ENSG00000204607	64600	881	360	737	754	1470	1105	706	656	653	528	786	1103	1103	739	497	762	958	687	1727	897	621	682	1212	924	825	428	513
ENSG00000135979	6150	102	33	92	82	90	103	53	94	62	74	109	101	113	51	127	85	148	73	97	103	85	87	100	89	93	121	76
ENSG00000174535	5550	81	96	107	59	100	123	94	96	117	101	100	138	131	138	150	127	172	144	131	139	92	114	100	111	119	151	150
ENSG00000155242	6000	90	99	115	92	66	129	134	125	49	91	69	135	170	121	114	117	165	146	110	117	87	35	79	101	55	85	126
ENSG00000116866	4350	33	71	30	65	41	62	88	29	35	52	46	67	51	66	52	50	75	47	54	40	47	85	58	58	55	44	46
ENSG00000239637	27000	434	162	363	200	178	248	282	255	321	367	304	336	328	276	230	367	269	205	312	253	364	309	187	289	338	232	260
ENSG00000185642	1750	33	34	46	14	41	27	30	69	41	18	10	47	37	15	36	20	27	23	35	12	14	41	20	23	37	49	25
ENSG00000238712	2350	37	66	73	72	43	63	96	60	67	81	69	75	83	54	66	84	41	46	74	68	55	55	54	97	65	62	87
ENSG00000240955	6150	146	98	133	84	177	286	180	129	246	172	197	243	130	201	182	156	201	202	104	214	255	113	178	225	258	229	161
ENSG00000230160	100	0	2	5	2	6	2	2	5	4	5	6	5	4	8	10	3	3	3	2	2	2	2	5	3	2	5	4
ENSG00000130460	4450	96	92	103	146	205	269	260	797	786	297	627	429	326	480	618	1973	800	1789	1610	67	51	36	44	2026	4070	3199	4220
ENSG00000245353	550	15	9	3	16	14	8	2	16	15	10	6	18	10	16	10	5	14	9	8	15	7	5	2	6	19	15	17
ENSG00000228620	1750	57	37	58	49	42	57	49	51	76	85	43	45	17	42	30	68	43	38	56	99	33	57	97	34	46	27	43
ENSG00000225524	1600	34	76	54	56	82	48	32	33	62	63	38	41	20	30	54	25	49	47	41	40	36	18	36	19	28	33	44
ENSG00000206061	3850	96	52	89	94	86	81	78	91	41	70	98	88	97	89	84	85	81	95	107	70	74	93	80	46	68	61	54
ENSG00000182114	10150	165	155	195	115	237	181	216	121	156	201	131	118	185	120	133	131	131	180	100	161	77	131	206	191	139	117	212
ENSG00000103828	1700	22	5	8	7	24	13	16	14	11	8	13	16	15	29	26	11	19	13	12	23	10	8	19	20	8	21	26
ENSG00000185744	9350	200	175	99	175	156	262	173	183	288	90	211	210	155	117	212	220	112	334	268	278	156	215	199	293	146	103	246
ENSG00000103008	500	4	5	7	2	5	4	4	1	2	0	4	1	5	6	4	5	3	1	10	3	4	1	4	4	0	2	4
ENSG00000160265	39900	638	819	1155	735	680	518	593	608	868	575	553	338	670	460	632	625	1244	831	571	610	783	380	487	673	852	373	471
ENSG00000228705	4750	37	87	75	112	64	81	104	138	68	61	64	85	114	98	73	65	74	56	103	37	122	84	104	115	126	137	92
ENSG00000240183	19000	588	513	584	534	553	767	601	614	764	353	604	436	288	448	489	498	314	717	459	683	572	567	608	538	350	458	384
ENSG00000204043	150	1	5	5	0	4	1	3	2	1	1	0	0	1	4	5	0	1	1	3	2	7	3	1	2	4	3	2
ENSG00000212571	71750	1509	1708	2987	1282	2060	1521	863	1158	1439	2365	1922	2528	1308	2009	1965	959	2118	1258	1752	1203	1147	898	1213	1341	2111	1036	1744
ENSG00000192332	1850	34	64	38	114	54	51	29	58	28	29	71	56	29	61	73	39	55	61	64	34	59	65	58	53	89	38	50
ENSG00000203324	9200	177	239	193	180	195	230	108	236	296	289	199	234	212	164	231	300	221	251	171	191	196	186	125	150	176	176	135
ENSG00000188725	23100	311	576	282	502	496	487	484	1325	2569	2277	1751	1196	798	760	1385	2958	3494	4403	4152	65	120	196	81	7721	9479	12944	6710
ENSG00000236098	3650	87	120	135	67	169	79	81	115	109	154	74	74	125	109	122	130	83	97	55	48	134	145	126	88	165	74	37
ENSG00000243861	2450	76	41	29	47	22	31	43	38	34	39	23	41	42	91	17	37	40	15	53	24	30	38	38	44	35	50	46
ENSG00000177308	150	3	1	0	2	0	0	3	2	0	0	2	0	1	2	4	0	1	2	2	2	1	3	2	5	1	1	1
ENSG00000171314	71400	1104	1534	758	1641	1015	747	1907	1080	1211	1636	1431	924	1119	353	1870	1275	1151	601	1365	1738	1132	1504	1581	1027	2100	1784	1467
ENSG00000244986	153800	6672	5012	4335	3935	5255	2139	3674	3597	7847	5909	3553	5985	4102	4986	5676	6101	5716	4343	4354	4775	2340	3456	3219	4940	5082	6656	2764
ENSG00000146496	850	25	38	44	36	34	54	31	42	29	48	32	19	43	38	24	61	54	24	33	25	34	14	47	30	14	28	23
ENSG00000174752	29800	1602	1378	1742	1794	829	1451	1297	1373	1180	1813	2238	1962	1374	1787	1567	1711	702	1721	1785	2586	1467	2911	1555	998	956	2458	1744
ENSG00000175652	31550	940	426	823	843	766	987	507	399	986	347	765	492	842	750	603	541	707	305	991	640	920	673	1237	598	481	485	1091
ENSG00000178688	8200	265	222	167	159	227	225	439	185	201	264	112	181	332	263	281	134	234	346	290	147	164	330	234	170	238	262	151
ENSG00000237577	3450	159	61	100	72	68	68	72	70	83	136	107	107	72	91	122	62	69	71	128	89	66	118	73	94	89	86	117
ENSG00000163235	44900	644	328	480	936	1619	2521	1165	4009	4631	4965	4255	2603	1357	3058	2208	16978	14713	8169	8816	316	366	453	527	37217	25171	27705	22008
ENSG00000168586	2500	38	26	30	56	32	37	35	23	31	24	36	47	26	35	54	51	29	20	37	21	43	17	56	42	33	25	33
ENSG00000127003	4200	39	44	72	107	57	77	53	26	47	46	30	45	60	60	71	52	78	54	86	35	66	75	28	81	51	45	62
ENSG00000220586	1800	37	74	24	42	34	41	35	40	44	32	42	45	46	44	39	26	49	52	48	27	40	50	63	25	29	46	67
ENSG00000241915	1300	23	29	20	22	40	33	25	25	25	27	27	14	46	21	40	29	42	16	32	26	21	40	31	18	27	44	27
ENSG00000171398	2200	21	27	28	62	20	26	31	18	34	35	66	38	29	29	35	31	56	46	32	30	40	34	63	16	33	33	47
ENSG00000214214	40250	744	844	742	2129	1512	1063	1651	4809	8079	10774	4707	3921	2356	3952	2009	14901	13905	16030	12097	465	367	391	545	40499	10079	16580	29611
ENSG00000175952	44700	816	1102	1012	1406	1169	1945	1932	4912	10740	7449	6545	3629	2004	5387	3318	15529	7052	16379	20014	311	235	466	440	56942	18272	31781	57352
ENSG00000166903	800	29	31	35	22	31	20	41	44	16	33	30	27	34	18	19	23	16	35	26	32	27	29	17	15	35	18	47
ENSG00000170403	6200	119	64	107	114	103	61	44	36	110	165	89	135	94	118	142	122	64	85	112	81	97	104	109	82	103	86	135
ENSG00000144077	4700	86	73	95	70	101	90	33	100	85	54	137	67	75	84	78	82	39	78	57	56	67	109	110	89	130	103	96
ENSG00000228616	0	6	3	3	2	7	2	4	2	3	2	5	2	1	0	3	7	3	4	10	8	4	4	2	3	6	3	2
ENSG00000138768	49150	1330	1103	1245	1114	1702	902	1706	963	1191	465	1091	1396	1411	1096	1275	650	828	808	2936	1031	755	619	872	565	684	2318	672
ENSG00000183892	550	11	26	9	9	14	11	8	14	8	10	20	10	17	17	11	3	23	20	32	13	14	14	10	12	17	14	20
ENSG00000109897	103800	2290	2970	1927	5152	1665	3240	4728	19689	22902	15165	18774	8258	8674	9164	10351	35216	31184	50281	27245	1733	1230	2118	1409	73756	62549	36890	49440
ENSG00000134592	150	0	0	1	4	0	0	1	0	1	2	0	3	1	1	1	1	1	1	2	2	3	1	0	2	0	0	1
ENSG00000217366	1050	30	27	16	27	39	17	27	29	24	27	14	26	46	41	35	29	47	35	20	29	20	45	62	30	23	24	30
ENSG00000104452	34000	328	556	642	319	631	447	443	500	751	806	897	1079	782	538	1026	704	599	657	777	761	716	543	789	804	796	787	389
ENSG00000249345	15450	105	263	353	287	350	290	341	231	171	313	383	307	203	367	526	344	266	175	447	333	201	266	268	370	340	355	250
ENSG00000104138	12150	283	304	300	235	550	507	371	298	520	339	250	401	235	373	347	297	328	395	214	398	548	333	386	757	392	353	336
ENSG00000143266	6550	78	159	78	126	70	98	56	177	111	86	110	141	93	54	202	144	83	108	58	120	118	119	99	105	115	69	147
ENSG00000184111	601900	7326	7103	8617	11036	8139	6023	5503	11058	4825	5904	8834	6092	5805	6542	6569	5096	7994	7733	8624	8971	7119	4862	5324	8647	8739	8573	10894
ENSG00000237081	4400	153	191	136	76	86	126	226	98	234	154	133	165	141	224	160	218	135	133	107	140	111	103	146	68	170	127	92
ENSG00000222498	8750	212	294	304	379	332	388	184	242	155	264	327	174	330	382	539	282	280	261	268	273	129	175	224	333	182	232	380
ENSG00000138668	1350	33	28	45	40	36	43	41	12	13	29	40	35	46	53	30	23	24	19	19	26	31	16	30	12	25	20	24
ENSG00000215018	1400	24	18	36	26	7	20	29	32	18	27	22	26	31	17	35	21	25	50	25	35	25	11	25	44	14	52	26
ENSG00000190503	44400	2128	2370	1942	1498	2651	1208	1764	2901	1413	2954	1223	2036	982	2105	3264	2189	549	1624	3435	2858	2653	1658	1601	2058	2148	1595	4160
ENSG00000172069	145600	2967	3222	4158	9357	7128	10407	3166	39491	53402	50648	30942	12943	18527	13548	8753	85809	81278	66739	64560	1384	1724	2253	1521	104497	168300	183415	140045
ENSG00000125134	100	0	5	4	2	4	3	0	5	2	2	8	7	5	4	1	4	1	2	1	0	4	6	2	5	4	5	1
ENSG00000180840	4400	83	77	96	137	144	182	175	1031	465	582	582	385	377	236	440	1471	1065	1101	1325	61	30	43	36	1536	2585	1732	2703
ENSG00000124129	81950	1972	1650	1378	1259	1706	1418	1169	1494	1932	1354	1678	889	921	1151	2539	1543	2030	1730	2359	893	779	2001	1236	1455	1303	939	1492
ENSG00000117456	4750	115	164	182	166	198	126	204	86	147	160	259	79	303	122	98	175	162	126	189	156	119	145	196	187	230	311	149
ENSG00000197784	67500	878	841	843	1054	866	1112	693	875	1905	1361	938	657	1381	1360	1241	937	992	483	900	802	1028	1661	561	1993	797	743	1209
ENSG00000175847	200	2	3	2	1	3	0	3	4	0	2	3	1	5	0	4	6	3	2	6	2	2	0	3	3	5	5	4
ENSG00000115218	16450	172	133	232	154	201	255	165	224	254	169	156	292	126	110	220	209	258	298	257	208	275	283	318	307	144	254	157
ENSG00000100648	6300	91	38	148	233	151	108	203	177	87	78	186	71	131	121	186	136	132	182	138	113	130	126	137	137	170	85	178
ENSG00000151029	7050	162	85	121	125	90	256	145	183	197	189	122	177	163	118	95	183	107	202	168	158	101	116	216	144	174	159	181
ENSG00000145178	1700	27	42	29	23	39	50	35	37	30	59	44	35	18	65	24	63	39	28	41	33	59	26	18	44	43	50	22
ENSG00000157544	7450	139	94	116	91	132	49	181	95	163	156	123	200	147	94	201	90	112	69	148	88	200	234	92	132	188	165	111
ENSG00000121613	314250	4111	2774	4726	4807	7900	5005	3108	5323	2613	2158	2924	4335	4657	2467	6309	4796	4405	5818	5288	2936	4857	3249	3126	4413	3094	5108	5509
ENSG00000164932	950	25	19	9	11	14	8	7	5	9	18	23	32	9	18	17	18	15	17	16	13	11	15	24	18	9	10	26
ENSG00000139497	9700	111	122	118	124	118	127	76	162	171	133	111	180	123	121	112	45	77	126	91	113	69	63	122	130	138	71	91
ENSG00000151466	3050	61	58	103	101	89	109	71	118	68	86	104	58	90	57	66	50	140	77	75	83	110	118	78	90	103	80	84
ENSG00000142435	5200	58	87	63	65	66	71	72	48	75	71	68	95	69	91	44	62	105	54	74	142	53	63	49	110	157	39	51
ENSG00000126894	263500	7266	3218	4330	7071	8304	7828	5496	5926	3633	6865	7898	5840	6274	5680	5421	6295	6545	3613	4228	6069	4380	10870	6816	5685	8056	3316	6234
ENSG00000184707	205800	5109	1745	2644	2949	3450	3205	2380	6477	3296	1418	2675	3648	2745	4647	4059	2833	3550	6175	5024	3900	2030	2622	3310	5372	5469	5439	2881
ENSG00000159264	2400	42	58	47	49	80	52	84	63	61	51	119	155	91	38	71	61	49	113	79	92	54	45	50	83	99	39	69
ENSG00000236538	16950	636	607	353	387	182	408	519	523	418	553	518	319	172	657	392	314	314	500	301	697	218	331	490	492	558	342	633
ENSG00000204635	350	16	42	29	51	17	17	24	24	28	26	15	27	21	44	28	23	16	35	29	22	36	37	43	22	12	22	16
ENSG00000202263	15600	345	330	240	190	206	179	309	304	298	256	313	399	176	285	195	118	291	264	310	161	274	262	198	183	162	185	399
ENSG00000154857	3100	36	86	91	70	42	59	88	104	66	68	41	33	39	62	117	106	50	74	85	73	39	80	48	99	55	50	59
ENSG00000237557	296200	1791	1498	3503	1958	4193	4269	4307	3785	3177	3387	1461	3115	1672	2982	2594	2940	1619	3638	2815	2002	3133	3504	3105	2678	2842	3011	2656
ENSG00000180476	21250	261	497	331	377	204	489	349	390	248	310	249	456	475	288	363	332	268	582	680	385	308	252	226	368	251	233	395
ENSG00000135435	600	14	13	22	16	8	15	14	16	12	18	23	19	16	13	20	17	27	15	22	4	8	30	14	15	22	35	14
ENSG00000179336	300	1	1	4	4	7	3	3	3	9	9	2	3	2	2	3	2	6	2	5	1	4	15	5	3	2	2	4
ENSG00000177959	400	24	14	16	28	9	11	11	10	15	19	13	34	21	24	22	13	10	7	13	11	4	15	8	19	23	12	14
ENSG00000132790	731450	14392	7823	5912	18214	9321	5378	9076	9620	12652	6567	11953	10475	6063	6404	11563	19230	9971	7007	13531	11938	13333	9339	6697	11678	13817	6830	9137
ENSG00000215300	1450	25	21	15	14	20	24	19	15	16	30	21	18	28	15	18	22	25	25	29	28	9	29	19	20	30	12	23
ENSG00000188525	450	4	8	6	2	16	4	6	8	9	11	5	4	10	6	7	5	7	6	7	7	6	14	4	7	6	8	9
ENSG00000230529	4950	75	70	67	210	234	143	75	1018	905	904	935	270	178	233	191	1100	1380	824	721	30	37	28	47	2540	3599	2543	2752
ENSG00000177977	3350	66	46	71	59	67	43	71	60	46	53	54	34	64	46	46	38	85	74	74	55	68	79	69	78	47	87	48
ENSG00000105777	19000	568	545	399	439	362	256	631	528	371	772	391	532	413	410	368	483	696	465	724	607	444	368	475	325	536	353	570
ENSG00000246292	2300	15	24	9	29	17	25	24	32	23	25	29	32	48	29	34	34	14	30	35	29	24	37	27	15	30	19	20
ENSG00000153722	156900	3764	3491	3394	2855	4865	3822	4029	3820	1899	4002	5667	5844	5379	6411	2891	7539	3210	4406	2157	5896	5015	3214	1865	1751	4928	6197	5311
ENSG00000159342	7350	133	127	120	178	163	134	243	165	80	146	51	123	147	169	148	225	143	94	118	111	164	108	77	86	196	128	154
ENSG00000174824	20950	196	242	336	303	189	224	335	323	310	228	178	369	204	319	438	316	221	216	248	364	354	365	204	305	187	254	218
ENSG00000193162	242100	1433	2358	2503	1833	1077	3161	1858	2983	1980	2370	1647	2917	2389	2539	2018	2981	1844	2165	2584	3089	3309	1797	2154	3179	1950	2370	3194
ENSG00000113290	11200	109	163	131	268	173	223	153	98	105	398	247	434	188	201	149	191	226	230	135	299	182	263	217	232	121	237	124
ENSG00000173121	12650	238	291	251	245	305	171	271	338	174	326	271	357	214	237	200	252	356	199	297	150	288	364	217	281	325	390	156
ENSG00000130453	30350	442	794	553	645	311	890	615	332	682	594	585	490	209	759	485	608	586	693	480	405	679	360	561	494	453	527	573
ENSG00000152386	1300	12	33	41	23	15	32	20	33	46	30	25	25	47	23	43	25	32	20	38	41	15	45	58	27	42	41	21
ENSG00000193641	2850	39	58	70	53	52	56	38	52	62	69	27	46	53	80	29	40	55	60	59	51	39	79	56	55	45	59	33
ENSG00000104837	53400	824	581	424	429	687	874	618	521	573	899	581	862	868	259	900	834	784	496	482	491	789	325	475	579	761	874	1179
ENSG00000233101	1650	28	29	29	29	18	19	30	15	21	27	27	7	41	33	21	57	16	28	47	35	30	22	10	19	24	33	45
ENSG00000208978	4300	59	99	102	108	198	277	146	1302	593	697	516	219	426	295	273	1391	625	1939	1233	82	24	31	41	5032	3127	3204	4052
ENSG00000163291	95150	1143	1310	2005	1710	3058	2509	3648	22249	9141	9107	10973	8079	9377	7736	6543	26621	20943	27038	27545	692	956	692	1133	47340	72080	58226	62917
ENSG00000142081	21050	428	838	493	369	411	251	588	760	313	321	908	529	322	419	651	386	514	622	642	310	211	312	746	427	327	712	476
ENSG00000247162	17700	267	367	198	261	403	228	417	265	275	213	157	253	282	301	166	359	173	262	232	484	314	215	494	432	167	288	273
ENSG00000133973	650	5	17	8	10	10	13	14	10	13	12	5	16	18	20	12	12	13	15	19	10	6	14	30	7	13	13	10
ENSG00000186264	597450	7633	5369	6301	11893	5875	6852	5040	6493	6565	10083	7563	8135	8410	7337	9060	7296	9283	10058	5662	5929	5389	6831	7929	5692	6474	8765	12178
ENSG00000244818	4650	53	137	108	97	82	85	95	33	152	79	70	69	112	144	68	72	198	101	97	63	149	95	100	76	159	108	133
ENSG00000174246	4600	66	83	91	93	55	77	82	61	51	95	130	35	94	24	56	98	59	145	134	74	54	107	31	86	115	72	88
ENSG00000249543	3600	103	47	156	54	106	129	86	80	96	127	94	42	142	118	109	135	82	87	99	141	128	65	170	122	130	103	156
ENSG00000124931	1350	33	16	37	34	23	34	22	10	49	32	25	20	37	13	35	27	40	20	28	15	21	39	26	15	16	14	41
ENSG00000165777	4300	53	58	99	113	125	56	52	64	36	64	84	75	76	64	76	150	114	123	73	96	52	150	75	63	62	96	86
ENSG00000203081	473150	9695	6617	10025	10609	4581	8727	9400	9628	13385	9599	4496	8411	6956	5767	3820	8792	8976	9600	8720	12483	8569	6949	4668	14227	5614	5177	10719
ENSG00000169482	450	4	7	3	12	8	3	7	5	11	14	8	13	5	4	5	7	8	4	9	9	3	6	3	2	4	3	12
ENSG00000136648	451200	7565	19252	6611	16658	23147	10817	9091	12027	10329	19400	15892	10026	12454	18076	10494	8302	7647	14621	14795	11410	7612	15552	11384	14291	17940	11142	14031
ENSG00000156723	800	22	21	12	12	22	19	18	20	19	18	13	21	38	14	24	19	9	34	15	21	26	23	21	21	11	17	19
ENSG00000218442	1550	27	25	24	27	8	32	15	19	12	23	38	17	25	15	15	16	33	26	23	12	34	12	18	28	14	30	26
ENSG00000118610	84050	2225	1304	2911	1927	1297	2190	1609	3102	2324	3563	2112	2747	2665	1274	2918	1830	1250	1802	1582	2289	1819	1753	3260	2926	2761	1821	1964
ENSG00000190078	168450	7860	9732	8263	3670	9321	4066	4848	6506	4460	5718	13122	3946	11800	4957	8805	9607	10222	6191	7890	6625	6662	8664	6393	7179	7808	9965	4906
ENSG00000112473	4200	23	53	57	81	31	89	65	60	75	30	140	65	39	75	70	50	118	42	45	110	60	69	80	117	55	78	80
ENSG00000223603	73550	734	693	698	584	809	340	423	464	752	952	1067	1074	830	618	743	576	619	464	1077	682	820	875	720	536	440	623	968
ENSG00000107635	2650	19	27	21	35	19	25	15	19	42	27	33	32	36	24	24	25	12	35	28	27	22	27	22	31	29	25	44
ENSG00000175851	1650	53	89	76	72	26	91	98	45	60	35	51	48	52	74	67	91	54	75	54	84	61	54	54	63	92	64	48
ENSG00000135438	800	46	35	22	30	33	19	16	25	17	28	15	37	26	17	15	52	65	24	28	33	42	34	37	30	29	21	19
ENSG00000141089	9800	215	220	212	87	224	164	159	132	187	117	188	169	272	175	161	217	163	280	232	392	214	99	186	136	121	222	110
ENSG00000127857	1850	34	52	26	44	34	63	40	37	25	43	34	29	62	25	60	22	37	36	29	43	28	45	31	45	31	36	41
ENSG00000242917	5150	116	114	157	129	185	349	88	253	104	258	256	212	235	192	131	224	327	100	137	200	165	74	176	113	192	140	150
ENSG00000139457	3950	65	38	35	60	45	111	49	81	51	50	42	78	47	120	66	46	42	45	70	72	75	104	50	99	52	66	84
ENSG00000245308	6650	83	79	298	93	141	136	129	185	137	103	50	156	89	112	98	77	85	128	91	127	109	86	99	246	169	184	273
ENSG00000241096	3700	172	135	118	181	149	191	131	126	188	207	182	200	137	105	169	124	176	155	148	172	106	244	96	179	121	112	149
ENSG00000189090	650	20	51	43	56	22	31	24	24	27	23	34	26	18	21	41	50	43	28	44	34	33	19	35	33	25	35	23
ENSG00000210633	5550	153	77	148	135	125	286	304	492	530	435	891	490	362	457	342	2315	2054	2019	1205	55	57	88	53	4189	4945	3021	4184
ENSG00000231448	1350	13	19	36	65	55	70	31	100	89	156	163	68	124	88	84	407	428	204	458	14	15	10	20	369	690	866	801
ENSG00000143572	16900	336	377	364	480	407	429	241	293	178	243	402	525	298	251	306	506	226	178	425	476	386	375	285	479	401	364	330
ENSG00000102038	97300	736	462	1451	1655	3100	2887	2205	10399	8979	6906	10382	3712	4110	2550	3909	7615	17658	20637	21938	521	482	646	447	32941	17042	47015	58302
ENSG00000183944	5350	37	32	62	55	89	59	68	26	42	76	55	40	69	76	45	105	40	51	60	74	59	38	28	53	80	56	41
ENSG00000165517	1900	71	66	84	65	51	127	72	42	30	78	58	61	55	63	134	96	102	37	111	76	38	124	65	108	84	111	80
ENSG00000187974	1850	32	29	42	34	44	42	30	64	40	63	30	46	25	32	38	52	20	36	58	22	42	47	22	37	43	28	26
ENSG00000101595	1300	68	54	30	40	58	70	39	62	40	21	65	44	53	57	39	61	52	34	31	42	36	59	49	37	45	60	37
ENSG00000124352	6000	133	63	82	152	165	167	211	92	179	97	123	170	117	185	104	130	141	241	122	103	111	332	168	206	194	193	280
ENSG00000160640	50	7	4	2	3	2	3	8	2	2	3	1	6	0	3	2	2	7	3	4	4	6	2	4	5	3	3	10
ENSG00000178747	250	4	2	2	7	2	7	8	9	4	5	5	4	4	5	5	8	4	7	12	6	8	5	4	8	8	5	2
ENSG00000114232	5450	156	123	161	137	137	149	127	99	121	120	118	87	140	182	156	192	103	147	45	144	73	211	144	113	129	126	125
ENSG00000130456	35950	976	558	565	351	966	663	568	527	517	589	912	981	661	1046	618	924	837	813	519	561	593	886	467	749	499	1068	518
ENSG00000226482	1700	27	14	11	23	34	13	23	30	30	15	30	42	33	14	42	20	24	6	32	27	33	30	32	38	54	16	27
ENSG00000242612	25950	783	370	478	446	578	588	486	499	684	1012	419	745	394	370	858	423	637	580	495	456	526	532	635	529	446	818	865
ENSG00000206661	30300	863	526	808	1118	971	486	895	828	514	859	1084	660	1199	761	532	947	1233	494	743	729	942	583	920	458	856	584	758
ENSG00000190404	7350	103	219	176	99	112	111	148	98	103	142	130	95	138	210	124	245	180	107	171	143	104	132	177	200	131	231	69
ENSG00000118418	584150	10863	8029	16632	6772	3508	6696	4030	9671	10176	21544	6906	15285	7145	14036	17795	10929	10180	12140	10500	10444	14082	17291	8645	9632	13449	11886	9525
ENSG00000195295	5650	75	97	62	167	45	117	82	73	82	89	72	32	110	102	146	47	120	69	60	57	49	82	130	80	79	48	121
ENSG00000201498	6250	167	114	119	161	138	234	227	196	123	95	148	141	146	133	104	103	195	104	159	219	138	148	188	257	131	133	100
ENSG00000236715	550	4	16	10	13	6	9	9	5	11	11	19	6	9	12	10	22	16	7	12	5	13	7	11	6	15	8	10
ENSG00000216063	350	13	14	9	9	8	11	17	7	34	15	8	17	21	16	14	8	5	20	15	22	22	15	14	17	14	13	19
ENSG00000125531	11000	153	162	162	249	209	187	125	145	176	139	188	148	140	131	169	98	72	81	80	93	182	151	112	115	88	229	138
ENSG00000139726	21850	474	313	281	302	544	386	322	248	308	355	283	286	488	138	422	419	178	381	409	339	352	505	403	374	196	328	468
ENSG00000155161	4350	75	80	54	39	112	106	70	58	118	85	66	71	56	60	79	46	109	83	77	55	71	81	38	102	59	60	118
ENSG00000117628	5750	100	53	113	77	88	51	78	121	85	169	169	60	113	138	141	67	90	161	95	89	112	32	93	139	132	124	85
ENSG00000246461	9400	126	136	91	112	142	148	84	190	89	155	106	125	199	136	123	93	84	212	123	130	260	121	132	109	134	128	119
ENSG00000178912	20300	656	658	334	714	542	348	754	408	550	653	356	630	559	379	436	505	488	501	531	657	634	331	561	412	440	527	555
ENSG00000214665	250	0	2	1	4	3	5	1	5	5	4	5	2	6	3	4	5	4	2	7	2	7	3	2	2	3	2	7
ENSG00000223903	17150	775	300	697	841	618	459	526	574	731	402	453	459	657	898	954	352	627	511	1179	687	638	520	449	272	543	486	579
ENSG00000162594	1600	27	27	30	19	28	11	15	31	22	27	23	23	36	35	21	21	28	29	23	10	19	19	22	20	19	39	18
ENSG00000127815	10750	429	354	250	287	390	288	244	412	216	418	384	207	296	333	295	169	358	270	254	311	346	276	323	248	266	342	519
ENSG00000244166	25050	691	360	288	347	389	435	600	227	626	647	529	270	215	487	413	683	417	390	367	855	772	423	531	448	226	417	460
ENSG00000181078	250	7	1	8	4	7	8	5	4	4	8	15	8	4	9	5	5	6	11	5	10	0	9	4	6	14	3	5
ENSG00000201781	78950	426	1425	714	1115	1042	1000	892	940	790	657	738	1152	1019	1337	1069	623	728	962	612	1177	1260	1413	1494	784	977	1162	744
ENSG00000157483	3550	143	168	49	137	161	100	160	189	164	157	184	205	79	63	138	108	103	88	94	90	128	126	131	84	153	85	179
ENSG00000217671	2250	42	33	27	45	32	26	32	42	45	23	40	54	58	43	46	30	22	26	54	60	35	50	30	29	40	33	21
ENSG00000131523	77850	4188	2630	2760	2868	3435	2787	2511	5580	2722	2884	4073	2341	1856	2648	4173	2223	3675	3736	1787	2761	2393	3149	3563	3242	3894	4482	3424
ENSG00000174909	250	7	4	16	6	8	7	7	12	10	6	1	12	4	2	8	7	12	3	23	4	8	5	13	9	5	8	8
ENSG00000206391	100	2	5	4	10	8	8	2	3	4	4	5	2	4	11	4	1	3	8	3	3	5	4	5	5	6	5	1
ENSG00000104751	6700	138	152	189	147	120	157	81	136	126	117	232	133	139	225	282	155	138	279	150	118	115	179	179	165	229	208	83
ENSG00000238574	11100	258	233	149	243	304	168	211	218	161	183	282	178	347	226	189	339	364	217	216	491	283	244	343	347	290	252	320
ENSG00000111163	2850	47	47	78	61	59	42	86	71	78	44	60	79	126	145	64	61	69	79	52	26	50	67	53	25	73	30	55
ENSG00000220282	11200	426	272	295	317	284	268	379	316	235	159	371	180	315	372	201	254	319	458	301	321	366	193	328	276	219	237	279
ENSG00000192766	0	0	0	2	0	1	1	0	2	2	0	1	2	0	0	3	1	0	0	1	2	1	0	0	0	2	1	1
ENSG00000221151	40100	986	744	411	751	648	572	752	1167	347	571	633	518	988	425	431	731	830	463	887	633	772	875	632	700	1077	909	363
ENSG00000119118	12850	98	157	260	862	634	576	952	2182	2351	1708	1802	843	1153	1057	933	5759	4921	6260	4933	108	145	241	132	10377	11828	5374	10183
ENSG00000116008	850	9	5	4	14	12	8	8	9	13	6	14	10	8	19	10	5	12	20	9	6	5	10	9	8	9	12	5
ENSG00000224184	300	13	12	4	12	10	4	7	12	8	4	14	8	10	11	10	11	6	5	15	8	9	13	5	16	4	12	2
ENSG00000243744	13400	223	415	283	251	170	327	157	189	182	457	307	234	163	218	236	228	272	214	334	163	117	354	409	324	339	173	292
ENSG00000188984	13500	280	298	352	255	182	254	220	342	172	327	229	275	398	149	233	215	208	238	261	249	343	98	293	133	245	320	306
ENSG00000115149	1500	24	42	22	22	23	13	20	37	25	25	42	18	26	49	15	24	35	46	34	23	33	42	44	38	16	31	30
ENSG00000222819	5200	87	170	140	111	222	131	158	91	80	171	106	168	160	115	77	177	90	177	52	143	71	119	125	122	98	70	109
ENSG00000200238	5950	106	69	123	84	186	131	99	76	134	162	149	151	145	122	216	124	66	93	88	102	104	96	78	109	158	205	148
ENSG00000123955	62450	1134	709	1491	1205	1297	689	1153	806	1029	757	642	1361	997	1232	960	1210	918	440	1045	1048	673	867	763	913	842	1115	798
ENSG00000158777	1400	10	32	13	18	26	8	14	9	17	17	11	20	15	11	19	8	24	10	10	20	22	14	18	12	25	28	25
ENSG00000157770	61550	889	497	616	1098	1100	630	613	974	1146	491	945	564	735	767	608	1003	778	534	906	1050	693	600	1056	875	1078	1047	448
ENSG00000205824	10900	88	95	141	94	158	94	163	170	132	193	180	169	98	130	141	185	76	101	83	81	105	178	116	219	161	180	122
ENSG00000180680	4550	111	213	267	143	142	58	90	102	39	158	143	150	112	67	122	130	186	171	149	66	154	98	104	64	178	81	125
ENSG00000232642	15000	348	190	114	299	416	445	195	342	485	332	442	360	258	161	375	318	252	204	659	305	190	238	473	258	311	190	205
ENSG00000174982	5600	89	95	94	141	141	168	106	627	343	468	926	365	380	436	319	1114	1150	1292	1470	30	35	32	25	2224	3375	2884	3018
ENSG00000224171	350	1	16	12	4	9	8	8	13	3	6	12	3	6	5	5	2	8	7	3	4	14	13	6	7	7	4	7
ENSG00000220322	100	3	12	3	3	7	3	3	5	5	2	7	6	5	3	10	7	1	1	2	8	2	2	10	3	4	3	2
ENSG00000117418	43550	684	950	725	590	1190	1400	453	574	971	767	1257	608	1113	365	1050	932	741	1104	638	1107	898	589	897	887	741	439	895
ENSG00000219564	0	3	1	5	4	5	10	10	6	2	3	4	3	6	10	2	2	2	3	6	2	2	4	2	0	2	4	7
ENSG00000241328	65900	1514	973	1271	696	928	723	1121	1525	962	1038	862	1186	1126	818	585	1296	806	1242	771	546	928	855	831	829	1296	802	958
ENSG00000213276	1450	23	35	41	20	14	21	31	62	31	16	29	20	26	33	29	26	19	33	14	27	23	38	21	30	21	10	11
ENSG00000205530	52050	904	1379	1185	1134	547	814	1353	1110	623	1744	1632	551	1618	1471	907	953	1250	895	1251	807	854	963	1118	1140	671	1179	1114
ENSG00000101843	1100	9	11	11	11	11	22	10	21	20	17	20	20	22	10	14	16	12	17	17	12	15	20	30	22	22	21	7
ENSG00000137923	17400	380	682	281	434	1300	350	1528	3032	2829	2402	2433	1964	1796	1374	1171	5237	8980	7504	10476	293	205	185	330	18688	11763	17698	12819
ENSG00000106753	6850	173	191	186	84	110	57	158	239	273	107	138	246	117	212	115	151	120	157	100	207	220	120	176	143	113	206	135
ENSG00000210668	32750	276	509	374	635	554	493	1102	727	982	547	590	532	497	799	608	539	542	437	545	564	668	738	625	1090	581	647	546
ENSG00000214797	2250	73	50	88	51	51	20	33	39	58	95	26	43	42	63	77	55	50	42	34	42	70	46	74	71	48	64	63
ENSG00000175188	16100	631	637	659	1111	815	1101	1056	4501	4396	4298	5399	2301	1829	3225	3597	10961	9999	7992	12195	366	361	644	263	23790	25930	13985	11978
ENSG00000191090	212100	2815	2566	1258	1866	2186	2775	1250	2881	2766	2166	3409	1266	4308	3339	2368	2319	2249	2449	2478	3773	3750	2543	3112	4167	2741	3226	1924
ENSG00000240767	200	7	10	8	8	11	9	10	10	7	8	5	7	11	6	7	5	7	1	12	6	7	4	12	6	12	10	8
ENSG00000225013	80350	1304	2086	977	611	572	724	607	605	697	805	1539	480	1192	1235	675	999	869	471	831	792	902	718	1076	1535	1063	582	792
ENSG00000185844	250	8	13	20	26	6	17	8	28	15	13	14	14	10	16	8	12	19	9	4	10	21	13	18	17	26	22	15
ENSG00000189672	43050	1133	732	1511	626	842	800	598	792	943	641	634	780	752	742	738	644	1126	1003	745	945	896	764	865	642	709	1209	1057
ENSG00000117024	2550	44	32	87	103	82	43	65	53	63	52	76	32	47	51	84	82	61	81	69	45	54	38	88	106	79	76	44
ENSG00000162738	281400	2044	1646	3497	1924	2428	2611	2465	3505	1448	3805	2056	1903	1511	2211	1843	3168	1557	2907	2491	904	2253	2405	1796	1539	2209	2053	1674
ENSG00000242317	900	65	65	54	46	106	84	59	70	99	138	71	74	115	71	66	73	89	53	72	53	114	70	97	101	36	60	41
ENSG00000101099	2950	38	51	35	34	39	37	41	55	44	55	70	63	36	55	67	29	59	38	63	47	48	38	35	53	47	53	41
ENSG00000164201	53200	812	791	1996	869	906	1369	665	513	490	1161	1176	1231	536	886	1297	765	889	1004	1001	891	882	934	627	1527	1507	717	1195
ENSG00000247071	5700	98	111	63	77	113	49	55	68	39	77	80	58	119	84	77	86	56	91	62	51	69	113	89	81	41	64	80
ENSG00000226644	3850	87	66	146	52	93	104	102	80	50	43	67	88	44	101	125	88	77	88	88	90	93	114	84	106	57	79	96
ENSG00000184689	73350	1767	2176	1977	3492	2705	6677	2750	9705	25195	11361	17084	4008	6452	2714	12667	26281	21188	15935	21946	710	561	1234	1365	41538	36161	42847	84547
ENSG00000154438	128800	2443	1880	1790	2554	1912	2760	2964	2274	2419	2447	2471	1965	3023	2722	1863	2502	2302	1357	1598	1905	2562	2448	2197	2208	2275	4370	2340
ENSG00000135761	44050	877	406	483	1162	523	362	636	695	606	965	749	1041	612	824	915	820	798	481	629	729	496	546	464	836	598	540	674
ENSG00000242110	50	1	8	2	5	3	3	4	0	2	2	7	1	6	2	5	2	2	2	1	4	7	2	5	3	4	2	2
ENSG00000188347	10600	231	171	180	246	486	384	290	453	198	179	360	254	348	212	261	276	309	344	212	356	257	181	281	172	248	316	397
ENSG00000152715	8350	273	261	215	196	142	276	219	167	261	312	176	132	181	242	137	421	296	278	207	165	210	398	266	205	229	144	426
ENSG00000108602	87200	1514	1467	1048	2128	2716	2283	1885	11554	10101	16586	10000	4679	7228	8901	7835	26470	21140	14247	18487	649	879	539	704	31348	84195	26798	32999
ENSG00000219751	86300	1570	877	938	594	1079	775	864	1250	1201	878	2301	1208	1562	1432	807	913	1045	1339	1224	959	1058	819	1206	1258	2265	1342	1117
ENSG00000245713	49650	743	1068	564	1311	1197	1069	1394	670	773	575	1360	1221	1319	1144	611	1398	662	1131	834	1287	1403	606	1416	828	700	1266	1893
ENSG00000148486	15800	301	280	365	452	332	477	346	307	308	390	408	537	215	156	362	333	474	546	433	422	273	261	288	618	295	425	334
ENSG00000106871	295500	12957	9329	13072	4794	10418	9460	9090	6635	14027	5013	15255	5065	12414	12700	8340	4671	7938	10915	5671	7736	7141	9164	9339	5899	13608	7776	12703
ENSG00000161069	5000	78	143	168	123	41	66	120	63	101	129	122	135	140	139	40	90	174	68	71	165	89	100	94	136	115	55	62
ENSG00000140414	2400	48	62	40	35	44	45	13	26	21	33	31	48	29	44	47	43	29	32	36	56	19	47	41	30	26	29	33
ENSG00000247874	500	5	2	10	14	24	10	6	5	10	5	13	18	8	12	13	25	9	16	9	6	19	9	10	14	28	19	19
ENSG00000156585	4100	76	95	70	128	58	56	55	51	80	55	41	117	93	66	84	107	52	77	12	64	65	107	102	64	88	85	63
ENSG00000142292	43600	843	405	551	427	695	1164	643	971	411	791	426	475	955	1142	1052	1632	523	438	465	823	585	854	507	627	835	843	909
ENSG00000106010	9000	106	119	197	121	176	198	122	150	94	180	257	133	379	223	166	357	274	218	125	163	119	78	124	221	189	56	162
ENSG00000204342	119050	3075	1208	2105	1965	4791	1977	3062	2814	1847	1965	4525	3927	2229	3548	1820	3305	5928	2126	2155	2318	2340	3160	2188	3074	2806	2588	2179
ENSG00000234307	7550	112	183	108	151	137	254	147	128	195	205	107	109	131	172	201	90	130	77	173	183	158	273	146	203	134	186	420
ENSG00000123982	1800	70	48	49	49	99	43	64	64	29	55	36	52	77	61	99	73	35	75	65	43	83	59	46	70	39	44	56
ENSG00000176577	93900	4567	3494	3188	3512	4511	3496	2089	3626	2933	4976	2428	2582	4314	2739	1638	3664	2851	4264	4394	4328	4512	4931	2240	3688	4421	2817	3787
ENSG00000167277	6800	78	95	127	90	64	101	90	73	124	201	133	77	72	29	102	108	49	96	73	119	106	141	68	114	128	67	140
ENSG00000105071	116250	2041	1262	2511	1446	1932	1132	2000	1677	1607	1408	1470	2094	1523	1726	2432	990	1834	1197	939	1313	1061	2657	1702	2936	865	1675	740
ENSG00000191337	0	2	3	1	2	4	1	4	2	1	0	1	3	0	2	3	3	0	1	1	1	4	1	2	0	0	4	1
ENSG00000146213	1000	24	20	11	14	7	10	15	5	6	13	4	18	10	6	3	11	15	13	14	9	11	7	12	22	12	12	14
ENSG00000227417	1450	34	105	38	56	65	36	56	59	47	85	50	46	75	100	26	99	34	67	51	65	77	25	68	72	46	73	91
ENSG00000244313	850	18	26	23	23	16	24	19	38	42	11	19	7	21	19	16	17	22	40	14	17	23	21	26	24	24	22	41
ENSG00000130510	13500	336	212	219	260	384	480	241	373	161	254	279	390	157	357	266	323	235	396	286	344	295	200	325	184	282	218	318
ENSG00000215367	25600	378	388	378	803	765	1059	803	2575	5254	3112	2850	1123	2740	1201	2033	6137	8638	3043	6033	123	125	281	257	15138	9417	13808	8120
ENSG00000167927	7050	366	270	194	148	443	392	202	304	303	212	339	278	360	317	417	262	218	162	227	170	195	142	361	222	197	234	333
ENSG00000221345	1150	18	18	39	30	25	29	16	36	27	35	18	49	36	29	33	17	24	31	11	18	25	15	23	13	31	25	30
ENSG00000221774	4000	53	58	39	100	146	71	118	234	594	298	614	199	182	129	317	745	1459	1003	1145	25	29	42	15	2247	2320	1855	2495
ENSG00000131489	2150	51	62	45	71	36	48	47	30	52	45	47	40	40	41	52	45	39	24	45	85	54	24	28	45	56	42	40
ENSG00000191221	93400	3852	2717	2106	2510	2027	1625	2501	3778	4220	2253	4420	4407	1795	2798	2281	3407	2321	2754	2748	3922	2775	2995	3909	2643	3151	3616	2005
ENSG00000241880	2250	106	68	89	96	49	80	80	70	119	71	53	122	49	100	78	54	76	81	77	113	149	106	95	74	96	83	63
ENSG00000187531	19050	1137	1050	877	477	1103	1731	665	1303	1438	1147	690	1121	1083	1690	515	797	1053	952	769	808	1535	1284	463	590	1192	1413	621
ENSG00000229420	1900	30	41	30	37	32	30	22	27	34	45	40	9	23	24	40	14	22	48	28	25	43	24	30	19	21	36	35
ENSG00000210882	650	13	13	13	7	6	7	9	2	11	14	3	9	7	9	9	12	10	6	15	9	10	2	15	13	4	14	12
ENSG00000152371	7650	215	286	149	174	238	196	164	205	120	96	147	175	231	186	160	325	179	155	156	131	145	110	191	103	281	256	171
ENSG00000116307	38500	883	1584	1063	1662	702	506	869	717	741	899	1282	661	995	736	974	1092	1248	1145	993	619	1396	906	687	585	696	1003	1163
ENSG00000177112	550	6	2	7	4	3	5	7	7	3	5	8	3	3	9	1	7	3	6	3	3	3	7	5	6	2	4	2
ENSG00000140660	4400	82	117	101	156	142	223	231	672	658	1023	917	593	308	513	390	1317	1982	1320	1195	32	56	86	43	2189	3334	3812	3739
ENSG00000183166	20050	771	560	720	460	866	569	259	413	347	297	1016	412	449	788	261	577	454	516	392	708	538	479	412	604	475	351	738
ENSG00000183797	3750	101	26	72	84	70	77	63	76	60	98	45	78	63	33	109	58	64	40	58	133	83	85	91	94	107	82	83
ENSG00000161791	4200	61	69	107	114	41	45	88	107	34	116	57	53	79	71	107	44	39	77	82	96	107	102	50	87	85	68	97
ENSG00000178792	37950	614	700	954	573	463	612	533	480	783	875	594	574	398	522	805	518	515	703	707	524	570	564	838	500	728	753	495
ENSG00000165029	10700	124	215	286	172	174	147	256	41	151	105	168	143	229	170	216	112	272	437	171	251	298	242	172	237	215	113	245
ENSG00000185033	33250	431	375	274	698	595	1170	380	2035	4335	2742	3784	1061	1441	1919	877	4665	4940	4139	7328	233	229	277	224	12972	11203	7383	13690
ENSG00000239427	3350	48	64	39	77	52	52	45	45	45	69	33	22	37	76	40	57	48	61	42	36	49	52	48	40	44	60	70
ENSG00000166780	8150	208	281	280	200	320	384	257	150	384	164	301	158	204	202	466	110	195	309	165	450	109	377	94	311	105	359	195
ENSG00000116140	1250	57	28	39	30	44	87	55	31	48	20	41	64	57	60	43	38	62	83	67	30	70	53	53	57	69	41	68
ENSG00000182233	199350	4980	3578	2259	11430	7186	7790	7441	38825	25643	25988	43417	11821	20404	22848	15477	81795	76299	55456	73878	3796	2773	2225	2062	141307	175864	127618	96602
ENSG00000246396	0	1	1	0	1	2	1	0	0	2	1	0	1	0	2	0	2	1	0	0	1	1	1	2	0	2	0	0
ENSG00000246094	3550	162	114	235	222	168	163	253	269	133	124	181	147	235	159	222	105	221	85	133	221	135	196	113	164	167	156	128
ENSG00000101506	36550	569	604	473	660	913	430	741	528	601	525	540	942	507	551	867	685	217	316	373	639	755	599	910	458	670	408	958
ENSG00000223250	1550	19	10	24	18	18	18	16	15	30	19	6	16	27	25	23	8	24	22	32	16	14	6	21	16	20	17	9
ENSG00000125679	33850	464	295	392	370	377	559	518	271	298	294	574	356	613	438	323	359	239	366	439	474	644	384	483	366	213	423	314
ENSG00000247677	2000	27	27	60	28	28	26	35	18	22	23	39	51	27	31	52	39	23	53	26	21	24	9	26	47	41	37	34
ENSG00000150758	30300	657	935	739	527	406	677	340	252	589	334	464	638	458	359	557	867	372	560	549	407	976	432	416	393	1040	222	453
ENSG00000104396	173150	2042	4526	2596	4185	4222	3397	3867	3341	3218	4172	2556	2661	3345	2080	2950	4145	2256	2572	4316	3849	4152	4242	4318	2687	3636	2648	2560
ENSG00000103518	5250	90	172	230	315	308	242	261	1093	1574	988	1071	700	551	792	643	3035	3790	3924	3264	108	109	46	66	8260	5452	4381	5788
ENSG00000217110	574400	10484	9185	8631	11553	11529	9966	11960	10085	9267	10582	6862	11323	16028	13358	7700	10832	11940	14258	11720	9868	13520	8738	8031	8969	18187	10640	12333
ENSG00000181392	5400	121	81	189	162	114	192	123	76	108	106	119	88	158	99	113	91	126	197	108	118	153	138	144	123	138	119	161
ENSG00000187939	0	1	1	2	2	1	1	2	1	0	1	0	1	1	2	1	0	2	0	1	1	0	1	0	0	1	0	0
ENSG00000212722	2400	60	20	52	59	66	75	39	75	42	50	48	116	56	55	80	87	53	65	41	27	29	53	66	48	70	55	53
ENSG00000198545	9000	152	223	116	162	172	239	152	237	97	206	142	166	135	111	163	231	132	399	104	145	102	162	216	146	237	114	199
ENSG00000222491	9700	269	141	347	171	162	191	245	248	186	229	213	122	171	172	200	155	128	110	195	213	251	220	239	273	148	283	167
ENSG00000129291	11700	101	148	162	90	118	110	143	81	119	121	152	94	120	146	138	202	159	143	55	103	152	83	114	246	139	183	160
ENSG00000189894	11700	223	263	322	269	290	335	205	292	271	185	409	310	293	307	322	418	213	358	263	233	367	272	207	330	375	330	235
ENSG00000147394	2950	106	61	54	57	117	146	75	61	81	80	60	61	106	124	94	89	138	87	86	98	100	96	188	111	153	144	76
ENSG00000141190	76100	1407	1752	2086	1124	2401	2349	2328	1757	2704	2117	3326	922	1727	3271	1899	1770	1892	3312	1112	988	1815	1203	1839	1912	1535	1762	1220
ENSG00000129513	15300	241	234	347	160	132	213	354	178	214	190	390	208	204	179	218	180	275	267	397	276	184	320	329	261	438	448	177
ENSG00000111042	3450	100	106	171	93	100	126	135	58	106	127	139	82	144	92	123	133	139	101	97	65	272	100	88	47	139	80	80
ENSG00000240270	260900	2608	4676	4766	5479	8568	8042	2047	6589	5390	6776	3327	5277	2884	7474	5989	9508	6775	6167	5265	7327	5002	4148	4348	2974	5099	5385	2721
ENSG00000159755	450	12	8	10	12	7	15	8	5	19	9	6	3	13	11	13	10	20	11	4	14	5	11	8	4	13	8	9
ENSG00000176679	100	6	1	4	1	4	0	6	5	2	1	2	5	4	3	3	2	3	2	4	1	2	0	3	2	2	4	3
ENSG00000228823	1400	48	41	45	47	24	51	44	33	28	33	35	24	28	31	25	38	30	19	33	40	16	34	29	28	61	18	41
ENSG00000143625	50	0	0	1	0	1	4	2	1	1	1	2	1	0	1	0	2	1	1	2	3	2	0	1	1	1	1	3
ENSG00000113285	15350	211	308	382	491	278	268	276	351	395	297	243	538	396	496	219	382	310	473	373	201	419	361	379	411	839	279	214
ENSG00000152841	1500	137	81	58	81	55	50	52	64	67	55	76	35	44	96	151	62	61	80	75	104	54	105	62	90	49	45	98
ENSG00000242093	697150	12056	4676	9862	8410	4469	9563	9305	5138	7158	14125	12770	10290	7167	7649	5105	13447	9918	7099	14108	6334	4974	9537	7964	5756	8473	9901	16029
ENSG00000104441	800	15	30	18	37	11	20	10	8	22	13	11	14	6	21	18	18	14	24	14	25	10	17	28	16	18	29	26
ENSG00000181413	700	11	9	13	15	8	16	14	4	25	28	12	20	10	16	9	12	17	11	8	16	11	15	9	22	16	7	9
ENSG00000202002	26050	701	441	387	269	320	279	350	575	438	490	693	434	634	371	725	337	330	394	427	516	412	525	339	396	460	294	445
ENSG00000170948	32100	580	349	426	546	512	331	526	423	363	427	583	360	501	396	207	310	738	268	291	524	585	504	752	454	558	276	330
ENSG00000109062	34300	559	496	492	381	478	454	416	774	192	419	417	460	427	589	360	527	519	805	255	901	494	474	469	282	350	312	704
ENSG00000128997	1750	40	56	35	58	27	61	26	74	55	59	5	39	46	38	26	36	49	45	35	31	40	26	55	49	37	56	35
ENSG00000160940	2250	25	37	22	20	27	33	37	43	20	32	28	35	32	26	45	21	46	43	37	52	43	22	39	20	21	36	35
ENSG00000240983	15950	429	447	360	400	288	176	288	439	238	269	486	439	313	396	338	190	385	446	304	374	203	357	671	476	452	244	598
ENSG00000202390	4500	121	73	94	157	160	83	117	108	71	77	68	108	116	83	103	87	164	64	70	128	144	183	135	65	134	142	109
ENSG00000221469	21600	219	394	307	368	288	391	294	298	530	217	333	325	370	476	411	336	355	202	455	448	438	784	558	384	382	616	680
ENSG00000110723	84600	812	884	1234	1314	1835	956	1019	1192	1786	1320	1425	1000	1296	1273	1458	1560	1355	747	953	1453	1438	1421	1242	1781	1679	1361	1330
ENSG00000203834	3200	79	93	105	47	77	82	65	76	95	119	39	141	64	77	59	95	108	62	88	72	110	38	69	53	83	68	70
ENSG00000163607	59600	788	712	905	2415	1183	1491	2154	6007	4640	3533	6003	3083	2063	2580	2096	8017	13032	9190	15987	451	702	528	263	36193	37170	30795	26626
ENSG00000165933	0	3	4	0	4	6	3	2	5	4	2	2	4	4	3	1	1	0	4	5	9	4	3	7	0	4	5	3
ENSG00000149261	312000	9166	8182	4648	17574	14572	9999	11913	69885	57485	35864	28230	32159	27094	24125	17165	87309	97608	62242	155813	2707	2371	3433	2593	214096	187489	219801	183725
ENSG00000168222	156400	2338	2298	2438	1597	2806	2333	2864	4650	1657	2043	2381	1895	4026	1891	2661	2425	2602	1835	2689	3036	2965	2587	5798	1907	2283	3439	4197
ENSG00000186989	13300	263	222	252	248	160	163	295	105	186	104	146	231	289	147	139	227	150	238	194	173	97	128	135	167	221	209	82
ENSG00000170213	7300	48	69	140	106	92	122	60	89	118	143	105	85	73	59	128	108	50	108	33	99	104	41	115	62	76	84	63
ENSG00000111546	8900	269	228	191	216	140	122	199	155	150	225	71	204	247	138	193	224	203	248	301	141	123	242	124	138	274	234	100
ENSG00000228121	18950	435	388	718	475	977	1120	934	2117	3564	3316	5335	1213	970	1218	1869	5684	5878	6285	9231	173	307	388	283	16445	13479	24001	26499
ENSG00000132338	6350	133	72	170	189	144	110	107	198	124	103	110	107	159	95	145	160	134	136	114	162	134	114	102	122	138	141	119
ENSG00000198414	2800	18	21	40	49	57	33	53	60	37	42	51	13	48	61	32	40	64	43	20	23	29	45	31	21	73	28	22
ENSG00000173843	12450	244	242	349	424	284	254	221	301	166	189	336	210	218	138	119	343	430	351	344	286	323	146	351	104	110	229	224
ENSG00000234505	35700	2559	1344	2168	1931	1481	1000	2035	1071	1565	1480	1533	1641	1166	2308	1728	1566	1126	2012	2208	1779	1493	1664	1834	1688	1760	1476	1306
ENSG00000162584	0	1	4	3	3	2	4	3	3	1	1	0	4	2	1	2	2	4	7	7	6	1	1	8	8	0	3	4
ENSG00000218431	2400	87	148	97	167	151	267	326	1309	515	729	885	298	382	357	265	1091	2244	1954	2011	67	46	86	34	2516	3273	2785	1273
ENSG00000222088	2550	19	19	39	25	36	32	22	49	35	32	27	30	18	35	19	25	22	23	13	20	18	60	17	40	35	31	42
ENSG00000201181	850	15	25	10	11	13	11	7	13	12	21	15	12	10	8	9	27	25	20	20	28	18	13	14	11	14	10	16
ENSG00000204962	5150	193	160	93	107	147	129	155	133	126	95	108	187	101	113	153	212	64	62	182	140	184	126	215	146	173	165	158
ENSG00000152274	100	0	0	2	0	2	2	0	0	3	4	3	0	0	2	1	0	4	1	0	3	2	2	0	2	3	1	2
ENSG00000202811	2400	63	79	90	97	57	99	102	33	78	115	72	85	93	74	91	47	54	67	58	60	31	108	45	59	69	74	80
ENSG00000157804	45350	1577	221	1023	978	933	447	822	826	916	693	764	517	472	812	962	682	1036	725	528	709	1716	852	713	857	814	1003	705
ENSG00000213008	43250	835	830	737	300	1024	762	819	1024	761	603	556	840	793	1178	742	761	995	917	789	788	891	556	1179	827	827	1112	830
ENSG00000110141	28850	451	481	620	485	616	519	402	468	783	548	487	256	568	484	345	502	628	672	1071	666	711	702	700	594	581	830	332
ENSG00000124243	25050	399	495	735	908	1053	1525	1167	3384	3259	5483	2928	1814	2298	1682	3058	4786	7453	10696	8820	220	393	195	174	15184	21793	20711	9856
ENSG00000171149	52750	277	779	247	570	1009	797	365	677	639	683	631	742	831	524	941	442	719	687	324	427	576	786	938	775	507	1023	587
ENSG00000107632	5750	202	276	143	244	151	210	99	240	155	223	206	183	236	156	212	211	190	159	166	215	122	89	238	148	149	252	192
ENSG00000234235	21900	207	446	477	338	270	325	400	312	435	448	313	289	298	382	426	436	385	373	407	457	443	478	585	394	381	370	410
ENSG00000100127	30650	306	941	429	903	761	707	572	515	899	674	330	811	700	826	656	896	510	318	833	637	775	798	942	1145	844	936	402
ENSG00000183594	171650	2710	2811	2066	4142	3031	2335	4634	3139	2805	1210	3334	3751	3681	2376	2258	4344	2514	3256	3658	2321	4543	2841	1098	2408	1979	2569	1678
ENSG00000186072	69650	993	910	992	660	1185	1299	672	495	678	1050	1538	1346	1468	705	2295	679	958	925	1313	1132	1146	1021	1308	704	1347	1201	1021
ENSG00000244795	65150	1260	912	1090	1606	848	1205	839	831	645	727	1646	1166	897	816	1223	928	1013	574	752	1527	935	647	435	476	1432	1311	1303
ENSG00000243967	450	5	13	11	14	8	6	5	4	7	13	5	3	2	11	9	5	3	6	15	4	12	13	8	10	5	5	7
ENSG00000145807	14900	223	524	212	310	367	251	279	181	400	190	274	262	201	159	198	425	285	200	158	263	200	383	243	134	274	281	402
ENSG00000181714	5800	157	198	231	237	253	203	329	263	66	100	323	143	127	173	247	121	164	166	240	312	239	271	280	127	168	341	129
ENSG00000177531	2150	85	53	64	51	62	51	49	66	41	82	48	59	50	46	27	61	16	29	32	78	76	95	33	86	48	21	52
ENSG00000174089	850	22	10	25	37	20	28	10	29	27	25	22	15	36	32	16	22	27	17	28	14	18	22	19	16	23	17	24
ENSG00000157486	32000	481	416	723	989	404	460	907	828	531	243	990	373	1024	440	597	374	619	818	446	580	450	337	409	465	296	493	403
ENSG00000129900	5350	207	134	99	169	302	182	179	216	230	408	184	188	143	233	115	240	240	181	157	181	259	144	229	216	212	365	96
ENSG00000238402	5250	61	113	96	51	131	91	37	49	84	129	85	103	91	51	62	70	69	82	106	94	81	81	93	77	55	62	79
ENSG00000189722	900	15	12	19	17	8	20	6	7	21	30	17	23	21	20	21	25	11	21	11	30	13	19	7	22	11	23	28
ENSG00000220761	1600	35	73	28	20	23	34	29	31	39	49	32	31	27	63	44	27	33	53	41	29	34	41	31	24	53	18	23
ENSG00000214849	2800	49	46	61	96	69	67	46	83	30	74	65	38	34	30	85	59	40	51	86	60	40	47	33	40	53	24	43
ENSG00000149551	25600	190	412	189	127	334	343	394	243	178	486	217	261	309	316	420	371	179	203	208	283	406	192	267	412	143	323	367
ENSG00000156327	183950	3873	3704	2517	2099	5217	4176	3044	5094	3234	3249	3685	4252	4504	3816	3537	3603	4825	3479	4419	4810	3305	2461	3476	2495	3226	2781	3720
ENSG00000159386	8400	209	277	220	268	224	240	176	174	163	150	203	278	288	329	172	93	341	131	108	97	128	239	283	228	182	277	225
ENSG00000136332	200	3	3	1	4	5	4	0	2	3	3	3	2	2	7	5	2	4	2	2	1	3	3	3	2	1	4	2
ENSG00000126589	13200	240	357	560	291	309	265	307	503	219	316	310	556	195	223	407	394	273	424	368	293	385	427	287	283	232	263	210
ENSG00000115531	15700	272	239	445	440	396	152	501	349	355	426	347	157	283	556	396	426	339	237	261	305	490	394	366	284	259	572	453
ENSG00000176086	1150	14	19	8	14	29	12	9	12	11	7	21	15	23	18	14	14	18	22	22	15	28	19	3	16	11	30	25
ENSG00000222487	450	5	9	8	7	7	8	10	5	12	6	15	21	6	5	6	8	14	16	7	17	10	9	12	9	7	6	5
ENSG00000151024	5550	98	118	97	80	270	87	218	143	116	113	117	60	103	203	153	238	151	99	121	232	184	144	94	259	101	181	83
ENSG00000126998	30900	417	457	649	526	633	658	757	836	694	392	386	281	778	823	381	474	676	716	661	715	477	695	527	1082	638	785	436
ENSG00000166276	11200	259	306	163	307	199	248	217	321	301	184	267	372	258	336	56	260	224	292	197	364	329	380	474	293	110	510	590
ENSG00000169354	168550	2971	3336	2833	1800	1732	2463	2305	3832	2321	1425	2700	4633	2819	3965	2540	1869	2688	3645	3078	2099	2812	1989	2628	3383	1946	2472	2910
ENSG00000168169	3650	113	89	91	100	94	110	111	102	79	72	92	98	107	64	77	101	92	104	159	124	43	155	107	151	91	48	105
ENSG00000113386	4000	94	85	161	107	93	101	197	104	103	177	92	202	133	62	114	168	133	84	156	152	170	116	109	205	136	145	130
ENSG00000245349	2700	40	29	40	87	129	99	66	411	211	387	199	144	142	90	75	819	466	423	730	37	13	16	27	992	1308	899	1379
ENSG00000194656	71600	3402	2273	2175	3804	4396	3458	2307	13234	13167	10822	10120	9841	7259	7229	5636	34132	36079	34340	26833	1067	721	1207	1277	64823	36081	78436	74976
ENSG00000166412	4500	179	388	168	98	119	137	226	193	147	92	133	209	217	148	146	158	187	172	160	166	57	105	193	330	155	209	233
ENSG00000161864	11250	473	689	490	214	396	429	291	257	663	237	456	394	164	240	355	334	412	429	343	371	371	490	356	337	252	370	389
ENSG00000239269	50	1	0	0	1	1	0	0	1	0	2	1	2	0	0	1	1	2	1	1	0	1	2	2	1	1	3	2
ENSG00000149264	100	4	5	4	14	8	12	9	48	39	69	60	25	27	21	25	124	95	119	164	4	6	5	6	133	127	204	295
ENSG00000120989	20800	228	219	292	182	256	318	159	169	417	231	146	235	161	313	209	243	347	228	274	326	142	410	325	260	191	357	364
ENSG00000125296	13200	533	210	390	416	446	552	600	464	459	561	197	256	314	692	259	473	484	380	329	349	334	200	360	494	552	472	425
ENSG00000156340	3700	36	26	47	80	42	44	72	55	65	42	60	56	44	45	43	48	38	37	42	61	60	72	24	40	46	35	39
ENSG00000238230	3050	75	57	68	112	70	77	75	88	90	47	65	47	32	56	78	52	74	37	44	66	49	56	60	116	84	45	55
ENSG00000121650	27850	574	595	536	674	519	495	728	664	508	433	979	283	702	579	375	744	304	356	501	503	536	565	460	369	374	716	331
ENSG00000191713	1100	17	26	9	26	16	25	19	22	10	15	12	23	33	44	17	19	39	32	10	32	7	14	39	20	42	21	16
ENSG00000210338	2950	117	94	154	150	196	158	132	110	85	168	186	197	81	119	137	83	124	106	76	99	102	84	132	241	108	89	126
ENSG00000167155	700	11	15	13	19	30	5	14	40	10	16	11	17	33	19	15	28	20	16	20	14	17	14	19	14	12	24	16
ENSG00000148437	1600	26	36	73	37	34	50	40	28	21	47	28	49	32	61	36	40	38	30	63	34	27	35	34	26	31	31	33
ENSG00000235853	37650	541	723	453	506	896	282	558	347	882	746	652	731	627	442	346	684	889	563	688	1296	778	842	399	300	379	512	743
ENSG00000243990	300	3	0	1	4	4	8	1	5	2	6	1	5	3	3	4	2	4	3	3	1	3	3	4	1	1	4	2
ENSG00000139057	1800	25	34	24	13	19	31	31	6	22	30	28	40	21	25	24	21	49	30	16	27	19	27	33	35	44	12	22
ENSG00000133884	0	1	1	2	2	1	2	0	3	1	1	1	1	0	0	0	2	0	1	0	0	0	0	5	0	3	0	2
ENSG00000184498	9950	282	196	242	189	192	288	207	262	211	270	195	467	200	134	184	222	220	133	382	201	223	304	325	137	276	224	206
ENSG00000124621	6900	151	128	216	94	161	265	134	186	216	131	185	119	174	222	197	192	132	164	253	117	122	115	217	116	263	122	161
ENSG00000224798	1234050	48271	55890	29767	49843	48686	41007	27812	42792	37358	81614	37947	24824	32804	28788	38863	57099	36902	23893	21976	47445	38987	50367	27713	38902	77641	41641	21487
ENSG00000146247	1450	47	49	47	48	50	44	62	85	78	60	40	45	64	38	79	50	31	58	55	62	40	68	84	46	50	20	35
ENSG00000209645	7100	225	136	101	158	158	237	137	143	194	154	261	168	163	152	287	200	210	252	307	159	170	147	275	164	144	157	183
ENSG00000239843	42300	1327	1172	993	1080	643	1162	1169	757	1305	1696	889	578	666	1876	637	787	1194	1021	957	1128	593	1492	753	777	963	1232	1361
ENSG00000167479	21750	575	491	385	369	320	303	425	359	411	584	546	539	177	713	414	577	484	528	483	542	647	587	264	237	189	551	555
ENSG00000210833	2550	83	36	58	71	53	78	35	65	51	52	57	88	49	70	60	54	72	50	134	113	61	84	59	48	69	68	71
ENSG00000120436	36450	1583	1729	1131	1684	1275	851	982	834	1134	1396	1879	1477	854	1024	1625	1411	1374	1378	500	2321	1116	1461	1967	871	1621	1651	880
ENSG00000135712	50	1	0	1	1	1	1	2	1	2	1	1	1	0	0	0	0	1	1	1	0	1	3	2	1	2	3	2
ENSG00000185446	9000	270	399	319	273	373	245	264	414	253	483	500	247	229	231	308	362	459	142	269	289	396	199	388	491	417	238	336
ENSG00000132121	2500	26	39	33	27	21	26	28	35	24	29	31	26	36	21	50	16	44	41	27	32	37	28	17	23	25	16	45
ENSG00000191554	1100	16	49	23	25	23	12	32	19	22	16	22	35	39	42	20	40	30	12	22	9	18	39	22	19	12	12	20
ENSG00000150977	500	28	13	16	15	25	16	10	15	26	18	14	18	12	11	7	14	18	16	24	16	8	17	7	17	6	6	41
ENSG00000129070	7850	264	285	119	305	244	309	243	220	296	313	166	93	255	178	213	257	271	88	241	342	161	258	281	198	256	158	318
ENSG00000120847	600	17	12	29	22	10	13	9	21	29	10	5	22	22	22	20	17	24	10	21	11	7	14	31	9	29	16	7
ENSG00000203300	5000	122	215	247	146	82	189	152	116	168	180	263	153	122	114	247	138	136	150	122	164	261	187	199	191	116	88	174
ENSG00000199051	460750	11594	3497	5011	16770	14739	13416	8975	27909	77863	86283	30989	28027	16542	32334	20046	111103	118720	90879	130992	3122	6207	2849	2761	215797	271076	145631	247940
ENSG00000144013	1650	37	34	41	26	23	35	26	53	32	34	30	35	32	22	42	8	26	29	19	17	32	27	42	44	20	24	26
ENSG00000225011	6450	93	99	111	213	130	117	100	106	132	159	187	277	174	85	217	116	189	86	81	179	109	86	94	56	157	88	147
ENSG00000213376	3900	40	28	42	40	33	38	35	29	29	31	34	50	29	21	41	34	40	32	41	31	34	22	23	61	24	27	28
ENSG00000236902	750	5	3	22	6	16	8	7	6	8	13	8	3	2	7	5	11	16	10	12	12	14	6	6	4	8	6	2
ENSG00000182186	20100	221	426	333	193	405	226	307	286	485	731	438	533	390	450	474	156	245	482	483	529	343	270	449	284	547	414	416
ENSG00000197358	58750	1703	2114	814	686	1470	1085	1433	2014	989	615	782	732	2077	1334	1132	1546	959	1174	2001	1669	1022	1310	1151	946	829	1584	1365
ENSG00000207287	1900	34	53	26	20	23	41	31	45	27	41	37	38	36	21	33	26	22	26	17	33	34	27	25	37	49	43	29
ENSG00000123309	4550	47	211	62	112	212	108	172	83	65	130	119	137	122	165	123	157	59	144	171	184	101	90	132	138	110	175	204
ENSG00000100296	8400	108	59	81	85	43	41	91	70	99	81	92	24	76	122	115	153	108	67	137	62	88	106	93	75	60	55	89
ENSG00000201978	1150	26	26	23	16	29	19	24	37	30	28	38	18	30	17	40	16	25	28	24	21	22	25	25	28	29	35	26
ENSG00000203227	51200	438	737	544	380	780	399	644	865	713	719	674	448	388	357	424	493	739	708	507	427	824	452	507	693	882	414	257
ENSG00000123616	50	3	2	1	5	1	1	1	0	0	2	1	3	1	0	1	0	1	4	0	2	0	2	2	0	1	3	1
ENSG00000110871	116200	2660	2724	3447	2777	3206	1646	1843	2339	1806	2290	1953	2166	1995	2663	1905	1804	2135	2659	1768	1665	1717	1321	1859	1855	1875	3203	1935
ENSG00000178320	2550	24	38	69	27	19	38	64	36	56	25	16	32	32	38	42	40	38	20	29	34	43	51	41	28	30	29	59
ENSG00000231287	175100	4589	5028	4944	4993	3570	4640	4231	3101	2962	3881	4518	1966	2441	2283	6177	3056	4543	3082	3782	3531	2704	3821	4841	3414	3601	2921	2597
ENSG00000247777	12150	336	261	397	180	343	314	156	283	225	315	226	413	269	277	270	411	177	202	204	283	297	335	412	222	223	310	528
ENSG00000121362	3000	103	86	84	111	133	75	90	62	89	73	193	40	119	103	138	75	122	124	78	129	95	130	94	75	84	90	88
ENSG00000176783	250	5	8	2	2	6	7	4	1	5	5	3	7	4	6	4	2	1	3	2	3	5	5	5	4	5	2	3
ENSG00000149914	1200	13	15	11	47	39	39	27	132	154	144	96	65	72	92	45	158	207	108	247	6	4	5	9	373	651	404	286
ENSG00000248802	58550	1237	577	946	1310	1619	819	1162	5104	5687	5195	9486	3224	2959	4796	2819	14713	15702	19302	12637	466	464	239	421	18341	27933	23159	21946
ENSG00000139931	1150	25	19	19	33	7	29	26	36	34	13	25	15	10	49	15	32	26	13	29	33	22	31	20	32	25	12	38
ENSG00000195074	19600	697	1007	425	594	933	390	531	881	506	416	712	395	609	936	576	850	770	346	914	619	816	631	340	597	551	314	367
ENSG00000210732	250	4	4	11	6	11	8	4	4	7	9	4	7	9	2	2	14	4	8	11	6	8	10	9	11	10	3	9
ENSG00000179927	43200	946	420	655	994	515	633	1026	872	876	933	1278	1280	2041	310	815	949	847	492	642	1286	1059	1031	394	1006	872	749	510
ENSG00000154031	8050	88	106	154	86	63	102	150	188	67	106	99	54	113	90	144	145	116	122	92	73	72	81	86	60	67	72	129
ENSG00000227364	7350	268	104	166	97	194	310	174	307	200	234	481	317	417	169	283	235	219	149	238	133	264	454	347	288	232	185	251
ENSG00000240588	950	11	15	8	18	7	27	27	24	22	9	12	19	32	23	22	24	10	21	12	9	9	10	24	35	8	24	19
ENSG00000164422	2550	42	74	72	45	33	54	34	44	54	17	47	39	28	29	22	72	46	42	65	46	29	62	55	25	32	31	28
ENSG00000172108	10850	234	199	435	185	196	395	318	383	138	205	292	283	286	107	268	335	379	202	436	290	200	297	78	278	402	360	254
ENSG00000223551	8500	133	196	156	112	141	141	113	120	234	84	85	108	122	147	126	150	151	98	208	139	177	180	65	129	145	261	190
ENSG00000233411	400	20	7	15	18	18	14	16	9	15	15	11	14	8	21	16	18	23	6	15	21	11	9	8	25	2	14	19
ENSG00000106974	5100	100	147	123	222	164	187	218	163	258	119	166	127	103	195	189	177	134	113	86	84	133	95	192	141	137	226	197
ENSG00000192222	350	3	22	16	30	36	24	10	80	88	47	92	33	34	28	55	212	136	179	171	7	2	3	4	537	591	420	346
ENSG00000233665	337100	6633	3738	10628	2134	6667	6736	4425	8298	8778	5099	5850	6622	4204	7041	8544	8771	4623	8909	5758	10817	7889	4291	12289	5139	5365	8548	5290
ENSG00000120638	20600	191	181	328	301	315	214	242	365	398	230	281	234	450	373	312	351	362	345	447	386	329	390	158	358	542	437	228
ENSG00000136376	1350	14	47	43	48	30	35	12	27	78	51	82	21	33	29	38	20	31	23	30	11	32	75	39	26	37	24	76
ENSG00000202368	3400	65	27	40	41	59	50	34	44	78	57	75	76	54	42	81	88	39	43	74	70	27	34	50	50	29	41	60
ENSG00000128647	550	13	11	3	11	15	5	14	22	13	17	20	8	18	15	22	11	15	12	9	7	6	14	3	8	19	5	7
ENSG00000249379	5800	113	85	85	126	172	52	90	107	113	161	34	118	121	82	46	150	201	176	147	65	117	107	170	75	122	62	120
ENSG00000225105	0	2	1	1	2	1	0	1	1	1	2	2	0	1	0	2	0	0	1	1	2	0	2	1	0	2	1	2
ENSG00000217609	11000	165	211	210	417	402	432	167	734	1514	1820	1726	612	908	1259	983	2825	2544	3588	1825	90	71	75	136	5211	6237	7345	3281
ENSG00000104168	164500	3591	3839	2436	3374	4613	3523	5523	1679	3124	1780	2809	2917	3909	2251	3775	2229	3630	2437	1862	2045	4741	2970	2468	3497	3983	1873	4917
ENSG00000221229	0	2	2	4	1	2	0	1	1	3	1	2	0	0	0	3	1	1	1	1	0	1	1	0	3	2	3	0
ENSG00000218488	9650	121	84	99	76	192	134	84	142	291	170	85	107	107	102	73	138	240	104	195	148	56	92	182	26	164	161	220
ENSG00000217071	1900	35	32	55	31	14	44	18	44	34	29	25	39	31	35	25	42	34	22	32	12	16	55	32	51	44	22	31
ENSG00000200165	2450	70	46	55	90	44	74	68	83	44	48	24	49	66	44	95	66	76	71	79	109	108	43	92	148	78	68	78
ENSG00000161628	700	16	9	12	11	9	20	10	8	11	11	10	7	9	6	12	4	4	11	5	13	5	11	6	3	18	10	20
ENSG00000210395	56100	606	748	885	538	2000	495	583	464	1474	762	548	1255	549	666	534	452	420	1208	687	558	379	447	579	502	402	1075	592
ENSG00000160829	200	7	6	5	10	4	4	15	12	6	4	9	2	12	3	7	5	8	6	1	9	5	12	3	9	12	9	7
ENSG00000175380	27000	737	545	1207	609	623	460	551	932	766	569	1028	459	879	952	703	473	714	344	533	548	672	547	566	844	700	281	598
ENSG00000163305	44750	918	569	711	1008	565	903	1168	684	1252	392	1002	729	889	515	1117	771	803	1208	945	705	551	1025	348	357	843	1336	1227
ENSG00000152468	8300	117	110	223	106	180	155	201	123	133	139	183	176	78	132	121	106	130	122	148	143	136	158	152	193	109	135	201
ENSG00000241047	11850	342	337	369	404	449	584	348	342	362	314	318	486	250	502	282	267	326	350	374	460	154	297	298	300	231	296	329
ENSG00000202152	350	6	6	3	10	8	4	21	24	27	30	34	13	9	28	19	62	94	108	47	1	1	1	2	234	115	99	78
ENSG00000165538	1400	33	21	31	28	53	25	34	34	33	27	26	11	29	40	44	33	22	17	24	27	39	29	35	18	44	28	21
ENSG00000195648	50	3	0	1	2	0	1	1	0	1	2	0	0	0	1	2	0	2	2	0	2	1	0	2	0	1	0	1
ENSG00000131374	21300	413	389	316	398	215	385	622	429	472	125	442	425	386	368	417	171	294	412	357	214	292	469	316	493	581	464	354
ENSG00000126841	66500	1900	3158	1159	3436	4923	5121	2303	18793	15672	24878	27012	8767	7296	4691	6866	31012	32216	28920	32261	1025	1465	1066	1169	74663	54477	59494	57730
ENSG00000223584	300	9	14	6	21	36	20	30	94	88	81	70	38	67	41	31	86	209	235	103	2	4	7	11	449	312	223	173
ENSG00000188349	9600	244	186	116	175	123	296	79	237	179	128	168	114	201	150	105	96	135	95	150	167	96	112	104	168	124	88	113
ENSG00000136949	2450	86	75	67	76	71	80	58	100	70	55	88	72	56	76	72	48	85	114	103	65	46	59	70	81	23	29	56
ENSG00000218082	100	4	7	0	8	1	4	1	2	3	0	1	2	5	2	2	4	1	4	3	3	1	2	1	0	2	4	5
ENSG00000123843	2700	28	93	38	30	40	40	36	38	57	27	45	44	57	33	41	38	54	88	46	53	67	44	44	32	39	51	35
ENSG00000172430	9250	180	416	344	601	395	440	587	1537	2667	2952	952	1029	987	1215	1086	5844	3693	4029	3652	74	71	107	156	6874	9895	7322	5464
ENSG00000220400	46700	1551	662	1583	771	1023	649	725	1117	863	1419	692	553	1030	785	839	737	640	811	785	719	1216	601	726	954	422	1395	670
ENSG00000123271	11850	164	178	303	308	278	300	325	1280	1557	1458	1245	1000	920	651	609	3308	2261	1921	3516	111	50	102	159	6794	12253	7544	7132
ENSG00000218331	16050	338	649	345	362	473	263	149	335	409	589	425	435	313	478	275	488	250	484	266	567	406	504	494	223	401	258	461
ENSG00000209023	865000	11269	13033	6424	27036	8410	21646	27662	102350	88975	128981	98864	74553	37816	26727	41090	131785	173797	143534	248201	4509	2592	4282	5930	292627	322489	290776	413784
ENSG00000241135	73600	1854	876	467	759	1227	970	935	956	553	511	1593	1284	1079	836	1058	564	1189	613	1193	1657	613	1042	1581	1720	1279	944	749
ENSG00000153750	1500	29	32	27	27	23	22	39	35	20	28	18	33	23	20	26	27	20	18	42	30	27	21	33	18	19	26	31
ENSG00000248457	36100	622	735	565	1439	1750	1357	1164	7647	5327	9079	4916	2912	1919	3063	3258	9626	19993	17089	14396	254	508	295	421	17028	21281	23918	18888
ENSG00000101201	376450	2882	8565	8771	16385	10936	11416	16247	106711	83443	42770	34160	23881	25998	31399	33087	72527	121834	67279	85137	3972	4203	3321	4341	256418	123107	230802	146541
ENSG00000112083	2492500	37456	36321	37501	32258	27770	21815	55314	27964	59769	38771	28952	31708	29939	53708	29498	21323	49832	31802	28290	27631	32965	36623	29186	36292	18853	19809	28443
ENSG00000240838	26200	609	705	475	213	432	733	834	251	355	902	916	535	490	521	372	462	761	368	561	915	590	421	549	636	467	641	690
ENSG00000214852	108100	818	1177	990	966	525	1250	1150	1733	1602	3012	2382	1433	819	1100	2120	1709	1495	1378	1304	1228	2116	1392	1304	1516	1278	1438	2451
ENSG00000100737	45900	996	501	501	438	491	754	1120	352	633	457	589	743	1013	989	991	732	828	823	404	646	405	830	329	820	1121	341	554
ENSG00000243644	489500	6422	11322	8848	9445	8082	8642	6898	11625	12978	10614	7650	8924	8543	4749	10141	8345	6848	10020	9179	10771	4048	5267	7048	4966	14178	5537	10038
ENSG00000124481	56350	1276	1321	1219	4531	4014	3187	4966	14035	14491	16407	23058	10346	7413	8982	7036	23795	65033	36690	26794	774	1181	1173	1392	72476	59875	85572	67478
ENSG00000233413	44550	1676	1363	1182	1189	1195	757	752	1853	1746	746	1587	1268	2299	904	1241	861	1542	1496	1077	1042	1285	1628	1633	894	1025	1560	1482
ENSG00000111979	1250	20	30	18	25	20	29	33	19	14	25	33	26	12	7	19	16	16	27	34	22	25	27	24	28	19	30	13
ENSG00000145131	8900	148	136	140	184	379	369	276	1008	1292	2003	1208	418	613	656	496	1342	2641	1545	2685	90	108	60	63	8173	3964	3481	6458
ENSG00000208699	650	6	19	16	20	16	36	22	101	149	127	105	48	27	38	28	175	256	247	183	8	5	4	6	420	320	449	271
ENSG00000240525	1550	19	27	12	24	12	12	21	23	17	27	15	35	25	32	12	18	24	18	18	16	18	19	9	22	57	14	20
ENSG00000246910	14700	376	346	356	160	235	109	243	385	226	114	382	216	198	290	288	193	213	134	328	379	173	279	372	354	276	336	335
ENSG00000216054	165400	3140	1940	1984	3561	6678	4284	6650	16300	19094	10882	24606	9088	6439	9270	8812	41549	37656	34212	40025	1010	2017	903	1181	136881	126510	65959	52746
ENSG00000158358	42450	1531	1071	1981	1242	1519	1670	1629	1314	1580	905	1247	1215	1331	968	1110	1849	1194	1525	1074	831	579	1262	896	1140	1038	716	643
ENSG00000123155	15000	196	254	224	385	431	353	538	292	236	359	511	364	611	108	429	587	472	675	296	303	625	295	311	314	325	281	616
ENSG00000135178	296150	10526	8616	11071	12982	12654	10433	16633	4912	10121	17577	9451	15945	8124	19689	9668	13857	15338	13072	15955	19120	6898	6663	14438	11257	7540	18107	11907
ENSG00000201727	800	13	10	8	17	14	17	15	8	8	13	10	23	14	8	9	11	12	7	16	14	13	12	6	19	11	21	19
ENSG00000219405	8000	178	144	187	79	143	165	106	118	245	51	131	102	155	158	134	125	105	124	121	112	142	90	81	263	194	116	77
ENSG00000140784	161450	1906	2157	3060	4369	2703	4922	2725	1944	2317	3597	1678	1211	2967	3292	2317	2513	3666	3628	2196	4322	1528	4828	2841	2636	2314	1957	2007
ENSG00000155247	12200	251	264	132	305	382	395	277	299	157	383	369	211	274	264	332	167	109	476	424	380	458	394	322	338	305	310	378
ENSG00000182826	13850	138	243	113	207	213	357	352	299	103	210	419	145	233	256	156	340	228	143	199	177	317	258	322	152	197	238	155
ENSG00000125840	67200	1033	2155	899	362	978	773	725	1199	955	1545	693	721	780	770	985	945	407	637	1014	685	738	892	1474	1405	758	1124	1018
ENSG00000183039	5900	111	54	88	111	156	159	171	737	549	669	605	535	283	299	300	811	814	1159	985	24	23	33	26	2405	3767	1344	2600
ENSG00000178642	4200	72	86	58	117	97	106	82	1115	295	600	676	280	89	380	250	740	1024	1104	1393	37	31	53	45	2075	2344	2269	2259
ENSG00000231264	4100	78	113	67	59	117	52	95	48	36	90	58	43	82	96	49	33	59	60	63	95	106	69	75	66	49	98	74
ENSG00000197662	311650	4750	7256	6062	3102	7036	6248	5324	7994	2539	5421	6247	4792	9382	8042	9737	4130	5837	5214	6543	5467	8334	10199	4779	6745	7162	5971	8146
ENSG00000215565	700	7	7	14	11	15	10	14	12	5	22	7	11	12	12	9	7	13	16	21	9	13	10	11	6	10	18	8
ENSG00000241004	1850	46	60	45	97	50	25	43	20	38	39	36	48	50	44	68	49	32	44	50	60	28	53	63	40	29	26	23
ENSG00000165882	845750	17378	14879	10154	12653	14106	14167	20245	11779	15030	10015	12034	12970	12514	12618	7958	12748	16366	18985	15382	13510	19084	13717	7957	27479	13201	9227	20498
ENSG00000221243	18700	426	546	274	259	451	143	498	318	343	341	276	159	233	377	212	479	297	313	235	211	384	351	252	328	492	248	618
ENSG00000190930	5100	26	126	86	96	45	135	55	80	85	69	85	67	76	161	91	67	109	74	123	75	97	54	61	81	108	101	53
ENSG00000161669	50	6	5	9	1	3	5	5	0	3	5	4	4	3	5	4	4	2	4	6	4	1	4	4	3	5	4	3
ENSG00000230403	7300	214	262	117	182	176	271	268	142	173	264	105	285	149	173	170	171	446	160	176	244	158	286	214	188	248	123	267
ENSG00000150624	5050	280	241	149	174	145	103	75	177	173	138	92	56	137	107	116	144	138	112	121	100	153	158	208	159	111	76	82
ENSG00000199606	38850	846	853	1588	986	1008	1001	1109	1069	625	1576	725	966	852	1162	921	947	897	1384	847	1049	1578	885	1306	771	927	550	1148
ENSG00000159699	800	24	22	42	19	30	32	34	32	16	14	30	28	16	32	27	13	46	46	22	37	21	18	21	13	23	28	16
ENSG00000108298	4750	84	62	51	165	63	93	216	683	642	667	546	259	195	295	349	1677	780	764	1149	30	34	42	39	2800	3464	2086	1850
ENSG00000242250	33150	761	545	665	894	684	446	1034	962	700	717	786	859	682	1048	677	610	355	1143	855	1020	713	573	1470	401	789	525	481
ENSG00000181917	1300	26	28	16	16	17	24	21	12	18	11	13	11	35	14	22	30	21	16	8	27	34	15	27	15	10	17	16
ENSG00000195967	81350	4645	2787	2435	2026	1380	6144	4858	6466	4212	3251	3718	4013	1217	3380	4616	5107	3375	3144	2307	3971	2309	3902	5088	3115	2526	4684	2267
ENSG00000123243	7100	82	72	135	50	76	171	71	124	78	59	80	150	59	81	96	83	138	131	104	119	105	114	139	78	105	133	145
ENSG00000227442	15650	691	657	727	826	1412	2060	1229	6572	8997	4927	8697	2937	3333	4146	2118	11659	14987	15913	8797	222	251	301	332	17213	22341	21190	44009
ENSG00000144656	1700	47	43	51	63	40	43	43	46	26	32	58	30	44	24	86	89	79	109	51	37	49	58	67	35	33	37	33
ENSG00000173262	171300	6423	6573	2387	4292	5120	4590	7122	3845	2812	7109	3965	6519	4613	2529	2627	3157	6933	4769	5296	5147	6294	3651	6847	5863	3990	5573	5690
ENSG00000107236	1800	34	25	72	61	51	33	52	48	34	40	61	93	29	23	35	44	22	43	36	27	85	55	67	64	60	42	32
ENSG00000162812	106850	1187	1459	911	1360	2696	1844	1297	1230	1520	2155	2319	2016	860	2312	3248	1179	3522	2310	1608	2330	2311	1908	1417	2174	2483	2306	2540
ENSG00000231172	2550	30	49	56	46	51	60	67	36	60	43	42	32	62	47	39	58	29	56	58	20	80	48	49	59	97	63	46
ENSG00000133979	14050	380	631	239	418	286	407	113	324	292	371	227	296	206	400	577	213	326	308	614	354	369	338	236	506	210	312	369
ENSG00000160995	4100	53	50	51	118	100	150	38	345	297	487	337	181	337	369	132	960	705	386	1121	17	23	36	24	1128	1152	1554	1237
ENSG00000177151	37200	753	741	389	452	641	702	743	503	273	1028	644	395	628	878	651	560	783	428	617	319	1176	247	699	949	795	497	355
ENSG00000225101	254750	3189	4757	2938	4890	5254	2990	4351	1739	4438	4733	3571	4153	4061	3255	3432	2587	3476	3528	2204	3857	5553	2597	2987	3140	3898	3842	3852
ENSG00000194303	1950	52	44	51	60	75	77	28	67	33	68	56	41	33	48	38	32	45	39	48	71	47	36	35	66	30	34	66
ENSG00000219446	213050	6841	5751	9498	5219	8536	11392	8809	5359	5658	5419	4334	4619	5674	4512	6677	8747	5892	4307	5220	7397	5487	6507	5207	8431	4902	8990	5102
ENSG00000103183	9300	228	213	188	274	245	162	188	206	158	146	155	240	176	160	115	300	275	156	159	74	206	243	71	159	172	243	81
ENSG00000206077	1750	30	41	49	26	52	18	34	53	58	40	19	23	61	42	25	53	32	44	32	21	31	21	27	56	20	24	31
ENSG00000193217	12600	206	242	400	439	274	283	296	410	260	224	472	231	192	313	260	151	249	262	544	215	184	255	454	200	258	169	439
ENSG00000146820	3600	69	37	96	80	58	50	35	67	82	63	66	58	97	80	66	56	104	35	49	62	39	64	35	92	43	58	105
ENSG00000151985	8500	306	291	217	264	376	212	303	335	177	288	194	199	224	227	218	296	231	133	289	326	254	322	180	212	303	237	331
ENSG00000179373	2650	62	42	71	43	78	40	63	64	32	102	86	64	51	49	41	58	78	72	26	78	31	38	59	105	40	43	65
ENSG00000132503	150	10	6	6	7	6	13	6	3	7	0	2	1	5	8	13	12	9	10	2	7	7	7	1	3	6	10	5
ENSG00000159048	110200	1821	2199	2039	1044	1995	2029	2476	1316	584	2296	1846	1607	2870	2134	2168	1563	2587	1491	1766	1393	2126	1528	2239	2782	3416	1989	2973
ENSG00000104695	13600	192	246	426	175	237	269	200	250	152	220	316	235	229	259	222	290	321	308	273	175	255	223	280	283	274	195	237
ENSG00000221439	4750	113	71	73	146	60	81	81	109	106	80	80	85	57	104	62	61	100	82	49	85	44	69	59	90	47	68	47
ENSG00000209114	38050	1224	401	756	1743	1879	3134	2441	8183	3424	4780	5241	2580	4643	3411	3250	13643	19086	17653	18824	601	719	215	228	36094	37679	22252	27610
ENSG00000154379	550	17	13	6	17	8	17	4	15	12	3	11	7	11	14	8	10	16	9	14	13	16	11	10	13	8	7	6
ENSG00000168201	4100	86	112	38	64	75	95	99	148	97	101	96	68	54	78	88	122	89	111	124	90	44	119	104	59	68	50	57
ENSG00000238964	58600	610	670	488	947	394	372	874	787	453	387	488	1079	418	1036	283	612	632	737	465	642	795	624	659	550	231	435	504
ENSG00000145529	82200	4167	1946	2426	1908	3397	2070	1311	1940	2081	2131	1761	1507	3886	3042	3469	3052	2950	2846	3177	1747	1740	2583	2795	2827	1402	3296	1842
ENSG00000242840	12750	189	288	223	119	140	206	137	192	168	140	166	322	178	275	127	200	157	144	208	206	260	192	189	213	192	212	294
ENSG00000152477	32750	808	1002	749	968	487	762	726	518	724	772	659	867	585	1321	1210	1314	1239	1148	804	1034	974	870	1012	1117	873	921	697
ENSG00000218961	550	6	10	10	19	24	25	15	61	58	27	65	65	39	53	33	205	114	56	185	4	3	3	1	279	404	413	213
ENSG00000101468	5350	142	166	147	83	196	95	195	174	151	253	173	257	91	115	81	153	98	185	142	97	105	117	197	205	115	196	266
ENSG00000125063	55250	699	719	803	862	521	1086	858	643	664	443	1613	762	949	1244	1067	1069	706	1273	1138	521	986	971	781	1410	612	460	709
ENSG00000201476	97400	3234	1939	2590	2681	3464	1621	2459	1689	3782	3459	1411	1375	1860	1942	4869	1367	3489	3004	2837	1949	2105	1051	2026	2441	2801	2591	1854
ENSG00000154741	800	7	16	15	18	6	13	10	11	20	16	20	9	8	13	12	11	21	32	11	8	15	21	9	16	15	13	11
ENSG00000175790	211550	2879	5935	2661	3470	3043	3879	5137	4232	2890	3408	2108	7389	2100	3233	3819	3765	3384	3951	4116	2166	4649	3091	2800	3340	6970	3945	2964
ENSG00000241711	1459200	14786	26263	19705	22610	19301	26760	19147	15330	26466	28765	9858	27841	21366	12711	34644	21225	12203	15273	32649	33449	10290	18857	18124	24761	27946	17505	26655
ENSG00000141919	9700	357	156	187	197	179	169	245	286	163	167	219	211	125	300	173	220	299	291	333	136	149	146	301	231	143	262	231
ENSG00000187080	200	6	4	1	5	3	1	4	3	2	0	8	3	9	2	9	7	2	2	3	6	4	11	0	8	7	4	4
ENSG00000135288	39400	617	282	803	771	286	510	529	648	844	735	1075	687	689	525	888	474	331	566	527	498	1035	565	585	865	963	501	518
ENSG00000176696	51900	544	316	450	490	283	699	693	497	617	338	717	570	525	640	617	562	567	861	630	380	496	447	552	770	328	701	606
ENSG00000115474	3800	67	60	53	33	79	78	56	39	57	56	60	45	56	79	57	58	63	87	33	64	62	40	73	51	47	67	53
ENSG00000152621	178550	2068	1811	2416	1463	3412	2525	4232	2530	3891	3263	2511	2898	2059	1935	1124	2491	2366	3621	3667	2462	3804	3459	2375	3758	1483	1519	4498
ENSG00000180220	177600	6512	5589	3965	3948	5075	5891	6775	5816	5573	4316	5260	2358	3737	3469	2892	7080	5926	8281	7707	4713	9458	4566	5272	5941	6121	6507	5349
ENSG00000246909	850	19	16	22	20	36	23	23	23	16	26	17	17	12	22	20	22	26	10	23	15	28	13	14	25	5	18	19
ENSG00000101415	1400	24	10	9	7	15	16	17	37	26	10	4	10	16	18	9	24	28	19	24	14	11	11	17	18	16	12	9
ENSG00000217996	10350	230	170	283	266	386	219	246	232	209	257	280	258	242	224	182	212	345	191	294	427	198	232	383	137	400	218	218
ENSG00000157285	88850	1804	3279	1001	1483	3059	1711	1547	1684	1904	1147	2020	1887	2222	1307	1731	2084	1116	962	2116	1402	1318	1737	1605	1262	1545	1663	2341
ENSG00000116757	700	10	6	4	14	25	21	18	9	10	9	17	5	13	11	15	9	19	7	8	25	10	17	12	15	21	23	13
ENSG00000117296	1450	40	22	34	37	31	29	22	16	13	25	45	27	35	31	36	26	27	27	18	29	24	25	38	24	34	30	23
ENSG00000149514	3550	69	44	54	54	100	42	53	89	73	88	42	125	84	84	64	39	63	100	169	49	86	105	99	51	68	46	108
ENSG00000179850	950	22	26	16	49	21	17	15	51	19	30	16	27	14	16	34	43	15	27	34	24	23	20	19	25	26	39	18
ENSG00000104436	4300	116	105	77	63	79	112	81	101	50	98	61	90	87	57	51	90	71	83	43	56	69	88	63	96	63	85	87
ENSG00000137230	54800	1594	1217	808	810	1157	1061	1009	1132	1238	730	953	919	505	887	485	557	969	1136	1246	624	1147	1028	814	1288	886	475	1119
ENSG00000239192	1150	7	7	33	18	20	28	21	23	17	17	19	24	25	26	18	21	25	20	21	36	24	27	48	21	22	6	37
ENSG00000199157	25150	606	693	316	292	399	438	650	438	326	399	561	665	384	568	685	688	614	557	572	438	401	616	599	330	414	662	708
ENSG00000242017	6700	95	131	95	139	135	94	132	145	187	90	92	81	116	153	147	148	98	94	184	156	128	134	79	65	116	169	143
ENSG00000210031	1950	83	79	130	49	56	95	50	90	64	88	104	54	62	106	64	152	90	39	75	68	78	72	69	41	70	68	91
ENSG00000175279	400	16	3	10	8	7	9	3	4	10	7	3	6	11	7	6	4	10	8	7	10	9	9	9	13	9	10	12
ENSG00000195213	8900	229	193	196	197	141	161	192	231	205	198	172	114	113	225	197	174	169	148	246	264	232	164	199	114	191	204	142
ENSG00000223663	16900	473	338	226	316	448	393	518	314	324	332	290	480	360	777	379	314	487	338	479	241	542	408	227	322	188	499	277
ENSG00000112110	450	26	37	30	29	17	25	43	18	48	30	17	18	25	32	15	29	22	27	13	43	20	22	15	15	19	30	33
ENSG00000122540	45750	768	655	527	1278	965	974	732	909	1147	1201	998	612	720	496	1371	392	518	741	918	390	248	796	734	1243	945	763	831
ENSG00000163872	48600	959	1118	793	1181	1397	1706	915	1882	993	651	933	862	1452	1568	858	1137	1089	1575	1143	616	1092	876	1035	800	693	992	766
ENSG00000243445	12350	93	159	197	114	85	136	210	121	203	194	186	190	243	191	114	306	64	97	271	241	93	141	157	212	161	117	164
ENSG00000118987	1200	14	14	29	20	44	20	38	28	15	25	16	30	39	10	14	29	22	23	21	35	14	28	28	25	19	16	43
ENSG00000161809	7050	164	89	109	58	102	197	129	85	144	146	151	136	97	98	94	202	69	108	67	80	96	110	134	108	127	78	127
ENSG00000176308	64050	840	563	666	839	624	1260	537	638	500	1206	846	924	959	715	1527	908	991	543	1133	555	593	1143	1633	1379	618	813	523
ENSG00000169008	22950	433	516	876	907	410	752	1098	796	680	1320	1263	1359	770	424	1219	1119	822	936	1294	1169	690	879	366	386	1107	1121	434
ENSG00000211299	3350	128	104	110	78	54	108	117	70	90	157	112	88	123	152	105	186	115	193	95	75	93	94	89	71	142	114	90
ENSG00000147782	6500	65	85	170	111	80	60	35	63	100	82	64	110	66	87	118	47	130	75	48	79	56	81	112	76	139	64	104
ENSG00000121664	20250	652	823	813	547	880	843	548	686	463	815	893	477	622	507	731	472	602	612	657	734	722	547	500	189	842	325	795
ENSG00000211707	29450	402	475	442	313	582	300	546	552	343	747	366	593	585	668	422	516	536	642	390	595	489	344	434	443	744	523	483
ENSG00000129769	58550	1168	1150	435	1064	1251	1097	1065	1572	1390	771	794	1004	827	1044	642	587	927	873	951	1941	1519	1182	1172	945	1643	1395	1253
ENSG00000184524	500	3	7	14	16	18	18	22	19	16	18	5	8	24	31	17	8	36	19	8	29	33	14	11	18	11	9	5
ENSG00000238083	11800	221	256	105	546	617	393	231	1821	1876	2116	2647	633	1364	562	619	6776	4870	2900	4494	198	100	131	226	10237	4046	4883	5763
ENSG00000112971	60600	637	1403	968	801	827	787	905	676	772	684	896	614	981	1382	849	1340	708	872	1189	528	455	850	1866	764	1115	869	470
ENSG00000157843	1750	26	17	22	22	23	42	40	27	32	45	20	18	22	39	31	22	15	27	26	37	17	18	25	10	36	23	30
ENSG00000214480	9350	145	133	251	157	378	211	190	178	173	312	211	183	211	132	210	143	242	278	248	197	90	227	135	190	105	169	117
ENSG00000101765	2800	13	100	43	147	175	89	102	516	517	623	596	266	309	345	304	1410	1252	858	1263	49	41	38	34	3439	1192	2671	2015
ENSG00000180406	86350	1365	1397	1113	1246	670	772	1800	1116	967	1191	1361	1235	1593	842	1257	1318	1141	588	862	887	490	676	1320	842	717	827	1209
ENSG00000190990	246350	3460	3975	4577	9426	11630	8501	11196	43577	25899	44517	66976	22715	11461	7847	12881	74927	96239	24798	125274	1907	3285	2207	1492	118812	131260	159468	235810
ENSG00000173636	1950	115	92	78	55	48	52	50	42	69	66	22	65	38	83	51	76	55	64	49	71	68	53	44	94	47	71	27
ENSG00000219023	919500	16545	8080	10704	15663	24008	18153	21895	12596	20972	22099	13491	27260	22792	14777	23684	13870	17194	20235	18847	17801	24268	28932	15710	11243	20193	18709	22893
ENSG00000201473	37300	975	444	832	641	957	620	726	1061	880	687	655	633	998	579	1203	980	564	1106	1065	1245	1009	940	1025	358	1335	965	826
ENSG00000187572	9000	124	112	201	161	443	332	484	792	855	1308	1229	778	649	826	1062	3475	3242	1866	3007	116	51	131	93	8098	6582	7168	6536
ENSG00000155541	23800	370	629	218	285	812	390	768	457	548	312	385	637	499	568	566	393	372	206	323	455	317	450	683	363	479	496	484
ENSG00000145640	5850	99	124	105	257	257	87	283	434	1507	733	1328	751	623	470	305	1856	2027	2852	2165	56	47	59	24	5223	7030	2992	5348
ENSG00000227006	90700	1106	1428	1081	1776	661	914	1693	883	1057	1507	1020	790	824	1155	998	1014	1593	754	970	1176	1737	945	1084	1852	1952	956	751
ENSG00000134163	5750	144	158	127	102	135	133	138	164	90	56	122	76	143	75	105	59	119	96	141	202	83	94	103	128	111	104	104
ENSG00000119426	1000	29	39	40	33	36	41	38	21	32	39	22	41	34	19	22	24	15	23	54	38	22	13	15	30	34	31	28
ENSG00000136507	6350	164	86	144	90	53	141	29	90	107	83	145	120	61	148	54	104	62	100	66	99	90	82	86	95	136	89	96
ENSG00000243791	350	14	11	12	11	3	7	9	15	15	11	9	6	14	7	31	12	13	14	6	12	15	11	8	14	9	9	12
ENSG00000206017	50	0	3	4	0	5	2	0	0	0	1	0	1	1	2	2	5	3	4	0	0	2	1	0	0	0	0	2
ENSG00000172823	300	5	5	1	5	14	7	11	5	3	6	5	11	5	7	4	11	13	13	4	7	10	16	11	7	10	5	5
ENSG00000144351	12400	540	613	429	353	480	671	246	524	443	384	192	398	594	210	377	318	631	344	462	403	372	258	560	275	192	274	464
ENSG00000203078	1200	65	31	94	31	37	42	32	59	49	41	40	33	35	28	33	48	36	54	70	56	46	40	15	51	32	45	34
ENSG00000198392	6850	407	387	345	181	376	426	376	370	544	276	376	222	385	246	222	296	291	450	690	92	325	386	215	386	293	198	241
ENSG00000119231	3150	66	45	26	111	65	44	42	65	65	94	38	62	34	64	63	72	110	44	42	43	20	72	52	67	70	67	81
ENSG00000134191	13450	347	193	245	318	398	824	491	2153	1628	2460	1841	818	1062	996	1128	3626	4906	4034	5472	119	85	158	84	6876	5813	6291	7276
ENSG00000107095	18950	424	435	627	754	1202	866	738	3190	3832	4314	3716	2295	910	1606	1907	10738	7141	7367	7850	217	194	162	359	11886	18988	23942	17333
ENSG00000199627	47000	442	782	968	1002	1155	988	552	636	1131	581	740	800	721	965	480	962	593	620	567	1071	452	558	873	597	355	728	767
ENSG00000129171	450	26	9	10	18	22	15	25	13	22	29	24	11	18	12	11	11	10	32	29	18	10	24	23	27	20	30	13
ENSG00000242795	1100	24	24	13	16	49	20	11	16	32	30	33	37	40	12	28	32	26	18	25	16	23	32	16	31	40	24	38
ENSG00000169942	5200	83	152	205	177	139	173	147	105	263	122	182	246	138	177	194	123	111	107	133	57	86	184	104	157	277	129	132
ENSG00000133056	127150	4824	5328	2428	3420	1682	4304	4448	4039	3417	3707	3386	3442	2146	5894	2155	4278	2944	6345	3222	2189	3771	5539	3291	3471	3204	2603	3758
ENSG00000192881	18200	282	342	174	123	153	286	286	301	276	158	282	523	212	243	171	234	223	171	150	278	387	314	263	300	312	306	265
ENSG00000198448	5850	114	61	116	99	58	75	117	128	155	103	85	120	58	92	64	117	153	70	90	140	111	47	155	95	85	142	75
ENSG00000230400	7700	300	307	84	275	456	296	510	1454	1038	1979	1386	686	453	777	1406	3525	1955	1749	4248	58	110	88	76	6452	5097	6068	9250
ENSG00000129627	3550	69	75	106	68	54	120	64	45	81	38	101	107	57	78	54	67	61	24	128	94	43	66	95	70	47	59	87
ENSG00000218853	2000	32	40	28	22	50	32	72	30	43	30	55	83	30	40	37	20	41	27	39	43	78	38	26	62	38	32	43
ENSG00000218771	36600	896	578	1406	351	1041	581	1434	952	1011	508	973	733	1370	1004	980	894	1188	401	957	778	591	656	1439	600	802	607	529
ENSG00000141798	235800	4484	12501	6127	4368	3566	7809	13054	9319	7715	5260	4855	4834	8220	3648	7973	4397	5045	3702	7595	8890	4525	5660	8265	7237	7743	7262	4366
ENSG00000246051	10900	227	150	254	337	340	234	361	248	334	169	315	307	229	145	343	237	215	274	216	294	233	217	247	335	192	180	400
ENSG00000156043	350	4	8	6	8	3	9	15	9	13	0	6	9	6	10	2	5	3	10	9	12	4	8	10	9	9	8	6
ENSG00000159994	400	2	4	8	5	4	2	2	3	4	7	4	0	3	8	0	5	5	1	3	2	4	1	4	1	5	4	1
ENSG00000221877	309150	4363	6490	13274	7070	6490	6121	9128	7705	5261	5988	4071	10925	9466	8815	4647	2808	6531	6506	6987	11221	5343	15752	11463	3301	10129	6829	9849
ENSG00000194270	100	6	2	3	7	12	3	1	3	4	0	5	6	3	8	2	2	5	3	0	5	2	6	3	4	6	7	1
ENSG00000228013	891650	17192	20834	27388	12137	22058	23833	19714	30797	19698	13419	28345	11453	22949	11090	12212	22855	23517	14782	15916	23822	12932	26218	8240	21402	13045	16216	18297
ENSG00000141026	22400	266	736	362	575	586	406	235	486	368	217	401	587	306	533	509	480	459	365	618	526	441	208	213	318	510	571	275
ENSG00000248807	4150	92	157	240	69	150	111	78	107	188	88	95	113	92	77	57	61	118	197	156	89	118	60	207	115	155	156	119
ENSG00000129270	55900	395	1072	964	634	1321	808	955	1245	815	925	654	896	555	321	566	1060	783	760	1189	809	403	645	685	879	421	703	717
ENSG00000230744	10150	151	148	165	124	88	111	123	238	203	117	183	175	107	111	66	161	136	148	168	256	119	143	151	114	173	153	180
ENSG00000114747	201100	3502	4594	6222	4566	6543	2789	4123	3253	2949	4157	1814	3767	3287	5158	4310	4138	5544	5134	4136	3143	2438	5435	3302	2626	3227	2424	7735
ENSG00000212979	4200	51	30	33	28	45	20	49	128	58	10	45	88	116	57	41	41	84	62	110	44	56	39	64	60	113	51	59
ENSG00000122741	12850	245	379	587	185	106	321	646	231	432	205	276	480	230	171	222	372	249	255	340	243	206	329	248	270	312	232	159
ENSG00000153914	2150	50	60	44	69	64	78	48	45	74	36	64	82	46	62	84	59	50	48	84	27	73	53	55	39	47	41	30
ENSG00000149649	28800	426	675	360	460	438	362	523	512	199	620	609	334	675	548	217	461	354	374	556	439	317	279	412	589	252	270	342
ENSG00000102500	32750	826	1050	1018	655	430	598	723	1194	484	963	623	490	1371	389	1036	490	841	527	325	691	642	1182	332	611	838	823	633
ENSG00000138203	700	18	20	16	8	6	14	13	15	7	8	14	7	10	10	12	4	10	4	14	4	10	12	15	12	9	6	10
ENSG00000196795	300	5	10	2	6	1	5	4	4	5	4	7	3	4	4	6	4	1	6	3	6	5	8	3	6	6	6	5
ENSG00000162032	168000	1479	1859	1903	1968	5884	6948	6355	8051	22947	8533	15726	10523	9101	9393	10103	41897	24758	34847	23495	960	921	1144	956	84818	63646	82521	72363
ENSG00000200090	41900	772	646	720	676	472	761	467	547	560	598	505	1169	593	616	355	564	487	829	480	1113	904	618	611	611	573	787	849
ENSG00000210209	14950	500	359	339	309	226	570	337	305	281	401	357	361	285	353	177	425	522	261	403	243	256	591	380	233	651	274	525
ENSG00000207296	2200	43	19	18	19	34	47	33	26	17	37	18	23	34	32	29	45	34	29	35	33	50	23	33	45	31	42	20
ENSG00000162725	700	11	11	15	5	6	14	19	13	23	16	9	25	17	20	10	23	12	19	24	5	10	3	12	9	20	21	14
ENSG00000147648	1050	14	39	25	15	13	41	20	13	22	12	31	10	9	15	10	17	22	18	27	22	18	13	18	33	12	14	14
ENSG00000140018	6700	235	146	155	116	92	147	196	190	178	153	167	141	177	163	157	133	114	188	111	174	143	148	185	116	147	85	243
ENSG00000177393	650	20	23	19	19	26	14	26	21	17	18	24	14	30	12	22	40	29	14	11	11	29	10	26	17	15	18	10
ENSG00000157816	1500	19	42	7	17	21	16	41	13	14	20	11	25	8	19	26	15	14	17	10	28	26	18	21	24	10	24	10
ENSG00000196751	22700	282	336	247	80	189	406	335	371	336	341	337	238	290	229	352	230	433	320	217	427	393	284	394	380	390	384	308
ENSG00000158762	171700	4476	4919	3712	3828	4317	3497	4039	4764	4843	3777	4600	5256	2625	6139	2977	3399	4063	4618	3844	3371	4842	4588	5347	4351	4523	3342	3983
ENSG00000111825	482050	5960	6854	2749	8977	5278	7821	9357	5311	9155	7579	5927	6308	6611	3654	9086	12658	8813	9626	6446	7788	10843	6997	4372	8153	7410	11870	6726
ENSG00000124349	13750	309	228	219	246	245	89	184	272	354	275	149	265	288	359	323	264	182	171	180	234	216	197	171	148	316	217	214
ENSG00000224431	52000	1892	1330	1630	1561	1106	994	2034	2303	1559	1253	1250	712	1469	1699	1111	1749	941	1803	1624	1356	2835	1873	2602	1571	1153	1337	1995
ENSG00000168467	25150	646	298	458	367	366	531	366	540	380	274	504	388	247	489	397	210	238	290	355	371	676	335	259	322	221	314	341
ENSG00000247133	37050	523	378	673	1718	1221	990	1965	6881	6596	3852	6963	1368	2017	2386	2342	15062	3032	12986	8265	462	207	427	323	27214	26167	11286	15568
ENSG00000223680	11050	207	346	452	672	476	718	683	1295	2190	1349	2176	1163	1227	846	1253	4226	4416	3870	4080	73	198	79	73	5657	11952	7983	8555
ENSG00000217057	1400	44	48	77	45	29	44	54	44	50	52	30	72	26	41	37	59	50	42	52	37	63	38	52	73	29	32	44
ENSG00000229892	3100	26	83	94	76	26	69	50	51	72	68	74	57	34	39	65	50	57	61	39	63	41	44	55	43	26	43	78
ENSG00000126289	9000	184	113	399	180	135	419	227	267	299	453	171	322	213	245	268	178	313	51	193	260	145	159	244	364	416	238	113
ENSG00000118689	131750	4079	2371	3024	5277	1869	1052	2344	3162	1936	2088	2634	3025	3375	2084	2565	2935	2999	2352	2619	2476	3377	2831	1948	3018	2074	2054	3170
ENSG00000194307	800	21	9	14	8	16	7	9	7	20	8	8	12	16	12	8	5	4	13	6	9	14	7	5	5	3	14	3
ENSG00000150399	2100	49	49	80	37	40	43	32	46	29	44	39	84	55	20	72	58	36	60	39	83	48	22	52	36	28	71	71
ENSG00000176036	1150	13	13	23	9	19	29	24	15	11	11	25	16	15	21	14	5	19	15	17	23	20	6	10	6	14	8	10
ENSG00000138115	46000	481	271	671	464	400	534	468	755	442	506	767	534	611	729	402	332	822	692	307	503	716	444	532	695	643	408	572
ENSG00000195050	1283400	25008	13510	14412	23607	18361	37254	20149	24312	26520	24893	18866	22541	27224	18153	46937	19394	25596	28709	19395	17834	37608	31200	27098	26706	17395	26260	20591
ENSG00000195373	16750	537	631	264	269	355	428	354	229	318	306	527	298	460	204	274	233	336	396	266	579	266	292	427	336	497	431	354
ENSG00000236133	800	12	13	19	50	69	42	41	116	115	166	129	67	113	115	45	360	284	618	232	11	23	11	9	956	381	903	729
ENSG00000108909	47700	624	923	1278	3203	1495	1204	1398	7885	5175	6934	5506	3642	3222	2591	3023	13002	21429	7346	14758	664	367	424	281	12262	26411	22727	25249
ENSG00000211637	923700	17270	15865	24656	20257	41990	20869	24745	114250	134037	143918	160196	48488	82389	66134	65852	238884	233199	286024	262592	4087	6168	7845	3437	487926	426233	441847	410298
ENSG00000231262	2100	37	19	13	55	28	12	36	30	53	14	26	46	42	27	22	20	19	54	57	30	35	24	16	42	16	25	17
ENSG00000204343	50	1	0	1	0	1	1	4	1	1	0	0	1	3	3	0	1	1	1	3	0	0	0	3	3	1	1	5
ENSG00000146259	350	0	5	0	3	4	5	1	1	1	1	0	1	1	2	1	3	6	1	0	5	3	3	6	6	0	4	1
ENSG00000145705	15950	477	285	329	367	621	294	477	329	369	236	456	668	326	287	329	355	200	186	407	363	256	513	332	496	386	174	320
ENSG00000234003	300	1	6	1	2	3	5	5	7	2	2	5	2	0	6	1	3	3	1	4	3	3	1	5	6	5	1	4
ENSG00000164545	140500	2072	2647	1910	3675	3896	1620	5256	2078	3618	4857	2685	4770	2976	2779	3771	2894	3078	2353	3495	4782	1790	4098	4056	3002	2713	4173	2829
ENSG00000113044	50	0	0	0	0	1	1	2	1	0	3	0	2	0	1	5	1	1	2	1	2	0	1	0	1	3	1	2
ENSG00000198698	4600	81	88	61	108	146	115	62	101	53	92	83	103	189	167	161	50	88	100	101	136	112	62	153	45	87	94	62
ENSG00000211038	400	13	7	6	7	9	10	12	5	8	11	14	7	13	9	11	14	10	8	13	14	4	13	16	11	14	11	6
ENSG00000160753	30800	795	592	717	298	629	589	542	678	847	1474	1255	696	755	680	494	818	771	796	806	893	815	813	791	885	714	573	1040
ENSG00000144975	13400	294	355	273	173	163	273	295	247	284	343	182	218	323	258	188	209	201	505	316	127	394	368	266	293	281	315	189
ENSG00000164162	28250	391	802	371	512	461	286	362	442	778	342	741	479	677	540	240	615	567	338	688	323	809	556	441	441	681	496	709
ENSG00000191916	26150	352	408	460	637	628	406	601	624	385	573	680	638	356	598	780	1085	676	709	474	1040	603	428	615	255	663	681	942
ENSG00000150219	1750	18	19	29	32	21	23	23	23	20	17	32	15	28	24	34	21	19	23	23	15	34	39	28	19	14	35	40
ENSG00000135177	8050	202	214	177	139	205	170	119	149	130	133	202	195	212	165	149	150	141	178	305	166	163	163	153	76	259	153	196
ENSG00000193877	1500	24	8	25	10	21	22	19	12	24	20	9	25	31	12	22	23	37	15	26	17	11	17	15	10	24	14	29
ENSG00000244933	2350	98	85	49	60	94	73	36	42	75	73	82	56	91	40	68	38	77	82	61	96	28	55	53	56	103	55	68
ENSG00000180317	5750	159	138	134	186	357	166	173	231	266	316	166	174	223	125	171	292	247	205	326	260	165	187	130	238	254	196	251
ENSG00000244857	7800	91	133	129	291	155	280	197	815	807	670	987	464	391	193	389	2102	1367	837	1595	41	78	46	110	3432	4783	3182	3650
ENSG00000108002	550	17	14	16	21	32	26	47	148	110	60	163	72	36	74	106	263	180	319	315	8	7	7	11	834	571	292	469
ENSG00000204398	500	5	12	15	7	13	12	9	21	15	10	7	6	10	9	2	7	6	10	11	17	2	9	6	9	13	11	10
ENSG00000175611	700	9	15	22	10	19	7	13	7	19	13	14	3	17	6	9	2	14	8	16	19	10	17	14	8	12	11	18
ENSG00000157222	100	15	19	24	12	19	5	15	6	13	23	17	8	6	17	9	20	21	30	22	35	8	9	18	13	22	11	21
ENSG00000215794	1000	14	19	39	30	48	44	52	245	247	344	160	109	131	111	158	365	463	306	307	6	19	10	12	801	1213	448	813
ENSG00000153552	72600	2751	2358	2089	1635	1556	2548	1155	2664	1258	1912	2384	2801	2118	3605	2019	1544	3522	2538	2132	2635	2944	1613	2406	936	1994	2534	1882
ENSG00000226346	23350	518	632	841	1111	726	654	995	575	713	896	1130	811	812	1211	584	575	682	927	692	480	531	1219	961	860	685	825	1426
ENSG00000146014	11100	293	352	216	228	156	212	377	282	203	329	204	403	196	305	182	125	247	257	133	306	143	223	97	179	108	185	445
ENSG00000242534	122600	1421	2747	2645	2447	1855	2347	2010	1444	2620	1761	2473	2487	1210	2837	1725	2274	1516	2365	3886	1631	4323	2457	1414	2892	2512	1980	2427
ENSG00000209469	16000	563	270	350	247	379	333	227	346	203	342	387	470	476	666	447	315	348	295	476	206	354	240	463	467	344	486	559
ENSG00000147472	4050	72	55	22	30	53	67	77	49	38	53	44	39	50	48	41	43	58	48	49	77	40	40	27	71	62	59	54
ENSG00000220014	89950	1180	1421	1504	1617	1037	1059	1903	1217	867	1095	1861	1331	1579	1140	1162	1886	1987	1686	1356	1433	968	822	1396	1793	1321	705	1616
ENSG00000199102	16650	435	428	430	250	333	573	601	454	334	367	357	265	387	486	558	422	214	564	377	266	299	273	272	416	330	418	226
ENSG00000143117	0	2	2	1	0	3	4	0	1	4	4	1	2	5	1	1	2	3	1	2	3	5	4	2	2	3	3	4
ENSG00000169603	946950	10875	18030	21271	17490	10056	12355	14407	10970	12295	18755	22873	16691	25476	9387	8861	10365	7088	11562	25166	11629	11563	25071	16707	13321	15292	18615	16600
ENSG00000162229	9500	138	119	148	196	90	70	117	62	35	120	87	109	122	136	162	96	57	116	76	107	132	116	139	124	148	82	60
ENSG00000169337	150	8	4	4	2	6	2	1	2	6	10	4	5	0	7	5	4	5	3	3	3	2	4	6	3	7	3	2
ENSG00000157334	84800	2747	1131	1905	2414	1961	1903	2893	3116	2533	2424	1044	2537	2264	1312	2481	964	1246	1596	1843	1397	2024	1058	2573	1730	980	1883	2937
ENSG00000120528	22000	472	498	489	721	984	665	870	4089	2677	2360	3243	1200	1579	2161	1866	4222	5894	4699	7102	241	212	181	60	14144	7452	7323	11778
ENSG00000163097	13300	203	141	131	169	230	318	130	227	213	277	220	127	185	196	164	306	287	149	268	203	170	159	268	144	179	165	108
ENSG00000178216	113800	2078	3268	3250	1601	1989	2440	2145	1495	2595	2461	1830	4406	2187	1510	3022	2721	2248	3370	3754	1908	3268	2405	2369	3101	5080	3922	2193
ENSG00000141018	43450	665	530	469	624	485	699	1153	987	728	921	1089	843	800	646	593	593	1095	485	1251	261	1076	688	965	787	879	712	434
ENSG00000198067	18750	171	410	385	206	344	295	155	221	287	228	169	489	325	289	341	301	213	327	266	308	74	355	291	242	184	233	165
ENSG00000120692	11500	291	171	300	159	139	318	183	231	264	175	115	199	308	257	207	210	207	169	151	170	195	226	348	270	186	145	239
ENSG00000227047	7300	179	172	148	237	172	134	189	266	300	131	121	103	226	172	237	194	313	216	98	132	92	226	138	78	312	140	158
ENSG00000221359	5250	106	95	99	129	88	22	96	72	139	96	136	148	32	45	86	61	72	63	116	78	117	40	111	81	102	134	58
ENSG00000202743	400	8	3	7	4	8	7	8	9	7	9	9	16	6	8	14	12	7	10	6	7	16	8	7	11	6	6	21
ENSG00000213239	151800	1757	2031	2319	3824	3425	3275	5591	11711	37410	31270	18030	8274	11988	7924	15250	47292	21832	38201	40111	2103	1327	1228	1471	104533	81225	72945	57126
ENSG00000206194	7100	130	124	102	175	154	129	60	84	179	153	149	171	128	160	167	122	100	139	229	88	96	132	155	110	171	177	269
ENSG00000226242	4600	97	152	112	127	88	107	131	123	122	60	144	83	84	76	68	46	128	86	30	137	95	111	124	100	258	126	133
ENSG00000206862	65600	1172	768	1131	2327	1596	2433	2873	6752	9459	8215	6167	5026	4960	7317	3766	23358	18711	13562	21637	478	846	475	437	33429	27468	34287	41535
ENSG00000180601	1800	15	27	41	36	63	33	40	28	40	58	37	53	28	28	34	42	47	71	57	39	29	51	27	9	25	22	50
ENSG00000202216	1800	46	54	88	39	58	70	81	77	64	64	46	48	41	56	45	24	46	81	54	107	60	65	61	78	21	109	45
ENSG00000230528	53700	560	383	549	694	561	429	1059	516	427	658	542	519	571	687	537	581	576	505	622	540	385	655	623	365	338	283	677
ENSG00000123453	4450	118	77	89	70	62	85	78	134	87	137	67	117	51	102	83	64	73	92	29	78	119	87	98	72	35	55	114
ENSG00000193028	550	12	19	22	29	19	3	15	15	26	17	7	12	15	8	13	10	9	14	9	9	23	6	15	11	4	24	15
ENSG00000213203	300	27	12	11	14	14	14	9	20	18	15	11	14	17	9	13	14	9	14	20	10	13	17	11	15	15	16	13
ENSG00000112005	2748000	60518	25683	57423	43627	57793	48844	52449	45903	47976	39820	33461	37925	31175	34657	50902	50354	50230	35261	19172	48836	46436	53049	47444	42633	44977	31005	36896
ENSG00000207823	2600	47	23	30	19	60	61	28	38	74	40	35	34	46	48	26	36	25	41	33	31	58	32	48	53	38	23	41
ENSG00000210841	578100	12473	16539	11505	14418	10967	16787	12603	19813	9635	14067	17786	14376	13646	14160	17812	10344	10694	9096	10907	11497	17263	5224	16422	15081	13367	11422	11599
ENSG00000228029	3150	42	40	59	116	83	135	111	305	448	252	892	384	313	390	193	455	746	1577	496	34	10	28	11	793	2153	2621	3292
ENSG00000249040	17750	271	363	211	497	289	311	312	521	359	206	519	329	398	235	394	175	423	284	420	307	275	245	97	473	334	310	241
ENSG00000243182	2450	48	69	47	48	56	36	47	35	65	65	75	66	51	63	117	58	54	61	25	21	46	64	26	49	39	77	79
ENSG00000111242	750	7	5	5	5	7	12	8	8	10	14	12	16	10	16	17	15	10	10	6	19	16	9	11	11	6	12	9
ENSG00000153768	2400	57	62	110	32	78	68	63	58	95	130	57	73	83	61	91	107	46	45	46	52	49	69	76	44	72	66	90
ENSG00000133294	770950	10255	7422	12610	9978	10803	6820	11323	9350	10711	11985	11169	5705	7914	10839	10855	7272	13232	8972	8985	7235	5645	13014	4124	17011	13247	13576	11073
ENSG00000187931	1850	36	29	27	10	19	22	29	33	18	13	29	20	42	13	30	19	38	35	27	32	27	38	45	28	26	55	28
ENSG00000204227	850	19	18	21	18	13	10	15	25	6	17	14	9	16	18	19	15	13	25	15	9	16	31	16	13	17	25	18
ENSG00000243444	15300	405	239	312	335	292	256	451	310	261	343	275	198	378	194	122	400	257	320	371	300	220	349	327	247	262	201	329
ENSG00000112062	1900	40	28	26	62	99	86	111	236	284	148	303	113	113	110	134	584	359	271	278	20	28	12	14	1080	1050	673	741
ENSG00000137143	750	38	45	14	24	31	32	35	27	28	4	13	30	17	28	22	34	26	29	38	27	12	18	36	18	8	27	34
ENSG00000212884	250	12	6	7	5	10	7	11	9	1	6	3	11	4	1	5	10	9	5	2	10	11	9	11	7	9	6	6
ENSG00000173018	28450	700	803	995	1871	1284	751	781	1224	1058	1418	1498	1306	782	800	1595	1235	795	751	919	1111	765	1125	1042	821	1173	901	665
ENSG00000144261	21500	577	728	512	604	473	696	540	525	448	574	467	506	611	323	310	435	316	511	727	709	625	233	456	713	588	429	483
ENSG00000196423	50	0	1	1	0	1	0	1	0	0	2	1	2	0	0	1	1	0	0	0	2	1	0	1	0	2	0	2
ENSG00000127831	18350	714	550	552	851	488	563	528	712	703	739	710	295	666	531	487	419	306	277	300	596	596	445	466	476	687	519	593
ENSG00000211436	4000	69	82	52	59	103	85	69	79	65	59	40	98	80	51	115	28	66	55	138	52	80	96	70	68	89	74	39
ENSG00000172294	7550	104	153	115	99	104	52	83	98	146	65	73	133	123	112	85	59	109	89	163	194	86	92	73	112	132	64	105
ENSG00000116950	1550	34	7	23	29	27	18	23	21	41	21	31	41	21	27	32	35	29	24	23	23	25	32	49	32	39	18	25
ENSG00000171857	7900	208	268	255	227	206	203	292	158	240	153	244	144	214	111	302	124	156	231	230	108	203	165	191	256	105	152	135
ENSG00000198590	20150	558	483	373	448	413	672	795	334	306	443	661	323	296	277	398	412	606	365	380	431	260	375	310	649	398	464	292
ENSG00000111912	3400	49	26	30	123	169	73	53	201	179	232	362	256	191	55	183	367	735	531	690	27	16	20	22	2082	1115	1295	1424
ENSG00000229616	8100	239	318	399	449	449	204	427	1437	1999	1584	1997	788	870	589	614	3904	2665	2554	3085	54	130	152	136	5667	8334	7469	5332
ENSG00000150524	2250	77	150	43	128	184	136	112	44	81	140	121	91	104	83	92	129	132	141	94	75	169	98	68	105	158	122	105
ENSG00000221811	3450	38	40	70	90	87	87	49	375	497	273	380	248	193	140	142	423	875	897	706	25	9	20	23	2172	1028	1895	604
ENSG00000160794	1500	28	48	27	58	41	60	26	24	56	14	48	45	29	55	54	69	35	24	38	30	29	39	18	19	24	26	65
ENSG00000156655	10250	192	140	156	319	502	315	382	1883	1583	1309	2197	1172	445	645	790	4409	2760	2348	4051	88	116	144	105	7097	7281	7115	6255
ENSG00000214882	27050	697	679	499	1047	927	438	558	586	447	510	1185	630	1062	827	686	520	435	669	839	915	618	459	425	337	927	1001	865
ENSG00000202506	1450	25	18	34	16	43	21	42	21	36	43	22	50	17	35	31	24	25	27	31	30	46	15	42	27	39	39	9
ENSG00000216774	9300	131	128	90	130	118	122	158	138	223	172	137	90	105	166	114	160	152	177	161	151	170	107	177	196	109	63	112
ENSG00000189833	87000	1709	1344	1961	4059	2616	5176	3783	17957	22829	19691	23792	7365	9185	11443	6324	20669	28561	21483	38914	1364	1775	1637	480	87387	53971	52201	67202
ENSG00000206604	135100	1975	2130	1855	2117	2340	2190	1743	2006	2464	2371	2272	2579	1918	3342	4562	1424	1409	2127	3415	2349	1992	2532	1727	2157	2156	2645	2465
ENSG00000225831	600	6	14	12	4	7	7	12	6	5	6	7	10	9	6	10	7	7	2	7	6	7	7	2	11	17	3	10
ENSG00000239555	11400	172	239	290	243	309	301	223	141	164	154	181	143	102	165	134	238	309	166	234	88	285	139	102	218	239	162	158
ENSG00000247542	5150	81	118	93	57	96	91	31	57	92	83	108	81	126	110	54	69	85	74	108	54	39	48	41	110	56	78	112
ENSG00000151378	2050	15	22	32	53	35	46	35	19	73	54	73	54	51	20	29	46	25	29	52	38	44	51	67	20	21	77	47
ENSG00000191323	1400	31	13	14	32	26	44	32	48	32	33	18	27	26	39	38	18	22	39	36	48	35	24	34	37	27	35	25
ENSG00000186143	397800	2658	2790	5514	4090	2621	5252	8246	2291	5047	3082	3836	3354	3953	7781	3342	3827	3664	3314	3041	2598	4603	5262	5113	3982	1996	4748	4064
ENSG00000156920	70000	887	1295	725	1186	947	1486	1337	1145	1064	576	1437	1237	937	512	826	715	1508	993	971	1003	1275	886	998	525	1170	939	1417
ENSG00000213371	2550	77	119	69	79	69	50	56	95	68	72	54	55	99	90	72	56	37	64	80	40	103	119	68	31	64	102	93
ENSG00000174178	8350	173	146	184	158	109	288	230	170	91	134	53	232	125	239	99	169	197	280	249	140	181	128	215	93	260	184	220
ENSG00000211468	5600	196	144	140	153	89	49	137	122	129	59	129	105	100	180	110	97	79	182	93	103	107	75	153	155	107	121	89
ENSG00000146337	4050	87	54	110	55	79	87	106	63	91	72	108	32	103	47	69	84	95	70	74	79	93	79	81	86	97	78	61
ENSG00000158084	32800	705	966	1042	431	477	1012	666	649	823	804	852	815	434	490	471	981	590	1103	505	672	713	869	933	585	533	1041	935
ENSG00000223199	1400	56	63	31	41	64	60	50	72	58	63	55	60	26	67	58	58	52	51	32	25	54	42	63	50	40	60	33
ENSG00000131697	20350	471	559	414	529	748	478	568	207	720	366	744	555	696	595	492	369	284	676	515	241	422	506	602	336	707	552	383
ENSG00000100335	400	8	10	15	5	5	4	2	7	11	4	2	4	13	11	5	9	8	12	9	4	8	5	8	7	4	8	4
ENSG00000156051	15050	279	268	187	393	259	289	376	145	119	144	136	305	128	216	332	356	257	401	206	167	295	261	138	223	188	198	198
ENSG00000218140	6100	92	138	97	96	174	147	101	97	80	81	53	91	145	139	138	146	178	115	107	100	87	92	114	84	71	100	210
ENSG00000154733	2150	46	64	28	67	51	52	29	42	37	60	16	25	38	59	56	14	53	21	38	38	47	60	64	23	29	35	38
ENSG00000132746	11800	366	350	219	277	504	206	452	218	433	238	314	367	485	348	516	191	325	236	422	315	162	272	456	142	180	311	292
ENSG00000166070	5150	172	167	174	82	204	130	347	159	230	274	161	79	214	155	110	189	209	257	174	128	168	182	256	215	115	146	142
ENSG00000172246	7200	185	283	194	178	429	458	278	916	1664	1317	1281	788	809	465	503	2039	2906	3495	2627	44	73	85	56	3695	4900	5690	3739
ENSG00000105052	82750	2877	2103	1928	919	2346	1991	2859	1707	2244	3003	1237	3462	1356	1784	2096	1938	3350	1567	2023	1939	3025	1221	1610	1984	2648	1924	2768
ENSG00000182259	7300	81	107	82	148	98	104	131	68	98	65	122	103	99	182	131	124	129	114	191	141	159	140	182	81	130	99	85
ENSG00000149400	6850	116	54	81	88	56	149	63	98	100	98	124	79	117	82	95	90	109	80	109	113	135	75	49	91	70	70	55
ENSG00000219759	2350	47	57	37	22	47	56	38	38	32	67	52	48	37	54	38	54	12	40	39	50	44	40	20	59	61	34	65
ENSG00000139519	121500	2268	1121	969	602	1191	1899	1046	1133	1176	1182	1947	1007	1054	779	895	792	1094	1553	2158	1818	1604	1360	1802	1202	1330	1392	1912
ENSG00000201885	50800	1828	831	891	640	996	974	686	1356	1450	1253	677	420	1569	1166	1117	1262	634	1808	662	668	825	1078	929	763	1244	1184	947
ENSG00000135806	0	0	1	0	1	0	1	1	1	1	1	1	0	0	3	0	3	2	1	4	2	1	0	3	0	1	2	2
ENSG00000245586	450	17	32	24	12	29	23	26	18	11	14	21	26	21	22	31	37	15	21	4	16	11	39	25	7	16	20	25
ENSG00000215782	8800	221	295	319	235	352	352	334	133	236	397	172	242	273	415	281	349	424	297	211	284	172	233	244	127	264	234	333
ENSG00000247908	50350	1032	689	493	832	887	752	1362	1083	878	807	1103	609	415	771	1214	938	1110	1377	1033	814	861	597	882	897	1129	810	1744
ENSG00000135808	17050	344	684	477	218	246	436	341	166	703	249	325	509	354	243	438	379	332	375	482	602	421	278	384	486	219	304	420
ENSG00000241170	6050	143	54	93	97	78	146	156	110	190	125	218	52	92	194	78	142	156	73	215	98	77	120	144	64	112	69	81
ENSG00000143828	191250	2463	2198	3045	2063	2844	2797	4797	2316	2414	2562	3460	2358	4403	2326	1737	2233	2266	2201	2315	3021	2620	1345	1875	1739	3832	3526	2431
ENSG00000248586	1550	52	31	55	69	41	31	32	50	45	37	35	53	50	61	41	57	36	60	55	67	62	42	52	44	61	28	31
ENSG00000150867	12250	192	255	169	201	149	145	103	143	170	221	160	159	270	163	214	151	164	87	106	151	148	230	181	99	112	84	146
ENSG00000222036	8600	198	204	122	162	128	155	133	150	190	206	187	126	154	123	188	205	131	169	154	122	125	124	138	136	129	132	111
ENSG00000120031	10550	83	221	257	196	249	218	239	206	77	169	272	351	241	110	212	243	192	84	128	191	255	232	232	158	210	183	246
ENSG00000247577	1450	11	20	19	27	25	17	20	18	17	37	25	22	21	19	25	40	23	18	22	21	29	27	10	12	6	34	12
ENSG00000162927	4000	51	75	112	36	101	67	109	75	86	111	133	85	85	140	50	112	71	111	113	49	93	59	111	119	78	85	58
ENSG00000123680	46550	1007	1480	1289	1841	3223	1844	1538	16072	6573	4185	7474	4959	4709	3251	4618	22562	21810	31600	20210	545	911	658	379	15250	29563	41776	23836
ENSG00000139659	152650	1513	3012	633	5206	3073	3649	6176	29852	19181	21904	14184	17911	17253	10619	9823	35214	18831	19054	65559	1203	1299	1026	957	63707	26592	70367	53737
ENSG00000201457	73900	772	768	716	839	1011	916	884	616	567	945	811	337	750	743	923	682	714	568	743	656	736	786	950	524	686	739	772
ENSG00000173381	16950	380	459	357	677	586	711	331	564	361	576	508	420	475	347	283	604	417	314	355	314	372	260	427	404	221	540	401
ENSG00000248476	1500	107	164	97	24	65	86	96	136	91	73	80	140	117	59	59	85	36	164	77	154	68	81	107	60	98	83	78
ENSG00000231705	48300	646	709	546	392	544	799	288	124	498	558	560	658	703	541	545	791	378	357	1012	1016	547	468	685	361	872	933	646
ENSG00000192596	8200	145	154	146	124	133	180	130	176	160	114	125	104	79	145	158	101	186	134	231	142	150	166	140	72	129	152	180
ENSG00000100465	7500	196	104	194	170	298	231	258	177	358	161	146	202	200	93	189	322	264	261	254	197	354	191	181	215	194	221	270
ENSG00000148739	23300	497	460	401	371	367	478	486	371	507	283	550	405	487	338	294	469	357	875	202	399	411	496	183	173	489	385	228
ENSG00000126846	1650	39	45	28	23	19	44	42	8	36	27	40	39	32	35	17	40	34	17	36	32	40	30	26	11	24	22	25
ENSG00000153459	26500	337	562	668	500	643	285	512	502	471	346	395	616	1024	512	190	521	363	256	327	246	279	679	540	500	782	392	385
ENSG00000135195	51350	1395	1106	2053	2545	1105	1038	1982	1316	1656	1739	1385	888	1166	1854	1025	1521	872	942	2260	2356	2593	1213	1778	1467	931	1709	1961
ENSG00000193874	100	6	4	8	4	5	4	8	10	8	1	5	10	9	3	10	2	11	12	4	6	7	8	7	11	4	6	5
ENSG00000229337	4350	56	107	126	69	101	101	62	52	108	94	86	98	42	106	77	71	94	119	126	149	58	89	57	73	85	106	26
ENSG00000125796	3350	98	88	59	105	50	53	94	165	58	41	33	89	41	118	134	90	104	88	133	113	41	82	61	43	56	69	69
ENSG00000181801	191450	4070	4405	3865	4249	3003	5100	3554	4938	2528	3086	5561	3058	3604	3532	5672	2492	4875	4273	4327	2855	4432	2016	5159	3435	5213	5210	3684
ENSG00000247328	7700	229	241	200	87	193	198	250	190	123	186	212	155	211	62	152	204	164	256	264	241	144	227	145	172	242	330	205
ENSG00000243960	23150	300	536	457	515	413	412	1066	848	450	468	680	515	610	421	705	678	490	333	311	174	601	432	527	448	545	407	483
ENSG00000194772	39650	509	465	708	589	803	605	815	588	850	982	299	885	613	1015	348	564	1099	402	754	747	541	548	911	970	728	864	1001
ENSG00000142198	600	20	16	18	23	34	26	31	51	25	14	31	21	43	55	32	20	36	60	15	35	39	36	11	47	35	17	42
ENSG00000235205	650	14	9	12	23	12	7	9	14	11	6	23	13	6	11	17	9	28	5	6	8	8	8	12	23	2	10	7
ENSG00000247664	33300	1487	1110	1536	888	1070	975	2437	1313	963	1221	2143	1253	1411	2143	829	1159	1652	1680	3045	926	981	1691	953	1424	1997	1899	930
ENSG00000207341	73950	1720	1475	1838	2073	1203	1775	1654	1564	1860	1330	2271	1809	1852	1591	2084	1046	837	2550	1251	2526	916	1311	2229	1449	3443	1688	3920
ENSG00000107220	62000	890	936	659	673	600	1301	654	1350	495	1070	759	980	370	327	738	1354	785	967	707	1091	747	704	917	937	1240	968	556
ENSG00000174104	28950	412	898	765	980	974	560	366	646	571	1111	840	1035	1024	812	543	618	942	396	985	685	961	702	483	667	911	307	498
ENSG00000180943	1200	25	31	46	42	45	23	33	52	40	43	28	28	52	56	39	23	52	8	23	78	14	34	34	36	40	63	37
ENSG00000217446	1450	30	51	34	46	54	36	29	17	36	41	34	33	38	54	46	20	47	31	35	29	26	21	23	63	49	23	60
ENSG00000240364	12450	116	203	183	85	130	106	216	164	186	223	75	216	149	153	140	183	237	182	78	72	173	196	116	164	181	163	128
ENSG00000127060	18250	526	377	618	639	423	369	848	410	389	322	587	987	894	651	304	683	485	471	609	341	450	644	578	703	421	724	368
ENSG00000212282	5950	66	49	44	55	23	98	96	84	74	97	68	86	47	121	112	78	50	58	91	66	72	64	112	54	122	70	72
ENSG00000244310	5800	68	120	78	89	62	64	102	54	123	32	67	62	93	100	46	73	92	159	62	57	136	52	91	141	99	54	78
ENSG00000227180	11950	193	305	330	361	173	451	193	322	391	564	428	520	257	354	376	454	495	375	609	310	552	409	402	275	350	271	146
ENSG00000239499	230450	3459	4184	3738	4183	3111	3483	1592	4312	4141	2142	2894	4521	5595	2543	3415	1289	2834	4775	2155	3696	6699	3321	3116	2930	4084	4644	2591
ENSG00000166871	450	7	5	9	6	6	4	2	8	2	5	4	5	14	1	7	8	5	9	6	6	8	6	3	8	9	6	11
ENSG00000220088	3300	94	71	87	132	82	109	94	80	102	91	107	80	106	112	138	122	126	62	108	88	97	93	77	93	92	88	89
ENSG00000121798	350	14	1	1	5	6	9	8	11	10	7	12	9	5	6	12	4	4	8	6	3	6	6	6	10	7	9	3
ENSG00000220228	250	2	0	5	4	6	7	4	0	0	4	4	1	1	4	5	0	7	3	1	7	2	6	2	3	7	9	2
ENSG00000246227	87150	838	1191	1222	1598	2181	1297	958	1131	1509	524	1392	1588	1853	1879	1111	1716	1360	1925	1250	1170	2739	1694	945	645	1728	1072	978
ENSG00000185444	1050	35	25	19	31	8	19	16	20	20	15	20	42	29	25	23	9	14	25	24	15	13	14	23	22	11	4	26
ENSG00000118591	10150	217	192	309	129	209	208	353	475	305	328	411	469	200	221	183	132	445	258	230	332	659	207	375	257	201	448	203
ENSG00000205069	69250	654	927	2131	1083	934	749	908	1440	1303	725	896	1075	1979	1287	1022	1178	1704	912	855	1223	1397	1853	1256	1509	1756	1692	1196
ENSG00000107073	29200	412	1320	552	571	891	575	664	435	434	565	1239	598	782	859	636	586	433	581	635	608	760	614	377	733	543	481	644
ENSG00000206687	1150	16	50	18	11	14	21	14	10	4	17	36	20	19	19	20	18	11	13	16	16	18	15	32	42	10	19	13
ENSG00000170588	9000	256	343	256	200	279	294	319	339	274	393	194	241	211	283	268	332	268	353	149	357	259	196	461	278	165	317	330
ENSG00000228126	5800	137	211	140	101	124	188	136	103	133	149	153	94	113	136	153	151	81	174	99	76	142	124	108	101	171	90	97
ENSG00000113682	2000	32	43	38	52	40	45	22	33	71	45	39	42	19	17	28	33	32	19	59	25	39	41	29	25	7	34	25
ENSG00000210008	2700	75	82	58	78	116	77	27	49	33	52	85	79	61	86	95	120	91	54	78	81	37	61	64	83	47	58	107
ENSG00000194266	2400	52	52	40	44	55	41	53	60	69	40	62	22	84	44	51	57	68	31	43	40	51	26	82	40	46	40	52
ENSG00000194065	37950	1684	603	1363	1304	1044	1104	1404	1143	1301	1041	1461	1298	988	1505	791	1218	1150	1345	1123	1182	673	1446	544	981	1026	590	725
ENSG00000164682	7200	70	178	144	103	244	109	120	172	174	104	112	109	101	212	104	86	134	109	84	89	59	135	165	123	130	84	125
ENSG00000229514	3700	98	66	77	104	98	62	64	40	67	85	43	96	43	29	53	48	123	80	96	77	63	77	94	43	44	38	41
ENSG00000192954	9250	204	400	430	402	124	513	186	345	200	258	294	377	339	252	202	274	457	330	301	241	381	494	349	276	259	356	448
ENSG00000181888	12250	353	318	338	354	474	247	434	368	300	435	242	295	261	414	351	371	320	233	278	202	147	359	193	459	259	156	190
ENSG00000226401	23950	612	425	487	331	362	376	387	388	407	617	761	631	257	1037	459	403	395	536	352	648	557	499	787	396	229	654	454
ENSG00000173370	80550	1053	578	603	1071	1299	1213	1172	1658	1547	867	1596	819	951	1110	768	855	934	643	1641	1341	827	1196	865	1217	1005	905	1292
ENSG00000224917	1450	15	25	33	6	26	46	39	38	46	38	25	24	21	21	59	24	26	15	54	23	39	29	49	39	23	37	38
ENSG00000125650	900	39	75	85	41	46	64	18	25	53	38	54	60	78	28	48	37	26	61	28	26	23	46	27	65	39	49	32
ENSG00000199033	49300	1668	2008	1339	752	1964	1105	1120	1531	1689	1175	772	1164	1259	1298	1603	1100	823	1419	2336	1229	1585	1546	1410	1082	1263	919	1134
ENSG00000207163	1650	24	27	40	23	28	26	59	27	28	10	67	54	37	36	40	83	35	57	35	28	19	25	18	46	30	39	52
ENSG00000106426	28600	882	580	1079	999	659	597	313	704	609	322	885	755	661	700	699	221	673	564	625	411	751	699	509	324	805	806	501
ENSG00000183466	150	0	3	2	0	2	1	1	3	1	1	3	2	0	5	0	2	1	2	4	0	3	6	2	3	1	1	2
ENSG00000229127	20250	328	195	243	564	697	444	480	2308	2160	2305	1327	1006	1060	923	1573	4910	2604	3494	3412	74	81	118	253	6141	6839	10720	9462
ENSG00000136732	1400	31	18	25	23	51	12	13	18	18	16	33	16	21	35	32	27	21	27	28	11	34	18	19	42	30	32	11
ENSG00000219011	5500	51	71	161	132	61	112	146	67	119	87	82	73	53	66	86	49	79	87	90	87	96	127	107	80	63	91	119
ENSG00000223999	17600	245	314	411	372	121	276	263	388	460	394	179	125	465	219	521	265	260	315	247	422	225	517	499	259	196	226	321
ENSG00000169064	150	1	3	3	1	3	3	4	3	0	2	2	7	3	3	5	4	4	5	5	4	2	2	2	2	4	2	2
ENSG00000106108	250	6	7	5	3	2	3	3	5	2	4	6	3	13	4	5	9	3	4	4	8	2	11	7	14	5	10	7
ENSG00000191843	4150	95	134	166	85	209	71	98	73	52	65	104	196	201	95	210	102	185	155	140	142	185	99	251	107	82	114	196
ENSG00000106888	900	13	39	30	51	25	93	58	264	192	94	209	92	84	70	134	319	464	499	275	10	9	10	15	458	749	900	746
ENSG00000230050	19150	273	193	110	190	235	235	278	233	238	192	234	198	294	237	255	305	205	98	222	325	269	100	319	414	114	316	133
ENSG00000131703	6800	184	114	92	171	155	164	73	211	141	119	159	189	141	128	116	171	208	70	182	185	106	94	261	138	229	83	106
ENSG00000215498	1050	13	20	16	21	20	15	20	27	20	21	18	13	14	11	12	10	25	27	6	19	20	8	10	14	12	16	19
ENSG00000132865	38750	786	876	703	1328	644	988	824	955	1181	479	992	937	424	858	707	923	688	620	710	715	822	574	537	968	655	812	802
ENSG00000137970	26400	463	752	537	366	1019	421	828	523	393	666	522	394	633	392	348	756	864	822	816	671	695	456	273	454	800	647	318
ENSG00000228080	22200	407	535	254	281	334	155	371	287	277	503	351	432	304	333	331	366	585	318	273	540	329	323	338	405	334	222	270
ENSG00000162324	3000	46	51	54	64	49	56	28	35	51	65	43	42	61	38	58	27	67	59	37	24	57	36	41	22	19	32	26
ENSG00000231817	2100	61	66	15	47	45	32	51	34	71	56	32	36	18	32	30	77	44	29	88	40	22	55	41	29	41	69	48
ENSG00000162197	650	3	4	12	7	9	5	4	6	8	12	6	6	10	10	7	8	6	8	4	7	5	16	9	9	8	6	7
ENSG00000114669	250	3	1	3	0	3	2	2	0	1	2	5	1	1	1	6	1	1	0	4	4	1	2	2	3	0	5	2
ENSG00000161129	4200	92	76	44	61	36	44	46	52	32	43	36	78	61	70	62	52	64	117	45	109	61	53	51	88	42	40	77
ENSG00000104271	29450	777	286	820	770	668	460	530	610	468	550	566	504	292	608	327	465	384	613	375	670	605	741	647	619	506	694	464
ENSG00000243407	3800	82	83	88	58	93	131	103	118	47	69	94	111	53	49	71	58	94	99	56	71	168	68	56	123	49	101	62
ENSG00000118735	22950	512	353	278	472	566	473	236	387	476	542	459	337	402	357	456	406	642	367	468	333	619	303	350	381	340	287	652
ENSG00000117453	2800	39	35	25	30	42	22	46	32	55	65	35	54	54	24	47	30	32	29	16	32	22	52	53	29	49	39	40
ENSG00000120275	2300	80	58	43	73	26	50	52	58	80	72	67	57	54	56	92	28	60	35	59	34	49	45	40	43	50	43	51
ENSG00000157028	3250	86	77	72	50	39	85	53	32	65	41	72	39	48	64	73	62	74	124	52	31	59	86	67	54	55	52	74
ENSG00000110791	80650	1139	1685	1279	1336	1777	2057	2018	1632	1544	1146	1519	1784	1709	1190	819	1370	1361	1320	1070	1045	2161	1854	1135	1454	1922	2054	1890
ENSG00000143428	650	15	12	12	7	16	6	15	10	27	7	12	17	11	18	8	21	12	16	6	29	7	6	11	15	9	18	7
ENSG00000137665	2600	52	34	65	36	30	26	37	44	27	24	59	39	31	28	28	23	35	45	20	49	52	42	60	26	26	7	49
ENSG00000139324	26200	663	472	771	597	487	800	596	1048	972	448	802	399	694	491	589	913	344	885	1236	513	684	692	1034	796	673	355	661
ENSG00000225786	73550	878	836	945	1496	666	855	791	1354	725	964	992	1184	454	1320	978	792	718	1103	824	1865	876	770	831	739	758	767	931
ENSG00000160777	29200	342	365	468	560	445	495	360	680	282	529	270	590	601	406	419	469	371	469	345	500	459	327	369	475	466	197	420
ENSG00000225036	1266700	25881	34291	33295	18056	23132	19513	16042	19964	38905	19910	24635	30119	33530	18712	27859	23134	25998	14041	18465	20133	30086	21881	30176	18201	14565	15974	37435
ENSG00000114049	7200	112	137	93	136	94	64	140	73	134	117	106	120	65	94	99	138	65	121	127	202	152	143	90	150	79	58	105
ENSG00000155478	6550	137	232	134	140	152	157	343	130	144	143	119	132	191	185	168	113	120	148	120	106	255	111	187	116	113	219	140
ENSG00000179923	2850	51	61	42	34	43	52	68	26	28	39	31	74	39	30	45	63	55	20	47	73	48	83	26	34	69	34	63
ENSG00000223462	3750	40	68	131	101	50	93	73	62	73	69	121	32	63	71	92	74	67	68	151	71	65	58	37	113	21	78	47
ENSG00000180322	235700	3352	3878	3207	4815	3689	6161	3680	4090	6557	6716	5995	3344	2794	6169	3620	7713	5253	4818	2376	2728	4189	5262	5731	5869	5285	7553	6950
ENSG00000129896	47300	1652	1706	1312	773	942	923	894	1937	970	1734	1389	1118	1073	1404	1411	763	928	1108	1284	1209	1121	1719	1154	1636	1420	1270	427
ENSG00000247374	3500	103	28	49	40	85	92	52	85	44	69	67	120	110	59	84	68	67	81	55	37	42	166	78	117	71	83	49
ENSG00000231392	194350	3111	5714	4962	10335	14485	8084	6597	22283	29866	30663	17658	27963	11120	21040	8964	50526	82289	77111	70785	2198	1885	1526	1651	113035	173345	140746	105804
ENSG00000126621	850	15	26	24	29	23	24	13	16	14	16	15	33	21	16	14	17	21	48	12	29	13	19	27	22	27	22	16
ENSG00000146679	445650	5532	3587	4079	6147	4624	2882	5967	2720	5622	5528	4588	5284	4861	4897	12709	6281	4748	5824	6954	6496	2834	4718	6334	6296	6056	6008	6146
ENSG00000100930	1650	69	52	37	94	70	55	106	47	88	64	59	89	45	87	70	57	88	75	56	57	54	58	39	52	82	49	35
ENSG00000170883	45000	891	423	264	870	1235	691	518	573	793	1233	946	580	822	1012	957	405	578	443	853	1090	1270	424	864	525	484	903	658
ENSG00000136766	300	4	15	3	8	10	10	8	9	8	11	7	4	11	5	11	13	14	10	9	13	9	11	13	13	9	8	13
ENSG00000152881	11400	177	173	147	415	212	121	214	175	190	120	202	152	181	312	232	255	156	204	125	243	221	77	155	275	278	208	240
ENSG00000209015	3250	30	50	60	115	60	58	54	56	95	48	62	32	107	55	39	90	96	46	16	103	41	72	61	55	29	50	80
ENSG00000143979	11550	183	233	132	273	294	767	360	984	946	1239	1227	811	616	643	694	4105	2879	2011	4469	103	123	46	67	7937	5157	6108	5368
ENSG00000155621	13400	155	184	164	364	563	390	231	1940	2271	2140	2102	1429	840	1248	578	4915	2549	3327	4742	168	38	99	99	9451	6861	7975	10091
ENSG00000206039	100	2	4	4	10	5	5	5	4	8	8	7	11	5	2	5	7	6	4	11	2	10	7	1	3	10	5	3
ENSG00000132369	150	3	7	3	5	3	10	4	8	6	6	1	5	6	10	4	7	6	5	6	4	2	4	4	14	2	4	3
ENSG00000182260	78000	3167	2616	2363	1938	4707	3017	2182	3280	1392	2403	2917	2505	4149	1679	1532	2967	2500	1593	1976	1745	2438	1911	3761	1594	5370	2640	4371
ENSG00000102931	600	15	20	9	16	7	6	6	14	13	12	13	22	11	4	15	12	14	14	6	22	15	18	6	16	16	15	10
ENSG00000214690	100	4	0	0	1	1	2	0	0	1	1	0	3	4	2	2	0	2	5	3	1	0	1	1	2	1	0	2
ENSG00000119985	33450	477	1255	496	2147	911	2036	1319	4593	5771	6731	6298	1970	3338	1937	2523	5457	12533	9432	10050	395	318	149	434	19359	15277	32188	15241
ENSG00000116294	8250	120	98	65	154	75	153	214	117	99	193	194	144	164	97	100	158	153	95	88	99	79	101	53	112	143	163	80
ENSG00000163267	9250	98	133	165	93	190	173	149	283	165	146	283	112	130	178	182	205	130	122	258	215	225	106	225	146	177	250	228
ENSG00000241168	5150	109	120	35	284	251	191	151	1159	1157	914	538	606	495	568	628	2237	2781	2953	3034	50	46	62	34	2876	2513	2357	2768
ENSG00000239705	22150	505	1209	657	576	590	484	414	419	255	436	451	637	759	497	932	358	433	268	597	769	336	667	475	547	647	845	670
ENSG00000102465	42800	848	802	517	989	1049	1235	550	925	1198	1009	1765	1117	895	986	1395	797	788	651	867	752	1129	710	1086	1267	910	735	933
ENSG00000105902	4350	95	99	85	65	51	105	50	121	89	60	42	58	97	101	133	58	61	80	100	172	108	136	87	105	112	95	50
ENSG00000177410	10600	285	285	495	341	500	257	262	338	368	419	303	301	340	382	238	286	441	184	311	298	477	138	409	179	195	210	433
ENSG00000139401	200	1	4	4	1	4	4	4	1	3	3	0	1	1	2	2	3	1	7	0	3	2	1	3	4	3	5	4
ENSG00000230096	3600	96	98	149	88	136	136	73	80	103	88	96	65	57	102	70	48	92	75	78	145	70	79	66	98	80	94	45
ENSG00000241302	650	19	21	15	12	18	17	17	14	22	7	30	24	17	14	21	24	26	23	43	13	17	29	47	21	31	41	12
ENSG00000201493	900	11	6	7	23	10	12	17	14	21	11	22	10	12	13	22	11	12	20	15	7	12	11	18	17	21	12	12
ENSG00000248169	32200	1617	608	1144	1437	867	1201	725	617	1135	1124	940	1243	1412	1111	702	861	732	1437	994	750	574	1174	1000	846	1029	819	1154
ENSG00000195807	50	3	2	0	1	4	1	1	0	1	1	2	5	3	1	5	1	3	0	1	1	0	1	3	4	0	3	0
ENSG00000202020	12250	212	228	247	153	212	235	155	329	257	209	170	76	313	270	240	321	132	193	257	333	419	191	165	201	304	156	312
ENSG00000227039	100	9	11	7	10	15	8	17	19	10	5	6	4	12	9	12	0	12	13	5	8	13	1	3	11	3	14	16
ENSG00000246902	72700	1782	655	1815	970	2012	1114	2180	1277	1117	1025	1081	839	973	1134	891	2144	1138	1164	1548	989	1063	976	1018	1322	1828	1992	1437
ENSG00000136065	4600	130	305	111	264	156	198	276	143	195	220	143	200	155	148	163	120	149	256	233	172	160	227	212	213	119	155	250
ENSG00000238807	27450	1213	1412	642	1099	768	508	627	697	1048	737	436	408	756	867	1040	906	695	794	541	497	711	1087	1199	870	367	557	737
ENSG00000125285	6000	47	39	128	58	59	93	90	85	85	95	82	85	99	40	38	148	137	59	52	78	65	90	71	99	68	81	66
ENSG00000197742	350	11	7	8	5	3	5	3	7	8	6	14	6	6	8	5	5	13	7	6	14	1	6	2	6	6	6	7
ENSG00000120921	439350	13241	14673	15076	17284	15284	21158	21757	16798	9783	14594	14522	18606	10971	17234	14801	21819	6184	17808	20608	24553	17760	11228	19020	20349	29220	24873	26106
ENSG00000244267	5500	90	77	69	94	48	158	107	107	104	60	72	75	54	120	100	102	105	97	92	110	124	104	142	80	93	169	122
ENSG00000220783	700	17	20	29	16	10	4	14	8	18	14	9	12	9	13	17	13	10	13	20	15	2	18	5	10	16	10	21
ENSG00000192444	47350	827	607	1471	1185	1252	1429	888	970	865	1669	1171	1322	580	1214	1583	1275	1038	1260	1352	2241	1009	935	1334	1285	1045	1474	2546
ENSG00000172627	1040100	18481	14057	28017	34059	38908	72774	24226	113661	184378	171030	204411	82337	66506	89129	82366	379262	410888	303381	306252	13234	7969	10159	7318	625900	477229	604413	773162
ENSG00000110665	12650	188	212	205	159	146	179	96	162	131	151	154	146	140	180	180	125	185	178	180	145	117	149	174	132	180	166	181
ENSG00000148431	5400	68	30	49	28	68	67	47	54	53	44	64	82	52	24	68	94	62	36	52	33	44	33	62	30	59	58	74
ENSG00000205925	30600	331	483	459	704	358	304	635	493	379	575	655	353	810	708	562	441	504	612	1020	523	414	339	409	447	281	435	321
ENSG00000205294	50700	764	1485	963	786	644	1117	1036	603	433	786	899	857	777	741	1081	436	648	546	714	1368	952	962	978	734	540	1226	696
ENSG00000166864	45850	1319	1271	721	876	1011	655	1177	1230	585	1483	861	783	787	1158	1439	1173	910	856	298	826	1006	568	1217	864	963	1757	1567
ENSG00000101582	2800	83	96	77	190	106	72	103	109	111	75	92	95	103	63	40	106	72	83	29	69	43	94	91	87	72	95	72
ENSG00000167978	5400	217	160	163	132	248	130	124	135	89	69	108	188	98	172	122	226	180	210	113	60	212	172	109	150	137	117	105
ENSG00000107006	21950	339	478	518	255	260	450	374	277	280	355	539	530	576	348	377	388	326	324	399	380	354	384	309	360	561	463	364
ENSG00000247632	298350	7434	5373	4478	7161	11635	9668	5954	5286	5916	10631	11652	8263	8513	10755	4978	15464	4758	2761	6540	6597	5508	8119	8070	10243	5875	14343	7589
ENSG00000225402	112950	1166	2914	3004	2047	1947	2259	1949	1654	2886	719	2800	2315	1904	1731	2094	2310	1483	2561	1486	2162	2303	1657	1569	1889	2498	1238	922
ENSG00000128654	2500	60	50	79	47	29	48	66	64	34	28	28	39	58	60	53	37	38	66	47	34	71	105	34	58	88	39	86
ENSG00000156826	15750	300	328	133	370	308	485	455	423	424	425	278	372	400	270	446	345	494	632	248	200	263	253	497	352	351	438	296
ENSG00000230778	35600	1186	640	554	948	543	701	1060	877	689	923	1382	795	885	984	671	1171	1844	1007	683	800	1276	570	735	784	1041	420	787
ENSG00000190869	2200	59	68	32	59	43	49	43	28	40	40	36	40	39	30	51	65	28	20	46	35	36	40	54	40	29	13	51
ENSG00000199990	0	0	0	2	0	0	1	0	0	3	2	1	1	1	0	0	1	0	0	2	0	1	0	4	2	1	0	0
ENSG00000104840	23350	259	447	373	541	1151	865	507	3930	3001	2768	1197	1768	2316	1714	1887	4367	7702	6740	5531	140	159	278	209	9283	14131	18923	7765
ENSG00000207819	4300	92	43	37	50	75	106	30	53	79	32	67	33	46	53	53	41	41	38	56	76	84	26	61	49	33	26	28
ENSG00000246530	12950	274	287	376	142	157	294	205	227	402	236	274	191	446	283	338	343	282	237	201	334	194	192	287	222	335	210	374
ENSG00000192115	17950	293	435	253	187	238	304	402	252	206	628	408	229	367	344	436	302	351	436	274	367	438	380	225	393	367	197	295
ENSG00000211005	11550	288	144	61	271	284	257	214	182	227	123	163	145	209	113	245	173	205	255	270	137	114	97	231	255	236	199	219
ENSG00000148706	36050	242	269	205	897	652	576	675	3497	2987	2286	1773	1015	1255	1825	1510	7090	6222	8128	12413	184	207	219	156	12493	11006	9443	14724
ENSG00000100365	60250	1162	1770	1446	847	2040	1519	1246	1788	2050	1512	1412	1162	721	1781	1963	935	1200	826	1744	1542	2355	1312	853	2889	1331	1717	1053
ENSG00000137111	3500	59	86	66	44	36	84	88	85	48	48	54	67	71	70	69	57	31	100	95	49	58	34	80	111	107	88	46
ENSG00000231311	550	2	5	14	6	9	7	9	13	6	8	3	5	9	9	9	4	7	4	13	3	3	0	13	10	10	3	8
ENSG00000197242	50	2	4	3	1	1	2	0	3	1	2	2	0	1	6	0	3	2	2	0	3	0	0	2	0	1	2	1
ENSG00000189486	35450	518	560	495	624	661	604	312	393	469	443	428	608	507	691	451	555	410	568	640	360	622	572	381	371	599	634	332
ENSG00000109103	500	10	7	12	10	12	3	8	14	11	8	14	18	13	11	6	9	14	7	13	8	14	11	6	15	6	13	10
ENSG00000219428	5250	72	103	119	86	70	176	148	120	82	82	157	191	92	188	157	113	118	68	84	122	56	24	46	101	79	203	98
ENSG00000205820	10250	99	264	233	338	248	118	275	221	151	132	189	195	210	233	162	197	195	171	140	135	175	165	172	175	116	128	210
ENSG00000151583	43500	767	621	847	684	480	604	1219	760	1292	718	1163	750	741	1334	924	804	622	604	630	713	765	1224	930	658	899	495	894
ENSG00000116694	78350	429	892	815	515	638	983	1505	1091	1332	896	617	1332	1343	817	776	741	1273	816	1050	840	1132	1396	995	1238	631	897	875
ENSG00000219832	7800	148	93	155	213	201	105	235	196	229	175	178	163	135	213	219	206	193	142	184	223	69	226	218	233	203	206	157
ENSG00000205065	12250	200	149	233	143	194	279	315	227	241	206	247	174	197	189	184	144	164	164	206	148	238	203	172	75	105	190	307
ENSG00000110222	370100	5236	12087	8152	21730	27665	10855	28711	109828	72834	76992	96952	77495	24832	34053	42168	133238	155851	138728	152974	4679	3541	2580	2712	277369	484797	214237	516657
ENSG00000226634	200	0	3	1	3	0	1	1	3	5	3	3	3	5	2	2	1	2	3	1	0	4	5	3	1	2	1	2
ENSG00000145472	6600	185	52	93	152	125	117	164	53	142	111	112	158	193	137	125	108	103	126	119	104	81	82	152	118	171	106	210
ENSG00000168594	1900	38	33	52	28	35	21	29	45	26	81	25	27	31	59	32	22	28	12	37	47	29	27	28	35	36	46	22
ENSG00000237678	5750	111	119	177	139	91	178	75	60	144	127	108	126	71	117	75	154	140	116	179	87	136	148	138	133	142	123	72
ENSG00000131590	163100	7122	6411	7006	4608	7342	8375	10272	5912	7040	5243	3894	6106	4460	4362	5935	4814	6476	7918	6643	12598	6164	6868	7225	5062	6779	5346	5917
ENSG00000201758	2450	48	50	66	69	37	63	60	76	52	49	84	61	52	64	74	70	59	88	59	58	72	62	53	64	97	82	81
ENSG00000243970	450	7	12	7	11	16	19	23	10	20	8	34	12	5	11	12	19	19	7	9	4	7	29	9	3	11	25	20
ENSG00000204018	400	11	8	5	7	10	11	6	18	17	15	6	1	9	4	10	15	14	11	9	13	17	9	5	12	6	10	9
ENSG00000143522	13100	178	126	124	96	148	223	134	68	113	167	101	177	103	105	202	156	184	132	119	234	160	143	145	136	167	148	114
ENSG00000159424	1600	36	47	49	56	69	71	46	42	41	17	42	63	28	49	27	59	38	35	30	45	61	44	72	29	26	41	36
ENSG00000215733	2700	28	48	54	48	90	40	76	175	329	382	352	129	332	75	125	400	450	316	948	10	18	23	23	828	870	1254	995
ENSG00000196805	79700	2638	1949	1352	1058	2092	3962	1590	1684	2378	1883	1654	1667	1393	2300	1674	2099	1684	1409	2601	794	2072	1311	2292	1955	1862	1355	1716
ENSG00000234431	619100	6307	9642	8050	8921	21496	7250	20155	8503	12186	10673	9762	12498	10209	24270	14875	15119	9657	5861	17417	5056	21755	10231	10493	12773	8065	13392	6300
ENSG00000240756	4500	55	46	69	64	67	50	21	93	75	77	51	94	96	50	78	31	72	61	48	56	54	61	69	49	118	46	60
ENSG00000225076	1600	17	37	17	31	23	17	32	20	28	26	11	17	21	43	36	15	38	20	36	19	23	28	11	34	27	38	16
ENSG00000202547	26250	510	699	682	439	469	767	671	484	618	532	587	562	483	502	361	392	528	351	421	714	321	466	512	563	720	461	361
ENSG00000174334	3050	51	123	81	82	103	139	104	107	53	84	57	53	87	93	85	70	59	75	70	66	70	110	57	57	70	131	88
ENSG00000181217	66600	547	1634	882	1194	945	933	1669	977	1600	891	1719	451	644	883	843	1068	1121	1209	1117	840	706	924	1182	882	971	899	990
ENSG00000189352	76450	590	1646	1125	1761	1641	1674	1564	1032	915	945	1073	1030	1415	1571	1267	1706	904	994	862	1027	1549	1272	1517	1013	2379	1983	1383
ENSG00000194261	26050	766	1377	858	2637	2551	2010	1101	3869	12650	3827	5260	4256	2715	5261	5936	13411	11338	13446	8995	351	665	338	587	27238	40877	29367	25120
ENSG00000113504	16650	171	229	347	477	160	227	240	109	276	284	164	185	283	269	130	165	201	230	275	205	159	226	236	218	249	326	134
ENSG00000246031	900	21	17	23	28	29	42	18	11	43	30	17	33	19	25	16	20	17	27	16	32	37	22	41	13	21	29	31
ENSG00000170978	39550	778	952	870	1056	1998	789	1366	1848	1760	874	1013	871	1421	1854	1237	716	921	1413	1150	1031	992	1217	1140	1019	893	933	1346
ENSG00000193971	141000	1406	2089	2463	2577	1632	3879	2404	1644	2367	2791	2757	1765	2275	1712	2002	2976	1443	2355	1353	1779	2811	1612	1471	1120	2032	1736	2868
ENSG00000210553	450	16	14	18	5	15	3	13	8	8	11	15	13	5	15	26	4	18	3	7	13	14	5	20	7	6	10	8
ENSG00000221334	3400	51	55	61	42	91	45	76	81	29	29	87	25	41	91	28	103	42	67	45	34	73	38	73	44	64	59	42
ENSG00000126178	14150	514	446	571	451	625	571	537	317	604	595	519	436	579	680	604	595	527	519	667	465	871	625	556	405	692	523	480
ENSG00000177853	16850	262	219	386	315	320	230	310	288	313	304	243	335	385	364	240	399	208	368	338	293	295	304	329	501	160	314	226
ENSG00000219901	106100	1874	2700	2836	1730	3292	1894	1093	1107	1426	1737	3405	1856	2541	1353	2426	1858	1320	2070	1513	1142	2082	1837	2373	1603	1904	1491	3172
ENSG00000167319	1250	40	35	33	27	18	8	21	17	25	17	40	25	10	21	13	35	8	32	23	24	37	35	15	36	20	31	23
ENSG00000125644	3700	122	73	92	63	88	123	112	99	63	62	84	115	87	142	226	127	65	69	75	149	115	56	85	107	92	128	160
ENSG00000134847	10100	244	219	214	103	220	129	131	154	177	127	172	82	96	159	138	197	168	188	182	241	177	141	144	133	332	189	243
ENSG00000167558	5500	156	216	179	159	285	172	156	239	152	238	84	152	277	164	265	208	57	122	145	262	147	187	212	322	419	154	204
ENSG00000205028	60050	1439	1900	1275	1501	1583	1366	2246	1507	1702	1891	1480	2031	1503	1294	1257	1323	1035	950	1195	1284	1950	2616	1301	2416	2443	2850	875
ENSG00000152875	36300	716	790	689	742	1516	1013	897	564	1018	1139	1540	621	1098	1308	1104	1038	921	888	792	545	980	801	577	628	1150	1342	955
ENSG00000237022	106350	4031	2159	3932	1232	4825	3713	5025	3001	3586	4087	2759	2471	2800	3522	3852	4761	2771	4176	5356	2794	3974	4745	3497	3987	3658	3509	2854
ENSG00000179342	3550	223	142	99	126	173	113	257	137	138	146	115	152	158	101	164	185	159	142	84	146	106	114	165	71	378	282	143
ENSG00000249760	1650	72	40	81	56	58	60	21	99	36	72	77	61	71	55	68	59	36	76	64	73	84	63	40	44	57	106	95
ENSG00000144878	56150	1789	1391	1420	7691	4713	2653	4981	8802	22939	15622	17365	4299	7877	4255	8743	39957	23974	28951	33013	1759	1300	1170	1000	81723	64323	42847	50401
ENSG00000244784	12500	563	395	172	484	314	275	323	384	640	384	441	273	361	527	319	374	625	588	505	379	352	912	401	307	743	389	453
ENSG00000249897	850	12	23	12	25	19	23	11	34	28	29	13	15	17	18	14	13	24	15	17	21	10	16	19	19	10	10	26
ENSG00000201486	2850	50	16	48	41	65	99	58	279	321	369	357	108	209	83	140	341	441	543	605	40	30	8	26	1030	1757	1065	1111
ENSG00000106469	36700	489	315	486	1732	972	979	967	4360	5946	2952	6073	2881	2242	2406	1832	7619	8274	14784	9405	462	676	210	189	20909	16626	19569	14298
ENSG00000162552	63050	1194	851	1467	776	2078	1637	873	770	2349	1296	1455	1281	889	1341	1706	904	1378	1172	753	1381	1222	1200	1042	1736	1738	732	1327
ENSG00000172604	2750	41	88	58	51	75	99	73	622	348	137	273	116	146	208	216	1091	509	422	933	24	23	15	22	1909	1466	1805	1841
ENSG00000174179	475050	5767	3961	8604	4761	5476	7664	4858	3690	7353	8766	3960	5529	11082	5539	5692	4654	5856	6255	2568	7136	5582	10971	4419	6235	5010	7915	2898
ENSG00000247319	32900	627	621	772	885	592	545	640	699	577	434	318	381	580	637	771	470	526	599	321	245	706	409	424	579	538	660	582
ENSG00000113443	4950	111	161	194	123	218	175	310	89	325	137	188	199	128	109	125	188	172	165	107	180	230	255	160	131	236	184	346
ENSG00000126356	80550	2485	1180	2684	2487	2293	1389	3356	1557	2262	1915	2263	1962	3129	2578	2014	1220	2030	1734	2129	1037	2324	1558	1543	2244	1236	2612	2025
ENSG00000136459	5800	146	179	155	180	190	186	115	203	259	108	165	214	185	163	103	116	145	170	243	137	283	288	268	246	375	175	288
ENSG00000222625	400	12	9	7	7	15	6	8	12	7	9	12	8	2	7	7	6	16	15	4	9	8	11	4	9	2	5	10
ENSG00000235519	3050	64	57	55	37	43	96	90	61	59	44	47	53	102	63	75	33	32	69	31	52	86	79	87	62	49	70	58
ENSG00000235707	73000	1249	564	983	694	808	888	999	1179	534	487	873	1029	512	1536	782	1047	800	1328	542	681	1023	1093	815	1092	1419	1012	1561
ENSG00000115901	64650	633	1401	1011	1318	1049	879	887	1113	873	1175	1063	486	573	1143	1120	1128	980	1191	690	820	1252	1034	917	742	1087	1031	1804
ENSG00000249489	1500	44	85	49	62	134	56	44	64	84	43	71	80	89	49	51	46	67	53	49	57	136	57	70	62	42	63	78
ENSG00000179515	3250	160	102	189	96	131	98	89	95	80	76	76	80	114	91	77	137	91	113	166	117	150	90	102	52	120	137	127
ENSG00000242482	7100	155	165	130	168	160	87	74	179	221	172	57	133	161	97	132	197	233	76	126	175	158	231	157	138	160	172	148
ENSG00000129040	50	1	2	4	4	2	6	1	10	4	1	2	1	4	2	3	1	6	1	2	6	6	4	0	1	5	6	5
ENSG00000219085	1900	46	41	28	33	48	42	36	17	24	55	20	32	25	38	44	43	65	37	12	20	29	35	46	29	25	41	58
ENSG00000246978	1800	53	41	26	23	41	32	38	67	40	62	27	34	36	50	47	45	65	43	29	18	51	33	24	53	62	64	27
ENSG00000136436	39750	795	830	792	617	611	519	752	536	707	711	960	612	975	1024	760	1079	538	630	737	608	1001	218	896	837	684	585	899
ENSG00000192907	250	12	13	17	12	8	7	8	15	7	12	3	10	5	11	12	16	3	13	5	11	8	3	9	10	18	19	9
ENSG00000130549	96950	832	947	1399	2574	3116	2239	3981	9214	6916	7870	9011	9482	3788	8497	4687	11576	18451	21851	10409	482	527	1250	1116	116958	71887	40501	16204
ENSG00000236983	2900	95	140	68	49	152	113	94	66	160	50	86	111	136	104	150	107	89	81	63	91	82	120	121	100	113	124	102
ENSG00000131921	5800	133	173	128	47	31	118	61	96	106	127	100	83	85	87	69	117	91	86	42	178	103	23	110	140	38	159	128
ENSG00000190670	100	2	5	1	4	5	1	6	6	1	3	0	2	1	8	4	0	3	1	2	4	2	1	2	0	4	5	3
ENSG00000210371	210300	2721	2807	2663	2096	2357	3451	3248	3216	1895	2642	4111	4589	2495	2289	3540	1378	5423	3480	4768	2700	2026	2921	4818	6473	4720	3611	2218
ENSG00000172708	934650	24742	8240	16941	11523	17058	15875	20479	13473	16328	14697	16171	13481	17516	17003	14569	11491	13068	18955	17327	9673	21117	17012	8923	21167	17819	17445	15070
ENSG00000190917	500	12	9	1	12	5	1	4	9	5	9	4	3	5	11	2	11	4	8	1	1	7	5	4	4	7	5	8
ENSG00000159347	3450	46	79	56	32	47	39	49	44	100	78	45	53	41	60	50	50	49	44	78	61	47	44	48	37	60	51	92
ENSG00000168623	0	1	1	4	3	3	1	2	1	2	0	2	1	2	2	0	0	1	1	0	0	2	1	3	0	0	3	1
ENSG00000178464	7650	126	164	218	133	161	48	208	160	59	202	96	137	210	72	181	118	125	181	120	188	71	127	158	136	96	72	118
ENSG00000230849	11500	97	202	203	159	196	109	97	112	177	189	129	165	151	73	156	155	129	60	204	177	78	183	127	250	102	245	190
ENSG00000220856	13800	275	228	227	211	221	96	221	186	282	149	191	126	216	196	116	131	222	200	184	204	232	198	225	172	281	181	256
ENSG00000219880	50	8	10	7	10	10	4	6	9	14	5	2	9	7	6	8	3	8	11	9	8	9	9	6	7	10	5	1
ENSG00000184476	672850	32397	23856	11659	27972	36024	39634	36973	144647	320317	114524	146741	107874	92195	54362	58808	193180	282746	221453	282385	11259	6298	5935	8495	392435	712669	617020	712007
ENSG00000239313	62500	328	887	1312	685	1607	716	1103	1707	992	781	817	1161	696	436	585	1071	995	1016	758	1201	828	404	643	387	789	546	1452
ENSG00000208841	150	8	4	8	2	6	4	3	3	2	5	4	2	4	4	1	0	3	8	2	9	3	5	10	5	2	4	5
ENSG00000200144	700	22	41	15	19	21	54	50	11	26	17	29	30	24	42	23	17	17	20	13	23	32	17	56	26	23	25	38
ENSG00000240473	2650	69	102	53	52	67	52	58	74	87	60	87	39	51	100	67	73	123	66	58	114	82	67	91	153	44	53	53
ENSG00000217447	3750	169	97	69	107	163	57	174	104	112	114	104	84	264	79	154	78	119	170	80	132	85	160	183	141	100	82	71
ENSG00000247788	502150	9175	4579	6412	15761	15899	8527	13608	73892	98811	116384	105576	30762	49187	17509	33708	115271	90925	88003	117752	4943	4011	7846	4420	285557	531510	237365	294582
ENSG00000232627	700	18	9	14	15	17	16	13	19	11	18	8	20	13	4	14	10	11	21	7	21	5	17	17	11	16	23	9
ENSG00000177749	1750	32	22	40	40	41	65	35	69	34	61	56	26	30	26	51	61	35	32	52	43	45	49	74	30	62	53	54
ENSG00000120075	2600	72	74	61	95	116	82	61	105	68	49	59	49	77	72	75	117	61	103	71	66	69	83	84	40	82	62	135
ENSG00000141526	4650	50	53	79	68	41	42	51	66	53	87	70	73	60	88	41	64	95	102	34	48	59	101	86	66	64	55	61
ENSG00000241650	8400	96	132	141	232	135	64	127	83	75	200	90	153	141	138	90	75	128	68	111	100	138	151	96	137	120	80	87
ENSG00000213267	26500	310	374	394	309	464	346	374	218	237	220	359	281	369	377	261	426	427	181	239	217	210	443	356	235	497	388	171
ENSG00000142039	235550	6120	4991	3856	7279	7521	6759	5601	4583	4560	7736	5848	5817	4712	5417	6442	6046	9178	7505	7072	5456	5634	4994	5236	7015	4819	6731	5362
ENSG00000117622	125400	2396	2344	2192	2614	1317	1585	2820	3492	2749	3877	2029	3323	3007	3874	1627	2794	2490	2694	2147	3277	2627	3054	2051	1480	1732	1569	1627
ENSG00000107766	5900	448	456	244	225	426	397	334	347	396	348	503	412	282	283	685	318	422	307	542	312	718	248	294	272	303	349	357
ENSG00000217238	0	8	12	13	3	16	12	4	8	10	5	7	4	7	3	1	5	9	6	4	8	9	7	5	2	4	6	7
ENSG00000138129	700	21	7	21	16	18	16	23	10	29	28	18	8	11	21	20	23	22	26	22	39	16	25	20	16	6	14	24
ENSG00000158586	650	7	13	22	49	14	16	13	34	17	13	25	21	27	18	29	24	17	30	25	29	13	24	35	23	28	31	20
ENSG00000184675	5950	96	93	127	84	108	120	129	160	50	63	60	71	68	110	116	128	77	175	113	230	109	43	139	83	101	143	66
ENSG00000227824	1000	8	17	20	12	13	19	12	15	14	12	14	12	10	12	16	13	15	21	21	8	7	14	11	10	17	18	24
ENSG00000112158	3150	28	30	71	31	29	39	17	30	46	48	46	54	25	33	30	46	29	37	58	17	20	39	52	41	56	36	48
ENSG00000243578	38300	695	397	797	803	546	450	417	1062	652	644	529	916	827	481	679	725	773	1033	997	895	1419	557	1234	719	1093	910	986
ENSG00000123116	36500	1682	3208	2056	1762	2620	1507	2214	1780	3146	2234	2753	3882	1226	2608	2364	1215	1664	2162	1626	913	2149	1914	1305	2136	1720	1868	1888
ENSG00000151988	4150	124	115	130	94	71	73	83	100	81	82	143	53	113	70	62	101	65	91	106	74	105	61	75	128	75	95	92
ENSG00000207175	95650	3605	2662	3602	2401	1953	1768	4496	2084	3587	3791	2623	2230	5406	4587	1860	1956	2109	2962	3403	3272	3319	2756	3044	5013	2057	3009	1732
ENSG00000223157	50	0	1	0	0	1	0	1	0	1	0	1	1	0	1	1	0	1	0	1	0	1	0	0	0	1	0	0
ENSG00000242635	11950	98	136	78	197	261	133	54	143	82	148	182	114	195	102	135	96	152	340	189	57	153	103	210	217	115	97	227
ENSG00000189774	1750	80	48	32	22	41	29	18	51	23	60	41	78	35	36	37	75	57	36	53	54	24	34	22	37	40	34	46
ENSG00000182504	30450	549	747	409	453	640	730	989	539	325	553	1077	556	498	1084	634	600	641	921	736	645	495	503	825	419	463	691	433
ENSG00000139957	3550	106	74	68	103	155	117	196	61	145	62	109	102	99	118	157	63	106	80	79	152	115	158	91	130	135	117	106
ENSG00000237378	12100	177	209	244	146	206	249	183	218	141	381	278	81	192	183	138	281	346	164	190	216	248	187	111	203	138	183	267
ENSG00000165841	29250	688	434	409	356	385	503	512	166	512	357	547	404	449	471	432	537	592	485	316	501	409	442	329	438	290	290	560
ENSG00000196702	7650	39	110	87	157	63	84	72	86	42	102	97	103	85	97	77	113	111	42	79	132	48	81	55	101	123	91	85
ENSG00000123330	50100	748	883	696	2091	1025	2102	2336	8826	5224	9812	10558	3694	4929	2269	3437	15568	13362	17254	17693	446	453	256	652	39013	33613	37953	41249
ENSG00000174071	1600	41	82	64	45	39	50	62	76	50	72	73	58	81	34	82	66	66	52	103	77	58	44	31	40	45	39	82
ENSG00000215946	500	13	21	16	9	10	10	19	19	10	19	23	7	10	6	12	3	7	7	14	7	14	11	2	14	8	9	8
ENSG00000222969	350	27	40	44	59	39	44	55	42	44	32	25	30	57	54	46	54	31	30	61	46	37	39	36	27	18	24	24
ENSG00000228381	7950	240	226	142	63	142	268	179	177	92	377	256	238	214	198	271	277	264	222	200	214	111	225	142	212	227	330	223
ENSG00000244110	2200	72	92	53	39	33	44	52	61	25	55	34	28	41	55	55	54	58	20	65	58	42	45	71	25	88	75	51
ENSG00000226348	1300	32	25	19	45	34	19	35	52	14	32	23	36	39	34	30	40	31	35	20	27	9	40	15	38	23	20	38
ENSG00000165513	100	3	3	4	6	7	7	5	5	3	3	5	9	2	6	4	7	9	0	6	4	8	10	3	8	8	0	3
ENSG00000130494	2600	46	18	41	74	53	118	112	237	279	260	213	126	195	227	195	894	1031	542	487	38	22	29	22	1308	1093	1453	1132
ENSG00000243248	27200	530	487	466	411	577	371	513	674	482	433	391	458	607	402	587	663	451	454	569	522	576	551	596	564	620	578	269
ENSG00000124462	20300	482	410	277	445	66	361	262	433	355	185	249	240	241	376	274	382	225	446	302	133	265	262	221	314	237	119	313
ENSG00000139757	71100	850	389	866	865	1257	682	648	443	551	585	565	824	1012	519	768	1003	641	729	637	653	438	489	438	1100	1193	618	630
ENSG00000119279	1450	44	75	31	39	47	51	58	53	77	53	74	65	103	98	68	45	77	38	56	54	79	85	68	54	43	72	98
ENSG00000155701	3450	128	77	60	60	152	83	227	117	112	125	71	82	60	97	120	131	123	40	84	44	63	85	86	65	123	93	101
ENSG00000167774	35350	698	853	410	528	200	432	807	708	760	539	523	862	430	514	500	552	891	532	756	711	585	497	512	616	554	533	462
ENSG00000243195	950	20	12	12	20	11	6	12	13	15	18	15	16	7	19	3	11	21	6	17	11	15	8	31	17	21	10	26
ENSG00000201903	1963050	40403	59109	30539	64591	92751	56515	44558	56945	94845	43848	70811	35063	47224	42754	65567	34099	71067	55737	55241	42640	32754	49600	47452	49444	41054	53686	37983
ENSG00000129443	800	10	22	14	23	23	21	14	30	22	11	9	28	15	5	14	24	25	11	23	31	10	21	27	23	27	15	21
ENSG00000232621	21350	336	397	504	564	616	564	218	215	745	253	436	640	282	430	537	510	644	688	530	186	514	446	352	371	440	350	335
ENSG00000190513	222900	1679	2697	4047	2558	4736	2539	1829	1865	2450	2800	3622	2593	5347	3342	1795	2000	3062	3695	1859	2858	4647	2841	3230	4064	1185	2410	2843
ENSG00000243001	1000	28	26	25	23	30	45	40	26	47	46	46	20	52	40	33	21	18	46	40	54	43	32	57	9	23	15	19
ENSG00000195018	0	0	1	1	0	0	1	1	0	2	0	0	0	0	0	0	3	1	2	1	2	0	1	0	2	1	1	1
ENSG00000144529	400	9	6	8	8	5	7	7	13	9	10	13	12	7	1	6	9	8	5	8	4	8	1	6	7	7	9	8
ENSG00000169224	50	1	1	1	0	1	0	2	1	2	3	1	1	3	0	0	2	3	4	2	0	4	1	3	2	0	2	0
ENSG00000169371	200	2	0	1	2	0	0	1	1	2	1	1	1	1	0	1	0	7	1	1	1	1	0	3	3	0	1	2
ENSG00000209779	170200	5278	5249	8852	6749	6708	10016	4237	6482	7731	8470	7367	8261	7133	7176	3278	5818	5650	10579	4777	6177	10309	5058	5964	6413	5569	6039	4844
ENSG00000178030	63250	937	1283	1139	1177	581	1174	1412	609	1496	592	511	1312	1007	842	884	504	1250	417	1649	586	416	691	930	575	1049	841	783
ENSG00000242033	32400	1000	601	1054	1311	975	318	1094	644	782	848	363	788	631	1040	990	461	1230	598	592	708	628	485	460	640	798	693	1249
ENSG00000102841	1100	25	25	14	20	14	10	32	22	30	10	23	25	23	20	9	17	13	13	13	21	21	31	22	20	21	14	15
ENSG00000113631	11300	57	88	129	106	125	213	126	122	149	173	127	111	101	156	113	161	86	175	187	166	129	100	117	107	193	138	116
ENSG00000126810	3550	54	32	51	51	28	73	42	69	28	44	45	48	49	48	54	43	36	56	47	49	32	67	32	28	57	51	45
ENSG00000184902	4850	79	68	74	99	46	76	81	91	44	98	70	126	50	59	95	94	64	28	45	90	50	81	144	151	51	59	57
ENSG00000146828	4850	61	136	39	102	34	83	125	78	77	71	54	57	77	57	102	169	53	63	90	99	68	29	27	76	42	67	86
ENSG00000246993	127200	2437	2603	3232	4486	8040	5375	7249	15994	22266	18583	20741	8062	5301	17330	13935	16159	26082	42355	39726	1718	654	1779	1449	75818	67214	85218	53182
ENSG00000193632	14650	340	254	332	313	151	219	345	270	332	325	292	399	271	213	263	169	406	150	278	167	201	270	401	314	343	275	414
ENSG00000133356	9750	186	174	245	251	162	201	234	190	155	219	218	178	151	202	188	226	182	356	124	246	174	133	143	269	296	262	195
ENSG00000210383	9150	232	197	155	426	275	333	217	1093	1097	1772	2196	485	627	743	996	3439	2540	3213	3618	88	144	78	88	5383	9662	8937	4492
ENSG00000107017	350	3	8	3	11	6	2	2	4	9	5	4	8	9	5	1	4	3	6	4	3	10	6	5	5	3	6	4
ENSG00000186126	23350	359	304	312	345	373	396	463	441	324	519	548	242	234	223	301	332	283	289	484	307	188	463	232	280	447	271	348
ENSG00000141421	9050	148	106	110	98	188	224	111	175	204	160	78	206	137	240	160	104	234	174	168	168	187	139	139	181	170	188	156
ENSG00000170592	217350	6914	4684	5911	4743	9159	6422	5062	7223	1029	6088	6736	6680	5852	7584	8617	6006	5317	6601	3987	3722	4121	5177	6511	6972	4038	4063	5852
ENSG00000152213	250	1	3	7	5	2	2	1	3	2	3	8	6	4	2	1	3	4	4	2	3	1	1	3	7	0	3	1
ENSG00000186797	750	27	12	15	8	18	26	20	10	14	23	20	13	18	7	8	32	8	25	14	14	14	23	18	9	10	30	13
ENSG00000143281	8700	176	208	259	154	99	188	286	192	82	113	135	200	283	206	213	161	234	150	161	140	216	87	85	127	148	99	154
ENSG00000164509	18500	491	252	457	297	458	330	602	316	427	299	445	281	332	277	367	316	369	264	381	453	421	208	365	236	238	343	419
ENSG00000195204	26050	423	522	438	287	364	487	340	271	349	426	430	265	566	272	460	304	474	363	390	335	541	379	473	233	413	449	233
ENSG00000156446	13700	213	189	248	658	473	530	474	1560	2084	1441	1689	683	966	483	1269	3815	3697	2827	3247	135	101	52	87	6907	6625	6173	3922
ENSG00000220870	1400	77	60	56	30	61	36	22	37	45	26	77	20	37	39	47	35	47	42	43	38	34	25	49	44	42	36	73
ENSG00000239878	8800	54	89	130	186	201	198	88	196	126	209	193	172	287	205	217	64	128	119	179	187	136	231	116	212	185	289	108
ENSG00000205195	515650	7932	9234	4169	5463	7050	10240	3156	5546	4713	5147	8738	4755	6041	3954	10236	7155	3871	5387	7421	8955	8975	6445	5287	5409	7442	10947	5153
ENSG00000247256	60050	1886	1415	1184	1031	531	1299	574	862	1152	1205	1084	677	785	590	1273	458	1153	1029	1182	1171	929	1420	844	883	1009	1045	847
ENSG00000163197	650	10	11	5	13	14	16	12	2	10	10	23	5	3	18	2	7	15	15	4	11	11	11	9	7	16	11	8
ENSG00000145166	3300	49	52	37	33	59	42	58	63	33	35	61	41	58	41	52	47	61	44	40	35	32	48	42	52	60	59	39
ENSG00000208838	250	4	1	1	3	4	1	3	3	1	9	3	5	6	4	3	8	2	3	5	0	0	2	4	1	3	4	1
ENSG00000158834	700	8	13	24	18	13	5	12	21	9	13	11	16	10	11	5	9	22	20	12	14	11	13	8	16	13	5	11
ENSG00000211399	36950	1226	525	1507	1245	849	887	955	875	1452	736	544	906	1067	1271	681	1187	1214	535	690	567	871	751	635	650	803	542	1120
ENSG00000189253	174050	4652	3855	5769	6148	10863	9742	7161	22342	22935	25436	44218	21407	25761	26864	11322	42536	61421	97977	45840	1774	2508	3662	1343	110738	85028	115023	164217
ENSG00000120404	2850	49	30	16	51	23	19	20	17	30	25	38	30	17	57	24	42	28	19	39	35	23	40	26	32	23	25	23
ENSG00000201578	57400	530	791	501	786	505	383	513	769	458	631	795	431	356	330	643	658	854	808	506	980	583	549	560	190	396	800	570
ENSG00000239174	350	6	13	20	14	9	11	4	12	16	11	9	13	13	7	10	13	9	7	16	14	15	18	14	6	21	8	10
ENSG00000105100	39150	1344	2211	736	1384	1043	1991	1263	959	799	447	1371	1185	722	1901	1592	986	1687	1619	1296	1380	2059	1492	1985	924	1679	858	864
ENSG00000144271	8050	157	67	180	242	356	375	334	985	1902	1308	804	406	624	425	480	1135	1515	2172	2782	81	76	55	56	2841	5048	9163	3154
ENSG00000202288	4100	156	123	123	65	120	99	107	64	48	83	111	71	125	75	39	86	153	121	99	89	131	117	134	92	146	120	96
ENSG00000116690	900	22	26	16	39	26	31	25	15	15	18	26	42	29	12	42	23	27	12	17	21	41	22	20	21	30	20	29
ENSG00000248556	3000	29	26	11	26	56	22	45	38	41	48	16	23	45	44	50	36	42	38	49	53	48	18	42	31	40	43	36
ENSG00000112859	441400	13800	6706	9300	19776	26354	19937	23562	90475	115716	116827	91046	69483	37150	44572	75183	164785	389060	211302	330325	6769	6652	5901	5777	311991	411896	582324	365092
ENSG00000151530	34500	691	403	556	1609	2079	775	1473	3920	6997	6223	4695	3251	2840	2790	1944	16460	8813	15291	12660	463	278	248	216	22700	24492	19090	20188
ENSG00000168917	23900	586	577	745	372	309	615	517	476	349	396	348	453	672	560	497	415	435	453	370	564	415	613	385	603	449	515	486
ENSG00000203758	2750	77	44	57	61	83	87	61	86	51	28	45	73	62	84	60	99	49	36	118	82	102	45	80	87	83	23	84
ENSG00000141838	3400	74	56	81	76	139	75	117	73	37	50	81	61	104	115	77	44	99	123	61	64	68	63	23	57	86	22	91
ENSG00000184586	4200	58	72	80	81	96	118	80	50	53	44	65	76	88	98	66	54	47	71	40	50	107	69	110	71	51	48	60
ENSG00000214578	1000	21	23	20	16	11	28	22	9	25	15	20	12	24	18	12	14	29	21	19	13	23	26	17	14	37	19	20
ENSG00000232976	31450	512	522	239	952	372	1025	578	433	370	608	546	577	843	731	632	809	507	535	297	783	407	567	459	690	324	601	1043
ENSG00000229304	450	26	5	21	8	8	23	8	9	27	29	22	14	15	20	17	26	10	7	15	17	18	14	11	28	22	29	22
ENSG00000221649	40250	600	410	553	621	299	735	849	629	848	209	446	473	928	394	671	611	681	444	551	602	351	451	566	505	795	668	651
ENSG00000181925	108050	3513	4264	4490	2679	1836	3078	2041	2823	4755	1746	3396	2015	3624	3307	3400	2130	2769	3321	2419	3508	2521	3813	2117	4005	3854	3633	4071
ENSG00000161050	36750	720	943	571	902	896	797	1230	1087	1128	601	668	1047	1261	896	752	743	743	659	363	1171	638	683	450	860	507	633	1394
ENSG00000144599	1150	13	24	19	13	17	3	14	15	13	14	24	10	20	8	11	18	11	11	12	27	20	14	25	27	9	15	9
ENSG00000154916	377350	7757	5105	7200	22971	17803	17448	13630	44502	41041	51137	66452	26004	34933	25598	20515	91759	122032	216430	108028	3371	3426	5327	2744	204878	345486	347033	119566
ENSG00000208361	1700	25	24	13	35	18	22	34	20	30	14	19	34	48	18	22	16	17	11	20	12	32	26	16	22	13	27	19
ENSG00000248812	7700	135	112	112	89	114	78	66	71	69	84	89	69	90	84	95	47	62	51	62	79	90	92	87	101	63	121	49
ENSG00000168319	2200	19	52	45	73	105	66	22	24	59	62	42	56	29	50	44	39	35	52	52	51	41	46	59	85	43	58	51
ENSG00000198638	1750	24	7	24	33	40	21	24	36	15	7	9	31	15	19	20	21	30	30	19	17	30	13	15	17	35	25	14
ENSG00000185051	500	16	17	14	15	23	19	11	20	15	24	25	24	17	11	18	35	19	21	14	31	17	16	18	19	11	11	24
ENSG00000240852	4100	26	41	56	40	73	42	54	49	53	61	32	53	71	38	29	42	86	41	20	50	60	56	51	20	45	29	50
ENSG00000133834	6400	125	164	150	98	115	75	124	158	57	163	91	135	98	75	113	103	120	46	46	151	126	143	71	147	98	85	132
ENSG00000211269	8500	123	245	210	136	203	164	188	171	172	177	192	226	243	183	188	281	155	230	231	168	262	338	197	233	223	297	126
ENSG00000199900	200	6	8	8	4	7	8	6	7	10	6	2	11	8	4	12	4	10	5	22	7	9	6	2	11	4	11	4
ENSG00000116555	195650	2437	3070	2750	3591	3579	3380	3026	2717	4497	3789	2308	4548	4625	4215	3023	2060	3596	3440	2403	3733	3149	2408	1870	1763	3265	3533	2606
ENSG00000122565	9000	232	231	190	299	192	193	283	206	175	339	181	165	271	272	148	250	218	187	320	210	74	273	247	152	208	229	200
ENSG00000201924	11900	181	280	142	132	284	192	99	161	250	254	157	360	140	188	112	112	215	137	183	121	77	162	119	105	196	149	181
ENSG00000155331	4300	170	246	118	297	214	248	201	166	122	208	206	162	241	74	165	134	323	173	184	124	139	158	250	186	282	114	220
ENSG00000173723	31650	337	844	918	702	1212	415	1132	895	427	575	784	1278	685	652	485	586	747	430	743	715	530	865	981	509	458	385	790
ENSG00000147347	19400	563	260	512	587	365	371	215	225	258	376	338	348	383	179	424	318	443	284	585	147	421	209	503	478	342	358	567
ENSG00000146016	9800	333	310	119	344	236	248	238	163	252	288	125	295	277	352	284	222	290	196	282	242	352	173	365	316	213	222	282
ENSG00000191240	2300	40	27	26	30	33	36	35	24	40	23	23	26	22	15	41	22	37	31	29	24	28	15	39	27	31	38	39
ENSG00000162194	60700	641	1306	2269	2296	2223	1294	2762	8453	6909	4947	15113	4649	6464	6756	5040	16243	13676	10238	21325	711	799	432	763	37784	49432	41801	41426
ENSG00000221089	4300	109	147	142	124	118	128	191	116	230	200	244	111	190	105	223	142	77	92	187	79	194	132	159	173	188	136	133
ENSG00000105185	3650	145	187	92	144	107	219	138	103	183	127	114	127	173	116	108	183	111	122	115	101	142	102	197	128	125	78	153
ENSG00000137204	2400	43	53	51	82	80	66	148	67	98	69	56	69	69	118	122	64	74	119	121	61	58	56	94	77	121	67	104
ENSG00000240658	14900	291	251	391	220	691	218	136	278	384	230	406	265	331	320	119	287	310	220	208	204	505	217	304	180	228	185	205
ENSG00000172661	13250	494	325	315	614	491	615	629	417	616	480	528	468	395	279	538	351	492	329	264	240	367	150	351	350	288	429	305
ENSG00000168077	30500	381	538	577	1473	1534	1907	1479	5310	2698	6794	9422	2035	2066	1563	1304	8260	14922	10289	6736	358	502	224	341	9336	25146	22240	18433
ENSG00000115190	152550	6718	3826	6009	1854	5673	6939	5293	3598	3470	3660	5588	6445	2357	2756	4580	5759	5342	2704	3951	5535	1516	3463	3105	4977	3053	3628	2587
ENSG00000131007	36900	951	1416	1003	1170	844	642	1279	1166	1217	803	791	574	919	386	656	801	1161	715	938	505	741	749	1058	650	767	1071	676
ENSG00000135231	6300	169	164	203	177	254	243	147	83	204	132	131	208	120	305	243	228	68	247	143	241	128	143	260	180	123	277	148
ENSG00000168677	18550	517	568	588	628	482	565	355	221	492	620	607	363	455	330	104	354	714	506	312	630	158	452	366	343	404	348	441
ENSG00000101292	200	2	9	6	7	8	4	7	2	8	7	13	6	6	2	5	2	3	6	4	7	6	6	5	4	8	2	4
ENSG00000131431	33000	924	1758	554	383	942	1103	619	882	756	722	995	953	427	1201	806	576	531	1247	1107	1073	967	883	725	642	909	743	604
ENSG00000172766	2000	46	42	57	71	74	41	41	39	69	67	59	64	64	54	61	61	71	42	52	92	49	89	28	55	38	32	117
ENSG00000207295	1000	35	33	25	65	20	27	33	48	25	45	41	47	29	26	31	43	30	37	41	53	18	33	27	24	36	11	27
ENSG00000138880	19300	613	526	674	590	557	595	379	707	265	447	505	391	558	707	367	573	979	553	504	371	248	404	399	985	616	766	284
ENSG00000141203	1000	12	15	28	19	25	19	15	19	38	14	11	15	17	5	24	17	15	20	10	6	20	9	12	20	10	13	21
ENSG00000138288	35500	672	336	487	521	472	903	631	280	936	946	635	563	558	602	634	293	630	522	588	424	911	565	691	349	673	826	662
ENSG00000133601	1450	29	26	22	23	23	46	26	56	66	41	39	29	36	48	53	23	32	22	50	33	28	28	33	29	33	34	34
ENSG00000215451	450	5	10	6	5	10	11	13	9	9	7	7	11	9	9	5	14	6	6	13	9	11	8	4	5	6	6	5
ENSG00000125868	7150	105	85	91	89	113	128	134	102	124	70	112	70	58	129	85	114	62	57	99	81	116	91	74	134	131	141	129
ENSG00000106652	64450	1118	858	714	755	562	1053	784	316	1101	587	768	1100	937	652	672	540	832	562	1042	985	469	979	389	594	1312	1224	668
ENSG00000205020	6150	58	79	100	238	190	141	208	616	727	1044	498	259	583	503	497	983	1517	1546	1337	29	61	28	50	3473	3817	2749	1942
ENSG00000234481	19150	646	507	662	564	618	418	336	421	393	792	718	599	839	365	430	574	708	1046	586	320	480	294	767	372	739	598	392
ENSG00000210911	2800	132	74	126	117	111	106	98	154	77	93	119	117	191	116	90	93	155	162	59	116	102	151	112	80	111	114	59
ENSG00000164340	7950	183	261	177	143	75	193	167	185	197	130	122	134	213	104	173	294	58	244	106	204	170	92	198	195	134	170	99
ENSG00000110866	71400	716	1302	1602	804	1324	1200	875	1231	763	555	1116	735	1057	953	1189	944	714	905	1082	1074	793	1175	1325	610	1326	899	1340
ENSG00000175166	10500	140	81	155	201	110	220	212	186	218	204	120	241	261	161	266	118	190	105	161	123	145	144	126	119	164	213	158
ENSG00000118669	3602700	85155	46408	116994	183099	206458	233163	218783	869825	841711	1034773	646379	316473	242309	240072	557129	1445679	1556625	1720048	1119479	58356	66970	105027	53184	3330333	3028536	1514829	2363222
ENSG00000168203	1850	46	89	50	79	58	41	114	70	109	80	89	51	60	35	51	92	106	51	58	75	147	57	91	74	48	133	134
ENSG00000119641	1250	17	15	49	43	17	19	7	15	20	33	19	35	23	28	22	24	20	20	32	14	15	29	7	23	29	22	31
ENSG00000116051	100	1	3	3	2	2	0	3	4	2	4	2	3	3	3	1	3	2	2	1	2	3	6	1	0	0	3	0
ENSG00000184401	700	11	14	5	10	11	15	10	9	13	6	6	14	11	13	13	9	7	4	5	7	10	13	11	10	23	9	6
ENSG00000167516	8950	119	151	148	140	99	124	165	111	138	142	166	191	161	145	170	148	142	116	142	164	173	87	136	157	53	63	156
ENSG00000214325	500	3	5	9	12	14	4	15	52	48	36	37	28	21	23	13	138	115	127	93	6	7	1	7	189	155	296	174
ENSG00000228518	500	3	9	23	16	30	36	14	71	101	242	70	45	50	40	43	265	135	201	234	6	18	5	2	133	350	245	298
ENSG00000106991	14800	251	293	135	250	347	510	284	264	281	387	336	266	322	340	230	380	273	267	482	270	331	221	317	496	331	381	346
ENSG00000120758	3100	87	51	80	88	114	56	86	75	61	55	104	54	83	54	94	68	111	94	63	104	105	72	85	62	61	54	56
ENSG00000132612	1200	13	15	26	26	23	16	32	21	25	7	21	17	34	18	7	20	17	15	6	23	41	22	24	23	22	18	18
ENSG00000190694	100	5	10	6	6	7	7	3	5	7	0	0	5	2	3	2	6	8	3	2	2	6	0	6	1	2	4	4
ENSG00000192255	1150	17	15	26	27	25	25	15	26	14	27	32	26	13	25	20	20	47	16	23	28	22	34	26	20	30	45	36
ENSG00000232474	3850	32	51	82	76	61	62	78	62	94	127	50	82	83	52	92	71	72	94	111	144	76	147	99	72	83	90	103
ENSG00000156092	1900	104	57	77	56	85	70	94	95	95	79	92	51	42	77	47	42	59	120	81	91	81	66	107	66	97	122	118
ENSG00000223491	2450	39	73	97	61	84	115	81	102	63	47	80	114	94	84	62	56	82	51	66	37	42	105	62	59	70	69	92
ENSG00000127399	3200	54	98	59	79	61	61	67	54	62	99	56	23	49	33	60	52	38	43	90	100	75	54	88	80	36	64	79
ENSG00000124745	3500	25	76	53	33	57	43	53	51	39	58	37	41	28	53	56	61	66	65	47	33	33	97	27	29	57	46	74
ENSG00000222489	18900	729	626	551	1077	502	810	699	4543	3314	4465	2960	1263	2296	745	1754	11953	9739	7697	6628	143	206	362	254	28352	21492	22818	11465
ENSG00000157351	36650	1193	867	1457	835	910	950	1278	1598	606	1362	886	751	824	1044	746	757	449	661	1287	735	1467	1158	939	757	1149	1093	435
ENSG00000178920	26350	354	597	428	567	514	255	628	319	407	455	560	292	385	643	382	494	312	522	721	378	706	462	554	643	1025	518	825
ENSG00000247154	2000	30	26	25	30	48	26	52	39	34	75	31	47	52	37	46	55	31	57	33	45	59	13	38	26	53	41	71
ENSG00000214360	42550	479	1388	847	627	662	863	812	432	1123	628	583	762	774	876	935	624	861	420	646	832	691	634	743	737	694	848	786
ENSG00000178531	11550	378	367	314	366	319	306	426	291	435	382	250	388	400	327	829	256	342	271	180	392	181	217	591	188	534	416	291
ENSG00000105967	27050	526	308	167	444	418	236	230	250	399	363	372	370	417	212	325	452	267	296	370	306	316	314	475	482	348	471	258
ENSG00000221652	31500	601	494	340	550	516	363	288	655	624	681	645	396	557	662	419	515	421	619	967	472	654	573	540	355	567	897	874
ENSG00000144099	16650	534	765	624	267	844	410	592	319	449	387	430	625	516	609	773	345	502	453	432	429	548	400	579	575	781	480	324
ENSG00000135693	700	20	17	12	33	15	22	18	8	12	15	15	13	10	15	14	11	14	15	15	33	10	19	21	20	22	19	14
ENSG00000161154	4350	153	109	74	67	78	157	158	172	135	144	130	125	95	168	147	97	98	120	179	161	150	149	130	123	200	77	81
ENSG00000204773	1350	58	69	53	123	61	65	81	48	64	84	105	58	44	113	26	54	23	40	85	83	67	44	43	47	124	55	86
ENSG00000227273	2300	37	18	13	42	55	114	30	347	206	336	538	128	230	238	59	476	458	740	454	8	11	12	14	947	774	673	825
ENSG00000136500	2622450	78865	58800	64034	48175	38568	42354	34227	19846	17760	47543	25613	60589	53053	35159	27136	29803	40776	34635	27968	44856	46065	47580	41012	38273	50065	40536	31878
ENSG00000237689	7000	62	99	80	118	97	95	43	96	39	81	84	50	84	75	62	51	108	30	69	84	63	39	55	67	51	88	128
ENSG00000231281	1100	24	35	28	39	24	15	15	17	37	51	27	50	33	34	23	28	18	43	59	21	18	34	12	26	18	47	38
ENSG00000115235	46650	560	415	987	1211	1459	2582	1848	5683	4224	3709	7686	2553	3744	2333	1561	16706	17013	14758	17387	474	381	428	323	19539	27612	16039	17315
ENSG00000202523	1800	59	70	55	96	54	74	149	70	111	88	95	91	89	93	109	121	118	60	61	65	58	80	101	102	126	87	55
ENSG00000171128	1950	22	49	53	28	56	50	73	39	47	46	14	50	27	54	41	58	41	33	64	37	77	39	34	54	52	35	83
ENSG00000105605	8700	120	218	167	232	307	381	290	124	260	209	142	370	259	218	124	370	272	132	243	190	242	139	380	411	190	366	232
ENSG00000192302	40800	655	525	301	364	467	365	816	494	276	599	624	989	683	537	324	520	424	715	283	572	547	556	915	972	243	543	448
ENSG00000103156	21250	280	371	133	336	191	474	286	134	238	427	385	226	388	163	229	326	295	365	287	346	559	338	307	431	306	294	243
ENSG00000180435	44100	585	696	935	515	776	789	407	500	1301	729	746	743	963	810	639	304	886	871	1111	853	347	668	474	599	700	600	303
ENSG00000111721	1350	37	20	65	28	18	28	19	13	34	23	19	17	34	31	37	24	31	15	25	25	48	42	24	13	16	55	14
ENSG00000164296	750	24	19	37	15	25	12	28	14	21	20	13	13	22	28	35	4	36	49	24	21	29	11	35	20	26	44	15
ENSG00000216833	108900	2335	3698	1327	1912	2896	2156	2180	2168	3707	3143	1261	1706	3437	2516	1782	2321	1093	3505	2184	3753	1659	1779	2259	2092	1754	1804	1969
ENSG00000114876	950	18	15	9	6	11	11	13	27	23	2	16	31	15	20	20	12	13	11	12	30	9	17	14	30	17	20	4
ENSG00000135236	11050	534	215	352	216	336	491	414	641	303	593	694	460	209	625	307	342	502	483	214	322	454	429	366	408	380	360	194
ENSG00000169361	3200	59	40	90	66	53	103	49	69	89	47	58	60	36	52	65	37	57	63	36	59	54	50	55	71	36	81	27
ENSG00000116562	150	9	2	9	2	12	12	10	16	8	3	3	9	5	6	4	9	9	6	8	14	9	11	9	4	7	10	6
ENSG00000125110	24000	383	456	315	497	568	337	405	360	576	599	325	547	570	444	335	558	644	393	397	504	361	359	398	787	530	466	370
ENSG00000145550	30550	816	557	355	835	865	438	719	790	498	591	195	1039	721	651	502	811	727	844	751	634	1079	1132	509	542	1191	642	566
ENSG00000124286	0	3	2	3	1	0	2	1	6	0	1	5	1	0	1	2	1	2	2	1	2	1	1	0	1	0	3	0
ENSG00000105570	1400	23	29	43	27	47	32	10	25	35	39	20	28	41	33	33	9	18	13	38	25	32	29	22	40	17	12	21
ENSG00000195863	12900	289	242	160	147	151	127	148	236	288	90	80	183	237	174	229	115	169	116	181	105	186	141	71	223	169	243	213
ENSG00000242063	300	2	3	1	1	4	0	2	3	2	3	1	3	4	2	2	0	1	4	2	5	0	8	2	2	3	2	7
ENSG00000242848	19550	260	193	213	495	340	528	514	504	453	168	184	578	271	532	229	500	319	383	516	444	438	356	296	413	510	351	395
ENSG00000142874	50	0	2	2	0	2	2	2	2	4	0	1	1	2	2	0	4	2	4	2	1	0	0	1	4	1	1	2
ENSG00000224876	145100	2845	3659	2813	2083	1136	2190	1372	4859	2495	2698	1205	1415	2661	2125	2825	2442	1623	1554	3119	2960	2867	2086	2820	2504	1529	1044	4579
ENSG00000152098	1750	35	22	36	43	75	28	73	143	245	189	255	128	94	111	70	346	405	301	560	7	17	11	14	649	767	1214	802
ENSG00000221979	8900	158	121	149	186	138	271	121	234	182	129	103	143	252	181	227	124	89	121	162	256	127	161	133	113	132	225	279
ENSG00000114896	450	8	8	8	18	12	17	17	85	136	157	154	45	37	39	52	277	291	258	338	5	4	10	7	613	262	446	327
ENSG00000211747	218300	3525	4039	4152	5971	6422	13192	9979	33135	31480	34919	32615	6380	8383	14346	10178	52764	44771	40722	58543	1734	2056	2847	3045	118921	116045	109148	83982
ENSG00000214156	4250	48	55	58	52	20	26	44	46	71	37	34	45	46	39	52	62	63	41	67	85	78	67	41	52	58	70	34
ENSG00000124344	1050	22	15	26	30	10	22	15	16	30	11	26	17	24	21	15	30	17	26	21	10	23	38	11	19	25	25	18
ENSG00000144460	8000	102	111	240	259	165	122	108	282	146	193	157	238	123	172	203	197	119	202	186	156	100	158	102	157	173	111	237
ENSG00000247263	4200	66	81	55	74	47	89	61	87	68	49	120	111	76	151	63	112	68	61	56	47	91	137	92	112	33	79	88
ENSG00000249951	50	0	2	0	0	0	1	2	2	1	0	1	0	1	0	0	0	1	1	1	1	1	1	0	0	2	2	2
ENSG00000165075	2850	28	57	45	29	29	39	64	39	46	35	60	27	32	43	27	23	39	40	38	49	40	48	43	38	28	58	31
ENSG00000225392	5800	121	88	103	194	142	181	178	111	196	288	269	180	155	203	218	252	187	161	225	152	203	174	187	283	164	146	172
ENSG00000132644	1050	26	9	19	14	18	20	16	10	11	15	11	27	10	12	12	21	12	17	18	12	19	18	23	20	4	17	9
ENSG00000181211	9050	99	125	162	180	107	246	256	208	134	222	174	196	164	150	142	135	127	236	241	258	216	346	170	168	223	105	181
ENSG00000140791	3700	83	60	84	74	92	85	116	72	80	51	77	71	101	92	61	109	50	151	80	73	27	60	59	60	134	69	96
ENSG00000177800	28250	626	539	616	462	524	821	504	911	492	757	443	291	499	631	473	700	972	400	1043	726	729	704	630	320	566	489	300
ENSG00000121358	3100	69	35	48	159	302	313	140	790	1061	731	896	336	355	211	577	1727	1505	2174	1326	47	90	45	45	5074	1853	4597	3041
ENSG00000104461	143350	2088	2066	2786	2504	2441	3196	3753	4777	2147	2957	3368	2986	1632	1789	4887	2822	2133	2567	3676	3125	4619	3569	3114	1028	2320	2448	2838
ENSG00000241315	1900	46	79	19	31	53	21	41	37	22	33	43	42	21	44	21	37	39	43	25	33	28	57	29	33	41	26	33
ENSG00000205516	5300	158	62	128	91	87	101	128	127	128	96	129	59	98	115	116	88	36	131	108	116	102	96	192	70	185	86	92
ENSG00000177616	1350	47	56	109	67	53	49	53	53	54	43	78	56	32	93	41	57	50	76	57	39	84	71	40	56	64	56	57
ENSG00000136859	500	17	12	8	7	5	6	11	14	9	12	25	18	15	11	3	8	11	7	15	7	2	8	8	12	28	10	21
ENSG00000146884	15600	151	226	244	431	276	467	336	2373	1277	2170	1240	891	813	1208	814	1346	6140	5074	3368	85	45	151	134	7880	6525	8225	5969
ENSG00000232331	2000	33	34	17	25	66	35	43	48	40	35	41	36	41	42	24	45	49	22	31	32	22	29	42	69	43	29	34
ENSG00000221433	51500	1033	707	404	719	833	774	772	623	1126	393	691	714	509	353	900	607	739	783	949	764	668	661	475	1032	707	740	808
ENSG00000242741	6600	127	58	87	95	96	170	139	169	167	67	96	99	186	113	115	174	128	144	79	153	100	136	121	99	87	98	80
ENSG00000236008	60650	2311	2643	1741	6054	2175	3798	3193	16857	16242	13633	20626	7860	6983	8192	7725	14584	28157	19010	28400	1509	915	661	1310	64002	54528	68049	49730
ENSG00000233086	37500	331	654	747	941	662	1139	502	494	452	1200	1272	397	828	981	920	1048	570	767	861	617	896	777	712	655	1074	1015	826
ENSG00000224825	2750	67	66	38	67	33	96	42	53	77	79	48	61	59	97	74	54	48	42	72	40	64	45	80	37	92	49	40
ENSG00000184078	5250	73	125	124	130	117	65	84	109	54	94	140	131	73	154	77	66	88	99	160	86	106	128	180	129	117	89	106
ENSG00000180924	2232000	64763	75111	52228	177373	88330	96963	85447	391507	619752	860801	355336	256120	121581	419565	260325	749672	1242788	1049581	1290644	41657	42627	28756	19039	1724829	1958351	2189967	2330479
ENSG00000245890	30850	1125	823	1119	893	890	1188	902	1082	2056	568	1283	784	975	1659	1353	511	647	1530	343	791	790	992	1137	1211	1150	1661	1044
ENSG00000220594	17300	303	281	266	151	273	341	359	197	246	83	337	157	368	323	224	163	310	165	697	123	275	369	171	185	178	223	270
ENSG00000175261	259200	4724	5312	4776	6469	5569	6626	5348	5818	5081	6926	6451	4313	7176	6897	6590	5187	5135	5460	5231	4997	6641	4040	3827	3323	4585	7434	6948
ENSG00000176527	2500	23	24	37	20	26	13	23	30	21	29	35	46	57	55	37	43	38	31	27	22	43	36	39	27	49	51	30
ENSG00000174033	150	4	3	5	6	5	7	5	6	9	2	4	7	6	6	5	5	4	6	5	8	2	7	2	4	5	9	8
ENSG00000137163	84650	1224	1557	1421	984	1110	1269	696	816	1571	880	1055	1699	922	1426	908	1571	1142	678	831	1149	1401	1056	1503	1187	1037	818	1127
ENSG00000210812	4100	59	80	34	75	59	60	69	93	70	111	81	109	83	79	45	73	59	103	52	60	61	98	37	45	46	38	74
ENSG00000101606	300	5	7	4	7	13	8	3	13	6	4	3	6	6	2	6	6	8	7	4	2	3	6	3	3	5	0	3
ENSG00000168406	1700	27	32	42	33	34	51	35	43	8	30	39	37	30	55	47	19	31	32	27	30	18	19	27	49	33	35	57
ENSG00000128263	6950	183	152	149	158	156	163	216	300	146	174	88	75	211	223	219	96	184	112	168	187	155	123	117	164	201	215	155
ENSG00000236457	1050	28	8	3	26	10	13	20	14	14	20	25	8	25	15	23	11	6	9	10	26	12	17	28	24	22	9	15
ENSG00000190434	7150	251	128	134	236	102	159	144	165	130	277	150	165	279	216	121	134	126	185	316	128	224	106	111	154	148	134	181
ENSG00000177255	24400	369	760	350	888	845	442	465	535	253	526	711	329	511	581	532	563	500	591	607	556	598	280	747	454	645	250	529
ENSG00000114156	23050	259	161	440	176	247	524	358	549	199	530	435	855	380	350	342	394	292	563	559	212	194	622	287	347	307	401	362
ENSG00000146631	62800	1151	1890	1000	1736	1984	1033	1242	1261	2084	1859	1428	1528	849	1343	871	1145	1414	1530	2243	1484	1102	1891	1895	1741	2325	694	748
ENSG00000192516	250	7	6	8	3	3	13	5	6	3	1	13	11	7	5	11	9	6	5	10	3	7	9	8	6	2	2	4
ENSG00000139358	859800	10605	18654	13762	15006	12273	9166	11766	12417	16997	8858	8859	18815	20614	14538	18614	10852	9598	15217	11481	13052	22891	16246	19299	28031	17542	23145	12082
ENSG00000178703	0	1	1	1	1	3	1	0	0	0	0	1	3	2	0	3	4	0	2	0	2	2	3	3	2	0	2	0
ENSG00000126458	800	38	33	35	27	43	17	30	24	25	36	25	26	18	27	38	22	32	21	47	24	31	20	41	19	61	72	32
ENSG00000208636	800	13	14	5	17	4	13	6	15	15	20	14	5	13	16	22	11	5	6	14	10	18	2	13	7	3	14	8
ENSG00000233037	25050	526	463	743	528	605	468	404	716	588	285	351	268	799	364	404	770	236	483	504	450	458	521	323	204	635	422	458
ENSG00000151014	8150	239	268	358	282	324	271	257	270	134	184	298	331	279	246	282	349	188	252	164	188	257	401	174	200	178	89	141
ENSG00000229499	134200	3579	2330	2204	2052	2952	2206	2638	1550	4182	2257	3486	1730	1326	1617	3332	1882	1765	3043	2500	3667	1320	2011	1402	2945	2081	2492	2981
ENSG00000143814	47650	701	755	1467	772	843	410	1337	1344	1197	843	1177	784	2016	1142	1908	1038	1017	1820	1530	1113	494	1059	1017	1366	671	886	1257
ENSG00000193108	39300	760	798	627	1330	469	989	605	564	902	622	851	617	573	703	638	679	846	748	1133	1090	1461	602	537	694	646	681	1060
ENSG00000190466	4600	124	210	141	124	125	150	140	117	140	210	89	101	134	119	275	141	104	136	149	215	129	64	116	204	154	138	90
ENSG00000106949	13800	390	382	425	223	263	429	226	643	337	245	360	456	230	458	279	490	261	244	439	264	314	269	343	299	194	251	368
ENSG00000117572	4150	175	96	75	80	57	67	73	55	160	80	81	55	59	81	75	25	99	102	90	93	87	73	142	92	82	98	93
ENSG00000120211	101250	2310	2649	4869	5839	5562	6986	5841	24984	20258	23408	24885	15585	14665	14001	14438	51189	56103	53419	49255	1273	1882	697	1598	141122	98361	111628	68470
ENSG00000222721	39600	301	447	285	608	548	571	590	548	405	580	548	827	325	1209	1144	601	594	772	493	312	549	676	649	853	688	918	771
ENSG00000157740	81050	1865	2318	1233	2434	1345	2289	1428	1903	3382	2495	2295	1894	1789	2500	1233	3120	4711	2303	1692	3619	3194	1767	2058	2550	3314	1979	841
ENSG00000209692	11450	225	339	371	288	239	158	147	194	206	433	243	216	266	364	203	304	255	340	222	191	202	198	255	189	267	249	179
ENSG00000212445	5450	69	106	104	73	94	131	156	199	165	93	141	66	99	132	143	144	141	180	130	110	86	144	115	136	139	111	150
ENSG00000154839	18800	674	662	689	283	695	366	812	571	521	467	885	546	774	453	427	681	651	574	585	444	579	741	310	616	707	178	375
ENSG00000144254	3800	60	35	79	97	80	59	58	94	25	35	68	27	55	67	47	46	92	64	44	73	51	120	61	39	108	53	69
ENSG00000181589	5650	82	93	106	143	79	114	109	99	96	127	76	131	67	51	58	131	67	111	77	91	135	86	137	46	105	73	48
ENSG00000244765	1350	19	15	38	18	35	22	35	37	38	15	9	12	24	17	18	16	28	21	27	49	26	26	27	12	25	21	33
ENSG00000173392	18900	398	419	608	529	573	410	672	273	345	246	371	593	531	489	381	530	405	626	984	676	861	434	252	390	368	447	385
ENSG00000115384	8750	325	253	312	380	315	381	334	216	322	204	320	152	117	245	314	317	381	191	423	285	314	454	363	327	370	243	164
ENSG00000124564	5700	112	94	68	160	66	245	97	863	595	668	475	581	264	369	307	1669	1265	747	1829	37	25	36	29	1648	3811	2301	3930
ENSG00000156938	475700	10550	4179	10473	8870	13138	5922	4193	8635	8613	10751	18695	10735	10881	12784	6757	10350	9363	8268	9306	8839	6903	4330	8296	3973	6361	6028	5307
ENSG00000162546	33750	447	484	489	455	626	529	652	471	501	656	287	666	303	490	638	332	176	412	488	568	516	299	154	616	472	347	476
ENSG00000106501	4450	71	78	92	105	98	105	51	58	71	45	103	181	79	53	51	41	124	61	124	109	68	171	61	76	55	136	80
ENSG00000223556	1250	20	13	21	26	16	32	15	30	55	11	16	40	23	11	29	28	26	11	11	29	34	19	20	18	25	33	13
ENSG00000150954	2000	16	27	17	39	19	37	47	48	38	14	26	31	16	24	41	26	25	29	46	23	31	13	19	47	18	31	28
ENSG00000120753	4200	95	126	82	78	32	52	102	158	120	91	140	64	134	117	115	87	56	126	150	84	70	48	89	81	163	193	94
ENSG00000182303	150	2	7	5	6	6	7	9	9	2	9	5	9	5	4	5	3	9	8	6	8	3	5	8	6	3	8	6
ENSG00000165013	1650	20	22	29	29	22	34	59	20	25	27	14	24	29	20	20	26	18	26	19	19	19	17	41	29	24	11	28
ENSG00000142915	16100	282	297	285	187	219	245	252	130	205	180	337	372	141	188	253	149	155	233	257	139	272	215	127	235	142	214	170
ENSG00000228522	42600	550	676	410	669	1162	998	734	925	539	820	565	1498	1503	1095	875	812	834	910	183	945	688	703	707	701	870	1000	734
ENSG00000143460	150	16	11	16	10	13	12	15	19	20	6	22	12	21	12	11	7	15	6	7	8	16	6	10	22	10	22	15
ENSG00000241275	44300	1837	1804	1889	1317	1537	615	1647	1866	2810	621	1516	1750	2358	2442	1479	1481	1335	590	1800	1005	509	565	1852	1618	1342	1032	1759
ENSG00000196773	34750	721	590	692	524	831	610	883	642	892	1145	1265	322	686	855	823	671	784	441	585	888	508	613	672	888	778	975	586
ENSG00000219068	1250	10	17	7	28	19	24	10	18	25	16	11	16	18	9	24	10	14	19	23	11	22	15	12	22	25	10	21
ENSG00000166996	50	21	6	2	4	4	18	6	8	15	1	7	21	9	5	4	17	10	8	6	9	8	11	7	8	12	6	4
ENSG00000232283	25450	507	604	580	475	571	832	678	396	535	928	337	397	439	534	329	384	247	671	670	434	228	486	444	329	679	578	479
ENSG00000204363	41550	1423	705	642	1633	2097	2574	2418	4576	11286	7591	8293	4420	2584	5877	3977	15814	26115	14192	26963	416	791	575	628	56533	37660	29861	19650
ENSG00000107641	3850	101	53	33	67	75	51	96	21	81	71	89	98	82	105	49	57	82	135	91	78	60	74	61	64	127	51	87
ENSG00000235575	43650	1391	961	1768	2615	1965	2748	3065	7347	7981	7391	6842	7294	4734	2679	6079	22201	18008	21588	20950	581	671	576	1038	69812	42713	39502	33960
ENSG00000162784	1675900	61966	41410	38097	42540	23024	78023	33888	31270	34666	69736	25124	31920	32046	50899	33397	57098	51996	29883	80591	34833	47585	29467	49224	53932	45273	50054	42259
ENSG00000228541	5000	101	217	102	138	155	146	188	81	194	193	117	185	81	112	114	127	141	194	128	78	143	199	173	85	164	113	116
ENSG00000241558	50700	2717	2603	2691	1655	1222	2908	2370	1389	3463	3128	1391	2665	3196	2310	1789	2046	2100	2168	1970	2089	2551	2131	2855	3776	2160	1726	2485
ENSG00000100775	4250	118	74	168	209	214	188	238	937	933	1964	1001	331	394	577	252	1277	2606	2373	2394	33	55	40	42	2106	2223	2850	2979
ENSG00000145531	250	6	6	8	5	13	6	5	12	8	4	12	13	13	6	7	8	5	8	4	11	10	9	5	7	6	9	3
ENSG00000166720	900	11	14	10	27	10	17	13	10	22	11	9	16	13	27	12	12	24	10	22	24	25	8	29	19	22	17	8
ENSG00000185469	400	1	10	3	3	6	9	3	3	14	2	3	9	9	6	5	2	4	8	3	7	3	5	7	4	10	6	0
ENSG00000121928	57750	1273	1022	1333	756	1182	890	1008	1552	519	1488	907	1201	1130	1645	1185	472	1482	1811	1862	1399	1084	1536	776	1473	786	1270	790
ENSG00000175046	8350	215	182	238	316	106	274	207	185	244	240	253	247	289	234	313	157	192	192	310	437	304	317	276	227	229	175	174
ENSG00000175924	10850	344	301	443	360	241	298	381	305	593	540	215	357	561	199	482	338	495	466	226	432	545	460	802	262	345	213	230
ENSG00000171594	21450	372	762	187	733	681	652	529	518	282	669	581	656	390	374	477	331	546	461	501	444	384	297	434	491	531	554	448
ENSG00000143980	1250	50	30	43	63	51	23	54	51	30	46	38	27	20	24	25	49	18	27	41	35	28	41	34	51	19	31	37
ENSG00000227735	15900	443	115	160	152	261	186	191	146	201	116	164	283	73	174	138	137	164	131	120	210	268	219	182	182	174	221	179
ENSG00000192965	3650	116	60	31	61	52	47	60	59	33	73	48	38	68	32	41	29	44	45	67	49	47	48	83	58	59	29	30
ENSG00000126854	4150	62	113	98	57	42	58	39	107	47	106	105	81	84	68	111	43	74	82	78	107	56	68	45	50	55	67	90
ENSG00000166185	1600	30	21	17	18	18	22	13	28	19	25	11	12	13	8	23	9	13	28	16	10	22	19	21	4	9	11	8
ENSG00000119866	200	7	6	3	4	15	2	5	3	11	6	5	9	7	4	5	4	12	4	9	4	8	3	1	2	14	5	5
ENSG00000204738	7300	62	125	133	262	187	160	125	160	182	171	181	101	195	98	120	163	129	74	162	173	89	166	91	277	154	149	112
ENSG00000145840	1200	15	34	17	20	18	35	16	19	25	44	44	29	34	28	36	42	36	12	32	22	34	17	22	54	15	46	41
ENSG00000209570	2700	20	32	29	33	35	14	33	24	31	17	21	28	49	35	33	45	15	16	27	18	61	28	32	37	34	40	79
ENSG00000176153	44550	1025	1221	709	1152	1180	1159	748	1281	1059	1597	799	1305	874	1456	1068	1089	1042	1232	615	980	692	1517	1128	621	1336	985	790
ENSG00000132807	6550	292	164	219	195	243	204	191	132	398	61	205	124	107	299	396	237	168	142	172	117	198	120	209	96	182	122	291
ENSG00000114906	15100	171	285	319	394	631	931	662	3050	1748	1222	2706	869	1365	1660	1776	4397	4840	6412	3610	140	130	66	160	12807	7701	6680	10342
ENSG00000236298	6200	43	64	121	67	58	63	78	74	74	150	91	44	69	73	66	85	107	45	65	77	112	129	75	59	102	95	154
ENSG00000225604	6450	93	144	161	69	181	146	147	138	140	136	120	65	171	91	170	118	62	118	134	117	134	75	107	78	105	119	139
ENSG00000163800	61200	521	1264	670	1169	772	724	1029	1392	1112	623	1543	1570	1466	1003	968	1785	1239	782	899	701	1715	1346	1673	1423	755	1265	1271
ENSG00000175438	4350	52	107	104	67	73	38	38	46	50	71	34	53	65	80	117	72	70	67	64	50	75	65	131	76	43	42	73
ENSG00000202707	182600	4555	4238	5352	4504	7933	3828	2672	3550	3340	6202	2697	3289	5264	2436	3210	4394	4553	7225	3822	3089	4233	3328	4042	2529	4457	2944	5471
ENSG00000112002	211600	3855	4882	4298	4803	16342	9312	14366	48186	33872	57572	29368	23124	24623	23613	23563	107793	121287	54208	122832	2602	2023	3662	2352	124270	115400	148706	94523
ENSG00000184178	300	10	18	10	12	7	11	14	4	19	20	10	11	7	8	8	14	28	9	7	18	6	18	5	23	6	7	10
ENSG00000149392	3250	41	72	48	75	51	39	99	63	121	69	59	39	66	92	77	67	53	97	61	59	59	35	62	117	60	86	101
ENSG00000175777	120400	1335	1961	1877	4877	3676	3575	2783	20550	19781	14928	8627	8405	6483	5124	6959	47839	37784	33026	24064	861	625	931	687	54953	65903	63753	45427
ENSG00000217815	650	25	37	24	20	21	24	43	36	35	39	13	20	31	22	29	31	32	18	33	60	29	21	44	42	39	22	48
ENSG00000178708	500	8	5	8	5	6	5	5	3	11	0	3	1	10	3	5	2	4	6	2	4	9	7	6	15	8	15	2
ENSG00000133130	15150	173	245	423	243	142	195	283	215	372	210	348	310	185	95	254	186	279	261	266	283	364	214	274	323	323	163	156
ENSG00000101658	81450	2958	3259	2671	2013	4130	3595	3204	3963	1920	2611	2331	1719	1535	4561	3281	2161	3197	1709	2333	2938	2620	2375	2532	984	2001	2243	1391
ENSG00000117492	250	4	4	5	13	4	4	9	6	2	8	0	9	3	5	3	1	4	7	3	3	6	8	7	2	4	2	4
ENSG00000180799	73250	1156	1285	1488	1107	1138	1509	1959	1230	988	1512	1153	1467	972	930	831	861	1119	1887	1108	1484	1167	2031	630	662	1039	1306	1420
ENSG00000149284	1050	2	11	10	13	4	6	18	6	7	7	10	15	8	3	17	3	14	14	7	11	6	6	9	6	8	8	10
ENSG00000238359	2050	45	10	27	7	22	11	19	14	16	30	21	21	19	18	33	23	26	28	14	27	27	13	23	23	45	33	36
ENSG00000230969	19500	329	348	206	471	281	384	395	363	274	415	447	404	266	388	200	332	357	397	358	234	312	163	223	214	253	252	273
ENSG00000246966	3100	47	91	55	70	36	107	36	70	42	83	46	47	80	99	71	82	58	72	73	37	92	48	62	106	103	82	97
ENSG00000166544	1150	20	52	50	27	37	73	29	38	45	58	31	48	27	38	30	42	52	53	43	56	32	50	21	56	33	43	32
ENSG00000127213	3250	54	39	33	94	70	43	28	49	41	60	58	58	92	79	43	48	64	27	46	30	34	20	42	27	36	84	59
ENSG00000129228	50	6	4	2	2	2	3	2	7	1	1	2	3	0	9	7	2	5	4	2	4	4	3	1	4	1	2	4
ENSG00000144630	114150	2228	1934	2061	2190	2160	2001	2056	2755	1763	2032	1408	1295	2666	2661	1705	2704	1793	3076	1858	1922	4913	1253	1828	2045	3067	1540	2089
ENSG00000204267	2950	73	52	54	54	40	80	72	91	39	55	44	37	21	23	49	49	85	91	68	61	57	48	33	52	33	76	83
ENSG00000223577	500	22	13	17	3	7	22	13	14	18	7	13	19	6	14	23	8	10	32	7	10	13	8	28	9	21	17	6
ENSG00000179910	550	14	17	16	7	6	11	17	9	16	12	10	17	12	24	8	13	8	5	10	7	16	22	6	15	20	14	20
ENSG00000142714	24300	284	755	500	258	338	266	507	304	765	428	423	449	415	398	282	339	323	334	393	423	319	419	118	327	205	452	390
ENSG00000157171	10850	207	230	156	160	240	129	269	158	201	148	273	188	157	145	116	196	278	222	223	194	222	276	183	235	220	300	122
ENSG00000166419	200	2	5	1	3	4	5	2	1	5	1	2	3	1	5	3	1	10	6	1	3	9	3	3	0	2	5	1
ENSG00000132996	1400	47	69	57	41	34	49	37	35	49	24	33	66	45	41	76	44	51	31	64	41	37	36	33	56	74	36	54
ENSG00000220471	150	6	9	6	5	1	3	5	6	3	6	4	6	6	10	18	10	0	6	5	3	4	3	10	1	4	6	6
ENSG00000193730	15550	346	176	187	389	270	178	445	204	176	629	320	195	154	226	285	417	382	333	178	150	357	241	262	149	218	236	278
ENSG00000130243	700	35	50	40	23	16	51	43	29	41	23	79	39	26	29	31	14	55	36	47	17	36	16	21	39	51	40	27
ENSG00000182411	20500	390	328	508	288	444	274	278	495	299	581	176	292	424	574	424	684	187	259	341	435	369	277	211	307	451	803	309
ENSG00000174297	17250	342	527	539	518	415	662	405	401	630	579	254	632	505	655	568	449	435	533	184	403	501	578	543	434	502	360	288
ENSG00000163257	175250	2200	3135	2878	4517	5654	3112	7132	12965	15423	16339	11535	14444	14568	7699	9350	30082	39014	27241	27142	1127	405	755	1538	63272	46807	94078	59269
ENSG00000115658	4450	84	110	44	67	51	51	74	49	36	74	55	23	25	46	75	34	86	38	43	60	83	28	64	41	36	46	79
ENSG00000118438	2300	56	71	34	39	60	49	108	44	71	71	36	59	54	43	39	33	44	41	39	40	63	38	33	47	40	45	38
ENSG00000223814	7550	132	173	112	161	194	114	171	165	224	129	122	106	125	128	179	201	127	218	223	194	247	212	105	216	110	200	234
ENSG00000186351	92650	1832	864	1488	3651	2431	3564	3591	21256	14641	15920	12369	5289	4798	6714	6403	41204	37820	27644	25101	549	663	910	906	45465	62954	63399	41666
ENSG00000164990	5750	178	90	71	301	293	358	103	806	881	452	412	714	730	734	552	2166	2972	1122	1681	123	52	29	74	5368	3046	2672	2895
ENSG00000143001	5400	25	35	84	62	53	56	62	56	44	46	42	102	26	29	60	35	56	50	73	70	40	73	81	50	47	34	17
ENSG00000108105	45900	1210	548	943	699	699	579	703	785	526	962	810	653	501	1643	930	514	1186	408	577	826	1571	720	715	495	580	507	681
ENSG00000216364	50	8	4	2	8	6	7	3	1	3	3	3	3	0	8	4	3	2	5	2	4	2	7	3	3	1	2	4
ENSG00000115206	104750	1993	1710	3031	2720	3155	2332	2193	2571	2566	2161	3307	3907	2393	1862	4079	2222	2768	1302	3572	2613	3171	1492	1723	5625	3683	2353	4323
ENSG00000245669	5200	89	67	63	73	112	131	151	116	167	132	210	42	132	123	46	131	66	100	90	81	62	96	136	129	103	86	117
ENSG00000171396	6850	155	173	98	129	303	299	309	183	220	391	259	234	231	476	326	343	198	345	319	241	249	277	254	412	183	155	324
ENSG00000151424	28500	1489	1210	1068	1079	1200	992	1474	1039	1286	953	1183	1013	1167	1572	1313	760	839	1319	1309	1373	1135	989	1632	1407	727	1661	1280
ENSG00000223692	1350	20	24	27	25	34	22	17	33	18	26	20	25	56	22	32	24	32	17	19	56	24	26	26	26	32	26	27
ENSG00000117581	9700	113	266	74	307	211	176	283	291	156	107	292	130	165	311	250	165	212	306	117	238	390	229	322	288	221	208	232
ENSG00000164019	88450	2627	1914	1266	1247	906	1236	1971	1708	1379	1069	1339	1466	1945	2288	1307	2207	1509	1129	1375	1096	1593	747	2049	1815	1293	1136	1688
ENSG00000124843	14450	270	264	516	246	337	261	330	177	166	329	194	299	204	269	156	326	241	297	133	274	247	193	197	212	404	274	209
ENSG00000181559	41200	1010	778	649	745	1050	703	792	503	791	529	756	577	355	303	374	680	616	837	581	589	655	633	501	734	782	709	506
ENSG00000218234	850	44	30	18	28	31	44	50	19	21	24	73	48	53	20	13	51	39	28	43	38	37	31	36	22	28	20	21
ENSG00000161033	24650	512	606	783	897	390	664	677	929	683	406	470	793	857	596	360	857	369	586	403	630	908	308	538	641	692	565	588
ENSG00000191048	27400	580	503	251	794	770	1092	1790	3263	2181	4216	1964	2042	2288	1341	1952	7160	9016	11340	6739	203	247	219	192	14460	11084	6581	8815
ENSG00000144225	2400	69	58	65	62	50	114	54	54	48	91	62	35	50	84	65	86	63	85	51	65	84	39	56	34	106	46	47
ENSG00000183242	450	15	4	7	3	4	6	6	17	6	12	3	14	25	7	9	4	10	12	13	10	13	13	12	19	15	12	10
ENSG00000151792	16500	388	252	217	346	459	245	314	314	341	374	393	486	267	316	465	319	217	209	329	391	446	338	559	447	398	308	195
ENSG00000175447	1300	10	14	16	11	30	16	37	12	8	18	15	25	18	18	23	15	28	11	23	4	3	15	16	17	15	13	17
ENSG00000140380	9500	167	169	335	183	311	173	155	426	353	181	301	400	240	286	266	350	292	296	213	360	369	222	294	307	324	179	327
ENSG00000134144	127000	3345	1465	1455	2515	2927	1741	2033	2804	2128	2102	2274	2419	3408	3129	2244	2724	4484	2669	2632	2582	2419	3691	1721	3273	3748	1722	1837
ENSG00000197290	3250	31	55	92	95	73	41	65	49	68	104	28	90	61	28	49	34	46	82	46	27	77	45	63	149	64	38	90
ENSG00000137731	14350	264	259	152	196	426	462	305	273	317	404	180	212	403	229	316	215	317	177	131	351	223	373	282	235	417	317	277
ENSG00000225552	2500	16	37	26	80	56	68	111	312	346	271	264	97	49	229	87	531	354	625	426	25	19	13	14	892	557	762	1055
ENSG00000231374	39250	822	770	659	436	662	458	631	796	480	623	469	1008	859	835	1108	628	509	711	886	659	869	1126	829	712	676	970	331
ENSG00000212944	50	1	2	2	4	1	2	3	2	0	3	0	1	1	5	1	2	2	3	4	1	3	1	3	1	1	2	2
ENSG00000125469	8400	136	112	128	95	184	186	119	155	323	142	159	125	178	142	176	152	129	55	118	85	183	263	158	169	105	206	98
ENSG00000118464	450	21	12	10	14	5	3	17	22	8	9	12	9	20	19	9	13	14	29	22	8	9	11	14	20	11	11	8
ENSG00000208480	1200	22	18	12	30	28	18	3	17	18	36	23	37	18	34	13	20	31	15	24	14	10	12	33	21	17	14	32
ENSG00000141104	300	21	24	11	13	13	11	9	22	16	10	26	21	21	26	14	17	22	14	20	23	12	31	16	11	26	18	13
ENSG00000154432	203300	2714	5734	2358	4230	2109	4386	1779	2714	4591	2394	2826	5502	3837	5747	3327	4193	3317	3517	4563	4436	2594	4830	3961	2031	3851	4684	3871
ENSG00000218371	1150	15	17	13	17	19	24	24	24	14	13	30	27	25	16	8	21	20	20	18	29	26	21	17	18	22	33	32
ENSG00000184815	106450	1714	1857	2845	2042	3038	2616	3057	1889	2936	2966	3300	1633	4282	2476	2080	2673	1713	2376	3608	3018	2576	2312	2252	2617	1498	1502	3650
ENSG00000105846	5200	75	88	116	51	121	87	50	117	90	130	138	131	104	126	75	78	125	142	120	172	111	113	135	74	73	110	86
ENSG00000124410	2350	28	38	37	21	27	43	20	49	37	28	40	29	44	28	61	28	34	15	41	25	49	25	18	30	23	11	47
ENSG00000166239	6600	127	71	76	107	189	57	132	63	143	133	101	97	103	116	83	98	209	182	93	66	208	163	148	110	162	125	131
ENSG00000175666	6550	106	113	100	96	45	96	139	78	78	120	78	136	75	176	93	39	65	111	56	66	53	173	118	133	70	108	129
ENSG00000216192	6100	113	115	150	134	83	75	157	144	71	81	43	106	122	92	142	59	95	127	136	96	111	83	99	154	68	99	146
ENSG00000147061	48350	1730	737	966	1136	905	899	1497	761	982	800	1041	956	861	1170	842	1056	1093	960	963	968	583	991	828	553	1329	711	1631
ENSG00000110366	200	5	7	10	2	8	6	5	5	5	7	4	1	7	2	2	8	1	4	4	4	4	4	1	2	2	8	9
ENSG00000140321	7150	223	262	254	257	283	235	347	123	220	245	224	244	413	227	239	248	223	234	264	290	143	311	230	410	390	289	219
ENSG00000167715	7000	63	111	118	129	114	139	86	70	164	235	179	159	154	141	70	124	101	150	69	33	132	117	181	116	133	109	144
ENSG00000146902	9650	414	366	343	351	197	299	308	255	427	246	359	183	222	125	293	351	199	250	294	176	269	182	175	379	311	320	242
ENSG00000119060	1000	40	30	34	26	34	26	26	18	69	52	64	37	30	29	30	36	41	31	47	18	36	30	34	33	26	32	42
ENSG00000100280	1038350	5729	4908	13741	14870	15257	10647	16109	66094	85925	66936	99056	28490	27002	21070	68071	142960	43720	164305	138730	5213	4982	3609	2415	282319	258510	297243	496736
ENSG00000221581	11400	302	216	166	193	417	203	209	292	303	217	223	310	594	398	166	370	287	288	281	413	209	305	216	402	216	389	455
ENSG00000130915	1150	15	25	21	24	15	13	14	21	24	12	11	13	29	12	33	19	7	6	9	22	15	27	16	22	24	16	17
ENSG00000243924	4450	68	48	52	39	71	58	57	50	48	68	65	71	33	66	55	53	78	62	32	90	29	42	58	68	60	58	88
ENSG00000210731	3250	66	97	63	159	100	54	75	59	93	82	84	95	82	101	73	73	120	75	120	88	42	78	89	64	57	74	69
ENSG00000222472	2150	82	47	48	27	68	97	31	63	50	29	38	29	63	60	61	66	23	55	48	29	43	70	22	72	33	20	36
ENSG00000146623	72150	632	474	781	1338	595	499	625	764	792	921	761	871	885	385	643	685	1403	1006	1080	1152	566	971	919	1008	779	975	1022
ENSG00000244156	550	25	9	21	22	8	20	17	27	9	4	19	19	16	16	13	10	14	22	20	12	19	9	16	13	16	15	11
ENSG00000126957	793000	24596	22262	25033	22010	11965	19301	30849	26522	42645	13300	34470	34110	16363	11483	16230	15369	22434	21939	16836	17090	19057	12218	22480	23228	16536	11100	13900
ENSG00000133259	2150	57	28	69	53	48	40	49	66	41	53	49	60	106	42	49	76	81	22	68	47	46	59	59	68	32	59	43
ENSG00000205439	5050	33	48	69	138	107	31	86	71	125	57	65	81	84	86	57	105	88	95	145	99	103	129	88	46	47	75	44
ENSG00000201078	3900	164	63	130	107	107	143	118	151	70	80	97	79	81	131	97	68	93	133	83	64	85	116	130	130	57	89	95
ENSG00000225187	23450	283	587	292	284	144	466	311	516	327	588	273	380	305	334	383	329	214	514	451	667	404	733	335	328	368	409	334
ENSG00000162755	0	2	1	1	1	1	4	0	4	2	1	2	1	1	1	0	1	0	1	2	2	1	0	0	1	2	3	5
ENSG00000155511	8000	246	111	175	124	160	102	95	56	155	182	163	108	139	204	110	88	108	173	127	126	169	124	171	115	104	111	160
ENSG00000153995	43450	650	351	769	409	450	479	419	644	527	562	915	934	371	437	386	706	362	473	907	576	628	663	573	517	340	683	519
ENSG00000201343	2550	53	37	89	64	51	62	49	44	78	58	86	46	68	67	48	55	78	31	53	80	58	66	55	38	24	61	58
ENSG00000235833	18000	313	329	431	373	253	263	315	323	387	529	427	343	240	270	326	563	376	178	208	314	660	419	184	380	309	270	359
ENSG00000154037	201850	3807	2477	5875	2261	2464	2720	8099	3940	4971	1731	5167	3064	2855	6419	5275	4523	4723	4348	4747	5990	6572	4100	3643	5427	4660	5387	4656
ENSG00000199299	1800	50	28	29	95	61	115	38	238	322	214	354	76	132	83	135	420	520	558	445	17	16	15	16	1052	1051	717	888
ENSG00000218673	1350	19	25	34	31	45	10	11	32	16	22	30	30	30	25	26	25	24	20	30	38	30	37	12	36	24	26	14
ENSG00000235985	5850	159	83	120	76	103	84	82	106	163	71	177	105	115	163	117	81	84	126	189	228	127	79	131	85	162	151	151
ENSG00000181416	14050	190	106	205	269	221	173	151	204	268	209	292	202	131	145	229	125	209	99	176	219	301	259	175	160	128	122	235
ENSG00000114270	4250	93	103	105	98	139	171	139	230	95	116	142	136	110	142	112	106	194	125	164	133	131	131	56	124	214	140	140
ENSG00000214080	1600	33	22	15	14	17	40	21	29	26	7	31	33	24	5	25	13	30	38	20	7	11	32	6	17	33	27	17
ENSG00000249783	2650	19	18	24	47	25	39	66	45	17	28	46	36	43	13	23	24	9	33	62	31	32	29	35	32	25	58	44
ENSG00000141485	2050	87	40	46	51	70	96	85	34	26	51	34	50	65	43	29	48	19	52	42	43	41	38	45	48	33	58	59
ENSG00000168209	19750	212	325	312	638	434	314	333	297	587	488	264	338	316	548	473	360	476	457	423	408	513	263	630	549	348	263	259
ENSG00000127980	1120200	28257	22509	15817	24658	18915	18347	11949	25575	14046	24364	32775	12627	16539	25653	28078	28915	20152	13532	18578	23011	18364	31263	24940	19592	19093	17789	39085
ENSG00000195637	6350	120	204	105	215	176	94	153	137	159	134	139	186	128	169	239	160	101	143	215	156	173	198	121	234	213	296	116
ENSG00000144614	250	10	3	12	4	6	3	7	11	8	4	8	7	7	5	14	6	6	11	6	7	2	4	9	7	6	6	4
ENSG00000236063	192000	5306	3461	2165	2605	4691	3861	4603	2774	4978	6075	5296	4260	5708	1952	6713	2443	2321	5209	4244	3957	5353	3099	3837	3821	3860	2774	4288
ENSG00000132614	6000	44	50	84	73	74	56	153	48	59	43	46	38	31	54	36	76	46	71	109	66	53	87	48	61	59	37	73
ENSG00000239579	35000	1220	412	944	664	971	745	903	847	833	1001	649	624	699	354	720	920	469	533	784	225	855	673	749	639	1197	671	563
ENSG00000242204	19500	374	335	267	301	437	246	222	334	230	172	310	212	322	439	298	322	271	755	253	293	283	406	304	216	216	191	266
ENSG00000159147	7600	227	153	175	143	202	114	121	152	159	43	91	147	111	134	165	75	132	171	116	223	185	156	73	125	85	126	117
ENSG00000191170	5850	268	154	126	191	169	127	299	150	327	102	206	214	178	169	155	252	114	131	187	138	143	193	211	204	167	176	186
ENSG00000225025	150	0	0	0	1	2	3	0	3	1	2	2	0	2	1	2	2	1	1	6	4	0	3	1	2	7	1	0
ENSG00000244441	34400	878	928	657	521	850	1304	1581	1017	1072	451	1177	1443	765	1423	1231	1536	970	1032	1545	1134	1280	1504	875	1176	926	1003	532
ENSG00000238966	50	2	2	1	4	0	3	1	7	24	13	3	6	14	3	4	35	37	32	16	1	1	1	0	58	68	57	50
ENSG00000225998	153550	2454	3021	3270	3174	4129	3013	2868	3586	1053	4648	1764	1292	3370	2968	3785	1267	3038	3063	1570	3630	3803	1758	2040	3596	2569	1800	3975
ENSG00000218533	6950	136	114	67	144	111	97	85	61	113	116	111	115	71	132	89	127	88	79	158	73	96	80	68	90	167	59	202
ENSG00000156176	50	2	5	3	1	1	3	4	2	4	2	1	4	1	3	3	1	6	1	1	3	2	5	4	2	5	4	6
ENSG00000132890	9800	215	243	181	206	281	249	322	300	146	334	293	257	225	321	280	216	247	467	319	487	200	347	53	205	274	290	440
ENSG00000119298	119350	5317	3765	4354	5719	5364	7861	4237	4095	3159	5105	6569	5099	4034	6372	4073	8133	4349	6713	5333	3985	2868	5146	5042	4122	4331	5605	5586
ENSG00000173682	212200	5435	4071	4208	3044	4202	6155	5385	6678	4064	6847	3655	2420	5020	3016	7960	5233	2833	4742	5266	4902	4541	8286	5115	3328	4939	5059	4259
ENSG00000224956	17550	675	621	480	224	407	353	403	346	461	507	512	441	554	584	360	467	324	270	570	337	410	714	422	421	273	475	437
ENSG00000177635	27300	648	629	457	455	777	361	352	584	458	372	534	441	428	276	749	553	631	268	404	713	493	721	371	623	703	349	401
ENSG00000166838	13500	131	322	176	289	353	411	333	153	318	291	273	423	312	274	466	301	349	235	220	258	398	293	227	233	226	301	263
ENSG00000156961	35450	980	762	1108	923	865	523	705	1493	1158	714	1324	1358	1418	774	1214	1161	1320	1005	1021	750	981	985	874	578	1119	600	977
ENSG00000225401	4250	82	132	93	95	63	112	48	142	117	133	56	62	85	109	72	58	103	83	91	62	98	103	102	83	107	126	91
ENSG00000151573	17700	834	715	456	343	661	1056	920	558	957	545	745	590	579	890	819	633	687	413	1245	586	408	664	1326	611	817	690	353
ENSG00000146724	850	9	22	19	26	21	21	29	26	13	15	13	14	15	38	10	2	24	20	3	5	15	10	11	15	15	18	10
ENSG00000196677	39900	262	658	514	1479	1425	872	1919	4379	7517	6309	6008	1638	1988	4421	5842	7180	7714	12267	9908	552	467	384	426	19061	26101	24952	22895
ENSG00000219970	450	15	6	11	15	11	9	9	11	18	4	24	4	7	8	7	20	5	15	6	7	14	17	6	15	14	17	8
ENSG00000233961	1100	14	20	9	21	26	13	15	14	18	22	14	8	13	17	17	17	11	17	11	17	16	30	18	21	19	5	27
ENSG00000202080	108000	3841	3076	3608	2602	3076	1483	3032	2507	2046	3372	3947	1838	3959	2293	4304	3579	2282	2502	2273	2098	1747	2123	3593	1170	1420	2304	1639
ENSG00000185755	15000	132	293	285	277	232	231	334	239	237	271	187	161	198	535	298	190	254	371	211	410	229	400	176	378	246	366	393
ENSG00000117324	488500	3678	14318	15254	10152	5830	8224	10048	8434	10341	8221	7071	6947	7848	9743	11195	7347	8571	8252	5381	5840	6893	16230	11307	4283	5618	9124	7056
ENSG00000122099	1050	37	15	9	10	21	14	23	20	24	16	30	22	24	13	32	16	17	16	32	55	14	22	22	8	14	12	24
ENSG00000191482	150	2	2	3	3	10	3	4	12	1	3	1	2	7	4	3	7	4	4	5	6	2	2	2	4	10	8	2
ENSG00000140761	950	22	19	19	22	27	16	11	18	26	16	29	18	14	15	15	11	14	19	30	17	19	18	16	14	31	17	23
ENSG00000163643	30400	1456	977	1050	997	913	617	929	732	1275	1088	1008	738	983	1148	530	585	1717	680	1331	965	609	1148	879	756	762	1056	759
ENSG00000198840	18800	936	697	835	460	650	644	576	442	806	544	504	490	631	639	512	1076	730	589	977	756	412	970	635	440	878	762	637
ENSG00000115818	350	13	11	9	7	8	18	5	5	6	2	6	4	12	3	2	12	7	7	12	6	7	8	10	16	13	5	11
ENSG00000243982	2300	59	52	37	69	58	49	63	55	60	38	70	48	75	33	79	74	55	42	35	36	40	47	38	63	29	39	44
ENSG00000113851	11900	218	158	206	293	236	133	88	188	159	193	189	110	307	181	221	96	192	186	170	271	197	249	184	268	226	174	247
ENSG00000130876	1850	36	34	62	45	68	72	59	52	70	35	62	42	74	55	46	65	63	61	63	85	64	42	53	69	68	52	62
ENSG00000200649	100	4	2	1	8	22	6	5	49	24	22	21	20	12	22	10	48	63	45	53	0	0	4	2	56	187	113	172
ENSG00000228042	2112300	29174	36170	41262	31138	22715	13277	22195	40935	21307	27676	58854	37917	32275	17512	24501	33550	16483	33570	29587	16470	24205	25526	25988	37700	27230	29982	42781
ENSG00000176524	859250	12304	14024	4707	17187	12576	13019	14810	9714	19681	7703	10339	8333	5795	11630	13894	6586	14292	19802	18227	9234	16105	12154	12151	11463	8168	13499	9047
ENSG00000209951	38300	677	682	885	498	528	1178	1014	464	1006	1057	710	1173	835	600	602	626	677	612	581	617	337	731	541	848	797	1136	744
ENSG00000145482	550	20	23	18	14	18	10	25	19	8	11	13	19	24	25	19	22	19	32	7	24	18	17	27	19	19	29	29
ENSG00000236888	350	4	2	1	4	6	2	3	1	0	1	6	3	4	6	7	3	4	5	1	2	4	4	3	3	4	4	5
ENSG00000190721	35250	603	1077	811	706	594	589	641	960	619	867	916	655	661	686	695	772	534	341	593	858	564	476	1087	1303	745	515	361
ENSG00000108815	28050	1103	1193	691	1369	1372	1683	1200	13658	7152	4911	3568	2801	3675	4118	3926	9792	13433	12997	15983	411	526	545	611	35434	21325	16090	32287
ENSG00000141114	65650	1354	1752	1497	866	1568	892	1417	1411	1381	971	1629	1474	1362	1287	1087	603	1736	1926	1031	1476	1540	1682	1209	1199	2287	1982	919
ENSG00000104633	58500	2195	2168	1933	1269	1615	2211	1975	3026	1981	2568	1548	2241	1718	1657	1365	2741	1788	1842	1271	2988	1869	2844	1106	2542	1236	3147	1873
ENSG00000117726	4100	71	48	75	101	96	61	51	69	107	118	50	38	55	68	77	96	74	64	158	38	157	75	58	51	93	60	62
ENSG00000101568	4850	65	74	84	84	100	65	185	66	49	54	75	103	67	78	68	59	52	68	71	61	126	80	58	54	81	55	96
ENSG00000216890	22750	378	627	418	1190	1036	1339	436	3670	5185	3886	4762	2437	1666	1821	2319	5160	6172	7796	4903	160	288	254	210	15981	15378	9396	19357
ENSG00000196621	14000	146	213	106	593	556	288	309	1080	1693	1627	2095	786	853	858	635	3170	2380	3066	1939	74	82	94	50	3445	2734	3866	5231
ENSG00000190391	1000	7	8	17	20	20	7	10	17	14	6	10	12	17	8	30	12	4	27	10	4	19	15	11	20	10	15	11
ENSG00000121585	10950	182	200	316	725	817	293	603	2635	2639	2977	1771	1267	1100	1468	1804	4335	7600	5545	7593	195	257	151	182	10923	13732	4668	6069
ENSG00000178989	142600	2542	1389	1026	1625	1787	2267	1963	2063	1080	2052	2166	2461	1714	2764	1768	1707	2479	1518	2133	2520	1688	1647	2010	2124	2579	2366	1905
ENSG00000156209	10550	140	126	89	193	102	271	160	299	127	178	130	133	179	108	212	218	147	231	86	102	210	174	209	216	216	231	169
ENSG00000244190	17700	438	161	367	316	308	275	364	302	289	266	184	126	112	209	169	312	315	271	225	281	384	222	268	157	379	398	210
ENSG00000203871	269750	8602	5723	5241	9018	5876	9504	6120	6807	4351	9875	3456	5141	8591	6092	6979	8947	8507	8288	5234	5328	4654	14374	5537	7385	8114	9937	4807
ENSG00000101480	1500	43	27	50	49	35	54	26	36	44	67	20	71	41	51	32	50	54	66	25	70	37	40	69	57	43	32	13
ENSG00000233335	5100	107	120	159	92	178	114	100	193	91	162	140	140	135	188	151	165	100	136	116	153	161	118	193	173	281	136	146
ENSG00000183478	6500	113	68	51	122	101	108	97	122	90	115	97	159	65	153	42	76	81	119	142	56	84	68	110	99	68	71	100
ENSG00000137688	5850	156	202	123	168	185	104	204	172	147	271	208	153	158	124	150	138	112	148	104	63	105	164	71	142	91	135	100
ENSG00000125132	11300	397	228	256	246	148	416	255	216	256	381	395	275	246	299	426	271	303	297	188	233	216	246	369	281	275	438	291
ENSG00000118379	1000	13	23	19	18	15	22	11	12	8	20	10	7	7	14	11	16	20	18	11	12	18	13	13	11	15	18	27
ENSG00000208894	6800	224	34	79	96	136	181	122	65	64	134	103	166	89	99	51	103	121	201	64	76	84	78	172	71	99	59	93
ENSG00000113905	488450	17656	15735	14197	16568	7911	15439	18471	18691	14528	17649	13627	20221	14279	11488	11154	7821	9739	19149	10267	15327	13829	12496	18150	18107	13225	18980	15792
ENSG00000170050	500	17	9	8	13	16	15	20	24	24	12	19	17	25	7	13	31	19	12	10	25	18	7	19	28	18	27	9
ENSG00000145978	39200	405	577	486	1162	961	1378	1336	3947	7594	2837	3193	1652	1463	2146	1946	6681	9006	11415	8479	370	234	274	296	21877	20826	13589	26232
ENSG00000164417	110250	3173	4098	2985	1460	2377	2693	3765	2204	3172	2696	2825	3208	2020	2934	1135	1876	2733	2778	2162	3183	2525	2706	4730	3473	3424	2963	1353
ENSG00000119852	720400	10450	8252	11319	9197	11663	10787	11509	6606	10420	12634	9520	12750	11329	11771	14372	6585	6630	11461	8855	4830	8115	7297	9932	21390	9416	8711	11581
ENSG00000161258	35700	1221	798	919	900	555	780	685	475	831	558	542	713	606	678	668	481	913	1504	301	1192	559	1000	758	1188	778	1111	743
ENSG00000247446	550	21	16	13	24	23	38	19	25	17	29	22	9	17	20	28	17	17	16	22	9	19	16	19	5	14	14	27
ENSG00000234806	5900	111	76	40	66	63	117	76	60	44	76	76	98	47	88	79	61	76	116	55	77	97	91	92	110	53	100	92
ENSG00000218039	102250	3240	3089	1858	1833	2027	1610	3908	2464	1773	1894	1917	4043	1412	3316	2598	2980	2053	2691	3058	3967	2786	2252	2189	2782	2162	2850	2786
ENSG00000148161	182150	4507	3657	4355	7400	4668	6991	5520	36003	48383	31036	32235	18945	20516	25245	14538	90537	44775	90968	44103	2162	2105	1641	1931	130189	128379	112883	101232
ENSG00000169557	2350	36	63	57	84	68	104	92	32	46	16	93	27	25	45	57	47	64	37	33	39	38	28	75	101	51	34	46
ENSG00000201233	5800	199	97	88	100	83	173	72	143	103	105	202	75	368	118	120	221	194	169	159	180	149	66	230	155	111	158	99
ENSG00000119326	104350	2704	3625	2646	2879	3087	1675	3991	1204	1981	1898	1944	3344	5712	4430	2227	2112	1519	2711	3742	1813	5924	2726	3145	2849	4607	1660	2421
ENSG00000178779	1000	16	14	15	6	22	4	26	10	18	13	23	21	28	18	18	11	16	24	22	14	22	18	16	20	26	10	25
ENSG00000164421	112200	1652	4687	3889	3199	3474	3682	5393	5200	3803	4425	2906	3761	1700	6486	4026	4869	4610	2567	4982	2861	2930	7627	4464	4206	4907	2117	4158
ENSG00000235959	150	6	2	1	4	1	4	3	5	5	5	0	4	1	1	3	10	2	0	0	9	2	2	3	2	4	4	1
ENSG00000182656	450	10	18	23	8	14	18	14	18	15	16	12	8	7	12	14	11	7	21	18	7	9	11	12	8	11	17	14
ENSG00000143970	38400	640	1263	999	1058	2046	1632	974	9949	7989	2928	3858	4819	2677	3336	2724	24090	5871	15032	11191	515	601	402	674	28097	26222	31204	28882
ENSG00000225838	31150	718	442	498	1554	2041	1056	1490	6998	5145	5489	4849	4398	3875	3490	5980	10797	15179	11557	9354	486	448	490	327	28903	22227	24993	22910
ENSG00000157615	950	17	22	23	15	20	19	10	5	9	29	12	19	15	19	9	11	8	5	20	17	18	13	16	19	26	13	12
ENSG00000129722	333150	8354	5882	9639	7079	6498	6200	4675	4451	4821	7274	11155	4962	6540	2507	5629	9592	5787	8168	3282	5442	5778	11296	9867	5192	3381	6009	5180
ENSG00000149216	750	24	19	33	15	23	20	38	56	32	15	17	10	30	16	30	41	53	24	39	28	23	33	18	28	27	15	21
ENSG00000248367	13700	463	383	456	224	382	429	349	271	501	445	417	246	316	231	527	275	644	205	257	546	296	166	216	390	486	370	195
ENSG00000163113	305900	5328	5911	8957	7284	7114	3264	7933	4083	6461	5576	6600	6914	6334	8727	10565	5773	9235	5587	3704	4952	6259	5709	11694	6497	7095	2699	5349
ENSG00000216077	36250	557	383	499	479	448	455	501	602	620	292	331	587	223	768	518	389	170	333	184	365	375	562	804	487	515	565	422
ENSG00000184590	73450	1015	1807	1335	2028	2429	2403	1243	1659	1824	2308	1431	580	1784	2595	1166	1896	1398	2034	1359	2267	1845	2080	1512	993	1683	2110	803
ENSG00000199749	450	8	21	30	19	26	8	17	11	6	15	16	18	19	12	6	14	11	16	15	8	23	16	16	19	13	8	8
ENSG00000213594	3400	53	13	32	33	51	75	57	52	28	39	37	41	76	77	68	59	71	22	40	35	23	52	43	46	62	83	50
ENSG00000171274	500	15	7	8	13	9	9	10	16	5	15	8	12	15	15	10	6	12	12	11	8	7	12	11	13	5	10	7
ENSG00000132815	10500	331	321	187	162	311	245	132	239	110	255	204	159	260	154	222	323	272	251	277	176	334	211	192	302	309	163	233
ENSG00000110444	8550	109	138	142	149	80	163	113	156	154	120	109	96	116	186	99	189	167	126	165	224	142	206	143	159	126	168	109
ENSG00000137885	1950	17	28	36	31	22	26	15	33	28	20	28	30	44	27	36	36	14	43	18	27	28	14	28	41	38	46	24
ENSG00000130251	36100	559	317	685	934	517	676	638	461	493	528	533	407	606	790	406	611	441	301	415	712	724	937	760	303	515	454	359
ENSG00000126743	5850	257	102	133	306	151	294	200	962	1124	621	997	388	356	538	554	1363	2287	1484	2315	51	31	78	48	4632	4163	2637	2837
ENSG00000174201	114050	1388	4043	2170	2731	1393	2075	2578	1435	1939	2293	1646	1635	1507	2323	2374	1775	2725	2769	1597	1008	1392	1782	2483	2469	2608	1257	2218
ENSG00000151522	18800	424	429	347	437	218	261	126	507	394	453	537	486	473	467	330	425	219	403	304	290	379	600	348	661	679	333	265
ENSG00000246854	2050	68	80	58	55	64	69	30	72	70	57	20	81	53	15	25	36	35	55	33	65	30	37	64	35	34	34	64
ENSG00000237713	28750	877	410	947	701	514	1023	737	475	823	420	718	862	720	512	1098	594	878	883	1027	682	849	509	341	419	408	960	516
ENSG00000216084	16800	251	180	263	272	235	445	182	255	316	185	147	270	229	114	340	260	235	196	130	207	230	241	236	212	186	237	278
ENSG00000249434	193150	2938	4939	2918	5437	4089	4414	1840	6222	2150	3002	4169	6038	2596	3954	1807	3471	1974	2738	4588	2129	4943	2914	2797	2927	3239	2653	2779
ENSG00000175585	900	22	35	28	17	17	15	23	13	31	23	28	22	6	19	15	17	32	17	24	13	20	12	14	10	12	12	17
ENSG00000211959	83100	1519	1010	1142	1216	1440	1181	1614	1471	1307	1219	1232	1411	670	982	888	897	623	1954	1296	1535	1563	1715	1911	1293	1222	932	1790
ENSG00000202044	8200	80	154	43	120	84	100	130	111	73	76	121	114	114	143	90	131	118	168	124	96	145	124	98	77	128	111	92
ENSG00000106131	2100	16	30	31	25	20	28	17	29	31	19	21	16	14	35	17	12	43	34	22	33	16	32	18	36	17	27	25
ENSG00000235327	115950	2545	1998	1286	5420	4443	3227	3570	18730	17857	10656	13415	13455	8361	5556	7827	54042	31505	34921	29788	447	1473	1193	1197	88171	99911	69794	114158
ENSG00000209059	2050	31	27	20	18	9	12	36	19	22	13	21	15	13	27	12	12	12	29	9	11	12	18	23	21	14	8	22
ENSG00000157689	4650	95	85	71	89	52	79	66	138	98	80	67	122	68	56	157	145	61	85	77	37	63	152	78	94	64	36	91
ENSG00000201030	8250	326	144	288	155	226	147	235	312	173	327	211	153	145	280	341	201	187	167	135	210	189	99	339	300	108	248	144
ENSG00000236586	50150	1028	531	1474	481	424	610	605	468	980	633	488	954	654	742	449	965	851	813	748	529	1059	942	775	988	913	552	516
ENSG00000212706	8600	278	390	152	203	224	241	181	177	139	159	239	202	243	270	268	210	141	150	179	182	225	290	264	296	235	187	276
ENSG00000190838	1050	59	23	74	73	58	86	132	359	261	342	367	126	230	207	199	801	659	830	872	28	38	37	33	2053	1736	1511	2347
ENSG00000146443	49350	881	491	694	1599	815	1457	1502	7470	3646	3861	6728	3450	5133	2574	1453	11350	10459	14276	11323	369	456	500	374	30297	19025	10503	19593
ENSG00000126122	200	4	3	3	4	8	8	6	2	3	2	10	2	4	8	3	6	6	1	10	6	9	5	6	10	4	5	5
ENSG00000107347	200	3	6	5	6	6	8	2	4	11	7	3	5	2	3	6	4	8	5	6	6	6	5	6	7	8	3	11
ENSG00000216612	600	7	23	17	24	19	7	14	9	21	16	15	8	10	16	17	27	14	22	13	22	8	18	9	12	13	15	24
ENSG00000241929	22300	568	528	559	298	703	670	380	703	363	421	520	826	396	427	254	313	508	391	801	345	454	665	457	348	268	461	754
ENSG00000246924	850	21	20	19	35	32	20	45	26	17	39	22	42	21	12	16	18	27	34	28	33	26	32	16	28	27	25	18
ENSG00000211758	22800	264	378	226	295	169	106	263	273	221	322	334	306	216	217	331	290	171	129	351	272	212	194	178	174	368	223	337
ENSG00000221863	3500	132	106	60	107	69	83	33	101	109	88	62	48	62	173	125	125	59	91	73	87	121	108	93	56	77	70	99
ENSG00000165521	6400	103	67	89	199	78	157	236	891	991	660	839	410	376	366	245	1708	1322	2332	1239	43	46	31	61	2811	2960	4122	2597
ENSG00000140148	4350	124	94	95	58	47	61	94	130	49	161	84	61	102	97	87	77	112	77	85	133	64	95	91	146	57	85	83
ENSG00000188820	463250	6346	7011	4005	7803	5708	4159	7335	6081	3367	4635	4286	6403	7123	4292	6144	10006	3674	8384	4512	9619	5626	6891	7133	3786	4408	3060	7271
ENSG00000193161	57900	704	644	746	569	1044	973	1091	883	2269	1070	1924	565	1104	1516	826	692	1260	1390	1849	1352	787	1184	1122	1104	1029	625	799
ENSG00000179884	8400	171	208	194	223	109	148	94	155	75	175	69	126	144	68	181	181	59	90	203	246	138	127	159	104	119	88	118
ENSG00000167020	4750	62	108	123	134	119	136	72	64	51	43	83	110	61	79	117	82	118	138	114	114	155	188	90	78	161	74	92
ENSG00000104156	150	2	3	1	2	0	2	2	3	4	6	0	0	4	5	3	4	2	1	3	3	0	1	0	0	2	2	1
ENSG00000219943	127050	1487	3272	2495	2081	1899	2707	1651	1084	2248	1810	2107	1740	1705	2396	1372	2248	2983	2071	2560	1525	1789	2833	1599	1931	2085	1378	1610
ENSG00000239361	13900	293	218	257	199	219	150	274	183	319	190	211	303	87	200	186	329	336	161	214	189	271	171	224	222	167	123	156
ENSG00000232404	16900	655	604	795	391	1454	1068	1006	491	996	445	1152	1243	641	352	905	379	422	696	810	837	715	429	573	491	649	518	1485
ENSG00000103222	179250	3054	3197	3786	1613	2842	5074	3427	2466	1722	2215	2163	2825	6367	3221	2193	2318	2966	3832	2826	2654	2639	3272	2621	4880	2766	2044	1933
ENSG00000192875	3650	95	49	86	79	103	76	57	41	75	59	56	70	60	68	81	89	61	89	73	64	69	53	28	83	62	42	74
ENSG00000159919	596150	14461	10308	11952	11462	35094	30080	19006	108329	58264	94767	129900	50931	38101	43432	25776	141408	174769	153910	147835	3525	4105	6285	4688	476931	335454	411353	444286
ENSG00000173514	50	4	12	10	5	9	3	5	6	8	7	2	2	12	1	6	14	4	5	4	2	4	3	6	1	4	1	4
ENSG00000196389	4200	50	48	43	48	42	85	47	41	29	22	36	17	46	45	44	49	88	79	66	63	32	28	39	27	76	122	38
ENSG00000223770	1250	13	38	27	29	18	9	27	32	15	32	33	10	41	27	40	17	23	23	27	11	26	30	28	24	15	35	11
ENSG00000202339	3650	56	106	54	183	158	168	59	470	667	946	770	195	431	176	159	1342	1467	1307	1324	26	27	26	27	1478	3621	2539	2591
ENSG00000203771	163200	2017	1265	2549	3335	3044	564	2560	2446	2218	2609	1947	1678	2089	2324	2573	2330	2321	1424	1821	1259	1464	3249	1041	3107	1391	2440	3146
ENSG00000208567	42500	429	667	428	798	655	360	849	704	704	996	743	561	502	704	779	1149	475	575	540	488	530	351	786	635	619	424	287
ENSG00000174989	44750	974	832	709	741	809	558	503	467	642	612	764	779	1420	380	650	836	720	712	739	766	914	480	649	703	717	1191	1057
ENSG00000111978	1850	41	52	24	32	41	23	45	32	50	46	42	35	27	36	69	23	25	30	34	22	32	24	38	39	24	40	47
ENSG00000224463	20450	347	505	398	231	170	185	338	325	133	356	287	514	221	289	280	370	340	245	177	208	222	334	200	155	197	247	167
ENSG00000167105	450	3	4	2	7	7	4	8	6	1	2	3	5	2	5	4	6	4	4	5	4	3	10	5	4	10	6	4
ENSG00000221860	39050	277	558	456	890	677	703	404	528	720	447	466	587	616	487	434	474	605	565	647	920	725	340	606	678	659	593	225
ENSG00000228168	100	4	9	11	5	7	13	1	10	7	6	12	3	7	10	10	12	7	2	8	3	8	9	12	2	1	1	8
ENSG00000132112	2400	15	52	47	37	32	74	54	24	36	56	33	21	33	25	24	42	19	56	49	55	78	26	35	48	38	50	49
ENSG00000180820	850	21	11	10	15	25	8	10	23	10	14	10	8	19	8	18	15	18	21	20	15	15	20	14	11	22	21	14
ENSG00000243379	31500	488	219	579	270	203	131	406	179	578	359	261	360	177	481	224	505	201	559	434	385	366	386	422	221	335	253	515
ENSG00000164209	500	16	11	10	14	7	14	12	8	9	14	6	9	9	18	5	16	17	11	5	18	18	30	18	9	23	16	10
ENSG00000171313	19850	455	344	394	190	264	219	332	247	203	242	592	339	378	328	485	488	362	412	293	180	245	275	277	411	402	268	291
ENSG00000194966	30050	771	1151	616	1277	1037	2052	1624	4663	3359	9313	6988	2536	4369	4266	2256	10712	10521	9256	11162	321	835	310	303	24067	32209	45452	21052
ENSG00000142943	450	13	4	5	18	23	25	13	91	93	184	86	57	26	42	24	92	297	196	156	4	7	3	8	336	644	273	328
ENSG00000125956	115750	2479	3080	2532	1542	1166	2769	1935	2111	1919	2861	2040	2175	2524	3981	1561	2655	1809	3307	2758	1756	2131	1699	1679	2109	2443	1963	2593
ENSG00000164750	20650	572	437	558	380	729	481	413	389	289	338	412	201	380	421	634	344	328	499	678	594	349	196	731	329	619	392	401
ENSG00000165147	4950	95	84	103	132	98	201	257	605	409	626	587	351	294	169	287	1722	1113	1291	697	33	49	42	32	4291	3877	1736	1746
ENSG00000103933	3100	18	33	47	52	64	48	16	40	49	46	30	20	53	59	71	44	52	53	78	41	40	56	18	27	23	58	76
ENSG00000140576	7700	154	92	171	85	62	158	79	85	137	81	119	133	120	122	94	78	120	152	44	141	44	76	71	135	85	117	73
ENSG00000204222	13100	211	240	204	244	133	309	310	258	255	323	191	178	315	217	115	413	251	284	204	290	437	401	168	375	376	409	194
ENSG00000185418	21050	237	205	323	94	132	192	207	193	232	112	273	207	112	284	150	219	175	301	261	255	115	188	154	215	212	173	134
ENSG00000219267	750	24	23	20	28	44	22	21	23	23	18	22	27	26	12	40	28	30	21	18	29	31	33	37	23	35	20	30
ENSG00000163762	40400	482	465	745	886	351	556	781	256	507	1518	698	359	449	472	376	550	671	589	624	418	1110	521	409	475	591	418	481
ENSG00000213514	2900	43	64	54	60	69	75	38	58	28	49	46	66	43	47	50	71	90	56	58	51	25	53	66	28	56	24	30
ENSG00000118580	4100	31	132	67	105	72	65	97	114	66	101	79	37	111	73	163	68	136	110	72	71	80	97	42	115	104	71	73
ENSG00000129271	2400	44	62	83	156	130	129	128	418	600	217	422	102	134	313	376	908	653	994	1965	39	35	20	24	2314	2086	1881	1870
ENSG00000135621	42400	806	581	622	1078	865	763	782	1158	792	575	937	998	460	442	459	519	595	1010	649	529	811	809	914	757	781	1066	801
ENSG00000142378	83650	727	1802	1235	4250	1016	2523	2474	4055	12798	12114	9046	3861	6247	5052	9163	14723	20909	22813	19680	706	745	746	873	23180	68746	39486	70129
ENSG00000116174	65250	1611	1275	1814	1361	959	1063	628	1985	1995	1544	1707	832	1282	2640	1169	1092	2169	1567	2614	1882	2194	2092	1603	893	1679	1214	2057
ENSG00000207632	1450	22	25	63	37	48	26	31	35	23	44	58	34	19	23	25	34	25	16	29	35	12	27	20	42	25	18	38
ENSG00000190515	7350	120	181	96	139	141	82	232	200	168	196	190	119	108	148	115	131	126	137	166	205	113	104	159	77	111	134	250
ENSG00000230808	20050	488	466	356	420	276	484	168	514	455	412	456	336	376	337	402	465	283	437	323	576	398	648	448	694	586	625	372
ENSG00000127530	1500	35	20	18	18	25	18	9	20	26	20	14	24	10	19	16	20	18	21	17	13	7	14	17	13	16	26	15
ENSG00000223305	700	13	16	8	10	12	13	10	7	8	7	9	13	21	10	16	10	13	22	8	15	11	20	11	11	12	13	12
ENSG00000224919	16600	360	569	430	327	242	387	516	535	315	390	305	423	322	279	365	478	174	207	284	189	310	201	273	171	287	541	247
ENSG00000162766	1100	10	29	8	9	27	32	6	19	17	24	24	29	33	15	30	22	28	32	15	18	14	23	26	18	28	20	18
ENSG00000108626	4900	72	102	101	82	52	65	83	74	87	92	46	84	46	95	75	93	77	102	141	60	96	80	96	82	52	71	49
ENSG00000202249	700	16	19	30	29	24	16	19	24	23	9	27	19	15	24	19	30	18	11	13	9	12	12	16	28	18	22	20
ENSG00000207704	129200	1694	1384	1476	1408	1588	1642	2274	1891	1517	1957	3201	2708	2214	2109	2470	2380	2773	2191	3790	2799	1903	1606	2133	1650	2490	2102	2896
ENSG00000191311	44800	358	750	472	668	411	535	496	423	751	723	323	441	383	539	651	590	776	644	559	618	592	690	550	473	451	477	801
ENSG00000146096	15500	214	197	259	296	288	303	286	193	264	179	265	326	197	423	117	346	273	161	296	272	197	209	164	147	319	356	220
ENSG00000240175	38750	754	1441	1119	1071	604	1569	1041	1099	581	1100	1019	916	662	1606	1958	555	1882	935	1217	910	1242	678	978	514	1213	566	861
ENSG00000145399	5800	158	165	107	111	137	195	224	107	149	157	191	173	241	192	344	184	165	168	187	130	171	212	116	95	225	266	81
ENSG00000191859	5800	77	94	108	284	195	134	177	748	904	886	376	536	392	260	327	2613	1475	1397	2547	54	48	37	24	2563	4906	5620	2054
ENSG00000102881	649200	6801	9220	11818	13549	15368	18296	7494	14277	18773	8949	8951	14900	10653	14069	17726	21069	9534	7429	8063	8696	18704	18623	11594	11794	8020	9195	8071
ENSG00000152774	2800	32	36	73	61	14	48	48	27	41	47	41	40	71	62	28	26	49	50	67	61	43	52	28	33	28	26	38
ENSG00000144849	2450850	59457	71998	37256	59552	57949	53726	41809	54060	39441	51034	40632	65202	40679	59732	68125	30970	39274	37725	33417	28915	23847	50642	42183	41635	39868	28553	50379
ENSG00000134449	2450	52	65	45	40	45	42	39	38	43	91	62	63	25	35	26	57	53	81	58	38	45	45	29	30	42	48	63
ENSG00000212467	28950	667	1451	608	927	854	726	653	466	1316	969	419	916	521	393	841	420	1188	561	866	531	560	1046	700	1179	721	409	349
ENSG00000188266	250	3	2	5	1	7	4	3	4	11	10	7	5	3	6	5	6	7	5	2	4	4	1	8	2	2	7	2
ENSG00000186927	30600	298	459	266	237	316	460	299	360	347	239	425	301	304	477	432	419	318	438	594	408	496	404	419	317	282	217	249
ENSG00000193570	2850	43	54	96	69	126	77	91	105	89	103	76	77	114	81	18	91	57	78	74	59	101	26	84	89	89	73	65
ENSG00000239220	2100	34	60	77	109	87	39	92	64	43	134	60	93	97	53	69	43	42	66	83	55	60	71	32	103	98	43	69
ENSG00000109736	6100	71	114	122	108	55	90	42	129	131	144	156	82	108	122	69	90	79	93	65	63	82	87	70	108	115	140	113
ENSG00000243795	3000	93	32	50	59	64	40	71	81	56	35	99	45	60	58	133	48	53	105	71	75	63	78	65	53	24	50	88
ENSG00000240006	28100	464	460	615	645	636	530	495	520	474	318	259	294	293	380	660	522	742	410	391	474	513	292	604	504	415	426	354
ENSG00000106850	397150	6676	5548	5678	3548	7311	4987	5116	7082	6508	4380	8546	6824	5525	7729	4790	5415	6291	8817	5103	6900	7732	5623	4806	5528	6042	6472	3806
ENSG00000139533	2350	96	115	65	238	162	93	195	619	653	789	532	320	364	372	332	1497	1216	1096	1617	67	30	34	48	1891	3885	1568	2559
ENSG00000193313	0	1	2	4	3	3	7	3	1	5	0	4	2	2	4	0	1	2	1	5	3	5	3	2	4	2	0	2
ENSG00000182948	1600	16	27	20	46	27	16	31	20	15	45	32	61	22	42	26	16	24	32	31	37	27	66	23	40	32	22	39
ENSG00000210906	5300	92	86	95	108	69	104	95	96	96	224	81	131	125	87	60	70	36	106	118	82	99	99	154	73	167	86	87
ENSG00000186460	900	21	37	38	18	16	24	13	26	23	16	14	14	11	21	7	15	14	6	35	22	13	29	27	27	23	19	27
ENSG00000152348	24700	204	151	152	274	230	240	240	233	384	368	331	216	252	323	171	283	311	310	366	285	326	265	322	232	317	274	460
ENSG00000134807	1200	36	39	46	38	57	33	40	36	36	32	27	51	36	46	37	24	24	37	65	41	32	46	34	50	34	34	69
ENSG00000207962	42400	1047	732	1474	1455	1913	1406	1191	1488	1351	866	1437	2009	910	1481	1009	975	1092	1355	1139	2088	799	1657	1115	1099	2039	1396	1800
ENSG00000196008	10050	146	244	151	310	140	138	172	177	216	152	408	103	262	114	187	127	232	373	231	146	191	125	272	231	177	196	156
ENSG00000245574	13700	588	454	132	424	270	353	252	424	333	331	572	368	515	211	337	345	256	254	402	270	416	583	558	353	490	385	362
ENSG00000142824	2350	43	51	54	28	90	52	43	71	62	58	94	66	88	36	35	57	82	48	101	43	88	56	29	62	50	83	54
ENSG00000109818	5500	189	107	124	138	192	132	213	287	280	214	93	169	159	237	203	276	318	160	175	197	258	222	105	139	205	180	281
ENSG00000202494	1150	41	29	41	45	48	12	19	26	27	28	42	29	33	36	46	45	21	31	21	28	35	52	25	28	38	32	27
ENSG00000217963	21450	399	501	625	500	1288	311	402	459	680	481	727	461	553	796	360	644	626	435	583	857	471	402	625	536	569	816	918
ENSG00000148312	13400	146	207	111	119	246	121	71	166	102	121	165	109	133	84	126	182	115	151	106	120	221	114	157	101	143	149	97
ENSG00000164734	750	22	14	27	15	14	11	9	13	20	12	40	15	19	18	15	17	14	22	13	33	19	15	30	11	9	19	8
ENSG00000112532	57650	2252	1103	1453	2352	1224	2186	1506	2697	1844	1271	2131	1402	2198	2554	1326	3633	2585	600	1060	3100	1414	1182	2411	1376	2155	2767	1814
ENSG00000105565	2150	85	66	42	81	50	80	78	57	114	47	73	38	93	103	40	34	42	25	74	70	85	37	83	48	49	83	68
ENSG00000151313	23650	546	371	394	304	337	733	592	399	689	715	725	814	455	791	927	433	480	896	541	550	267	355	571	477	390	531	674
ENSG00000135164	14050	511	623	200	404	811	689	910	1289	3793	2531	2367	924	1076	1316	782	3068	8886	4134	4743	69	219	168	95	9112	10627	11509	13364
ENSG00000157451	113900	2471	2073	1973	3171	2188	3143	3193	2572	3251	2920	3492	2453	3781	1589	1627	2710	2936	2409	3170	2274	3291	2149	3420	3042	1913	2903	2103
ENSG00000141860	2700	75	111	71	59	71	93	136	95	73	49	148	116	138	44	103	53	105	66	107	89	108	103	111	73	51	49	63
ENSG00000193349	3700	73	54	50	98	185	87	81	101	114	153	82	120	118	80	50	88	71	90	82	80	99	82	121	76	69	79	190
ENSG00000125508	14500	246	238	199	241	283	226	180	185	447	271	162	260	151	217	327	188	195	421	164	219	248	180	144	213	209	209	193
ENSG00000237592	700	15	15	26	14	18	21	17	17	10	19	12	9	24	18	13	22	23	13	13	10	13	5	9	16	31	15	22
ENSG00000193711	6950	151	150	236	88	100	94	130	90	109	106	84	111	169	87	134	109	155	142	115	206	77	210	126	143	92	147	120
ENSG00000244627	18600	250	397	530	365	501	396	252	858	366	524	322	333	356	360	233	358	310	414	478	398	546	343	346	394	551	230	565
ENSG00000115101	2800	29	43	80	68	89	59	81	40	65	84	106	52	66	32	60	79	59	76	56	106	83	119	34	79	78	62	51
ENSG00000241438	10250	190	244	262	640	325	478	630	1874	1665	1798	3139	837	1419	757	1057	3950	2011	3033	1602	111	88	145	64	5807	5416	2883	9800
ENSG00000112465	13250	262	117	122	174	422	182	195	1170	1452	1182	1541	780	569	1033	528	1848	3577	1675	3097	49	77	75	33	4845	2591	1807	5314
ENSG00000213531	20650	574	404	436	839	324	496	392	521	498	549	357	297	354	506	447	345	506	394	312	487	276	490	245	386	498	368	462
ENSG00000230627	13350	319	300	317	303	154	208	209	210	214	246	300	352	346	329	208	317	262	237	487	324	243	180	236	436	385	426	238
ENSG00000156556	73700	1021	1190	600	1227	538	882	890	505	1377	1129	1078	1037	1089	676	950	1404	619	1282	744	864	863	755	1061	604	1150	1065	1447
ENSG00000105952	2400	28	69	48	61	52	44	52	49	46	47	89	47	65	44	82	93	30	44	45	101	97	146	66	80	58	51	88
ENSG00000151427	55100	1329	2172	2165	1799	2450	2155	1321	2397	1160	1572	2188	1067	2419	1796	979	2525	1488	2343	1356	1215	1637	2556	1755	2340	1692	2095	2623
ENSG00000208138	4250	75	113	99	93	117	82	85	72	111	118	66	73	123	72	78	70	122	82	97	101	77	74	125	138	61	139	86
ENSG00000248059	14850	219	310	213	387	335	397	335	186	259	385	144	203	319	257	264	243	330	113	352	264	193	273	400	161	276	400	237
ENSG00000222154	2250	17	7	17	16	8	17	40	26	30	37	18	27	28	13	34	18	23	29	17	22	13	14	18	20	30	27	15
ENSG00000235508	250	8	3	4	5	2	2	4	4	3	5	11	1	4	5	5	7	3	7	9	7	2	5	9	4	5	4	6
ENSG00000191363	24950	624	599	298	283	481	353	354	371	494	402	531	845	273	299	562	567	442	443	352	271	614	585	729	473	638	496	353
ENSG00000230941	1050	17	11	13	18	17	13	17	5	11	24	10	12	7	16	14	8	17	13	18	18	16	9	10	11	9	26	1
ENSG00000129238	132400	2445	1757	1486	2413	2037	2533	785	1467	1002	2698	1080	1602	2876	950	2543	1992	1414	1947	1015	1959	1379	1801	843	1585	1321	2042	3138
ENSG00000131902	300	9	14	9	3	8	13	2	5	0	4	13	11	3	9	5	9	6	5	4	1	1	7	5	24	6	15	4
ENSG00000208898	100	7	3	16	13	7	6	8	8	12	13	9	12	5	2	13	8	7	12	16	9	12	9	6	12	10	18	9
ENSG00000117493	650	3	8	4	4	9	5	6	5	4	6	4	4	4	5	9	9	6	6	8	5	8	5	18	19	8	8	11
ENSG00000247564	15500	80	180	223	264	140	219	97	286	210	181	233	246	202	128	239	343	185	309	273	214	180	267	114	112	135	220	127
ENSG00000131539	700	13	14	16	8	25	11	23	21	21	22	28	15	13	23	14	38	19	26	27	24	24	26	13	13	13	12	12
ENSG00000185977	550	25	16	18	19	19	42	17	39	38	28	26	24	34	15	8	24	26	27	18	10	17	30	20	13	18	29	23
ENSG00000112311	17150	306	525	327	385	202	436	664	531	368	320	641	425	347	241	601	584	746	571	442	564	440	332	433	439	414	339	526
ENSG00000206544	700	13	12	20	12	6	14	16	21	16	13	13	16	11	18	11	12	11	17	7	35	19	17	8	14	21	15	6
ENSG00000146359	12800	195	336	100	199	251	212	248	371	186	214	187	159	340	263	215	169	149	246	202	232	369	203	108	357	293	137	448
ENSG00000139855	303900	3077	5185	3788	5416	3171	3540	2479	5199	4482	8842	6536	5870	6169	2718	4669	4886	3339	5128	2012	3060	2434	3143	2845	2384	4010	3376	3784
ENSG00000154015	1150	16	26	21	17	13	10	22	23	20	11	12	20	20	11	19	19	8	19	22	27	21	15	2	30	9	13	20
ENSG00000185258	150	2	1	3	10	2	2	4	0	4	3	0	0	2	2	4	4	5	4	2	3	2	5	1	2	3	3	2
ENSG00000122262	87750	3301	1923	1204	1480	1490	2032	2399	1948	1362	1392	2919	2420	3070	1809	3845	2508	2251	837	2937	2100	2280	2832	962	1768	2311	2032	2376
ENSG00000108420	16300	449	474	662	335	501	780	409	357	375	268	802	467	483	314	347	325	264	416	426	545	338	301	461	440	579	391	448
ENSG00000166664	150	2	1	1	5	3	3	4	4	1	3	3	10	2	3	1	2	6	2	2	5	3	1	1	7	4	2	3
ENSG00000161726	9000	154	218	222	157	179	101	212	116	70	109	61	161	103	245	159	205	281	129	230	232	209	171	168	155	194	156	215
ENSG00000208019	250	1	2	4	5	2	0	0	0	3	4	0	0	3	1	2	1	4	2	0	0	4	3	0	2	2	4	2
ENSG00000217537	24850	538	501	848	876	968	671	871	652	368	593	635	454	1044	547	584	412	442	471	568	652	846	408	590	472	913	224	602
ENSG00000126718	58750	1377	499	631	664	1184	662	586	1026	938	1050	807	1133	1449	966	961	1106	1560	948	535	1040	1568	782	355	776	555	840	1173
ENSG00000213850	350	5	9	8	10	3	13	14	15	11	14	8	18	8	4	13	10	10	13	9	10	4	16	17	9	10	13	10
ENSG00000138584	48550	1595	1014	836	1159	1408	1626	1254	1466	1529	1683	1036	624	1292	1306	902	957	615	1743	635	834	1218	798	1217	1187	922	1076	1106
ENSG00000143761	7550	285	336	295	234	221	342	319	350	198	149	114	364	241	188	277	259	372	229	253	240	215	274	164	275	254	142	311
ENSG00000118682	31050	1106	1017	608	790	733	919	962	988	994	1130	452	787	450	658	918	583	772	955	1229	1155	806	931	816	641	841	711	959
ENSG00000238422	36000	794	569	885	729	629	878	526	742	444	664	525	697	733	1120	623	835	1149	917	664	974	933	1743	1091	748	598	1014	363
ENSG00000165953	3600	39	43	73	51	24	57	59	62	75	99	53	68	35	57	41	63	24	91	55	36	53	46	51	62	58	21	30
ENSG00000220125	30950	653	628	845	730	537	709	646	517	480	666	626	324	702	724	924	415	789	295	560	483	379	733	632	770	607	774	1244
ENSG00000243480	11750	148	187	278	204	118	129	132	317	185	187	238	119	257	165	210	297	192	166	236	153	246	85	122	121	127	190	130
ENSG00000223503	30850	639	561	325	526	459	451	350	520	694	353	406	573	364	653	593	392	296	421	364	657	466	533	537	674	537	602	599
ENSG00000146385	1150	35	52	31	78	109	104	70	341	367	635	277	260	188	213	204	335	673	402	655	12	13	23	20	1274	1500	1140	1092
ENSG00000149268	50	0	0	5	1	3	2	0	2	1	1	2	1	1	2	2	0	3	1	4	2	1	2	1	0	3	1	0
ENSG00000107903	1573100	58797	57090	33122	47605	56770	56160	45215	45430	61668	41405	46030	46419	50301	34880	37773	40003	34293	41929	36677	31712	36454	70784	30428	26682	28219	49195	45946
ENSG00000112066	3200	55	42	69	155	136	166	129	489	432	856	956	447	246	284	432	1440	919	1476	1434	20	28	37	31	2841	2855	3219	2530
ENSG00000209791	3800	44	61	68	32	47	48	59	41	52	81	44	56	49	74	57	76	32	35	33	63	47	57	13	41	34	34	72
ENSG00000167439	100	4	7	2	7	2	6	3	5	5	5	1	7	3	4	6	2	7	2	5	2	3	5	4	7	4	0	2
ENSG00000185547	166800	2238	3402	2581	1773	2576	1413	3246	1531	1551	2332	1701	3086	2921	4980	1313	2205	1657	2348	1538	3788	1507	2620	3705	3126	2424	2751	3682
ENSG00000190587	300	9	14	13	2	6	6	18	16	9	7	14	12	3	6	7	6	7	10	10	5	5	11	8	4	6	5	13
ENSG00000129131	250	5	2	7	3	5	2	8	3	11	4	4	10	7	5	4	3	6	5	2	1	8	4	7	7	4	8	7
ENSG00000242496	2200	27	42	34	51	28	30	39	38	33	21	22	44	17	37	25	39	40	20	23	50	35	23	43	33	41	17	29
ENSG00000115446	16550	180	172	155	336	285	262	186	162	135	170	196	234	249	345	158	255	231	294	257	207	181	175	228	270	480	324	242
ENSG00000151571	5100	114	109	180	168	180	139	171	255	90	109	143	158	181	154	137	156	139	103	128	102	199	135	93	115	188	133	92
ENSG00000245251	150	2	2	1	2	2	2	9	3	1	3	3	1	3	1	0	1	2	2	5	2	3	2	0	0	2	7	1
ENSG00000240672	83900	1359	1803	1670	1163	1668	1619	1613	1089	2584	1126	1258	1704	2142	1878	1570	1594	1701	1173	1795	1134	1967	1714	1893	1340	1591	3537	1217
ENSG00000132775	287900	6858	3518	4928	11847	9003	6271	17529	60035	39395	64149	41614	22344	24085	22827	22269	79952	131361	95169	99693	5618	2590	2979	3527	112506	209895	255750	224796
ENSG00000151605	24000	515	555	372	476	445	390	597	294	726	609	379	594	489	524	461	341	1044	526	415	1111	567	544	467	392	720	348	585
ENSG00000211522	3450	120	117	190	68	194	170	185	77	123	92	127	62	181	117	175	158	195	152	106	216	177	104	122	82	226	60	129
ENSG00000178148	17600	196	245	128	225	146	157	172	249	117	126	367	163	197	329	203	221	399	249	267	275	289	234	214	314	317	171	129
ENSG00000240432	1075700	30288	13939	21010	11163	13673	27472	10657	11121	22685	14489	24572	15650	8096	34471	17665	18093	12277	19677	10434	10551	11267	18735	19670	15009	19258	8208	20668
ENSG00000167891	900	28	32	22	23	11	25	42	12	30	39	23	22	34	22	24	15	27	17	24	25	19	46	21	26	22	27	25
ENSG00000151635	20200	304	463	433	497	296	293	363	499	333	179	372	265	363	337	542	502	320	466	288	389	378	683	515	414	540	350	555
ENSG00000249556	6550	113	259	193	180	78	160	162	219	196	176	172	144	108	126	158	160	188	126	97	93	284	187	162	251	254	214	137
ENSG00000154949	2950	70	54	90	60	46	62	39	78	39	25	55	40	65	71	43	72	40	25	36	50	44	47	25	31	39	87	33
ENSG00000247501	9350	116	106	139	78	73	150	63	119	93	144	218	121	83	130	80	107	93	98	94	109	115	208	117	72	127	93	114
ENSG00000242676	4650	59	90	40	68	81	49	205	96	178	111	91	75	108	82	103	65	124	83	85	97	73	204	70	70	118	96	87
ENSG00000154856	697850	7494	11527	9331	13320	12083	6634	8325	6639	8350	8892	15048	14057	13479	11544	10124	12767	9420	9031	13986	10622	6983	12869	9929	8829	7673	15026	9856
ENSG00000170574	73150	859	795	702	877	936	822	938	711	640	594	808	704	827	1352	571	772	472	444	721	1080	1220	1635	1326	755	1138	1130	879
ENSG00000143510	700	19	37	25	18	13	25	5	33	14	11	45	12	11	31	26	17	16	28	24	15	18	17	14	24	15	19	36
ENSG00000104828	1000	13	18	19	27	9	4	44	13	6	18	18	18	22	27	28	22	15	22	15	12	26	16	11	17	6	6	10
ENSG00000162768	3450	82	106	157	116	99	61	133	145	120	67	156	88	89	52	134	72	56	62	75	89	111	73	113	100	75	78	68
ENSG00000219052	48650	1498	2519	1404	2684	672	3111	2219	831	1074	914	911	1961	1287	1569	1504	1493	2493	1192	1345	1209	2421	1285	813	1607	1309	2401	1124
ENSG00000149847	9800	212	336	216	281	131	382	295	259	220	269	288	358	295	197	347	300	293	255	179	376	236	332	204	291	411	181	297
ENSG00000137206	25500	867	418	665	677	439	709	436	502	663	413	622	468	380	588	703	972	630	832	886	680	589	743	573	374	777	1151	996
ENSG00000198890	73400	1609	1483	2018	2872	2622	2931	2119	1197	2227	1815	1395	1574	1962	2573	1550	1901	2103	1064	1036	1856	3010	1826	2136	2038	2873	2694	1659
ENSG00000159999	2800	54	66	82	100	123	141	70	52	58	70	114	112	60	118	80	103	86	52	86	90	109	60	24	79	111	100	44
ENSG00000223595	76000	1264	598	759	1097	1397	1696	764	1226	1642	737	1272	1215	1154	831	1257	1140	535	1082	1307	665	991	928	772	648	748	712	794
ENSG00000239034	11950	232	256	300	716	231	370	460	455	346	290	341	246	530	309	287	254	588	303	383	309	587	219	279	198	497	451	243
ENSG00000218028	87450	1890	1239	1907	3047	1588	2552	2035	1385	1834	2032	1746	2714	2087	2372	2130	2529	1388	2638	1704	3743	2181	2143	1511	2039	2651	3427	2239
ENSG00000233647	17400	375	528	305	481	364	277	447	333	227	201	523	460	483	394	294	673	323	287	342	447	417	319	436	238	480	546	261
ENSG00000184214	375300	8854	14996	10461	6298	7319	4529	7220	7734	6055	11334	8344	10101	4294	10547	7964	11686	14637	3594	13713	13949	7877	10424	7046	11259	11529	8144	7796
ENSG00000133734	8300	84	85	119	89	119	175	89	117	138	174	159	102	81	230	146	152	105	122	77	162	70	153	154	176	111	142	160
ENSG00000228388	10800	170	143	334	209	276	307	375	185	345	130	179	299	253	169	289	242	129	230	257	218	221	280	340	310	392	188	192
ENSG00000224455	1850	39	28	26	39	26	48	32	59	27	44	55	46	43	36	20	42	31	37	24	33	49	48	48	62	33	28	21
ENSG00000139723	36250	607	548	833	449	443	413	334	514	777	284	558	356	249	659	461	870	562	683	455	553	650	574	242	660	551	421	704
ENSG00000110421	9850	267	247	282	160	468	372	347	429	291	123	496	218	228	451	373	329	304	599	404	264	190	299	422	367	302	349	238
ENSG00000118266	150	4	0	1	1	1	6	1	1	5	1	0	3	0	1	2	2	2	1	4	1	2	2	1	1	3	3	1
ENSG00000147892	100	5	1	4	0	7	3	1	7	3	5	7	3	5	8	3	7	3	2	0	4	9	5	2	6	1	6	1
ENSG00000212677	850	11	20	16	12	7	13	9	15	12	9	8	15	17	17	13	11	7	14	9	19	22	15	15	3	23	9	6
ENSG00000126598	2050	21	32	16	56	21	25	23	43	45	36	48	29	29	38	18	41	45	43	36	26	35	33	36	39	30	24	57
ENSG00000138484	183700	4084	3774	4714	6068	2386	5416	3735	4986	2989	5089	5896	6091	3190	2660	4941	4877	4821	2761	2473	4783	2603	4219	2908	7179	4723	4141	2819
ENSG00000168435	3350	101	97	156	90	162	145	113	61	140	92	133	70	98	76	137	67	117	55	166	105	111	68	77	114	95	105	93
ENSG00000135016	12050	158	257	177	324	387	569	398	1890	1291	1365	1335	1174	1175	1228	544	4418	4555	3853	3326	171	73	75	145	5877	4703	6099	8591
ENSG00000190668	14400	253	289	492	331	423	338	352	256	339	205	460	353	274	198	428	520	786	305	305	172	247	444	169	369	384	428	244
ENSG00000199242	16900	479	121	329	428	250	203	359	393	266	341	295	377	216	252	243	430	190	330	189	385	240	314	258	220	260	191	96
ENSG00000131339	102600	1376	1426	2827	2047	2150	1078	1382	820	1533	1248	3356	452	1754	2010	1194	1300	1111	1103	1465	1003	1328	813	1481	860	1471	1671	1091
ENSG00000192986	4400	140	106	130	96	91	78	124	94	111	132	105	112	111	83	132	125	230	193	134	75	95	127	166	110	136	194	118
ENSG00000191303	1600	27	22	26	38	36	31	37	76	52	43	23	15	32	34	52	30	37	31	45	42	36	35	59	49	39	45	23
ENSG00000230949	17900	383	300	101	386	298	395	536	220	286	331	530	370	196	333	324	360	296	240	436	406	269	554	263	354	421	407	364
ENSG00000193279	34950	991	752	1376	619	1344	599	766	1408	1031	1336	517	1625	953	966	1796	2717	1893	1975	2051	1627	1613	1155	993	1423	1613	1155	1155
ENSG00000101992	7350	303	146	154	173	192	317	138	270	333	237	111	191	140	189	166	241	127	117	118	119	172	74	126	188	156	195	140
ENSG00000184924	2350	40	51	48	22	40	26	16	31	72	39	29	33	32	26	38	26	52	29	19	37	40	20	37	32	28	41	29
ENSG00000234141	24800	310	419	511	1120	1089	1292	1452	2245	6237	3020	3466	1646	1357	1922	1715	8198	4978	7847	7447	179	264	195	162	13570	17240	14105	14393
ENSG00000240457	5850	43	152	113	111	108	83	85	125	59	71	110	103	86	106	76	73	64	65	66	55	91	101	128	93	49	76	95
ENSG00000240557	950	36	39	34	28	19	29	30	33	27	23	41	43	39	27	19	18	20	33	48	44	26	32	30	49	39	18	17
ENSG00000240583	31900	1480	1139	1926	1168	1669	1840	1764	1013	2140	1187	1903	813	1140	1774	721	1480	967	1833	1437	1745	1129	1668	777	1026	1442	1474	1355
ENSG00000194748	2200	34	39	25	29	32	56	36	37	29	32	26	27	36	37	24	30	33	60	38	17	40	51	37	45	53	31	19
ENSG00000191838	4150	102	82	106	307	242	156	269	725	1045	1219	313	662	433	284	304	2739	1099	931	3262	43	82	53	37	3366	5725	4954	4052
ENSG00000231721	1100	6	17	13	21	34	21	8	12	20	17	22	11	6	19	18	20	17	13	22	33	7	9	17	12	8	15	13
ENSG00000170998	2550	75	78	80	115	159	152	89	101	65	50	86	107	84	76	127	64	85	105	115	168	76	73	85	68	120	56	130
ENSG00000166148	41250	605	660	633	527	703	551	798	692	691	689	230	885	547	899	762	667	606	252	623	571	770	661	692	684	574	422	576
ENSG00000130970	600	17	12	21	22	15	10	10	12	16	9	13	9	11	11	27	14	22	24	15	16	9	24	8	14	3	20	13
ENSG00000163845	10750	208	354	285	205	316	368	519	303	519	349	383	233	182	334	113	223	313	364	349	380	262	312	265	265	317	276	377
ENSG00000205194	8600	110	114	79	77	61	182	137	108	106	42	131	112	77	54	37	122	108	100	89	74	87	49	35	111	83	121	209
ENSG00000148633	750	25	26	24	23	35	32	26	25	43	36	47	28	37	18	25	26	12	42	34	30	25	37	13	17	36	27	34
ENSG00000211604	2375300	26612	18678	28199	28374	21116	29815	11480	22258	36291	51101	19726	20283	31438	33115	43186	43249	46043	18511	25137	22084	29953	23783	40483	52373	26929	33457	27456
ENSG00000115984	9450	154	183	121	88	162	202	193	112	123	194	113	187	230	117	387	209	233	87	137	124	94	125	160	136	234	213	245
ENSG00000104462	17150	207	345	352	150	161	231	288	293	272	342	249	155	219	292	373	300	409	334	350	310	203	551	324	240	302	243	187
ENSG00000122298	200	8	6	5	7	4	7	5	6	2	7	4	7	1	5	8	2	4	14	5	14	6	10	6	7	8	3	3
ENSG00000138025	1135800	20375	37945	17447	30765	19270	22691	28211	26035	33904	17543	17242	24880	21628	12671	30602	34046	31982	16802	14038	40212	22266	32490	19460	23269	16385	25456	12583
ENSG00000163967	13900	228	263	397	344	303	146	414	164	273	185	185	256	248	293	302	171	264	236	180	274	146	244	239	307	242	271	253
ENSG00000193214	6400	229	288	301	221	178	348	151	169	256	243	122	229	176	87	319	218	281	226	106	231	197	179	352	109	124	275	284
ENSG00000136078	88400	1447	2161	1572	1154	1673	1777	1352	1034	1881	2157	1405	1507	754	1739	774	1185	1642	1084	2355	1301	1978	1296	1536	946	1542	2576	1428
ENSG00000159042	6950	127	131	209	109	150	101	187	96	103	145	192	89	81	99	85	173	159	146	103	115	71	149	117	140	105	63	140
ENSG00000173880	7900	306	177	242	150	369	260	242	260	190	173	113	112	141	179	150	88	284	194	144	135	266	172	186	131	147	82	135
ENSG00000114813	250	8	10	16	16	11	18	17	12	12	25	10	13	4	21	18	21	6	14	10	15	21	7	10	8	21	14	18
ENSG00000230346	1950	54	31	71	56	47	48	52	27	52	49	31	63	78	37	67	73	67	21	52	41	60	73	53	58	99	45	38
ENSG00000248266	1950	27	94	62	26	19	60	57	25	75	26	65	76	82	53	38	19	53	43	44	54	45	56	32	40	78	81	55
ENSG00000231555	52150	952	1155	1397	782	953	571	1132	590	1043	1090	865	1646	877	709	1043	763	1281	1000	1289	1010	706	698	797	750	915	898	1169
ENSG00000216442	215950	4872	2770	3622	3731	3193	2960	3653	3102	3815	2348	2477	1602	3378	3302	3292	2319	4120	3448	2348	3561	1792	4066	3356	2500	3236	3125	3016
ENSG00000216028	600	17	12	21	20	12	7	14	10	18	19	16	17	14	12	4	12	22	11	17	17	5	43	6	14	16	10	12
ENSG00000178180	55550	839	440	847	1223	576	983	1390	1043	1073	1003	1578	740	703	735	775	983	1631	788	948	1101	911	542	1147	1260	872	647	856
ENSG00000141198	58850	781	461	596	578	663	567	292	636	556	966	1030	1199	392	495	393	426	880	697	198	367	588	742	779	619	586	443	566
ENSG00000230468	6900	299	76	165	188	144	224	116	258	239	290	166	171	179	201	193	141	198	105	217	135	172	261	256	242	191	159	193
ENSG00000101069	16500	151	168	174	166	91	141	146	215	149	140	169	184	134	165	160	127	114	209	182	109	166	176	78	140	109	61	115
ENSG00000126326	11600	245	136	415	287	578	222	241	257	207	345	243	327	318	244	229	215	340	318	291	201	88	276	209	273	395	195	277
ENSG00000222227	4250	129	76	105	48	143	119	120	57	97	123	84	81	83	173	74	81	106	81	120	65	121	120	149	76	72	89	64
ENSG00000163934	438300	3148	12362	9223	8182	9428	9062	8410	9152	7678	10095	5932	11768	6774	7417	9707	10019	5632	7783	15672	10808	6931	7149	3441	7316	4996	6094	6772
ENSG00000147762	500	10	11	7	5	9	7	18	10	11	6	8	18	11	10	13	13	7	9	8	12	8	7	19	13	13	8	5
ENSG00000200064	9500	176	229	181	146	286	201	183	201	206	262	312	204	252	199	245	250	204	294	213	243	271	114	93	360	162	188	123
ENSG00000111191	59250	1124	1264	1383	2112	1835	1547	868	1377	1414	1695	2116	1234	979	1306	1884	1475	1308	1987	1131	2236	1907	1413	3576	1218	1566	1828	1263
ENSG00000220714	30500	599	665	739	567	244	528	628	455	943	400	871	555	590	334	585	357	636	605	471	348	447	482	835	627	1018	566	765
ENSG00000208159	17850	239	78	169	290	273	173	164	276	319	324	269	231	406	229	266	255	180	237	236	219	259	394	223	283	290	360	239
ENSG00000187294	113650	1357	1402	1241	1786	1258	1634	2133	792	2753	1801	1365	1212	2366	1678	2179	2634	2707	2232	2651	2112	2923	2452	472	2798	1393	1560	1566
ENSG00000168680	26700	431	457	450	477	608	503	545	452	620	639	565	686	578	408	325	597	403	637	237	694	450	436	425	744	648	893	723
ENSG00000150800	80500	2201	2932	2865	1431	2368	3680	1882	3371	2929	2370	1766	2482	2917	3199	2184	1368	1849	4436	2136	3590	2524	2528	2191	3154	1933	2793	1555
ENSG00000206456	61050	1043	857	1287	1555	1078	767	1155	980	1763	866	641	1466	1252	1317	1360	1365	1209	1706	1013	1181	1264	1541	1694	1323	1058	1573	846
ENSG00000196645	7500	232	200	415	298	348	197	316	379	190	155	577	232	157	234	327	182	275	271	88	220	198	191	311	176	191	312	262
ENSG00000158459	20200	262	291	234	284	297	226	289	319	171	323	246	430	161	358	398	230	356	401	317	299	630	461	383	232	348	210	174
ENSG00000233736	25800	353	190	724	446	244	569	495	444	560	516	647	211	692	623	521	249	526	488	411	817	259	396	692	363	319	330	542
ENSG00000218031	300	18	6	16	12	11	20	18	8	20	5	14	4	12	13	12	8	7	10	2	8	9	23	9	26	7	10	7
ENSG00000156601	5750	153	99	110	151	77	72	158	93	105	144	88	70	104	157	59	56	216	94	143	107	96	183	111	122	116	167	150
ENSG00000108955	32800	1174	1467	1080	763	926	919	1008	788	472	502	1514	600	886	848	961	830	535	890	1232	735	944	1105	713	1791	1001	508	927
ENSG00000117236	3700	87	81	71	141	95	89	43	81	115	80	81	49	158	121	136	83	45	45	61	173	54	121	96	99	80	85	84
ENSG00000199030	8650	223	112	174	330	163	170	147	211	177	157	346	355	293	249	199	302	168	298	358	247	239	380	246	284	263	157	238
ENSG00000188846	15300	424	239	395	907	664	1213	685	3321	3228	2048	3450	1716	1148	610	874	2997	1896	6829	7558	248	199	115	262	9814	5934	15522	11036
ENSG00000200721	12200	367	312	244	365	378	235	620	217	173	234	259	322	225	275	422	250	368	231	258	294	192	303	285	351	146	440	477
ENSG00000125513	500	19	18	12	14	24	23	41	24	21	16	27	15	22	22	23	22	20	14	18	20	23	16	17	15	10	15	10
ENSG00000201996	13900	127	153	245	210	114	207	239	80	325	384	180	222	308	175	110	180	156	404	97	167	121	153	216	153	220	356	120
ENSG00000141794	31000	699	571	835	1073	1817	1128	582	634	738	1408	1129	847	1283	1207	722	792	1259	828	733	815	711	983	1019	758	1196	890	939
ENSG00000106064	150	5	5	7	3	5	2	3	4	3	3	2	3	3	5	6	1	4	1	1	5	4	1	7	4	9	3	2
ENSG00000170212	150	2	1	4	0	2	1	0	0	4	3	1	3	3	1	1	1	1	3	2	2	2	1	2	3	0	3	3
ENSG00000107092	6850	107	162	181	77	93	102	111	49	101	121	61	120	60	80	40	84	92	81	93	86	103	134	79	127	141	122	135
ENSG00000222377	9600	182	125	175	133	88	161	135	203	220	152	127	128	95	207	127	81	106	178	149	256	114	147	73	111	181	153	93
ENSG00000180857	15000	449	194	198	337	379	229	415	230	253	483	310	500	125	355	325	234	254	400	226	300	154	538	180	279	208	178	130
ENSG00000156608	32750	1043	606	1050	1199	472	918	879	664	508	1079	606	1049	744	393	792	514	800	1040	608	1324	575	823	1143	1384	1568	1395	492
ENSG00000102980	600	27	8	15	10	31	20	28	19	32	17	26	13	7	31	29	31	36	20	33	14	21	25	11	23	16	23	19
ENSG00000197467	20750	522	399	488	1382	823	990	925	7232	4353	2989	4677	3084	1898	3374	3380	7631	10790	12238	10987	417	218	316	284	26413	19764	11964	10827
ENSG00000233010	26400	509	424	574	559	1038	679	655	507	777	706	411	654	582	650	815	685	755	576	520	252	540	1085	618	381	1060	619	730
ENSG00000102060	21500	619	365	712	411	369	341	645	528	535	425	271	315	373	342	339	498	271	290	689	352	237	219	315	504	492	446	277
ENSG00000232843	1350	23	16	18	22	24	27	39	24	13	14	20	24	32	33	19	44	18	22	25	12	40	29	19	18	42	45	33
ENSG00000220631	2850	49	34	21	38	34	36	51	16	23	20	31	58	32	25	29	26	73	13	30	35	41	51	28	26	40	38	55
ENSG00000191950	4650	144	154	153	91	96	72	116	135	143	54	242	89	109	130	96	50	100	102	88	67	164	155	122	126	86	93	94
ENSG00000132963	21950	293	276	233	184	318	302	348	428	310	462	216	241	397	250	268	425	341	268	518	345	361	231	385	286	279	383	172
ENSG00000129910	14750	156	138	128	73	201	104	206	273	119	152	63	122	130	230	123	237	138	175	86	101	96	97	127	143	123	246	185
ENSG00000170435	1050	27	20	30	18	7	34	5	29	25	16	9	12	11	16	20	14	25	19	21	15	15	13	8	8	7	16	10
ENSG00000150637	42100	2055	1133	1711	910	1724	2167	1541	1001	925	676	1356	1403	1405	1528	1583	961	716	1374	770	656	1622	638	1445	414	2337	1519	1242
ENSG00000199183	127900	1642	4546	3673	1755	2099	1611	3530	2381	939	1762	2047	2487	1868	1265	1735	2027	3122	2831	2175	2995	3003	2812	2341	3986	2809	1951	1584
ENSG00000199838	567500	10069	15535	11161	13096	9592	11613	9071	8212	13087	12275	9578	11611	9047	11504	4967	6364	13740	8311	9971	10060	14999	10572	17616	16711	10012	10317	4033
ENSG00000192667	4000	48	64	105	65	82	91	51	58	49	107	52	53	34	79	59	58	26	70	75	65	44	88	62	44	47	48	74
ENSG00000192448	6200	63	121	63	73	71	150	158	130	64	136	67	131	98	143	131	154	68	107	132	132	172	141	87	83	159	102	115
ENSG00000244539	22450	404	392	237	394	461	565	571	355	405	507	403	382	333	449	549	519	417	514	644	303	749	424	522	757	354	263	793
ENSG00000212958	150	19	10	14	17	13	11	8	20	9	11	9	8	10	12	9	4	12	7	6	7	8	17	12	7	6	10	9
ENSG00000151694	1400	62	62	39	91	87	94	116	536	366	327	234	267	206	259	109	694	585	766	712	20	25	27	25	1004	1588	971	1299
ENSG00000163205	900	18	49	39	60	60	32	43	157	148	122	200	127	87	71	144	555	314	318	478	3	21	14	7	941	831	772	1028
ENSG00000146004	75350	1159	605	864	1197	1160	889	1363	566	1310	1398	1382	983	1736	1673	972	1094	655	1387	411	763	696	1696	1227	871	878	1005	867
ENSG00000170692	13700	358	346	199	366	373	297	310	335	380	646	346	273	270	318	433	379	311	179	448	291	312	393	442	252	193	349	296
ENSG00000142770	1350	43	39	44	35	48	50	48	27	31	50	79	33	46	35	41	28	57	32	27	38	47	20	27	46	46	48	47
ENSG00000191356	300	8	12	4	9	9	11	6	10	3	7	10	7	5	9	13	7	5	10	5	17	4	6	11	10	7	14	11
ENSG00000182637	3850	80	17	30	77	42	35	37	64	83	74	52	56	77	40	76	48	52	79	31	36	31	59	43	86	55	50	40
ENSG00000139603	69100	2004	1563	1277	1933	2344	1531	2467	1247	1647	1900	1458	2175	2430	2386	1183	1716	1509	1313	1922	816	2144	1441	933	1637	1655	1693	1186
ENSG00000210268	7600	103	227	177	238	127	163	167	107	175	156	226	105	153	149	311	136	148	98	122	148	115	147	91	157	130	101	42
ENSG00000248113	31950	756	969	1043	1256	784	1509	1077	864	1539	1517	970	1069	964	1181	1855	644	769	1577	1308	1493	712	1506	675	892	1059	1470	1123
ENSG00000122646	8350	140	190	111	155	61	128	121	134	143	101	181	77	156	85	187	158	105	158	186	88	195	151	72	126	148	114	137
ENSG00000217862	153750	3328	3455	2120	1506	3073	2338	6310	2870	2962	3241	4528	3486	2619	3186	4601	3625	3154	1213	3158	3325	3586	3257	1890	2772	2665	1182	1051
ENSG00000104858	1600	66	66	31	74	79	45	35	46	38	33	45	87	78	49	78	115	41	33	74	81	29	49	61	52	93	52	80
ENSG00000248528	3050	85	52	107	79	30	126	172	59	94	88	89	170	108	82	75	89	53	106	151	131	134	54	157	70	92	137	46
ENSG00000132296	7100	121	136	180	154	143	53	210	228	127	115	197	199	274	152	219	103	68	237	65	114	206	95	245	246	94	181	110
ENSG00000154780	1400	48	31	31	41	48	41	37	37	34	43	54	31	33	23	55	36	21	56	36	33	53	48	22	27	23	26	33
ENSG00000230341	8400	76	83	103	87	158	62	51	94	109	151	135	77	50	123	109	66	60	123	87	92	70	69	89	52	59	82	107
ENSG00000126637	3450	83	81	49	76	110	54	85	66	121	93	73	83	110	109	41	89	64	52	48	95	81	57	50	77	84	73	77
ENSG00000154592	1750	15	39	27	52	39	34	52	61	18	21	61	45	40	28	43	43	24	35	19	33	32	23	42	38	34	37	32
ENSG00000240637	110450	1240	2434	2989	1637	1303	1734	1502	2523	2910	1539	1910	2060	2218	2063	1972	1877	2152	4606	2165	1755	2016	2289	3364	3215	1101	2086	1942
ENSG00000112843	10500	465	341	611	240	322	456	214	328	148	368	413	335	294	285	318	366	238	315	275	478	171	350	259	333	286	401	266
ENSG00000219364	900	22	29	16	22	56	19	10	17	36	21	24	33	33	28	11	28	11	22	29	28	35	19	13	12	17	17	25
ENSG00000202086	1000	23	15	31	25	22	25	25	16	39	19	37	34	14	21	15	5	23	27	16	20	13	26	6	26	10	9	16
ENSG00000123338	5550	217	205	202	99	146	150	145	147	132	170	229	124	139	170	181	116	143	150	157	86	242	186	198	133	100	96	159
ENSG00000115400	1000	30	13	20	12	29	13	32	34	12	18	30	26	27	17	50	23	16	43	7	34	10	29	14	37	21	22	13
ENSG00000131512	80900	2004	2578	2071	2404	1873	2822	1918	2907	1931	1400	1973	1732	1825	1370	1907	1823	1784	1854	2225	1697	1523	2071	2151	1367	2826	1071	2116
ENSG00000127571	35850	985	457	769	980	900	1066	1520	1022	702	1610	918	1094	1251	995	682	1290	2024	959	573	906	1350	955	663	582	757	1267	508
ENSG00000134761	3900	19	67	49	39	74	104	120	109	85	83	74	89	52	89	81	78	51	47	116	81	103	140	59	87	83	85	78
ENSG00000111525	48200	1562	1034	1523	902	1683	1238	1104	1274	1121	1654	1049	892	1893	862	1514	1288	1440	1057	667	1243	1233	1397	987	723	1160	835	869
ENSG00000128516	1700	31	31	40	31	24	19	16	52	34	52	29	37	30	25	15	41	41	23	28	40	48	38	48	19	28	24	45
ENSG00000119368	3100	112	111	87	191	102	132	88	130	59	197	114	193	142	151	133	98	173	120	134	68	149	93	121	88	117	140	68
ENSG00000202331	11050	229	242	137	163	167	115	138	237	113	160	229	227	164	277	170	158	119	223	261	135	158	124	245	208	149	264	165
ENSG00000118993	200	3	2	1	3	1	3	0	2	2	2	1	5	0	0	2	1	1	0	4	6	1	1	3	3	2	3	2
ENSG00000110266	35150	493	984	733	2988	1318	2103	953	4410	7024	3247	12266	3422	4025	1879	4902	16907	15120	15153	16715	496	369	537	300	14680	23968	27288	16115
ENSG00000111742	26350	986	622	540	652	541	649	919	587	538	524	352	919	330	562	760	240	801	672	461	421	399	721	585	485	761	650	561
ENSG00000107282	2850	33	32	43	25	21	42	39	38	27	23	29	28	37	38	36	51	21	18	42	33	34	34	28	80	61	38	27
ENSG00000219441	243100	6145	4733	4303	11791	12425	10984	13830	39944	44438	82118	27673	23560	29254	15721	30773	107957	109912	59712	159373	2024	2976	2107	2393	176577	142541	337958	210264
ENSG00000167262	15850	202	214	155	145	118	243	189	83	235	170	157	306	276	129	152	170	65	166	174	252	330	180	79	173	150	223	276
ENSG00000101429	3750	36	53	50	36	67	44	49	29	47	53	73	55	43	36	29	33	38	47	39	49	67	48	64	43	41	68	59
ENSG00000130028	86350	3482	4813	3410	4576	5228	4926	6429	4087	6740	6394	4546	3975	4271	1972	2977	7016	4144	5858	6879	3283	4115	5093	7355	3785	5055	3953	5512
ENSG00000129128	42350	1344	1797	772	1880	1198	960	1023	1050	1309	1028	301	1479	1043	1313	1784	763	2618	1502	1023	1354	664	1332	1515	792	1727	1273	816
ENSG00000167784	4000	93	123	78	81	110	49	110	99	94	47	99	83	55	106	48	34	62	126	98	66	97	87	82	90	77	81	96
ENSG00000102365	236900	8716	4817	13136	6882	6236	8988	12847	6903	3684	5603	6858	9945	4503	5195	6816	4369	12264	6684	11002	5823	9278	7134	13807	4405	9166	8368	5367
ENSG00000158451	207700	10172	8789	9965	7910	7759	7424	11957	8547	6214	4761	7702	4017	8499	5056	5319	5668	5670	5796	6618	7979	5664	6949	10023	4146	3160	5451	2985
ENSG00000142425	3350	186	76	76	28	160	33	65	69	83	69	55	95	154	112	131	108	69	100	88	144	93	239	87	75	148	51	55
ENSG00000136932	45750	824	908	583	427	542	855	682	733	693	877	801	558	936	417	680	666	590	864	537	283	711	736	762	679	678	1153	867
ENSG00000235269	577250	45520	18150	22292	40333	43495	24929	47304	103184	270505	179278	149917	95079	107253	79931	76566	374673	332785	217168	268520	6468	9613	8994	9063	559849	717555	774337	412338
ENSG00000221563	0	1	1	3	0	3	0	2	1	2	1	1	1	0	1	0	2	1	1	1	0	4	0	1	1	2	1	2
ENSG00000200078	165250	1938	3155	3842	4671	4291	2656	2832	2366	5805	5344	5331	3879	3617	3305	4584	3528	2953	3537	3448	3661	3224	4924	1853	2446	2616	3157	2315
ENSG00000234712	1950	68	46	39	64	53	24	54	33	21	64	52	25	64	29	23	81	58	90	71	41	32	67	37	80	55	38	51
ENSG00000119466	650	10	22	11	9	7	6	11	19	6	10	14	4	13	10	14	4	14	8	7	6	8	8	11	9	15	8	16
ENSG00000186606	157500	3685	1562	2953	4200	1893	3686	5261	2622	3754	3345	3257	2480	2893	2947	2930	6155	2145	3328	1853	4310	5147	2523	5165	3096	4601	2947	4032
ENSG00000121095	1550	41	17	29	28	44	64	24	24	24	41	32	46	44	30	33	46	42	51	62	57	26	31	37	33	23	75	24
ENSG00000193715	200	2	0	4	2	2	3	8	13	1	3	1	3	1	2	4	7	3	3	1	7	1	1	4	3	8	4	7
ENSG00000117176	67550	1145	1399	1818	1559	2445	3123	3055	7265	9388	12434	10889	8956	4800	5069	9396	21421	17440	27481	22935	696	802	459	805	45503	21574	36877	27547
ENSG00000179908	100	7	8	8	3	5	10	5	11	0	15	8	3	5	4	8	10	3	4	1	2	5	2	9	4	10	9	3
ENSG00000203904	13050	265	223	116	234	90	151	234	191	353	343	293	168	171	214	277	166	254	177	146	170	222	168	286	260	337	157	140
ENSG00000217813	3550	29	142	113	65	103	94	89	65	101	101	94	81	108	65	102	117	79	57	75	113	37	99	72	89	71	39	49
ENSG00000174322	8050	492	296	250	316	406	234	195	381	333	550	326	268	221	331	317	250	218	214	495	120	290	322	202	268	288	326	335
ENSG00000101795	4300	138	85	125	141	112	97	76	80	138	61	113	78	151	96	150	77	138	74	107	125	202	157	103	44	154	87	86
ENSG00000185622	950	11	9	22	10	12	17	15	13	15	16	13	8	9	12	24	18	3	14	15	5	14	23	11	8	21	19	6
ENSG00000244814	5350	72	51	105	108	53	61	118	65	96	55	130	52	76	127	103	96	78	56	47	83	43	38	51	58	64	75	57
ENSG00000182661	10500	232	159	239	185	169	103	152	199	93	163	299	128	269	202	136	126	97	137	85	76	241	120	185	105	156	168	110
ENSG00000225040	15950	307	317	373	268	406	301	347	157	225	239	218	316	196	259	219	196	262	361	352	203	192	379	317	383	409	231	186
ENSG00000185373	12450	273	164	313	195	410	265	317	257	186	184	150	224	317	187	146	226	255	227	92	290	296	241	189	154	183	180	148
ENSG00000137005	1700	78	53	22	51	68	34	14	48	37	25	55	40	24	31	32	46	33	28	43	23	14	33	53	40	42	47	43
ENSG00000113408	1450	33	35	47	23	42	26	42	32	39	21	36	49	60	25	39	35	19	51	36	20	27	40	27	57	48	39	58
ENSG00000217780	5950	182	78	95	189	85	106	138	102	127	137	101	191	174	45	176	115	97	163	130	112	142	101	92	132	109	269	70
ENSG00000121015	5750	181	105	95	57	109	79	104	102	62	81	153	188	67	47	219	76	140	91	61	123	124	102	68	152	66	80	112
ENSG00000147443	1832900	65131	62217	59409	26797	51958	42489	48973	38715	52347	41530	41674	51641	61696	43217	52959	45247	53617	36887	44852	55576	38812	45322	30934	41203	46224	35985	58355
ENSG00000148544	28300	843	626	564	1220	760	924	375	268	308	460	598	491	616	379	273	551	373	517	636	394	521	423	752	574	427	278	513
ENSG00000102799	37050	691	818	430	1945	1615	1900	1797	10985	5696	7067	4755	2455	4626	3223	5545	8785	8914	22087	13819	581	527	487	288	18036	21418	25827	30689
ENSG00000137931	44450	1300	1139	925	1198	979	1027	1021	871	1035	676	814	1435	1666	543	1097	974	934	761	922	798	1360	965	1052	980	1500	780	1269
ENSG00000179006	27450	551	295	367	530	299	367	335	436	404	377	304	749	542	224	360	347	320	363	279	226	577	601	211	362	290	384	274
ENSG00000154422	135050	3330	3087	3146	4267	3882	2655	4166	5246	4264	2465	4010	2901	3480	3110	3016	5827	3694	5352	4774	3977	3651	5019	4455	4703	4214	4278	4080
ENSG00000175729	4150	53	63	32	54	62	33	44	39	76	20	73	55	57	52	51	55	88	53	93	49	67	44	62	97	44	63	81
ENSG00000131453	7800	199	392	179	237	159	196	179	130	168	199	402	188	186	201	296	105	313	167	118	404	276	128	181	242	322	363	382
ENSG00000188506	1050	12	13	13	12	17	8	17	19	23	13	13	20	10	15	23	22	35	30	18	8	17	17	20	22	9	10	16
ENSG00000226227	9100	378	239	236	282	223	459	325	194	213	282	307	473	268	448	206	255	291	353	250	243	293	604	152	309	250	278	248
ENSG00000230547	2800	40	84	66	73	50	118	62	150	88	40	112	83	69	37	100	58	31	56	44	101	50	55	63	72	53	40	90
ENSG00000184794	200	2	2	2	0	1	0	0	1	1	0	6	2	2	2	1	2	2	1	1	1	3	1	2	1	0	2	1
ENSG00000206551	1550	12	21	12	28	22	27	34	19	36	18	47	23	16	28	23	15	19	12	18	44	25	36	23	25	46	39	17
ENSG00000174561	98450	1700	1856	3272	1594	1223	1822	2393	2017	2037	1372	1009	1316	2020	1453	1540	1823	1299	1268	1885	1711	1210	2115	1055	1696	1640	1282	2667
ENSG00000104368	16550	203	290	234	271	374	431	240	327	418	376	319	320	299	367	221	292	493	215	602	357	181	278	326	354	370	266	194
ENSG00000147907	22650	642	573	355	310	602	375	791	278	423	370	351	357	379	330	441	340	491	335	309	578	947	336	472	385	428	689	455
ENSG00000100443	5950	61	90	102	90	79	93	52	98	97	52	74	93	46	48	64	55	71	103	50	64	43	63	46	50	59	73	64
ENSG00000240863	285750	6433	5185	4325	6733	6417	5485	7267	5736	6312	4110	9021	4862	6169	9934	6594	4759	5842	6806	6069	3193	5242	8072	5234	5315	6064	5268	7319
ENSG00000165278	23300	240	355	549	358	351	605	565	534	634	298	527	323	686	404	405	456	529	593	753	543	505	541	643	499	622	600	383
ENSG00000129352	1400	16	13	22	18	12	19	26	16	22	13	20	6	13	17	15	12	22	15	10	7	6	11	13	20	23	9	9
ENSG00000130930	1450	42	38	44	50	45	40	33	48	25	47	15	27	37	51	44	52	32	59	28	18	24	20	30	58	34	42	33
ENSG00000206914	83300	2119	1349	803	2162	1627	1039	1795	2510	1375	1139	1662	1628	1838	1186	2681	1349	577	1377	1182	1156	1562	1025	1373	1506	1189	1952	1480
ENSG00000107559	2650	22	22	22	41	27	28	15	14	49	44	15	29	44	11	27	39	26	16	39	53	33	54	33	30	15	47	27
ENSG00000119950	64750	1176	1326	1581	1207	798	1145	1842	1332	2234	1832	1902	1441	1387	1215	1473	782	1355	948	1347	1272	1669	830	1396	1058	838	1639	862
ENSG00000121802	146400	3927	4315	4911	2629	2087	3408	4163	3426	4929	2632	3606	3204	4728	3509	2249	3535	4143	3623	4578	4091	5269	2545	3334	2946	3294	3924	3700
ENSG00000179816	250	12	11	5	9	10	10	2	5	6	6	14	3	8	11	7	16	7	9	7	11	4	12	7	10	11	9	9
ENSG00000236599	3600	151	98	102	363	306	209	269	762	1017	1257	686	502	358	355	307	1226	1286	1632	2426	45	48	23	73	2583	3271	2425	4281
ENSG00000120625	11100	279	158	160	271	232	84	143	133	188	122	206	120	103	268	166	213	218	200	316	317	205	157	284	192	119	77	296
ENSG00000166510	5600	164	112	137	237	153	137	127	71	178	120	88	142	160	197	175	115	142	147	176	157	121	155	165	160	111	176	141
ENSG00000101131	5950	89	213	197	74	107	95	145	198	95	230	184	132	182	199	180	180	181	147	233	173	79	128	203	203	233	162	140
ENSG00000103219	61800	864	583	662	1357	586	1441	1090	922	1979	612	1315	1289	781	891	1017	788	1143	562	1235	852	1385	1018	742	989	851	1532	1522
ENSG00000154743	64250	1442	857	1536	1468	1626	1404	1064	1725	1230	1085	1507	2597	1254	1493	2337	1109	2068	1005	1046	1162	1553	1907	1862	2057	1554	1534	1105
ENSG00000231296	30800	668	391	391	316	664	551	528	452	444	376	380	560	596	568	393	418	697	380	938	737	438	159	535	352	416	472	441
ENSG00000169581	3200	174	149	57	65	80	45	94	84	102	97	102	84	100	100	87	72	30	39	75	67	59	24	134	96	72	116	112
ENSG00000112343	11500	243	367	398	314	306	412	338	199	390	171	313	347	262	294	385	345	124	625	175	197	309	470	334	253	335	407	200
ENSG00000152087	10000	498	506	323	470	273	263	378	218	431	379	629	267	545	302	406	362	298	342	320	280	275	313	274	373	481	377	373
ENSG00000126023	11450	129	173	232	580	522	739	338	1983	1573	3706	1383	1289	1431	1075	1546	6315	2047	5530	3519	120	150	117	181	4410	9585	9770	5009
ENSG00000188015	1100	54	21	29	47	32	20	49	52	37	28	43	31	42	36	27	66	29	37	37	78	26	32	35	22	73	35	38
ENSG00000149746	1450	19	36	28	12	37	38	35	25	41	44	18	19	20	38	28	46	31	45	15	32	11	19	23	37	17	29	17
ENSG00000156527	34250	371	577	627	676	622	828	309	647	819	294	447	366	554	935	936	821	315	856	420	371	460	741	787	735	1083	773	518
ENSG00000245697	13500	241	255	181	152	125	183	351	246	247	209	309	107	203	190	248	205	311	74	247	233	226	248	185	236	162	121	97
ENSG00000105862	2250	47	72	44	84	32	49	65	32	53	49	24	37	33	41	42	43	60	40	28	32	40	27	39	42	48	35	21
ENSG00000180688	5050	100	59	111	124	58	104	94	57	60	88	84	90	108	88	112	117	114	118	53	81	101	100	105	85	71	83	84
ENSG00000194533	105100	3566	1463	4240	2439	2116	2546	4839	2825	1801	1632	2808	4137	2165	3422	1813	2491	3416	3455	2702	2445	2940	2464	3765	4015	5025	2418	3380
ENSG00000110815	1300	16	31	14	20	46	22	37	29	25	20	30	18	18	21	21	24	18	49	29	15	19	22	18	23	24	12	29
ENSG00000111097	6200	126	88	94	44	175	83	81	110	204	127	147	66	187	85	142	93	99	94	131	120	131	86	167	125	119	151	151
ENSG00000190469	96650	550	1048	1311	886	1401	1242	1573	1039	1656	1074	2318	1995	1569	670	1508	1737	1873	1445	1061	1450	1564	1113	988	1350	2162	895	645
ENSG00000196117	9400	174	267	106	80	221	201	200	190	163	183	138	127	168	97	158	155	199	165	265	238	128	145	144	199	158	148	175
ENSG00000247994	600	8	7	4	17	16	5	20	85	104	46	67	31	38	48	42	127	163	119	127	6	3	3	2	317	468	271	445
ENSG00000131927	65750	1015	398	867	1995	1652	1805	1197	5831	5628	12012	5617	6541	3445	3694	3852	16987	15438	18410	15426	605	499	333	492	24591	24025	33365	31152
ENSG00000107024	1500	16	23	15	25	33	24	14	23	28	16	25	48	38	30	15	14	41	25	28	22	32	23	28	26	21	37	31
ENSG00000154085	13600	201	259	134	465	239	254	196	371	170	325	256	229	155	226	343	95	152	296	238	168	123	198	201	196	275	208	214
ENSG00000197336	7550	116	88	156	73	96	76	65	97	94	108	76	122	103	140	116	206	83	107	89	124	75	97	55	169	69	173	137
ENSG00000183970	269700	4621	3752	3714	5426	5636	3472	5593	5013	4425	2804	2860	5898	4443	5884	3708	3914	5366	5766	3613	2734	6450	4371	4976	8708	6095	3776	3125
ENSG00000166620	6600	184	114	134	312	228	291	232	226	86	294	250	203	208	243	301	238	306	140	219	114	152	177	124	249	146	120	124
ENSG00000176980	1100	26	26	33	9	22	44	30	26	38	42	24	27	17	51	38	24	35	28	33	34	34	27	22	38	36	35	34
ENSG00000239161	8850	278	150	232	113	188	266	256	140	180	137	185	150	212	198	298	72	191	161	474	286	225	113	200	265	366	128	198
ENSG00000242905	5100	104	120	130	148	231	157	104	135	300	153	176	137	209	164	110	135	173	144	137	122	86	133	76	197	93	156	155
ENSG00000210686	2800	151	150	85	112	163	141	100	159	75	85	70	70	144	90	117	144	99	59	94	136	118	68	97	71	93	52	94
ENSG00000210482	230200	4156	5091	4275	6896	4699	7643	4150	3218	7262	5579	3888	4887	5992	6323	4249	6358	7431	4526	3029	6233	3811	2596	5641	5638	3938	3273	4488
ENSG00000131306	21200	409	583	438	811	805	487	715	692	570	581	745	537	947	1195	591	516	750	365	478	696	837	839	626	988	708	718	553
ENSG00000163691	10300	111	207	222	121	199	417	116	253	168	332	408	162	228	107	339	257	154	240	194	201	114	206	143	246	256	136	99
ENSG00000179996	50	5	6	5	12	9	4	4	3	6	8	3	7	6	7	7	4	12	4	9	7	2	6	6	3	6	7	10
ENSG00000198615	1600	28	14	29	29	28	22	27	25	7	28	33	29	30	26	29	31	21	40	26	28	32	26	15	31	16	13	11
ENSG00000140095	653650	16996	9333	9507	14714	6011	12334	10718	14968	7928	8296	4704	12638	20428	11770	13700	9165	6168	8334	16823	12338	11406	8177	14040	9385	12238	15468	12911
ENSG00000132107	101550	1073	2523	1157	932	1274	1219	2372	1656	909	1437	1228	912	1834	1138	1737	1309	1720	1476	1141	1212	1047	902	1773	1750	771	1968	1061
ENSG00000217981	98950	3642	2534	1396	3521	3509	2637	1912	11080	11661	22694	18688	7161	8495	4349	5303	24180	19482	27463	18993	807	672	1485	876	66836	52249	47314	78866
ENSG00000154782	55000	626	728	754	2629	1200	2933	2369	11434	4652	7708	8379	5100	1688	7427	3606	9534	17399	19782	13056	647	710	464	485	17934	23701	19101	29919
ENSG00000106602	500	23	24	10	7	8	6	4	10	9	9	6	9	11	9	11	13	11	6	9	8	9	7	11	12	5	3	6
ENSG00000172662	10050	156	130	170	283	125	192	160	245	185	143	165	194	167	201	154	127	249	175	150	194	128	264	214	242	166	294	181
ENSG00000109569	144600	2804	2797	2919	5669	4870	3742	3714	16340	30857	10791	22423	6141	9810	10550	7368	32827	52849	51732	21141	1194	772	1086	843	89416	27160	88834	101064
ENSG00000149365	16450	153	492	483	404	453	608	400	328	242	356	219	448	368	675	309	408	402	418	301	332	238	367	304	346	265	281	385
ENSG00000230113	2350	85	87	58	77	32	48	36	65	56	50	29	62	59	72	73	59	28	36	51	84	26	51	94	83	51	22	54
ENSG00000224374	23850	467	534	575	519	298	527	547	493	513	466	577	272	538	380	323	481	360	465	601	491	370	599	375	432	494	570	376
ENSG00000183119	55300	1237	751	1006	984	866	463	1191	935	667	949	1321	651	890	446	1499	1078	727	1075	1049	755	825	637	1129	738	770	911	1457
ENSG00000110189	1000	19	16	19	7	12	8	12	5	6	35	21	7	10	20	21	10	28	16	16	14	15	17	21	23	10	20	5
ENSG00000242581	550	12	14	7	11	14	12	21	19	12	19	17	10	16	10	23	25	18	19	13	28	20	11	12	23	17	12	7
ENSG00000119088	1300	28	38	19	39	30	40	38	52	23	17	25	15	27	33	25	44	19	17	44	24	13	22	27	38	30	28	24
ENSG00000123805	350	3	2	8	5	1	6	1	3	1	5	5	5	2	5	6	0	11	4	7	3	11	7	5	7	2	4	3
ENSG00000187588	250	4	12	6	19	11	10	8	8	4	9	6	13	8	9	10	12	8	11	17	13	8	7	14	16	13	11	4
ENSG00000141244	350	8	18	16	25	17	7	5	15	6	11	12	7	11	18	13	16	11	15	13	26	23	5	19	16	21	21	13
ENSG00000203157	550	11	9	9	34	11	28	23	59	111	70	200	40	50	59	46	207	161	175	205	6	3	12	3	562	438	351	650
ENSG00000101915	900	53	50	46	39	50	39	23	36	33	32	39	33	17	33	41	41	30	31	32	27	29	31	40	18	53	23	30
ENSG00000126282	100	7	7	3	5	7	12	5	5	9	5	8	4	4	7	7	12	10	8	5	4	9	10	5	16	2	8	10
ENSG00000190296	300	12	11	11	12	15	14	5	11	9	13	10	24	9	23	10	9	12	10	6	9	14	22	3	31	7	17	26
ENSG00000247438	46750	1634	797	669	1797	2820	2062	2913	7696	8010	4163	13424	3429	3394	2891	4535	17771	20348	10832	13087	372	466	521	495	34063	52482	19116	29660
ENSG00000170756	4250	112	78	48	93	131	104	165	109	167	44	170	94	128	154	134	126	95	108	71	123	116	172	152	65	108	113	63
ENSG00000237696	5950	71	116	77	94	55	117	104	52	38	129	78	131	85	125	150	105	113	74	55	117	92	182	63	84	116	117	101
ENSG00000201172	2900	41	44	70	36	112	64	76	62	55	66	72	61	55	95	46	57	59	47	33	49	52	53	49	80	36	63	65
ENSG00000205933	2450	42	39	103	154	81	86	67	96	80	107	114	109	97	81	66	105	31	78	115	70	88	66	91	74	55	82	81
ENSG00000134346	5500	121	100	109	123	118	92	144	115	108	157	209	133	131	162	64	108	115	136	165	186	167	87	86	150	155	144	133
ENSG00000154661	94850	2996	2004	1672	1585	2166	2325	2650	1686	2290	2658	2794	1788	2322	2019	2145	3332	2523	1799	2398	2561	1915	1860	2336	1821	1997	2210	1505
ENSG00000102957	1500	29	19	54	26	32	39	29	57	57	24	29	18	50	58	30	44	50	58	45	67	59	77	52	36	20	41	75
ENSG00000142004	2000	39	25	35	37	45	15	46	32	28	48	30	40	50	39	43	58	24	36	19	46	22	27	60	17	56	36	44
ENSG00000163326	5950	90	67	43	91	60	51	74	95	61	76	49	29	32	67	106	62	51	28	119	117	27	78	38	80	60	86	30
ENSG00000191445	80200	1315	1390	1076	2262	1158	2716	1560	5204	5708	8066	8842	3438	3005	2861	4581	7982	37053	12861	18428	320	620	438	435	34613	44995	52687	30247
ENSG00000105076	4400	80	77	71	86	111	88	113	108	99	132	123	105	59	74	53	100	120	106	49	46	120	115	66	71	120	109	113
ENSG00000168590	121750	2090	1467	2281	2810	1376	2069	1506	1084	1386	1627	2413	1651	1551	2020	1773	1504	1288	888	558	1797	2447	2152	2219	1447	1383	1648	1476
ENSG00000127633	17400	507	871	607	816	780	592	298	431	350	195	233	577	519	488	376	368	339	500	367	428	346	461	390	307	401	578	313
ENSG00000160290	8500	84	108	125	169	145	164	210	147	110	194	147	67	104	134	127	95	138	194	125	141	160	99	133	157	194	158	132
ENSG00000169623	15200	811	1067	618	971	1084	697	1103	744	889	1134	663	551	696	475	1124	1025	961	952	737	540	944	646	1004	614	813	480	460
ENSG00000147224	111900	2017	3212	2529	4670	4741	4489	6741	13575	13651	13035	25685	13364	11056	13238	12797	62945	27691	32699	32526	819	1180	1285	1029	65945	95623	71944	142018
ENSG00000168920	1050	7	31	30	9	16	11	18	13	7	26	10	25	13	12	10	10	22	36	20	30	12	19	14	14	22	14	12
ENSG00000174716	61250	2026	1369	1280	1393	1151	1430	1739	1575	1381	884	1577	1440	1177	1582	1061	1302	1179	1352	912	1128	1198	1711	1012	1181	1239	844	1355
ENSG00000175889	17500	365	604	499	442	123	232	449	181	440	278	451	278	283	462	262	556	413	157	440	377	217	387	523	350	398	470	511
ENSG00000176239	700	10	7	4	6	9	14	7	11	12	2	5	14	2	11	7	7	14	12	12	17	7	18	15	4	23	9	12
ENSG00000227984	850	35	5	36	17	31	19	18	20	33	18	20	26	29	19	47	24	25	28	25	18	21	30	21	36	47	18	24
ENSG00000243814	1300	30	14	6	6	34	14	9	11	17	15	31	10	15	16	6	9	26	10	8	19	18	16	8	11	17	20	5
ENSG00000198089	25000	662	421	689	586	1066	365	551	1267	768	894	1107	1042	1233	946	554	1085	492	575	848	795	913	886	1354	448	860	729	416
ENSG00000231734	46800	626	970	1029	950	997	860	632	667	981	942	745	580	695	682	853	1206	549	669	698	1257	334	1249	842	695	884	819	1096
ENSG00000110800	212350	3062	4810	4228	3002	4430	2847	6680	2271	3647	3694	3712	4605	2938	3958	3812	4860	4933	4197	4969	5596	2879	5227	3071	3032	2184	4401	4870
ENSG00000230442	5950	117	103	111	95	108	81	101	113	80	108	72	89	54	132	32	114	163	105	73	61	89	53	91	160	103	83	96
ENSG00000114451	1502100	54002	54440	65187	50494	55779	24715	53254	42146	39054	31563	48119	22003	54975	72716	87550	34417	22233	49170	45483	26790	43848	44110	50601	14709	31120	55285	29352
ENSG00000132852	34800	688	710	387	434	540	642	598	790	544	348	772	589	863	594	444	531	401	298	868	181	510	489	631	584	562	653	431
ENSG00000218446	11250	189	379	109	232	408	242	380	1698	1187	1908	1262	370	804	1070	544	3766	5228	4649	3599	98	101	58	83	4650	6690	2316	7772
ENSG00000193693	3900	51	113	96	113	85	62	135	145	65	69	140	118	63	118	38	52	43	72	154	68	71	89	58	88	62	59	65
ENSG00000132351	3900	81	116	109	106	174	103	103	91	99	125	158	71	58	174	44	97	126	108	122	68	150	117	130	134	96	135	118
ENSG00000118112	1550	16	18	26	24	19	19	24	13	12	14	21	19	21	24	23	14	26	23	18	17	26	14	28	36	14	19	24
ENSG00000137340	13200	760	836	499	345	469	639	885	418	650	863	857	761	827	757	488	650	1111	952	484	772	666	693	593	729	767	769	633
ENSG00000174576	1700	36	44	42	63	50	50	42	33	41	71	52	46	125	102	80	50	53	63	77	36	42	67	36	45	66	45	71
ENSG00000132364	17800	150	141	224	165	279	291	339	239	113	254	156	205	301	147	230	100	159	235	170	160	264	207	154	133	99	200	195
ENSG00000199247	139150	3096	2347	3451	2296	3663	3766	1140	1588	2044	1949	4072	3322	3076	1501	1749	3245	3135	1933	2080	2308	2654	1933	1895	2423	2777	1643	1937
ENSG00000233290	34650	321	365	281	519	662	501	628	369	314	691	330	466	458	335	335	696	422	638	285	543	688	401	509	614	302	478	505
ENSG00000187216	9150	469	329	273	144	327	333	373	482	364	332	347	550	526	386	488	679	549	722	392	477	375	369	722	294	492	539	626
ENSG00000174136	3000	79	48	26	27	63	58	45	55	72	52	43	73	27	32	40	51	62	34	25	64	67	69	39	44	19	35	43
ENSG00000187850	79400	2812	2950	2729	2116	1817	1331	1332	2418	2778	3060	1472	2509	1678	2828	2464	2654	4198	2187	2336	1845	2928	2249	1920	2121	1487	2809	3334
ENSG00000154260	1450	62	72	59	130	61	74	68	67	62	64	73	43	30	47	74	78	86	64	70	59	53	70	103	31	80	57	23
ENSG00000167534	3500	150	153	72	136	106	173	284	199	134	163	165	163	69	150	141	108	148	102	84	124	270	151	133	189	156	178	189
ENSG00000161543	432750	7761	5982	7578	6457	7688	5257	6730	10848	8942	5453	4997	6784	4392	7109	6477	6142	5142	5885	11203	8757	8879	12970	8540	9877	7851	3668	8393
ENSG00000122925	200	1	9	3	5	2	5	2	1	6	7	2	0	2	7	6	2	0	3	4	2	4	3	5	2	5	3	6
ENSG00000227142	37500	665	447	712	396	502	1426	494	724	964	763	705	420	855	471	519	721	905	667	890	805	479	923	466	896	356	709	940
ENSG00000235218	6650	115	188	97	97	113	110	104	137	186	71	161	171	132	107	103	123	93	117	161	145	92	111	106	162	121	139	99
ENSG00000239688	200	10	7	5	11	3	10	6	7	5	5	5	4	5	1	9	2	6	13	9	6	13	10	2	1	6	4	5
ENSG00000197050	10000	142	69	212	615	579	241	450	2000	1787	1609	1980	644	847	1163	870	2982	2211	3372	3251	79	180	94	80	5283	7491	6597	8311
ENSG00000196432	61500	1154	1320	1956	4491	2810	1719	2302	18659	12276	10026	6900	4399	7230	5775	7604	20605	12260	18311	32536	873	812	769	462	35143	69211	66669	54141
ENSG00000182760	7950	167	177	205	161	108	288	381	940	900	1656	1383	544	608	615	604	1673	2015	1590	1672	46	128	53	91	4781	4360	5256	4028
ENSG00000176617	54850	447	1109	988	1760	1189	1464	846	1183	1846	1026	1484	1508	1124	1001	903	697	892	1299	971	1134	1757	1226	1341	873	1058	966	743
ENSG00000175978	2150	102	30	75	68	102	49	74	114	83	78	46	87	72	52	106	81	52	48	75	76	69	73	61	32	67	60	67
ENSG00000155253	38000	753	219	345	585	631	467	965	464	325	493	601	310	496	303	361	375	544	519	366	695	254	453	621	421	486	696	557
ENSG00000149288	2650	161	78	43	202	138	181	95	536	626	875	657	509	324	255	328	1142	1979	1901	1154	30	27	38	38	2005	2272	2783	2719
ENSG00000180488	0	1	1	2	0	1	0	2	2	1	2	1	0	1	1	1	3	2	1	1	0	1	1	2	0	1	2	1
ENSG00000225902	1900	56	157	122	64	94	82	62	158	120	37	71	120	107	86	77	103	63	73	122	113	130	91	82	58	97	145	101
ENSG00000246842	0	1	2	1	0	0	3	2	1	0	1	2	0	1	1	2	3	2	0	1	0	2	0	3	2	2	0	1
ENSG00000189083	17700	368	255	315	825	808	458	693	1522	1870	1941	3613	2680	953	1456	2027	7897	4017	5009	12685	263	168	167	198	6592	14980	13188	6852
ENSG00000112545	34750	373	425	982	700	536	532	380	630	563	558	527	892	1130	647	713	702	597	557	867	588	294	620	666	447	746	867	491
ENSG00000145006	586800	8825	11511	5133	4727	10978	8715	3646	8517	11198	6825	6319	5196	6529	6965	5903	6914	5211	13409	11798	11307	9875	4730	6723	11803	7841	7938	8256
ENSG00000173517	13300	749	218	199	272	347	431	328	453	269	315	363	297	432	324	308	341	476	401	376	254	472	434	295	380	229	449	413
ENSG00000156562	2600	34	25	26	50	32	24	31	40	41	42	23	31	26	62	41	65	44	23	25	30	47	25	56	43	33	54	37
ENSG00000117159	193700	2937	4539	5412	4463	4021	3368	1745	2084	3882	5932	4296	2974	3505	3854	3874	2408	3890	4017	2683	5500	4307	1888	3933	3423	3914	3678	2188
ENSG00000226205	3650	75	61	108	94	82	77	77	88	57	205	90	132	106	126	81	35	81	149	80	133	57	57	106	156	45	102	57
ENSG00000242712	86700	2903	2245	1164	1179	3620	2630	2838	2380	2948	2142	2998	1770	2250	2185	1367	2263	1302	1892	1674	3308	1779	2357	2070	1271	1674	2923	2687
ENSG00000130074	6050	70	78	81	150	131	118	107	107	156	51	169	74	99	106	175	111	43	115	119	112	119	170	98	97	88	118	123
ENSG00000113440	250	3	7	7	3	3	8	7	6	9	13	5	2	5	0	8	4	15	5	5	11	11	14	16	3	1	6	5
ENSG00000132907	1350	57	29	30	28	23	13	18	36	20	23	18	18	34	29	25	27	33	31	32	12	23	29	34	32	24	15	15
ENSG00000219297	700	37	26	36	35	23	22	23	20	23	37	22	32	23	33	14	47	19	14	28	32	21	31	21	48	22	30	39
ENSG00000238325	14650	388	230	151	229	397	171	216	95	164	203	365	122	241	441	158	241	338	336	229	218	294	429	131	255	156	220	434
ENSG00000202294	17450	481	621	463	489	447	273	294	292	452	262	427	349	483	564	265	200	248	432	567	321	490	578	556	422	366	397	384
ENSG00000122409	2350	14	17	18	28	29	51	39	43	20	38	54	22	27	41	30	24	29	32	24	24	21	24	39	42	55	24	25
ENSG00000178091	3300	90	41	42	42	48	40	50	71	90	93	45	28	72	31	56	79	52	69	55	54	27	81	51	55	29	49	50
ENSG00000164922	650	8	8	7	8	9	2	9	7	6	11	16	7	7	9	13	12	6	15	6	10	9	7	6	12	8	11	8
ENSG00000233407	5550	113	142	227	199	158	138	99	95	169	139	134	163	135	101	72	186	123	109	82	120	189	141	97	160	121	204	149
ENSG00000132164	2750	92	88	56	47	107	52	46	64	62	83	42	111	125	61	59	26	80	110	71	46	68	59	97	108	61	72	49
ENSG00000216106	450	9	2	0	10	5	3	4	6	0	1	6	1	2	2	2	3	2	5	3	1	2	6	0	4	5	4	4
ENSG00000228627	19350	249	399	287	307	428	541	742	470	452	334	455	405	678	674	350	488	257	596	215	778	296	395	287	418	990	646	617
ENSG00000195149	52950	1026	431	679	865	1152	786	965	584	835	1177	769	1075	1029	714	711	660	579	561	565	1072	684	376	790	689	807	1046	455
ENSG00000203172	5950	114	129	105	119	65	159	59	82	77	117	102	59	51	75	59	64	119	68	196	115	41	69	78	50	75	110	84
ENSG00000198046	61150	1335	954	2243	1908	1132	1422	1543	1487	676	1245	997	1599	1589	1419	1466	1220	2402	1153	1509	1447	1822	1573	1356	1870	1508	2084	1089
ENSG00000154793	495600	10194	8510	12678	12918	4339	5857	4347	5228	7165	8521	9004	4360	8848	10525	6842	6341	5669	9275	8485	12353	6522	9058	5764	9703	7153	10700	9165
ENSG00000103842	289550	25086	5035	11116	17364	9923	10325	9469	9859	23605	10000	9825	20746	16246	16301	20475	26837	13695	11873	14264	16496	15655	8306	18369	11958	15744	19873	10882
ENSG00000146357	18350	524	342	350	412	470	445	296	441	363	248	394	451	353	251	383	647	399	739	421	475	235	446	254	407	407	540	181
ENSG00000198107	9450	248	157	184	160	340	205	147	208	184	173	151	110	145	226	225	300	106	151	310	163	223	181	121	196	171	235	116
ENSG00000174410	21650	545	850	421	844	392	645	536	1065	811	1067	871	1223	940	780	483	357	842	835	623	660	811	587	528	926	1014	588	728
ENSG00000223430	95000	2928	3163	2850	5790	2869	2744	3871	4225	3224	1694	3246	2570	2867	4074	3888	3191	3681	1374	6162	1807	5176	3054	5006	4139	1288	3277	2392
ENSG00000115408	13600	226	339	161	428	372	491	365	460	534	392	313	418	363	191	431	231	209	600	348	382	456	394	647	444	407	363	448
ENSG00000180043	21800	831	654	525	755	647	723	1086	690	735	639	655	556	444	476	327	971	896	1122	802	936	528	670	670	785	673	1309	437
ENSG00000159785	1600	34	47	56	83	100	58	122	195	219	507	288	166	176	100	177	1035	652	282	383	26	27	11	11	852	1733	1432	721
ENSG00000152891	30100	814	307	847	733	606	670	548	954	1046	802	834	532	830	488	231	758	947	750	362	807	497	500	727	929	390	965	977
ENSG00000121399	21450	370	477	696	357	400	606	495	793	470	432	498	586	409	710	556	320	995	433	729	419	1537	598	363	882	579	305	554
ENSG00000241321	6600	208	148	104	124	59	88	100	143	69	173	197	156	130	153	177	174	261	104	166	156	179	145	94	133	208	96	193
ENSG00000125379	8300	52	116	136	95	175	78	150	166	85	111	143	127	105	94	114	63	123	60	146	123	107	123	90	96	86	110	108
ENSG00000146110	5650	104	78	77	69	102	54	134	97	79	52	70	58	99	45	109	97	99	92	60	174	104	86	78	80	109	41	97
ENSG00000116581	34600	884	608	291	892	612	1470	1060	4436	7724	4169	3558	3985	754	2884	3137	13245	11808	9584	14707	268	296	284	316	29086	25427	16642	13603
ENSG00000119207	2800	100	115	116	77	126	137	98	110	128	120	74	63	101	72	150	88	73	70	167	134	115	35	89	84	100	125	198
ENSG00000185575	15950	186	275	496	361	258	403	408	287	394	268	366	440	228	330	258	136	200	287	393	265	336	332	269	281	278	420	338
ENSG00000127643	23450	518	519	1094	432	731	231	589	621	765	952	586	639	426	329	995	455	963	864	522	569	865	484	728	872	583	645	777
ENSG00000243536	2750	70	84	86	55	55	78	131	104	82	78	166	110	98	53	67	91	68	128	80	72	94	60	168	104	91	128	124
ENSG00000214913	31650	290	477	295	410	577	514	263	233	566	349	490	534	424	479	239	508	697	255	251	466	475	467	365	626	251	535	388
ENSG00000226490	650	80	53	16	66	27	30	90	23	53	37	38	34	66	51	40	43	29	21	57	35	30	63	58	49	55	59	37
ENSG00000212158	1800	46	80	53	54	76	50	37	43	45	74	61	81	26	13	39	39	55	19	40	61	43	18	29	40	97	51	45
ENSG00000196246	3800	36	55	52	98	86	78	44	89	69	123	114	44	55	120	96	62	63	50	100	45	38	57	76	91	61	89	56
ENSG00000115418	2600	51	64	75	57	90	116	148	1044	395	577	406	322	249	188	189	1829	490	1086	1326	27	20	31	61	889	1794	3007	1180
ENSG00000216429	4600	62	40	55	65	57	107	62	73	117	106	55	82	89	74	63	92	77	82	86	59	53	120	68	70	81	57	47
ENSG00000127335	20000	245	265	153	371	387	297	225	339	400	566	500	331	151	168	354	168	476	158	218	246	264	337	450	210	344	472	139
ENSG00000163059	10850	53	182	153	112	119	116	141	119	144	189	114	126	177	137	146	76	246	183	219	138	216	151	207	181	113	201	108
ENSG00000222424	600	12	30	31	19	32	32	46	29	23	8	17	19	28	23	41	15	31	24	28	18	18	29	24	22	22	20	35
ENSG00000140574	16200	399	432	307	189	330	311	178	485	302	288	427	550	280	342	249	228	329	297	270	233	463	288	413	221	299	314	118
ENSG00000180115	7850	272	127	262	280	362	298	191	212	217	162	374	166	223	168	227	267	175	215	196	171	320	162	155	100	167	174	157
ENSG00000118377	49000	355	1307	906	641	625	604	750	1479	687	668	1309	711	264	798	1418	1019	802	754	573	611	1520	686	445	1219	1102	861	782
ENSG00000219778	8650	185	152	190	307	306	297	323	1448	691	1937	985	721	657	405	532	2072	2403	4292	2763	85	84	80	95	2229	5678	6916	4875
ENSG00000221068	20650	507	405	416	532	789	982	1415	2519	3640	3409	5259	2432	1471	1844	1188	7359	12999	13099	6699	186	187	257	178	16829	13597	15127	11888
ENSG00000169142	3300	37	30	38	42	47	57	26	60	43	35	30	52	42	33	47	33	32	60	24	43	68	46	33	32	19	19	38
ENSG00000208961	2900	38	26	37	32	29	42	44	24	72	32	21	15	29	30	38	37	34	26	19	51	27	34	18	27	23	29	10
ENSG00000180270	14650	724	507	746	540	785	886	725	291	692	674	530	512	411	497	800	719	441	679	712	556	369	546	741	495	476	637	672
ENSG00000104254	18250	522	438	510	312	335	330	401	763	396	419	669	428	324	505	519	399	529	350	572	420	684	466	693	299	276	369	452
ENSG00000247591	31850	369	357	619	1236	1268	1143	429	2244	1223	2728	1046	1247	2227	2297	1764	9030	7627	4249	5734	146	107	242	231	13093	9516	7633	13028
ENSG00000104928	450	25	28	26	12	20	6	15	22	18	22	23	10	20	8	13	19	17	6	7	25	8	18	23	6	8	18	5
ENSG00000195971	411550	4877	5832	6199	3206	6193	5458	5009	4751	2595	5718	5732	7799	4150	6931	4383	8011	6350	8836	5973	4784	6683	4232	6204	11711	10427	9842	5213
ENSG00000244312	3950	61	149	116	114	140	191	69	125	169	125	132	164	93	61	116	150	80	134	114	108	96	155	95	113	97	109	99
ENSG00000201549	4250	144	97	108	129	82	67	109	95	75	45	100	132	131	54	87	109	121	103	132	120	83	93	112	187	115	82	39
ENSG00000120114	71350	1622	1600	1480	1273	1443	2074	1344	2385	1566	1622	1261	2067	1621	1247	1247	941	1478	952	1674	894	1751	1818	1520	1215	1479	1501	1272
ENSG00000163655	300	8	10	9	7	14	4	13	89	41	70	46	48	16	23	27	99	77	121	155	3	3	3	3	171	150	245	263
ENSG00000123305	35800	387	802	689	817	621	759	492	1035	924	1257	1142	707	705	738	1148	783	899	300	854	919	1127	995	869	787	954	688	587
ENSG00000115482	2600	62	81	55	132	62	132	76	44	113	68	55	112	62	121	117	80	102	81	69	97	111	115	118	88	55	35	56
ENSG00000157772	3000	39	47	30	74	40	66	59	32	80	70	78	23	57	59	63	49	43	67	63	49	37	50	49	80	22	104	63
ENSG00000178296	71050	1349	1117	1074	2661	1736	951	1706	1199	1776	1496	1199	1232	890	1267	1300	1549	1307	924	1256	1778	1396	1176	1114	898	1689	1504	1335
ENSG00000128781	250	12	10	10	2	18	8	10	9	22	9	7	13	8	5	8	3	11	9	10	9	5	10	11	10	17	7	7
ENSG00000170211	2800	20	37	50	80	21	45	47	164	338	173	313	128	35	103	140	375	481	794	795	29	13	8	16	1402	654	2345	917
ENSG00000158186	135350	2608	1987	2210	2184	2528	2265	2487	2289	1373	1453	2489	2149	825	1380	2260	1726	2066	2340	1013	1593	3087	2681	1422	2166	2771	2681	1456
ENSG00000188093	0	0	0	0	1	1	0	0	1	1	0	0	5	0	1	2	3	1	1	0	0	3	0	2	1	3	0	1
ENSG00000214655	3350	61	25	48	56	47	77	77	88	43	61	100	39	74	51	62	39	78	60	29	50	52	39	71	37	72	77	84
ENSG00000158542	1050	27	27	31	29	24	12	33	21	21	42	32	16	9	29	23	18	24	15	30	16	23	67	17	27	17	27	28
ENSG00000145537	3000	92	73	33	86	117	56	67	91	136	108	125	115	215	111	155	58	73	99	84	72	84	97	71	102	101	78	43
ENSG00000131583	2400	33	76	39	46	56	96	77	62	68	68	46	38	81	44	57	46	39	72	41	46	32	50	59	54	50	25	44
ENSG00000183880	2750	37	41	52	39	50	23	45	39	61	84	34	55	28	90	76	90	51	49	57	67	66	33	50	28	61	79	82
ENSG00000206012	20250	389	472	500	321	711	461	524	496	642	433	708	591	718	374	315	457	960	456	561	463	296	546	358	503	523	365	467
ENSG00000106369	3800	80	111	107	215	223	110	180	187	237	94	121	243	126	228	128	177	183	111	155	104	175	110	302	158	112	183	91
ENSG00000229333	4750	76	72	116	70	53	84	175	79	119	74	96	113	120	127	151	61	136	79	134	91	109	88	74	127	101	85	76
ENSG00000236567	250	6	12	8	14	4	2	8	8	7	9	6	7	1	6	9	11	12	8	8	11	10	12	3	18	5	10	1
ENSG00000211086	22500	419	194	421	462	511	784	353	340	401	465	273	245	120	593	538	329	332	325	200	208	624	265	403	380	694	305	464
ENSG00000166932	68750	922	1121	697	1412	879	1215	758	824	431	1181	795	834	982	599	1677	670	797	723	1179	981	1091	1193	928	691	719	1518	629
ENSG00000108935	2100	51	45	25	47	46	37	28	29	62	66	54	36	35	25	47	49	38	39	39	69	37	30	42	19	51	59	31
ENSG00000153083	19250	336	469	282	320	328	514	352	616	506	579	572	707	644	292	264	344	384	435	311	255	522	279	447	436	284	324	406
ENSG00000178256	2900	105	95	73	105	189	117	79	78	83	98	108	97	117	84	102	72	89	114	55	66	71	65	91	67	157	158	59
ENSG00000203043	4300	125	70	111	151	61	178	94	67	75	77	109	162	51	86	148	141	107	100	105	55	119	159	73	69	46	73	159
ENSG00000143553	174200	2838	2480	2650	3337	2123	2076	1890	5101	2496	3015	4730	4165	3493	2589	4962	3523	3578	1910	2091	2954	2632	2826	2680	2142	5597	1958	3643
ENSG00000179266	69750	1537	2176	1331	2171	3566	5791	2784	11409	9328	5434	18005	10753	6729	9147	13682	21019	61307	44430	22051	784	671	1142	857	43844	58045	38632	60724
ENSG00000118180	30050	903	574	486	475	596	641	592	481	982	304	554	606	304	657	785	587	394	269	563	638	554	456	620	430	791	907	803
ENSG00000191889	7400	112	138	57	167	255	289	200	959	986	1104	901	394	500	662	618	1753	1660	1110	1235	59	41	56	28	4056	6243	5035	3266
ENSG00000123048	1900	59	87	111	75	104	77	44	71	93	72	71	90	42	32	42	63	59	68	64	103	173	38	76	80	79	46	106
ENSG00000185764	350	13	8	7	7	6	30	8	9	11	4	8	11	9	9	8	13	7	11	12	10	18	14	7	10	10	8	4
ENSG00000197651	1300	39	69	60	39	60	74	48	49	49	39	95	46	34	75	72	59	48	14	36	24	85	38	61	41	48	60	37
ENSG00000249874	7000	117	161	123	149	334	180	134	180	208	144	229	102	257	75	63	129	178	220	176	82	78	108	144	120	121	189	196
ENSG00000145785	1700	34	13	15	23	20	31	22	49	17	17	20	27	23	18	23	18	23	17	14	13	11	45	34	25	29	39	25
ENSG00000203991	99450	3034	4385	2177	1123	4614	2172	5758	3630	1468	2239	1261	920	2701	2001	2568	4645	2332	3590	2088	2013	2804	2452	3668	1553	3230	2437	2386
ENSG00000139662	48850	530	746	500	349	665	574	437	662	577	645	788	452	453	613	523	453	617	931	685	777	567	414	514	747	711	471	337
ENSG00000179478	14450	521	338	634	361	293	399	506	342	478	414	526	535	420	363	333	399	679	530	237	362	348	318	314	365	296	471	270
ENSG00000117702	1950	72	104	67	54	29	63	74	47	38	77	48	54	66	50	48	43	62	61	62	59	46	48	82	55	75	84	70
ENSG00000153112	328200	8218	6118	3830	5696	4669	10927	5570	4873	6106	7965	7227	7115	4454	10055	6142	4172	7606	7975	3791	6606	6095	8869	4482	4005	10122	9110	4790
ENSG00000205702	3450	76	92	87	128	122	90	133	76	188	100	104	143	113	108	141	145	76	62	92	100	93	52	109	105	108	153	118
ENSG00000165394	2650	74	30	35	72	24	44	40	47	57	32	46	26	77	34	32	52	76	57	59	67	44	36	71	38	58	42	36
ENSG00000173659	39400	839	574	552	394	612	635	723	443	242	461	660	393	834	403	672	560	536	564	991	314	384	975	436	1116	678	596	468
ENSG00000234847	21850	471	493	430	424	316	349	358	447	426	411	433	464	1011	508	307	324	476	638	613	541	304	421	442	319	277	290	466
ENSG00000205699	16200	262	362	430	381	438	361	322	501	355	526	291	271	341	535	336	135	129	328	328	293	312	338	358	392	332	496	340
ENSG00000211016	6850	292	166	119	154	213	280	87	165	218	168	146	118	254	205	199	302	257	178	192	162	407	180	141	228	190	189	111
ENSG00000184752	11200	223	215	152	190	132	234	175	282	215	231	170	305	336	193	170	336	282	154	218	143	119	265	289	232	148	268	253
ENSG00000102767	4300	86	47	104	187	265	102	150	1032	883	774	761	519	341	316	325	786	1740	1064	1980	60	45	62	37	4158	3168	4534	3777
ENSG00000226074	5650	61	51	98	84	150	110	78	86	90	117	111	133	93	90	96	126	232	61	94	125	71	116	159	88	105	161	78
ENSG00000189574	151750	1537	2139	1249	2570	2056	1006	1906	1176	2557	1829	1601	2027	986	1173	1661	2984	2395	2573	2174	1811	2121	2312	1861	1528	1630	2929	1786
ENSG00000149004	11700	153	177	73	138	171	114	67	231	132	63	172	201	174	208	122	182	85	87	96	172	74	256	211	158	113	220	149
ENSG00000100522	10300	190	218	194	175	248	484	126	151	422	207	178	284	228	322	245	198	217	282	217	182	265	156	319	186	289	165	301
ENSG00000162169	92100	1531	2233	1632	2037	678	858	2006	1358	1493	1572	2557	1776	1109	1212	1090	2227	1948	1916	2081	1493	1412	1402	1991	1592	2197	1387	1239
ENSG00000180013	3450	56	80	175	216	91	201	82	169	136	96	90	168	88	102	149	51	140	128	138	88	117	107	156	175	212	90	158
ENSG00000148848	24400	276	495	689	940	911	385	398	738	624	657	805	832	483	576	826	422	494	831	884	614	828	566	421	458	406	531	598
ENSG00000108886	1850	25	13	9	46	43	45	51	59	20	24	39	23	48	31	38	25	51	28	31	20	39	24	38	52	31	38	31
ENSG00000217970	78150	3082	2116	3196	1722	982	1671	1247	1589	1688	1545	1582	1614	1853	961	2596	2378	2402	1526	1870	1982	1344	2948	1802	1712	2235	1618	1465
ENSG00000132302	85350	1316	1628	1526	1540	1664	1039	1237	955	1250	805	1115	1971	1680	1271	2066	1882	1182	1100	1310	662	1293	1865	925	1167	1064	1263	2476
ENSG00000165559	41700	802	958	860	902	1628	737	600	1080	1374	944	1185	1222	759	1078	797	721	1175	1123	1014	946	1253	1119	1256	753	628	1066	979
ENSG00000142271	63350	1583	1087	1194	1065	1064	1491	1409	1123	1049	1637	1726	526	1116	1353	1433	1119	1129	763	663	1322	904	1200	1575	1130	1446	998	1205
ENSG00000214778	8850	251	137	269	441	272	205	450	1704	1331	2273	1498	726	1380	1024	892	2681	3277	5427	2113	78	63	134	106	6508	4506	6419	8179
ENSG00000184232	67900	865	919	579	1179	642	729	505	680	754	411	768	787	1627	1112	756	951	703	1042	682	391	613	842	665	893	915	804	973
ENSG00000150348	400	9	16	13	10	16	9	10	13	10	23	9	10	17	16	16	12	22	6	8	4	13	14	14	6	16	6	5
ENSG00000109459	400	10	3	9	7	5	15	4	6	1	6	8	6	10	11	12	4	8	8	15	9	7	7	9	14	3	10	15
ENSG00000114310	1600	116	46	90	120	173	253	110	489	720	838	485	478	525	305	662	2081	1240	1308	1868	38	58	19	24	2966	4347	2500	1841
ENSG00000161278	600	9	16	20	63	57	31	68	148	92	341	208	100	103	139	123	352	575	349	496	9	11	9	4	831	1030	1337	988
ENSG00000208884	4350	130	132	123	104	146	220	184	71	68	182	108	201	121	116	128	200	243	143	133	163	143	195	233	129	59	162	90
ENSG00000187933	135250	1997	3532	2020	3492	3266	2011	3692	1695	2021	6634	2187	2949	4233	2402	2382	3854	2819	3093	3567	3362	4280	2566	1889	2742	2101	2066	1387
ENSG00000215750	1450	31	17	16	36	38	28	37	18	41	26	61	17	31	28	34	15	18	18	36	24	33	28	39	20	24	52	36
ENSG00000148074	6850	116	84	137	337	303	385	434	335	647	930	613	421	332	235	405	1608	1606	2195	1979	122	97	67	76	3085	5080	4214	3696
ENSG00000177587	850	8	13	11	11	21	12	18	20	19	9	15	5	30	8	20	6	21	17	7	21	14	14	10	10	15	6	17
ENSG00000160438	43100	794	594	647	498	849	833	930	502	522	384	1106	576	606	556	263	309	352	650	227	524	721	692	485	568	373	908	429
ENSG00000127238	52400	863	711	860	695	530	820	661	660	583	486	739	577	783	699	676	496	600	1039	883	516	853	1220	588	976	553	1142	755
ENSG00000245355	17750	237	537	541	456	382	271	376	643	373	481	502	377	436	322	507	382	293	198	605	341	283	423	643	383	244	501	335
ENSG00000157991	5150	197	109	120	90	74	141	106	118	140	108	141	158	151	115	141	114	146	138	94	78	90	105	102	114	48	101	102
ENSG00000190054	15100	382	309	205	379	251	291	405	300	341	171	211	284	108	163	312	226	412	394	317	417	315	201	237	326	298	380	612
ENSG00000214324	159850	2477	2955	2994	1431	2996	2315	1499	3935	4649	1967	2413	2957	2228	2245	1788	2895	1879	1681	1173	3598	3007	3044	2758	2506	2648	1809	3520
ENSG00000229043	149500	2752	2272	2655	3619	2239	2627	4428	2769	3652	2376	3573	4345	2566	3636	3125	2251	3908	2480	2553	1322	2752	3654	3200	1649	2842	3727	1877
ENSG00000175997	105750	2210	1728	2304	1520	1212	1923	2034	2096	1263	1133	1738	2559	922	2382	1581	2020	2094	2805	2312	2612	1636	1120	1273	1684	2920	3129	1890
ENSG00000130663	9350	359	235	290	259	210	325	248	286	372	141	167	173	258	165	276	169	290	283	182	243	236	324	194	366	229	360	176
ENSG00000126173	11900	200	323	156	260	162	495	552	1367	1969	1852	1521	673	657	882	741	3552	2848	3125	2352	143	163	112	72	2209	5852	5712	7376
ENSG00000196985	350	11	11	7	12	17	9	9	8	15	11	12	7	10	6	16	7	10	14	9	14	10	24	14	13	22	14	7
ENSG00000226509	9250	202	156	318	234	204	137	382	188	195	124	175	242	254	140	257	216	157	196	204	243	223	440	319	313	289	257	233
ENSG00000104937	2700	63	28	58	40	61	46	26	8	85	15	47	29	24	42	37	44	54	38	43	27	38	56	75	58	42	43	87
ENSG00000155230	1400	11	25	43	7	44	27	29	26	24	20	34	46	9	12	19	19	33	30	14	17	13	20	24	19	38	26	22
ENSG00000114050	36550	708	443	424	598	416	612	455	440	769	541	650	788	446	548	651	647	334	474	494	500	567	355	779	642	633	617	622
ENSG00000131951	10200	410	315	104	386	220	144	177	255	175	428	256	102	274	175	247	438	143	250	301	130	287	214	186	302	289	215	224
ENSG00000102431	7850	111	295	181	80	183	158	88	183	144	111	134	152	127	155	175	115	101	164	251	99	147	199	176	262	98	161	157
ENSG00000219404	63900	787	584	1224	886	842	1408	988	976	734	587	632	936	1124	487	1080	543	524	678	1015	611	776	1150	917	1334	851	762	1636
ENSG00000171818	2900	100	94	94	63	63	56	48	69	66	69	42	76	83	68	52	48	90	104	133	118	62	48	35	71	68	29	48
ENSG00000210014	250	4	1	4	1	3	3	4	6	4	5	7	3	5	0	7	2	4	5	3	0	4	2	5	1	5	4	3
ENSG00000207399	22200	333	285	239	400	600	298	320	566	268	333	653	438	364	372	409	545	495	500	582	328	499	419	318	242	342	527	470
ENSG00000187616	114950	2062	760	718	2038	2360	2447	2948	13294	15061	18912	14080	6435	8529	10020	4543	28464	31693	25529	19168	1364	633	785	1100	31632	32080	34759	44107
ENSG00000245208	250	4	6	5	5	3	10	6	4	4	3	3	1	1	7	7	8	3	3	1	8	2	2	5	5	3	5	3
ENSG00000104564	57750	1458	743	998	528	861	1418	1104	1409	515	746	708	1206	1230	723	1605	1507	1025	1162	1032	1010	997	541	1792	1231	574	1131	1165
ENSG00000225367	200	11	15	6	4	8	9	7	8	12	9	13	12	16	6	9	11	4	6	17	7	5	9	10	12	6	10	12
ENSG00000124842	2600	59	58	71	24	78	37	51	68	39	68	54	40	71	39	86	38	45	43	24	67	43	43	43	47	21	36	52
ENSG00000153116	21400	468	398	662	340	748	738	513	670	793	599	895	619	441	218	336	603	375	493	406	240	604	684	458	851	381	506	546
ENSG00000127904	8050	203	302	212	157	198	204	56	194	288	134	138	290	226	196	210	219	310	208	165	270	174	175	100	129	207	382	251
ENSG00000177071	74850	2139	3642	4638	3324	4283	3845	3441	5194	2828	4116	3148	2996	3967	5423	2863	4482	5723	3866	1902	6144	3895	3639	4593	3064	5434	2941	2608
ENSG00000187024	108350	1968	1290	1900	8727	2581	2840	2690	14273	6556	18127	29910	10628	8314	7420	5377	35826	41245	33104	23837	1048	781	1109	369	41321	43970	59247	39066
ENSG00000234457	1500	67	56	44	36	29	55	45	66	56	49	65	66	53	53	55	50	36	53	42	48	58	59	39	53	27	65	75
ENSG00000139052	1950	44	76	54	31	36	62	91	50	48	68	84	66	50	39	45	54	85	32	72	40	64	81	31	62	32	68	28
ENSG00000139203	20500	655	488	801	424	413	515	152	1139	337	650	587	333	624	708	772	521	597	489	783	757	450	530	801	604	535	469	470
ENSG00000147767	150	8	15	5	7	12	11	7	10	11	12	10	6	2	1	12	12	8	8	6	13	5	8	8	2	4	13	7
ENSG00000125168	65000	2243	1424	1609	2771	1894	1962	913	1231	1544	2833	1602	2005	1913	1142	1371	1392	1410	1215	2088	2364	1031	1516	2298	1978	1603	1863	854
ENSG00000224190	5950	220	171	141	63	177	140	247	122	147	127	95	277	130	94	197	160	84	67	284	195	166	132	118	166	108	165	162
ENSG00000190261	32400	362	682	363	528	641	317	597	300	729	749	331	199	647	695	329	694	516	593	704	329	306	323	218	534	518	553	859
ENSG00000167104	5050	110	101	155	144	157	155	143	56	108	51	157	76	160	149	96	152	205	78	68	85	157	176	80	140	49	88	208
ENSG00000217857	1750	46	36	61	28	42	18	25	57	43	82	69	73	50	53	32	40	39	42	39	31	24	50	47	22	22	45	36
ENSG00000171944	77400	1299	1279	1070	1053	1308	1983	1302	1133	1426	972	1143	1434	1319	883	1052	1023	1268	1041	1140	1208	1564	1329	1268	794	1033	1821	1425
ENSG00000141513	9250	96	187	135	93	114	160	91	157	133	127	92	210	116	135	133	201	108	89	100	171	132	129	150	163	242	150	195
ENSG00000236742	132750	2795	2131	3471	3038	4028	2908	2435	3859	2093	1731	2482	1969	4327	2316	2977	1483	3840	2141	2762	2047	3691	5057	2726	2722	3915	3488	1656
ENSG00000179279	121100	3004	2330	1855	1781	3303	2182	1905	2116	1769	3529	2257	1250	4568	2675	2296	2734	2490	2017	2213	2422	1808	2618	3023	2412	1023	2554	2354
ENSG00000141653	823600	25176	16770	25488	41597	29276	21729	21574	17626	12147	19797	23895	17834	9534	45598	27180	24988	34422	23737	23317	20508	10112	30279	17585	27807	29096	18618	21537
ENSG00000238248	5050	70	115	151	149	132	69	93	52	125	79	65	88	89	75	89	74	72	60	42	131	52	90	46	104	60	117	107
ENSG00000248242	36200	676	467	685	477	772	475	850	410	789	385	316	736	540	437	462	316	759	427	578	883	801	776	539	968	588	929	859
ENSG00000172699	66100	1716	1457	1552	1450	951	1196	1383	1649	996	831	1308	1219	766	1664	1144	1931	1301	1384	1964	1167	810	1982	1508	1221	1205	1677	1093
ENSG00000150650	68050	1020	1399	906	1565	960	1130	560	1722	1894	1014	1491	2113	1550	1267	1476	1692	1724	1141	1170	1110	962	600	1204	694	1041	1110	1229
ENSG00000211032	20650	249	446	331	461	320	334	227	333	339	334	263	244	241	463	160	239	268	236	217	489	205	429	266	220	233	155	325
ENSG00000189925	250	4	3	2	9	5	12	7	7	5	13	8	7	7	7	9	3	7	11	3	2	7	7	5	4	4	4	5
ENSG00000173572	85000	1363	775	1607	1141	1260	870	1143	831	1441	852	840	673	1350	1646	1093	1411	1654	1038	1904	902	1731	757	604	667	1445	836	1377
ENSG00000241397	6500	121	135	188	186	147	160	183	107	153	166	187	142	139	172	68	214	163	121	169	102	145	223	219	158	131	176	123
ENSG00000229448	50	3	6	13	11	4	4	3	5	9	4	7	11	10	7	4	0	8	4	5	6	5	11	2	10	3	0	6
ENSG00000155889	41700	557	397	699	772	343	441	456	664	643	663	508	615	365	584	872	533	413	980	582	577	559	509	850	464	597	371	389
ENSG00000115931	1100	35	29	43	33	34	15	26	34	37	27	50	18	19	31	28	22	34	27	19	49	37	40	25	25	21	25	35
ENSG00000194019	300	7	7	8	8	6	13	8	10	15	17	8	3	6	4	7	7	13	4	10	4	9	5	12	9	7	11	2
ENSG00000114411	9400	162	99	220	254	140	175	143	223	165	266	168	120	183	91	85	122	199	119	109	184	157	139	200	187	171	162	140
ENSG00000100321	14450	323	330	532	427	391	446	370	592	623	453	305	486	468	304	416	543	428	512	265	324	397	350	247	421	388	459	513
ENSG00000155373	4300	40	116	84	86	128	141	109	64	94	65	21	93	75	95	112	130	70	72	101	80	85	73	83	89	79	136	79
ENSG00000205779	14250	138	86	156	118	140	59	154	93	92	146	62	61	230	155	209	99	107	79	203	197	99	71	155	109	189	200	134
ENSG00000109029	5700	95	57	86	105	107	71	90	136	87	155	116	161	71	81	86	115	198	86	98	121	136	94	130	122	59	116	135
ENSG00000152486	6350	90	85	136	117	133	151	145	170	129	59	126	170	118	105	96	159	125	98	156	87	117	177	134	174	139	151	150
ENSG00000156379	10150	223	181	238	346	809	530	217	192	334	309	303	255	331	471	250	370	148	365	255	404	261	245	284	160	154	237	547
ENSG00000195580	14400	380	191	408	263	201	383	245	622	223	500	182	267	588	318	117	292	229	415	464	423	267	439	394	346	316	347	204
ENSG00000181389	237300	2204	5334	3418	8573	7757	6057	6442	27586	27449	24778	48737	5954	12845	17267	15822	28108	43730	57099	41215	894	2695	1360	1639	78132	74316	71984	99598
ENSG00000177536	50	0	6	2	4	7	1	5	2	8	0	2	6	1	2	4	2	2	0	0	4	1	3	5	1	1	2	0
ENSG00000223817	7050	101	135	127	232	153	142	115	122	126	247	198	157	139	120	157	115	167	192	153	104	164	112	170	130	96	253	147
ENSG00000148948	1700	26	42	57	36	26	28	26	17	37	26	26	44	29	36	54	21	20	25	50	46	12	48	47	48	55	17	28
ENSG00000235814	2300	160	51	60	71	134	81	139	55	70	170	140	93	97	82	95	200	106	112	76	47	98	94	118	77	133	133	187
ENSG00000249580	10750	150	104	225	250	207	295	235	156	167	208	145	238	168	167	233	247	263	207	379	283	195	162	225	289	123	232	246
ENSG00000101296	23750	462	424	288	348	626	518	601	403	342	1037	686	496	342	404	612	717	838	470	823	212	515	890	422	508	457	496	630
ENSG00000180555	95800	3057	1915	2295	3023	2672	1479	1681	2247	3434	1863	2841	2218	1953	2623	1331	2785	2306	1993	1781	3119	2256	2701	2351	2160	2204	2468	2666
ENSG00000211248	2800	120	113	64	71	50	59	121	45	81	60	63	113	82	61	110	102	64	37	91	56	90	90	68	62	50	47	74
ENSG00000106982	900	11	21	19	12	19	10	16	11	18	19	37	22	17	29	13	21	23	11	25	19	33	22	20	19	16	23	19
ENSG00000164530	4500	45	77	86	89	58	84	54	45	42	106	30	89	51	72	62	82	126	74	60	76	103	87	36	38	72	82	91
ENSG00000123655	47200	318	601	518	532	757	877	670	657	482	511	559	632	1056	855	614	408	820	779	488	510	883	621	613	585	634	1008	838
ENSG00000227906	17300	956	1024	807	681	803	1011	526	488	947	611	563	636	834	1130	1325	322	696	621	1246	774	617	798	714	890	779	1129	869
ENSG00000189250	28900	1264	943	1241	1848	1327	1337	1378	1289	924	1429	1701	2216	958	1903	1168	1634	1493	479	458	1225	1640	1593	1016	1548	1449	901	479
ENSG00000142983	11700	203	240	192	250	137	212	170	107	133	170	134	189	155	209	204	115	203	154	239	290	169	150	206	261	205	124	135
ENSG00000219342	8700	360	428	299	703	476	434	216	508	544	316	690	540	525	336	274	356	519	564	406	414	267	362	274	306	429	420	275
ENSG00000187544	27300	1129	1525	1308	1334	1649	1288	976	2012	599	1404	913	877	1694	780	821	982	600	1620	772	669	1079	1809	1234	1171	517	1004	1232
ENSG00000155146	100300	1402	1372	1205	1295	1515	2374	1961	1551	1251	918	865	1919	1384	950	1029	3455	1384	720	1371	1370	2000	804	2120	1291	1086	1031	1031
ENSG00000226716	2400	123	41	49	44	30	58	48	59	58	32	53	72	28	86	65	57	72	61	46	39	67	67	81	75	40	114	96
ENSG00000208447	1950	27	34	26	40	29	38	30	33	24	21	17	36	18	33	32	18	29	27	27	28	43	26	44	24	20	31	59
ENSG00000130989	100	6	5	11	9	10	7	4	9	7	3	8	5	8	4	9	6	8	7	9	10	10	4	5	6	8	8	7
ENSG00000211282	700	6	18	7	42	26	64	74	123	243	297	176	93	135	127	164	299	358	443	298	16	13	11	11	837	1376	809	714
ENSG00000189708	8250	141	131	153	181	136	107	143	203	134	105	132	111	133	90	101	100	173	157	135	154	347	192	153	162	113	192	97
ENSG00000235033	2300	48	88	68	84	116	61	64	84	96	63	81	88	49	78	187	73	61	92	74	81	113	69	107	96	82	125	90
ENSG00000212772	28050	584	466	428	847	784	921	1276	5197	4897	2737	3979	1643	1321	1780	1653	9125	12338	4574	10743	264	350	183	196	14124	18009	20500	10090
ENSG00000223538	15350	511	274	893	550	458	503	449	287	660	624	415	430	471	511	329	442	441	587	765	609	686	687	416	814	633	419	392
ENSG00000189319	350	23	27	15	9	20	12	17	7	18	15	9	11	10	15	18	23	18	10	16	30	16	8	18	9	6	13	20
ENSG00000229655	14900	343	223	247	374	311	416	532	565	248	405	253	169	326	233	293	258	105	237	143	339	200	156	232	282	408	362	198
ENSG00000236756	16050	281	325	411	304	259	354	340	308	237	335	237	608	280	191	562	377	271	296	225	431	286	252	254	304	528	242	241
ENSG00000219399	51050	553	424	887	813	716	739	570	646	746	934	1008	442	526	1210	283	1267	473	894	624	817	778	848	1089	707	654	843	742
ENSG00000193912	100	1	0	1	1	1	1	1	0	2	1	1	1	1	3	0	2	2	3	2	2	1	2	2	1	1	3	2
ENSG00000205341	66050	721	981	890	1463	547	998	745	989	579	1266	628	636	743	1255	682	1193	914	757	616	654	1185	506	938	1050	554	820	979
ENSG00000150981	5150	53	75	66	58	126	82	91	25	101	83	72	90	65	58	38	88	53	114	43	82	85	59	129	69	53	123	86
ENSG00000131081	50	0	1	1	2	1	2	3	2	0	0	2	1	2	0	5	0	1	0	1	4	1	0	2	2	2	1	0
ENSG00000126284	1100	7	17	37	18	19	16	17	14	28	14	20	7	21	21	17	16	17	20	9	16	11	10	12	11	19	25	12
ENSG00000191134	53100	1194	1293	1206	1203	749	1063	2066	1039	2267	1070	1393	2010	1627	1259	1472	866	935	1780	610	2110	662	1806	1362	937	1263	1696	818
ENSG00000201425	14050	187	175	235	150	224	184	218	295	231	181	125	282	262	288	200	363	228	280	390	180	258	286	216	145	328	236	229
ENSG00000238223	14950	218	106	201	186	292	161	167	246	156	276	148	283	315	318	129	133	252	376	157	222	222	337	174	257	195	223	211
ENSG00000129428	44850	765	720	1188	728	881	736	723	879	991	458	877	1256	738	710	1128	944	863	637	581	533	996	796	312	1219	510	839	663
ENSG00000219792	153750	4832	3449	3924	8023	7641	14675	11444	54936	27280	24836	26100	21555	21916	16901	33613	54770	49517	105609	57858	1973	1160	2193	2481	154529	109590	113900	152656
ENSG00000134190	5650	93	168	105	78	105	146	39	68	128	111	150	82	166	141	93	139	125	136	138	56	47	95	172	112	131	157	51
ENSG00000178028	350	11	3	2	2	2	4	7	4	9	3	6	5	2	1	8	4	4	1	6	3	2	3	3	7	4	2	7
ENSG00000105909	6100	105	101	171	151	114	143	135	145	154	151	168	110	225	112	162	106	72	191	120	86	92	151	109	70	252	76	82
ENSG00000210231	86850	2559	1580	1734	1490	1849	2209	1075	1034	1148	597	1847	1099	556	1487	2429	1800	1637	833	2425	466	1196	1083	1103	1553	1337	787	1638
ENSG00000181421	1250	28	29	30	20	10	38	25	38	14	43	23	20	13	20	12	41	28	18	35	25	31	30	27	36	20	29	25
ENSG00000126132	6400	68	137	75	224	411	355	317	755	1083	1061	1212	652	518	974	789	2810	2608	3289	2710	122	44	86	86	7812	7829	4245	3605
ENSG00000149615	850	19	24	11	14	18	12	20	7	22	12	8	11	22	26	11	17	27	20	21	26	29	27	35	20	19	13	17
ENSG00000237977	14450	213	356	126	284	138	138	117	154	150	329	226	278	165	229	142	199	152	191	266	224	146	183	234	210	237	272	110
ENSG00000198941	200	3	2	1	3	7	6	7	3	8	2	2	7	3	8	5	7	0	2	5	5	3	3	3	1	6	2	5
ENSG00000193544	37650	663	457	712	705	883	600	592	493	401	385	610	891	726	740	412	588	670	427	833	743	529	578	453	538	1425	283	497
ENSG00000200174	27050	636	633	715	379	334	558	390	587	471	455	353	383	417	634	641	565	228	885	529	640	506	590	264	189	609	809	845
ENSG00000160495	121350	5477	6707	1511	4135	2401	3271	3294	3747	7123	2837	3621	4451	2881	2175	4179	5862	3314	5559	2942	6589	2698	5705	5676	5426	2125	3348	2568
ENSG00000108711	14050	335	495	375	204	247	290	270	303	379	230	327	295	296	363	210	194	414	312	282	126	256	475	330	347	548	218	186
ENSG00000177084	1100	47	47	56	68	64	53	41	66	38	65	69	63	26	59	60	84	61	69	108	66	32	59	33	80	61	64	78
ENSG00000209561	8800	95	138	164	67	110	115	108	78	102	166	137	219	103	60	144	32	153	120	41	123	117	124	108	122	182	80	60
ENSG00000128172	22750	271	393	367	426	223	285	155	195	407	585	310	572	408	494	390	252	236	466	296	461	297	457	454	380	328	232	700
ENSG00000180768	8050	136	154	162	181	197	126	268	113	188	163	111	208	184	125	205	134	292	158	92	146	59	179	233	175	56	125	133
ENSG00000246385	367000	4901	6331	5199	10117	6875	12749	3075	7034	12215	14668	9491	14107	10081	12066	9344	6730	11066	15898	7952	10442	9786	6380	8368	7190	6614	7643	18933
ENSG00000135116	281250	11981	4392	6770	5095	3874	5741	8468	4738	6388	5735	4677	6618	8038	6870	5993	6118	7316	4252	7028	8134	6839	7952	5450	4574	3171	9299	6371
ENSG00000225754	7450	189	112	96	135	217	178	193	1253	1230	812	964	464	561	806	506	1712	616	1615	1709	69	53	82	52	4457	3032	6022	2817
ENSG00000248971	4750	173	150	162	156	282	193	163	101	206	348	132	237	158	196	179	76	97	84	111	184	267	266	127	140	231	128	106
ENSG00000237837	450	11	12	6	11	11	5	15	2	13	4	3	5	6	6	6	19	18	7	8	5	2	13	12	5	11	5	11
ENSG00000178814	6750	380	302	242	278	198	210	156	329	221	265	226	215	230	145	241	230	152	224	274	180	236	124	277	141	107	164	208
ENSG00000128029	72400	1164	1407	1427	1541	1295	789	1391	1283	835	943	1044	1217	810	928	543	1000	1034	780	1524	554	1126	911	917	707	1150	932	822
ENSG00000156575	5300	136	92	158	211	237	131	216	1047	560	666	607	453	410	268	157	1862	1305	1322	1201	24	32	49	59	3417	3480	4172	4146
ENSG00000161303	150	6	4	5	9	5	6	11	54	26	33	36	16	12	18	10	78	66	57	68	2	1	1	1	82	81	87	142
ENSG00000179669	44800	854	1330	659	1125	1264	1144	563	741	893	705	970	827	1021	895	620	640	622	707	1235	627	657	576	1155	1519	707	956	813
ENSG00000215996	2350	68	40	32	60	74	80	58	194	249	295	392	256	96	109	89	546	729	372	349	14	5	7	5	1017	1358	1597	868
ENSG00000244562	60050	1883	1838	2201	1575	1505	1665	635	2057	760	723	1963	2103	1733	2171	999	1466	2143	1068	1581	1328	1736	1336	1358	1720	1799	799	1749
ENSG00000207350	100	3	0	0	4	3	2	1	1	3	5	2	1	3	2	3	0	3	3	1	2	2	9	4	2	1	8	5
ENSG00000177644	28800	374	488	395	396	386	453	405	500	772	278	520	389	427	558	444	227	450	418	206	359	423	291	435	272	460	612	459
ENSG00000202340	152050	3305	3432	3307	2562	4749	2862	7862	3586	2574	4599	3623	3190	4394	3789	3496	3431	4423	2730	5010	4841	4063	3471	2695	3903	4342	3924	3354
ENSG00000129254	9250	304	363	345	194	286	240	268	327	214	289	221	213	423	251	348	245	419	432	233	324	248	238	168	223	362	277	148
ENSG00000103480	2650	91	87	100	59	43	103	83	56	31	83	122	57	58	55	97	119	69	71	52	80	148	67	126	62	116	56	113
ENSG00000244323	8900	158	132	198	149	193	157	226	122	257	161	256	173	209	155	137	130	206	195	305	206	223	203	118	284	143	163	136
ENSG00000118134	150	2	2	3	3	3	4	4	1	2	4	10	11	12	8	5	6	10	1	11	2	4	2	6	5	6	6	3
ENSG00000213396	950	35	52	29	18	22	41	27	19	22	26	24	21	24	26	30	34	30	42	34	33	21	23	16	16	32	26	29
ENSG00000188609	55700	1136	808	984	1422	1351	1106	684	1660	637	480	873	1348	1458	593	1012	698	1051	847	959	1010	586	443	786	668	1121	908	720
ENSG00000230393	28750	1995	1113	913	1414	1632	1389	1059	1583	1291	928	1161	1767	1722	433	1466	1489	1046	1027	1206	1506	1276	1559	1862	1034	1167	882	844
ENSG00000153495	1300	16	21	4	29	36	26	19	15	14	20	12	12	14	27	29	24	14	15	7	3	29	12	16	18	32	20	22
ENSG00000240593	1350	29	31	31	22	25	21	18	18	29	23	39	14	18	16	29	24	19	25	11	30	27	48	16	20	17	11	42
ENSG00000204551	61450	677	487	1021	791	596	1397	1164	968	779	659	1224	1169	1219	555	927	725	850	519	901	611	865	1109	652	1231	1253	1095	954
ENSG00000185394	50	5	6	10	1	7	7	7	6	2	6	9	10	12	6	12	9	8	3	6	3	3	8	14	8	8	9	7
ENSG00000152969	86200	1172	853	2797	2125	1291	1314	1058	1892	1629	1373	2094	1296	926	1559	1550	1520	2568	3367	1299	1334	1957	1659	2419	1630	1334	2192	1218
ENSG00000209150	19600	475	462	502	458	1487	967	680	2771	4440	1319	3127	1327	1777	1237	910	9805	7580	9878	9818	155	156	162	158	12567	13977	10384	11983
ENSG00000114052	22150	502	399	391	465	436	377	477	303	277	258	396	360	263	193	749	309	290	187	440	369	369	267	483	475	315	653	380
ENSG00000148270	13750	329	259	401	533	809	738	515	3878	3140	1378	2011	1285	1661	1019	582	4284	3438	4222	3450	153	181	126	153	10432	19152	11759	13857
ENSG00000109389	34500	378	475	394	192	239	438	266	326	231	351	371	533	230	304	329	389	507	575	247	449	455	578	301	518	263	397	294
ENSG00000125994	350	16	13	14	21	48	36	40	121	230	185	119	81	61	121	76	168	381	223	217	6	10	9	10	575	469	574	438
ENSG00000231537	1650	12	40	27	20	48	30	31	21	60	36	58	39	56	28	41	55	31	48	28	39	45	36	32	43	43	57	41
ENSG00000206884	169750	2776	3176	2188	2719	3864	3856	2910	3773	1828	1506	3513	2803	2102	4126	1995	2643	1798	2579	2900	2861	3497	2757	1614	1579	4370	2970	2166
ENSG00000148174	32850	601	344	510	436	198	465	256	321	534	340	453	496	438	627	545	631	371	387	595	513	519	470	655	540	428	332	504
ENSG00000148047	500	12	7	11	7	7	5	4	12	12	7	6	7	12	9	6	9	4	7	8	8	9	4	7	3	10	4	10
ENSG00000162389	41950	567	711	974	1643	832	519	1121	1278	794	887	823	1456	746	1684	1548	856	1175	764	607	1075	1958	725	1164	778	1859	922	1220
ENSG00000193571	10050	269	238	335	183	97	206	348	169	161	238	161	302	255	292	340	181	229	383	205	239	99	306	133	246	135	172	347
ENSG00000163250	282350	7022	3249	3520	4498	2040	5471	4038	5227	6334	4395	6539	6211	3699	4002	4263	4965	4094	2211	3995	5618	4340	3786	3716	4744	3372	5839	4804
ENSG00000234778	8500	185	189	101	140	135	134	153	172	136	150	162	222	72	90	157	198	134	160	182	181	121	156	83	393	169	63	146
ENSG00000167131	8350	175	214	216	105	168	372	230	162	159	169	228	328	119	194	139	221	113	97	232	186	181	224	249	168	139	139	231
ENSG00000216996	150	1	7	4	4	4	6	2	2	5	1	4	2	6	2	7	9	3	7	7	4	6	5	4	8	12	7	6
ENSG00000201040	71200	940	1550	1782	2883	843	1661	1012	1077	932	1801	1692	2255	1527	1664	1227	848	2311	1708	1750	1056	868	2051	1268	1933	833	1520	1554
ENSG00000105453	2850	66	83	54	47	52	49	42	41	65	56	20	70	97	41	21	78	69	59	61	66	75	66	48	42	40	68	42
ENSG00000191738	1150	16	41	21	17	49	26	19	56	37	30	19	47	41	28	20	35	44	47	21	28	19	28	25	25	17	28	37
ENSG00000243792	3550	147	77	175	135	192	129	163	197	63	130	81	105	89	148	124	107	159	61	172	96	170	90	59	133	81	86	109
ENSG00000158850	150	5	13	20	7	22	17	7	13	4	17	9	9	10	18	17	8	2	13	11	11	5	13	15	9	5	11	19
ENSG00000232722	8850	214	122	169	151	41	118	68	140	113	88	89	98	114	149	79	80	124	208	143	194	150	95	177	180	194	78	128
ENSG00000195154	14050	158	523	251	306	238	206	246	290	612	417	525	277	417	367	457	449	234	382	269	247	302	291	302	175	312	90	170
ENSG00000146368	2650	145	168	125	160	112	106	76	108	101	126	164	68	98	104	178	143	140	180	88	79	97	114	75	129	135	112	138
ENSG00000173239	16650	421	657	586	273	435	790	601	254	366	246	348	765	467	842	570	553	384	432	332	502	743	557	638	350	401	314	317
ENSG00000181286	82600	1621	2165	1269	1140	1469	1010	1540	1929	1139	1543	1063	1411	924	2614	1617	834	1857	982	1570	1007	1997	2175	2508	1242	1474	1298	2270
ENSG00000129945	14400	377	220	320	336	239	311	283	340	296	309	107	170	270	138	249	296	299	184	288	350	333	400	415	324	328	501	160
ENSG00000164965	250	17	15	10	13	30	18	16	20	15	5	16	15	27	16	18	19	24	20	33	19	16	40	11	16	15	19	16
ENSG00000193656	39850	647	686	484	1056	460	710	594	494	353	547	558	574	535	318	721	485	835	771	486	628	645	638	403	632	540	1129	696
ENSG00000126224	86400	1727	2019	1712	1352	1837	3585	2114	1184	3138	1304	1375	1541	1935	1174	2172	1946	2438	1760	2182	1658	2676	1712	2677	2345	2160	1331	3541
ENSG00000240545	48500	1129	699	1245	866	1513	1438	852	1568	1100	968	1405	1062	1140	2033	912	1648	1370	820	915	1056	1717	1807	1094	1015	912	631	918
ENSG00000213806	1950	62	62	33	62	58	67	49	89	115	98	64	82	57	76	81	98	79	70	52	98	81	69	138	66	115	101	83
ENSG00000157491	26850	268	367	375	471	241	368	260	243	452	257	247	514	204	722	331	242	282	264	303	319	313	357	438	490	346	336	459
ENSG00000159266	162500	3020	5435	3738	2754	3350	3696	2623	4566	5124	3522	8214	5428	4759	2576	7782	5592	6166	5902	5421	5086	5862	2510	4816	2906	4302	6835	5358
ENSG00000226638	4550	98	242	160	85	115	123	107	105	72	163	143	95	110	115	70	155	102	166	79	124	113	99	87	88	165	82	121
ENSG00000242451	7700	171	118	158	324	230	424	361	1354	1559	1260	1293	527	384	611	642	2505	1503	1769	1981	67	61	106	75	4682	3700	6630	5158
ENSG00000159842	1150	11	24	24	44	54	47	46	244	130	172	239	121	109	89	103	459	542	530	545	10	8	21	19	817	707	708	693
ENSG00000209797	3850	119	94	118	102	90	82	110	134	64	145	159	66	71	95	75	104	143	97	54	107	88	116	104	90	80	122	100
ENSG00000224198	75400	2448	1633	1234	2520	2133	2419	2450	2224	1828	1612	1641	2806	1705	1271	2218	2215	710	2139	1292	2209	2419	2150	1319	912	1790	997	2009
ENSG00000152901	1450	34	25	24	65	37	20	38	22	80	31	47	34	19	25	40	33	77	20	39	48	24	42	37	33	23	45	21
ENSG00000227909	400	1	3	0	1	1	0	2	1	0	3	3	4	1	0	0	1	1	2	3	4	3	1	5	3	1	4	1
ENSG00000153717	1800	26	5	22	15	25	27	26	37	26	13	14	26	18	10	9	17	8	13	13	25	13	17	19	25	12	24	21
ENSG00000240830	18950	300	577	370	356	262	234	420	175	312	142	143	213	267	401	238	441	283	233	328	240	323	259	394	420	331	303	373
ENSG00000189303	500	16	9	9	7	14	8	4	11	13	12	1	20	6	12	11	4	3	5	9	5	5	8	13	8	12	9	14
ENSG00000111184	2400	90	45	70	37	69	53	51	30	43	50	60	49	72	31	61	47	35	64	54	78	24	50	43	73	34	40	25
ENSG00000154704	121800	2086	2376	1544	2047	3582	1406	2041	1367	2153	1971	2558	2562	1776	2283	1851	1600	2721	3178	2681	3526	1724	2611	2941	1778	3014	1544	1341
ENSG00000135731	3850	120	167	175	201	93	144	162	155	179	134	126	171	157	180	183	202	138	89	236	94	164	121	63	166	113	97	178
ENSG00000163016	336200	7691	8779	4564	6874	10756	6457	4649	5945	7027	5539	5801	8218	5850	6156	9289	6955	6458	6003	4025	5904	10297	4632	5475	5507	9912	3322	8274
ENSG00000146927	19800	573	892	749	1981	967	1062	899	7621	7100	6608	4898	1940	2938	1362	2808	4219	23343	7956	8964	208	341	319	443	19767	25826	7412	26587
ENSG00000181962	34800	661	668	663	429	360	388	650	564	916	979	412	778	822	636	798	810	352	480	931	952	724	811	430	586	511	872	847
ENSG00000171623	600	10	16	7	7	11	15	5	11	24	14	13	10	14	13	14	11	10	11	14	13	10	19	7	8	14	10	21
ENSG00000160719	15350	450	180	234	954	583	1101	250	4009	3357	3741	3747	1407	2383	1625	865	5838	4851	3882	4797	196	123	109	162	12288	7979	9329	18389
ENSG00000181605	300	12	7	12	4	14	7	15	18	12	8	19	11	12	15	14	17	13	18	18	5	11	7	10	10	12	17	7
ENSG00000122499	200	7	6	4	3	9	9	4	3	1	6	3	1	8	4	2	10	15	3	5	6	9	5	2	5	1	3	11
ENSG00000119177	213950	3300	5091	5610	4409	5827	6757	4467	4496	4086	4223	3449	4922	3916	6610	4211	6675	3773	7211	5526	6229	6820	4061	4968	3530	5092	5223	3050
ENSG00000202601	2350	23	43	25	36	16	15	42	43	54	21	33	19	36	26	46	33	19	23	27	38	20	21	46	18	27	54	26
ENSG00000213458	500	8	13	6	11	5	13	12	8	13	11	15	10	9	8	7	10	7	14	12	22	12	18	19	12	8	13	13
ENSG00000197402	23800	409	342	441	468	328	529	417	554	715	275	474	439	323	791	340	236	454	467	603	711	554	387	599	269	286	458	630
ENSG00000115672	800	24	6	27	14	15	15	12	6	13	12	12	12	7	15	19	12	15	12	7	14	6	10	10	12	24	7	15
ENSG00000177738	10050	244	250	209	489	373	443	757	2572	3156	2995	2229	1983	932	979	1505	5814	5233	3939	3535	142	104	114	132	8312	8628	10210	6519
ENSG00000227700	1550	22	18	20	10	16	43	19	26	18	23	23	19	29	40	35	28	15	19	7	19	19	37	7	32	24	24	37
ENSG00000209019	35800	798	1281	730	856	889	1475	880	889	525	1273	546	1073	572	847	910	797	1057	825	784	1137	1350	546	713	799	882	769	1068
ENSG00000217846	700	12	15	13	14	10	11	14	8	15	15	10	13	11	9	10	12	22	21	16	5	14	9	6	13	10	12	9
ENSG00000154345	22100	428	239	349	567	753	767	770	1858	2988	2857	2946	861	2139	1922	1290	7055	4457	10003	4672	101	364	160	297	7075	20488	14494	33620
ENSG00000190020	900	24	14	6	24	29	36	18	13	32	47	27	20	28	25	30	27	23	19	29	29	10	19	30	29	19	35	13
ENSG00000220840	22300	513	549	436	574	621	495	820	672	1023	606	839	396	632	390	879	654	618	681	452	352	313	871	561	418	423	726	584
ENSG00000143486	450	4	8	7	3	6	13	7	5	2	6	6	17	2	18	10	6	5	11	3	10	9	1	4	4	6	9	9
ENSG00000236642	0	3	1	4	3	0	2	0	1	3	3	3	4	4	3	3	2	2	5	3	0	3	2	1	1	1	1	3
ENSG00000248433	31250	404	863	749	532	758	510	527	493	678	677	878	557	706	594	792	390	904	760	353	792	918	1095	552	207	592	731	1101
ENSG00000150035	300	5	3	8	3	11	3	5	7	3	2	3	3	0	6	7	7	6	4	12	7	6	1	2	10	1	5	5
ENSG00000240914	40950	1136	578	467	996	505	851	745	787	614	395	577	683	574	394	625	549	491	765	1096	956	703	1079	648	621	1107	723	721
ENSG00000237426	3450	59	50	45	28	53	73	84	55	79	41	45	86	39	49	77	59	37	58	41	86	36	74	80	55	63	34	20
ENSG00000185488	1800	53	83	48	20	16	30	26	46	36	48	48	52	17	37	45	15	56	30	70	54	22	58	65	44	51	57	34
ENSG00000174307	380450	8152	15072	5260	17500	10354	5986	18788	59652	73180	46517	76033	14620	37698	25346	42508	168208	157275	209033	92028	2416	4214	3083	2569	155804	173592	338690	360600
ENSG00000128537	2550	38	56	58	42	17	73	51	36	40	34	38	38	64	43	73	30	37	37	76	70	26	44	47	60	76	40	58
ENSG00000131067	3400	118	140	108	102	149	80	104	143	150	95	178	136	117	299	116	128	98	198	135	215	201	186	89	169	162	88	195
ENSG00000107984	8500	41	138	69	94	216	108	154	123	209	159	77	103	121	221	105	160	186	96	112	226	84	210	101	165	247	135	171
ENSG00000205157	9400	361	432	192	396	164	401	252	200	244	380	268	173	264	201	258	388	322	192	346	221	334	225	254	118	82	251	269
ENSG00000196685	4050	40	75	122	142	99	86	33	93	100	70	145	100	40	58	75	32	107	116	75	60	67	113	54	98	59	83	122
ENSG00000190575	68050	1742	2774	3005	2250	2040	1168	1413	1504	1995	2753	2913	1801	1938	1078	2041	1863	1839	2784	2146	2972	1857	2559	3500	1716	2140	1921	1369
ENSG00000194674	19200	284	352	389	213	212	281	258	409	314	276	248	512	453	215	348	243	315	310	257	257	322	202	517	122	398	495	214
ENSG00000201133	8750	354	280	335	248	190	318	195	331	356	276	155	168	118	171	294	427	229	181	172	294	282	81	181	319	302	195	282
ENSG00000238746	550	27	49	37	38	50	43	58	33	78	41	44	35	103	42	43	33	64	39	57	58	49	42	52	72	50	31	43
ENSG00000171887	291050	6878	8277	8275	8999	4505	6355	8295	9707	10743	3567	5941	9902	8051	7190	7556	8409	6882	3772	7588	8369	5158	9939	9048	7641	7460	10194	4950
ENSG00000200417	5700	85	44	96	151	177	175	129	900	564	699	872	330	434	302	545	1188	1017	1683	1296	52	16	40	23	1201	2219	3856	2103
ENSG00000202913	8650	285	235	253	108	263	285	188	209	151	245	172	235	152	214	291	305	152	364	177	419	223	214	333	237	177	220	174
ENSG00000235286	9500	167	115	120	121	121	281	156	233	112	206	139	149	168	202	167	218	115	166	160	101	84	194	124	121	110	216	158
ENSG00000227872	4950	56	80	50	85	97	42	53	84	63	51	55	61	49	72	106	103	58	97	67	43	75	52	73	85	99	58	26
ENSG00000125255	26400	455	376	328	371	233	297	267	322	598	527	331	392	307	501	598	388	513	686	626	864	492	471	251	615	402	477	235
ENSG00000247911	10600	172	183	177	140	352	149	156	109	117	246	267	139	271	176	153	202	105	165	151	122	82	178	211	174	108	300	209
ENSG00000174286	28250	1224	577	499	206	797	741	1242	1434	925	989	864	964	702	654	900	616	946	913	604	1076	542	867	470	954	774	1039	481
ENSG00000147994	28900	173	257	329	556	339	287	491	223	342	334	330	196	237	291	401	351	297	317	315	383	442	207	469	163	246	349	224
ENSG00000152306	2200	22	58	33	46	44	75	36	62	46	37	37	31	62	38	72	64	26	54	33	41	31	39	54	56	38	26	40
ENSG00000180777	7350	100	117	173	66	122	192	94	154	62	191	186	106	184	219	86	92	172	143	167	110	74	131	268	71	68	156	149
ENSG00000222406	3500	45	45	42	35	28	75	54	43	52	64	76	62	56	54	14	47	43	43	23	80	34	35	37	65	48	80	42
ENSG00000105189	49550	1305	808	1675	1480	1007	1988	1303	2054	1284	932	1338	1910	1890	2197	1671	1825	767	788	1126	1039	938	2251	1609	1188	1394	1158	947
ENSG00000123390	5400	113	74	132	97	136	127	99	120	119	169	76	106	96	97	69	49	84	118	72	80	66	68	83	139	87	64	123
ENSG00000244567	11200	236	365	383	261	358	466	439	362	204	276	232	240	277	217	207	296	375	309	217	306	270	293	317	161	279	248	184
ENSG00000156522	1750	20	23	15	20	19	28	18	5	30	19	11	25	11	15	14	23	16	15	26	20	32	21	14	29	28	24	34
ENSG00000218913	70600	1235	1651	1661	1358	1774	1672	886	1223	1161	2248	1109	882	1604	1843	1064	843	1650	1300	1741	693	1242	2950	1171	1076	1914	885	1200
ENSG00000246362	7150	122	160	121	93	134	226	148	104	249	264	177	99	105	236	75	170	180	213	198	98	139	218	252	124	205	214	152
ENSG00000186313	116650	2065	1760	2467	2738	2426	2955	2879	880	2739	1801	1723	2738	977	2424	4521	2282	1981	2252	4598	1670	1747	2545	1421	1572	2571	1633	2118
ENSG00000235060	200	10	13	10	5	9	12	4	9	11	5	14	7	3	3	11	14	11	5	11	4	5	10	3	21	8	11	11
ENSG00000166164	1400	45	18	19	28	13	22	15	42	15	14	27	28	40	45	25	35	36	39	14	32	30	52	24	46	55	32	28
ENSG00000120650	4550	42	33	31	54	57	105	63	37	46	32	52	48	70	56	62	76	37	62	63	49	24	68	36	84	62	60	77
ENSG00000139958	150	8	7	6	4	11	7	4	12	31	8	12	9	13	5	12	12	11	9	5	5	6	6	19	2	9	8	8
ENSG00000128587	18050	332	358	216	334	189	261	258	433	376	280	243	266	326	278	278	162	266	236	309	308	195	253	449	377	254	279	329
ENSG00000170389	2050	31	36	46	38	54	40	34	36	37	61	26	43	47	31	54	28	23	25	21	22	35	27	41	49	12	32	53
ENSG00000201153	13350	797	532	468	928	951	1248	896	5302	4270	3677	5224	3485	856	2390	1749	6091	18354	10277	9102	193	356	325	335	15623	22007	13548	23683
ENSG00000242839	3200	58	61	46	56	57	36	46	33	38	30	37	82	44	51	45	27	105	66	50	36	68	58	74	69	26	44	86
ENSG00000239558	1400	25	40	52	36	30	39	33	29	26	41	54	26	17	41	32	21	36	18	76	29	29	41	30	44	22	27	25
ENSG00000204016	2750	91	58	62	73	66	50	57	40	69	66	59	19	40	66	72	82	76	74	60	36	46	47	69	67	64	76	59
ENSG00000152719	150	3	2	3	7	4	2	5	5	2	6	4	3	0	4	2	7	8	7	2	3	3	5	2	2	3	0	5
ENSG00000161587	3250	96	117	79	52	88	45	38	50	51	40	27	74	57	74	45	60	70	55	69	94	80	116	97	63	93	92	75
ENSG00000238112	40000	522	448	860	1208	2794	1453	1947	9938	5581	5990	12914	3600	2755	3958	6393	18212	13628	13125	12414	388	287	308	630	38045	35681	33141	40205
ENSG00000204957	150	12	8	3	2	8	4	8	3	6	6	12	3	8	11	7	14	9	12	8	6	5	8	7	4	4	8	6
ENSG00000156510	50	3	2	1	2	2	3	0	2	2	4	4	3	2	2	0	5	0	2	4	1	2	0	2	2	0	1	1
ENSG00000116100	700	12	13	14	17	23	12	10	5	7	13	15	16	6	16	18	25	19	11	16	9	23	4	13	11	9	12	17
ENSG00000110714	5650	130	110	170	333	192	188	210	236	201	158	98	161	143	120	146	116	186	149	221	243	268	289	202	225	97	268	122
ENSG00000218075	6350	137	77	111	371	259	207	373	1434	1264	954	1092	375	492	303	697	1536	1782	1244	1704	63	26	86	22	3157	3489	3221	4254
ENSG00000105925	47900	415	881	307	682	934	831	1947	3199	7476	3007	4753	1955	1728	1913	1319	8308	6015	11965	9183	265	228	372	399	27261	16401	19319	23729
ENSG00000212982	750	15	20	19	33	30	44	30	193	133	127	175	124	99	88	48	499	448	363	276	10	8	11	9	679	480	1010	541
ENSG00000122919	150	0	2	4	4	5	6	8	1	3	0	7	5	5	1	2	3	4	3	2	3	3	2	3	0	4	2	1
ENSG00000220568	5850	26	41	53	62	76	130	78	85	120	93	107	79	33	97	81	82	64	70	74	47	125	102	81	79	197	101	117
ENSG00000121329	26400	532	236	377	519	355	248	523	284	569	441	265	469	403	355	306	185	315	374	672	319	390	624	377	527	594	502	871
ENSG00000243382	11550	337	355	293	350	284	488	315	214	313	383	311	320	253	208	201	302	407	371	343	367	350	530	294	178	116	290	179
ENSG00000190351	2000	27	23	36	9	25	30	22	23	20	19	20	21	19	16	26	25	29	37	32	21	18	11	29	49	14	24	34
ENSG00000237183	23150	864	475	366	465	619	438	892	756	247	731	734	643	455	816	549	1117	654	280	640	763	687	406	665	636	505	560	459
ENSG00000111108	700	13	7	8	14	17	32	15	7	18	4	28	10	27	8	7	9	22	15	26	17	9	16	9	35	15	16	13
ENSG00000158030	3400	139	122	76	77	211	89	203	122	151	106	94	140	108	123	83	81	145	125	126	110	103	194	184	142	128	159	67
ENSG00000137911	42350	949	1027	2149	786	1808	695	1263	527	909	1489	1070	921	1377	1256	2209	470	1232	1251	1518	1241	1245	1935	1368	761	940	826	1187
ENSG00000247984	1500	39	61	38	25	5	26	37	31	21	47	22	28	43	29	49	33	35	39	23	20	25	36	53	27	58	22	34
ENSG00000243125	2250	35	33	22	29	21	23	16	49	24	25	23	30	35	23	30	17	38	27	42	20	48	58	8	32	12	44	38
ENSG00000219019	1459050	47198	42901	64733	39577	39982	44869	44689	41568	62563	45871	57852	32950	28550	41016	28639	48519	36520	40866	28256	35536	70979	40012	22693	59946	29306	35584	75080
ENSG00000104450	300	7	6	4	8	4	6	2	5	5	6	9	3	5	14	4	15	2	5	10	10	10	8	15	4	6	4	6
ENSG00000193032	264000	4450	5143	3755	2799	5724	3070	4437	4959	2702	6443	2486	4828	7294	5092	6131	8039	5177	4154	3128	4811	5419	4806	4120	2746	4263	2735	3386
ENSG00000144753	750	28	11	39	17	27	16	32	24	21	33	19	9	12	11	14	11	15	20	8	41	34	25	24	11	8	27	38
ENSG00000227225	500	27	10	11	34	53	16	41	131	65	116	135	40	19	34	66	125	324	153	157	6	6	1	7	358	455	366	216
ENSG00000121432	2700	100	57	95	176	179	238	244	411	901	1037	832	357	594	363	494	2803	2424	1787	1439	50	40	66	40	1687	4035	3323	3126
ENSG00000198008	7100	282	312	596	212	147	289	149	288	282	279	401	388	246	91	194	221	208	213	508	159	145	428	408	319	281	284	296
ENSG00000221789	29950	433	324	473	371	724	197	586	785	702	285	635	763	259	402	383	354	553	598	753	343	477	388	413	541	472	617	529
ENSG00000223666	350	7	17	10	10	9	10	21	12	20	1	15	20	16	26	16	5	17	14	10	17	22	1	16	22	16	16	16
ENSG00000149369	400	14	15	6	8	11	18	7	9	4	11	7	11	14	4	6	3	6	2	15	9	9	6	13	2	6	6	5
ENSG00000144309	7000	206	135	237	212	239	186	127	241	156	158	187	181	206	261	152	194	143	129	208	103	86	227	162	159	218	149	115
ENSG00000211995	1000	37	18	15	10	11	12	10	19	21	8	21	15	13	12	16	22	13	11	7	20	22	5	11	16	27	7	16
ENSG00000236464	233350	6391	5729	4130	2174	5420	3262	4514	8102	3313	4832	5155	5163	6263	7727	5857	4489	2822	6622	5036	3862	5311	6500	7625	4206	4779	3059	3349
ENSG00000223026	9650	221	263	679	439	563	459	739	3276	2790	2185	2623	1034	1268	873	1373	9430	3417	2780	5947	98	201	202	232	20440	9177	17690	15737
ENSG00000206608	35700	1107	781	1419	1931	1109	434	1089	830	768	1059	521	1204	436	430	479	678	1134	884	813	1372	766	882	733	951	1310	1109	1228
ENSG00000247253	1200	44	39	21	18	30	22	20	28	21	34	25	29	34	43	36	31	52	41	27	21	26	28	24	35	16	46	27
ENSG00000119290	10550	345	195	146	538	661	346	632	1696	1369	1674	2186	1256	1433	793	853	3962	3529	4644	6672	74	102	151	72	6707	7848	10448	16537
ENSG00000206054	108750	1470	2061	1310	2071	2354	2385	3099	1779	928	2555	2197	1897	1948	1415	1939	2414	2712	1472	1629	1171	1780	1862	1708	1479	1094	2009	1457
ENSG00000118384	1378850	29012	39057	19773	32736	25674	27430	29918	29057	17796	18337	37106	29761	28937	28931	27817	21826	30334	35348	20144	41197	20521	33382	22516	23016	18678	20515	32540
ENSG00000126859	187150	2070	2441	2572	2687	2859	1945	2440	2669	4299	2646	2751	3054	3112	1917	4375	2668	3497	1601	2015	2347	5517	2306	3188	2230	2339	3187	3351
ENSG00000134182	13250	398	518	457	556	505	712	709	648	442	665	302	572	740	565	425	390	381	730	665	649	348	427	400	542	392	547	510
ENSG00000137302	8000	113	331	286	328	324	462	234	321	295	260	217	351	239	226	400	233	388	231	378	434	117	198	196	361	228	181	214
ENSG00000109254	2650	30	36	59	30	22	48	41	35	35	66	28	33	66	52	33	46	33	33	46	27	25	56	27	27	32	15	51
ENSG00000184516	550	10	7	18	27	19	4	15	5	8	16	4	14	23	11	5	14	10	11	15	19	18	9	12	25	11	18	17
ENSG00000123544	136000	4022	2936	4043	2772	2919	2145	3897	3700	4489	2412	4518	4574	3100	2127	2978	1739	2154	3462	3531	1927	3477	4251	3623	1899	1703	3025	2209
ENSG00000219863	90250	566	2459	1717	971	755	1222	1932	2108	1291	1473	1646	950	1018	854	1270	2186	535	1225	1467	660	1346	1571	1839	1334	623	939	1915
ENSG00000135343	10900	114	207	149	225	221	251	96	120	208	204	155	54	138	224	116	123	170	131	108	244	162	174	183	177	118	243	163
ENSG00000118920	351650	7485	8366	6129	8672	5114	4924	5386	4491	4103	5719	8039	4489	12608	6089	7165	9119	7459	7489	5585	10801	5189	4801	5740	6923	4900	6544	7028
ENSG00000123456	5150	55	62	77	75	72	53	75	79	77	68	124	91	64	61	116	47	111	55	94	97	134	53	93	109	84	163	78
ENSG00000216122	1600	66	19	33	60	42	33	33	44	30	37	35	28	47	34	76	44	44	51	39	33	21	27	73	29	27	37	82
ENSG00000151195	4350	86	77	49	96	67	82	141	122	76	139	82	71	95	94	145	66	121	44	90	109	159	49	131	62	83	90	58
ENSG00000103949	76300	1504	1741	2159	1730	1576	1546	1820	891	1792	2022	1470	1461	1802	2464	1029	1849	1127	1895	1777	1387	1563	1290	2185	931	1930	1480	1131
ENSG00000175785	10000	152	120	200	168	147	246	198	102	136	94	89	180	105	304	264	156	83	205	135	233	127	237	307	201	219	294	132
ENSG00000181542	3050	28	56	52	50	75	54	39	38	37	46	41	85	35	56	11	53	57	61	62	58	47	30	51	66	56	43	44
ENSG00000243984	149250	1823	1470	2551	1847	3803	2086	1618	1735	1700	1878	2136	3113	3094	1716	1126	3150	3196	1762	1780	2304	1214	3633	1752	1198	1817	1364	1722
ENSG00000203652	42750	447	394	599	503	544	500	276	375	500	491	621	289	286	1089	455	655	669	786	542	712	715	473	277	564	414	672	482
ENSG00000198250	22850	164	322	173	212	188	227	453	172	153	286	310	340	222	209	190	216	378	168	268	590	214	115	271	129	111	239	311
ENSG00000191858	450	6	1	7	5	7	15	8	7	10	13	8	5	14	7	2	9	4	6	9	2	8	7	10	10	3	12	5
ENSG00000162774	7600	187	168	113	184	194	191	88	151	157	185	108	175	184	108	219	193	75	206	146	168	148	147	85	126	68	107	165
ENSG00000159029	1000	35	29	31	13	34	35	27	21	25	14	32	28	21	24	33	28	10	8	13	11	18	39	29	31	19	35	37
ENSG00000244247	2550	38	60	37	53	72	46	54	66	50	67	52	59	49	49	28	64	36	51	46	55	58	17	49	50	35	42	51
ENSG00000193681	22550	337	410	136	359	490	291	365	397	306	196	300	368	409	382	216	120	430	290	391	428	377	252	249	379	357	184	580
ENSG00000205511	850	10	5	15	12	10	14	9	17	16	27	14	9	11	11	15	13	16	5	13	13	27	22	10	15	18	17	14
ENSG00000226480	42250	1171	1049	529	1103	1533	1184	1364	1514	1249	1689	983	1310	917	1287	756	715	1178	912	1140	1254	862	1148	1353	821	1194	955	1118
ENSG00000159729	18000	531	248	258	334	175	551	366	186	312	313	283	236	309	389	224	314	269	384	316	275	225	266	348	275	356	258	267
ENSG00000233196	100	0	0	1	2	3	7	7	13	19	8	14	4	13	6	10	31	20	23	31	0	1	0	0	46	28	57	100
ENSG00000229550	95850	1971	1933	2452	1027	2031	2368	2276	2117	3183	1454	2568	2541	1634	1733	2611	2447	1125	2691	2064	1497	2285	2429	1867	1277	1593	2524	1641
ENSG00000208284	3200	52	88	71	91	60	58	67	70	67	51	55	64	35	66	73	35	59	47	62	60	49	48	32	54	85	39	29
ENSG00000244578	22450	871	940	771	1321	791	757	1117	426	1105	444	675	1323	627	833	986	360	1389	928	1131	993	662	596	1154	1275	824	833	788
ENSG00000165035	1200	7	19	13	19	17	27	31	15	24	9	20	32	8	20	14	26	20	12	16	25	10	8	8	7	15	29	28
ENSG00000204445	410550	8702	9382	10369	12801	9448	9923	7972	7736	8490	9492	6159	8818	7596	10941	14572	9150	7756	5271	8875	5629	9181	7669	6002	7184	10242	6890	11932
ENSG00000209900	280600	4933	3291	6105	7372	6333	9493	3393	4196	6564	9565	3678	8869	5879	5253	4557	4969	5303	6956	6498	9255	8550	7413	6042	5851	9597	5556	8713
ENSG00000234958	4000	203	107	332	146	173	291	363	135	350	166	165	136	170	212	268	219	187	195	363	181	185	212	171	234	210	153	244
ENSG00000102047	550	13	22	7	5	13	13	6	11	9	12	7	10	12	11	12	17	8	16	7	13	10	13	16	11	15	22	20
ENSG00000197782	300	10	11	14	8	8	4	14	11	18	9	5	5	10	14	11	7	8	13	8	5	11	11	15	4	15	10	12
ENSG00000150165	100	1	9	3	2	6	3	0	4	4	5	2	1	7	4	3	8	5	4	3	3	4	4	3	5	0	6	1
ENSG00000225943	2500	18	34	43	35	32	35	36	29	11	38	10	30	22	22	32	19	55	19	20	40	31	20	38	21	37	19	25
ENSG00000183213	6050	100	32	67	60	85	92	105	41	80	75	152	78	38	45	72	46	116	46	73	75	63	87	153	116	117	119	98
ENSG00000134130	6100	49	78	40	85	63	95	58	109	65	59	49	96	57	134	111	50	84	91	84	24	55	42	61	39	79	104	92
ENSG00000170989	21350	305	306	289	457	482	380	715	392	580	375	144	172	331	374	455	627	373	639	366	368	495	375	845	897	499	530	615
ENSG00000169022	17250	422	403	372	746	484	563	340	3077	3830	2719	3674	1362	1206	2093	666	4974	6149	4541	6975	156	197	128	161	14278	12909	12270	18999
ENSG00000175237	861150	18526	21955	11100	41395	50092	51709	34958	175752	156973	136815	78874	69975	111638	58264	68207	418839	431673	253449	248122	10322	5776	7426	4775	1060357	893335	1080540	888209
ENSG00000171536	2000	30	33	25	19	19	22	20	19	22	23	39	31	37	35	26	34	35	28	18	12	42	25	19	18	16	8	23
ENSG00000151877	2050	27	14	15	13	6	19	16	18	20	30	17	15	27	15	10	24	14	25	23	17	30	19	21	21	15	19	12
ENSG00000231558	12250	158	428	229	344	451	348	406	434	364	300	250	114	136	395	332	276	204	297	257	298	223	280	338	288	332	334	314
ENSG00000232788	718000	23120	25714	37378	26954	31900	27829	30327	16793	26163	15834	16075	13362	33731	9136	25008	29529	17838	18718	21965	31730	11068	26889	25926	13858	18871	25179	19410
ENSG00000100175	5350	202	226	259	348	320	339	430	2035	1366	1096	1941	524	1275	926	569	2567	3435	3186	5649	98	50	119	132	12260	5678	5276	5490
ENSG00000213664	4100	100	89	69	98	88	68	83	52	114	66	74	67	41	85	96	44	59	48	79	70	69	84	97	89	76	84	65
ENSG00000201839	6900	255	245	344	238	427	185	399	276	294	344	261	384	186	211	202	211	352	226	361	437	315	207	168	204	321	347	291
ENSG00000205241	7550	141	126	158	88	130	158	106	136	150	105	151	183	141	217	101	327	171	128	126	144	227	194	160	113	148	168	136
ENSG00000203806	20850	545	672	473	471	603	198	694	421	263	324	225	697	325	381	881	343	465	394	492	308	538	172	405	440	317	429	391
ENSG00000117402	1050	9	32	12	25	39	22	32	70	111	109	65	35	75	60	57	262	347	208	325	8	4	6	7	511	336	494	185
ENSG00000200196	7250	77	86	111	220	261	278	168	1194	420	817	673	380	593	338	290	1333	1346	1070	2090	75	36	62	40	3014	3230	3226	3448
ENSG00000123909	2950	36	42	48	73	27	96	58	30	70	62	26	51	34	58	57	108	31	76	26	29	96	48	47	19	34	35	52
ENSG00000223715	5000	149	241	82	138	143	112	107	145	186	142	192	144	100	172	149	96	175	124	100	243	85	140	167	215	146	56	89
ENSG00000119110	48950	1577	846	1147	743	1378	1466	608	852	738	605	824	1106	1176	727	625	659	778	1277	582	1590	1060	1170	1321	1383	820	552	1033
ENSG00000186005	0	1	3	1	3	1	2	9	1	3	3	4	5	2	3	8	5	5	4	5	1	7	2	2	7	0	7	4
ENSG00000116221	7750	73	98	133	75	167	172	146	141	203	219	52	90	77	177	187	163	94	143	171	152	101	105	119	114	130	174	183
ENSG00000233842	18950	397	235	571	199	381	476	441	716	436	391	763	500	331	267	614	381	599	435	341	320	598	749	196	473	522	319	252
ENSG00000230802	2550	76	62	44	93	74	55	62	60	62	63	89	36	67	67	77	75	73	51	129	81	46	61	62	54	67	130	62
ENSG00000169081	13300	259	235	251	173	226	177	209	240	307	177	101	293	272	265	155	234	208	152	176	250	103	327	143	113	294	134	303
ENSG00000102671	3600	38	33	56	88	64	64	76	49	47	84	38	58	67	51	100	30	75	67	40	109	64	91	26	89	97	74	66
ENSG00000156394	100	3	4	2	1	4	1	1	3	4	2	1	2	2	1	6	6	1	3	5	2	2	3	3	3	4	1	3
ENSG00000135468	10300	249	184	234	332	297	350	561	899	1570	1122	1064	510	1144	694	1063	2755	3913	3111	2721	49	173	91	95	7215	3913	5981	9005
ENSG00000112284	3050	132	61	89	102	89	34	102	63	97	89	73	103	121	50	68	155	84	67	73	75	104	45	77	88	107	70	98
ENSG00000188981	25000	277	281	383	449	438	465	353	491	172	255	497	257	519	322	269	673	223	388	587	313	418	269	408	356	400	176	346
ENSG00000202092	19800	207	330	148	335	189	282	264	465	411	522	339	264	309	196	378	397	248	245	263	381	211	142	338	205	233	275	413
ENSG00000109727	3250	70	55	41	19	33	62	52	29	59	38	44	18	25	56	25	60	30	42	29	47	59	33	40	37	35	51	50
ENSG00000201508	22700	685	980	998	1316	483	774	851	728	975	726	529	1202	535	692	500	628	1293	547	749	1083	638	656	1340	616	956	1001	661
ENSG00000211281	10650	359	391	186	335	236	239	129	279	334	277	561	406	218	188	310	235	215	240	285	278	289	196	353	284	204	318	251
ENSG00000188190	4550	53	78	87	108	129	86	119	90	83	53	79	120	97	166	87	95	82	63	74	88	46	53	79	156	49	106	85
ENSG00000171789	50	0	3	0	0	2	3	2	0	2	0	1	0	1	0	1	0	3	1	2	2	0	1	1	1	0	1	1
ENSG00000179650	825050	10413	7150	17716	18280	25713	24590	12603	26169	11323	14184	27276	19427	19671	13495	9360	8913	7943	19672	11134	19805	22457	6829	17134	24475	25778	27965	10857
ENSG00000130310	21650	349	239	356	429	364	211	110	411	289	528	321	432	489	389	213	365	461	307	391	464	163	392	267	245	205	301	526
ENSG00000157977	750	15	11	13	9	9	9	11	11	10	9	22	8	6	13	8	14	7	11	7	5	13	6	16	10	2	9	5
ENSG00000209235	9550	197	271	126	192	168	314	280	103	196	165	83	163	194	371	170	260	166	204	222	179	272	345	195	191	238	168	167
ENSG00000108568	3000	15	77	23	61	36	87	34	29	23	51	26	22	40	53	31	41	77	39	39	61	30	38	69	54	58	50	27
ENSG00000244124	3200	135	129	76	92	97	133	128	57	70	48	43	92	104	98	151	92	62	53	41	85	62	105	79	73	82	77	72
ENSG00000163158	6650	159	85	97	127	185	87	185	111	168	70	178	172	164	133	153	222	117	227	103	164	93	101	261	139	161	174	183
ENSG00000124497	121100	1451	2802	1429	3222	2630	3305	2109	2745	3592	2444	1626	2607	2362	3660	2198	3285	1865	3135	2381	3928	2174	2181	1718	2746	3776	2034	3781
ENSG00000196665	42850	773	616	644	438	705	620	530	345	457	808	1220	587	664	459	558	982	312	539	613	697	775	524	550	648	650	557	514
ENSG00000147263	10300	223	167	244	457	117	197	264	370	227	163	178	149	263	305	339	156	168	210	174	109	123	362	212	184	213	314	220
ENSG00000221539	4600	68	114	135	115	117	132	122	138	101	131	107	121	42	143	103	77	115	93	91	121	77	81	85	52	139	96	89
ENSG00000179439	17500	416	375	768	801	410	445	510	323	360	377	632	373	461	780	861	862	577	385	722	795	618	739	611	760	624	728	369
ENSG00000217426	174550	4283	3050	4752	3267	7394	3553	4428	4417	4142	2031	2582	5554	7377	3527	7851	3750	1377	4891	3773	2525	4723	5138	5585	5412	5400	2693	4580
ENSG00000102041	4800	86	64	78	97	75	88	114	57	76	59	76	128	144	76	72	74	56	71	104	60	87	48	89	78	130	122	108
ENSG00000110703	37950	940	441	785	871	916	746	650	787	978	1735	924	870	908	1314	944	807	815	629	699	537	1014	1094	827	859	308	613	939
ENSG00000111977	2300	34	86	42	128	93	113	103	639	388	396	338	187	207	142	216	840	1079	799	1041	16	10	29	20	2362	1783	1862	2023
ENSG00000167252	69950	1169	1086	1033	968	612	569	715	1210	1132	945	1337	825	1063	824	1305	1055	1120	791	1330	984	706	1642	1408	638	487	1297	761
ENSG00000198124	283250	3852	4200	5710	3103	3274	3068	5516	6366	2034	6453	3715	3457	5483	2654	6112	5497	7132	3602	3975	5145	4552	6373	8206	3865	4771	4086	3707
ENSG00000168479	12250	269	201	190	326	271	216	440	392	198	311	143	476	371	301	387	388	275	212	227	203	216	185	280	422	187	459	262
ENSG00000148425	800	14	14	14	73	21	16	29	26	31	28	26	31	33	8	22	22	24	15	16	23	24	35	23	32	43	25	23
ENSG00000107530	2300	48	47	53	99	79	69	100	386	532	525	468	132	105	183	206	618	1066	762	814	21	19	9	11	1460	1198	1364	1412
ENSG00000147557	800	4	21	8	17	19	15	12	19	22	16	15	6	10	19	15	15	17	26	11	12	29	21	12	20	14	18	10
ENSG00000209947	7550	151	107	96	111	95	205	144	58	112	93	213	201	180	140	209	136	112	258	173	75	129	107	147	324	208	160	148
ENSG00000222475	5650	96	90	98	72	67	96	48	87	63	69	83	75	94	83	62	93	105	33	78	71	81	37	99	69	76	71	125
ENSG00000239187	12050	337	387	652	275	832	421	451	371	293	651	449	654	452	551	407	421	330	591	456	397	202	447	250	295	325	456	393
ENSG00000241467	1750	7	16	24	17	36	24	30	10	21	12	28	8	10	16	17	16	23	22	23	31	14	16	21	25	14	17	17
ENSG00000103887	29550	470	478	713	510	735	787	697	545	450	797	335	229	759	989	825	703	402	633	654	743	674	366	530	772	623	288	383
ENSG00000171783	6700	74	88	51	61	60	74	89	33	68	60	86	68	54	56	120	42	41	85	53	58	64	96	61	69	47	120	80
ENSG00000112949	300	5	7	7	7	2	13	4	2	4	5	9	8	1	6	10	2	4	13	3	4	4	7	7	1	3	7	1
ENSG00000225129	31550	305	332	472	367	543	517	562	655	608	410	559	374	550	555	444	605	466	462	340	467	542	642	147	320	277	556	513
ENSG00000203878	3800	114	83	193	88	95	29	137	61	147	100	81	86	70	114	69	118	86	137	49	103	21	93	120	96	64	78	75
ENSG00000174097	54600	1175	967	729	730	350	839	1086	654	978	759	448	1010	685	1350	914	1338	866	992	1228	526	731	613	896	1368	756	1036	1061
ENSG00000241091	4900	67	39	121	125	71	65	58	46	56	90	83	103	38	71	20	50	63	56	80	106	51	102	83	59	54	53	100
ENSG00000109649	18600	583	272	334	271	305	316	409	283	368	425	226	377	256	230	259	429	440	182	488	396	559	478	390	217	447	353	564
ENSG00000201045	2400	24	66	63	46	55	60	51	66	42	27	38	37	34	57	19	42	45	58	68	55	57	57	60	73	68	37	32
ENSG00000185599	72550	858	1210	901	1331	1289	898	1307	1399	858	1306	981	780	983	1131	1413	1135	1455	1283	1243	1441	1211	1191	716	1012	985	1946	1719
ENSG00000121132	21650	690	857	676	771	337	577	313	930	472	720	541	872	744	421	466	1050	677	617	563	1011	397	527	1121	721	524	268	908
ENSG00000121490	58350	918	1592	1756	2626	1104	1139	2114	1509	1537	1543	952	1183	1077	1223	782	1770	2437	689	2137	1545	1318	1218	1110	1500	1722	1421	644
ENSG00000140904	65950	1868	1235	1569	1866	2196	1774	2561	11195	10794	9806	10749	6938	2381	3621	2799	17689	31048	9156	14599	363	433	530	286	28231	35256	23039	19782
ENSG00000103452	15150	220	216	293	237	214	279	303	299	269	360	404	244	408	220	253	447	233	314	334	273	411	574	275	264	204	347	253
ENSG00000150376	20500	249	228	303	424	294	360	162	294	225	263	520	181	281	238	128	269	249	108	245	278	192	240	376	309	350	156	457
ENSG00000249725	233450	4451	5303	3918	7614	10077	9711	14836	70619	23094	40593	33605	17381	17604	9999	14809	70623	91579	63042	75240	1363	2583	1683	2659	187011	273239	108610	161274
ENSG00000221047	650	12	24	12	29	14	14	33	23	16	18	16	19	17	22	31	23	8	8	14	20	18	40	20	27	19	18	19
ENSG00000228721	6350	92	154	122	106	304	145	93	85	200	89	131	113	154	119	128	144	148	62	144	94	136	84	151	91	181	174	190
ENSG00000130426	3250	34	51	97	50	93	52	65	84	27	24	29	62	45	45	47	30	45	65	85	36	29	76	47	92	104	37	60
ENSG00000221295	3350	63	65	36	52	58	61	38	72	54	76	35	32	43	42	49	58	51	41	53	119	57	73	41	53	26	46	31
ENSG00000236130	150	11	4	5	6	4	9	10	6	2	3	5	2	5	5	3	2	3	4	3	1	8	5	7	4	7	6	6
ENSG00000240331	1600	20	26	63	37	36	28	53	19	32	13	28	33	29	39	27	50	44	28	20	46	34	31	40	22	29	57	21
ENSG00000230177	126700	2124	1955	1310	1908	1471	980	2372	2278	2328	1607	2870	1534	2479	2223	1863	1847	1824	3393	1358	1297	1561	2114	2589	1618	1064	1768	1886
ENSG00000207971	850	27	26	24	87	84	57	59	339	168	278	299	122	119	97	148	718	432	431	319	34	21	33	23	678	1120	1128	1290
ENSG00000216116	5400	95	133	86	64	102	85	56	113	127	121	80	130	73	90	63	78	87	77	116	62	84	94	91	126	136	32	133
ENSG00000248728	24850	409	398	446	271	442	381	457	222	215	407	169	249	585	375	382	344	226	414	349	185	630	402	460	270	229	258	482
ENSG00000171205	400	10	8	2	1	2	1	1	5	4	3	3	2	4	5	0	4	9	2	9	7	2	5	2	4	2	6	2
ENSG00000245769	1650	59	45	47	33	25	32	33	30	24	34	26	67	36	45	35	30	58	39	16	44	35	47	23	30	23	39	28
ENSG00000113664	65400	1201	1787	1264	843	998	546	665	1212	818	1035	1363	1158	716	1190	1782	823	1158	1365	1199	1695	1235	1048	1204	1274	954	1066	1182
ENSG00000202411	19900	373	312	567	308	264	436	546	495	205	575	654	515	421	566	466	435	667	556	409	553	559	463	518	563	658	335	555
ENSG00000128176	600	7	13	10	7	14	16	4	15	12	23	8	5	12	10	6	10	21	5	15	21	8	11	14	14	22	18	10
ENSG00000116687	189650	4812	4507	2693	3417	3467	8473	3815	2614	3248	2453	2013	5267	2468	2750	4045	2386	3282	2413	4503	7881	4165	4257	3444	2055	4157	1927	3271
ENSG00000188726	0	0	1	0	1	0	1	1	1	1	2	2	2	1	1	2	1	0	0	1	3	2	0	0	1	0	0	1
ENSG00000183235	7500	398	124	348	129	272	239	187	295	302	278	289	166	291	224	180	225	204	294	139	261	211	185	189	171	212	180	134
ENSG00000240796	84600	2531	5329	3042	3393	3095	1393	2891	1881	1861	1676	2327	1188	1504	2994	2964	1808	1989	1783	1558	1975	2034	1586	2315	2081	2225	3278	1626
ENSG00000137381	4550	107	70	82	58	106	78	164	414	538	725	410	215	211	349	269	960	1511	1111	925	42	45	31	24	3137	1684	3196	1447
ENSG00000234760	9250	299	181	291	187	208	213	160	168	279	163	181	245	233	93	210	324	120	162	215	188	314	274	126	241	296	110	75
ENSG00000168275	5500	78	120	92	108	123	137	84	140	99	138	283	63	125	52	130	123	153	54	126	98	135	75	173	87	152	136	111
ENSG00000245918	174300	2596	3513	2271	9582	8112	4766	7255	16444	19297	28085	16528	11261	19848	14426	20477	34708	26793	37319	47875	2025	1104	1785	999	85962	106001	118830	119088
ENSG00000232589	36250	422	362	1032	547	860	526	307	455	799	994	650	1066	458	881	537	1207	903	596	1355	787	628	497	565	495	750	773	593
ENSG00000249332	1550	27	25	56	22	16	32	24	40	52	52	43	91	41	23	15	18	16	36	31	36	23	44	24	30	43	47	36
ENSG00000160701	182550	1858	2092	1781	4878	2907	3868	2895	2963	2459	2150	3076	3118	1260	1824	3780	2371	2822	4082	3658	2763	2261	2804	2930	3077	2160	2355	2900
ENSG00000159273	9950	153	146	224	187	99	167	132	121	115	204	96	107	188	110	173	122	152	170	132	119	111	92	110	156	146	105	124
ENSG00000222994	3350	39	94	118	122	85	144	92	102	101	194	116	105	113	62	120	113	89	75	40	113	78	127	85	63	105	98	104
ENSG00000195707	450	3	11	10	11	17	13	10	16	6	12	14	13	7	2	17	11	20	12	4	13	4	12	9	7	9	22	10
ENSG00000184387	1650	20	21	47	40	54	43	19	23	50	43	37	25	20	17	28	30	27	24	22	38	32	39	40	27	31	20	19
ENSG00000198260	32150	275	469	314	267	452	338	531	508	204	689	434	545	397	512	527	252	300	564	346	509	520	204	614	373	479	760	326
ENSG00000194485	369350	6279	8314	6737	8761	9784	10723	6767	6873	7850	6194	4092	4770	4110	10320	11288	5511	10113	7493	7398	8723	8964	6676	6088	8878	7609	5836	9762
ENSG00000159778	1650	45	37	21	20	10	21	25	22	7	23	24	21	12	20	14	23	29	29	30	24	40	34	36	22	48	24	22
ENSG00000111537	1300	51	24	29	22	54	35	38	32	41	31	28	33	38	15	65	26	29	15	31	49	35	33	39	22	28	37	80
ENSG00000205232	350	7	10	8	5	5	8	3	8	6	5	5	10	4	13	10	9	3	10	12	4	12	5	11	12	8	5	8
ENSG00000139901	15800	349	342	202	239	330	308	365	335	310	339	375	89	591	268	279	298	378	220	135	280	256	245	371	178	193	420	235
ENSG00000170241	3037050	62368	36045	50768	39583	61741	41609	44169	49950	30796	30670	36150	37360	51064	37721	46766	32260	31477	42888	26008	43179	46771	44809	36134	51574	35291	41081	37147
ENSG00000236880	18950	984	771	1491	1175	1279	723	1847	6372	7978	4313	5506	3421	2878	1977	4168	14196	9905	7841	12800	212	285	340	517	29207	13704	38548	15451
ENSG00000203605	750	13	15	3	3	18	14	20	17	26	9	8	21	9	22	20	22	21	13	31	18	24	30	19	6	19	23	23
ENSG00000238411	2950	64	93	43	35	56	107	63	124	46	49	108	59	72	77	124	77	80	51	78	62	53	109	71	61	32	66	93
ENSG00000144526	7500	242	100	231	141	85	91	113	202	96	57	163	135	181	99	127	97	60	129	129	109	142	144	106	88	157	143	94
ENSG00000235803	300	18	35	26	24	39	8	32	8	22	13	21	22	13	19	22	15	17	25	26	22	24	15	22	18	19	16	27
ENSG00000224545	5650	121	78	87	97	80	65	118	50	54	77	76	56	34	64	49	57	76	34	63	59	53	28	29	79	40	30	106
ENSG00000221751	700	18	28	13	35	13	21	17	23	23	31	15	15	49	16	18	15	23	9	17	26	19	10	16	36	15	34	19
ENSG00000208773	4250	138	136	148	101	247	160	117	163	132	91	199	80	100	81	196	186	160	128	191	131	144	105	136	155	198	169	85
ENSG00000208311	30950	499	460	497	442	511	518	428	221	526	306	283	231	587	392	224	396	465	576	207	459	743	407	497	412	521	626	191
ENSG00000183222	7050	186	197	207	85	302	152	178	196	170	166	68	98	185	168	180	122	202	126	149	165	216	147	120	270	244	260	107
ENSG00000155032	55150	699	2247	1151	1169	1215	1328	1271	1217	1125	1031	1387	1020	1169	1279	1219	2011	1253	1429	1322	1043	736	926	824	1547	1048	1288	1979
ENSG00000243935	0	1	0	2	1	1	1	0	1	1	0	1	0	0	1	0	0	0	0	1	0	0	1	2	0	2	1	1
ENSG00000198026	3550	34	62	68	63	98	57	66	68	56	89	92	64	112	44	39	82	57	94	73	72	81	37	82	57	44	52	40
ENSG00000210864	2550	29	27	86	33	15	37	22	22	39	46	23	29	26	21	25	43	32	39	11	37	22	43	23	13	31	27	19
ENSG00000137501	88750	888	1290	1089	1453	1463	2189	2658	9578	3879	10786	5868	4241	6328	7289	2925	23899	15843	18027	21724	1150	623	651	614	58542	30810	29225	44241
ENSG00000160261	25100	551	436	475	449	552	388	446	706	524	325	387	529	404	321	370	350	307	592	586	534	340	358	409	690	658	442	572
ENSG00000226589	1100	21	1	12	4	17	20	19	10	31	22	10	5	14	8	16	9	17	8	13	25	5	14	14	11	23	12	9
ENSG00000115459	28300	343	409	498	505	915	571	525	504	545	714	363	524	404	362	1143	502	471	528	381	621	491	768	655	616	600	655	816
ENSG00000244038	2150	99	55	51	61	139	99	116	65	108	116	95	54	86	45	101	143	78	73	42	112	82	59	87	39	53	49	105
ENSG00000188277	2850	94	78	27	86	96	117	83	109	55	40	51	107	63	51	68	85	99	68	22	47	72	82	38	101	77	45	82
ENSG00000160563	10550	162	342	214	172	228	205	197	338	203	139	303	225	234	118	158	255	437	155	148	149	205	219	360	168	267	175	111
ENSG00000227072	12850	156	172	221	183	227	163	183	215	156	193	176	144	216	167	202	177	190	199	239	145	94	125	129	148	169	198	110
ENSG00000156691	300	9	8	6	10	12	23	13	44	25	40	69	20	33	30	36	148	96	154	100	3	7	3	3	310	242	208	247
ENSG00000116391	150	0	4	1	3	0	3	3	15	13	23	21	11	8	6	6	27	21	27	24	2	1	1	0	67	62	54	66
ENSG00000129059	118900	3750	2805	2552	10955	1989	9243	11396	24058	31468	23670	25221	10464	10243	14681	23557	33872	95325	48759	72554	2505	1974	1052	2202	142826	93797	133837	191610
ENSG00000128638	5550	72	80	70	51	68	92	44	67	126	65	60	93	87	103	55	32	67	139	51	53	60	70	104	68	47	95	117
ENSG00000171976	2150	38	27	19	23	22	24	12	52	27	72	22	26	60	35	36	46	36	45	39	15	37	30	29	32	41	34	42
ENSG00000203352	9050	191	387	271	224	242	257	134	216	222	194	399	122	166	231	316	157	140	274	246	176	373	333	217	160	160	279	252
ENSG00000245562	435250	7811	5535	4794	11418	9297	10531	8583	6234	9024	7728	4634	8583	6449	6302	6090	5657	4978	12222	10612	8703	4331	9924	4829	10079	7187	9637	6553
ENSG00000220189	0	3	3	1	4	0	1	1	0	1	4	0	2	2	1	0	2	0	2	1	1	5	3	1	0	1	3	1
ENSG00000107083	5950	120	64	152	131	77	112	120	146	128	95	168	103	101	143	147	116	73	120	115	62	116	87	117	111	83	111	226
ENSG00000237315	64350	2162	1049	1400	991	1023	883	1439	447	1531	549	811	1076	755	855	1173	1246	820	1310	1624	766	1708	847	1019	1143	1325	554	1017
ENSG00000116746	21700	752	625	397	647	395	476	741	383	431	665	354	459	590	402	626	384	262	632	600	487	558	335	185	566	400	171	564
ENSG00000128231	2450	43	33	66	39	66	41	43	35	59	43	23	40	93	33	69	32	19	58	50	50	38	37	28	42	35	29	53
ENSG00000177703	26350	586	529	290	448	1057	496	305	388	444	880	694	661	323	505	808	535	479	321	585	585	438	729	632	557	494	531	1084
ENSG00000214631	53350	832	1566	927	997	1255	435	856	712	1048	653	1087	1641	1155	1315	1506	754	582	2003	1025	1241	705	1557	1076	1220	650	1566	1671
ENSG00000147914	10350	222	141	189	202	432	439	534	1923	1339	824	1072	522	1088	1018	979	2593	3743	3002	4112	105	95	108	99	6893	3898	5467	7359
ENSG00000137563	119050	2966	1856	2270	2166	1973	944	1285	2322	1268	2185	2172	1959	3393	1356	965	2111	1555	1614	2008	1609	1556	2391	1189	2425	2433	2215	1955
ENSG00000114057	2100	39	35	31	74	21	84	25	31	48	44	44	71	34	48	28	26	36	38	32	42	55	33	50	42	47	49	34
ENSG00000167944	300	4	13	4	11	13	8	4	11	18	16	7	24	3	11	9	19	20	13	10	5	14	4	7	14	16	20	11
ENSG00000219153	132050	1328	1817	2903	1923	1605	2413	2431	1238	2695	2499	1758	1222	1869	1441	1023	2383	1901	2986	1981	2608	1962	1139	2068	1731	1759	2010	2046
ENSG00000109398	6250	197	146	118	236	254	130	173	153	268	232	218	198	336	195	149	101	170	185	191	141	206	98	199	110	198	205	229
ENSG00000243091	6550	256	272	298	242	353	209	218	363	266	286	226	300	260	228	270	158	255	195	225	199	157	255	361	488	182	134	270
ENSG00000109055	400	22	28	15	6	18	16	13	23	19	44	10	24	25	29	31	26	31	48	8	27	20	24	20	19	9	30	27
ENSG00000230786	2950	73	44	37	38	26	44	31	69	55	35	20	22	49	84	26	28	20	29	35	57	39	29	51	35	54	34	47
ENSG00000105691	3150	87	71	120	86	65	55	82	36	89	127	138	75	87	91	121	141	116	141	82	30	105	104	104	109	66	63	74
ENSG00000110560	18750	307	516	415	369	288	306	405	360	696	774	764	408	260	482	312	284	403	461	689	389	222	594	431	481	371	397	628
ENSG00000199269	508350	7413	4638	6214	4473	6404	8166	11719	6536	4617	5338	8506	7267	4991	9900	7822	3725	4963	9992	5586	6279	6522	5816	6288	8408	5975	9627	11371
ENSG00000212236	157350	4335	4864	3767	3203	4218	2711	3208	4269	4390	2871	5462	4128	3635	3968	5216	3048	3500	3560	3514	3703	4239	7692	3612	5944	3579	5431	2205
ENSG00000223843	211950	4563	3042	4996	3449	2388	2261	4655	4513	2829	6158	4351	6189	4595	2491	2673	2094	3111	3105	4028	3338	5630	2840	1530	3207	2897	3504	3300
ENSG00000233104	10750	291	176	218	297	270	210	197	153	178	335	198	152	122	196	126	338	229	303	205	205	211	152	180	168	227	235	162
ENSG00000169355	8000	160	96	194	203	86	202	94	115	141	96	142	106	93	165	103	109	155	198	147	184	111	208	88	91	117	104	121
ENSG00000158040	5300	56	98	69	109	79	51	62	99	92	77	70	59	75	66	107	61	89	103	57	55	55	74	62	64	55	86	54
ENSG00000203072	3700	129	103	84	151	169	134	137	106	102	138	174	141	60	205	148	118	254	139	71	123	90	116	70	116	119	90	127
ENSG00000128886	950	21	37	28	35	38	24	36	19	30	38	32	23	37	28	32	20	20	24	45	47	23	35	42	45	43	41	43
ENSG00000103548	56900	1352	2162	1270	2082	3032	1816	3012	15770	8335	10279	15110	5256	4108	5252	5691	22178	31040	35575	23551	434	1243	695	712	50144	86407	60928	36870
ENSG00000164595	206100	7807	9885	8284	6840	9894	8611	6078	2571	8255	5849	6773	4961	7624	7938	9604	7431	5386	12091	4404	8472	7860	10500	6418	4975	11420	4879	8003
ENSG00000121560	313050	3275	3074	3292	4719	4289	3530	3036	4929	3835	3258	4511	5091	3263	4906	4630	4747	4099	4325	2818	4970	2442	3414	4897	3551	3175	6054	7628
ENSG00000110259	450	11	14	6	12	11	17	11	8	10	4	4	9	12	27	7	18	6	10	4	6	8	9	8	9	6	13	10
ENSG00000150859	7750	236	238	78	313	188	112	148	157	141	159	172	194	210	142	273	119	104	152	128	212	210	123	125	97	121	80	221
ENSG00000190525	65500	728	1565	603	372	578	1376	777	1030	1317	1183	1153	1184	735	881	863	889	2294	1309	1280	1626	1704	791	1347	806	1172	1160	666
ENSG00000159039	15950	130	365	195	214	246	230	273	420	164	338	297	159	397	365	208	210	582	337	335	193	378	307	267	272	212	165	225
ENSG00000163772	2250	66	48	66	31	40	41	44	33	58	54	52	50	57	45	40	23	56	82	30	63	15	42	20	40	39	21	32
ENSG00000214570	250	7	2	4	3	11	16	4	19	56	40	21	19	15	20	22	89	97	57	63	3	7	2	3	163	104	83	146
ENSG00000124015	50	1	0	0	0	2	1	1	1	0	0	1	4	2	2	1	3	1	2	3	1	2	1	2	1	0	0	1
ENSG00000105116	14450	108	278	269	298	393	418	241	247	435	212	403	226	223	356	186	432	238	386	289	396	360	480	276	226	276	145	258
ENSG00000124377	750	35	20	18	14	10	25	19	22	10	26	32	36	19	24	18	18	11	31	7	17	9	26	20	23	18	25	37
ENSG00000148422	21250	146	130	139	195	93	156	237	324	239	176	276	364	158	171	120	178	155	256	205	224	229	185	130	227	176	274	154
ENSG00000232451	50750	904	746	1472	1312	766	737	1136	1040	669	816	1074	1213	1258	1167	1072	768	1205	887	704	1149	750	1019	953	1723	420	1016	842
ENSG00000177901	4400	67	39	33	65	114	92	86	41	45	50	60	82	80	39	62	43	57	51	63	57	59	50	127	92	79	48	67
ENSG00000106424	37100	856	670	769	1943	2807	4374	2431	11958	12159	11673	9212	8859	4725	4486	6987	20187	9120	11629	8861	456	555	712	669	35793	25093	31320	26599
ENSG00000137939	1150	13	17	14	23	20	23	25	25	18	14	25	17	25	27	19	8	22	16	19	15	43	15	26	27	28	19	15
ENSG00000242827	100	12	9	8	3	8	4	18	10	9	5	7	9	8	16	6	4	5	12	14	8	3	5	6	15	14	8	9
ENSG00000121378	29750	459	278	380	310	402	317	470	656	481	440	328	342	253	523	414	277	205	285	292	451	325	842	385	556	261	502	356
ENSG00000134073	400	4	6	8	7	12	9	10	7	9	5	8	12	3	24	10	7	4	7	7	10	4	8	7	7	0	4	2
ENSG00000203181	2001650	15313	24681	26111	36929	24534	28841	25083	21516	33566	38343	12381	31000	27574	13137	16837	31997	19095	21807	24289	25919	40192	33936	12241	15407	20251	23067	29901
ENSG00000167381	9000	303	288	345	182	131	177	254	253	115	419	315	202	281	221	187	203	143	132	301	182	190	114	172	209	141	278	223
ENSG00000176887	11850	277	229	352	123	252	297	217	201	287	282	236	284	201	159	247	339	329	372	228	335	358	194	283	258	235	96	172
ENSG00000129690	31650	455	614	787	713	792	852	764	1245	1029	1002	1153	1583	1418	1040	702	827	358	1019	1155	550	565	864	851	860	672	978	814
ENSG00000200199	9500	148	120	140	157	85	103	191	161	176	144	145	172	143	166	135	198	92	77	149	135	161	141	163	91	101	222	159
ENSG00000112148	2400	35	28	19	39	42	44	34	36	12	54	43	26	54	26	51	23	30	28	28	16	26	23	46	21	43	21	50
ENSG00000151135	42450	537	500	845	653	563	1010	980	562	730	1412	996	745	938	787	691	1072	1061	1411	528	675	844	334	998	665	1045	551	971
ENSG00000236359	9800	97	106	128	114	140	130	125	142	186	193	163	220	123	261	124	110	92	124	85	226	172	129	174	157	194	193	231
ENSG00000130985	750	20	41	20	25	36	27	36	44	33	52	51	24	18	23	39	46	25	11	36	49	25	43	18	41	31	28	28
ENSG00000244292	850	34	41	39	30	46	32	28	20	28	16	24	49	30	70	38	47	59	26	39	46	44	46	55	28	38	55	48
ENSG00000147590	41450	411	863	1241	800	480	795	658	611	722	1227	1176	762	618	912	602	916	1096	1512	451	1350	718	640	888	859	844	668	554
ENSG00000201225	22900	402	219	283	403	317	308	290	385	372	150	339	353	575	205	349	326	352	605	455	264	197	284	528	465	235	375	413
ENSG00000216882	1300	29	28	25	36	43	33	38	44	11	23	43	36	30	57	32	46	30	58	25	49	19	47	31	41	26	54	25
ENSG00000146961	48750	1281	1342	568	754	345	878	1386	936	531	468	394	526	170	785	699	919	615	536	780	646	1297	1079	902	560	731	370	624
ENSG00000136916	61300	969	1287	1565	904	870	1530	659	1613	979	2297	1436	1341	942	1702	1060	1182	1340	1666	1958	1544	1100	1416	1813	1947	1186	1699	1730
ENSG00000113360	1200	13	19	20	11	9	16	17	25	19	23	31	29	13	11	17	17	16	25	16	28	25	23	22	20	31	19	17
ENSG00000216160	12000	221	122	262	346	190	215	83	347	142	113	108	137	365	152	179	123	438	196	170	197	129	92	211	238	208	212	296
ENSG00000200755	84500	792	589	1131	985	901	819	1135	888	1397	980	527	1171	1113	493	956	653	374	561	614	1082	968	1294	1554	1303	840	805	914
ENSG00000163959	162350	1371	3645	4654	3866	4616	3955	4045	4508	2622	2989	3306	3730	2769	2965	4834	3045	2407	2864	2587	4985	2401	3334	2177	2671	2464	4706	3184
ENSG00000137635	23650	216	498	306	451	305	646	338	409	416	325	505	451	957	386	352	429	323	398	792	455	492	430	372	439	397	614	270
ENSG00000215382	650	8	13	8	8	14	14	8	12	19	5	13	8	4	3	5	20	7	10	3	13	8	10	15	7	11	7	3
ENSG00000137926	1250	64	55	45	27	56	58	45	60	49	53	61	54	34	66	78	58	55	51	43	70	66	57	81	53	41	45	73
ENSG00000139599	1200	32	16	35	20	21	35	20	50	19	26	19	18	27	35	47	23	27	26	30	16	33	23	28	4	25	28	37
ENSG00000243848	22600	225	213	398	292	150	260	345	729	365	439	288	343	242	176	261	251	423	307	319	466	217	370	392	419	229	309	319
ENSG00000168905	1650	52	42	37	42	34	23	26	12	18	8	35	28	51	24	25	15	19	18	18	19	16	22	23	32	42	18	50
ENSG00000118159	36050	310	325	279	348	428	678	305	392	275	394	259	449	339	153	590	615	395	333	383	342	508	269	274	391	280	364	449
ENSG00000110168	21650	337	631	446	286	601	738	314	442	378	382	424	650	242	480	542	276	731	391	494	309	439	447	566	860	398	734	424
ENSG00000239363	15900	317	173	221	565	479	477	704	520	543	463	574	532	167	275	423	240	688	721	237	591	486	675	233	240	321	724	428
ENSG00000244397	8700	138	159	88	170	166	112	128	143	66	129	112	121	84	101	213	84	79	96	139	168	136	80	102	109	165	132	175
ENSG00000117808	100	10	9	10	6	8	6	7	7	5	7	7	5	5	3	6	8	5	11	7	6	3	6	4	2	8	8	7
ENSG00000202839	3939050	28810	29628	33160	48445	61473	44660	43665	56472	37989	59522	47847	38993	44053	48130	43236	60582	51346	68609	56905	50050	58065	54232	42266	64264	73435	47701	55392
ENSG00000115031	151900	1564	1486	2884	3180	1247	3329	2305	1618	1066	2531	2309	3577	3416	1696	1801	2553	2305	2003	2707	1416	2220	2483	3327	1182	1540	1726	2520
ENSG00000171778	11750	148	159	281	131	140	127	240	206	129	142	66	219	161	197	262	191	170	155	224	288	145	252	221	170	203	165	168
ENSG00000113199	50150	592	941	674	3681	1658	1763	1864	5956	5451	6815	8539	3013	3966	3541	4825	9846	14338	19299	14433	451	346	401	367	29067	27755	35349	36424
ENSG00000227447	9950	132	227	238	154	162	207	153	178	133	212	171	182	151	71	177	255	221	129	135	65	115	214	187	112	80	216	126
ENSG00000155584	3200	141	33	129	89	63	98	162	93	95	93	87	125	46	122	89	93	29	88	66	79	58	48	37	55	85	151	91
ENSG00000221286	500	7	4	8	8	6	3	7	9	5	2	3	4	6	6	4	5	1	9	9	7	6	8	6	4	8	5	6
ENSG00000132659	31100	762	763	777	745	456	464	287	615	735	684	360	608	422	622	384	970	733	426	402	643	636	749	464	424	819	517	466
ENSG00000217082	35600	708	1569	860	1396	2260	902	867	872	958	1064	1305	1282	1270	1290	1212	832	829	1036	980	1523	1181	1531	1679	1273	1327	830	1587
ENSG00000135801	4200	84	74	32	35	61	101	89	64	162	50	84	109	140	105	75	65	100	104	48	106	95	64	78	73	92	53	89
ENSG00000200213	800	31	23	31	33	44	49	32	37	29	19	26	52	15	18	47	30	34	27	44	26	33	35	30	28	47	20	26
ENSG00000188792	41250	1963	1217	1100	1170	929	868	1770	2617	1421	1349	1336	1156	1476	1542	970	1366	1548	1936	1135	2041	1419	1265	1930	2054	2140	1737	2429
ENSG00000170368	23100	160	206	149	170	227	324	352	183	330	418	272	170	186	370	277	271	142	281	301	348	217	340	169	218	239	146	243
ENSG00000121586	450	22	13	10	21	8	11	11	9	15	9	7	10	6	16	15	9	14	24	7	8	4	9	15	16	5	1	5
ENSG00000178543	7550	120	117	72	51	120	129	93	167	110	89	157	84	86	57	224	55	87	109	72	101	77	149	107	65	57	103	86
ENSG00000162855	17250	188	168	216	165	203	196	270	245	98	288	255	175	270	331	155	242	249	156	232	284	151	268	249	192	99	168	230
ENSG00000105897	62200	1007	1536	1243	1280	1840	1509	1101	1347	2276	1403	1671	1356	1270	1257	669	2142	1174	1007	1617	1239	1016	1336	1294	1505	2052	628	1578
ENSG00000206698	44600	1336	921	862	664	866	362	785	1149	951	1092	894	843	319	966	708	680	596	892	683	497	914	701	924	631	979	996	885
ENSG00000101993	3650	114	93	181	223	91	86	170	84	76	107	91	151	110	134	105	182	131	119	76	132	142	146	136	165	180	124	120
ENSG00000172881	1990400	28791	14624	23597	22400	28244	43725	26602	20277	35032	19698	34270	31472	19299	20930	24621	22966	24225	17675	10436	21702	31463	12888	23020	25272	36149	19690	19063
ENSG00000192175	1050	33	30	27	16	30	17	21	26	9	16	35	17	25	16	32	19	40	21	24	27	16	21	23	18	23	33	33
ENSG00000223219	1150	31	26	22	13	30	22	23	24	24	32	11	8	22	18	17	16	18	33	13	31	16	24	38	41	21	8	22
ENSG00000131522	650	8	10	9	13	14	11	26	20	20	8	18	11	20	14	14	10	16	17	21	11	5	25	11	7	3	23	9
ENSG00000186508	249550	2435	2477	3724	3888	2022	3029	3515	3658	2672	3189	4034	1904	2944	3596	1698	2785	2235	3273	2006	1766	2779	2474	3966	2988	3915	3017	2333
ENSG00000205966	496900	9984	15081	7897	9258	8994	4797	8060	3170	5442	7716	9506	4835	5322	5488	5596	7975	8674	6044	9956	8792	9325	11794	7918	6549	6379	9022	6598
ENSG00000136017	98900	3068	2326	3055	1501	1003	1047	2731	1904	1975	2410	2659	2405	1753	1733	2827	2075	1372	1398	1547	2254	1398	1125	902	1641	1732	2361	1913
ENSG00000198464	14000	215	418	437	497	506	301	503	598	459	181	236	454	366	332	390	615	284	464	383	272	763	316	420	627	188	830	433
ENSG00000128298	59950	661	1316	1253	1114	1113	1385	1219	1190	659	1222	1193	1315	1204	1313	1476	510	1621	1476	972	408	1226	1388	1029	798	912	1059	1163
ENSG00000214245	4150	77	85	48	91	93	93	74	81	64	64	104	66	40	45	88	80	88	77	88	88	41	96	48	126	51	57	54
ENSG00000145921	5050	131	104	159	148	38	66	132	166	168	169	159	74	134	117	169	122	153	148	120	152	210	128	163	119	93	73	48
ENSG00000178839	220950	4191	3126	4273	3398	5446	3734	4637	4348	4972	3383	3798	4686	2885	3012	4748	5596	3790	5789	2560	5568	4839	5639	3947	4217	4693	7702	3688
ENSG00000213505	3400	88	152	121	160	75	109	202	94	165	95	118	90	146	80	78	87	130	59	208	169	149	153	128	112	65	100	131
ENSG00000158968	1400	17	12	19	39	19	26	15	28	27	16	24	32	19	16	16	27	31	12	13	18	16	9	20	23	21	17	22
ENSG00000134748	1800	23	47	44	31	21	39	33	13	23	34	37	30	27	27	33	41	47	53	26	28	34	56	52	42	59	20	34
ENSG00000208613	1650	33	37	37	79	41	37	60	37	25	32	43	46	9	34	53	48	36	29	50	32	58	64	31	68	35	29	42
ENSG00000146035	3450	113	58	72	96	84	101	201	129	110	137	89	92	115	211	69	46	88	75	83	91	106	96	64	41	75	62	80
ENSG00000171658	207000	2816	4705	6383	4414	5746	5253	5535	3438	4702	3080	3965	9673	5277	3447	2138	3807	3864	2995	3556	4421	4698	4955	6368	2647	5128	4577	3811
ENSG00000195006	44300	1581	1479	1201	1490	2366	1366	927	1088	1394	1446	2017	1926	1897	1949	1542	1704	1244	908	1033	868	2069	1555	1486	1571	1252	1595	1634
ENSG00000165523	346650	6908	4183	3065	5429	4067	2855	3355	4509	6149	6155	10515	6917	5431	6913	4784	3846	7099	8844	5464	7338	4883	3760	5515	6247	5793	5067	4456
ENSG00000150666	4750	118	100	131	147	148	204	61	125	136	83	205	126	175	173	74	53	50	145	74	95	113	176	126	164	196	212	91
ENSG00000124071	600	24	23	13	26	11	26	13	16	20	20	18	8	8	22	18	32	23	22	18	13	15	3	24	23	26	17	11
ENSG00000115884	23400	336	302	351	361	328	258	281	308	485	415	620	256	274	348	286	285	316	206	424	291	444	665	292	422	915	137	390
ENSG00000246962	39550	1200	1230	1143	1789	2306	1484	1290	905	1225	1385	1545	1304	632	792	557	1629	1612	1133	1152	1033	899	1282	1818	955	943	1027	814
ENSG00000172455	4400	79	104	59	86	37	63	46	39	73	124	67	43	47	56	84	91	54	138	119	36	59	84	129	80	37	64	127
ENSG00000199150	350	13	5	8	9	25	16	13	74	97	112	72	75	51	21	53	221	120	177	112	3	7	8	2	269	440	424	359
ENSG00000110335	20000	209	332	256	98	368	215	110	319	254	405	224	304	236	271	486	198	230	322	244	456	232	210	329	456	353	248	494
ENSG00000201850	41400	1024	2440	2630	1395	2742	1756	2452	12728	9019	11625	14593	8618	6456	6085	7383	12826	35483	32014	30341	1183	474	583	621	102478	49051	46933	43506
ENSG00000241448	6450	135	102	94	308	232	296	339	729	1287	429	838	319	504	375	444	2933	1629	1095	2403	54	48	41	56	3120	3766	1688	3055
ENSG00000186570	550	4	9	8	8	8	10	1	3	6	5	6	7	5	5	6	5	8	3	9	6	4	11	16	3	7	4	5
ENSG00000241050	21050	467	374	292	354	287	262	344	483	606	308	321	310	333	503	314	482	184	277	211	167	435	427	640	306	285	389	448
ENSG00000130936	112050	2063	1683	2951	2751	1803	2685	1413	1999	1942	2405	4158	1255	2071	2154	2991	708	1945	1871	2169	3561	2004	1971	1677	1594	2436	1742	1623
ENSG00000235914	1150	39	19	14	22	20	20	30	21	17	16	13	18	21	20	26	14	14	20	22	29	14	31	23	46	27	17	5
ENSG00000215322	14400	342	234	321	307	423	745	428	355	243	691	299	268	818	476	282	334	553	433	175	406	314	289	680	693	423	344	551
ENSG00000105096	14200	606	233	482	550	265	465	436	393	481	698	268	410	348	441	436	643	447	548	398	724	320	498	519	476	693	519	414
ENSG00000170179	6400	95	130	54	80	100	130	48	75	74	123	88	66	108	93	152	141	125	98	109	56	61	103	37	118	101	114	107
ENSG00000194196	24900	403	429	441	369	691	679	527	796	509	708	871	817	438	404	593	738	576	549	785	889	546	428	284	710	431	790	677
ENSG00000243638	1400	23	12	23	39	28	45	19	19	17	34	15	11	11	11	11	10	32	15	17	21	15	26	24	10	25	32	21
ENSG00000225841	16400	456	411	572	389	581	574	418	323	573	242	418	214	533	313	314	700	413	681	423	411	261	449	350	637	369	703	318
ENSG00000190127	900	30	19	23	23	19	33	35	34	23	30	13	19	17	16	21	19	21	16	10	30	36	45	29	23	52	20	32
ENSG00000207326	2800	79	80	26	38	27	72	61	42	19	47	44	45	73	31	60	50	39	52	58	64	55	52	43	63	27	25	30
ENSG00000235025	254350	3109	3514	4049	3785	4401	6490	3634	3309	2837	3235	4020	5514	4641	4637	3336	2506	4009	1230	3425	2492	3351	4618	6055	2608	2377	3005	5020
ENSG00000238116	18550	135	202	164	247	127	304	169	142	160	263	225	86	181	184	153	534	326	220	144	168	194	198	148	176	98	192	161
ENSG00000214491	850	27	14	9	30	38	17	30	75	159	138	98	49	67	64	78	200	181	198	293	4	3	11	8	434	437	822	221
ENSG00000245959	137050	2660	2436	2437	2295	3101	2298	2979	2184	1936	2890	2618	2739	1993	3386	3001	952	2080	3664	1625	1996	1847	3271	1921	1175	1317	2511	1801
ENSG00000205137	16600	436	279	452	339	284	315	637	422	297	514	357	272	514	267	364	355	231	302	478	397	203	410	240	440	252	279	263
ENSG00000218380	350	2	1	3	5	2	4	4	8	0	2	8	0	1	5	0	5	4	3	3	6	8	3	2	4	3	0	5
ENSG00000124258	113800	3047	1994	2420	1468	1518	2497	1597	2008	1984	3270	2289	1987	1475	1653	2925	2209	1391	1807	1287	2562	1440	1531	3152	1664	1022	1663	1420
ENSG00000140349	11200	393	391	281	383	256	649	402	280	509	299	417	410	224	319	709	392	645	349	576	381	352	674	472	326	212	391	341
ENSG00000114633	5800	193	211	184	186	180	181	182	251	225	116	136	142	313	73	149	184	141	303	246	196	253	267	161	125	106	184	286
ENSG00000175636	4450	116	141	149	105	147	120	140	174	68	67	92	78	139	135	88	165	133	187	155	142	82	153	229	106	234	206	152
ENSG00000134924	50850	1538	866	1860	1074	1237	2332	1213	733	497	750	1070	1707	1254	696	1741	1356	2116	1552	1285	1216	728	847	1183	755	1936	987	1264
ENSG00000223656	3050	28	43	47	35	65	43	45	55	49	74	55	59	46	56	42	58	57	56	46	38	44	51	48	56	50	46	31
ENSG00000158304	16900	242	159	149	162	208	105	229	160	123	162	124	228	463	247	99	185	188	240	248	132	223	298	274	315	309	144	134
ENSG00000180145	107250	1389	3420	2676	1134	1436	2415	1685	1928	2908	3351	2104	4337	1333	2790	3367	1405	1614	2809	1821	1448	1556	1577	2113	2408	2460	1691	2135
ENSG00000225310	250	8	1	5	1	10	6	7	4	1	3	7	3	0	5	4	2	9	8	9	5	8	9	5	0	6	2	2
ENSG00000194913	800	11	20	11	10	6	17	3	15	6	12	12	16	16	11	11	10	19	12	9	16	12	25	31	13	8	12	14
ENSG00000215406	18900	289	440	530	864	411	1111	1010	2406	1452	3531	6260	1111	1892	1122	946	6991	6086	3367	4471	238	159	179	224	7455	16746	16663	10604
ENSG00000135657	950	21	13	22	23	37	31	32	21	22	20	24	36	12	21	37	21	14	20	18	17	9	30	22	15	14	14	30
ENSG00000158041	2650	99	42	62	38	77	64	23	74	38	66	61	51	54	35	75	16	29	52	68	109	53	38	36	59	80	57	59
ENSG00000201739	13200	215	309	217	246	233	229	377	288	302	256	307	199	212	224	393	392	205	291	143	133	237	356	231	225	271	537	262
ENSG00000239820	450	7	14	15	8	13	16	14	18	7	9	11	19	20	20	3	11	9	15	17	9	4	17	13	15	10	5	18
ENSG00000178059	5900	77	128	197	143	121	148	161	164	164	83	114	164	101	139	151	92	117	118	152	127	232	170	72	119	166	101	114
ENSG00000115706	2550	129	103	84	141	137	67	116	180	115	154	181	161	110	240	103	99	182	85	171	80	144	90	115	141	132	154	156
ENSG00000142130	82200	586	714	853	902	643	672	644	711	636	1116	1114	871	852	822	900	840	1198	532	493	1067	1259	1397	865	525	733	977	861
ENSG00000147482	500	3	5	5	7	15	10	3	11	14	12	2	9	15	8	5	10	8	4	5	7	3	10	1	7	6	8	4
ENSG00000235966	6050	56	102	63	41	51	87	105	97	61	101	121	88	93	62	82	91	48	59	94	127	127	84	97	128	103	53	65
ENSG00000234663	500	9	4	6	12	1	7	14	11	28	9	19	17	7	9	11	11	8	5	12	9	9	6	10	13	10	6	22
ENSG00000120866	350	5	11	3	13	6	3	1	8	5	11	8	7	4	3	14	14	4	3	5	2	12	5	9	7	11	6	11
ENSG00000159559	7750	81	107	125	194	141	97	155	69	210	90	235	127	110	129	134	166	146	130	157	148	146	136	126	122	210	80	162
ENSG00000140196	17550	409	808	727	536	897	321	432	400	566	1008	609	311	633	383	466	312	661	1087	602	403	451	698	657	871	642	542	765
ENSG00000169624	31250	332	678	378	904	770	614	1188	3617	4266	5032	4056	1726	3508	2340	2179	12817	12632	4137	10138	229	128	139	356	21005	14391	10194	16928
ENSG00000140901	26950	276	731	639	1087	586	815	767	647	498	869	437	664	1148	476	799	983	832	593	864	372	690	646	645	708	460	506	740
ENSG00000199502	6850	155	94	111	200	277	88	147	121	94	132	170	105	247	119	132	79	141	134	120	98	141	116	232	132	190	163	219
ENSG00000193962	400	11	32	10	15	27	45	20	114	97	154	68	39	79	31	63	341	209	144	136	2	5	4	10	342	375	510	336
ENSG00000150530	323300	3081	5521	3375	5035	4319	5610	2624	3957	3315	3457	3833	3416	6370	4050	4057	6352	4371	2665	3909	4186	3404	6320	3536	3900	2558	1949	3541
ENSG00000135986	5600	94	97	215	62	94	157	88	119	150	102	92	101	91	99	154	114	75	103	72	107	76	56	83	126	72	234	92
ENSG00000147897	420350	5367	11785	2706	5134	6565	6542	4845	3459	5826	3462	3075	4229	5327	4510	8431	4304	3494	7261	5360	7014	9161	5322	5308	3484	6452	5761	4308
ENSG00000247972	2800	61	48	44	65	45	46	54	52	76	38	66	57	43	49	44	41	76	60	30	51	44	40	52	30	65	65	51
ENSG00000220860	1150	17	19	23	32	32	31	16	141	137	215	67	95	119	65	79	176	333	298	213	4	4	5	8	598	405	913	883
ENSG00000235038	250	12	2	10	9	13	11	14	91	56	45	72	21	28	23	31	94	123	104	141	3	1	5	8	246	89	266	205
ENSG00000233615	208900	5952	3642	3917	4323	7188	2334	1744	3617	3435	3203	3089	2497	6325	3778	3746	4805	5125	2607	4356	4616	3113	3467	3964	5287	3261	1936	1732
ENSG00000204498	2350	54	26	37	35	29	37	34	16	30	32	58	30	25	55	30	31	23	32	34	29	13	20	14	48	45	26	28
ENSG00000148175	81050	1250	1269	2879	3173	4094	3434	4733	13003	10230	18795	12275	6137	7632	3749	9535	32024	18917	29332	25448	884	1094	1174	1435	61417	45387	80856	83920
ENSG00000142566	3450	127	78	125	241	206	123	109	929	665	622	767	360	288	343	388	1914	1985	1474	3151	48	45	37	71	2290	2482	3679	3031
ENSG00000229348	16800	237	346	504	360	509	464	515	382	305	435	171	320	486	340	465	345	510	280	487	547	325	277	364	671	350	494	310
ENSG00000120230	80600	1743	1228	2463	1383	859	1889	2025	1307	1468	1712	769	1482	2514	2063	1351	689	1720	3270	915	2151	1932	924	2015	2308	1015	1824	1801
ENSG00000149598	1400	60	48	32	33	29	35	21	30	26	17	23	15	37	40	45	33	35	11	14	40	30	33	32	35	36	28	46
ENSG00000165052	60650	557	1126	1735	572	779	1090	1647	821	947	671	831	901	610	691	1200	1164	726	1228	1758	2089	993	844	1234	750	621	1276	806
ENSG00000163153	8450	327	154	186	289	295	141	266	201	252	329	287	386	183	221	277	438	200	185	328	353	314	249	253	513	103	248	338
ENSG00000209236	5800	117	151	132	72	131	66	89	143	137	121	112	125	117	136	178	110	193	76	110	240	136	158	63	162	111	149	119
ENSG00000147388	2350	21	15	26	48	73	19	46	46	34	38	46	28	45	12	31	36	29	26	36	23	44	33	28	29	43	13	29
ENSG00000219610	1000	26	39	20	29	23	13	20	6	32	17	13	25	36	30	26	29	24	33	11	20	29	30	20	31	35	32	28
ENSG00000213963	400	17	9	8	11	10	10	9	9	9	16	7	17	16	21	7	4	8	15	9	13	12	14	8	22	21	15	17
ENSG00000205565	750	20	19	6	6	15	2	22	2	15	8	22	11	19	19	12	14	13	6	19	16	11	19	18	12	8	16	20
ENSG00000245802	8400	102	215	314	122	110	151	174	153	99	147	180	207	195	262	174	139	146	72	169	295	269	95	255	171	175	157	219
ENSG00000231335	13350	224	232	134	150	175	172	113	167	131	170	149	179	234	173	214	189	196	233	135	311	291	177	199	213	141	120	204
ENSG00000247243	108900	2166	2065	2222	2316	1740	1236	1136	2339	2631	2131	1870	2264	2959	802	1358	1628	1357	2968	3937	2051	1966	1225	2754	1878	981	1450	1689
ENSG00000202906	6200	224	222	209	182	239	296	209	190	255	132	168	254	312	397	267	150	176	321	245	281	185	181	268	306	211	239	225
ENSG00000160243	250	11	14	8	14	5	17	7	9	14	9	7	7	6	3	9	13	7	3	15	8	12	8	12	6	5	4	5
ENSG00000214993	7600	158	162	198	272	196	237	178	159	138	251	219	115	203	120	117	144	159	157	75	118	172	230	186	219	59	92	114
ENSG00000242783	3750	58	77	52	45	33	49	47	42	62	18	53	48	29	14	71	48	45	55	33	41	62	99	41	45	67	61	28
ENSG00000189933	74900	2189	896	1053	556	662	951	1265	791	770	1265	1092	982	701	919	1260	1468	545	822	1179	1211	601	667	1691	584	846	591	470
ENSG00000146491	3400	75	86	61	43	104	71	48	123	60	68	82	109	128	60	105	75	39	47	75	53	100	51	68	53	44	73	43
ENSG00000207821	13050	167	215	327	195	302	156	195	279	217	302	233	188	306	215	252	276	132	254	369	311	214	217	233	229	242	179	230
ENSG00000164555	2400	127	63	43	22	30	47	49	65	46	34	75	21	55	32	65	37	53	22	27	51	38	45	47	43	31	23	58
ENSG00000236204	163650	3864	2845	997	2509	2789	3497	3528	2433	3655	3758	3837	2933	2214	2224	3254	3140	1828	3446	2441	2688	2596	3413	2319	2690	2857	2229	3163
ENSG00000156097	500	4	11	10	4	7	5	6	20	7	4	3	6	10	5	12	9	4	10	3	8	5	3	8	16	1	4	7
ENSG00000107718	13650	220	428	572	381	266	249	236	284	552	291	515	306	280	323	532	275	316	178	305	184	373	252	165	214	231	229	281
ENSG00000209079	20000	274	388	266	390	448	353	440	229	447	340	474	449	315	401	414	138	259	307	283	403	226	245	208	553	441	251	126
ENSG00000128098	200	1	6	2	2	0	2	3	2	4	4	4	5	0	2	2	3	7	3	4	6	4	3	2	1	3	4	3
ENSG00000143964	7750	114	85	84	79	54	73	92	49	61	171	40	147	93	80	95	93	65	66	116	44	84	92	77	100	72	86	68
ENSG00000150662	200	2	2	1	2	5	1	2	1	0	0	2	4	1	0	1	3	0	4	4	1	3	4	1	0	0	0	4
ENSG00000145648	48800	828	1540	2272	891	3265	1896	3848	11523	9601	16956	10155	3676	7760	6877	3715	16926	17147	17955	17256	402	700	728	780	26293	35568	30312	40399
ENSG00000173875	2150	36	21	27	50	47	32	32	16	43	38	46	52	78	18	33	45	22	50	14	47	62	18	31	40	53	58	22
ENSG00000166374	2450	85	38	90	68	44	83	44	55	49	44	78	54	76	60	74	48	41	44	62	71	43	74	62	60	70	44	77
ENSG00000181140	11800	286	144	190	236	108	186	202	300	231	111	275	196	157	169	273	241	148	223	190	171	244	303	165	202	254	234	241
ENSG00000215559	16200	138	229	178	169	315	122	276	543	439	127	492	189	406	511	282	227	411	309	180	282	392	276	465	410	294	130	293
ENSG00000136496	3250	75	86	33	35	50	58	40	51	55	68	52	54	34	39	60	95	32	63	66	53	32	37	88	68	47	47	50
ENSG00000207252	3100	43	26	40	19	32	21	31	44	58	35	35	15	42	34	72	23	49	33	44	34	18	64	44	52	39	37	44
ENSG00000183925	1050	36	36	44	36	20	64	39	53	21	15	18	49	20	36	40	32	24	21	32	44	26	26	20	40	31	27	24
ENSG00000105579	10450	139	134	123	86	77	193	81	157	181	176	147	176	202	192	141	131	142	129	132	207	195	143	125	195	202	342	105
ENSG00000247178	5500	79	81	114	126	65	62	114	64	104	113	107	77	48	104	80	93	55	27	77	121	115	70	84	103	95	60	47
ENSG00000148087	2700	44	37	50	63	52	36	60	49	72	40	57	50	46	57	71	36	83	69	51	37	21	38	59	48	36	25	33
ENSG00000152927	13450	350	953	805	487	389	570	417	814	294	813	752	497	241	585	395	860	438	326	587	855	509	605	424	382	432	797	756
ENSG00000239206	1450	60	23	35	22	47	38	46	19	43	34	49	41	25	65	33	31	37	71	67	33	59	29	51	55	74	48	54
ENSG00000203143	48400	782	604	571	652	750	767	730	352	693	630	946	611	364	399	902	409	545	679	642	765	397	484	488	915	519	209	429
ENSG00000184831	50	4	2	3	3	2	4	4	0	3	5	3	3	3	5	6	1	1	2	3	1	3	4	2	1	3	3	3
ENSG00000184697	6850	227	221	113	89	257	114	129	190	239	250	177	153	100	214	178	177	170	177	207	153	127	159	136	258	171	213	136
ENSG00000237506	113650	2615	2204	1833	1134	1819	2091	1807	3017	2337	2437	1808	2286	3261	2254	2180	1096	1723	2609	2240	2162	3254	2387	1936	3620	2137	1966	1408
ENSG00000206114	5300	88	73	104	72	82	55	33	95	99	48	124	100	106	63	64	212	58	87	70	115	100	129	88	71	93	110	133
ENSG00000237334	187150	3602	4562	3055	7554	6170	7526	6837	35362	25331	25833	32871	16254	15550	15859	6107	41600	44710	34496	36608	1971	2248	1339	1507	96867	93124	174790	60299
ENSG00000117876	11800	258	260	481	206	368	278	240	143	375	231	494	377	295	267	364	503	277	321	208	95	170	172	311	319	297	300	135
ENSG00000216445	400	28	11	13	14	16	17	12	24	9	28	18	10	12	10	6	18	12	17	13	9	20	19	18	17	11	14	14
ENSG00000127059	20500	583	684	557	522	739	957	529	735	451	964	734	536	568	323	498	632	534	423	577	874	330	561	650	534	507	581	565
ENSG00000159508	400	10	9	12	12	14	10	13	20	13	16	25	16	13	13	10	23	14	7	11	12	14	12	14	15	19	28	17
ENSG00000105476	3250	74	120	73	90	67	77	73	44	51	61	65	71	110	55	68	93	104	28	81	38	104	37	85	83	26	41	46
ENSG00000128104	16300	334	209	436	290	257	348	408	329	206	293	171	132	273	401	352	317	327	241	543	699	317	514	340	457	472	212	219
ENSG00000140916	42750	295	871	581	503	606	673	779	598	501	592	352	761	602	793	698	584	1366	307	794	858	315	737	996	369	638	848	682
ENSG00000119352	38800	481	567	569	635	298	425	401	567	1206	665	836	449	554	328	783	353	385	817	650	703	215	286	494	698	670	601	273
ENSG00000187474	4550	74	118	66	146	132	81	93	63	56	111	46	89	81	63	111	34	115	105	83	101	98	94	83	109	69	77	82
ENSG00000182886	1100	12	13	8	11	10	14	23	14	7	22	2	11	17	27	18	9	11	15	23	13	14	17	11	16	7	17	8
ENSG00000126928	7950	211	194	210	282	159	142	152	298	114	105	235	148	228	274	165	267	297	114	205	117	123	101	252	145	340	318	279
ENSG00000146885	500	4	2	12	2	9	3	7	7	3	5	17	6	4	9	6	5	9	7	13	10	5	8	18	6	15	12	12
ENSG00000133868	5600	218	95	69	100	106	212	47	129	104	48	229	98	104	137	73	71	146	108	99	61	128	107	117	151	131	140	150
ENSG00000119699	44650	1735	1049	1792	3817	1862	2061	3455	12225	12765	8972	14802	5750	5493	6284	3525	13158	14344	28150	26869	949	1164	817	619	46022	38126	46113	50534
ENSG00000107270	45650	805	426	659	1149	701	934	743	609	482	954	610	908	856	613	565	464	1013	456	834	761	850	696	526	838	901	662	687
ENSG00000193749	1850	110	56	17	108	76	61	52	57	79	74	67	29	59	40	64	59	76	55	49	58	53	59	49	63	49	68	52
ENSG00000224952	32500	433	542	530	299	580	631	424	622	551	241	551	499	563	697	183	355	477	505	175	649	488	362	837	492	613	506	890
ENSG00000174068	2191600	72765	50168	46236	23195	45737	54951	50496	28720	28948	69458	33565	32340	50957	56192	31698	42953	35640	32018	47307	55792	48034	51522	42117	28437	72071	26610	57500
ENSG00000235686	4300	122	154	187	191	295	213	146	140	271	182	218	213	86	199	281	322	115	119	152	298	272	262	150	260	228	269	220
ENSG00000126828	38800	701	819	1194	701	931	528	1241	545	1224	918	875	654	766	774	709	565	771	570	459	645	698	441	807	1051	534	452	596
ENSG00000243216	12900	106	302	381	275	469	293	717	1305	1815	2076	2688	687	713	368	455	2472	3072	2132	1622	118	59	62	110	9409	6647	5120	6222
ENSG00000106543	9500	325	328	261	203	173	391	281	268	199	236	252	164	286	208	209	170	231	327	337	193	259	281	225	131	187	254	137
ENSG00000223147	700	13	37	23	13	13	23	14	35	11	8	11	10	5	13	13	16	22	14	20	29	30	20	24	33	14	17	27
ENSG00000141608	10850	593	641	288	372	394	263	689	574	192	438	661	581	278	396	332	476	554	404	261	400	780	525	369	607	551	537	894
ENSG00000170017	14600	440	290	409	242	187	218	127	340	345	154	304	226	293	376	157	205	307	267	367	428	219	203	270	343	396	313	282
ENSG00000143023	4050	106	95	135	141	109	121	113	104	128	182	28	176	144	117	143	78	160	169	106	123	65	101	98	78	113	75	99
ENSG00000185539	1250	31	45	42	66	32	45	26	73	55	41	45	30	65	44	34	36	29	41	15	24	18	31	28	55	23	17	23
ENSG00000238450	5250	93	99	112	84	72	121	118	131	125	124	132	96	100	48	119	55	76	73	70	54	54	144	81	121	113	101	59
ENSG00000143083	250	4	1	9	0	8	2	2	2	0	4	3	5	4	0	2	3	2	4	6	2	3	9	1	3	1	4	3
ENSG00000108767	67950	1578	855	1209	2711	2049	1837	1384	1500	1430	956	1855	1057	1626	1137	1121	1830	1472	1998	1527	1405	605	1296	1417	1506	1104	1864	2087
ENSG00000191983	135900	4329	2997	2498	8670	6997	6520	3574	18723	27865	20818	32634	9869	18843	15674	6184	48023	72473	45771	48078	838	1157	1552	1875	62079	111731	157365	61423
ENSG00000110865	11950	200	240	165	217	199	217	232	133	148	226	181	179	261	155	175	326	115	166	278	201	137	146	314	82	210	196	167
ENSG00000178366	100	4	1	1	0	5	1	2	2	0	1	2	3	0	1	5	3	1	4	2	0	1	0	0	2	1	1	1
ENSG00000132724	27350	683	251	364	577	601	389	243	436	361	529	303	374	354	432	285	229	360	588	472	544	405	449	620	492	542	608	256
ENSG00000184065	18250	344	282	258	149	318	302	212	429	301	319	333	416	534	459	332	390	351	264	151	362	339	347	184	354	155	341	203
ENSG00000140269	23400	725	931	532	676	557	618	718	542	995	1140	661	572	915	913	906	519	831	678	692	226	550	822	1218	938	876	907	360
ENSG00000141178	6650	124	170	132	258	133	174	107	163	157	135	245	148	179	206	175	202	157	137	128	297	187	84	284	157	161	82	230
ENSG00000132353	1750	32	34	48	16	34	14	34	51	32	31	31	30	48	39	31	19	23	38	36	45	16	45	51	52	41	33	17
ENSG00000184745	66050	1356	811	1195	1751	1867	1828	1530	1842	1347	1944	1520	1374	1487	846	1266	1400	1002	2078	1191	1020	1565	1293	1720	1834	1908	1016	1465
ENSG00000150942	3400	42	96	59	40	67	72	68	55	96	58	96	42	37	55	78	71	58	88	39	81	47	90	121	57	59	48	113
ENSG00000148050	650	14	10	16	14	7	5	15	12	10	5	2	12	8	8	10	8	11	15	10	12	12	13	8	11	15	10	7
ENSG00000157834	2650	47	82	82	100	51	108	45	34	115	52	100	70	49	98	51	106	34	84	66	31	87	127	124	85	109	58	58
ENSG00000231785	4750	170	50	87	140	71	59	87	95	137	71	113	141	165	83	71	76	92	77	136	74	143	104	132	97	83	144	71
ENSG00000131990	650	7	11	11	6	17	10	8	9	4	6	9	8	13	9	10	4	7	4	4	6	9	9	8	15	8	6	1
ENSG00000148061	5400	71	108	73	90	108	112	169	97	94	47	185	192	109	164	112	146	128	129	91	86	37	61	94	56	134	118	71
ENSG00000228950	1650	35	23	28	24	21	19	25	16	32	30	20	20	12	23	23	19	23	49	25	24	20	20	13	29	11	30	47
ENSG00000107873	2000	52	53	42	28	20	94	54	58	22	44	49	25	54	57	49	23	41	17	88	42	40	28	40	40	77	20	67
ENSG00000235257	900	8	12	11	21	21	18	10	20	28	11	11	11	16	21	19	24	11	12	12	13	16	15	14	7	3	17	20
ENSG00000178598	1750	23	23	98	44	54	78	30	25	64	61	41	26	47	50	48	77	71	27	48	53	22	63	49	24	59	40	34
ENSG00000126599	2950	51	117	63	27	59	64	80	50	49	84	36	35	74	68	54	44	69	56	52	72	69	71	52	24	52	85	50
ENSG00000249438	7650	249	348	190	135	219	142	223	254	311	240	400	277	155	359	247	401	210	387	231	222	246	275	382	216	307	254	170
ENSG00000103572	110550	1132	726	775	1685	1223	1478	1615	1087	1364	548	1583	1804	1069	1345	1199	1373	1105	1211	1064	847	803	890	1477	1562	748	2036	705
ENSG00000209821	12550	249	184	122	352	293	364	181	272	240	440	321	261	256	513	398	452	303	314	231	302	318	166	193	256	381	390	460
ENSG00000128606	549500	8817	7325	13896	7174	8418	5136	7827	5402	5850	8723	4502	10362	12446	6374	12699	5724	5938	8366	5196	9395	8053	4804	9559	6731	4712	11405	12266
ENSG00000128391	453050	4550	4540	5499	2655	4629	8793	9744	8332	3501	7007	7255	4168	9475	8766	3746	3760	5361	4015	4774	4916	3743	4215	7625	5428	4047	6816	10722
ENSG00000196199	80250	1233	1548	1035	790	808	1561	1145	996	1250	873	925	1022	872	1129	950	1573	564	1172	1194	1140	1311	791	646	1606	1370	1317	770
ENSG00000192808	3350	51	64	88	46	95	81	51	25	64	66	69	130	95	50	105	35	64	67	90	56	50	73	36	93	30	43	37
ENSG00000179172	4300	70	76	53	100	57	56	39	76	127	100	36	82	66	81	40	74	71	78	78	51	81	54	71	94	70	51	50
ENSG00000242570	1450	25	16	20	18	21	16	15	22	22	10	19	18	11	20	14	14	23	13	20	21	3	7	6	16	13	36	26
ENSG00000157436	156650	2262	1590	2654	2995	3881	2357	3093	3126	6061	3898	2138	3718	3344	2470	4482	2006	4733	3440	4117	4408	2628	3700	3164	2527	6110	2892	4501
ENSG00000123645	750	26	14	12	12	10	14	17	14	13	11	13	19	10	17	33	15	21	22	24	26	14	16	17	17	14	15	20
ENSG00000151888	93000	2849	2524	2366	3825	2387	3092	2325	2040	3593	3239	1309	2925	2450	2345	2179	3386	4458	2638	1844	2350	2676	4356	3318	2625	4001	2329	1954
ENSG00000237381	9300	119	271	192	193	181	304	187	330	112	175	107	330	240	138	117	102	180	219	243	123	227	131	126	294	274	216	123
ENSG00000230845	2100	35	41	42	44	87	37	70	57	71	63	52	65	53	56	88	83	57	40	69	54	81	58	82	60	47	57	57
ENSG00000155861	7450	202	137	274	367	223	219	239	269	126	136	262	279	298	207	149	222	123	229	200	225	226	120	257	153	179	186	185
ENSG00000247494	2100	46	22	27	22	16	25	44	11	36	50	35	13	46	26	20	39	29	38	26	38	41	29	35	68	41	37	27
ENSG00000221099	7350	237	181	223	241	229	132	226	143	151	278	220	253	206	164	177	144	250	237	133	331	239	161	187	192	230	229	111
ENSG00000206186	7300	179	113	154	155	85	75	129	177	165	92	134	111	156	136	121	150	120	192	106	100	64	82	134	130	101	128	80
ENSG00000144969	4350	98	106	140	140	100	130	67	107	91	137	111	139	104	188	97	116	33	78	155	117	129	86	158	142	113	117	112
ENSG00000192230	76750	1339	1213	623	999	573	1538	1155	1729	739	1211	1572	767	1331	806	1160	1587	1441	1500	1115	908	1408	1104	680	1970	1408	848	1727
ENSG00000214224	90000	1495	1196	2781	1434	1365	1681	1714	1326	1802	1605	1490	1266	1448	1528	2565	788	1597	1498	1233	1395	1362	1727	1576	2216	1911	1413	2012
ENSG00000130379	2200	47	52	50	179	71	103	124	404	272	504	364	137	324	212	206	768	711	930	750	32	53	21	10	2283	2052	1816	1457
ENSG00000140446	13200	510	467	528	426	500	393	516	484	495	339	614	791	700	301	426	551	380	827	682	490	553	474	288	518	968	463	434
ENSG00000187309	13400	110	270	192	209	104	165	109	337	221	97	219	110	398	234	174	109	145	171	133	110	221	214	137	213	98	143	129
ENSG00000240182	650	17	22	28	34	32	17	20	15	12	14	18	45	32	28	20	34	28	20	36	24	20	51	18	26	29	27	18
ENSG00000218558	450	8	4	7	7	4	4	8	6	5	3	5	8	5	3	2	10	6	4	8	8	2	5	3	3	1	3	16
ENSG00000229858	52750	2097	1301	740	1530	2738	2663	2783	10601	8385	10644	15447	5490	4914	2739	3978	17345	12968	13607	12233	564	759	600	886	34340	58527	36266	35021
ENSG00000224656	6450	226	242	148	181	511	210	162	867	1020	1487	2204	528	668	599	796	2260	2283	1002	1709	94	41	40	70	4011	3561	4278	3329
ENSG00000145088	2150	126	105	127	73	124	49	148	145	98	111	94	80	118	132	67	148	45	133	102	135	170	158	107	123	88	125	98
ENSG00000138076	453400	4010	7659	6398	16935	3645	7779	13758	53325	55068	58097	41115	23925	19603	26264	26536	86455	79268	87751	127534	3717	2949	2279	2812	107200	249125	191736	264653
ENSG00000172889	27400	143	271	446	395	276	399	341	338	301	254	192	235	273	175	289	375	350	233	197	513	259	341	344	244	362	462	285
ENSG00000221124	3400	95	57	68	58	73	62	34	94	114	75	62	64	94	42	118	65	93	76	41	41	71	36	93	95	59	43	69
ENSG00000100861	86100	1512	1536	1992	2656	2217	1541	1247	1508	1595	2342	1321	1475	1351	1767	1747	1070	1322	2201	1173	1706	1847	1937	2002	942	2335	1826	1511
ENSG00000196929	900	23	10	15	17	32	23	28	16	38	24	36	34	25	38	34	32	22	28	48	43	20	23	37	22	26	21	24
ENSG00000161573	217250	2029	3256	6870	4177	3488	5334	2750	3490	4595	3829	3966	4761	3979	6052	5005	2907	6116	6054	8544	5007	5351	4417	3696	3934	7843	5682	5399
ENSG00000240998	8400	163	186	164	144	332	285	214	174	215	205	182	207	251	311	151	120	216	196	185	147	179	205	85	245	267	116	151
ENSG00000141436	650	6	13	6	35	24	28	17	81	83	24	125	53	39	22	29	173	101	123	121	3	1	3	8	363	318	245	211
ENSG00000201260	10800	375	377	344	242	240	269	365	428	280	332	248	271	472	229	206	232	217	352	184	336	311	127	419	152	228	441	280
ENSG00000104040	39800	338	1165	1143	885	736	495	730	596	626	871	793	1184	619	783	740	766	735	456	563	842	820	652	925	927	597	1171	1045
ENSG00000154406	16050	453	164	287	247	207	258	349	292	405	340	420	306	383	231	223	300	276	228	373	456	258	291	267	197	413	181	151
ENSG00000171270	2100	49	42	94	61	71	100	60	39	49	66	47	65	60	71	96	93	33	50	107	58	61	58	42	60	68	68	73
ENSG00000172647	39000	543	323	466	960	1253	1809	721	3245	4592	5597	4678	2197	1835	691	2780	13911	7344	15922	11400	129	384	239	323	21720	18312	21261	8826
ENSG00000181283	44650	730	643	870	2167	999	1382	1737	1421	1420	895	1782	671	1010	1018	1049	1168	995	715	1922	984	1554	1108	882	776	733	747	1355
ENSG00000206424	62500	1395	1574	1018	2581	2299	1556	2076	10180	17691	2695	8878	5290	5633	3635	2901	15623	18566	17742	30008	538	695	606	764	27398	29145	48461	39942
ENSG00000178344	7800	133	202	82	230	227	74	102	139	154	193	245	91	131	104	84	218	110	187	260	129	195	160	123	195	160	208	155
ENSG00000125478	126150	2329	2541	2362	4698	6372	3866	3125	11635	15091	18605	15882	6286	4829	7857	8307	33439	31267	23455	26301	689	1105	968	492	43153	72415	74974	113587
ENSG00000240107	1300	8	20	25	26	33	21	15	18	25	26	29	25	24	32	34	21	36	30	26	30	22	22	24	12	29	19	21
ENSG00000210785	19400	1030	603	373	743	486	447	947	562	514	785	382	455	573	462	457	548	646	569	512	594	454	820	541	636	348	558	399
ENSG00000247409	8100	108	138	95	426	399	239	147	1270	1010	1616	931	888	838	726	574	2613	2170	2499	2649	94	108	90	51	3344	4910	5137	2826
ENSG00000136483	81900	2301	1775	1800	1180	1706	924	1270	1757	1499	3270	1481	2640	1650	1622	2784	2617	1265	1863	1783	1588	2640	1688	3230	2383	1539	1768	2015
ENSG00000192542	41650	1971	1173	1023	1966	1572	1918	2368	7122	7710	7820	5461	5081	4381	3040	6285	29771	14950	9207	31420	607	589	516	526	21179	50800	42903	27751
ENSG00000195022	76550	2014	888	1808	801	853	866	2138	839	1198	931	1071	1696	993	1727	1027	1043	1200	1428	1194	869	1306	1113	1608	1279	1189	1458	1214
ENSG00000161583	3900	73	120	58	77	75	101	84	92	40	46	109	128	38	73	106	88	79	65	23	64	60	94	61	80	62	93	49
ENSG00000239002	650	7	20	14	7	30	17	27	11	16	16	31	26	24	10	15	19	29	25	22	27	20	27	12	26	34	16	19
ENSG00000158319	15800	244	586	456	594	333	367	231	416	515	335	222	484	154	616	291	479	342	232	249	508	310	161	294	335	654	274	400
ENSG00000247057	1300	43	38	50	55	49	18	54	63	31	14	46	38	66	23	25	51	47	44	49	28	22	39	30	30	29	25	27
ENSG00000163907	1300	32	43	37	106	56	93	27	249	294	303	242	107	109	191	173	582	368	631	575	8	23	16	16	1452	734	1352	1224
ENSG00000206228	4050	64	135	107	252	380	222	273	699	1009	667	481	281	428	476	468	2048	2026	2327	932	61	36	54	49	2231	3899	2910	5994
ENSG00000235850	4450	57	68	34	100	53	79	39	30	40	77	30	74	52	90	63	97	83	156	115	84	75	77	58	75	106	72	75
ENSG00000171211	13100	453	148	391	259	396	408	512	248	415	192	330	500	355	271	263	260	433	424	247	223	249	471	441	481	211	636	289
ENSG00000156273	118200	2597	2339	1378	2539	2227	1979	1482	2556	1561	1546	1064	1941	707	2809	1919	2351	2815	1594	2564	2551	2036	2729	1313	1306	2095	1555	4012
ENSG00000240197	26650	143	456	355	534	390	756	505	805	429	398	375	565	549	540	442	679	425	302	686	415	149	405	630	422	501	465	225
ENSG00000147765	63650	2898	2126	2557	4739	5654	6078	9196	15990	24233	23570	19846	9043	7862	4657	9572	45770	36672	44379	26369	1458	1273	705	1468	88890	56283	58733	42069
ENSG00000148092	8200	207	127	76	184	192	216	112	165	250	158	170	227	133	233	121	192	251	188	51	122	103	332	149	170	176	121	152
ENSG00000210955	8850	264	261	166	200	185	137	157	156	302	266	210	196	187	92	205	134	206	162	259	170	237	231	174	177	211	286	187
ENSG00000197517	13250	251	179	240	188	226	92	76	187	229	261	196	310	241	211	175	190	172	146	251	170	377	214	253	110	253	202	234
ENSG00000147874	2050	142	95	108	72	74	73	96	121	115	165	61	134	102	95	101	74	111	59	156	68	132	93	107	155	56	87	148
ENSG00000214067	3700	61	86	73	176	112	153	52	345	199	328	256	383	110	180	221	1126	1068	1364	832	64	32	12	27	1634	3357	1520	1918
ENSG00000114674	9950	131	162	156	75	236	185	251	180	108	156	166	157	137	145	138	140	204	94	218	159	96	264	122	163	117	148	125
ENSG00000196524	9900	480	367	264	339	352	373	319	388	167	221	732	263	433	170	333	295	493	206	284	458	298	212	420	187	284	379	352
ENSG00000121900	400	2	3	3	4	3	0	2	1	2	5	0	2	4	3	2	0	1	4	1	1	2	3	1	3	1	1	3
ENSG00000229225	2150	52	33	43	29	45	57	90	39	87	59	49	52	68	32	39	50	33	57	36	51	48	40	67	59	30	52	43
ENSG00000180391	53850	996	1047	1076	826	859	1796	833	925	1281	619	1086	823	1540	1317	882	1318	825	1706	852	1007	1404	1164	687	1622	568	1596	656
ENSG00000102258	3600	54	42	27	20	33	44	32	32	36	21	24	49	22	38	42	32	56	30	34	20	30	49	19	32	47	33	28
ENSG00000187758	175500	1765	2416	2162	2193	2162	2987	4049	3437	2868	2401	981	3025	1401	2138	1723	1868	2252	2731	1113	2451	2646	3116	2300	2028	5298	2885	4021
ENSG00000121340	1600	53	30	65	46	28	24	35	16	32	62	48	46	20	64	29	31	32	26	57	23	36	15	25	47	19	20	27
ENSG00000151481	4500	95	161	82	71	26	46	66	71	56	43	53	125	127	104	82	35	78	53	64	95	111	112	118	66	172	115	71
ENSG00000187666	3700	112	79	39	108	43	102	88	85	41	63	49	85	32	46	91	40	40	113	84	87	80	58	46	78	69	83	28
ENSG00000242223	34450	750	573	739	593	715	1079	621	1247	1213	933	672	632	494	1211	882	1082	731	739	739	534	690	750	845	717	490	1341	374
ENSG00000177660	5200	170	227	134	84	60	136	79	189	139	83	122	131	141	65	106	88	94	86	109	146	183	203	101	73	88	54	100
ENSG00000201545	28950	162	499	264	407	621	650	231	271	322	311	455	401	344	236	488	297	528	405	334	362	369	295	380	216	541	263	437
ENSG00000145310	800	11	9	9	9	16	6	9	17	8	6	17	8	6	13	9	2	4	11	5	6	5	8	5	4	4	7	10
ENSG00000104853	107150	2742	2236	1215	1715	1100	1276	1183	1713	604	1078	1406	1938	1986	1390	2237	1106	1679	1523	1534	1410	1724	1825	1549	642	1752	2644	923
ENSG00000110218	17050	343	245	362	334	194	204	171	381	190	250	347	303	294	283	400	199	275	254	301	115	302	431	304	298	280	272	292
ENSG00000110051	4300	131	127	59	95	107	81	77	118	210	105	118	56	55	142	86	70	164	114	118	82	98	151	46	126	104	77	105
ENSG00000183141	1250	35	47	52	16	18	32	25	45	24	43	30	37	44	30	61	45	22	24	38	28	38	40	47	30	41	41	56
ENSG00000223440	500	6	11	12	3	11	11	2	8	8	3	11	5	15	9	10	8	18	6	2	15	3	8	7	7	10	4	5
ENSG00000112151	33450	399	269	777	494	465	390	798	587	440	302	922	593	185	720	523	344	339	558	626	696	1340	425	940	691	797	518	484
ENSG00000142742	221200	3296	2094	4768	4791	3748	2135	1548	5458	2720	2036	2801	3042	3701	1439	4287	4283	4362	3970	3629	3919	5468	2442	3785	2700	4561	3600	3018
ENSG00000189254	7100	117	223	85	186	228	165	107	122	177	115	141	165	266	172	37	95	130	152	158	316	150	99	155	135	101	239	121
ENSG00000138633	1000	32	43	14	37	42	30	22	16	13	64	47	23	47	43	29	61	32	29	51	27	27	44	28	25	43	22	36
ENSG00000208448	4050	142	64	57	112	131	118	79	71	42	92	112	136	125	60	180	100	120	76	133	110	67	115	126	53	82	70	87
ENSG00000100229	900	43	41	75	60	74	42	32	59	63	47	56	27	49	41	50	66	81	22	40	44	49	63	34	34	67	53	37
ENSG00000165057	11400	453	431	356	1688	1040	1225	869	1998	3296	3646	4212	1572	1756	1782	2635	13799	5783	8525	5904	249	329	273	240	9089	12397	23897	19524
ENSG00000116125	14200	502	628	489	337	507	521	451	678	219	582	731	431	97	194	475	351	371	260	311	292	305	487	394	663	562	488	577
ENSG00000195057	1950	41	48	69	33	18	57	54	26	58	33	46	43	29	45	35	44	31	104	49	34	43	18	42	43	64	23	42
ENSG00000106666	9550	405	500	199	349	379	277	560	414	381	337	288	394	240	729	348	521	367	306	347	265	381	470	365	304	229	382	279
ENSG00000203366	22600	498	595	448	541	364	452	381	495	450	626	602	617	505	717	631	378	586	216	570	577	577	710	484	383	584	713	431
ENSG00000111949	43800	485	683	527	1558	751	580	580	737	1031	434	649	936	1088	1060	546	697	656	498	1105	713	580	989	670	973	419	1293	1767
ENSG00000116107	2550	47	71	48	43	76	79	50	54	53	96	83	72	35	58	27	70	94	114	33	46	59	66	73	37	55	54	53
ENSG00000117200	8950	152	87	304	124	188	218	165	171	149	301	231	57	389	154	124	105	174	219	105	298	185	107	112	259	168	195	138
ENSG00000189688	28200	267	692	440	495	327	412	678	365	499	493	741	500	432	409	488	444	461	178	257	276	306	286	611	323	330	315	267
ENSG00000236829	700	22	14	10	16	10	22	14	10	6	21	26	14	7	16	23	7	13	11	10	16	16	19	11	20	12	14	16
ENSG00000152074	3000	138	50	82	193	326	234	153	1379	654	851	1100	543	417	429	351	1472	693	1317	1258	67	41	47	54	4270	6722	7064	2115
ENSG00000191390	18700	269	390	792	619	398	440	280	487	298	344	568	428	340	297	590	332	199	466	298	307	291	433	408	488	307	420	303
ENSG00000230218	2950	67	47	62	60	49	38	55	44	78	74	52	28	50	39	47	84	56	66	75	65	66	44	46	36	72	64	50
ENSG00000118471	2650	29	31	39	48	26	18	22	26	33	47	48	31	60	35	18	48	20	44	27	26	43	19	28	19	43	19	37
ENSG00000153811	1150	20	22	10	15	12	16	10	12	17	14	15	20	19	17	18	30	21	27	13	20	14	24	12	11	22	8	17
ENSG00000205311	11300	321	169	180	236	208	143	256	361	176	292	187	302	165	348	161	209	413	211	438	294	237	309	353	196	274	292	288
ENSG00000152502	4200	103	67	93	49	98	44	56	94	99	113	41	76	84	70	89	105	188	112	124	105	116	134	177	69	43	120	95
ENSG00000235722	17100	307	217	319	211	150	258	296	348	274	195	358	263	119	304	219	253	243	237	299	176	305	178	175	101	278	194	206
ENSG00000120118	2300	37	45	28	126	76	92	87	255	413	423	327	307	394	213	226	1149	1021	698	765	12	22	34	15	2104	1544	1002	1133
ENSG00000126358	19400	231	388	740	445	222	191	718	374	520	367	751	369	404	379	387	403	489	421	202	459	560	89	328	333	318	463	593
ENSG00000195646	9850	194	240	279	195	211	195	286	212	217	164	157	196	138	267	180	286	193	225	167	188	103	329	197	180	235	277	240
ENSG00000153030	9050	141	169	222	141	204	260	250	150	184	217	163	300	280	210	150	210	201	209	157	126	328	284	214	204	91	272	74
ENSG00000167072	2050	87	80	56	40	49	106	50	42	47	78	49	58	66	70	32	55	59	50	128	68	59	62	46	89	75	64	78
ENSG00000212678	4150	107	78	130	64	82	76	67	88	95	108	88	59	104	107	78	22	58	83	78	145	61	74	99	46	53	77	101
ENSG00000209897	7900	228	334	180	204	228	137	279	72	180	276	133	117	217	236	134	193	113	155	231	225	143	253	120	158	254	275	210
ENSG00000162385	74100	1354	940	1491	1483	1400	1374	841	901	597	1427	982	1672	1162	529	613	1676	1105	2190	1540	1498	1747	644	1428	1226	1376	1595	2222
ENSG00000186475	3250	34	77	70	27	77	27	69	95	61	30	55	42	42	30	36	38	32	71	54	63	29	28	40	61	40	84	41
ENSG00000177250	1300	42	47	29	28	32	25	29	32	17	22	27	47	35	31	26	47	70	40	22	11	30	47	29	51	35	39	39
ENSG00000114940	91300	2669	1552	3238	1521	2472	3545	2225	2166	2089	2634	1227	2193	4888	1418	2593	3225	1210	1942	1312	3680	1315	2952	2323	1396	2735	2278	4711
ENSG00000224231	12650	221	497	161	764	392	453	380	2500	2445	1712	1465	821	1252	712	1095	4258	5534	6267	5501	120	117	178	141	9205	9360	8851	15267
ENSG00000161020	151100	2766	5073	4023	7047	6985	4599	3256	3519	4397	3917	5770	3236	6025	4789	6254	6110	2968	4475	3930	3012	2319	3716	2814	2748	4836	3142	5165
ENSG00000205205	100650	1274	2222	672	2260	5126	2355	1841	9263	7271	11196	6844	4712	5813	9325	2375	21177	19157	20259	33049	1057	742	1066	795	26802	50153	34926	47375
ENSG00000240497	214550	5108	4517	5766	5889	4071	5073	3651	5822	3243	5270	7066	6661	2398	5199	2226	3222	5050	3827	5119	4415	4470	9372	5821	3887	4729	3926	2783
ENSG00000225990	450	1	12	5	7	12	10	9	11	8	9	6	5	3	18	7	5	2	1	11	5	7	6	5	9	6	14	3
ENSG00000204787	6900	71	96	221	146	128	163	145	98	127	216	93	128	103	235	158	143	145	61	139	139	125	47	119	150	117	107	174
ENSG00000198845	1450	24	17	46	27	23	9	25	27	31	13	31	19	29	25	9	22	24	15	27	10	19	13	23	22	22	31	17
ENSG00000221332	36950	1009	713	884	1101	478	752	605	1192	606	799	1013	1069	571	1050	805	372	523	718	1069	703	1023	1188	650	882	1373	574	690
ENSG00000117609	550	8	5	3	4	9	13	7	8	2	4	4	3	4	4	11	6	6	2	8	4	3	2	3	9	8	5	7
ENSG00000212474	2450	73	40	31	38	22	59	46	62	77	72	30	38	107	45	83	65	77	60	48	59	55	33	60	54	44	57	50
ENSG00000241375	100	11	1	6	5	11	7	7	10	10	6	9	3	12	6	0	7	12	3	8	4	1	5	9	7	6	5	9
ENSG00000218754	8650	109	99	218	94	129	155	171	158	141	148	192	96	161	62	78	163	53	133	110	104	127	110	118	132	177	165	148
ENSG00000145532	250	10	8	8	18	8	12	8	4	13	9	5	20	10	8	5	5	7	12	14	4	2	8	4	7	9	22	9
ENSG00000242391	3500	134	104	98	106	60	100	95	82	52	86	115	92	68	89	67	50	89	36	98	59	80	46	69	88	129	66	38
ENSG00000132901	10400	93	287	186	276	460	331	355	897	855	1112	833	472	677	626	462	1494	2663	1874	2132	96	54	53	40	3914	6471	6185	2626
ENSG00000209177	24900	635	569	432	403	630	638	631	324	270	352	349	697	547	419	560	470	536	395	502	625	715	374	471	500	771	600	352
ENSG00000197293	26350	502	560	429	408	151	671	399	390	347	330	335	207	243	410	393	466	215	337	390	323	487	282	397	423	333	284	320
ENSG00000110595	3300	100	83	112	96	49	116	45	94	66	101	97	65	85	143	50	70	61	91	96	111	113	150	87	138	93	133	232
ENSG00000109231	6900	74	148	108	134	221	156	72	79	156	156	190	142	117	135	83	129	85	172	167	149	128	96	71	74	103	110	107
ENSG00000183098	1550	29	19	20	35	33	36	61	27	32	14	43	16	37	46	39	36	40	40	25	43	36	36	43	18	20	24	32
ENSG00000113119	228800	4320	3583	6168	4245	5046	4239	7141	5998	4532	4269	4068	3640	2013	7645	3307	3295	2718	3051	5885	3517	5019	3059	5809	2891	2604	3939	2712
ENSG00000215576	57100	2610	1379	1869	3082	2271	1885	2281	14791	12925	6728	5121	2368	3282	4224	5430	14356	6783	15329	16320	697	1084	618	1338	35806	25181	66691	34571
ENSG00000140056	13500	203	676	420	479	315	430	328	397	490	695	221	340	301	334	536	560	547	400	240	333	418	523	262	447	323	251	283
ENSG00000161517	950	19	21	31	15	18	11	17	19	29	15	18	25	25	13	6	21	17	16	9	28	16	22	34	21	20	7	35
ENSG00000235703	31250	485	522	351	224	597	858	554	483	372	509	400	269	470	289	288	438	226	706	261	555	713	427	635	318	373	638	521
ENSG00000235285	169350	1913	2090	2238	1698	1393	2158	2357	3451	3743	3061	3532	3957	2419	2967	2768	3795	3304	5569	2259	2220	1810	2585	2694	2224	3080	2630	2607
ENSG00000179307	44900	924	1444	1383	881	881	1398	937	1388	942	1260	1533	1220	1442	1723	836	1817	2058	931	1248	830	2037	861	925	1343	1675	1290	1795
ENSG00000137265	32450	358	995	488	526	631	312	512	761	853	532	649	383	773	1047	738	466	788	673	848	650	592	799	633	580	1023	340	550
ENSG00000159578	50600	1046	526	1010	919	769	952	894	946	1025	564	627	450	407	933	869	917	696	495	714	516	711	425	776	862	1087	514	815
ENSG00000165279	551000	13060	21239	16783	9015	10776	11968	11959	12245	12814	12965	10228	12131	13629	34450	9159	18696	7259	9349	9379	11826	14579	8466	22288	14473	12611	15972	7814
ENSG00000238968	9350	257	169	187	224	236	217	311	220	243	231	149	246	194	174	191	291	197	204	208	283	135	250	270	146	173	311	275
ENSG00000210811	82200	1601	4217	1395	3116	3659	5213	4193	19870	33233	20179	15676	8546	9775	14705	9466	40335	42253	29675	24226	759	913	1170	876	73177	64381	67285	63154
ENSG00000154390	3900	49	101	66	79	100	61	54	94	85	112	52	44	67	133	136	45	96	62	66	108	88	88	61	71	50	59	116
ENSG00000124324	85550	2516	1330	3100	1656	2874	2895	4012	2959	2823	2525	2900	2792	3923	2752	2641	2347	1391	2166	3251	2016	3233	3121	3525	1833	2381	2396	2437
ENSG00000200104	7050	174	159	230	257	297	229	414	87	224	168	190	375	114	543	398	165	318	276	176	319	292	170	550	166	284	162	253
ENSG00000104636	650	5	11	3	13	25	25	27	66	70	53	67	31	18	47	41	228	71	138	90	7	0	5	5	259	373	272	285
ENSG00000225699	500	16	18	7	14	4	16	13	10	7	10	12	6	11	11	13	8	4	14	7	11	3	14	9	14	7	12	15
ENSG00000238151	7000	92	71	89	136	107	165	145	102	115	176	97	101	111	134	102	87	46	95	152	53	98	101	63	95	100	129	142
ENSG00000110075	7000	91	116	124	82	153	134	79	79	158	127	146	115	138	117	111	205	176	237	93	208	153	177	175	185	144	163	166
ENSG00000116066	350	6	5	10	13	5	7	11	36	42	37	45	24	13	20	8	77	101	141	80	1	2	2	2	124	204	182	210
ENSG00000176130	31850	610	364	330	710	651	672	559	589	680	346	360	717	402	720	382	407	515	545	738	248	381	490	410	630	619	514	517
ENSG00000219989	200	12	9	8	1	7	10	3	6	3	2	9	4	7	4	4	2	4	12	8	8	4	4	6	7	3	7	16
ENSG00000214160	12000	278	288	384	310	163	178	177	306	241	149	166	177	171	333	309	221	363	129	154	179	170	319	202	292	229	180	102
ENSG00000129035	900	27	19	21	23	14	5	19	22	12	13	15	13	15	17	21	15	13	20	24	9	12	16	25	22	27	18	21
ENSG00000225266	76650	1898	2253	1722	3891	2228	3072	4909	13444	9478	10878	15879	4751	4241	5599	7581	27303	23148	27274	24227	766	829	781	322	60139	73096	55045	62687
ENSG00000113796	27500	532	619	674	404	424	404	683	648	599	701	267	834	640	513	355	989	773	1041	726	453	800	459	856	704	593	292	386
ENSG00000185979	26200	540	822	567	471	888	454	653	859	406	495	507	644	911	445	384	494	626	724	518	681	280	751	832	410	466	497	426
ENSG00000240846	4500	30	53	47	25	111	78	44	78	84	59	74	77	20	71	90	59	59	67	35	102	22	86	88	76	58	61	74
ENSG00000111438	77600	994	1678	1196	1708	1450	1201	1354	1220	1864	1516	935	1614	1489	1423	1410	1251	1497	1093	1054	569	812	1334	1581	945	1061	769	1555
ENSG00000229563	4250	40	84	108	94	123	80	97	69	84	100	107	83	62	67	55	88	94	34	96	115	48	48	62	76	56	107	82
ENSG00000237275	3700	84	119	81	128	96	59	115	81	55	83	116	76	93	71	87	117	82	130	101	76	115	62	64	118	90	73	123
ENSG00000199063	550	12	23	13	53	47	28	25	61	123	119	118	53	38	46	65	414	208	181	233	4	3	8	3	296	530	369	413
ENSG00000118042	9700	259	358	132	202	293	228	224	234	224	301	382	350	249	122	253	268	184	170	116	205	224	181	202	229	292	313	243
ENSG00000227310	23750	763	718	834	661	908	458	574	558	1163	708	408	502	923	553	622	832	317	367	578	552	783	772	736	360	846	456	521
ENSG00000192633	16400	279	258	326	316	271	133	376	253	264	272	228	176	143	190	214	355	208	238	257	227	199	255	156	327	164	471	205
ENSG00000178859	20800	578	340	160	368	629	604	606	472	626	206	518	789	454	429	399	429	299	342	574	625	429	420	221	425	409	272	433
ENSG00000200129	27300	359	939	493	682	358	405	845	501	762	333	414	446	622	591	755	678	537	638	338	377	484	437	775	692	502	455	486
ENSG00000174574	1950	29	34	48	48	49	38	26	18	29	37	39	26	41	44	55	36	49	29	27	69	51	25	45	50	71	37	28
ENSG00000158191	223700	7541	15623	7642	7295	7917	5106	3676	7016	11097	12741	4526	8107	6788	5715	9417	4188	5148	9007	7843	4285	6205	7751	7493	5740	7848	7532	6564
ENSG00000239666	100050	1958	828	1728	1181	1290	1878	1841	2373	2181	1568	1762	1832	1794	1114	1455	1924	1921	1441	2757	1755	1164	1535	1656	1940	1405	1353	1276
ENSG00000145078	25150	528	539	407	425	494	471	646	515	297	636	555	401	560	300	318	613	378	326	534	337	229	208	482	432	308	489	654
ENSG00000236474	9000	257	273	204	159	120	145	88	269	187	209	318	364	146	311	225	342	271	228	199	169	185	282	168	173	244	104	112
ENSG00000137976	17750	481	573	307	168	529	309	292	188	274	260	382	376	326	321	271	171	473	222	274	316	251	377	320	141	349	394	337
ENSG00000148146	250	4	6	11	8	15	8	11	10	8	4	5	7	8	16	5	9	17	7	9	5	10	13	19	8	11	20	5
ENSG00000144620	1100	16	15	13	16	9	15	20	21	8	17	11	23	17	10	13	15	12	9	9	13	11	12	6	13	11	12	17
ENSG00000173525	1200	48	47	31	11	35	29	39	26	27	40	23	49	52	14	30	21	22	31	44	29	22	19	35	32	34	43	26
ENSG00000197384	1100	17	18	40	10	30	16	17	11	18	10	25	33	19	22	25	44	26	25	26	19	27	42	14	26	19	24	16
ENSG00000121038	2000	48	41	28	34	35	24	28	37	47	48	35	37	65	32	36	21	53	24	25	38	34	50	25	32	18	32	47
ENSG00000130395	550	5	14	13	9	6	10	16	14	21	9	5	10	3	7	4	10	7	10	5	6	8	9	5	11	4	6	11
ENSG00000128405	17550	376	481	321	456	517	481	376	609	287	440	473	650	202	527	332	479	302	322	490	430	458	551	589	625	258	236	508
ENSG00000121461	89150	1743	2452	718	1846	907	1556	1837	2392	2434	1959	1145	1503	1156	2339	1752	1285	1817	1226	1784	2069	2097	3009	1481	2251	1013	1721	3423
ENSG00000218546	62800	1416	1731	1585	2403	4000	2770	2991	13189	12714	11359	10852	7330	5274	5267	6283	18567	14611	22442	26839	878	494	1024	823	64815	52740	24955	57222
ENSG00000157186	7200	191	203	134	175	147	220	185	190	148	136	192	128	223	196	169	115	193	173	230	93	243	244	263	329	207	241	212
ENSG00000204585	3100	57	44	50	40	41	84	37	39	56	49	40	28	53	77	75	80	59	15	28	56	105	47	21	46	42	43	28
ENSG00000237172	1800	34	55	29	30	50	60	62	39	49	47	42	40	34	42	39	18	34	58	49	68	44	73	49	32	53	25	42
ENSG00000245684	91650	1351	1045	1088	1331	1986	1265	1156	2012	1968	1485	1351	730	1259	971	1786	1566	1215	1666	1383	2069	1875	1060	2038	1036	1443	1731	1560
ENSG00000116823	9100	304	173	180	216	202	295	171	159	124	180	195	190	185	189	111	250	110	209	237	150	172	213	210	137	150	157	259
ENSG00000192899	1950	75	85	54	86	117	82	90	41	100	72	29	71	90	99	75	97	78	42	97	56	99	101	70	54	95	115	52
ENSG00000168197	6650	291	534	490	271	420	341	268	274	577	306	252	357	152	291	334	270	353	389	274	403	229	319	301	274	370	315	327
ENSG00000144698	21900	557	431	605	426	471	330	313	593	528	560	420	309	394	489	298	213	384	557	329	464	428	371	301	499	456	408	318
ENSG00000227043	8600	158	216	130	253	377	292	176	270	173	223	167	310	302	326	180	188	225	222	271	129	289	168	186	207	187	208	269
ENSG00000236777	44350	600	605	729	1078	1090	673	783	869	586	401	478	719	679	1486	427	739	1304	474	532	323	568	485	958	622	420	699	789
ENSG00000186924	0	2	3	7	4	1	3	1	0	5	2	1	1	4	2	0	2	3	0	2	3	3	2	2	2	3	0	3
ENSG00000244911	47750	1393	2162	2025	2020	4129	3742	1804	10688	21220	17668	14615	8043	7357	3772	5191	17625	21218	34397	21387	903	1215	1207	1289	71696	55130	39405	80276
ENSG00000248686	100	3	8	3	3	1	6	8	1	6	0	2	4	3	2	3	1	4	7	3	5	1	2	2	2	8	2	2
ENSG00000125610	1500	25	28	15	24	26	17	22	10	29	27	37	22	50	45	16	19	21	28	40	24	22	24	26	42	35	33	21
ENSG00000113523	4650	81	127	50	143	115	58	77	58	89	91	73	57	175	88	104	114	92	198	101	146	170	158	101	162	121	121	78
ENSG00000239125	0	0	4	0	0	0	0	0	1	1	4	3	1	0	2	0	1	2	2	3	1	1	0	1	1	1	3	3
ENSG00000241491	426100	4393	4199	4006	3188	7623	12865	6010	2830	9392	6349	2486	6067	7428	3137	4801	5841	7166	2769	6108	2688	6145	5467	6951	9471	5442	7719	4635
ENSG00000138906	250	8	15	8	1	12	3	11	17	14	12	3	15	9	15	8	13	5	7	5	16	3	8	12	6	6	14	13
ENSG00000244185	6650	167	108	108	223	387	152	208	1202	1347	1107	1544	497	820	457	382	1571	1720	792	1989	101	53	47	47	4441	4135	3059	7929
ENSG00000106605	2100	61	42	61	153	116	45	99	62	72	94	76	46	109	86	88	72	39	150	100	128	91	89	61	85	66	120	56
ENSG00000213459	3150	13	105	90	112	74	90	85	86	96	41	77	52	81	81	73	63	81	108	95	54	89	55	86	60	75	87	66
ENSG00000148705	8150	94	204	139	141	74	275	112	220	113	118	150	136	158	87	174	72	157	131	117	139	151	234	154	194	187	145	117
ENSG00000135392	159700	4485	2132	2110	3504	3264	2981	1683	2993	4681	4061	5044	2310	4986	3210	2383	1800	2090	5313	2820	3368	3182	2350	2345	1866	3551	3697	3390
ENSG00000246925	2150	37	56	34	75	29	49	55	56	56	57	55	64	52	90	62	44	44	44	66	35	38	43	47	23	86	57	30
ENSG00000172697	149000	1816	2733	1717	2130	2218	893	2107	2376	2991	2596	1568	2193	4920	1409	1806	1717	1374	2355	2040	1956	1594	2297	1658	1936	1499	2156	2145
ENSG00000216572	150	9	3	16	1	4	9	2	3	6	6	7	10	9	7	6	10	2	11	2	3	11	2	7	3	6	12	4
ENSG00000114899	2850	46	157	47	142	38	102	100	42	107	59	59	73	74	54	66	76	51	88	55	61	78	91	66	61	20	56	102
ENSG00000174401	75450	1155	1152	525	871	1480	822	1121	792	1522	1073	847	1527	1199	1342	1315	1571	617	1205	882	885	960	1278	1720	410	1257	597	1116
ENSG00000100274	800	19	22	10	12	6	5	19	26	12	9	12	12	14	23	19	8	21	9	9	32	13	3	13	12	12	16	10
ENSG00000129420	17000	264	249	197	95	210	409	137	127	205	285	165	255	549	240	213	443	282	166	190	133	233	311	202	202	163	231	311
ENSG00000119920	2000	57	40	28	45	59	37	40	56	63	47	70	45	31	56	72	60	95	65	92	69	79	65	70	46	36	71	26
ENSG00000139557	45050	879	404	692	587	638	448	626	628	468	703	471	1215	365	738	464	1429	448	461	431	1188	514	654	750	346	728	591	477
ENSG00000235052	26750	567	198	459	255	675	450	531	225	259	388	496	271	302	366	369	435	609	358	251	311	452	382	261	381	523	220	432
ENSG00000137441	2300	41	56	59	51	70	77	30	67	43	40	72	38	52	68	83	25	30	85	32	76	55	70	46	59	49	78	54
ENSG00000185925	39850	1099	674	504	1801	1618	1383	1626	2979	5562	4968	3634	1372	2856	2141	1623	11517	7098	9341	8982	395	300	130	524	20952	16410	41163	17333
ENSG00000163119	1300	92	78	117	52	84	126	56	142	56	63	63	49	102	57	52	44	143	105	66	72	54	70	120	154	88	85	76
ENSG00000233456	350	7	10	8	7	4	10	4	5	11	9	8	6	4	9	11	6	10	3	7	13	8	8	3	7	10	7	5
ENSG00000192879	200	3	19	5	3	9	9	8	7	12	13	5	10	10	5	7	7	8	13	8	5	4	4	13	9	4	2	10
ENSG00000191471	27200	484	645	525	550	368	298	192	367	319	420	597	434	266	424	716	181	443	523	484	296	224	647	434	386	262	485	372
ENSG00000213151	2850	38	76	50	78	61	108	114	96	51	38	76	57	54	74	59	53	53	34	88	97	99	70	70	91	72	85	96
ENSG00000180546	4400	91	78	98	128	109	123	96	63	121	72	113	118	147	84	44	102	98	51	84	77	101	115	99	78	146	90	95
ENSG00000158890	39650	804	601	1181	1139	896	999	1115	738	456	614	1178	1424	873	739	890	1104	904	843	659	982	920	660	710	567	816	1130	771
ENSG00000159405	6650	136	182	143	141	140	68	274	140	180	166	221	181	188	224	174	229	363	101	227	252	178	175	135	114	110	235	110
ENSG00000139837	591100	7161	13582	7133	11155	5758	12750	6239	7295	6460	7963	7380	15237	9247	7616	10398	8299	5607	14001	15121	9551	8874	16310	10512	7638	4981	7107	8982
ENSG00000111215	100	6	3	3	8	4	7	8	3	3	6	11	7	5	14	8	2	8	6	10	5	7	14	6	6	6	6	3
ENSG00000241089	44600	1310	1230	758	1172	931	1185	742	511	1320	1838	1103	1603	1373	1437	1362	2249	1402	775	412	1161	1310	849	1011	1565	1012	1909	1365
ENSG00000189644	1100	18	28	22	30	32	19	33	106	185	201	84	91	89	61	126	437	413	499	396	9	20	14	16	555	843	976	323
ENSG00000249525	400	7	10	7	6	7	7	9	7	8	10	8	5	6	11	8	6	7	7	5	5	9	11	6	9	9	4	4
ENSG00000107177	94050	807	2658	3283	2243	1799	2533	1825	3194	1901	3101	1772	2986	1324	2597	1187	2627	2792	2798	2186	2145	1778	3790	2935	1468	1621	2288	3343
ENSG00000138889	3250	86	33	34	100	61	157	125	371	404	395	350	205	230	171	183	566	1562	934	775	50	24	27	44	1261	1572	993	657
ENSG00000103317	8800	121	152	170	459	311	221	377	1599	1872	1456	1070	853	515	622	412	3006	3126	1474	901	62	100	116	39	6568	4413	5990	3488
ENSG00000197764	7750	190	152	183	344	601	500	469	1446	2061	851	1677	747	680	842	878	2329	5931	2425	3019	109	105	70	56	6237	6652	6852	5434
ENSG00000149706	8800	133	300	101	111	273	176	137	204	132	162	254	122	271	224	162	127	164	164	157	263	156	76	291	272	102	258	90
ENSG00000175158	750	7	23	22	25	15	19	14	8	6	13	14	8	26	17	13	14	13	21	11	18	17	20	27	17	17	16	19
ENSG00000127758	14600	91	150	186	173	155	323	342	238	342	184	242	226	226	292	288	229	187	215	323	301	148	142	270	198	151	123	236
ENSG00000112103	199050	1721	1109	1907	2423	3362	2887	3171	1157	3418	3638	2554	2339	2198	1738	2280	2080	929	2027	2265	3235	1966	3013	1837	2149	2370	2231	1597
ENSG00000114892	750	8	14	7	12	15	8	22	12	7	6	11	23	22	17	6	8	13	19	9	8	14	8	11	13	7	14	19
ENSG00000189843	600	18	14	8	10	8	5	2	6	14	6	8	10	13	11	5	14	8	7	11	4	8	20	9	5	11	13	16
ENSG00000131702	1850	22	25	25	37	64	46	57	262	256	179	151	103	37	130	92	368	314	185	447	9	18	12	15	849	1035	1381	1217
ENSG00000153110	32150	1919	1415	779	1097	590	360	704	711	1203	436	956	377	645	1127	709	661	492	501	880	699	676	1001	596	671	674	485	597
ENSG00000164228	1050	14	8	16	40	15	47	49	106	62	264	119	83	110	50	61	213	445	304	357	11	4	7	13	389	601	499	410
ENSG00000126930	200	3	9	2	11	3	2	4	3	4	7	3	4	6	6	1	3	4	1	1	7	4	4	6	8	9	5	2
ENSG00000177572	134900	3749	5218	2270	7634	7721	5961	9491	25292	28869	17561	34245	17480	10616	15213	22039	64560	47312	64343	35807	1086	1481	1349	2607	67354	90041	185072	151583
ENSG00000114354	5050	92	54	117	113	55	104	108	101	100	38	71	87	82	82	80	81	66	69	106	61	93	54	74	58	78	102	78
ENSG00000180746	1400	49	9	13	49	22	65	55	205	177	125	209	84	90	125	69	370	412	525	349	13	12	4	15	713	559	525	612
ENSG00000167746	2400	105	42	36	32	43	44	39	58	80	88	123	92	61	68	27	59	72	38	32	55	31	53	135	28	76	40	47
ENSG00000218670	1300	9	14	17	13	25	21	8	23	14	11	20	18	20	13	13	18	18	18	11	24	21	11	20	12	17	20	13
ENSG00000207552	16850	317	178	163	173	183	102	293	177	247	275	223	321	296	317	309	252	157	258	172	274	220	253	446	160	371	165	313
ENSG00000241470	200	0	2	0	2	1	1	3	6	1	1	3	1	2	1	0	1	1	2	1	1	1	7	1	2	0	2	0
ENSG00000236551	14750	295	246	323	294	334	369	385	431	360	381	249	195	398	322	213	182	271	295	405	272	391	435	154	210	175	231	178
ENSG00000134355	19250	397	587	222	619	556	386	333	350	476	237	649	661	489	434	405	361	418	489	548	400	572	481	833	581	265	360	523
ENSG00000160127	12700	238	125	124	191	115	193	117	192	129	325	159	142	177	157	156	84	153	171	127	169	127	239	134	155	258	171	250
ENSG00000212355	230200	3013	1494	3677	1833	2045	3982	2996	2727	2125	2286	2678	2336	3507	2988	4082	4304	1981	4239	3990	3219	4051	1747	3644	1341	2136	2786	3700
ENSG00000185609	600	24	24	26	3	9	20	13	17	4	14	16	16	9	11	5	13	10	11	6	11	16	13	10	7	15	5	12
ENSG00000197805	2150	41	87	64	62	88	44	65	281	396	464	278	159	106	61	127	914	738	835	479	17	27	16	13	2260	1260	1656	985
ENSG00000149636	350	5	7	3	6	4	3	8	3	6	5	5	4	2	4	7	6	4	7	1	3	2	4	2	7	4	13	3
ENSG00000126311	208400	8112	7701	6507	10181	8101	4552	5529	4653	4719	7571	6270	7609	4316	4328	3580	4600	6350	8845	5218	9132	4472	3117	3175	8077	6622	5130	2816
ENSG00000225137	60550	989	1262	1096	1083	802	1297	1055	1043	780	613	1082	825	1165	1164	932	827	1082	1037	1078	907	829	1008	687	789	884	853	1538
ENSG00000154212	22750	563	563	364	418	461	410	347	396	367	494	370	286	464	255	463	667	739	200	441	458	308	616	695	401	453	605	297
ENSG00000108174	2450	33	31	53	36	37	33	34	37	40	47	51	17	33	13	27	24	34	85	45	28	44	35	26	26	23	30	40
ENSG00000246801	67400	744	1670	1885	1076	1317	1233	1833	1488	1521	2355	1052	1427	1841	1257	2021	1467	1991	1207	1595	1355	1518	1648	2125	1764	1256	1881	2050
ENSG00000159332	6300	140	95	117	231	191	140	99	172	138	150	101	129	123	188	140	172	137	160	161	198	238	238	88	241	165	149	202
ENSG00000173777	4600	57	141	103	61	100	102	94	158	114	50	65	89	62	151	121	101	121	111	115	129	89	87	65	120	163	66	109
ENSG00000195988	1850	17	41	30	74	74	51	105	42	96	37	40	98	55	32	93	23	62	51	50	33	29	68	73	35	74	36	92
ENSG00000226355	1500	33	36	30	56	102	54	70	321	611	306	219	182	221	135	163	324	533	757	567	15	16	14	16	1716	820	633	1657
ENSG00000135193	1250	21	13	23	28	22	22	14	21	5	15	15	25	40	20	15	29	24	16	29	23	30	23	36	38	19	22	18
ENSG00000224165	1000	11	17	18	9	21	7	29	27	21	24	16	39	11	18	35	19	22	12	19	24	9	19	16	16	23	40	23
ENSG00000161167	23800	322	324	480	350	513	304	511	544	323	304	476	504	284	555	384	288	332	234	364	180	239	268	349	747	364	389	322
ENSG00000171198	11050	168	260	194	454	210	247	364	462	157	127	341	220	238	179	314	347	186	211	240	229	349	199	329	200	173	337	244
ENSG00000140227	2100	96	108	141	100	101	206	106	131	97	78	122	152	81	138	147	190	136	135	219	126	151	91	87	135	103	71	134
ENSG00000193362	1000	13	14	25	32	51	9	23	38	22	43	31	17	54	29	32	34	20	18	24	36	25	41	52	29	37	42	16
ENSG00000143388	11350	485	740	312	194	477	482	291	676	300	531	361	463	374	180	632	447	350	312	756	279	478	987	484	447	369	256	521
ENSG00000186860	29300	286	391	441	500	1064	502	561	545	736	614	685	537	518	547	602	705	492	363	347	670	650	614	379	756	507	654	531
ENSG00000185164	3500	71	91	108	115	168	205	226	509	645	1032	608	350	393	207	429	1231	658	1846	2201	31	46	34	52	3093	1860	1774	3038
ENSG00000207995	2050	17	51	25	49	45	40	34	57	34	41	35	52	26	39	48	20	37	30	45	31	38	32	25	34	51	8	65
ENSG00000192212	36850	885	1172	521	1348	1029	1007	1034	743	458	674	729	806	831	788	723	826	886	1185	963	1432	993	781	1783	776	776	1181	1587
ENSG00000238705	8700	171	321	187	169	294	79	171	150	82	188	300	121	137	139	249	187	201	238	236	124	237	111	105	130	304	250	337
ENSG00000206976	1450	13	26	24	29	9	13	20	14	25	21	20	25	31	32	11	21	22	18	23	30	23	24	19	13	17	27	22
ENSG00000222416	8450	134	207	206	86	140	86	137	146	164	99	219	83	111	261	125	123	109	139	349	183	103	142	279	137	135	177	109
ENSG00000128473	8650	211	209	157	175	111	206	118	279	256	226	131	226	194	284	185	161	229	236	249	206	114	101	166	154	155	166	252
ENSG00000111613	15500	366	467	553	517	444	683	563	381	711	350	293	500	473	438	380	415	526	594	640	815	572	759	354	352	387	258	355
ENSG00000142068	9350	132	159	96	134	220	122	108	122	134	238	119	213	187	207	48	118	196	87	116	172	146	140	110	229	119	140	76
ENSG00000215392	2700	55	60	102	67	55	79	75	93	92	183	55	74	88	114	77	80	71	43	201	126	56	79	108	86	94	70	128
ENSG00000243596	12100	294	307	199	204	564	253	279	479	569	152	652	516	361	410	431	474	372	548	339	381	250	435	183	408	331	322	464
ENSG00000238307	21600	595	350	262	711	224	305	214	389	411	150	363	494	382	216	387	270	626	713	384	618	330	261	159	296	330	422	361
ENSG00000155693	3700	73	56	65	57	84	43	88	124	62	21	48	32	70	108	65	38	43	71	34	37	52	79	74	36	68	38	43
ENSG00000234154	2100	35	55	38	34	70	61	66	61	61	47	56	48	27	77	33	74	82	73	26	113	74	74	29	60	89	69	30
ENSG00000180026	2500	22	93	85	117	67	128	77	472	459	639	269	327	420	375	262	1709	757	809	654	29	31	35	37	2429	3570	3161	1086
ENSG00000146952	650	11	19	14	28	40	24	31	39	22	22	23	10	19	17	7	24	15	24	26	19	44	27	15	34	25	14	14
ENSG00000208266	2250	56	37	33	47	56	47	57	62	51	62	93	20	52	60	81	29	106	30	58	57	41	96	65	37	34	37	61
ENSG00000105786	5450	95	88	85	162	127	85	91	81	61	95	39	51	120	94	112	101	129	92	157	100	147	49	103	71	61	77	79
ENSG00000149510	589550	14973	9875	11995	12525	4558	8603	8397	13475	6483	7116	8781	7563	10197	6873	5393	10152	11948	5963	8383	5267	4913	8200	7493	15709	8464	6963	6107
ENSG00000171472	111600	2442	2282	2251	2686	3559	3276	770	2782	3707	3977	2599	2333	1570	6141	3634	2297	2984	3056	2551	1110	2286	2822	3901	2542	2546	5644	1191
ENSG00000188387	6250	123	130	192	126	92	93	80	83	58	91	62	97	106	101	123	128	102	99	89	100	108	113	99	154	198	73	120
ENSG00000242836	5200	101	69	140	68	65	76	54	67	53	77	82	121	43	93	96	91	86	103	89	75	48	49	45	84	80	76	104
ENSG00000159034	700	2	3	16	9	11	5	14	8	1	1	5	12	5	10	9	7	10	5	12	7	7	7	12	15	10	13	12
ENSG00000175541	1700	29	28	31	25	20	55	22	35	33	22	50	19	32	41	47	52	31	30	27	40	42	39	31	32	56	15	47
ENSG00000232745	25600	526	266	576	344	432	268	550	305	238	461	461	353	375	486	367	259	407	197	221	402	559	432	276	372	246	412	274
ENSG00000178629	6100	244	200	283	240	183	151	141	168	202	220	110	229	151	149	210	98	103	260	232	237	115	118	240	200	344	128	206
ENSG00000248016	500	18	9	7	9	8	5	6	12	8	7	5	5	3	5	11	10	2	11	7	9	10	3	6	6	14	6	12
ENSG00000101451	28150	1028	473	885	1289	2131	1061	661	6331	3832	4515	4383	2616	3366	3168	3684	8880	21198	8499	5732	317	459	423	420	26978	30820	32444	28289
ENSG00000175624	10650	209	157	166	216	214	273	209	155	163	292	174	228	209	207	275	138	317	499	178	178	194	241	221	282	256	141	278
ENSG00000248005	3550	116	105	170	97	157	90	109	160	121	76	64	93	166	162	68	127	95	58	90	96	76	70	169	149	121	48	171
ENSG00000163184	36200	937	962	942	336	906	871	635	1035	549	1087	866	1038	774	1223	1103	1196	877	1167	613	695	720	824	976	418	900	730	583
ENSG00000125552	64350	580	2458	1808	1215	1551	1445	1894	1440	2149	1910	695	1179	1203	2210	1733	925	1227	1707	1673	1515	1353	1664	1640	2202	1253	1442	1972
ENSG00000197138	2750	37	25	36	42	68	55	30	67	24	49	58	83	31	68	36	37	63	27	78	42	57	63	32	30	27	25	45
ENSG00000180845	3750	93	81	93	59	71	70	73	119	69	93	85	59	59	54	82	82	110	72	88	80	57	76	138	110	153	73	74
ENSG00000168864	1600	33	37	30	38	21	34	16	40	33	33	37	28	19	23	33	27	52	50	32	34	22	35	29	56	24	25	16
ENSG00000228191	9300	72	62	66	98	93	108	179	89	155	144	184	75	185	116	168	70	195	106	142	172	106	119	129	182	138	162	133
ENSG00000175292	2200	111	157	78	76	103	90	58	52	80	38	53	37	56	49	50	60	129	60	41	89	51	62	58	36	105	94	84
ENSG00000156276	22450	533	437	302	492	472	351	361	306	271	240	345	236	432	385	359	329	457	459	333	488	366	196	408	597	516	287	309
ENSG00000147205	4550	61	86	65	118	132	118	40	59	167	97	53	40	50	95	116	94	82	135	89	38	121	97	91	84	111	84	60
ENSG00000210895	13900	285	216	297	269	125	281	213	224	164	89	144	372	352	237	136	166	118	141	279	182	117	228	171	317	215	182	115
ENSG00000218755	19750	258	443	497	327	482	440	253	287	531	394	728	364	380	436	382	385	471	410	813	471	401	533	443	262	486	379	775
ENSG00000199365	1300	17	32	28	16	35	39	26	63	24	29	38	33	30	37	69	34	25	25	20	28	44	21	35	48	33	33	37
ENSG00000109171	63850	851	1959	1943	1030	1247	1284	1312	1505	1820	899	1446	1053	879	1865	1651	961	704	1420	1457	1464	940	1093	2165	1525	1524	577	1586
ENSG00000238576	16500	351	209	217	194	228	224	268	357	193	132	297	174	440	333	242	215	159	193	179	332	207	143	203	312	535	274	264
ENSG00000170497	9250	280	118	157	123	158	123	172	187	164	285	181	165	239	209	220	100	128	337	316	117	201	190	234	251	191	161	75
ENSG00000204512	2200	134	103	100	151	70	60	155	73	175	91	73	130	63	39	123	100	253	96	106	122	93	109	151	158	60	113	43
ENSG00000162155	10650	198	122	202	369	150	240	307	185	204	194	201	195	172	120	348	140	402	275	285	234	168	240	180	168	212	237	200
ENSG00000127356	1750	35	41	26	26	37	33	40	45	23	29	25	33	37	28	10	37	42	57	51	16	27	42	16	25	30	9	21
ENSG00000124860	5100	116	84	109	174	129	224	410	948	647	751	553	472	409	413	277	2670	2296	2402	2017	57	37	77	58	6276	3546	2944	3490
ENSG00000109160	65700	1012	827	1217	376	1252	2086	1488	1336	2643	1510	1515	1104	1536	1392	1233	1568	1148	891	1391	1398	865	1493	1052	1543	1318	1653	1648
ENSG00000122745	1500	60	36	31	26	44	23	72	39	14	22	38	51	22	32	46	21	30	36	41	33	30	75	25	30	25	39	31
ENSG00000127967	459750	7314	9448	6650	6798	8778	5981	6046	13140	11974	9633	12045	7424	9210	11368	5926	8403	8268	7906	12475	8549	12080	7743	15523	3275	7379	10025	11686
ENSG00000216201	38400	1038	1380	845	2740	2530	3087	1788	5954	13743	11021	15764	3828	5878	4623	3372	21432	17015	22720	10900	862	275	838	602	44599	28954	60206	42093
ENSG00000112603	14950	176	462	403	356	275	349	619	381	313	195	437	214	299	332	451	437	161	177	446	373	580	101	255	221	332	189	149
ENSG00000202361	38100	1090	643	676	1004	1055	739	1184	969	697	867	692	666	763	1021	1304	1009	669	465	804	483	740	715	516	362	741	478	788
ENSG00000118939	5450	67	153	130	206	203	211	115	1155	1402	564	768	408	559	514	679	1482	1882	779	1116	109	35	60	42	4289	4158	3918	3866
ENSG00000149680	600	1	5	3	1	3	4	9	3	4	3	7	6	4	5	4	6	4	2	5	4	7	4	5	2	5	1	4
ENSG00000217423	900	41	45	41	27	40	71	61	8	27	28	57	36	39	55	41	28	47	47	46	17	46	42	37	50	52	36	43
ENSG00000207376	11600	107	258	188	177	202	257	266	169	244	155	208	289	132	198	243	359	189	334	174	191	280	282	149	274	279	223	121
ENSG00000112298	63800	1119	2819	835	751	1952	1209	772	1295	742	1453	1304	702	1344	1920	1976	987	810	1349	1316	1292	2323	912	822	641	1009	757	1131
ENSG00000232503	1000	16	17	18	16	13	14	26	20	18	12	26	12	21	6	12	11	38	14	8	19	8	11	7	13	14	32	6
ENSG00000209352	1050	27	13	20	27	16	21	24	20	44	26	10	8	28	33	29	45	41	27	21	26	38	43	27	38	19	23	41
ENSG00000187274	15400	359	260	153	299	297	348	177	402	316	284	270	258	304	407	184	220	247	169	474	270	418	199	194	325	240	102	256
ENSG00000124960	217350	2961	2563	4111	2803	4642	3070	2208	7669	2730	3866	3763	5687	4679	5873	5390	2504	5814	2497	4552	2499	3024	4338	2934	6231	5191	4940	3210
ENSG00000111010	115550	1413	2323	1436	1331	1145	1767	1195	1818	1696	2065	1550	1540	1669	2839	1671	2306	1987	2226	1431	1873	1344	1762	2017	1320	1986	1715	1749
ENSG00000133288	5550	108	78	143	161	130	105	99	144	84	158	128	119	135	130	124	111	129	93	164	92	129	93	142	96	157	132	112
ENSG00000212463	63850	714	965	858	1541	1501	746	649	1406	1545	1334	489	1100	856	896	810	644	776	462	707	1250	1686	577	947	1631	1500	630	1083
ENSG00000106642	10050	244	388	356	432	431	192	341	410	213	382	195	272	491	379	485	176	401	271	443	416	430	291	233	401	285	182	346
ENSG00000121256	34200	457	664	573	337	458	586	497	578	378	494	612	618	591	605	530	456	878	1091	652	544	710	810	600	732	583	414	885
ENSG00000218850	1550	64	39	50	37	31	40	44	31	47	39	37	55	10	44	44	30	48	53	50	45	56	33	29	48	44	51	36
ENSG00000166986	5900	123	164	79	199	185	298	160	1132	1103	765	749	407	246	458	231	1840	2243	1259	2386	66	63	42	89	4482	3666	5529	3828
ENSG00000117894	550	14	6	11	8	11	6	12	8	5	11	14	13	10	11	3	24	10	14	12	7	9	8	10	11	7	14	4
ENSG00000136690	10450	103	250	146	433	440	452	243	2209	2062	1567	703	920	752	915	699	3617	1804	2928	6141	60	85	52	91	6718	5941	5876	8815
ENSG00000234825	6000	97	209	162	187	164	176	98	267	145	207	114	237	137	252	175	118	218	223	121	147	149	94	130	337	200	222	71
ENSG00000163121	6600	412	583	262	145	290	307	347	263	227	288	270	313	142	255	281	224	259	206	145	210	183	158	175	301	141	107	291
ENSG00000128100	900	42	26	13	14	33	35	29	24	53	17	13	35	13	19	19	18	18	22	17	25	18	33	20	18	19	16	27
ENSG00000222281	719050	7734	8480	18940	23992	16048	18409	13207	8225	25513	7967	17364	20496	5200	20488	15040	14600	13042	9209	9326	10587	15991	14425	12051	6374	18127	15575	10020
ENSG00000225817	6450	70	89	146	223	201	224	165	393	769	942	627	609	438	238	315	2415	2399	1670	1885	96	58	53	44	2338	3806	2814	2370
ENSG00000166808	2650	62	66	96	61	38	138	58	76	64	60	85	79	69	59	51	60	68	106	82	31	98	79	80	48	60	60	78
ENSG00000212322	15500	204	312	185	287	127	202	128	194	153	279	232	148	202	161	174	221	247	273	226	242	104	261	294	223	341	227	181
ENSG00000135916	350	1	7	3	4	7	3	4	6	11	6	3	12	9	5	3	4	10	5	7	6	4	2	6	13	4	5	6
ENSG00000187573	550	2	2	7	4	1	2	5	5	5	4	6	0	9	7	4	3	4	4	4	10	7	4	1	3	3	2	8
ENSG00000101642	108800	3013	2027	3355	3300	2934	1655	2082	4700	2622	1529	2659	3850	2204	2415	2548	1544	2296	2474	2538	2437	2111	2796	2217	2204	1350	2256	1850
ENSG00000109947	6150	85	133	110	83	121	51	117	91	114	162	142	83	95	66	118	129	89	68	66	82	45	142	78	81	122	67	159
ENSG00000145561	50	2	2	2	7	3	0	4	1	3	5	5	2	0	5	0	4	0	1	3	3	0	1	2	2	1	1	0
ENSG00000205254	24700	645	805	679	656	744	553	663	329	534	491	767	619	589	617	534	822	566	236	458	961	699	828	597	377	1032	425	658
ENSG00000126175	7900	81	167	128	98	114	181	73	90	139	103	83	106	49	85	66	77	152	85	124	100	102	110	108	85	173	180	84
ENSG00000218710	6750	105	89	67	92	41	118	61	53	69	55	98	120	68	128	79	90	108	125	74	70	85	98	45	47	77	73	44
ENSG00000249776	8650	211	285	169	222	208	174	170	108	194	157	119	109	217	232	291	137	390	170	234	190	183	275	348	154	123	280	221
ENSG00000233020	3450	42	100	48	139	79	63	69	48	43	170	29	99	127	129	64	89	94	95	54	96	61	77	81	89	135	41	106
ENSG00000136544	3550	53	61	22	118	61	114	83	582	192	283	466	172	192	280	321	1001	876	700	1049	27	27	39	16	1942	1356	1317	1446
ENSG00000109277	337250	9530	15156	18883	17993	16715	20158	11206	14707	12620	16006	14433	10199	19101	18732	8350	14839	11205	11141	13233	25842	14452	14957	22984	14025	15240	14879	13737
ENSG00000146955	11550	122	191	213	172	214	170	207	161	199	283	198	185	208	163	205	175	212	132	271	391	207	211	199	109	186	114	209
ENSG00000183826	7350	92	96	74	38	119	84	71	83	67	166	72	80	118	117	19	74	84	67	86	93	63	54	70	106	109	35	99
ENSG00000145706	3050	94	45	57	38	90	51	65	43	74	49	68	27	65	46	37	63	69	66	65	45	53	68	20	48	74	114	72
ENSG00000140428	12400	446	258	491	307	216	187	277	471	267	219	218	204	308	465	390	391	332	344	283	210	475	155	304	255	469	450	372
ENSG00000223034	7250	48	64	64	71	56	70	67	47	32	81	67	66	55	116	52	41	54	72	43	103	77	65	57	60	65	48	69
ENSG00000218365	3500	58	49	146	127	99	62	105	70	71	38	59	63	79	47	109	84	111	55	52	58	90	48	47	44	104	75	47
ENSG00000233657	45550	685	631	1330	856	1738	830	739	1014	1186	1139	954	668	886	807	887	589	927	1081	776	697	1135	1166	288	688	1179	776	501
ENSG00000213900	150	1	5	6	6	6	2	1	7	5	4	7	4	8	2	5	5	6	5	6	4	2	1	4	8	6	1	8
ENSG00000123092	4100	64	58	60	77	50	47	35	39	43	69	73	48	56	26	49	38	105	78	46	77	65	66	38	62	101	75	46
ENSG00000238769	129750	1381	1614	2455	3537	3032	5548	2743	12821	15224	13285	18057	6433	8031	7467	8718	23210	52897	33751	34781	1598	1716	651	780	76766	80826	62593	69603
ENSG00000157686	19850	654	691	343	362	315	516	274	397	240	397	224	563	292	570	385	258	628	666	362	686	632	308	226	323	487	295	429
ENSG00000118465	1700	9	20	27	34	31	17	26	42	26	12	62	24	51	38	25	38	36	30	29	37	23	30	18	34	18	31	25
ENSG00000214869	16150	166	208	239	184	208	159	130	162	204	170	119	130	64	158	159	159	121	146	149	140	403	220	110	145	63	164	286
ENSG00000148469	5450	130	136	158	129	103	97	208	92	134	259	98	105	143	64	198	125	137	141	122	125	53	188	95	192	159	124	155
ENSG00000238007	10550	193	372	152	172	334	260	149	282	300	400	389	282	202	304	244	163	200	220	206	268	186	103	261	427	270	446	305
ENSG00000140870	9900	660	258	488	322	524	295	314	220	314	300	377	411	330	323	381	279	242	432	242	487	358	359	602	304	402	564	402
ENSG00000242698	5050	60	35	58	35	69	63	113	47	99	46	47	105	52	60	51	83	85	46	58	63	111	73	45	36	79	51	72
ENSG00000135256	2350	28	40	38	30	45	42	58	15	21	51	46	61	57	46	51	46	41	36	40	52	47	10	25	50	48	36	38
ENSG00000206337	10700	215	175	217	313	167	204	245	411	249	206	162	396	252	263	191	334	202	493	229	122	410	202	145	77	223	396	168
ENSG00000181168	487800	6571	14276	8369	9151	7842	3734	8838	6629	5128	10260	8769	5248	6654	8274	7736	8650	6409	6393	9162	4085	4378	8988	11086	13136	5511	5783	8173
ENSG00000198597	900	37	37	21	39	13	23	18	23	21	15	46	52	18	35	27	8	48	26	20	35	32	28	27	53	30	25	30
ENSG00000124402	108850	1309	2550	1168	2065	1213	1098	1115	1732	3286	1877	1757	1761	3138	1512	1080	1431	2423	1872	2612	1493	1662	2297	1159	918	2622	1762	1779
ENSG00000108647	550	3	2	12	8	4	2	3	11	6	3	9	2	2	6	4	6	4	9	5	7	6	9	4	9	4	6	5
ENSG00000122344	19350	666	291	343	788	451	699	287	426	432	607	665	779	581	760	697	540	287	465	388	566	300	126	651	566	437	872	631
ENSG00000121509	700	23	11	13	25	29	37	24	42	35	25	43	32	43	28	30	45	46	25	38	23	32	39	21	28	19	28	64
ENSG00000181868	7050	48	107	135	152	155	117	128	105	47	132	141	113	81	207	105	118	118	107	86	74	73	159	149	74	52	137	122
ENSG00000163083	13550	237	119	246	98	127	205	134	181	162	252	234	123	225	275	170	200	214	157	147	244	224	136	250	157	201	184	227
ENSG00000160576	1850	29	41	34	29	41	20	23	54	28	57	24	51	33	17	51	20	23	46	28	17	67	40	14	30	27	21	24
ENSG00000179096	11450	125	113	93	60	154	191	152	253	106	117	110	217	99	195	108	120	148	77	90	116	171	130	212	112	141	114	119
ENSG00000233027	8200	92	206	96	192	74	89	168	156	183	173	157	154	129	82	103	221	65	396	76	88	119	201	217	162	166	128	144
ENSG00000220453	13100	107	355	268	476	334	190	154	402	286	151	412	386	245	493	157	310	340	172	133	281	339	174	243	226	325	237	195
ENSG00000209378	28650	637	299	719	1842	651	2137	1301	5657	7422	4532	5704	1936	1769	2066	4234	14275	12473	11310	6007	435	337	286	243	18712	29383	18773	17561
ENSG00000159401	28900	382	957	269	421	1000	793	835	440	568	620	646	1158	630	445	673	473	836	579	594	465	472	609	560	407	608	718	827
ENSG00000110884	1200	65	74	57	70	94	88	23	84	71	48	58	43	41	61	43	99	43	67	47	48	65	84	60	41	67	50	100
ENSG00000109265	5150	73	234	131	241	216	75	114	175	121	170	135	113	214	153	152	155	114	134	147	241	91	71	215	178	130	113	186
ENSG00000175356	107250	1997	3441	1434	4759	4573	2413	2990	20135	20043	13025	15377	10953	8389	9108	12760	40256	30214	20040	44122	1642	739	1341	914	32145	85915	49452	70999
ENSG00000141548	1050	28	23	24	44	9	15	14	16	29	33	32	34	36	27	36	22	23	37	52	38	17	57	32	15	32	86	35
ENSG00000200125	62100	961	1436	501	900	989	665	896	857	715	688	980	1263	616	1574	831	1228	1090	1176	782	631	1116	624	714	1136	710	1282	1364
ENSG00000117186	2050	73	39	29	36	42	54	24	53	38	43	45	59	60	58	25	25	74	57	42	41	29	48	50	43	36	46	21
ENSG00000187735	1500	15	31	34	11	33	12	26	12	29	13	33	16	12	20	26	26	13	28	24	27	16	31	28	13	12	13	14
ENSG00000244516	13200	276	176	137	86	149	184	224	207	182	191	280	124	134	73	215	115	150	284	165	169	42	137	242	177	175	197	106
ENSG00000151017	13050	484	356	464	877	1167	786	1021	2419	5901	2048	2241	1165	2107	2609	888	6898	4761	8908	2992	203	166	244	146	18668	14760	10805	18632
ENSG00000110851	18250	380	780	405	740	796	215	355	459	340	349	200	370	588	498	284	578	508	324	162	406	391	381	413	158	295	362	235
ENSG00000168730	130100	1885	1862	1723	1773	856	1382	1624	1094	1929	1470	2145	1127	1526	3219	1477	1072	1644	2484	1980	2195	1484	1656	1410	2560	1506	1188	1520
ENSG00000114660	7400	156	82	73	180	220	219	159	104	158	174	219	185	107	153	251	76	89	136	271	155	223	160	216	147	128	173	108
ENSG00000180127	550	9	3	5	10	4	2	9	3	2	9	7	11	9	4	4	5	9	1	7	6	0	9	4	11	9	5	4
ENSG00000225658	50450	992	2307	2061	1325	1250	829	962	1721	1290	1039	1496	758	527	974	1005	1533	1076	1718	1873	1019	1565	1639	641	1436	1768	1763	1448
ENSG00000132555	1500	63	47	23	40	35	45	34	45	48	48	36	76	23	46	45	50	63	29	19	56	22	47	60	56	54	35	58
ENSG00000236691	850	10	16	20	7	20	12	17	12	25	16	11	27	13	20	22	12	23	11	15	19	10	10	24	6	19	7	13
ENSG00000104759	1600	37	38	59	27	54	30	29	38	68	40	19	26	79	34	70	51	44	25	53	33	37	75	58	59	41	50	61
ENSG00000211910	37450	1323	1180	1045	1355	741	703	1121	1362	1055	919	1340	780	752	1094	1414	924	650	971	497	897	427	859	462	768	493	548	552
ENSG00000168474	1300	30	21	48	55	98	47	44	196	207	180	375	157	149	123	107	423	442	575	833	26	26	12	29	861	615	944	1244
ENSG00000215537	18900	387	418	523	424	409	343	101	464	282	213	225	412	258	462	569	260	219	308	455	206	313	211	327	341	410	506	200
ENSG00000148287	4100	40	42	61	44	40	42	60	46	39	69	72	32	37	38	58	35	28	40	71	63	41	41	49	39	44	22	64
ENSG00000143182	12300	316	230	214	555	710	319	522	1246	3472	1812	3214	1013	1224	584	481	4054	4889	5087	5485	195	103	148	134	12501	12925	9258	6517
ENSG00000123083	450	45	34	24	48	24	51	46	37	49	22	53	21	28	29	50	53	49	43	30	30	59	61	30	25	39	45	27
ENSG00000136386	1550	27	14	12	19	12	19	17	21	17	26	10	20	7	13	2	16	24	11	23	16	15	12	14	24	25	27	33
ENSG00000180738	1200	22	20	13	11	13	19	15	9	29	26	26	13	15	24	23	35	11	13	13	22	7	10	16	17	15	24	17
ENSG00000229042	8200	65	89	71	175	163	230	149	800	1006	995	831	790	421	703	600	3104	1664	2159	2369	94	61	50	57	4338	4086	3871	4183
ENSG00000108754	17800	198	225	165	239	290	197	227	236	168	243	280	201	208	308	339	192	416	167	360	257	217	162	166	206	222	126	208
ENSG00000124001	5300	82	74	70	96	72	86	154	125	107	133	133	83	166	70	145	95	70	70	99	139	122	116	60	100	117	131	110
ENSG00000152085	127200	3631	2729	2957	4416	6660	4855	7623	16476	25843	24974	19488	17924	11404	6840	10744	53054	44323	39927	35857	1647	1114	1785	1234	98172	94067	75440	100854
ENSG00000215795	38300	1135	1019	1164	846	1085	1221	880	764	1081	871	968	1059	1313	1786	1265	2091	1697	1088	1153	1289	1156	1438	866	2281	831	1309	907
ENSG00000182014	18550	420	264	268	475	518	901	419	2596	2254	2533	2342	1022	1472	673	1530	4255	5629	3097	6144	146	138	202	157	5032	7797	5919	6532
ENSG00000100722	28950	387	494	702	507	328	662	443	626	548	283	561	817	371	367	326	678	338	780	522	623	647	482	354	710	581	784	724
ENSG00000203211	31550	532	551	404	583	360	303	572	399	310	368	252	626	222	542	663	457	977	469	247	643	505	402	437	269	369	558	521
ENSG00000248290	2900	41	58	45	30	29	33	60	39	33	42	31	14	36	36	69	53	43	54	49	29	53	39	26	39	36	46	64
ENSG00000227023	14400	520	304	338	502	440	636	354	470	424	489	458	385	563	480	265	811	338	353	453	624	421	743	506	541	615	267	534
ENSG00000150850	205750	8241	6402	4971	6073	3976	5665	9220	8956	4738	4697	4881	6357	7344	2552	5912	7834	5156	5781	6549	6808	2554	4727	5976	5887	3503	4890	5018
ENSG00000104572	20300	175	309	181	249	256	263	192	302	282	359	308	225	204	256	270	107	177	238	119	186	278	209	366	348	207	351	284
ENSG00000196637	50	4	4	2	2	3	0	5	5	0	3	4	0	1	1	4	2	3	1	1	3	4	4	1	1	0	2	3
ENSG00000246045	32250	1551	1123	1192	508	957	795	1171	1265	928	890	1006	1218	967	914	798	690	423	1218	912	515	575	1437	532	832	569	1188	828
ENSG00000153611	750	114	55	126	87	129	59	73	38	90	103	105	110	108	131	64	48	118	103	95	91	51	83	120	176	85	117	102
ENSG00000142776	2950	51	110	84	59	56	56	72	94	82	73	113	44	96	72	65	67	74	72	72	50	81	55	108	37	92	53	82
ENSG00000158272	1200	33	21	32	14	11	23	30	43	20	15	14	12	20	23	17	40	26	23	24	34	30	21	30	10	30	27	12
ENSG00000164486	25650	193	380	337	166	437	265	389	277	388	388	506	418	494	535	401	477	242	336	226	318	397	490	334	340	513	496	458
ENSG00000155159	2350	89	49	65	106	81	66	101	87	84	41	79	123	113	50	72	70	80	95	62	77	104	118	45	169	120	45	66
ENSG00000195409	393650	8161	12144	9456	5732	10954	9519	16373	4859	12536	3846	9337	11871	5646	11553	7827	9382	5682	13440	13572	9519	8769	5966	6169	4909	7898	6393	9589
ENSG00000157377	250	5	6	6	6	17	7	8	7	3	14	11	9	18	10	14	9	11	9	9	8	4	8	10	4	21	3	7
ENSG00000249015	1800	22	53	64	67	84	41	29	66	52	85	54	60	95	56	82	75	92	31	57	52	31	55	40	80	43	50	47
ENSG00000116720	218850	4840	5183	4955	3552	5395	5698	3905	5404	3659	5348	3831	4498	3497	5257	4602	2912	5261	3423	3686	3033	5737	3722	6297	2634	3903	3370	3942
ENSG00000141326	2600	84	31	120	79	38	45	75	75	49	44	66	62	24	47	35	109	66	60	60	49	68	63	77	52	67	34	53
ENSG00000235888	17150	491	298	360	286	351	369	233	256	251	286	233	170	258	410	215	246	231	368	185	348	174	240	343	204	149	275	206
ENSG00000228576	11650	119	61	164	153	124	140	57	139	156	107	173	92	114	71	142	164	182	99	78	132	159	104	103	178	143	102	161
ENSG00000147804	15800	450	391	787	661	803	637	757	572	455	570	410	534	523	621	442	842	716	395	386	695	536	580	288	554	477	449	802
ENSG00000192646	24350	366	408	390	712	611	478	620	306	343	369	227	446	428	338	383	277	400	652	567	541	575	539	343	435	292	469	408
ENSG00000152215	94300	1717	2124	1881	3940	4078	4820	8222	14062	14387	27185	16474	6869	8676	10164	10436	29580	38996	45471	28338	1167	1184	924	657	22867	38079	47130	70920
ENSG00000190959	3900	105	91	92	121	187	117	129	122	73	155	104	121	118	63	113	121	159	89	135	111	150	135	140	131	83	78	120
ENSG00000172298	18850	802	1441	744	766	1315	950	778	768	1102	479	851	662	912	730	1008	947	1068	364	1033	563	1117	1087	762	641	1136	804	984
ENSG00000228142	17100	129	211	235	246	144	158	189	149	169	165	320	289	155	79	165	181	69	106	190	160	294	290	145	125	119	158	269
ENSG00000233891	19350	497	410	478	520	321	369	421	512	452	588	355	698	646	581	586	599	602	414	483	364	219	364	379	432	865	795	889
ENSG00000107387	2550	58	40	82	65	69	93	64	45	22	15	60	13	29	30	51	34	56	20	83	72	28	41	65	48	46	53	22
ENSG00000224061	300	7	3	0	2	2	14	4	9	5	30	20	11	11	11	7	33	32	53	25	0	3	3	1	110	142	119	101
ENSG00000218307	150	5	4	6	7	3	4	9	3	4	4	7	6	9	5	9	4	6	4	3	1	5	8	4	12	3	4	11
ENSG00000173267	20000	362	342	587	622	491	515	734	337	301	334	527	274	535	453	366	275	530	477	400	673	663	294	483	468	511	320	315
ENSG00000127997	4750	67	102	49	44	83	43	79	65	92	105	46	73	65	73	59	70	55	71	56	61	84	103	95	89	122	61	105
ENSG00000213540	1400	33	21	14	16	26	19	44	34	19	19	25	32	54	28	19	20	24	39	24	35	28	13	37	19	18	12	28
ENSG00000115175	21300	279	260	300	377	339	308	444	410	399	510	331	362	354	468	457	268	317	412	556	320	452	324	385	473	670	202	444
ENSG00000187951	17200	325	704	434	470	328	561	422	557	581	611	377	711	673	550	672	689	613	469	607	436	326	790	819	268	577	896	378
ENSG00000184912	5650	91	142	218	304	171	201	162	137	195	123	132	200	180	166	107	195	198	131	150	113	186	117	183	102	135	112	217
ENSG00000172337	600	6	11	11	16	17	10	15	74	72	53	44	27	44	19	39	103	105	153	89	5	5	3	3	160	203	222	246
ENSG00000163437	34150	524	742	689	784	927	438	586	436	600	476	485	795	1145	946	1101	1013	804	847	995	870	591	723	441	747	501	802	844
ENSG00000159886	900	64	53	30	29	38	27	34	51	33	41	21	24	25	53	31	28	41	69	32	39	43	31	53	30	47	33	43
ENSG00000127652	1450	52	46	44	53	20	57	59	27	23	34	36	34	65	44	41	39	29	32	58	83	49	29	76	41	64	34	36
ENSG00000204259	2250	118	88	94	56	75	84	105	55	25	43	73	47	39	81	101	34	33	56	104	51	100	122	85	50	78	128	51
ENSG00000243938	4850	143	143	127	109	161	147	114	201	132	195	215	201	265	105	124	160	134	155	127	238	93	167	171	97	65	50	207
ENSG00000144454	200	6	10	11	11	2	1	5	9	6	10	11	2	8	4	6	6	9	2	1	4	9	11	6	4	18	9	0
ENSG00000208637	6000	195	84	101	124	119	51	70	88	76	87	81	103	134	66	121	70	127	112	114	58	87	37	85	83	127	76	96
ENSG00000150818	500	5	19	9	7	14	11	7	12	4	10	8	4	7	14	9	12	8	1	13	6	10	18	15	22	13	5	6
ENSG00000108178	300	20	15	25	23	22	15	17	8	18	11	13	10	26	12	7	10	14	16	14	8	13	13	22	22	13	14	11
ENSG00000243927	450	9	8	5	5	8	4	9	2	6	2	13	10	9	11	9	10	3	7	6	7	5	5	3	5	0	3	9
ENSG00000182507	5800	94	86	187	114	104	122	116	86	72	154	143	77	102	113	65	143	95	166	147	111	158	136	131	118	69	121	67
ENSG00000130593	6600	83	157	133	157	282	334	141	1032	942	1539	891	621	203	614	355	2517	2155	2390	1075	72	62	40	61	7834	3865	8729	4077
ENSG00000103862	26200	765	625	672	552	680	300	645	527	542	532	1067	412	323	447	384	700	643	566	470	729	342	563	557	242	604	495	854
ENSG00000104737	1950	42	29	18	22	28	18	15	24	20	46	22	22	23	13	23	38	22	38	20	28	20	41	44	24	13	15	22
ENSG00000211070	14900	265	254	272	393	172	241	533	143	128	319	244	303	449	208	121	466	236	329	197	273	274	464	249	161	222	283	149
ENSG00000114709	3450	62	114	156	148	132	125	134	106	110	145	84	106	146	150	204	56	161	90	153	88	104	91	147	68	108	81	93
ENSG00000155923	41350	779	530	549	582	658	1039	208	844	731	654	528	740	1368	660	702	953	1558	963	566	609	466	373	1180	766	589	819	1586
ENSG00000238940	800	19	11	8	12	17	13	14	17	25	20	18	25	12	14	11	30	24	15	18	20	9	4	18	10	21	30	25
ENSG00000248008	1050	6	20	18	5	9	2	16	15	11	17	9	5	15	16	16	9	5	9	24	8	18	11	6	9	18	11	7
ENSG00000129054	7800	105	196	186	165	116	106	126	214	154	159	217	107	143	187	181	183	94	208	212	147	53	131	188	145	109	277	189
ENSG00000200589	20900	260	335	137	257	348	307	212	280	431	431	409	461	290	528	390	254	250	251	294	351	473	450	355	221	134	251	213
ENSG00000127357	28950	390	279	450	376	240	283	238	689	343	372	288	494	623	337	234	706	398	337	400	281	365	622	397	534	357	395	516
ENSG00000131455	97700	1753	1915	1961	1392	1281	1976	1020	1013	3213	849	2208	1055	2014	2393	2099	1603	2579	2451	2495	1914	1706	1524	1444	1307	1393	1246	1779
ENSG00000104336	28700	686	423	484	655	514	484	398	551	585	616	461	320	743	701	638	226	643	385	578	530	681	660	742	515	377	372	621
ENSG00000209322	24250	235	366	259	688	524	496	549	616	773	457	317	570	447	762	522	532	616	651	450	946	423	365	308	843	408	390	435
ENSG00000164548	332300	7495	12657	7259	6948	9477	13309	8240	9923	12345	16264	10506	7570	7429	11783	10915	9550	8155	11442	4814	13463	9980	14640	10544	11215	8357	13864	11587
ENSG00000215468	5500	55	126	80	72	187	131	102	143	68	108	95	89	222	93	141	103	165	169	217	112	97	168	159	82	63	117	97
ENSG00000221610	68550	2121	1445	1606	1252	1887	2060	1293	2070	2399	2726	2348	1298	2760	4453	2078	1896	1353	2563	1702	2482	1473	1954	2072	905	1961	1675	1112
ENSG00000158535	3400	88	66	94	46	42	83	128	83	75	84	56	119	69	58	100	96	105	100	98	107	79	63	89	63	123	66	90
ENSG00000229338	30850	615	514	1428	2127	1589	3011	3335	6568	10151	8413	10917	2270	5435	4462	3296	10307	20145	10173	28797	424	734	369	617	37495	47247	27367	29577
ENSG00000145810	6050	233	130	194	188	247	175	346	169	259	167	132	159	210	123	236	125	142	173	173	170	160	170	107	132	200	299	102
ENSG00000211222	5650	155	233	202	161	128	137	158	88	141	180	123	100	128	129	69	167	165	205	79	145	151	107	263	78	129	124	99
ENSG00000168569	92250	2450	2010	2574	3058	1995	2393	2212	2669	3913	1323	1743	2637	1638	2445	1972	4058	2265	2127	2880	1477	2260	1067	2023	2630	1752	2411	2482
ENSG00000236432	209850	3823	5625	5673	10809	11690	10070	5402	26044	54301	69550	45594	11639	28117	29976	20581	60650	95321	80647	149320	2032	1298	2675	3390	254046	115517	262644	269511
ENSG00000246631	6750	120	96	56	103	162	96	158	85	129	200	162	162	138	155	156	72	148	69	75	210	132	178	140	80	239	164	147
ENSG00000110164	9500	118	118	142	52	131	101	65	91	72	121	51	54	137	70	94	148	73	101	105	112	64	143	127	92	154	69	100
ENSG00000187055	4850	83	96	116	54	70	92	55	91	123	39	81	84	126	120	66	88	62	117	98	121	50	114	111	71	105	79	58
ENSG00000155812	650	6	3	6	8	14	4	2	5	6	7	12	9	7	11	7	10	8	5	7	6	6	9	4	6	4	6	4
ENSG00000116773	58200	1399	1391	1937	1340	2014	1596	1323	1294	1165	3237	1974	1915	2032	1308	1820	2821	1572	1299	1293	2063	2479	1478	3459	1727	1726	994	1182
ENSG00000222062	7700	141	304	156	213	181	133	225	254	209	113	280	157	244	138	203	222	325	177	133	135	131	142	96	214	248	145	160
ENSG00000214286	65500	1036	671	1734	909	958	1413	1007	1059	947	650	970	833	865	968	465	884	1021	1447	904	1058	792	844	909	952	631	946	734
ENSG00000162049	183600	3456	4948	2323	7225	4680	7600	4255	21068	22264	31559	26354	20180	4111	11013	11556	52929	53543	46634	70485	1122	1208	1962	2143	90232	120331	204359	115546
ENSG00000233540	2600	75	128	106	73	49	88	106	114	59	113	124	58	90	157	44	94	95	69	89	70	91	87	100	49	111	78	57
ENSG00000241480	26300	314	471	340	534	550	462	735	556	249	412	431	561	400	618	412	951	749	489	260	625	382	474	614	383	545	583	410
ENSG00000224091	1250	52	48	18	10	28	31	35	63	21	20	31	22	46	35	17	55	31	24	19	32	27	45	51	27	30	31	46
ENSG00000140198	0	13	14	8	10	2	5	2	5	8	5	7	6	4	8	16	6	5	2	5	1	3	8	4	5	4	5	10
ENSG00000114260	1750	33	47	45	34	30	92	37	17	47	35	37	45	21	44	18	44	31	12	30	33	52	28	51	23	44	36	72
ENSG00000175673	3350	60	84	104	48	137	59	52	61	155	114	42	38	67	99	73	107	103	127	80	51	61	81	49	102	101	88	42
ENSG00000109918	7600	158	89	146	116	105	143	153	224	158	126	129	162	302	147	149	80	181	233	149	187	113	194	233	228	130	95	145
ENSG00000204080	4900	101	45	91	94	60	93	141	84	65	72	48	51	116	81	118	81	19	59	59	109	75	146	53	61	93	36	36
ENSG00000169789	2300	55	58	37	82	50	87	65	500	173	223	471	160	168	199	285	598	903	831	915	32	17	25	25	750	1201	719	1487
ENSG00000236010	1500	39	44	30	153	87	71	89	177	368	294	316	161	150	159	156	1272	718	1047	803	32	22	32	27	1600	1508	1881	1613
ENSG00000177502	18500	324	373	666	643	976	1253	698	2447	3490	3544	4903	2225	1978	2862	2015	5740	6300	6532	7242	160	184	159	114	8677	28956	15103	8932
ENSG00000151182	450	10	12	4	11	9	9	8	6	13	9	6	7	16	13	13	4	15	9	7	7	7	5	7	6	7	6	12
ENSG00000210272	6550	136	132	176	131	171	169	205	108	247	187	123	109	120	137	132	210	135	141	115	179	220	133	194	135	129	106	157
ENSG00000149409	8200	160	198	348	321	304	322	544	1711	1536	514	1854	765	813	732	709	2243	3443	2332	3385	143	85	45	80	5127	7540	7003	4955
ENSG00000220181	10750	214	86	346	280	148	200	231	245	196	120	124	220	160	170	156	182	242	168	142	229	137	244	92	127	230	262	296
ENSG00000177736	0	2	1	1	1	0	2	2	1	0	1	0	1	0	0	1	0	0	1	1	3	0	3	1	0	1	1	3
ENSG00000116292	64400	1430	1680	1556	3143	2511	1089	1918	1751	2592	1797	1072	1891	1453	1590	2563	1970	1486	1308	1588	2645	1547	1882	1762	1331	1430	1347	1903
ENSG00000203563	50	3	5	1	0	1	1	2	3	1	1	6	1	2	2	3	5	4	0	4	1	1	0	4	2	5	2	2
ENSG00000119063	11500	197	351	179	287	291	232	168	263	217	189	244	201	239	124	216	335	147	203	210	181	240	257	303	260	166	243	246
ENSG00000150152	5250	42	38	69	54	52	70	55	31	63	84	30	52	51	49	66	74	54	37	32	31	21	77	40	60	39	39	49
ENSG00000208928	3600	142	65	60	80	74	47	71	76	130	54	44	148	60	77	29	70	73	99	75	136	75	84	119	68	44	54	86
ENSG00000198918	2550	52	70	43	79	43	55	91	102	89	94	39	94	69	82	83	52	47	54	50	64	67	80	75	59	56	52	92
ENSG00000238883	4050	61	80	87	95	68	89	88	76	108	120	214	71	75	73	59	125	115	100	119	61	93	66	97	76	66	62	71
ENSG00000118070	3200	28	37	48	21	40	22	41	14	59	16	49	44	43	39	64	31	14	60	16	46	66	56	79	61	72	23	49
ENSG00000149961	103150	1033	2089	978	1301	1357	2686	1783	2177	1392	1360	1530	2912	2896	1914	1952	1902	2078	1944	1149	2398	1736	1910	1163	1999	1843	1422	692
ENSG00000114732	72100	1223	952	597	1148	2073	898	2043	1316	868	1017	1517	1553	586	1814	944	537	1274	985	1532	1042	866	1715	691	1209	1649	848	1533
ENSG00000167113	89450	1240	962	999	714	3136	1447	2486	2270	3086	1512	1372	1858	1292	1955	1252	1505	1317	2530	2410	1995	811	741	1869	1595	1251	1739	1406
ENSG00000204180	7600	236	204	183	414	231	276	256	189	437	340	350	354	248	366	239	288	253	323	196	279	255	323	310	365	254	348	384
ENSG00000133072	2200	69	59	84	74	52	75	41	94	42	86	88	61	51	93	57	58	94	93	56	55	47	59	80	54	48	44	71
ENSG00000225822	723350	19226	13184	17042	26932	21805	14198	25989	19826	11151	17401	23817	25224	17811	30458	19076	27153	18141	14332	23479	43179	20166	13558	19167	17478	44174	18965	27154
ENSG00000160313	7850	272	189	144	71	145	208	227	84	203	177	218	358	194	249	301	194	321	216	158	152	194	221	133	205	200	265	204
ENSG00000205900	300	10	6	3	13	10	7	10	9	7	5	6	7	3	6	6	3	13	8	9	5	3	6	8	8	12	5	5
ENSG00000173593	209950	4577	3596	2755	6587	6996	3027	2788	4280	5604	4122	6241	6140	5271	5062	8138	4803	5803	7573	8442	2830	6380	3409	3602	7101	4778	5810	3696
ENSG00000137754	449150	8230	4495	7464	6660	8880	5414	10316	7969	4784	4248	12026	10551	10233	8568	7096	8907	5646	4096	9842	7017	10309	9926	7853	4765	5225	6553	7400
ENSG00000241655	600	18	2	5	16	14	9	9	6	14	11	10	10	5	7	6	14	3	13	8	7	13	11	17	8	12	19	12
ENSG00000206533	11400	125	326	312	219	230	357	232	319	330	124	348	108	264	140	247	275	267	111	244	528	361	191	574	302	212	346	226
ENSG00000164919	2050	54	72	69	27	91	94	84	86	77	86	39	81	43	85	67	70	109	56	51	34	94	60	81	72	105	61	91
ENSG00000231897	35850	1405	1992	1263	1653	1373	1950	998	1221	2393	1990	2360	1409	1541	1548	1690	1485	2162	1305	2097	1093	1791	1868	2390	2299	2740	2176	1087
ENSG00000136060	50	3	3	4	3	6	4	1	7	5	2	6	4	1	3	0	4	4	3	1	9	3	1	2	3	4	5	4
ENSG00000114635	5250	68	64	100	96	65	66	57	34	60	55	103	91	87	36	64	72	47	88	98	72	89	87	102	80	62	105	92
ENSG00000249529	24900	307	750	365	426	517	525	290	1960	2129	3058	2514	757	1422	443	1382	4513	5524	4878	2474	178	137	141	217	6779	4412	3381	13783
ENSG00000103186	17500	278	311	231	227	251	160	122	273	393	183	201	274	321	232	183	206	265	210	298	283	227	283	146	202	141	290	530
ENSG00000147247	850	31	16	9	20	24	6	25	10	17	5	18	15	26	22	13	10	24	20	27	21	13	15	32	10	21	15	7
ENSG00000189678	44200	848	665	813	1380	1592	779	1112	1119	1185	1208	2056	739	1280	1600	2143	843	746	1693	814	1343	1225	1089	664	899	1162	1375	1488
ENSG00000139245	650	8	6	8	9	11	11	3	11	15	16	4	22	10	7	7	7	17	5	23	20	2	6	12	13	9	7	5
ENSG00000179074	18050	607	578	401	280	720	349	420	461	481	463	507	642	436	434	728	449	751	488	543	435	202	362	499	347	309	786	489
ENSG00000223038	1871750	35045	28106	40814	42089	38220	33483	19893	27066	47130	36119	48343	28309	43432	56683	44491	29936	31779	21779	23863	29778	42872	29773	26285	31757	38846	30427	31545
ENSG00000148918	50	2	0	4	0	1	0	2	2	0	3	2	2	2	2	0	4	2	0	0	0	1	1	1	1	0	0	4
ENSG00000210162	17550	271	388	244	347	248	189	203	383	432	280	370	456	429	311	434	318	290	412	226	360	355	488	353	193	331	555	182
ENSG00000190344	65200	1262	1441	1111	1366	662	1239	1616	1753	1106	1530	1467	940	818	1309	1226	1245	1805	1064	1826	1117	960	744	919	1973	1021	1451	663
ENSG00000186134	500	13	1	6	4	3	4	8	2	2	7	4	2	2	1	4	2	4	3	5	6	8	10	4	3	6	4	3
ENSG00000224382	13200	100	161	322	311	319	166	207	334	241	284	229	316	276	301	345	306	167	245	240	187	222	322	364	278	308	190	200
ENSG00000235524	5100	135	109	147	115	145	117	44	78	128	75	99	73	103	81	133	148	147	132	99	71	83	132	70	114	51	50	148
ENSG00000173295	2650	61	59	53	59	39	16	61	132	45	48	39	51	51	73	48	43	45	41	49	68	34	66	55	33	66	57	76
ENSG00000189800	450	14	10	6	9	18	7	18	8	5	11	6	16	8	6	10	12	9	7	15	4	7	13	14	5	15	9	18
ENSG00000127965	2650	47	47	31	62	48	46	32	14	42	42	77	62	51	38	38	18	46	41	67	45	31	75	55	75	52	40	55
ENSG00000123723	2650	37	48	58	53	59	82	151	109	66	76	96	93	84	56	88	68	38	77	49	35	35	88	69	105	102	160	85
ENSG00000190722	300	2	7	4	5	5	4	3	2	1	1	0	7	2	6	7	3	5	4	4	2	4	3	7	8	5	0	6
ENSG00000152473	200	2	0	3	1	3	2	3	5	2	2	0	2	1	4	2	7	0	3	2	2	1	1	0	2	3	1	2
ENSG00000115319	650	9	7	8	26	13	11	17	15	18	6	16	26	15	13	26	9	18	14	18	13	11	11	13	17	24	16	10
ENSG00000132798	950	16	10	20	13	20	20	27	20	20	22	24	42	9	13	18	20	22	17	7	13	20	9	6	9	21	26	10
ENSG00000208215	3050	62	29	38	34	26	46	59	86	72	44	45	53	61	46	46	62	44	54	38	63	34	37	67	78	48	35	56
ENSG00000181781	7000	35	91	130	181	97	139	100	142	105	76	109	127	172	146	94	198	108	91	175	129	78	205	137	92	112	157	123
ENSG00000175866	12800	254	219	161	139	320	391	99	237	280	313	267	332	364	155	315	198	225	388	324	204	294	280	239	301	215	144	294
ENSG00000200478	1800	42	36	35	41	57	33	50	58	29	43	50	44	19	53	54	67	26	37	42	53	30	55	51	75	69	61	40
ENSG00000125879	19800	589	743	492	392	1098	644	412	546	624	566	582	226	499	983	834	703	544	609	833	703	632	495	754	449	1352	378	926
ENSG00000243975	9600	305	319	289	187	349	403	120	278	164	246	184	268	395	154	355	289	241	290	389	318	254	329	336	321	365	139	311
ENSG00000244087	1450	29	55	64	82	41	72	51	58	45	43	53	69	59	39	59	51	48	61	54	38	63	64	51	57	98	56	38
ENSG00000144346	9900	415	629	548	403	616	716	303	437	372	488	358	602	384	620	497	398	621	608	410	377	544	435	676	326	291	676	672
ENSG00000225787	8250	123	142	106	222	159	198	221	80	144	348	108	238	208	203	203	86	147	88	114	121	226	157	182	100	88	229	247
ENSG00000185200	13300	256	248	149	217	218	191	160	180	263	84	151	204	403	204	231	223	343	278	138	386	145	233	282	176	363	364	191
ENSG00000194552	144750	3117	2827	5296	2398	4924	2932	4893	4066	1622	3685	3184	3018	2391	3120	4767	3713	6282	3462	7110	4530	4721	2116	4560	4587	5027	2502	4020
ENSG00000126469	400	9	13	10	4	6	8	7	5	6	4	10	4	11	10	14	10	13	9	9	7	3	2	10	7	9	5	9
ENSG00000170479	1200	48	37	25	61	27	53	60	46	57	47	60	64	44	76	42	39	38	54	47	75	87	47	36	54	31	52	25
ENSG00000171980	3600	73	60	96	99	143	99	104	84	81	72	112	89	47	57	126	59	73	43	83	90	51	61	102	73	36	70	78
ENSG00000173064	17500	442	447	415	404	307	618	388	451	916	322	539	559	447	643	432	504	539	218	239	313	459	320	248	437	647	229	648
ENSG00000221859	1000	17	31	16	30	39	50	43	184	87	174	312	53	65	94	75	400	268	233	283	14	2	7	8	323	814	359	599
ENSG00000245808	1550	22	21	17	17	7	9	12	17	15	24	14	17	29	16	25	16	7	10	18	9	19	18	14	14	11	14	30
ENSG00000159876	200	6	5	0	7	8	8	6	4	9	7	7	8	6	1	2	4	5	8	9	11	7	6	5	5	2	8	5
ENSG00000181915	0	3	2	0	0	1	2	0	0	0	0	3	1	4	1	3	0	2	1	1	0	0	2	3	3	1	1	0
ENSG00000136412	1600	14	40	40	91	81	58	55	117	220	223	218	154	85	152	135	373	704	801	325	16	23	16	16	938	986	1146	927
ENSG00000233205	450	12	3	3	14	9	3	7	4	6	7	4	9	3	17	13	3	12	6	5	6	4	4	14	6	7	6	3
ENSG00000217075	8000	130	245	187	640	312	277	365	2521	1390	1481	1315	753	824	440	831	2439	3890	2432	1719	80	136	61	38	3724	8061	5639	5654
ENSG00000161785	36450	774	684	943	663	934	1310	946	629	658	923	690	860	855	623	1181	832	1096	1055	923	676	1168	1114	724	1086	876	592	775
ENSG00000164437	12700	150	255	243	236	212	164	129	145	256	159	62	151	183	261	137	190	180	209	271	225	128	308	137	183	202	163	151
ENSG00000104409	450	6	12	13	8	9	15	4	7	11	4	7	8	5	12	7	10	12	9	10	22	9	5	5	6	1	15	5
ENSG00000110846	58250	1147	1646	519	1177	684	1373	1101	1446	1316	1010	1354	998	800	1969	893	1363	1151	895	1416	1194	1006	515	975	1504	1089	1169	1595
ENSG00000221269	186200	3252	1937	2557	2498	1571	2825	2028	2159	2149	2040	4242	2258	2130	3075	3676	2698	3332	1632	2437	3061	2052	2567	1792	2011	1845	1447	3570
ENSG00000124845	14650	220	313	238	344	300	289	320	185	415	359	148	316	161	357	347	328	208	229	232	373	175	128	263	560	151	265	185
ENSG00000184760	13800	314	303	213	275	347	449	291	298	186	287	237	173	253	279	178	368	323	231	158	391	297	206	161	122	119	354	217
ENSG00000222645	1800	70	63	48	58	66	67	40	24	57	47	44	22	62	32	35	72	26	51	40	56	56	32	39	34	59	39	48
ENSG00000115064	51650	1463	1926	2168	3079	5316	2465	2465	15174	7003	7184	9938	6995	6054	9662	10747	29379	35417	27844	45825	1051	1107	1393	919	48929	50490	97831	42993
ENSG00000207663	165750	1422	1258	1232	1798	2054	1820	1386	1425	1572	1349	1732	2077	2029	1339	2705	2170	1299	2572	3017	1649	2646	2550	1268	2038	2981	2989	2309
ENSG00000132718	1000	30	31	8	5	20	53	13	26	48	17	22	15	23	48	17	39	11	34	11	24	30	42	23	19	32	23	20
ENSG00000104527	64750	1080	943	1429	1699	1467	774	1131	1352	1850	1134	1210	1543	1530	1106	837	1229	1129	1443	1943	1133	1735	1464	1358	1842	1628	1688	1251
ENSG00000134501	3800	41	36	33	41	28	21	37	33	19	45	19	34	41	58	46	42	60	30	22	60	43	40	51	42	26	31	47
ENSG00000189420	2650	58	46	45	14	54	36	20	55	65	80	48	60	61	52	22	33	29	46	65	51	61	51	42	56	27	60	74
ENSG00000187568	921350	13005	24162	19666	20440	22368	28276	31956	22849	24979	27380	33103	27033	18008	47598	29774	29029	38283	22945	28865	33892	23392	26308	45422	26819	45218	18116	23105
ENSG00000113751	32950	1191	698	643	1120	521	855	818	1393	393	675	762	589	938	830	671	1175	666	1408	635	669	877	1348	1025	413	779	835	924
ENSG00000152120	436050	4655	3248	4030	4434	5731	3166	3370	4034	3829	6978	3746	4058	3297	3391	4865	5108	4816	5346	5104	5262	5589	2253	6643	3236	2739	4999	4319
ENSG00000247327	500	3	5	6	3	6	9	7	11	2	10	9	3	7	6	10	7	15	12	7	4	5	6	7	13	7	7	8
ENSG00000213523	206550	5266	4609	9845	16016	3350	15636	12862	30929	45571	53754	66366	18674	24687	28396	13568	75968	80586	46292	92479	2875	1462	2986	2440	146008	123802	185040	139723
ENSG00000244373	1510350	13642	9192	10531	11928	15765	19483	9691	20275	16177	13031	13183	18599	19749	21550	23496	12590	13344	17450	18225	23234	18994	12572	20551	18818	12626	10240	10506
ENSG00000127467	3350	78	57	39	54	61	33	99	72	72	96	55	51	63	62	71	80	108	49	78	105	87	48	119	85	32	33	90
ENSG00000133390	38150	658	1299	512	585	597	578	809	1043	548	785	360	718	740	590	732	988	824	355	749	197	761	483	876	787	679	555	940
ENSG00000136397	4400	88	76	66	78	70	81	58	92	122	111	65	38	91	100	74	64	96	72	76	96	41	117	135	73	71	49	106
ENSG00000193763	7750	206	110	132	138	171	134	125	136	239	84	190	115	213	110	134	139	115	156	110	179	110	100	148	171	132	125	139
ENSG00000217760	1250	23	33	19	20	18	16	20	11	32	17	7	18	31	22	18	26	19	11	11	15	21	24	29	27	16	33	24
ENSG00000142461	85250	1159	1431	542	969	1096	1084	677	1109	1424	916	841	2061	1286	1559	923	1382	1099	961	1857	1001	1189	1806	1007	1399	943	1092	872
ENSG00000127196	5900	155	76	181	178	144	127	157	130	226	116	194	144	200	110	98	135	143	166	138	121	115	161	190	156	83	88	231
ENSG00000242245	1250	15	22	29	12	9	31	9	30	18	23	10	10	17	17	14	39	16	20	20	25	23	29	20	12	8	13	11
ENSG00000160171	8900	73	127	134	148	149	46	69	161	113	90	78	86	96	165	113	90	138	153	125	132	134	202	99	86	100	125	69
ENSG00000209633	1150	18	6	24	4	13	17	23	21	16	11	12	4	13	13	13	8	8	9	15	8	24	8	13	7	14	14	11
ENSG00000120594	7900	139	125	139	198	148	57	65	47	75	109	106	125	49	72	89	107	64	182	118	73	154	69	124	117	111	144	116
ENSG00000212652	6500	135	53	74	149	80	64	100	70	96	79	109	103	110	112	123	81	159	152	59	92	96	120	98	76	115	148	95
ENSG00000200025	850	14	5	15	7	17	17	19	25	16	19	13	18	14	30	16	11	26	27	37	28	6	19	16	40	20	8	20
ENSG00000209632	2250	78	103	20	162	148	103	82	261	559	561	547	168	256	233	390	1169	982	992	1360	62	42	25	35	1598	1376	2250	2562
ENSG00000146158	1691750	51425	56111	19835	38561	47751	26032	15777	22105	49117	34054	42732	22623	32986	35177	58840	40744	30139	29789	40108	15590	62092	62927	27957	42832	51364	28420	35616
ENSG00000245312	41000	884	1227	951	409	940	1635	943	1042	1315	532	1318	1006	752	1115	812	461	664	1147	910	1952	859	914	1099	547	1019	1095	989
ENSG00000222859	9400	246	173	154	114	170	102	93	118	108	106	151	110	143	104	85	120	158	128	57	162	157	119	138	97	149	116	88
ENSG00000102321	200	1	1	1	0	1	1	6	4	0	1	3	3	6	2	0	4	3	5	4	5	3	3	5	1	4	2	1
ENSG00000174065	5700	253	152	98	325	417	226	271	1396	2467	592	1565	783	860	861	793	4010	3632	4091	3517	88	75	96	39	6917	8190	4013	8652
ENSG00000191595	50	2	4	0	2	3	4	1	2	1	0	2	2	5	6	4	1	2	4	4	3	1	2	3	3	3	0	2
ENSG00000227371	290800	3247	3329	3862	7727	7046	10405	7405	23487	29871	30049	26109	16092	9425	16754	11587	35240	72415	77973	33450	1493	2238	1133	2678	216859	143911	184798	95832
ENSG00000144504	16000	124	126	264	162	119	155	117	168	132	148	123	280	263	139	233	258	154	273	152	176	178	147	186	226	318	117	47
ENSG00000164462	294500	10545	9342	8468	5849	4707	7905	15251	12310	10714	8766	8247	11384	5451	6295	8178	3614	13866	7775	5773	4719	6822	4663	7979	6321	4921	6580	4286
ENSG00000203896	37450	443	567	788	668	487	567	705	219	482	675	1268	1124	603	386	552	581	203	708	475	550	391	844	425	541	513	747	1002
ENSG00000157172	10300	406	207	127	368	261	247	383	227	335	159	278	184	204	119	253	153	231	283	197	305	181	268	198	240	211	195	262
ENSG00000142813	13350	178	130	141	214	187	158	220	183	126	123	197	103	144	133	218	130	172	192	150	111	197	168	294	144	122	273	240
ENSG00000140062	1000	35	18	26	14	31	11	20	21	30	14	23	24	22	13	16	20	29	20	31	44	20	22	14	22	21	35	17
ENSG00000231494	13500	143	169	183	328	182	140	274	117	119	213	304	84	288	252	182	336	164	200	158	173	460	175	137	206	176	239	290
ENSG00000133012	50	4	2	4	2	0	3	4	1	2	0	1	1	1	4	2	1	3	3	1	2	3	2	5	4	2	0	2
ENSG00000209531	2600	82	104	94	60	44	41	66	57	59	58	37	105	46	95	68	90	61	47	79	73	54	57	51	87	80	24	58
ENSG00000213270	545400	15353	12301	14997	13658	20737	15647	10852	18315	9501	32017	14573	20095	16401	18275	10325	22030	12305	14711	15114	16400	16702	14023	14246	11653	8161	15675	22984
ENSG00000225872	1100	27	33	16	36	26	14	20	14	37	18	18	11	14	12	34	19	15	38	14	32	16	22	27	29	42	17	20
ENSG00000195293	32700	475	495	228	425	609	491	384	458	430	396	676	480	407	420	383	536	442	321	443	617	510	282	567	328	238	239	432
ENSG00000169917	45450	1520	1142	1150	863	877	758	874	1446	1145	1016	917	997	1012	906	635	837	731	981	1017	1434	1600	1621	1023	657	817	1154	1630
ENSG00000205816	300	20	5	8	7	13	4	12	8	14	8	7	11	18	4	7	13	15	11	13	6	4	24	11	15	8	15	11
ENSG00000235531	50900	1527	1470	1702	1589	1700	1292	883	982	866	1669	1734	1683	1031	604	445	1110	1709	417	910	1162	1502	1814	1303	1369	2162	2337	934
ENSG00000175373	1900	49	20	30	27	20	25	35	28	43	51	34	40	38	47	62	40	18	23	51	18	59	32	39	17	22	62	46
ENSG00000114556	4650	93	93	130	170	109	186	180	135	116	175	100	130	91	87	52	146	131	188	103	86	122	80	154	132	130	139	125
ENSG00000164211	350	4	3	6	4	4	5	3	2	4	3	2	4	2	2	3	0	4	2	4	1	13	0	2	2	3	2	1
ENSG00000115780	400	1	6	5	3	11	6	7	4	4	7	6	5	5	3	10	6	9	6	12	5	6	5	2	12	10	5	7
ENSG00000127632	5400	79	100	44	104	104	73	40	90	89	40	47	44	80	126	54	51	27	45	95	45	53	74	88	98	119	66	48
ENSG00000123838	1600	55	29	47	70	36	41	28	35	42	63	17	63	32	35	25	44	79	29	48	43	42	45	43	35	56	30	21
ENSG00000198956	1550	18	20	19	14	8	20	29	22	24	12	14	26	20	18	15	26	26	21	17	17	20	21	35	10	20	12	29
ENSG00000147171	59800	1744	1159	947	2291	1120	1268	807	2003	1130	2644	1889	1639	1544	1253	1405	2446	922	1224	1118	1124	2406	2186	1779	1151	1680	1987	1283
ENSG00000213365	6900	95	153	142	83	102	136	65	191	97	74	137	103	161	37	78	90	174	78	183	138	121	164	112	71	64	93	181
ENSG00000239096	900	5	10	8	11	15	9	15	8	20	10	7	3	8	6	6	4	12	12	12	12	10	9	5	6	17	9	15
ENSG00000151173	600	11	12	9	12	8	14	16	12	9	12	16	11	9	11	7	12	6	8	14	18	9	7	6	15	8	5	13
ENSG00000152276	1550	14	32	6	14	20	12	13	21	26	25	18	15	14	16	9	11	9	23	10	18	20	28	17	20	6	11	16
ENSG00000228162	30550	644	596	357	585	863	842	1142	691	851	813	679	615	1335	586	630	344	759	885	517	860	1154	633	649	642	411	566	951
ENSG00000146379	5800	220	120	111	107	103	202	228	84	64	96	194	68	95	73	92	114	68	179	113	172	176	159	205	217	100	209	133
ENSG00000105175	19350	327	197	179	147	532	401	186	303	447	260	209	233	265	289	230	229	413	266	243	206	182	428	403	199	184	212	312
ENSG00000111394	3650	40	46	48	46	61	64	56	55	41	56	64	89	73	32	91	54	35	56	66	44	64	68	28	45	33	40	78
ENSG00000153271	4500	68	126	108	127	120	76	144	100	80	86	83	119	121	114	73	125	111	105	73	111	89	91	74	48	90	97	148
ENSG00000118765	8150	155	116	165	135	114	93	85	94	113	64	149	91	87	66	95	81	101	143	177	174	111	82	180	120	83	162	83
ENSG00000246283	29650	611	452	648	720	746	765	713	463	733	820	839	561	713	662	618	425	736	598	593	546	429	270	844	675	623	484	757
ENSG00000130105	5550	92	311	168	133	156	286	258	277	134	148	168	259	179	148	85	412	232	223	181	116	153	175	160	200	153	136	165
ENSG00000105285	7900	151	186	127	108	114	163	90	69	217	117	171	99	135	183	71	77	111	202	113	140	177	65	96	163	188	140	52
ENSG00000219124	73950	1430	1384	1082	1058	1082	1261	975	964	984	733	1208	1272	1182	615	1000	1269	916	964	884	1122	1086	1117	643	1923	1073	1205	1289
ENSG00000175404	3850	100	77	196	117	95	67	114	67	123	71	137	180	83	113	134	76	95	101	75	95	67	65	118	88	56	93	95
ENSG00000192291	51450	1182	565	776	1167	1092	484	1005	820	943	948	638	652	1557	914	654	794	906	1034	704	477	589	1151	1192	514	786	1072	693
ENSG00000144747	5100	73	142	123	75	42	125	171	95	103	42	89	126	105	106	203	144	64	155	147	87	121	91	151	85	53	105	81
ENSG00000217066	41500	816	901	930	2415	1874	2473	1461	9442	11637	6201	6969	2872	4446	4533	4382	14000	12740	13880	17108	383	425	422	438	38679	37860	39594	19764
ENSG00000117440	2200	18	27	24	19	18	36	24	34	23	12	16	12	34	13	23	26	24	33	20	20	26	18	29	26	34	24	17
ENSG00000162602	12500	74	247	229	342	147	254	141	186	149	273	175	267	174	250	237	278	113	205	215	251	153	158	175	205	156	128	203
ENSG00000215915	23300	328	628	173	331	390	380	416	373	241	514	236	203	645	344	338	442	451	413	582	586	233	416	361	321	655	361	292
ENSG00000129925	1200	69	31	38	40	30	61	46	38	41	40	30	52	39	42	38	62	27	56	60	46	40	35	28	43	41	54	39
ENSG00000246255	6450	98	135	90	167	128	117	80	157	231	221	181	179	126	211	113	285	178	219	188	97	132	165	115	208	108	93	157
ENSG00000182936	9500	131	327	244	238	396	169	292	150	156	260	197	191	314	93	320	123	108	97	147	128	167	200	153	182	132	148	178
ENSG00000150964	1450	23	25	15	18	34	20	37	15	28	16	18	15	27	25	25	22	16	18	36	30	23	40	14	16	25	39	39
ENSG00000151658	1700	40	46	43	57	70	32	56	26	49	56	43	53	41	38	26	44	19	81	57	51	37	34	35	24	49	19	43
ENSG00000168081	1900	47	43	50	86	94	103	99	241	175	276	456	201	196	107	66	704	446	736	877	23	21	22	12	3107	1899	1411	813
ENSG00000218047	77550	789	944	1102	1411	1312	1336	1270	873	1711	1166	467	940	1662	714	1297	1074	684	1289	1955	1137	1431	996	1856	1070	1120	914	1234
ENSG00000130965	10500	272	112	229	148	256	129	104	142	156	186	243	180	211	257	136	127	170	326	239	200	242	147	173	234	249	184	162
ENSG00000165276	25950	553	632	377	574	585	514	292	287	480	646	632	484	540	443	544	544	324	472	556	521	549	662	535	279	437	558	292
ENSG00000246991	1650	17	23	30	31	33	13	40	15	34	39	31	39	15	33	31	67	71	22	24	20	17	23	38	25	41	31	25
ENSG00000200253	4400	73	56	71	82	36	94	97	57	73	58	81	77	76	81	37	68	44	46	61	88	49	56	60	45	63	60	62
ENSG00000128841	5350	108	141	137	129	113	92	103	126	120	72	100	147	111	121	116	124	141	97	116	135	162	111	111	148	63	114	62
ENSG00000195362	18850	848	787	410	694	684	313	810	597	393	456	588	624	718	418	357	685	609	825	513	661	705	506	798	643	872	348	997
ENSG00000211852	650	9	14	18	8	13	14	7	18	8	19	23	7	13	16	10	17	22	17	15	19	11	15	17	17	6	19	11
ENSG00000138160	1250	37	85	29	43	113	62	131	456	302	332	193	126	213	144	338	522	734	549	850	16	23	12	43	1673	1163	1672	1098
ENSG00000204870	41150	735	674	596	1033	998	826	622	862	788	1609	840	608	1188	1394	586	539	1143	618	721	952	740	699	898	842	845	810	721
ENSG00000210096	1500	73	30	21	16	31	16	17	46	14	42	20	12	64	21	5	55	19	28	54	14	41	26	48	24	33	51	12
ENSG00000183603	5450	127	237	71	74	212	184	59	135	136	98	115	184	96	85	71	145	108	148	98	133	81	89	184	124	91	77	119
ENSG00000239719	1450	59	55	83	52	73	102	82	31	37	60	49	17	71	31	121	61	45	101	69	74	46	48	55	45	105	108	56
ENSG00000240673	307600	4740	4205	5254	8672	8349	8277	11499	32274	57003	44163	31614	19096	19105	22610	25245	69043	53252	80394	72578	3618	1739	2223	2212	160432	107566	145562	105614
ENSG00000132361	6700	76	165	249	133	134	146	109	132	130	99	116	95	100	225	90	102	123	194	148	103	175	174	63	83	136	156	62
ENSG00000205473	1100	11	25	32	6	24	14	22	21	19	20	23	24	23	18	8	27	25	23	8	29	38	11	23	31	22	22	22
ENSG00000121687	77350	3130	1658	1434	1570	1538	1749	965	1581	1156	1355	1505	1418	1734	1200	1745	1476	1108	1572	2001	980	1457	1436	1108	669	1163	936	1232
ENSG00000124809	1950	73	68	69	39	31	32	41	51	60	40	63	62	48	21	58	91	74	116	72	46	40	67	39	61	50	63	90
ENSG00000164436	9550	241	237	137	214	94	224	244	258	233	100	304	199	116	138	129	345	122	247	169	168	191	209	100	254	257	254	356
ENSG00000122674	3050	16	40	53	30	22	24	11	29	27	47	36	25	36	7	54	12	13	40	40	13	13	10	23	55	18	27	18
ENSG00000229836	300	15	13	10	7	10	14	8	15	2	9	7	15	12	9	4	10	6	11	6	13	12	7	12	2	8	6	4
ENSG00000139496	13900	237	423	236	128	265	213	365	295	255	201	248	346	303	269	327	345	181	165	371	299	387	558	404	179	261	135	193
ENSG00000161546	4700	62	156	107	165	99	69	88	118	92	90	65	76	112	95	97	99	80	77	78	104	56	92	85	85	101	45	72
ENSG00000212724	149650	1789	2460	2939	1613	1282	1400	1832	1543	1154	1335	1198	1122	2450	2711	1144	1487	1252	2107	2691	1783	2057	1949	2651	1690	1510	1696	1627
ENSG00000199308	4650	48	77	61	84	112	80	80	115	104	74	77	145	80	78	99	94	55	79	87	87	143	81	91	70	90	153	100
ENSG00000107595	2200	24	34	44	10	31	23	32	22	24	44	33	19	23	44	24	36	35	40	41	30	17	61	30	14	31	16	34
ENSG00000168133	123100	2146	814	3413	2621	1594	3303	2694	3167	1564	1357	2553	2329	2171	2850	4407	1881	2389	1866	3311	2852	1464	2518	2645	886	1950	3064	1985
ENSG00000196430	12250	263	148	171	152	112	240	341	215	478	245	284	294	281	355	161	270	282	160	323	348	139	244	222	157	207	179	288
ENSG00000123008	1850	78	50	50	35	26	50	24	46	33	90	30	47	30	77	64	32	46	48	46	56	51	63	36	58	19	34	75
ENSG00000185052	39400	674	465	1065	622	755	647	943	387	1000	434	1248	565	740	518	403	797	1002	844	784	724	676	723	450	936	430	785	970
ENSG00000170361	2550	61	63	39	69	87	47	81	77	83	88	78	55	36	90	69	83	51	68	77	46	84	65	86	98	87	47	81
ENSG00000136858	97600	3022	2429	4453	2943	3823	1453	2682	1844	1344	2058	2808	2469	2942	3445	923	1961	1569	5103	1091	3187	3171	2419	1761	3221	4187	2991	2600
ENSG00000239786	77150	1037	1224	1332	914	1369	1394	1518	1769	2109	344	1085	2154	605	2000	1293	1055	1337	1149	2205	1121	1404	730	1183	1166	1170	812	2127
ENSG00000184392	8700	265	130	214	128	220	181	101	196	133	134	125	163	224	157	112	107	128	114	142	119	91	107	160	135	150	111	154
ENSG00000192570	6550	137	135	132	51	145	198	108	125	96	93	124	146	194	158	104	135	137	77	168	246	181	119	80	124	119	100	170
ENSG00000134469	2750	53	43	67	80	32	140	59	139	53	68	101	92	71	37	70	105	76	103	95	62	33	67	70	76	84	90	40
ENSG00000236581	4550	134	112	129	83	130	100	128	122	101	166	102	69	65	118	93	54	96	94	113	99	138	133	51	72	48	94	109
ENSG00000234927	850	42	35	41	49	45	39	29	29	40	33	39	30	30	36	33	39	24	30	29	31	21	38	25	31	21	31	22
ENSG00000193467	19800	338	211	313	284	253	356	199	448	224	368	349	296	410	385	363	584	357	187	445	307	303	331	261	170	536	324	278
ENSG00000226263	50	2	2	0	2	2	1	5	1	2	2	3	3	3	5	1	2	1	1	2	0	0	2	2	1	0	2	3
ENSG00000165639	36800	278	798	712	399	788	902	931	796	794	687	954	621	486	655	683	327	605	810	1176	883	1153	545	882	768	548	446	1134
ENSG00000203621	2850	40	89	33	46	32	12	61	56	47	60	36	39	60	64	79	29	61	24	49	32	57	51	41	43	51	43	49
ENSG00000201351	17150	181	249	172	237	283	153	180	337	250	192	121	290	291	276	162	401	226	255	236	244	212	312	274	285	149	335	175
ENSG00000206170	29450	446	465	332	693	608	855	1150	2677	1868	4468	3066	1419	1798	1817	1188	6545	5680	4841	6837	124	211	144	92	7494	9150	10054	11064
ENSG00000190214	46000	538	416	482	648	1067	1145	658	4923	3728	3034	2331	1508	1708	1463	2006	7791	8937	4895	4234	179	298	290	394	17028	11143	9634	12796
ENSG00000235228	3220100	45713	33822	45268	42745	34997	36475	55674	24077	33801	26231	22026	31274	63262	18807	42392	39580	46942	19404	47412	51007	63058	73077	55530	27879	41963	41734	74892
ENSG00000120506	300	0	2	3	3	5	2	6	4	3	5	10	3	6	1	1	1	4	4	1	5	4	4	1	7	3	5	6
ENSG00000125462	350	14	30	11	32	17	9	29	17	26	18	11	9	12	23	18	7	11	24	16	8	2	9	18	10	17	7	17
ENSG00000154197	5200	83	129	64	89	178	117	178	74	73	133	40	101	78	131	50	74	148	58	101	126	71	90	106	66	125	150	82
ENSG00000178624	13650	556	1245	398	986	524	530	256	699	489	594	329	482	889	944	890	455	886	558	532	872	349	844	608	370	588	539	728
ENSG00000246743	600	10	10	9	7	12	11	6	16	3	13	7	3	4	21	8	13	5	10	10	5	18	12	10	6	8	14	12
ENSG00000232052	176800	3882	4329	4058	2206	2673	1686	3987	3378	2579	2289	2513	3531	3795	2712	3682	3057	3300	3808	1885	2651	3314	1908	3269	7887	4374	5058	4835
ENSG00000147230	1150	14	29	13	19	58	26	18	74	108	136	124	68	50	19	42	132	185	237	274	5	8	5	5	382	481	440	315
ENSG00000100341	3350	61	80	90	67	89	70	73	31	111	114	59	61	91	131	52	74	73	65	48	64	78	132	69	79	77	51	85
ENSG00000194579	4000	133	77	139	116	101	115	140	138	89	68	120	109	99	114	148	97	114	105	197	139	153	225	85	186	128	162	108
ENSG00000131372	2900	59	36	143	121	97	58	74	92	42	86	60	46	48	24	63	81	72	54	39	88	44	47	57	90	44	80	49
ENSG00000224230	9350	386	239	296	273	379	255	294	331	218	231	162	323	201	93	296	216	286	391	295	311	326	235	348	266	180	351	226
ENSG00000154902	69900	913	1817	1156	1261	726	1309	983	1003	664	1479	615	1497	798	1220	1161	414	797	1168	1091	924	1052	1468	1214	955	654	723	1476
ENSG00000243745	5200	88	162	158	45	135	89	93	50	101	76	113	127	140	133	104	77	123	59	93	90	120	131	64	61	58	57	175
ENSG00000137486	33800	724	476	640	548	536	400	889	381	802	546	543	616	488	542	1046	625	488	260	512	596	228	671	626	684	674	610	697
ENSG00000124220	77500	874	841	1660	1457	564	1499	1739	1280	1074	873	913	1255	1326	1391	989	1365	955	1289	1657	1773	1544	1124	1549	577	1191	749	781
ENSG00000153265	1400	51	48	28	57	47	56	41	26	42	49	60	44	59	68	96	35	84	91	58	59	90	45	63	59	61	59	55
ENSG00000164349	24700	166	299	278	604	598	329	968	1347	2320	3535	3420	1617	1258	907	1130	6928	4560	4521	4956	279	146	141	122	10950	7179	12438	11028
ENSG00000215117	150	10	3	4	5	7	6	3	6	0	3	6	6	10	5	3	2	8	7	5	4	3	0	5	5	2	3	6
ENSG00000248313	1400	104	31	25	112	60	51	77	113	61	48	20	49	84	65	74	104	83	36	69	55	87	74	96	78	65	82	75
ENSG00000189375	13950	311	192	271	177	197	145	163	365	164	121	220	187	125	305	168	248	291	118	212	194	223	213	177	128	206	316	370
ENSG00000167309	126650	3063	2471	2564	2720	2635	2227	4055	1814	2200	2581	1989	3352	3411	3152	2861	2359	1453	2731	4707	4827	3692	3727	3902	2136	4052	2806	2960
ENSG00000191376	100	2	2	2	2	0	1	1	1	5	0	0	0	0	1	0	1	1	3	1	2	1	0	0	3	0	0	1
ENSG00000225311	7750	201	128	180	237	183	122	209	119	185	202	131	146	125	199	169	244	141	220	279	229	140	182	228	293	307	102	127
ENSG00000187213	2600	62	63	49	37	48	24	39	56	70	57	70	65	91	34	55	87	60	59	58	45	70	50	22	44	60	44	47
ENSG00000245559	200	11	11	8	11	11	7	15	23	6	9	15	8	12	25	7	22	21	7	16	9	13	5	8	10	18	8	8
ENSG00000245887	850	12	22	22	10	9	29	26	22	25	16	9	27	26	6	34	25	13	32	29	20	21	17	15	10	41	25	15
ENSG00000143680	9950	105	95	136	117	93	99	130	77	228	134	126	93	78	136	88	127	112	127	146	89	184	118	171	193	164	105	95
ENSG00000106694	81950	940	1274	794	730	817	690	865	995	639	765	868	716	786	1157	1062	719	1057	877	649	469	847	1039	590	762	796	1024	796
ENSG00000141218	1550	34	39	56	61	61	55	54	71	67	55	63	87	47	36	25	63	40	61	59	41	36	61	25	42	44	45	44
ENSG00000211678	52050	1260	601	962	1203	652	751	1131	766	725	626	699	655	908	851	594	699	829	1304	505	456	815	744	1199	1206	793	714	723
ENSG00000114661	650	31	34	32	10	24	13	14	21	19	12	32	28	15	40	21	27	26	17	25	32	23	15	10	13	19	15	21
ENSG00000129375	3050	44	51	23	49	41	34	37	26	49	22	59	37	49	38	51	34	49	39	34	62	28	44	33	27	42	68	28
ENSG00000150317	14550	142	203	307	196	135	202	254	245	158	192	175	207	215	259	244	149	133	112	178	236	90	165	177	311	144	180	226
ENSG00000124141	16050	366	345	513	402	351	424	567	450	501	286	607	457	532	460	437	303	355	369	301	412	251	438	340	432	413	400	389
ENSG00000248253	18050	709	364	614	350	342	656	728	504	407	435	576	329	518	509	622	490	628	656	510	729	694	297	328	518	533	320	444
ENSG00000147310	550	5	21	27	14	35	14	14	20	18	15	11	20	14	15	17	14	27	30	21	25	12	21	31	18	27	18	21
ENSG00000158503	43450	580	1119	664	1144	718	1538	1371	3964	4836	5677	6312	2714	3813	3683	3535	11885	11383	15273	5181	294	204	171	163	22176	24439	33638	34266
ENSG00000219341	4150	103	132	194	102	113	70	69	93	143	122	126	129	87	132	100	79	226	57	172	133	103	48	44	120	83	115	149
ENSG00000174559	40850	614	1061	1764	1530	785	971	748	1585	1860	719	650	1274	997	1354	781	2348	916	1743	1313	851	787	962	709	860	1018	741	1343
ENSG00000165890	7450	236	106	163	369	193	328	333	1826	1024	1211	1136	803	410	1122	1013	2230	2416	3274	3199	71	72	110	152	6923	5349	6972	4243
ENSG00000195561	22850	583	622	694	332	340	601	529	755	836	462	237	702	504	765	379	705	484	714	1200	824	715	365	859	291	568	536	537
ENSG00000139356	33750	407	684	713	998	425	875	340	589	694	662	357	682	335	397	701	552	955	399	413	360	545	682	747	1060	682	456	365
ENSG00000214528	12500	127	115	226	211	118	167	302	329	145	242	138	122	187	197	282	66	141	162	159	167	274	95	260	281	189	116	240
ENSG00000245866	350	9	4	2	6	6	5	4	3	4	5	4	4	6	5	4	4	1	0	5	2	2	5	5	6	4	9	3
ENSG00000177914	300	9	3	6	26	9	19	20	51	34	50	17	45	21	39	20	113	113	78	84	1	4	2	2	127	265	428	206
ENSG00000191924	3700	51	21	27	31	49	50	45	49	36	38	55	26	37	32	53	52	41	56	43	18	50	53	65	41	48	50	40
ENSG00000123180	9100	119	110	127	127	129	117	158	223	95	85	176	62	101	53	133	80	205	79	97	144	62	134	151	153	108	98	93
ENSG00000188208	7650	155	121	141	146	110	105	40	84	71	157	92	100	143	153	153	108	139	77	218	144	173	143	82	114	123	131	157
ENSG00000233132	1250	53	44	27	41	49	8	78	43	49	44	49	33	32	38	18	47	41	27	42	45	23	35	28	41	40	36	48
ENSG00000102460	150	5	13	12	4	3	8	7	8	9	6	4	4	3	5	10	7	13	12	6	2	5	3	4	4	2	4	7
ENSG00000100594	10500	282	346	448	315	245	165	218	305	135	162	133	187	154	161	381	238	237	274	167	299	266	295	197	329	179	278	197
ENSG00000121326	200	6	5	4	3	3	4	6	9	12	6	5	9	6	4	18	10	6	11	6	5	6	4	9	9	9	8	2
ENSG00000188120	10600	140	131	241	163	178	297	247	182	241	253	232	326	124	198	238	261	308	377	108	183	224	128	243	205	224	363	378
ENSG00000151420	226900	4549	3707	5837	5363	4160	9942	5998	6468	6402	5830	5020	4363	4777	3346	4415	7071	4298	3487	2624	1697	3417	4427	3631	4016	10415	3309	5183
ENSG00000143998	7200	173	132	132	72	121	88	249	144	93	107	77	130	145	133	231	123	157	168	159	148	62	97	114	108	143	68	97
ENSG00000189162	218950	2056	2510	3017	3873	2147	2204	3620	4189	3935	2453	5721	3182	2346	1643	3703	1569	3840	2380	2571	2990	3538	2120	3136	4415	2324	2015	4008
ENSG00000179160	3900	29	36	91	59	44	58	51	62	121	55	33	51	71	61	91	52	76	97	24	70	48	81	57	65	54	40	29
ENSG00000135873	9200	87	69	115	37	88	71	94	140	76	110	123	45	171	74	121	67	87	107	107	88	64	61	130	87	47	123	98
ENSG00000116424	49550	842	1082	849	1366	1324	681	917	868	674	931	896	878	618	644	1117	1797	1855	957	688	752	942	869	686	1049	825	761	959
ENSG00000103052	6250	89	110	233	204	137	129	99	248	223	51	119	197	162	142	149	163	193	137	216	173	166	109	168	291	130	139	178
ENSG00000228189	51000	475	768	286	532	387	706	570	799	489	781	715	650	324	877	288	421	391	407	641	426	815	587	285	410	636	337	392
ENSG00000164054	400	15	24	38	16	12	10	18	19	13	27	27	34	10	10	18	19	21	22	15	19	21	18	17	22	24	9	10
ENSG00000124143	2400	69	63	54	46	31	54	69	52	56	45	66	49	60	39	75	21	39	72	82	55	42	26	54	49	61	35	83
ENSG00000134242	12950	288	173	266	238	236	165	184	208	205	119	112	166	228	226	244	227	162	190	207	177	222	193	300	174	217	132	272
ENSG00000158537	1950	51	33	63	60	28	35	41	37	37	44	31	37	25	21	21	40	23	36	37	51	56	27	26	34	23	39	28
ENSG00000215486	25350	1174	1225	399	1801	1423	2060	1524	5412	5183	3770	8773	2339	1605	3598	2102	18725	13381	10359	13506	434	341	304	296	18924	34614	34853	25128
ENSG00000107057	386350	10438	7569	5843	7636	8704	7985	6269	12009	8458	12030	9910	12688	9271	9647	8923	10353	3719	6289	7693	6917	9087	4153	11616	7390	13594	9209	8235
ENSG00000176660	4200	81	78	124	52	40	59	41	59	44	95	91	72	66	102	79	42	81	58	72	50	45	89	100	64	63	78	63
ENSG00000184989	6400	105	71	97	112	142	97	107	79	85	79	121	71	178	87	95	115	78	95	80	129	152	101	155	94	160	94	90
ENSG00000176171	22700	1072	607	630	554	977	726	855	908	715	530	1550	846	827	597	1295	968	1199	665	382	938	762	946	1165	515	693	1019	774
ENSG00000147384	1350	58	18	28	22	40	35	17	29	17	30	27	39	31	17	27	36	61	23	25	15	23	31	24	33	56	47	24
ENSG00000187516	33250	264	287	789	566	404	332	636	160	357	301	399	377	227	312	293	517	295	296	356	430	233	356	264	300	371	386	335
ENSG00000186925	7250	83	150	169	106	85	59	137	126	90	97	91	88	60	103	119	201	67	83	114	161	79	179	115	107	105	161	171
ENSG00000229917	11050	196	268	278	151	280	140	284	282	209	384	249	305	225	230	239	279	265	440	112	249	194	229	175	234	298	350	279
ENSG00000144534	145650	4431	3794	2514	2184	2106	1234	2007	1775	1801	3450	1770	1197	2379	2910	2646	2969	2531	1908	2932	2791	2715	2033	2386	2928	3274	1219	2267
ENSG00000192118	500	8	7	5	5	9	11	8	11	10	9	14	22	4	14	6	6	8	9	6	11	17	5	8	9	17	17	8
ENSG00000157414	10700	268	699	266	295	207	282	295	323	274	387	298	484	324	409	294	533	212	146	279	212	380	283	327	247	345	373	403
ENSG00000243026	8050	403	542	210	251	383	300	178	157	133	162	102	203	382	220	129	241	164	343	181	241	236	155	201	236	248	309	324
ENSG00000112251	7100	167	178	142	138	288	195	80	149	219	171	274	188	196	142	211	185	146	221	155	196	184	213	123	92	230	263	239
ENSG00000179410	21950	445	264	300	932	715	432	1048	4884	3185	4504	2638	1242	1986	988	1435	3532	6387	7903	7448	133	120	169	404	10399	14849	14814	9849
ENSG00000248479	135350	3143	4512	5166	3682	5412	7627	3958	2209	3839	4794	6289	4097	4178	3077	5957	2002	3821	3666	5096	5881	4660	3908	3635	3370	4771	3670	5552
ENSG00000206691	336300	11335	8967	9326	14129	25592	26516	18599	62687	36086	69827	64849	40961	39268	37709	40717	107389	263887	195147	166591	4087	4438	3303	3475	401054	230573	378848	279018
ENSG00000117031	15900	560	530	565	405	621	427	877	734	386	420	595	546	355	391	386	628	486	626	441	283	732	863	679	661	980	819	408
ENSG00000190796	10550	178	131	92	178	168	224	125	153	198	148	188	181	182	207	128	108	279	194	104	117	202	188	162	130	169	303	117
ENSG00000165989	1700	41	33	59	35	42	30	34	54	19	35	61	22	37	18	54	57	44	49	20	27	47	41	50	13	37	43	43
ENSG00000209968	3450	72	160	62	46	180	97	82	105	131	173	87	113	131	55	103	93	137	55	129	65	77	100	101	153	94	118	69
ENSG00000182621	3300	38	44	53	50	55	50	42	74	65	89	64	51	28	37	58	100	45	46	89	63	84	91	30	45	74	59	41
ENSG00000161221	38750	256	832	301	343	630	833	863	613	556	462	845	501	699	738	310	539	459	705	503	423	589	705	812	992	637	751	745
ENSG00000196659	2250	48	17	73	60	37	20	56	31	49	44	33	33	31	49	46	33	43	34	39	19	26	47	46	47	48	32	60
ENSG00000111036	21150	536	767	374	638	488	499	534	552	795	411	674	749	537	522	668	695	398	553	374	997	331	684	466	769	444	420	561
ENSG00000243318	4350	53	226	159	123	50	90	122	115	127	201	126	115	151	145	162	220	178	77	175	181	160	163	111	95	81	75	101
ENSG00000194308	400	10	10	10	10	8	10	7	10	8	11	15	7	10	3	5	12	16	9	7	2	8	12	13	6	20	5	8
ENSG00000193886	16450	585	404	585	462	637	370	325	385	606	519	556	427	380	191	482	375	544	599	584	547	353	350	410	578	387	336	683
ENSG00000179093	10900	314	354	235	191	273	298	277	318	331	440	345	360	248	256	145	440	478	273	229	508	381	341	374	182	216	247	297
ENSG00000227156	33850	469	599	739	499	850	657	916	507	700	705	734	537	437	936	625	875	1113	710	603	497	304	742	823	708	499	559	852
ENSG00000187311	2000	14	20	17	55	10	52	21	9	24	39	20	13	26	42	36	26	16	29	21	14	21	47	8	15	33	16	33
ENSG00000169882	22950	598	927	610	571	540	927	596	266	489	483	548	407	545	714	612	692	358	982	733	614	784	437	819	749	592	423	771
ENSG00000237060	5450	89	100	61	94	139	142	155	63	178	60	106	92	199	86	120	112	77	218	77	35	104	131	179	77	125	134	86
ENSG00000178199	750	24	9	23	15	11	14	24	20	4	18	16	18	17	10	14	12	16	27	8	15	20	26	23	12	24	14	17
ENSG00000189496	45000	2197	988	390	1197	1588	1199	1676	638	832	1203	1171	740	1679	1358	1080	739	1749	1444	1065	1056	1385	1017	602	862	1168	1232	882
ENSG00000109912	28050	537	380	457	225	582	795	361	679	349	343	394	427	341	223	277	332	463	212	450	377	450	425	517	497	432	400	565
ENSG00000184213	200	8	9	4	17	5	12	12	8	9	5	9	7	8	5	7	12	17	11	6	7	13	12	5	7	6	9	9
ENSG00000219171	1058000	15444	13618	15903	24097	19518	22313	24593	11495	12165	15372	12575	18835	12716	21482	9374	14596	14567	17147	26779	20612	18836	26181	17996	13317	9683	16427	19979
ENSG00000209269	62050	822	1994	1818	929	618	1486	936	1246	2560	742	1264	1153	989	1519	986	1470	1151	1067	1118	1591	2107	1797	1516	1513	1184	1043	674
ENSG00000183188	4800	140	118	101	124	120	65	91	98	78	45	127	116	86	149	92	54	80	123	34	114	68	104	65	52	79	115	72
ENSG00000176398	2000	32	23	26	39	30	21	20	34	16	19	16	31	20	20	26	13	23	21	36	22	15	35	11	27	21	12	51
ENSG00000197222	3250	43	83	75	50	25	55	33	100	99	65	58	60	70	58	52	37	44	67	60	46	52	50	34	41	51	53	107
ENSG00000187678	9200	227	151	226	108	296	198	114	158	304	184	165	142	235	138	230	131	145	185	90	176	80	233	155	115	188	170	126
ENSG00000161376	476400	8570	10500	10807	15578	24630	20732	25405	91143	115456	43839	80986	54070	52363	31760	66601	118138	110208	138731	116641	7152	8011	4146	5923	371129	519663	287730	306516
ENSG00000244788	2500	43	148	48	154	189	125	171	918	890	878	521	342	363	402	324	1301	981	1458	815	46	44	44	47	3375	2766	2964	3270
ENSG00000245090	1200	9	9	13	17	12	6	24	7	9	7	16	8	13	11	17	14	2	16	15	8	15	9	17	10	6	10	12
ENSG00000186165	2300	23	22	43	25	23	24	29	23	23	20	25	35	17	57	32	43	16	21	21	21	14	24	18	24	22	21	33
ENSG00000137014	4300	95	62	177	93	96	70	131	123	74	138	136	79	139	86	119	104	100	181	125	209	132	180	106	39	186	86	90
ENSG00000166569	250	8	5	4	6	1	3	8	5	3	6	2	0	2	3	8	7	5	5	1	1	1	8	9	9	4	4	2
ENSG00000100652	1800	34	51	50	26	30	48	56	39	76	62	53	45	49	31	69	75	44	28	32	50	40	44	56	39	35	61	48
ENSG00000226685	3750	44	43	39	32	71	72	66	31	64	64	71	57	58	40	57	37	75	69	78	55	53	45	119	66	52	55	42
ENSG00000142924	24000	281	295	649	253	367	222	431	403	163	342	316	569	378	225	239	223	338	451	269	231	515	325	213	455	540	277	168
ENSG00000246173	3000	26	20	26	50	20	37	70	15	20	29	21	27	54	27	49	40	20	60	24	40	17	24	28	57	29	35	19
ENSG00000199306	400	5	14	15	14	7	14	11	12	9	12	28	15	15	3	12	14	8	11	15	14	7	11	9	13	7	11	7
ENSG00000165993	6450	101	158	98	131	74	125	155	74	110	108	111	128	66	79	48	157	78	83	154	196	69	97	59	55	82	98	76
ENSG00000114276	10450	176	113	106	169	135	248	88	132	79	117	110	181	117	114	100	54	65	113	90	141	130	227	93	117	83	155	115
ENSG00000163241	29950	455	592	277	784	626	644	675	646	604	760	922	619	521	480	847	1054	431	452	705	756	1035	457	490	699	617	561	639
ENSG00000165354	53300	887	512	748	621	1274	1016	473	1091	967	729	1100	1015	755	1511	470	988	805	675	945	696	1067	659	800	831	786	1000	622
ENSG00000122056	8250	179	163	256	200	210	120	183	207	316	262	200	150	161	257	145	199	238	225	243	189	157	219	233	208	120	236	250
ENSG00000146718	10700	180	168	254	95	117	185	170	211	122	83	114	187	85	77	114	78	109	178	198	146	112	227	175	190	158	143	258
ENSG00000234091	1300	43	39	13	13	34	18	18	20	18	43	45	31	39	49	20	23	12	53	35	23	38	39	30	16	37	38	47
ENSG00000209042	134650	4827	4569	3499	4550	4773	2843	4600	3659	1983	5886	2928	5176	4291	9180	1388	3489	3552	3101	6795	6540	3117	3762	2787	3751	4424	5007	3890
ENSG00000172873	62200	1547	2008	1018	1795	3770	4902	2706	12269	8562	15426	15769	4725	4294	4872	6252	21514	22252	19511	30536	1305	794	650	723	87927	33129	38102	45149
ENSG00000135187	4650	63	91	46	119	158	98	124	376	242	673	542	204	229	200	168	451	1427	1530	948	41	28	32	29	1404	1751	2199	740
ENSG00000207776	111450	1319	1346	4399	1478	2122	2162	1495	1793	2635	1987	1415	1647	1503	1535	2623	1473	2572	1295	1805	2322	2135	917	2084	2015	2150	2332	2767
ENSG00000218717	7150	92	173	176	196	125	170	232	170	106	225	196	220	298	220	131	151	161	112	192	240	178	114	88	219	226	109	171
ENSG00000166471	1400	26	13	26	33	27	28	39	14	49	26	29	9	31	29	44	34	49	24	20	17	25	32	30	61	17	23	34
ENSG00000228533	1100	21	15	26	39	30	39	23	46	18	25	39	16	22	15	40	30	31	41	20	36	15	26	33	30	53	22	21
ENSG00000130221	8000	108	77	95	69	72	110	79	101	59	72	120	70	81	117	110	61	82	166	150	103	56	50	88	60	79	84	88
ENSG00000149042	58150	1685	1846	1402	1642	1189	2949	1459	2191	1567	1271	1789	1710	2011	1297	1113	1370	1912	1499	1642	1821	1042	1894	1625	1157	1583	1602	1434
ENSG00000215047	11350	276	105	190	258	342	179	283	138	170	202	168	160	266	234	216	186	344	363	409	313	210	283	296	199	159	169	240
ENSG00000241722	4100	57	54	75	32	80	94	76	27	42	85	81	116	86	72	50	48	89	62	112	71	43	32	46	63	28	105	71
ENSG00000154896	1950	49	28	47	39	54	25	22	43	43	69	28	54	28	36	54	38	43	60	58	33	39	42	19	96	17	39	56
ENSG00000148266	200	14	6	7	12	7	6	5	11	8	7	1	5	7	2	2	11	15	9	13	8	12	4	6	8	5	5	1
ENSG00000120101	7750	108	86	106	162	124	136	70	123	115	123	116	56	207	113	101	95	233	143	112	102	78	55	67	102	115	133	111
ENSG00000219632	16050	170	293	274	208	569	296	404	410	234	302	423	571	194	222	331	509	281	194	196	326	359	442	303	298	180	329	328
ENSG00000115949	9550	259	142	99	147	223	118	108	173	173	314	279	266	229	246	263	177	124	170	72	201	73	177	168	148	132	149	96
ENSG00000115191	832750	14761	10975	10192	9902	14235	8171	15717	12652	13771	14416	11587	7696	14368	8966	15906	7863	13260	14955	7955	18089	16253	16398	17321	17506	13491	17094	11971
ENSG00000135377	4300	121	91	147	137	73	121	171	107	101	130	136	125	128	98	167	151	99	71	138	95	119	86	122	122	105	100	172
ENSG00000232866	2850	28	40	31	26	31	37	36	20	43	58	35	54	34	26	64	24	41	37	35	36	31	69	41	25	16	63	49
ENSG00000223775	200	6	8	7	5	11	11	4	3	4	9	8	2	11	8	5	8	6	2	8	12	4	4	5	7	3	9	7
ENSG00000188348	60850	968	2133	1331	2358	2266	1403	1608	1222	1652	861	876	1353	1848	1643	2019	1298	1875	2341	1689	771	1640	866	1704	1422	1933	1331	1164
ENSG00000126101	1300	38	40	36	73	49	76	65	478	273	307	376	267	124	169	145	486	330	804	497	19	16	37	18	752	1270	912	1408
ENSG00000121504	2300	48	52	35	39	34	36	60	23	17	30	42	25	26	49	44	59	44	23	49	53	21	50	60	39	37	31	40
ENSG00000231789	5650	78	220	139	256	157	163	127	186	133	152	165	230	166	188	133	128	130	190	177	152	157	233	108	136	159	131	148
ENSG00000225697	32600	583	493	235	312	565	361	319	417	593	454	417	354	247	586	499	916	579	471	649	441	469	482	405	301	368	463	351
ENSG00000155941	1088050	17605	26465	45098	73718	82414	47447	39382	338179	208094	153736	164165	86157	58294	100593	86078	377616	475347	411861	443283	15227	9867	16047	9957	862449	687436	532624	822390
ENSG00000210401	1600	23	29	53	31	32	32	44	31	39	30	48	51	65	28	49	46	32	19	17	20	31	24	23	44	26	33	53
ENSG00000100973	6450	63	101	83	47	92	109	120	122	39	41	91	107	62	100	56	71	94	58	53	95	81	72	103	87	66	105	35
ENSG00000174649	1600	13	29	26	23	39	35	33	48	23	31	35	21	31	42	36	20	41	26	23	12	26	39	43	54	49	40	46
ENSG00000243610	4350	45	34	45	97	66	112	71	320	234	137	284	104	177	105	123	537	663	278	442	16	38	7	32	1394	1453	1101	1553
ENSG00000199134	41450	2036	1013	870	1426	1061	1189	651	1160	944	1458	683	1308	806	712	899	856	677	1052	1082	2104	479	1273	756	928	1286	653	1068
ENSG00000238729	13750	341	278	347	393	324	263	406	389	449	278	376	380	356	390	441	418	264	305	278	431	424	440	519	556	515	514	531
ENSG00000103754	1850	38	22	35	45	34	55	26	66	49	40	24	31	42	60	33	61	56	48	30	49	47	47	74	34	52	36	56
ENSG00000129881	4050	161	75	161	88	109	141	116	59	171	98	92	114	86	109	92	67	160	116	104	158	61	72	175	160	114	110	187
ENSG00000162378	233900	7291	4879	7891	1405	7369	8087	7739	6861	5175	8352	6877	3616	9132	5565	5485	5235	9279	5255	6396	4928	5515	8973	5459	7912	5360	6743	4253
ENSG00000203847	9350	153	301	209	182	171	198	248	239	112	220	150	189	190	325	73	134	156	186	83	120	146	180	161	132	95	156	169
ENSG00000244993	2451900	38032	42147	22122	28208	26605	28701	23696	25169	26049	21469	35905	30641	32520	20235	18855	38305	15897	14912	36037	31107	14787	21814	39479	27489	25333	42133	42252
ENSG00000154937	1050	29	50	54	39	54	46	35	34	31	36	53	16	53	45	44	51	21	63	29	31	33	52	51	47	28	50	45
ENSG00000224345	50	6	3	12	7	6	5	5	1	11	6	2	5	4	1	2	0	1	4	5	6	7	2	5	4	8	5	4
ENSG00000232612	2950	29	40	47	26	13	44	33	70	35	45	44	39	24	34	48	44	20	45	33	44	30	25	21	43	45	41	29
ENSG00000161380	3900	54	88	48	106	64	122	112	59	60	57	41	25	60	42	98	93	59	55	84	98	59	66	103	98	122	44	102
ENSG00000147273	1950	55	62	102	62	67	44	65	60	67	41	56	45	60	56	63	107	34	34	49	48	68	73	66	70	79	99	63
ENSG00000212022	1850	21	55	26	28	34	24	45	27	22	35	55	21	55	35	39	62	22	28	21	32	34	44	41	32	44	63	20
ENSG00000144714	4950	209	124	88	63	208	130	122	50	188	161	201	221	74	153	142	68	138	108	96	143	96	54	91	97	83	130	83
ENSG00000177081	1700	14	22	33	59	49	33	37	40	48	33	19	34	38	37	42	28	29	41	31	31	39	61	60	47	65	44	29
ENSG00000183045	400	6	6	2	4	9	10	9	12	6	4	6	13	18	8	4	5	13	9	5	6	15	9	12	7	6	8	12
ENSG00000245957	187050	2289	2951	5000	1624	3468	2579	2493	1674	1472	4022	1370	2446	2315	2871	2670	2524	1966	2339	2027	2720	1941	1167	3131	2996	2680	2444	4011
ENSG00000116252	1250	55	17	33	41	31	35	16	20	27	42	42	38	19	17	23	34	27	67	32	43	31	29	25	36	49	19	21
ENSG00000181259	19800	137	189	156	303	261	256	209	306	224	231	346	219	209	290	303	125	343	254	306	130	163	276	181	193	234	258	177
ENSG00000242787	250	8	6	14	12	8	6	16	11	17	11	18	15	9	13	2	8	24	5	20	18	14	16	10	8	20	12	15
ENSG00000125544	84450	1734	3799	2369	2576	2297	2195	1245	3541	2193	2353	1314	2375	1963	2010	3985	1805	4255	2812	1546	1483	2047	2909	2375	2756	2068	1954	2196
ENSG00000126873	20900	294	856	485	586	433	352	430	469	455	498	513	682	682	340	624	389	874	243	554	683	573	409	375	253	755	574	722
ENSG00000146226	50	3	2	3	4	11	6	4	5	6	6	7	4	3	7	4	4	3	7	7	7	14	5	3	7	7	5	4
ENSG00000173799	750	17	33	17	19	12	23	26	21	17	10	11	15	11	14	19	20	7	21	12	11	20	8	23	15	4	19	13
ENSG00000221116	5150	91	206	87	64	94	83	79	134	130	155	81	145	52	180	88	64	177	136	98	65	97	162	88	158	124	51	202
ENSG00000166956	2150	37	31	14	11	12	53	21	36	30	29	40	20	20	31	13	13	35	47	29	20	29	31	35	30	23	25	24
ENSG00000207382	2300	37	74	62	48	35	35	56	39	63	39	28	31	26	29	44	41	50	36	54	36	45	66	43	34	9	30	44
ENSG00000216649	3650	51	43	79	48	63	44	99	75	103	65	111	52	52	56	93	96	99	137	110	66	49	104	79	59	77	75	88
ENSG00000204814	16150	556	330	718	528	298	545	534	348	464	440	471	911	420	340	546	504	329	731	697	310	511	468	295	501	460	810	461
ENSG00000236104	12200	409	443	375	547	295	547	684	878	866	626	336	335	316	485	244	227	524	632	601	391	358	338	444	275	265	385	398
ENSG00000174252	14150	323	166	194	204	284	247	187	113	289	281	180	280	309	202	131	342	266	434	446	234	189	428	409	201	317	221	112
ENSG00000183467	3000	75	58	39	58	68	33	65	14	45	52	101	55	50	92	30	63	67	70	46	81	74	65	56	116	29	83	65
ENSG00000237508	300	3	4	3	4	4	4	4	7	4	3	2	1	5	5	3	1	6	7	0	5	3	9	1	4	3	5	5
ENSG00000142165	5200	144	162	114	228	151	326	102	254	87	226	271	294	263	239	295	235	544	133	428	177	183	228	266	95	244	162	131
ENSG00000141442	7550	75	73	121	138	111	103	137	136	107	157	140	96	125	65	91	99	87	84	105	98	104	155	171	39	120	109	115
ENSG00000111869	8950	152	115	233	139	98	103	166	105	163	107	121	133	171	139	99	117	117	112	97	198	125	154	125	96	158	132	128
ENSG00000165889	253450	9917	11323	10144	5296	7582	11872	11461	9705	6804	10089	14291	16885	3343	6377	12398	6356	13385	7862	8867	9307	12852	8905	12920	10707	7837	11995	6281
ENSG00000217022	9600	360	231	229	469	562	709	882	2697	2126	3742	2182	1444	719	944	1104	4885	6009	5719	4905	139	157	118	151	4338	8744	5970	9845
ENSG00000170684	7600	189	111	179	279	275	177	200	168	169	204	209	172	73	132	166	126	106	118	63	159	240	192	183	164	101	150	102
ENSG00000216971	39950	1021	957	897	1121	1294	1047	1262	490	1023	1731	868	1023	1045	928	563	1283	923	625	1058	1486	626	1536	1078	1596	564	838	1210
ENSG00000200419	9200	220	161	115	126	137	158	141	146	134	129	196	150	189	152	155	179	166	123	127	150	256	154	186	117	289	183	281
ENSG00000184630	8600	103	89	98	70	102	92	271	174	223	80	156	144	98	188	96	180	133	125	112	166	104	188	90	145	119	164	190
ENSG00000128407	87600	2616	720	767	1142	1456	1371	2130	1782	2157	1175	1155	1532	904	1034	1050	1535	741	1091	1085	1951	2036	2687	1247	1238	1778	967	1588
ENSG00000170400	105150	1227	1440	1096	1284	803	541	1055	1300	816	1499	1264	1505	1183	834	1145	1771	1699	1360	890	1406	1689	613	1523	1277	1888	594	895
ENSG00000161601	2250	39	56	54	121	118	79	116	280	536	327	334	357	359	260	280	719	605	756	1091	9	19	11	35	2645	1771	1236	2287
ENSG00000213946	8900	265	104	411	479	814	746	560	1779	2324	5222	2939	1833	881	903	1251	6014	2604	6599	5905	170	167	116	136	8279	7502	8764	8032
ENSG00000183169	3000	80	170	117	187	137	231	114	154	127	140	97	131	128	202	129	135	104	102	125	206	186	68	127	136	92	109	189
ENSG00000134078	3100	26	49	78	84	19	55	67	72	71	67	46	86	21	75	52	43	28	72	52	39	53	33	70	43	35	81	44
ENSG00000217216	600	3	11	12	12	10	14	10	9	12	11	9	7	7	9	5	8	3	5	5	4	4	9	11	18	10	2	6
ENSG00000214161	250	2	11	6	1	5	1	7	6	6	5	4	5	4	3	4	3	2	3	3	0	3	5	3	3	7	7	3
ENSG00000130218	5450	88	102	153	65	160	58	128	217	140	144	55	134	205	226	64	165	142	139	217	258	154	113	205	91	127	205	122
