	N61311_untreated	N61311_dex	N052611_untreated	N052611_dex	N080611_untreated	N080611_dex	N61311R_untreated	N61311R_dex
ENSG00000075624	159	251	210	352	140	353	201	200
ENSG00000111640	772	493	952	484	639	787	378	920
ENSG00000166710	188	264	379	450	220	335	281	368
ENSG00000165704	14	9	13	11	14	11	11	8
ENSG00000256269	2260	1597	2300	879	1597	982	2497	1117
ENSG00000073578	368	324	341	235	278	510	290	453
ENSG00000112592	65	26	42	29	47	57	92	70
ENSG00000089157	594	311	366	646	401	438	296	575
ENSG00000164924	331	187	587	429	702	262	1027	266
ENSG00000196262	94	271	223	184	162	305	145	521
TP53	344	124	274	72	355	177	271	62
ACTB	350	257	339	328	263	375	430	203
GAPDH	82	23	121	28	57	21	83	28
MYC	95	79	55	69	71	116	77	73
BRCA1	91	38	52	35	46	73	65	41
EGFR	611	480	718	452	506	465	552	392
KRAS	131	190	175	134	151	139	213	219
PTEN	95	81	70	71	71	78	138	79
RB1	38	35	20	13	38	36	26	27
APC	152	93	102	99	65	50	90	124
CDH1	118	88	156	143	171	139	110	135
VHL	126	80	80	109	61	139	49	62
SMAD4	1960	2344	1919	1863	1411	2346	1760	1739
PIK3CA	2411	1322	3077	835	1865	1328	763	1404
BRAF	0	0	1	1	0	3	0	0
ALK	3	4	3	2	2	1	4	6
FGFR1	93	99	131	103	132	67	83	79
NRAS	87	33	74	80	76	65	45	63
IDH1	212	232	226	154	166	241	216	102
CDKN2A	369	322	314	192	348	224	269	249
MDM2	6671	8623	10431	2858	17434	6176	10318	5869
BCL2	17	15	11	13	29	23	25	11
VEGFA	66	83	48	86	96	70	90	111
FLT3	9697	7264	8719	12978	4216	7894	7464	11406
NPM1	523	781	412	450	621	604	630	438
DNMT3A	637	404	578	707	483	236	578	522
TET2	55	35	37	14	53	57	57	68
RUNX1	5	5	4	4	4	9	2	4
CEBPA	225	225	176	188	242	106	201	213
NF1	92	214	278	265	209	185	142	213
PTPN11	19	16	8	9	6	19	14	15
JAK2	51	41	45	32	27	25	40	36
STAT3	104	63	100	127	115	148	55	123
KIT	26	44	18	29	28	46	11	26
PDGFRA	107	141	55	109	104	91	148	112
ABL1	241	159	140	168	146	157	102	199
BCR	160	202	150	253	156	168	94	191
PML	45	28	51	83	91	76	62	53
RARA	571	586	445	390	1086	505	510	804
NOTCH1	861	918	1165	824	854	835	681	1315
FBXW7	168	221	217	251	199	285	296	70
SF3B1	34	36	30	24	22	30	38	30
SRSF2	1732	495	802	409	1537	601	1050	690
U2AF1	93	66	90	27	86	59	77	93
ASXL1	894	1270	1021	858	680	558	809	686
EZH2	20	22	18	27	18	18	24	13
SUZ12	750	707	670	575	868	728	814	1049
KDM6A	233	95	137	77	246	136	166	129
ARID1A	18	9	4	23	17	11	6	4
CREBBP	104	57	51	97	57	56	69	128
ENSG00000216478	246	199	150	138	105	156	98	171
ENSG00000144960	427	444	259	209	324	181	257	220
ENSG00000138029	14	25	10	37	13	22	25	28
ENSG00000239788	12	24	9	21	22	15	43	14
ENSG00000201025	156	175	400	132	104	310	134	161
ENSG00000110929	42	53	53	92	75	58	86	55
ENSG00000240007	426	212	578	432	458	197	356	165
ENSG00000198841	550	411	1034	886	1014	599	688	840
ENSG00000128723	3	9	6	3	4	2	4	5
ENSG00000117117	306	280	286	390	143	227	132	291
ENSG00000179340	1956	1809	1806	2425	849	1179	1080	971
ENSG00000122781	106	38	111	47	96	77	107	93
ENSG00000138390	15	47	25	26	29	29	24	33
ENSG00000172951	478	574	706	355	828	547	521	682
ENSG00000218333	184	330	197	230	139	221	163	565
ENSG00000113416	1387	588	725	939	743	889	1550	765
ENSG00000138114	138	82	174	51	164	109	67	122
ENSG00000231122	11	1	9	10	12	11	7	6
ENSG00000157421	266	97	145	272	274	80	162	182
ENSG00000150314	62	34	69	38	53	56	55	51
ENSG00000152999	516	552	475	335	1193	401	695	487
ENSG00000241974	142	149	282	256	199	215	195	233
ENSG00000176857	5	3	4	9	2	2	0	4
ENSG00000234680	10	18	10	7	11	21	20	29
ENSG00000194629	818	836	1136	1041	803	1165	1313	934
ENSG00000162409	787	579	1330	284	1239	435	1285	374
ENSG00000152286	27	61	43	28	17	22	54	38
ENSG00000168766	109	160	191	165	130	106	70	87
ENSG00000156129	374	295	266	304	189	396	630	511
ENSG00000220347	261	271	380	508	452	267	506	344
ENSG00000136221	2687	676	2062	1408	898	920	1966	1044
ENSG00000148811	233	112	399	264	531	205	459	319
ENSG00000198511	74	45	115	121	98	147	137	64
ENSG00000148311	112	97	122	121	59	214	82	123
ENSG00000239761	1800	1401	771	1383	936	1981	1542	873
ENSG00000181301	1	2	0	2	2	1	1	1
ENSG00000146542	82	59	165	106	103	70	207	127
ENSG00000184165	133	84	47	171	211	180	176	88
ENSG00000192753	11	4	8	2	5	3	2	5
ENSG00000122539	535	254	570	379	222	446	569	419
ENSG00000227397	24	29	28	40	42	52	35	45
ENSG00000241766	966	1349	584	766	773	811	916	942
ENSG00000191367	145	79	36	52	104	179	102	130
ENSG00000196953	817	748	294	573	419	460	461	536
ENSG00000180126	852	1655	1612	2026	990	1246	1475	1453
ENSG00000196498	252	224	204	312	206	340	369	293
ENSG00000108749	36	37	22	13	22	32	14	14
ENSG00000110765	8	6	5	5	8	5	4	10
ENSG00000128701	7022	3265	8400	3095	11198	5535	10008	8756
ENSG00000122186	94	59	106	148	104	141	119	127
ENSG00000137801	14	36	37	43	42	49	45	27
ENSG00000129195	212	339	162	197	118	213	204	144
ENSG00000198898	162	119	83	98	118	75	66	113
ENSG00000221444	582	776	1043	775	570	482	633	719
ENSG00000173164	141	127	54	114	256	212	236	167
ENSG00000173472	133	174	83	214	170	204	151	161
ENSG00000176149	45	27	50	51	27	24	46	73
ENSG00000226686	305	229	169	324	287	214	312	365
ENSG00000196867	25	29	11	18	14	16	23	27
ENSG00000192464	647	782	410	456	532	669	379	792
ENSG00000140388	2956	2711	2880	2371	2323	2468	1497	3375
ENSG00000222943	13	3	12	17	9	8	8	4
ENSG00000133877	3	2	0	0	2	0	1	2
ENSG00000224272	469	652	539	629	532	618	617	426
ENSG00000199005	16449	37254	13135	24258	27279	23415	11605	15560
ENSG00000180366	19	24	63	33	24	11	32	18
ENSG00000115405	11	12	8	14	3	9	7	20
ENSG00000129074	417	674	452	772	513	357	448	496
ENSG00000221145	30	30	27	37	26	15	52	18
ENSG00000198384	37	32	27	67	65	46	60	26
ENSG00000221947	101	77	70	111	74	52	112	99
ENSG00000201337	350	322	460	347	259	631	349	294
ENSG00000191265	65	61	100	97	37	72	72	92
ENSG00000219372	391	247	646	173	842	299	456	247
ENSG00000234418	106	121	81	155	104	119	98	64
ENSG00000215290	29	31	42	28	28	38	40	22
ENSG00000111520	58	66	59	95	62	53	105	56
ENSG00000211491	20	30	29	14	17	24	33	22
ENSG00000165569	436	162	331	208	174	179	311	179
ENSG00000243780	9	16	10	25	13	12	27	12
ENSG00000112835	14	9	12	20	12	22	20	22
ENSG00000120058	3661	1497	3278	1762	3387	2148	2259	1432
ENSG00000121189	183	89	134	168	178	129	140	111
ENSG00000169862	128	100	150	178	123	183	123	91
ENSG00000121076	335	385	335	506	524	411	299	209
ENSG00000153699	52	65	52	57	60	59	85	42
ENSG00000157332	111	78	104	73	61	86	72	92
ENSG00000104242	345	265	177	363	518	518	433	350
ENSG00000100490	221	200	242	290	178	153	190	238
ENSG00000168675	16	25	18	14	16	19	27	16
ENSG00000104063	1284	850	1714	1018	1029	672	2376	846
ENSG00000124082	32	38	36	45	56	27	30	29
ENSG00000233921	16	14	16	13	15	10	19	14
ENSG00000205080	31	6	25	31	12	22	35	30
ENSG00000203156	67	46	66	118	68	66	85	87
ENSG00000216403	2407	3860	2843	4166	6052	7752	3961	3223
ENSG00000194404	26	20	10	12	40	13	22	14
ENSG00000196305	208	190	166	131	223	122	243	188
ENSG00000101768	4	3	2	1	2	1	1	0
ENSG00000184784	109	126	131	132	83	145	97	90
ENSG00000196342	597	850	765	932	501	769	862	1026
ENSG00000140427	122	102	101	94	69	126	104	55
ENSG00000139793	54	36	53	25	31	41	48	63
ENSG00000120729	161	179	333	176	371	438	225	281
ENSG00000196898	559	334	420	1124	1125	308	629	506
ENSG00000206853	424	486	328	558	792	603	362	517
ENSG00000228591	11010	6237	8968	10768	15081	7988	13961	7341
ENSG00000226077	218	120	141	267	362	245	151	114
ENSG00000133026	40	29	14	66	46	45	37	47
ENSG00000122588	219	135	170	87	105	125	125	106
ENSG00000135707	161	151	121	164	150	111	111	98
ENSG00000170053	126	124	109	145	116	206	254	236
ENSG00000122922	72	138	77	324	139	243	148	167
ENSG00000125340	280	323	240	340	294	167	232	101
ENSG00000102033	7	2	7	0	6	3	6	5
ENSG00000190364	1330	1320	784	870	253	1004	558	530
ENSG00000125023	102	37	104	81	33	47	137	45
ENSG00000115958	32	25	7	7	16	15	9	14
ENSG00000105230	683	539	336	407	631	496	531	828
ENSG00000227392	2531	2695	5486	3245	4549	1347	4420	2110
ENSG00000216268	345	393	516	326	281	554	493	385
ENSG00000114561	146	249	185	77	161	149	159	199
ENSG00000175001	41	21	27	23	24	13	10	34
ENSG00000242619	42332	29774	67530	44328	38606	55584	76156	63393
ENSG00000233622	927	879	920	836	1126	687	915	1309
ENSG00000185308	15	5	7	22	24	12	16	8
ENSG00000248078	34	26	17	16	21	32	27	18
ENSG00000173879	167	148	128	103	270	143	213	121
ENSG00000110153	7	4	2	2	4	7	6	4
ENSG00000233367	221	238	257	169	171	180	131	158
ENSG00000232370	105	63	50	25	57	39	87	80
ENSG00000222655	1921	1930	1097	2007	1215	849	1740	1870
ENSG00000119758	1259	763	769	708	979	879	1321	1143
ENSG00000245999	2	0	0	3	2	2	0	0
ENSG00000217435	83	100	205	233	137	161	224	158
ENSG00000125021	6	10	8	2	4	7	10	7
ENSG00000126757	1531	792	1258	1000	805	1017	1473	1160
ENSG00000123421	247	172	328	104	218	223	124	231
ENSG00000182428	352	482	292	310	336	411	593	660
ENSG00000122283	23	12	16	12	34	11	16	15
ENSG00000194895	5733	7598	9605	7310	4907	3928	3005	5457
ENSG00000171736	7585	7072	5087	13142	13039	10332	5952	8952
ENSG00000123036	26	12	18	9	22	10	15	17
ENSG00000179464	328	293	454	203	158	464	306	332
ENSG00000225249	24	24	31	30	18	21	41	29
ENSG00000143775	102	81	162	94	77	176	57	95
ENSG00000172176	14	11	6	6	11	10	16	9
ENSG00000181971	9815	5674	4992	9127	6601	1721	7088	5369
ENSG00000169636	25	12	20	26	17	25	21	26
ENSG00000121889	78	92	125	59	71	89	83	99
ENSG00000239168	350	328	255	232	284	376	234	499
ENSG00000221613	31	45	59	50	33	32	40	29
ENSG00000154493	107	81	88	101	112	86	71	51
ENSG00000216999	34	36	58	53	56	66	53	13
ENSG00000241095	87	61	159	177	117	112	139	111
ENSG00000223723	15	12	9	23	9	12	20	18
ENSG00000233603	43	52	92	61	42	32	70	53
ENSG00000201020	81	137	157	84	54	68	99	97
ENSG00000227806	74	46	79	89	73	84	117	67
ENSG00000201870	160	152	103	75	147	113	182	176
ENSG00000185403	71	99	70	36	83	107	37	67
ENSG00000230525	609	839	701	573	733	586	856	639
ENSG00000130055	110	86	91	91	97	41	65	57
ENSG00000235902	135	105	102	105	88	84	107	88
ENSG00000239382	49	12	38	72	23	31	20	16
ENSG00000118923	140	28	133	34	103	57	121	55
ENSG00000115654	12	12	6	18	16	19	13	7
ENSG00000136592	315	519	378	317	376	408	429	574
ENSG00000119472	7	15	11	18	24	21	9	7
ENSG00000185699	18	39	22	45	19	36	38	28
ENSG00000129205	170	340	211	249	438	334	446	222
ENSG00000138515	283	296	289	158	408	518	315	226
ENSG00000238521	187	34	165	68	147	44	77	70
ENSG00000163992	2	1	0	1	4	5	1	0
ENSG00000159862	255	227	372	252	314	272	358	213
ENSG00000169104	319	341	163	231	288	394	353	279
ENSG00000152777	19	16	5	12	22	9	9	3
ENSG00000183442	430	844	560	523	1195	784	530	661
ENSG00000243335	21	45	39	22	34	35	17	20
ENSG00000226688	13	18	13	9	6	11	11	21
ENSG00000241109	315	167	251	215	230	104	475	88
ENSG00000243677	125	47	116	80	82	64	125	43
ENSG00000155396	186	169	288	176	176	305	191	231
ENSG00000152740	12	8	4	10	3	8	11	6
ENSG00000172573	5699	5091	6161	3893	9388	8368	5121	3982
ENSG00000232982	40	49	52	32	14	50	86	36
ENSG00000120047	8	8	5	7	9	9	9	7
ENSG00000165605	634	533	624	951	393	277	276	287
ENSG00000232245	148	98	71	78	81	94	52	44
ENSG00000182711	139	345	273	379	265	155	375	315
ENSG00000102860	112	60	78	79	74	86	72	91
ENSG00000128074	136	154	99	95	94	134	166	191
ENSG00000182283	216	202	292	286	295	260	120	185
ENSG00000157133	45	29	39	33	27	26	17	21
ENSG00000234828	935	323	787	610	639	531	378	410
ENSG00000230408	161	86	118	103	112	37	178	80
ENSG00000111874	50	26	23	19	21	42	29	26
ENSG00000135251	200	245	200	188	142	173	155	220
ENSG00000241551	522	375	332	458	511	352	496	275
ENSG00000110034	88	133	55	110	61	71	90	94
ENSG00000200399	14	38	16	20	38	28	23	31
ENSG00000153470	409	597	475	392	682	415	614	387
ENSG00000206372	4	4	9	5	5	6	3	4
ENSG00000219212	16	20	13	21	17	10	5	18
ENSG00000163334	160	101	107	159	130	119	259	126
ENSG00000154643	8	6	8	12	11	15	12	9
ENSG00000133957	225	87	341	147	295	156	256	139
ENSG00000237850	73	174	123	143	77	140	94	196
ENSG00000237211	1486	601	1008	765	702	1024	835	1292
ENSG00000156116	44	15	36	28	43	22	31	29
ENSG00000199357	51	40	32	44	61	59	28	28
ENSG00000165470	189	358	220	352	236	298	194	348
ENSG00000238379	2	3	1	0	0	1	0	3
ENSG00000103174	38387	47602	36081	29801	29407	38062	44743	46575
ENSG00000103537	42	32	30	65	42	36	39	32
ENSG00000138810	28	31	23	39	28	31	37	27
ENSG00000160698	653	1051	698	923	946	686	1129	914
ENSG00000127067	158	85	175	192	128	104	155	150
ENSG00000207626	2	2	7	6	2	2	4	6
ENSG00000161963	1456	353	666	439	1146	392	1107	675
ENSG00000148155	567	843	946	846	767	775	945	940
ENSG00000202059	49	29	87	41	41	60	87	59
ENSG00000143042	90	98	99	74	55	80	70	74
ENSG00000217276	505	310	420	301	544	601	285	228
ENSG00000121092	15	28	26	40	47	15	27	12
ENSG00000147308	474	405	477	323	218	281	406	366
ENSG00000126968	189	162	247	384	239	246	152	193
ENSG00000214251	15	28	43	59	32	32	46	30
ENSG00000107120	14	6	4	15	10	11	6	6
ENSG00000204839	91	121	161	113	215	64	123	65
ENSG00000153305	28	18	16	20	27	21	23	12
ENSG00000196888	1209	961	891	1045	1615	1711	1292	777
ENSG00000188229	231	153	65	80	240	120	225	220
ENSG00000217604	660	962	694	936	763	546	1007	749
ENSG00000109484	222	123	230	242	223	164	116	200
ENSG00000162759	179	216	262	242	150	279	380	267
ENSG00000205987	30	57	20	13	28	30	37	51
ENSG00000139264	639	367	792	826	806	654	484	387
ENSG00000229282	4148	5269	5477	5537	5006	4942	5962	6050
ENSG00000120749	66	51	80	83	81	48	64	68
ENSG00000214059	64	55	75	48	79	40	145	41
ENSG00000175371	128	178	103	114	119	76	184	140
ENSG00000181461	56	71	53	46	39	26	42	41
ENSG00000200143	35	29	15	41	14	11	33	52
ENSG00000236149	140	154	126	109	189	144	224	331
ENSG00000153652	91	103	35	123	111	98	57	76
ENSG00000120747	2985	2253	2424	2135	1705	4140	2746	1595
ENSG00000117681	116	106	101	185	76	191	172	223
ENSG00000167269	251	329	295	267	381	195	124	321
ENSG00000229065	1175	778	1085	746	1178	679	782	1059
ENSG00000198333	36	59	78	75	73	62	105	76
ENSG00000106075	1626	1672	1142	2071	2148	1666	3155	4170
ENSG00000139809	37	15	48	57	12	26	41	39
ENSG00000227953	24	22	32	21	31	25	29	25
ENSG00000136473	39	64	91	65	116	69	241	49
ENSG00000125528	286	67	260	92	295	138	235	91
ENSG00000214394	12	5	10	6	5	7	15	16
ENSG00000135493	142	120	115	93	176	87	99	166
ENSG00000122215	5	5	7	10	4	7	4	2
ENSG00000155785	2197	1860	2046	2898	2717	2531	1488	3041
ENSG00000186503	126	104	91	131	104	105	114	145
ENSG00000204747	29	16	48	54	34	41	34	53
ENSG00000211564	30	26	16	13	29	27	9	20
ENSG00000131928	57	54	69	62	137	60	50	74
ENSG00000234627	74	61	99	82	75	78	76	131
ENSG00000247288	21	24	10	16	22	19	28	31
ENSG00000146245	16	20	17	33	22	15	8	33
ENSG00000181108	103	71	111	79	122	109	177	171
ENSG00000138747	26	43	81	40	33	82	51	31
ENSG00000224027	904	721	460	1085	1155	576	948	594
ENSG00000105941	841	1469	1866	663	1421	863	1420	1692
ENSG00000222022	131	253	94	131	108	90	164	191
ENSG00000241539	739	443	394	237	517	370	265	335
ENSG00000154577	16	8	11	10	10	7	10	15
ENSG00000187972	1117	720	950	404	924	347	478	418
ENSG00000126268	239	187	235	144	266	166	401	226
ENSG00000243721	169	327	369	251	625	274	491	538
ENSG00000160115	3544	2510	2353	3997	3372	3885	1529	1912
ENSG00000121486	4	1	1	2	0	0	0	1
ENSG00000111175	201	169	226	101	154	257	120	155
ENSG00000189341	14	13	30	16	22	13	7	14
ENSG00000118664	380	443	753	317	393	582	427	218
ENSG00000199205	6	14	7	8	13	9	10	10
ENSG00000107153	73	74	50	43	43	53	20	50
ENSG00000239497	155	192	202	171	255	204	238	193
ENSG00000223008	506	393	328	354	311	266	335	629
ENSG00000107500	257	201	218	170	156	169	149	118
ENSG00000155190	28	43	31	33	13	42	19	35
ENSG00000186150	58	90	93	41	94	51	89	62
ENSG00000228070	759	596	715	1041	794	827	640	1178
ENSG00000187364	234	200	166	174	201	104	138	143
ENSG00000225845	17	7	8	6	9	6	6	2
ENSG00000224945	606	526	896	720	320	425	541	889
ENSG00000219524	460	326	303	241	136	362	350	524
ENSG00000121760	1049	585	724	914	531	736	753	578
ENSG00000231057	101	66	80	68	89	116	74	46
ENSG00000141985	987	1020	686	746	769	653	726	541
ENSG00000149217	15	14	15	5	16	12	14	17
ENSG00000244054	509	349	296	413	544	410	339	566
ENSG00000164082	88	36	69	40	85	44	92	53
ENSG00000236603	599	506	637	727	1315	534	709	397
ENSG00000164909	1406	618	1269	1768	549	889	992	1232
ENSG00000230698	42	50	20	12	38	35	15	11
ENSG00000117631	113	142	107	115	91	180	144	100
ENSG00000206252	85	131	141	82	145	109	151	178
ENSG00000186468	1407	1381	836	943	927	1258	1435	2245
ENSG00000172363	486	337	496	255	567	1024	542	757
ENSG00000113559	15	11	7	6	11	31	14	16
ENSG00000128452	446	260	350	275	601	245	196	293
ENSG00000209119	490	361	693	562	1177	671	660	530
ENSG00000136510	8242	10003	15583	9821	9105	11627	14063	9503
ENSG00000100632	10	7	5	6	10	5	1	6
ENSG00000148117	27	63	53	46	13	73	62	32
ENSG00000208108	1645	1641	2130	1985	1793	1483	2099	3977
ENSG00000203732	8	17	13	8	8	11	11	6
ENSG00000185827	27	12	20	15	17	9	9	21
ENSG00000217011	307	383	464	361	241	406	312	409
ENSG00000169243	771	1223	679	901	1226	1291	814	991
ENSG00000241934	75	49	62	55	98	39	113	23
ENSG00000180950	232	410	243	492	446	624	260	256
ENSG00000137119	146	187	260	323	108	138	144	205
ENSG00000159031	3283	2863	4645	1797	1511	1845	3879	3944
ENSG00000178896	197	212	109	73	121	136	123	138
ENSG00000203076	1279	791	1635	1152	1065	1241	1217	801
ENSG00000163519	22	16	25	26	10	33	7	11
ENSG00000111849	80	101	164	168	130	105	117	106
ENSG00000193776	284	81	225	147	199	111	135	134
ENSG00000156461	906	1806	455	1533	1419	1054	1714	2164
ENSG00000176918	417	443	573	332	606	381	402	432
ENSG00000190669	39	54	32	32	17	38	33	46
ENSG00000243002	554	238	385	664	389	483	604	465
ENSG00000203640	728	407	785	396	1195	1215	512	585
ENSG00000109650	103	158	130	139	159	106	127	102
ENSG00000146779	99	52	94	146	70	79	85	127
ENSG00000132243	74	100	121	93	115	102	125	172
ENSG00000243057	1	5	4	3	2	3	4	5
ENSG00000189433	177	246	106	333	297	158	163	107
ENSG00000156986	200	338	217	203	280	342	356	137
ENSG00000150966	40	16	18	26	56	24	34	22
ENSG00000200520	590	454	1299	596	838	752	1300	468
ENSG00000129201	9	5	10	13	5	6	12	6
ENSG00000136600	26	53	48	53	50	50	56	28
ENSG00000247920	74	54	76	88	100	70	66	72
ENSG00000177537	7298	9006	5293	7228	8382	9281	5945	8179
ENSG00000243421	3	16	10	4	7	8	7	3
ENSG00000233521	571	463	828	360	295	349	499	206
ENSG00000185687	948	1321	1252	1337	1315	862	1681	647
ENSG00000187821	559	196	293	153	279	248	293	195
ENSG00000238417	3703	1255	1407	867	3418	2065	3806	1083
ENSG00000127263	34	14	12	31	20	17	15	16
ENSG00000170244	2	3	1	2	6	1	4	3
ENSG00000190884	471	829	669	736	461	370	890	700
ENSG00000113301	19	9	14	11	11	5	6	23
ENSG00000195392	64	70	81	77	97	48	102	49
ENSG00000142129	17	13	15	11	32	19	32	8
ENSG00000130462	1346	1044	1934	1369	1235	704	1774	1004
ENSG00000151041	1295	769	2015	788	1594	465	1307	1103
ENSG00000158743	37	21	36	15	29	27	34	30
ENSG00000244182	939	1250	1007	736	1090	1261	445	1349
ENSG00000105389	113	176	175	259	205	168	188	171
ENSG00000239622	338	175	212	106	175	154	183	195
ENSG00000121182	143	258	146	143	162	176	157	257
ENSG00000180118	99	73	57	151	82	29	166	152
ENSG00000175966	398	390	472	618	517	633	209	346
ENSG00000235283	251	440	167	180	304	133	224	295
ENSG00000157574	101	69	108	90	58	80	116	84
ENSG00000145384	1117	720	1300	824	1234	911	804	1497
ENSG00000122025	40	31	35	49	36	31	19	58
ENSG00000137716	146	200	213	200	315	231	219	342
ENSG00000200422	187	342	345	384	297	319	314	276
ENSG00000230057	1673	1727	3058	1891	3482	3731	2979	2453
ENSG00000157374	82	77	62	60	32	66	90	36
ENSG00000119319	4166	4822	4727	3124	3200	6691	4213	8535
ENSG00000186614	234	173	202	230	137	138	206	170
ENSG00000177930	121	64	121	56	37	103	44	120
ENSG00000100688	14	34	18	34	56	33	43	33
ENSG00000138167	534	395	607	452	357	337	358	592
ENSG00000152135	156	251	136	154	360	205	135	225
ENSG00000157920	8	17	28	18	12	11	17	9
ENSG00000233925	22	7	8	29	26	16	13	26
ENSG00000199128	58	63	37	54	34	42	51	43
ENSG00000168945	42	26	29	43	23	39	28	28
ENSG00000167179	866	1448	1546	876	1053	1456	1196	767
ENSG00000169999	3399	1932	2687	2561	2209	3087	1841	2309
ENSG00000196969	920	562	528	584	741	922	586	1327
ENSG00000184499	406	233	270	417	301	212	461	372
ENSG00000220523	70	114	85	82	88	42	56	46
ENSG00000233197	119	286	244	143	128	97	146	166
ENSG00000149050	916	935	1051	673	879	846	456	929
ENSG00000218954	5697	13164	5772	12227	7677	10044	6732	8213
ENSG00000238978	1229	941	783	785	1609	1334	881	936
ENSG00000139808	75	124	58	120	28	69	112	95
ENSG00000244172	109	212	208	133	115	129	190	108
ENSG00000209245	57	60	81	77	104	75	48	45
ENSG00000223393	30	20	43	24	22	19	40	47
ENSG00000144776	185	126	127	93	108	110	92	106
ENSG00000153485	241	284	169	174	276	155	90	201
ENSG00000116363	15205	5672	14034	8720	9282	6743	13818	4513
ENSG00000199373	163	194	167	119	122	159	133	82
ENSG00000214222	1580	992	3199	2209	1406	2480	2395	2854
ENSG00000143482	6167	5175	6555	7513	3836	2024	4514	4743
ENSG00000196938	155	287	137	143	199	112	126	121
ENSG00000114583	1832	3833	3679	3003	5782	2883	4016	3180
ENSG00000128827	672	603	1159	630	722	773	1285	341
ENSG00000142820	79	99	120	102	61	27	176	60
ENSG00000247015	421	158	345	207	451	263	741	363
ENSG00000154834	174	144	113	265	125	159	177	197
ENSG00000222696	116	114	116	115	140	57	157	85
ENSG00000217731	81	45	120	45	161	100	79	142
ENSG00000210623	179	236	112	166	181	126	144	188
ENSG00000170476	310	368	293	314	464	397	385	203
ENSG00000210817	38	24	19	15	15	30	31	14
ENSG00000156549	127	196	65	93	154	138	100	184
ENSG00000238121	7	5	8	11	11	10	9	13
ENSG00000215518	440	239	211	188	160	195	278	359
ENSG00000197302	1436	929	870	261	1339	619	1360	302
ENSG00000114356	103	243	138	95	179	134	226	152
ENSG00000100553	257	144	414	222	128	303	140	198
ENSG00000206549	583	448	382	620	692	613	407	511
ENSG00000173699	58	28	26	51	40	60	36	34
ENSG00000135083	46	107	68	99	145	172	46	60
ENSG00000246813	401	541	449	541	331	610	433	558
ENSG00000140924	2593	1188	2286	696	1884	1480	2399	1322
ENSG00000228203	359	571	347	303	356	223	170	235
ENSG00000186881	10758	17372	21117	14768	14507	17074	17988	19522
ENSG00000155162	80	185	128	118	146	136	138	97
ENSG00000102054	946	1184	331	1198	1344	779	1049	778
ENSG00000185876	1470	2234	3028	1934	1744	1698	2419	1668
ENSG00000229078	90	108	131	122	145	161	102	101
ENSG00000222097	32	22	29	44	31	30	20	35
ENSG00000123666	7	15	11	19	6	15	21	15
ENSG00000105490	211	161	237	100	215	194	214	341
ENSG00000214086	1522	1084	1411	1300	794	2360	1457	1288
ENSG00000129830	227	243	192	295	210	261	188	330
ENSG00000148218	263	177	231	290	201	207	174	150
ENSG00000154797	66	27	64	34	76	53	45	44
ENSG00000152280	343	421	411	331	622	545	487	388
ENSG00000109791	7	2	3	1	7	2	3	0
ENSG00000172784	196	254	271	271	232	261	256	378
ENSG00000184486	168	161	146	131	84	163	239	88
ENSG00000232792	12	10	4	9	5	9	17	9
ENSG00000180754	18521	5970	32750	14756	36013	11536	30329	9413
ENSG00000203598	9	9	8	12	11	10	6	10
ENSG00000177647	19	17	16	21	17	23	20	7
ENSG00000109221	17	5	19	12	24	23	21	13
ENSG00000185348	1883	2501	1902	1120	1392	1588	2179	773
ENSG00000244964	21	23	29	20	33	13	28	27
ENSG00000173023	506	552	406	504	434	564	778	372
ENSG00000209149	716	372	569	315	238	488	365	344
ENSG00000190340	286	304	212	152	342	181	234	246
ENSG00000237038	8	11	5	15	14	10	10	5
ENSG00000137117	19	31	48	46	31	67	38	43
ENSG00000213309	4227	2253	6283	8526	3455	2629	6029	3276
ENSG00000175197	12	14	9	22	6	9	17	8
ENSG00000145316	47	31	35	23	23	15	27	12
ENSG00000194182	137	139	124	64	72	81	73	147
ENSG00000130969	667	711	677	676	437	634	563	725
ENSG00000193107	455	216	807	216	464	173	408	233
ENSG00000248144	665	556	940	597	705	533	538	640
ENSG00000237618	15	14	21	42	32	19	29	23
ENSG00000200323	1496	904	995	1666	509	607	1052	1111
ENSG00000166685	247	272	228	233	477	440	467	301
ENSG00000226332	6	1	6	6	6	8	4	5
ENSG00000116542	4191	2235	3991	3365	2685	1469	2469	3656
ENSG00000166920	20495	15040	41417	16655	20471	19131	31298	11061
ENSG00000188895	27	19	33	38	24	54	27	39
ENSG00000107264	156	119	142	237	270	146	350	224
ENSG00000125903	1573	1936	1771	2799	2875	1879	1898	1618
ENSG00000129199	8	3	6	12	3	14	12	6
ENSG00000166564	2	0	2	2	6	2	3	2
ENSG00000163663	12	13	8	2	13	6	6	7
ENSG00000126345	51	19	69	53	29	69	48	49
ENSG00000175849	45	53	106	60	29	40	47	71
ENSG00000175028	408	294	584	269	268	147	372	479
ENSG00000124880	471	262	590	260	585	230	451	139
ENSG00000111445	15	10	13	11	12	17	7	17
ENSG00000122026	362	537	464	322	525	452	237	416
ENSG00000186024	7592	6642	4115	5803	3900	2227	9649	10227
ENSG00000224991	2324	1740	1838	3029	2460	886	2858	970
ENSG00000198390	1001	1898	666	1754	506	1015	1595	1411
ENSG00000183274	137	200	235	103	153	149	171	132
ENSG00000154264	901	994	1119	1287	1207	1180	1052	1525
ENSG00000235718	18	15	23	13	25	23	16	22
ENSG00000157471	742	351	329	907	739	409	336	412
ENSG00000117537	116	97	205	90	158	162	178	137
ENSG00000222195	1033	958	799	1698	1669	1750	1281	1191
ENSG00000122915	360	241	282	427	251	304	412	316
ENSG00000123451	23	13	23	27	18	22	11	16
ENSG00000146588	234	207	109	105	311	155	100	191
ENSG00000216308	1569	2302	1829	1480	835	858	2767	2730
ENSG00000111109	16	13	6	15	14	17	12	17
ENSG00000169324	59	62	80	42	158	35	129	27
ENSG00000180038	51	33	19	22	33	36	26	25
ENSG00000184633	7	4	3	7	8	7	8	7
ENSG00000126980	1111	685	582	1424	851	766	796	606
ENSG00000198883	2435	2372	2067	1842	2524	1928	2558	1631
ENSG00000116408	584	644	426	675	912	728	558	627
ENSG00000239965	135	308	145	151	337	277	265	192
ENSG00000111933	184	113	96	97	85	58	179	151
ENSG00000193148	194	203	181	237	298	250	157	221
ENSG00000230500	50	21	37	27	24	52	27	46
ENSG00000118412	997	964	364	830	809	990	979	631
ENSG00000181434	1542	923	1681	1616	2337	1105	2143	432
ENSG00000237408	1481	1062	1471	1455	648	682	833	837
ENSG00000116818	54	29	52	59	41	21	47	42
ENSG00000133046	196	97	171	156	200	166	195	262
ENSG00000123889	110	115	176	46	91	86	112	75
ENSG00000167668	9071	5471	4498	4155	4003	7348	7265	5847
ENSG00000239202	310	169	149	262	389	118	151	275
ENSG00000235431	4	0	1	1	5	6	3	1
ENSG00000183091	383	253	469	216	327	182	205	280
ENSG00000138618	4490	4717	5826	3995	6666	7708	7102	6336
ENSG00000229918	630	311	667	389	466	691	366	425
ENSG00000120600	467	590	582	572	781	1080	1626	782
ENSG00000158981	85	209	123	127	224	230	154	166
ENSG00000151375	2	2	3	1	0	4	3	3
ENSG00000214526	4	5	2	4	5	3	3	1
ENSG00000142197	18	8	11	10	11	21	17	12
ENSG00000219557	129	123	82	72	181	136	125	146
ENSG00000106299	563	329	434	204	210	254	531	215
ENSG00000124682	448	488	880	620	540	695	538	317
ENSG00000188810	77	112	55	81	63	55	48	95
ENSG00000183190	608	879	1348	1573	1416	799	1133	721
ENSG00000186882	48	115	37	90	57	52	97	109
ENSG00000233381	35	17	43	47	33	52	50	35
ENSG00000186307	1073	974	875	870	339	1541	569	613
ENSG00000172760	19	17	21	26	30	32	28	59
ENSG00000139892	1	2	3	1	0	0	2	0
ENSG00000184693	7	17	11	15	13	19	38	23
ENSG00000111350	421	190	633	127	332	160	311	146
ENSG00000175344	1	1	0	2	1	1	1	0
ENSG00000148487	86	93	140	52	70	62	130	123
ENSG00000209719	68	45	33	45	43	64	102	47
ENSG00000114492	10	12	12	9	14	9	13	4
ENSG00000212348	3	6	6	3	1	6	7	8
ENSG00000241124	87	38	70	40	24	69	59	41
ENSG00000156900	30	30	61	28	75	56	53	22
ENSG00000138997	1514	2136	1273	1223	3178	1312	2106	2262
ENSG00000215002	193	384	389	326	222	319	209	368
ENSG00000122879	5	9	14	6	7	9	6	8
ENSG00000242181	17	16	32	17	34	17	13	49
ENSG00000200111	661	385	720	736	293	492	378	669
ENSG00000144522	6276	6745	6415	6673	5269	9442	5154	5662
ENSG00000150333	342	275	316	241	415	261	234	363
ENSG00000156130	244	210	216	509	428	334	128	333
ENSG00000140802	5665	5325	4938	6138	7842	4926	8645	4578
ENSG00000247795	133	130	228	108	128	145	104	117
ENSG00000154699	154	87	104	177	205	106	236	76
ENSG00000185669	6	7	4	9	13	3	12	4
ENSG00000139544	62	45	84	42	26	34	47	29
ENSG00000237634	8461	8551	14538	12279	10208	5675	14167	13042
ENSG00000208251	11	15	9	13	12	9	2	6
ENSG00000216205	198	195	166	100	196	103	161	144
ENSG00000162317	11	11	11	13	12	8	7	17
ENSG00000111894	146	218	214	263	79	133	203	136
ENSG00000158938	1009	1119	1224	604	961	898	996	755
ENSG00000156912	124	93	73	72	141	61	103	118
ENSG00000213313	504	641	1147	815	581	815	582	891
ENSG00000124047	1556	415	1053	524	1386	434	1496	706
ENSG00000132213	166	404	412	324	367	483	324	283
ENSG00000208095	6220	3101	4679	3654	5540	2976	7388	4694
ENSG00000215533	554	424	694	1254	396	739	462	403
ENSG00000192153	123	75	140	73	108	81	93	107
ENSG00000200890	52	22	32	35	34	44	31	47
ENSG00000137419	23	28	45	33	42	41	28	24
ENSG00000153092	378	345	221	347	382	539	400	399
ENSG00000217440	41	75	88	73	68	78	56	79
ENSG00000236662	21849	38820	27352	47549	32351	20246	46257	33730
ENSG00000159746	7451	7446	8932	4717	4793	7202	5988	4763
ENSG00000110856	97	131	81	92	72	80	130	84
ENSG00000148221	84	72	75	63	76	82	124	59
ENSG00000243395	2712	6546	2848	4445	3515	5421	4701	5228
ENSG00000204768	2	3	5	2	1	1	5	5
ENSG00000249629	23	36	59	48	34	108	81	42
ENSG00000183057	651	605	771	885	772	1164	507	650
ENSG00000233741	37	9	48	24	24	13	32	30
ENSG00000115436	39	61	59	59	51	51	56	56
ENSG00000175593	73	67	50	35	44	52	69	85
ENSG00000100059	646	656	573	680	411	695	231	441
ENSG00000220743	251	214	244	169	123	221	286	155
ENSG00000200946	359	277	348	345	497	281	450	233
ENSG00000241506	689	429	458	399	357	420	611	510
ENSG00000141719	178	209	178	125	116	217	186	106
ENSG00000246831	676	1671	1307	898	1643	1510	646	1686
ENSG00000178696	28	35	62	26	30	59	19	25
ENSG00000121646	3	7	11	1	5	12	4	5
ENSG00000198372	13	4	13	3	5	5	9	2
ENSG00000176225	10	5	2	3	10	5	8	9
ENSG00000240055	50	36	38	47	37	50	62	82
ENSG00000194320	877	1293	736	1172	1146	655	1399	1293
ENSG00000240366	238	201	309	216	368	247	216	228
ENSG00000188639	70	39	77	33	100	51	43	16
ENSG00000206857	18	17	25	24	13	12	13	12
ENSG00000231638	53	16	78	81	103	49	48	17
ENSG00000196445	61	110	52	59	68	48	56	40
ENSG00000200188	30	46	102	47	35	64	65	20
ENSG00000167462	7	6	9	9	4	11	2	4
ENSG00000126327	60	46	53	41	66	49	60	72
ENSG00000119850	670	1381	1039	1028	1242	1042	1019	1700
ENSG00000152569	3	3	0	3	1	0	3	2
ENSG00000110841	175	126	91	90	139	144	98	134
ENSG00000185244	2	3	1	2	0	0	2	2
ENSG00000185875	243	230	334	141	124	70	248	167
ENSG00000205253	30	51	33	51	26	77	47	38
ENSG00000121944	1	2	0	1	1	4	1	2
ENSG00000175631	161	116	104	168	294	267	245	91
ENSG00000118281	17341	4481	8688	6580	7458	5237	16488	4042
ENSG00000214628	574	286	334	165	320	188	362	178
ENSG00000162932	592	2103	1497	1428	1735	1223	1224	2009
ENSG00000150909	170	155	106	78	114	106	235	196
ENSG00000190358	2	0	3	0	5	6	1	2
ENSG00000244254	283	612	335	422	324	260	520	314
ENSG00000164242	38	32	55	93	81	99	17	61
ENSG00000157690	10	8	1	8	11	17	10	13
ENSG00000112500	624	610	690	505	624	416	1167	466
ENSG00000175462	146	271	292	355	391	163	312	203
ENSG00000115592	63	27	43	43	42	53	58	34
ENSG00000161485	353	681	966	747	844	701	577	898
ENSG00000142497	22	23	34	13	15	29	26	24
ENSG00000213632	672	322	486	419	585	248	582	419
ENSG00000161066	19	22	38	15	23	25	29	26
ENSG00000150797	474	391	487	521	402	598	519	433
ENSG00000127706	11	15	30	15	20	4	15	14
ENSG00000248771	2527	3626	3830	3838	3417	2764	4010	2858
ENSG00000203384	225	337	183	175	283	264	283	184
ENSG00000166123	2081	2080	3837	2161	2711	4075	1404	1855
ENSG00000212576	39	36	59	11	63	26	57	17
ENSG00000113966	40	53	35	50	25	53	44	51
ENSG00000142122	556	806	673	581	596	784	1121	588
ENSG00000165220	0	0	0	3	0	2	0	1
ENSG00000201150	13	10	7	9	22	10	11	23
ENSG00000120938	1329	2146	1200	1303	967	881	715	528
ENSG00000227306	343	504	213	286	389	427	631	440
ENSG00000130984	986	994	693	1171	1059	1504	652	851
ENSG00000118493	101	88	62	89	79	78	53	78
ENSG00000103727	434	455	389	279	579	733	327	568
ENSG00000218914	45	48	17	28	27	38	45	40
ENSG00000215398	19	9	9	14	7	9	5	12
ENSG00000205607	5	5	6	3	6	10	7	3
ENSG00000189018	51	63	32	40	66	46	46	38
ENSG00000115081	25	37	44	47	27	64	54	41
ENSG00000130416	40	53	52	25	47	70	42	67
ENSG00000155898	3	3	5	1	3	1	3	2
ENSG00000117830	3	3	3	5	2	2	0	0
ENSG00000228359	45	60	73	54	43	87	82	79
ENSG00000211141	257	278	176	101	238	142	252	209
ENSG00000198328	24	28	28	14	53	61	49	83
ENSG00000227075	29	24	25	17	44	32	6	40
ENSG00000199583	1	0	3	1	2	1	0	2
ENSG00000164889	10610	6893	7860	5571	9524	9018	8176	10789
ENSG00000114009	6	13	15	6	14	9	14	18
ENSG00000155237	4045	5285	4121	3205	4661	2711	5520	3873
ENSG00000164540	3160	1642	2047	3643	4393	3049	1642	2615
ENSG00000103722	280	175	337	214	251	276	215	235
ENSG00000167591	34	61	64	38	51	41	34	22
ENSG00000244002	111	161	129	281	163	184	217	140
ENSG00000194368	15	7	15	14	15	6	10	13
ENSG00000238172	278	309	250	214	175	513	225	222
ENSG00000177737	130	141	216	150	91	160	148	189
ENSG00000198802	664	600	381	382	246	359	443	598
ENSG00000184399	776	617	1154	1106	875	518	1244	569
ENSG00000237638	2935	4090	5286	4419	5038	4746	5106	4964
ENSG00000224150	41	66	79	50	65	25	75	77
ENSG00000236970	1378	951	1171	2076	755	1189	535	1021
ENSG00000154187	33	42	10	21	32	29	44	33
ENSG00000206352	18	19	28	22	16	35	21	13
ENSG00000164759	14	47	11	53	60	42	38	34
ENSG00000108458	23	36	16	11	15	31	15	7
ENSG00000224978	864	1354	947	1531	1190	1109	1848	1104
ENSG00000245364	794	494	793	655	1138	973	719	798
ENSG00000159518	1100	872	2224	5461	1256	1075	904	2421
ENSG00000206154	144	86	173	178	191	114	104	251
ENSG00000194756	335	216	252	511	307	331	210	174
ENSG00000222403	30	36	42	55	22	51	52	42
ENSG00000171091	24	15	11	18	14	5	14	16
ENSG00000166597	484	355	328	505	377	293	228	239
ENSG00000199449	243	219	199	177	159	234	273	151
ENSG00000214316	14	13	19	16	11	19	18	10
ENSG00000159376	1132	380	488	400	966	506	980	561
ENSG00000204566	4	2	6	2	0	2	7	7
ENSG00000175934	135	118	79	72	102	77	90	83
ENSG00000134932	44	62	46	25	62	25	15	25
ENSG00000177951	40	52	53	29	60	92	25	50
ENSG00000248529	40	21	29	22	35	19	43	19
ENSG00000138883	1269	1107	849	878	886	1453	945	1046
ENSG00000244188	774	607	268	346	351	277	495	414
ENSG00000120306	1802	1464	2626	2082	1840	1638	1259	1740
ENSG00000143746	123	255	283	114	111	142	130	160
ENSG00000231143	16	19	16	10	14	14	12	4
ENSG00000206011	55	40	71	69	32	42	100	56
ENSG00000226969	11	18	6	9	12	23	17	10
ENSG00000174829	389	393	219	425	687	442	174	339
ENSG00000112850	1046	1130	1809	1327	1300	642	991	1974
ENSG00000154591	637	322	465	132	477	78	595	405
ENSG00000181051	76	22	25	40	33	39	40	30
ENSG00000184825	46	93	51	37	16	65	50	85
ENSG00000153067	249	334	261	253	232	233	189	157
ENSG00000181687	6	5	13	10	12	8	19	14
ENSG00000191004	313	181	216	117	185	297	111	114
ENSG00000231731	156	186	235	249	128	232	186	253
ENSG00000248579	50	25	57	56	34	36	34	45
ENSG00000108429	51	52	42	27	26	44	123	42
ENSG00000236466	268	217	145	179	262	169	269	239
ENSG00000103379	15	9	31	20	50	36	19	24
ENSG00000175414	24	30	30	36	24	36	12	59
ENSG00000175065	1032	765	448	607	868	503	1095	506
ENSG00000168138	334	170	229	142	151	153	248	188
ENSG00000120008	4233	3200	5648	3947	4861	1847	3656	5656
ENSG00000128152	30	21	16	20	12	20	22	25
ENSG00000175690	4	1	4	10	1	3	7	3
ENSG00000189462	1573	671	488	582	811	622	1083	1017
ENSG00000188781	834	844	513	695	828	832	772	766
ENSG00000201962	24	47	40	10	47	36	17	12
ENSG00000109609	5	7	14	3	6	5	10	7
ENSG00000128453	129	111	82	88	145	100	74	102
ENSG00000156956	1	0	4	2	5	4	0	0
ENSG00000218584	114	107	72	116	103	96	72	64
ENSG00000101003	1	2	5	3	3	2	2	0
ENSG00000183845	89	48	98	90	128	124	49	77
ENSG00000102268	2	2	2	1	1	3	2	3
ENSG00000204444	59	64	96	115	96	61	125	80
ENSG00000143937	2794	3301	4556	1890	2760	3398	3320	3952
ENSG00000191698	129	115	134	137	132	76	132	41
ENSG00000146404	791	415	626	564	977	816	654	932
ENSG00000235668	13	46	50	33	53	43	54	36
ENSG00000210726	25	15	15	15	11	27	18	27
ENSG00000182944	4	7	6	9	3	5	6	10
ENSG00000214293	982	1043	774	972	844	1144	1396	876
ENSG00000224452	95	149	92	97	215	144	111	101
ENSG00000152788	4560	2784	1629	2534	4353	4871	4181	2455
ENSG00000207793	8	17	9	22	16	19	15	15
ENSG00000103373	107	76	87	50	135	99	63	113
ENSG00000206204	123	211	131	160	175	135	266	69
ENSG00000131584	1651	1440	3253	2762	1870	2190	2652	2130
ENSG00000157764	3208	6438	5383	4678	3010	4562	6168	5117
ENSG00000229725	39	48	32	26	22	41	13	49
ENSG00000106864	19	9	28	10	18	23	16	12
ENSG00000189093	6	5	3	8	8	3	5	2
ENSG00000117496	3071	1191	1108	1747	1855	1287	2401	2297
ENSG00000148474	88	138	118	78	156	56	96	76
ENSG00000235925	28	41	32	49	41	30	37	20
ENSG00000183531	176	89	173	134	129	55	78	125
ENSG00000128585	2	0	0	3	0	0	1	0
ENSG00000135561	4	6	7	3	4	4	4	3
ENSG00000187014	569	1135	707	985	1197	558	1115	722
ENSG00000118227	431	259	244	268	624	385	591	444
ENSG00000157847	181	244	151	201	150	140	123	185
ENSG00000116904	9	20	8	14	13	8	15	18
ENSG00000197035	319	404	705	309	495	219	405	394
ENSG00000107210	6068	5481	5001	5511	5875	4275	3173	4128
ENSG00000239030	13	13	12	5	8	10	9	17
ENSG00000206333	186	113	212	66	293	214	217	139
ENSG00000172102	72	37	85	41	26	56	71	66
ENSG00000191904	152	125	124	139	275	402	254	358
ENSG00000135209	121	93	86	132	124	92	119	157
ENSG00000115793	144	76	66	87	134	54	92	92
ENSG00000214954	9	11	3	21	45	18	29	29
ENSG00000117017	83	101	88	175	109	116	130	183
ENSG00000231201	39	42	29	28	48	48	52	60
ENSG00000154377	123	89	141	61	120	146	149	62
ENSG00000190911	136	60	141	89	100	93	109	81
ENSG00000224720	284	445	357	449	364	224	412	401
ENSG00000162451	31	38	39	43	20	22	33	35
ENSG00000136888	65	71	49	79	96	66	88	65
ENSG00000137064	996	565	1028	1499	935	1017	919	1185
ENSG00000129109	84	101	81	94	71	97	84	92
ENSG00000225034	73	117	116	115	79	94	90	32
ENSG00000169616	1739	691	2222	1475	1082	794	506	826
ENSG00000147679	161	306	222	267	184	385	94	156
ENSG00000140935	112	191	98	117	89	185	275	109
ENSG00000248891	282	170	216	286	180	143	277	230
ENSG00000109712	7	3	15	13	16	8	12	5
ENSG00000100535	277	520	399	264	158	501	326	344
ENSG00000247441	2816	1261	2286	2346	1910	2223	2016	2655
ENSG00000191474	942	561	1159	519	920	420	351	416
ENSG00000166973	4	11	12	6	5	12	6	5
ENSG00000121316	245	115	330	128	166	140	151	170
ENSG00000172980	23	32	22	22	17	15	15	24
ENSG00000134982	82	60	77	88	101	54	80	100
ENSG00000151832	135	93	166	136	245	155	148	253
ENSG00000143370	13	22	7	11	18	16	10	7
ENSG00000225320	1896	1596	1584	2513	1870	1742	2469	1963
ENSG00000236891	76	93	110	86	125	75	68	48
ENSG00000112466	476	648	611	677	624	857	709	648
ENSG00000144137	358	380	575	609	622	333	389	393
ENSG00000154491	1610	1567	2132	1972	1621	1753	2385	3367
ENSG00000196771	794	1107	1487	687	1272	1080	1311	1212
ENSG00000112350	7	8	4	13	4	7	6	7
ENSG00000212150	95	91	111	216	137	151	156	124
ENSG00000209155	1	3	1	3	2	3	1	4
ENSG00000143455	37	59	31	34	75	22	40	54
ENSG00000242626	415	724	436	755	454	503	502	386
ENSG00000171200	975	844	712	1250	625	1664	549	416
ENSG00000215880	2526	1476	1417	1350	1843	1740	1622	1943
ENSG00000134465	88	65	44	47	42	85	60	55
ENSG00000238194	371	323	359	296	272	149	204	243
ENSG00000177177	281	221	207	108	121	116	152	184
ENSG00000136673	1626	1377	1528	2462	1509	1565	1559	1276
ENSG00000117457	2138	2898	2130	2246	3580	2344	3074	2446
ENSG00000128246	61	55	63	52	66	64	92	49
ENSG00000207601	66059	29949	35660	48625	48451	50391	65704	52574
ENSG00000115348	129	98	149	161	213	117	163	112
ENSG00000206727	114	31	46	95	60	104	116	51
ENSG00000146366	254	424	351	454	306	349	570	354
ENSG00000154652	646	475	639	646	390	421	590	808
ENSG00000120642	535	303	325	252	588	355	655	654
ENSG00000174017	30	20	27	54	41	58	42	41
ENSG00000191052	3462	2060	1994	1941	3083	2725	2913	1448
ENSG00000206284	135	184	190	164	117	56	93	103
ENSG00000184295	3313	2788	1681	2217	2178	1866	5448	2606
ENSG00000163529	1883	2591	1925	1722	1844	2140	2122	2445
ENSG00000139209	6	13	13	10	13	15	24	11
ENSG00000210522	29	31	24	35	18	26	26	36
ENSG00000230623	25	7	14	40	18	13	24	20
ENSG00000244823	307	325	182	208	163	292	196	206
ENSG00000159402	124	107	80	164	179	102	249	166
ENSG00000220709	291	195	179	218	342	303	414	241
ENSG00000141356	20	33	29	26	25	22	6	25
ENSG00000180911	384	350	423	201	387	283	447	282
ENSG00000199796	1911	2670	1244	3601	4166	2276	3385	2025
ENSG00000206289	10	7	8	17	17	13	14	7
ENSG00000153087	164	193	187	68	274	112	135	111
ENSG00000188211	182	232	317	111	258	240	264	335
ENSG00000119033	116	111	69	111	122	71	207	82
ENSG00000206208	152	95	134	105	201	71	225	84
ENSG00000158247	4251	5461	10275	3287	3646	5818	5883	5137
ENSG00000224300	1186	1596	1422	2376	1734	1398	2249	2297
ENSG00000220355	496	1185	594	919	671	981	522	446
ENSG00000167865	17	40	16	38	14	33	20	38
ENSG00000207196	7537	18210	17481	13044	14181	5903	20020	14218
ENSG00000198834	310	333	296	429	360	324	202	505
ENSG00000180677	46	30	16	44	42	80	22	67
ENSG00000140920	150	95	75	71	104	91	135	79
ENSG00000186747	60	47	63	31	48	54	74	89
ENSG00000185754	11882	8960	7799	9505	12265	7747	10687	8951
ENSG00000171082	175	162	176	195	79	226	153	191
ENSG00000172207	116	162	217	188	157	60	196	161
ENSG00000118181	2	3	0	2	3	2	1	2
ENSG00000155795	766	262	865	974	380	212	575	535
ENSG00000156140	14	17	7	14	19	18	5	14
ENSG00000109023	2	13	23	2	16	12	13	16
ENSG00000140424	293	373	396	454	720	396	560	383
ENSG00000178612	27	31	27	25	25	35	29	12
ENSG00000137583	1073	921	616	719	1009	745	596	392
ENSG00000161642	1205	1365	1691	1091	1255	1302	1900	1146
ENSG00000167842	6	1	3	5	2	8	1	2
ENSG00000133370	88	164	120	161	126	147	84	120
ENSG00000140437	4	12	10	10	4	4	7	11
ENSG00000116394	154	83	69	131	111	123	142	164
ENSG00000210541	2225	999	1560	1388	1854	794	2586	1620
ENSG00000163482	7	14	4	10	8	2	7	5
ENSG00000179524	5672	2567	4057	6970	3723	5962	3078	4701
ENSG00000135539	33	72	77	63	98	91	82	88
ENSG00000217114	19	8	15	9	14	15	14	10
ENSG00000163493	84	131	82	95	155	141	68	97
ENSG00000118290	918	882	551	693	684	633	446	569
ENSG00000161841	6	9	11	5	7	9	9	7
ENSG00000149010	173	109	189	99	167	70	226	196
ENSG00000162350	6	9	5	9	4	12	8	10
ENSG00000114979	895	1023	1982	1089	2186	581	1129	700
ENSG00000200515	267	95	124	240	249	262	123	177
ENSG00000219101	41	107	68	63	63	32	98	43
ENSG00000150090	996	1053	921	906	814	1161	950	1288
ENSG00000161794	7	10	10	7	7	8	9	12
ENSG00000137325	54	65	62	63	59	64	45	58
ENSG00000194106	2926	3093	4837	6334	3947	8928	7481	6510
ENSG00000103355	95	154	134	95	65	209	66	143
ENSG00000226699	3318	1633	1160	1623	1911	2566	1944	1377
ENSG00000193137	198	188	226	226	125	221	211	280
ENSG00000173761	30	34	17	33	19	43	26	31
ENSG00000129504	115	109	80	49	76	242	115	63
ENSG00000102121	161	99	148	118	160	155	89	148
ENSG00000212456	110	73	48	68	81	77	46	71
ENSG00000225937	34	23	28	14	32	31	33	24
ENSG00000116944	42	16	28	19	28	38	31	16
ENSG00000221633	7	8	3	4	4	3	12	5
ENSG00000130790	162	166	178	204	196	163	287	157
ENSG00000142744	456	295	557	276	490	398	861	323
ENSG00000148927	794	857	590	470	393	604	435	460
ENSG00000245857	5	3	0	2	8	4	2	2
ENSG00000230426	495	837	784	655	1118	682	462	973
ENSG00000177294	200	149	71	129	177	121	72	65
ENSG00000218908	2	3	5	5	4	12	3	12
ENSG00000136851	137	302	236	237	227	226	205	149
ENSG00000226489	538	615	275	914	596	629	738	802
ENSG00000192773	493	628	499	439	326	711	219	713
ENSG00000214413	231	406	585	445	704	721	555	356
ENSG00000149240	1522	937	1201	1201	1386	1815	1169	879
ENSG00000113314	724	1041	728	920	880	749	1117	579
ENSG00000134565	205	115	112	92	121	183	100	130
ENSG00000212570	2	0	1	0	3	3	4	1
ENSG00000248179	36	13	33	33	20	24	44	20
ENSG00000213907	1048	339	757	291	817	408	775	404
ENSG00000124801	71	57	55	30	24	77	55	70
ENSG00000190981	582	888	279	1041	401	365	788	544
ENSG00000187010	820	622	962	279	676	430	267	629
ENSG00000249430	46	109	134	86	139	139	115	123
ENSG00000245466	7611	8838	3958	8743	7463	3995	6100	6923
ENSG00000166050	23	23	22	34	25	22	16	8
ENSG00000203335	1094	1187	634	957	489	1011	528	907
ENSG00000106614	82	43	63	53	62	35	92	44
ENSG00000175040	36	16	34	22	36	60	28	8
ENSG00000212075	262	515	573	325	532	669	369	241
ENSG00000132787	40	27	43	30	37	43	23	47
ENSG00000179292	1130	710	2075	608	1911	711	1429	752
ENSG00000144176	15	14	13	12	9	12	13	12
ENSG00000163893	122	125	180	111	90	183	131	160
ENSG00000106579	31	34	14	38	30	21	39	38
ENSG00000239359	58	143	50	62	169	78	97	114
ENSG00000244394	48	59	96	53	74	98	66	36
ENSG00000181284	12	31	23	8	13	11	17	23
ENSG00000136856	527	815	1633	304	870	389	1080	692
ENSG00000183461	15	25	10	25	28	4	7	11
ENSG00000176210	18	12	20	12	16	24	15	10
ENSG00000143836	816	557	892	963	742	821	1042	862
ENSG00000201509	1472	704	961	771	1520	685	1579	995
ENSG00000238290	632	776	632	597	594	531	705	541
ENSG00000231039	212	340	178	298	240	302	343	262
ENSG00000206457	11154	11867	15512	14897	10236	17133	22050	5809
ENSG00000124919	9	9	14	7	16	8	7	7
ENSG00000168497	45	22	30	23	44	11	21	36
ENSG00000174896	40	18	20	17	27	17	34	21
ENSG00000111057	508	793	721	584	540	968	1277	971
ENSG00000161190	250	200	231	300	329	206	463	263
ENSG00000226375	1868	669	850	1759	1491	1354	2330	1259
ENSG00000141034	863	1109	1116	1076	751	804	1112	1598
ENSG00000175224	72	96	176	89	68	80	82	48
ENSG00000134359	22	26	18	32	20	19	32	29
ENSG00000144633	7	33	17	18	17	24	13	31
ENSG00000197345	13054	20043	10141	11807	12390	11050	13712	14529
ENSG00000174958	1394	1385	531	1315	857	772	1656	1084
ENSG00000129067	695	218	389	472	568	539	343	532
ENSG00000138888	59	56	73	67	81	70	65	118
ENSG00000112948	61	110	82	51	59	76	112	89
ENSG00000243728	196	58	136	155	89	63	103	48
ENSG00000182922	91	60	72	53	56	106	72	128
ENSG00000219771	1	1	1	0	1	0	3	1
ENSG00000204648	143	126	81	152	113	100	62	95
ENSG00000116784	69	58	73	63	67	61	55	57
ENSG00000148812	154	344	163	252	261	464	156	173
ENSG00000175650	315	220	278	187	303	406	172	150
ENSG00000192803	817	933	995	1383	818	770	649	517
ENSG00000214843	172	86	72	155	165	208	143	91
ENSG00000166639	1445	812	989	553	653	816	771	422
ENSG00000223809	0	1	0	2	1	2	0	1
ENSG00000210830	14	24	11	20	38	12	9	12
ENSG00000217152	2681	7252	4434	2702	6219	5258	3528	3406
ENSG00000150987	8	14	10	12	13	13	21	28
ENSG00000152756	120	56	77	100	105	40	90	55
ENSG00000187331	508	739	509	736	618	420	635	585
ENSG00000115538	21	15	25	27	10	14	8	10
ENSG00000162857	456	688	391	461	820	741	352	570
ENSG00000156304	3	7	6	4	4	7	14	8
ENSG00000178134	1	8	6	2	3	1	3	3
ENSG00000111719	12	11	21	9	16	4	26	13
ENSG00000173536	3	5	3	6	8	6	5	8
ENSG00000181621	119	150	137	124	203	187	128	109
ENSG00000238107	73	83	89	54	56	63	90	125
ENSG00000204875	268	220	181	321	233	248	147	163
ENSG00000179507	16	25	41	15	22	15	12	24
ENSG00000233437	19234	37779	18823	40121	13932	12647	16049	31900
ENSG00000171331	147	109	112	81	168	130	237	100
ENSG00000245919	177	189	110	175	74	136	178	47
ENSG00000214590	384	534	394	384	382	403	200	190
ENSG00000168054	68	68	139	69	43	83	135	59
ENSG00000103963	29	30	50	34	45	41	44	41
ENSG00000243516	182	112	154	179	306	156	163	153
ENSG00000133080	1166	1008	1604	965	606	1133	831	814
ENSG00000190323	771	376	411	618	521	625	506	619
ENSG00000231169	706	929	1356	1336	1239	535	1369	1595
ENSG00000199468	36	54	48	48	62	55	69	32
ENSG00000159675	24	18	44	28	19	41	18	36
ENSG00000123016	4366	8082	4558	11000	7411	5105	7022	8087
ENSG00000166660	134	65	148	149	93	90	70	56
ENSG00000191841	432	351	468	386	301	529	437	277
ENSG00000225027	512	683	329	490	293	531	561	560
ENSG00000159854	3415	1714	2719	2916	3016	3388	2866	2379
ENSG00000221770	12	12	25	8	14	10	20	4
ENSG00000162501	45	67	48	33	23	88	67	57
ENSG00000133569	29	87	40	72	47	36	78	103
ENSG00000130292	89	35	36	54	62	158	57	33
ENSG00000228991	2	0	1	1	3	2	4	1
ENSG00000179219	164	223	107	100	61	106	129	80
ENSG00000239112	0	1	1	1	1	1	0	3
ENSG00000129649	297	221	400	364	221	262	240	243
ENSG00000125703	602	291	481	577	388	543	333	334
ENSG00000236097	338	284	599	423	623	558	541	391
ENSG00000152533	12	14	24	1	34	13	32	9
ENSG00000169701	958	1632	494	974	774	770	1018	1042
ENSG00000241870	28	21	26	20	32	18	29	24
ENSG00000218243	24	15	18	14	6	13	27	7
ENSG00000117065	30	27	18	20	27	21	33	20
ENSG00000107620	18	22	26	38	33	21	22	35
ENSG00000224369	153	184	147	221	241	196	341	132
ENSG00000159803	723	604	762	767	673	1132	482	1051
ENSG00000209311	0	1	2	2	6	3	2	1
ENSG00000120298	44	61	48	39	43	30	47	66
ENSG00000110643	565	882	759	947	359	1278	549	700
ENSG00000209613	385	131	481	121	326	181	399	197
ENSG00000152909	277	354	632	430	212	336	381	481
ENSG00000183916	16	12	12	6	18	11	18	7
ENSG00000198875	578	1323	1201	1783	827	781	1096	724
ENSG00000123234	6	6	1	0	5	10	3	5
ENSG00000197304	155	160	533	219	684	215	457	176
ENSG00000241987	1937	2181	1546	2518	2888	2463	2039	1559
ENSG00000113367	5571	3534	5217	6207	10724	3885	8244	4772
ENSG00000188519	262	301	244	469	477	512	276	557
ENSG00000244639	472	1379	926	638	903	1651	908	999
ENSG00000132598	61	48	58	45	39	53	40	56
ENSG00000188062	93	25	90	76	53	59	79	57
ENSG00000206329	1774	1430	769	1398	1446	1119	1224	1601
ENSG00000150463	111	187	98	141	202	127	170	117
ENSG00000117415	126	150	123	99	73	145	143	64
ENSG00000127203	7	6	6	7	6	13	11	8
ENSG00000178902	221	366	200	200	258	128	224	282
ENSG00000107041	567	414	472	574	737	431	582	306
ENSG00000176172	41	37	29	33	26	27	23	40
ENSG00000239031	74	23	77	75	50	62	46	33
ENSG00000173972	2166	5165	2642	1844	2020	2154	3841	2711
ENSG00000153911	193	171	198	187	152	204	257	139
ENSG00000186499	47	78	83	87	84	109	77	112
ENSG00000149381	8	9	9	22	17	12	5	8
ENSG00000233435	27	61	31	28	69	38	23	24
ENSG00000237363	65	79	95	74	36	43	111	69
ENSG00000153675	2724	1452	1809	2205	3416	1676	1588	2560
ENSG00000134808	92	42	116	59	146	31	58	54
ENSG00000174966	7733	5445	4321	3842	3219	5558	2539	9233
ENSG00000122564	19	15	40	15	36	13	12	26
ENSG00000241833	80	48	64	60	37	65	73	67
ENSG00000215429	1115	783	705	593	1447	726	704	1093
ENSG00000232112	130	86	67	88	98	97	65	94
ENSG00000235460	27	16	39	36	35	19	17	21
ENSG00000197766	82	57	152	84	144	80	139	51
ENSG00000212370	355	385	273	365	706	243	350	286
ENSG00000242450	1	3	11	7	6	3	2	3
ENSG00000210730	69	74	114	50	61	110	47	82
ENSG00000243966	76	99	148	91	153	100	202	144
ENSG00000104785	57	92	71	45	57	73	66	70
ENSG00000106633	641	380	536	612	325	671	1177	847
ENSG00000169691	35	37	42	39	67	55	67	65
ENSG00000122171	142	53	125	87	148	78	104	86
ENSG00000112361	130	169	97	72	268	129	148	134
ENSG00000165913	470	490	500	849	775	647	704	252
ENSG00000178500	92	53	65	88	40	125	97	84
ENSG00000106318	2252	3514	2267	1457	3032	2494	5562	3827
ENSG00000225012	43	65	28	26	39	12	50	22
ENSG00000213880	1514	1112	1358	2742	1741	1153	3029	2261
ENSG00000138666	29	30	15	20	38	25	19	21
ENSG00000114170	65	107	185	90	121	181	130	104
ENSG00000178526	238	292	172	261	285	106	298	290
ENSG00000160265	8352	5540	7173	7630	10427	7958	12477	6972
ENSG00000121655	652	787	620	981	443	843	646	1182
ENSG00000148143	40	73	74	58	61	88	49	89
ENSG00000240973	913	1790	1225	2798	1955	2173	1261	2605
ENSG00000187170	81	87	70	102	80	81	136	89
ENSG00000146608	22	36	29	11	16	61	24	18
ENSG00000211696	894	174	388	473	282	238	260	253
ENSG00000230742	242	114	305	163	414	167	287	232
ENSG00000112088	1058	1845	1242	325	517	1959	678	1346
ENSG00000161277	58	46	44	45	57	31	72	50
ENSG00000134294	213	342	285	223	466	326	350	284
ENSG00000200574	709	442	312	748	357	464	646	910
ENSG00000246145	212	392	163	260	151	293	204	225
ENSG00000243861	82	154	106	154	143	111	161	112
ENSG00000233910	39	41	49	63	53	30	69	37
ENSG00000244986	895	529	810	534	734	852	551	539
ENSG00000174752	195	103	163	141	153	173	80	292
ENSG00000119833	195	459	162	185	543	297	369	270
ENSG00000146930	60	77	91	60	79	31	137	83
ENSG00000150879	224	111	118	154	110	312	163	132
ENSG00000236397	12	19	24	30	17	15	32	21
ENSG00000149158	143	147	206	229	111	141	123	140
ENSG00000168586	343	772	549	683	907	831	1036	703
ENSG00000160082	197	198	416	107	280	196	279	180
ENSG00000124317	632	414	788	532	1120	963	543	932
ENSG00000117907	564	259	787	146	494	191	277	249
ENSG00000171398	1410	2549	1489	2175	3042	2019	2507	2506
ENSG00000214214	110	93	111	100	133	127	67	146
ENSG00000213187	11	10	3	9	6	0	3	7
ENSG00000154667	459	229	202	690	176	252	216	407
ENSG00000201582	56	74	96	107	71	80	164	94
ENSG00000196286	20	15	33	24	26	24	33	20
ENSG00000238315	566	621	535	539	328	492	445	562
ENSG00000152941	217	155	431	381	338	240	117	227
ENSG00000175539	572	116	655	418	332	247	379	252
ENSG00000192099	64	33	60	84	86	151	55	54
ENSG00000219553	215	237	201	142	274	169	246	161
ENSG00000172867	252	206	138	255	198	313	362	274
ENSG00000145812	2650	8758	7894	5742	7643	5194	5712	6161
ENSG00000152377	20	32	21	18	46	23	16	78
ENSG00000132684	128	137	80	192	178	186	130	107
ENSG00000150487	282	236	282	532	197	104	298	406
ENSG00000176017	5	6	4	5	3	1	8	2
ENSG00000212670	7	10	8	6	4	5	5	7
ENSG00000106022	11737	13682	9687	9615	14037	14092	13488	6658
ENSG00000233016	3	1	4	9	4	3	2	2
ENSG00000210935	174	380	580	528	508	330	439	334
ENSG00000117456	37	16	15	23	27	28	35	25
ENSG00000234552	39	29	62	26	26	42	42	27
ENSG00000105740	4	3	4	4	9	2	3	1
ENSG00000226454	13	13	27	34	44	21	14	19
ENSG00000134719	636	527	518	823	660	1140	730	621
ENSG00000217473	15	7	21	9	3	17	13	6
ENSG00000166112	327	431	591	619	360	674	728	384
ENSG00000146962	166	222	243	443	330	433	305	380
ENSG00000115218	5796	5048	9349	9537	10450	7599	6174	8824
ENSG00000192387	46	72	72	77	43	34	31	56
ENSG00000230906	1177	2060	1667	2955	2395	2455	1269	2186
ENSG00000195197	1005	807	661	771	1401	1145	695	1166
ENSG00000151029	87	79	101	61	66	69	102	64
ENSG00000245116	12	6	19	1	21	3	13	4
ENSG00000248770	3243	2023	1494	3195	2229	2914	2879	1892
ENSG00000150084	17	6	8	4	10	10	12	2
ENSG00000172020	41	60	43	44	51	87	42	34
ENSG00000135846	1433	721	1071	776	1609	1298	1224	714
ENSG00000110385	3253	1093	2043	1283	2468	1669	2485	1355
ENSG00000169495	25	23	18	17	24	20	58	13
ENSG00000245123	213	126	152	224	160	156	180	141
ENSG00000151466	184	79	179	69	156	118	357	32
ENSG00000105397	2964	1281	1461	1834	1028	928	1061	978
ENSG00000153707	30760	19126	26164	20273	21327	31948	13218	39784
ENSG00000136689	3	3	3	3	2	4	5	3
ENSG00000155740	813	460	634	904	511	564	543	368
ENSG00000111606	0	0	1	1	2	0	0	1
ENSG00000109773	72	175	207	95	193	119	130	138
ENSG00000241461	9	13	21	20	16	16	10	13
ENSG00000191297	9116	8534	12041	4002	4431	4636	4926	4070
ENSG00000119380	126	218	202	233	214	215	201	193
ENSG00000231354	51	23	44	32	64	34	70	39
ENSG00000141698	63	119	52	47	68	31	67	76
ENSG00000162865	56	66	40	29	58	56	70	17
ENSG00000187576	224	188	338	338	263	235	224	165
ENSG00000177874	110	99	109	59	69	64	74	112
ENSG00000176597	868	554	691	480	444	522	762	746
ENSG00000132790	3422	4750	3466	3491	2059	3260	2727	3810
ENSG00000224196	655	633	1129	573	372	367	454	763
ENSG00000208939	31	19	22	20	12	12	38	12
ENSG00000110647	5	12	10	8	4	2	7	7
ENSG00000166686	54	48	24	43	51	35	29	21
ENSG00000128299	613	1549	2029	1054	1367	938	1288	759
ENSG00000221797	76	87	108	82	58	95	67	74
ENSG00000144989	44	9	20	32	36	56	47	14
ENSG00000155473	191	255	259	310	98	205	164	107
ENSG00000155800	14	2	15	2	4	6	8	18
ENSG00000106215	22	8	57	9	36	15	17	10
ENSG00000144239	251	331	220	412	380	399	562	246
ENSG00000100644	69	93	80	88	76	97	50	124
ENSG00000135941	40	52	25	45	66	70	57	86
ENSG00000133776	146	293	237	294	218	244	352	248
ENSG00000157237	15	37	52	46	58	25	61	41
ENSG00000243545	90	26	83	28	74	43	174	59
ENSG00000100012	71	104	87	62	63	88	34	42
ENSG00000212225	335	639	336	356	261	440	459	423
ENSG00000132072	144	261	110	130	83	159	200	94
ENSG00000186264	17	11	3	24	13	1	24	14
ENSG00000224403	40	93	66	38	77	46	84	62
ENSG00000193970	370	393	408	373	578	454	465	698
ENSG00000174246	11315	7893	4945	3546	4858	7327	8894	6366
ENSG00000199340	16	13	16	22	12	7	27	22
ENSG00000216280	290	326	310	188	176	426	170	178
ENSG00000208130	40	50	72	84	45	63	84	104
ENSG00000246627	748	763	867	668	981	938	545	530
ENSG00000171738	230	301	282	545	345	202	276	575
ENSG00000203081	3789	2566	2176	2486	2544	2311	3607	3381
ENSG00000194887	635	376	504	617	461	343	437	309
ENSG00000237076	124	41	102	69	161	26	81	70
ENSG00000153167	69	41	68	58	40	54	41	61
ENSG00000216031	256	400	298	367	279	305	326	305
ENSG00000136648	244	374	422	371	438	318	407	588
ENSG00000156723	12479	14003	19171	23490	20420	8480	12434	9116
ENSG00000240678	4477	4311	3499	4160	3604	5064	4394	2811
ENSG00000146720	17	21	15	18	16	12	14	12
ENSG00000244520	401	171	286	405	221	240	290	234
ENSG00000240440	11	12	10	3	6	15	20	4
ENSG00000190627	4	4	4	12	7	7	1	3
ENSG00000205101	602	524	577	694	736	377	426	770
ENSG00000163866	348	442	405	565	323	344	481	469
ENSG00000105601	23	14	15	11	14	22	17	14
ENSG00000103801	3259	5815	3466	5496	2941	4166	3056	3061
ENSG00000229219	18	20	17	14	19	20	17	27
ENSG00000222707	17	22	17	15	16	11	19	5
ENSG00000192903	468	562	588	397	853	397	592	454
ENSG00000161565	281	270	209	299	146	102	182	240
ENSG00000241023	149	75	89	128	137	91	149	147
ENSG00000197926	83	184	99	165	116	185	111	268
ENSG00000121816	308	206	164	185	95	258	171	241
ENSG00000176561	91	74	103	118	145	152	117	126
ENSG00000236123	122	53	84	76	77	65	103	117
ENSG00000109501	4	1	1	0	6	4	6	1
ENSG00000117671	8	4	8	15	7	5	12	17
ENSG00000183944	758	353	406	515	504	512	415	871
ENSG00000169786	15	33	51	46	12	41	51	28
ENSG00000184906	328	437	416	470	524	388	476	348
ENSG00000129048	1267	1300	812	1862	950	1503	1222	1943
ENSG00000220348	80	76	67	84	31	61	53	36
ENSG00000206661	313	174	206	379	378	297	374	170
ENSG00000188929	10687	10707	8667	8993	12467	6479	5127	5763
ENSG00000176350	645	796	638	387	506	691	307	383
ENSG00000118418	5272	1661	4768	9090	8614	4834	4895	5147
ENSG00000245758	4491	2661	2395	3230	2914	4650	2389	3998
ENSG00000194425	587	831	710	503	911	720	870	775
ENSG00000180092	44	87	141	121	109	143	99	137
ENSG00000118505	28	17	29	32	31	20	23	13
ENSG00000214981	17	12	23	10	12	19	14	18
ENSG00000228303	430	425	369	668	353	301	353	237
ENSG00000223735	999	682	405	398	674	316	816	346
ENSG00000231306	84	39	105	87	145	109	68	84
ENSG00000224806	448	1253	870	1194	701	774	600	1111
ENSG00000141649	33	40	47	28	24	15	36	46
ENSG00000213692	1966	2162	957	952	1656	1099	1514	1147
ENSG00000161269	141	155	276	148	159	156	64	183
ENSG00000198704	101	186	107	161	121	146	177	105
ENSG00000245908	183	75	179	175	174	114	151	110
ENSG00000176710	161	121	59	104	145	124	65	193
ENSG00000223813	23521	32481	18621	20486	20569	19497	29719	24069
ENSG00000130008	5	2	1	4	9	6	9	4
ENSG00000196692	216	156	93	215	128	133	199	181
ENSG00000105505	2831	1126	3991	2427	2240	1570	3396	1431
ENSG00000156407	480	528	304	762	385	604	584	445
ENSG00000125670	72	59	123	61	109	71	85	113
ENSG00000153937	4723	3859	3676	5373	3972	6923	4934	8925
ENSG00000131351	15	9	21	14	12	10	18	14
ENSG00000154863	14	9	17	4	6	4	12	10
ENSG00000101939	1254	351	775	444	792	563	795	541
ENSG00000167509	4	6	11	8	8	6	7	11
ENSG00000137470	0	4	2	1	0	0	3	1
ENSG00000241908	1665	522	722	531	913	848	892	926
ENSG00000144745	836	547	810	807	399	800	447	588
ENSG00000138556	572	475	632	753	652	599	697	563
ENSG00000162341	63	54	62	51	45	63	34	75
ENSG00000214544	262	175	140	225	258	262	182	190
ENSG00000225727	11	15	22	23	14	22	17	27
ENSG00000152438	4856	5435	4726	3476	4555	5195	6396	4943
ENSG00000183883	555	550	886	660	644	912	772	822
ENSG00000126276	632	402	722	600	1008	520	862	657
ENSG00000236024	3	2	4	2	1	2	4	6
ENSG00000223947	751	451	810	853	1161	769	793	1106
ENSG00000238942	3302	1816	3902	2579	3715	2356	3506	1302
ENSG00000120510	2467	1517	2054	2142	1078	2190	983	1153
ENSG00000236066	820	943	744	704	895	840	766	461
ENSG00000176698	170	225	178	201	222	226	109	230
ENSG00000191540	89	74	93	85	71	79	53	84
ENSG00000240743	995	329	745	591	902	573	585	743
ENSG00000227919	170	457	302	248	198	310	433	223
ENSG00000114158	110	211	267	235	166	356	195	235
ENSG00000126938	97	103	58	91	66	80	39	80
ENSG00000227422	2810	3627	3334	6141	2927	2785	6277	2471
ENSG00000236738	19	10	5	17	22	18	10	12
ENSG00000231834	97	143	102	137	156	229	48	180
ENSG00000234609	65	63	54	45	63	44	72	41
ENSG00000237326	1553	805	860	657	1194	1238	468	1106
ENSG00000149086	2258	2956	1700	2012	3364	2545	3891	1661
ENSG00000216027	1410	2349	1958	1246	1416	1664	2061	1680
ENSG00000188347	539	441	789	816	771	314	534	752
ENSG00000152715	9	13	6	17	7	7	15	11
ENSG00000134061	7100	5599	11708	10593	8624	9341	6340	12789
ENSG00000184602	297	280	445	324	463	447	346	337
ENSG00000171803	94	121	83	81	111	141	79	60
ENSG00000247383	206	101	97	87	100	127	154	132
ENSG00000155434	69	22	38	59	77	126	85	109
ENSG00000193565	328	311	445	498	362	487	487	753
ENSG00000211867	223	153	173	282	304	174	279	298
ENSG00000166657	60	85	82	88	51	69	44	71
ENSG00000131395	1	1	1	1	2	1	4	3
ENSG00000179918	120	47	112	78	123	132	101	76
ENSG00000170516	581	204	656	329	1100	366	754	259
ENSG00000238749	549	275	820	221	835	501	1091	325
ENSG00000198453	111	175	121	148	199	130	50	155
ENSG00000188565	237	392	345	251	265	650	315	298
ENSG00000126329	692	1054	1051	800	909	1609	1256	944
ENSG00000134797	92	80	58	51	75	48	59	53
ENSG00000205109	3606	2135	2772	1400	3134	2269	3034	2452
ENSG00000179471	3	2	4	3	1	3	3	2
ENSG00000148166	10	7	13	13	5	11	12	19
ENSG00000117048	15	25	35	19	20	10	32	13
ENSG00000145120	0	1	3	1	3	0	1	1
ENSG00000148062	16	33	21	28	15	16	33	20
ENSG00000127239	1167	1812	1282	2785	1254	976	1080	2686
ENSG00000172587	3937	2591	3974	1835	3806	1412	3151	1153
ENSG00000130510	178	209	174	322	90	269	201	167
ENSG00000177022	3232	5873	3205	6910	2443	3483	3005	5054
ENSG00000234691	337	234	157	237	206	246	244	190
ENSG00000223106	20	42	40	19	52	58	61	38
ENSG00000209477	223	335	140	179	98	70	168	148
ENSG00000174265	80	164	127	109	61	143	80	101
ENSG00000165212	848	1133	543	533	694	435	867	811
ENSG00000143135	6	15	4	7	10	10	11	7
ENSG00000105366	1120	811	1108	914	1257	577	1178	531
ENSG00000237745	49	57	56	46	50	26	54	69
ENSG00000244798	678	991	581	634	521	931	1322	478
ENSG00000206192	14	11	6	2	12	7	8	8
ENSG00000141466	50	64	61	85	60	60	46	34
ENSG00000120051	191	139	148	180	145	95	228	164
ENSG00000229426	568	1091	1063	616	1026	1045	551	572
ENSG00000224079	13	15	6	10	10	9	20	1
ENSG00000183166	4880	5721	2811	6390	5267	2657	4256	4071
ENSG00000164761	768	374	453	632	801	374	451	540
ENSG00000129740	58	69	42	54	71	39	70	26
ENSG00000120287	1766	1282	1546	1784	1882	1682	1257	1405
ENSG00000153223	98	217	180	120	102	85	210	204
ENSG00000173932	2553	1007	1034	1552	1965	2236	2151	1746
ENSG00000182233	15493	10831	16414	17828	19126	10186	19752	9707
ENSG00000216899	400	701	408	541	688	1072	744	734
ENSG00000200959	65	29	34	51	47	53	63	43
ENSG00000246396	46	92	40	59	74	89	50	42
ENSG00000243396	366	429	453	226	344	222	368	619
ENSG00000140357	225	84	116	231	324	205	152	108
ENSG00000135126	35	32	19	12	40	17	14	38
ENSG00000158474	56	35	40	60	37	28	55	26
ENSG00000172326	481	475	656	767	302	517	601	507
ENSG00000224983	14101	11293	17769	8073	5425	11774	19523	19627
ENSG00000134274	2	0	1	0	1	1	2	3
ENSG00000187192	521	366	648	886	536	498	426	690
ENSG00000237248	88	118	76	84	68	111	89	82
ENSG00000217110	689	594	561	594	649	486	807	992
ENSG00000205638	756	743	789	340	871	696	762	634
ENSG00000101736	104	254	245	220	118	210	94	226
ENSG00000171734	21	23	14	29	29	34	9	15
ENSG00000186682	24	9	13	9	40	8	18	8
ENSG00000174452	5	4	1	3	2	2	1	9
ENSG00000216886	1358	1307	3341	2228	2459	542	1692	1353
ENSG00000189894	129	118	90	99	125	84	75	134
ENSG00000109460	35	46	56	56	28	61	24	40
ENSG00000208877	81	54	104	45	77	100	101	107
ENSG00000121034	15	7	6	10	11	16	3	10
ENSG00000134492	337	388	185	214	103	303	352	242
ENSG00000123126	2070	1774	2518	2051	1821	2843	2635	2121
ENSG00000163930	1342	709	1502	1192	1693	1027	1512	1350
ENSG00000111042	5	4	7	5	6	12	5	11
ENSG00000161877	3253	2728	2456	2698	2025	2480	2453	2032
ENSG00000135600	23	20	16	17	32	33	38	49
ENSG00000118387	3	5	2	2	1	2	6	7
ENSG00000198356	14	5	10	7	22	26	12	13
ENSG00000202660	12	8	31	20	19	8	20	17
ENSG00000198856	178	112	164	115	110	217	244	228
ENSG00000205812	11	13	29	11	10	19	15	14
ENSG00000160940	1	14	5	7	6	3	4	3
ENSG00000180861	80	87	93	91	106	76	128	183
ENSG00000135580	5820	6025	5789	8753	7328	5686	4057	9330
ENSG00000229770	32	27	39	23	36	29	55	22
ENSG00000152049	420	363	203	176	309	394	352	430
ENSG00000196556	473	105	338	211	236	174	154	232
ENSG00000168222	34648	34140	33159	14915	30306	23482	22133	40118
ENSG00000141082	1	3	4	4	5	5	2	8
ENSG00000169342	2188	1104	1404	708	1724	1267	3445	1647
ENSG00000119011	6	13	8	8	16	17	17	15
ENSG00000132338	44	57	36	35	17	32	18	30
ENSG00000100267	72	94	73	119	109	143	144	109
ENSG00000145623	52586	57328	40304	50810	38259	43402	36813	49502
ENSG00000222723	30	58	14	46	49	39	34	29
ENSG00000211885	3	3	4	4	4	3	5	1
ENSG00000211375	3420	2476	3024	1481	3388	1887	3577	2049
ENSG00000187326	13	25	38	34	33	21	39	39
ENSG00000249975	126	46	188	32	345	81	157	68
ENSG00000186299	136	193	132	179	142	164	146	277
ENSG00000145029	159	118	105	222	133	123	320	162
ENSG00000207076	97	127	80	49	57	147	90	95
ENSG00000213008	180	182	300	190	244	320	271	253
ENSG00000110141	318	280	260	332	375	288	451	333
ENSG00000114775	637	962	1345	1020	963	691	559	762
ENSG00000247063	50	31	78	47	22	100	81	35
ENSG00000171149	27	53	30	31	29	48	45	36
ENSG00000214165	11	11	12	9	15	27	27	18
ENSG00000177976	635	361	287	413	509	443	129	382
ENSG00000205938	115	112	222	118	160	110	113	198
ENSG00000147660	455	273	447	442	512	458	790	323
ENSG00000100127	339	359	365	334	332	374	697	470
ENSG00000225007	4753	2865	3270	5773	4803	4242	5362	4707
ENSG00000120445	428	148	330	93	209	259	184	157
ENSG00000161428	1015	534	943	571	458	584	187	594
ENSG00000174089	11	20	14	35	4	10	11	7
ENSG00000188125	27	32	16	3	22	8	17	17
ENSG00000107062	62	69	62	78	50	55	53	147
ENSG00000219422	5	9	10	7	6	16	13	15
ENSG00000107760	779	431	602	380	387	335	448	558
ENSG00000159386	20	7	20	11	10	2	11	6
ENSG00000126589	224	135	186	132	134	89	236	221
ENSG00000218698	0	0	1	0	2	0	3	1
ENSG00000202462	14	23	7	20	16	12	17	19
ENSG00000202151	72	78	93	56	81	67	93	50
ENSG00000166276	110	107	130	40	72	91	71	104
ENSG00000220230	3	1	3	5	3	3	7	8
ENSG00000189504	543	275	331	274	553	163	276	176
ENSG00000243952	1527	935	874	954	986	628	878	746
ENSG00000242489	459	425	443	489	468	459	721	457
ENSG00000126987	61	41	79	53	47	39	41	26
ENSG00000110089	58	32	81	30	60	25	59	60
ENSG00000180981	25	13	21	10	10	12	20	15
ENSG00000180086	501	533	705	443	299	258	472	728
ENSG00000120717	3014	2535	2618	1998	3279	1921	3595	2512
ENSG00000169093	153	34	102	26	133	51	111	39
ENSG00000212647	3	8	4	6	9	5	10	6
ENSG00000156464	120	161	197	441	187	140	163	108
ENSG00000119079	519	686	430	924	922	953	450	379
ENSG00000239257	0	0	1	1	0	0	1	1
ENSG00000153367	158	175	217	196	95	203	184	181
ENSG00000118637	6661	11147	12981	12615	18884	8643	11125	11301
ENSG00000144851	647	1023	620	467	916	439	982	528
ENSG00000221497	309	560	186	271	677	285	373	362
ENSG00000236338	155	378	233	491	415	346	178	462
ENSG00000172319	1072	1617	2328	1863	1218	2555	562	1235
ENSG00000182722	35	15	27	25	21	14	22	26
ENSG00000108664	113	25	80	20	24	2	24	36
ENSG00000116526	204	339	331	351	507	603	293	505
ENSG00000160531	66	55	12	21	20	56	46	42
ENSG00000167479	280	163	131	204	287	367	377	166
ENSG00000158904	2	2	2	2	2	1	1	3
ENSG00000124369	544	242	633	358	780	703	368	964
ENSG00000105012	480	335	618	409	718	413	710	609
ENSG00000241664	219	201	116	134	220	113	141	121
ENSG00000167881	133	136	97	162	153	214	112	150
ENSG00000184290	4281	3554	3169	5347	3474	5513	1998	4985
ENSG00000132121	17	27	10	9	7	19	10	13
ENSG00000150977	27	30	10	10	19	15	20	17
ENSG00000116570	15	10	15	15	43	19	19	27
ENSG00000154186	51	92	77	62	68	23	63	99
ENSG00000234601	19	25	25	5	33	29	19	29
ENSG00000116515	172	216	167	202	149	116	218	142
ENSG00000207859	94	34	62	40	70	34	82	26
ENSG00000106287	14	5	20	5	11	11	20	8
ENSG00000106417	5	5	4	3	13	8	7	7
ENSG00000248045	1677	1497	1974	1643	1266	3014	1923	1594
ENSG00000219291	193	68	115	99	205	141	189	103
ENSG00000163955	178	129	144	92	41	76	41	56
ENSG00000108634	200	118	119	118	110	118	105	93
ENSG00000116924	184	88	150	159	147	130	126	97
ENSG00000220257	676	675	1011	626	506	1213	765	846
ENSG00000147049	272	347	609	550	658	321	354	309
ENSG00000114150	47	37	38	55	52	41	24	20
ENSG00000221889	15	16	43	22	34	19	48	18
ENSG00000189634	30	11	17	11	9	25	20	21
ENSG00000234280	12	12	15	11	15	12	13	4
ENSG00000225800	2027	3167	1892	3761	1648	1585	2220	2074
ENSG00000112880	10	41	19	19	29	21	38	28
ENSG00000145980	3	0	1	2	3	3	1	2
ENSG00000203227	25	15	22	24	10	9	33	10
ENSG00000115453	15	62	30	20	76	19	14	27
ENSG00000122090	230	278	173	484	279	290	190	306
ENSG00000121362	45	29	67	25	37	38	37	40
ENSG00000215862	403	315	488	358	338	493	595	329
ENSG00000130745	219	311	552	302	499	325	251	400
ENSG00000204225	2353	1937	1824	1492	1758	1945	1876	2610
ENSG00000205807	11621	10505	6486	4475	9490	15586	12460	12298
ENSG00000179927	35659	49796	36807	29768	58708	53388	46581	31639
ENSG00000218253	2162	2708	2092	2928	2550	3417	2005	863
ENSG00000210523	19	19	11	11	23	19	13	8
ENSG00000217735	213	60	80	100	221	72	144	63
ENSG00000131175	185	206	257	264	374	167	171	273
ENSG00000222756	6154	9768	7644	7760	10757	10747	5651	11549
ENSG00000138802	667	644	374	481	546	313	381	996
ENSG00000174521	5697	1225	2882	2397	3228	1586	2687	1506
ENSG00000228475	58	74	92	83	108	107	53	116
ENSG00000243374	415	370	595	730	570	948	330	414
ENSG00000120638	356	498	660	795	704	318	573	577
ENSG00000234707	42	88	83	51	61	77	71	49
ENSG00000185842	896	761	775	521	641	1152	833	546
ENSG00000173236	857	569	1373	529	1485	1426	1241	905
ENSG00000100667	158	101	92	143	162	60	129	71
ENSG00000215825	1287	1597	1551	1800	2202	849	1425	1091
ENSG00000156352	4252	4443	3807	3085	3769	3388	5321	7048
ENSG00000244508	157	140	121	178	104	259	169	210
ENSG00000103273	106	94	267	222	87	162	105	132
ENSG00000199554	83	105	45	86	79	89	32	54
ENSG00000244618	60	36	30	61	50	33	33	95
ENSG00000181786	446	201	219	157	354	175	484	248
ENSG00000186314	69	76	50	60	82	49	76	53
ENSG00000102369	49	65	73	58	118	74	58	58
ENSG00000150546	34	30	27	53	61	35	13	23
ENSG00000131873	8	4	5	4	2	4	17	5
ENSG00000236348	21	47	33	46	29	27	26	16
ENSG00000100137	90	243	238	279	232	312	171	350
ENSG00000167266	8	11	11	15	11	10	13	8
ENSG00000121876	26	50	27	50	37	49	42	61
ENSG00000202152	3026	5618	3137	3302	1834	4030	6108	3443
ENSG00000165538	1108	1214	793	966	1266	1509	1343	1080
ENSG00000137201	54	31	28	18	66	40	37	32
ENSG00000233649	434	294	308	680	677	1072	244	320
ENSG00000214061	56	47	39	39	46	50	53	26
ENSG00000217829	2657	5391	3804	4179	1981	5131	2498	2012
ENSG00000183085	74	53	50	40	58	35	48	41
ENSG00000158498	162	163	253	253	154	144	174	171
ENSG00000195376	3529	1017	2816	3317	2275	1602	2010	4022
ENSG00000123271	30	29	33	14	10	44	23	51
ENSG00000178275	2069	1824	2542	2102	918	1230	1868	2197
ENSG00000164796	36	20	52	27	60	32	57	34
ENSG00000100651	275	266	189	233	164	276	246	237
ENSG00000235556	60	77	96	84	51	88	59	136
ENSG00000204281	127	108	151	101	170	131	148	105
ENSG00000240838	309	307	208	212	74	241	283	207
ENSG00000120266	37	64	183	103	129	108	148	112
ENSG00000229751	27	32	23	21	26	12	28	25
ENSG00000222761	1113	919	1089	872	951	1502	997	1011
ENSG00000227997	571	664	338	1102	605	899	865	422
ENSG00000147265	2114	951	1575	2055	2684	1611	2512	1857
ENSG00000164465	2436	1498	1858	1788	3629	3298	1660	3944
ENSG00000129486	10	5	23	4	3	4	12	13
ENSG00000219405	1132	2545	2093	1750	1663	1528	1720	1491
ENSG00000241463	2299	1956	625	2051	1779	1661	2611	2788
ENSG00000163733	56	70	47	64	71	52	46	43
ENSG00000147689	1569	763	1334	790	1754	1403	1389	982
ENSG00000103468	3470	2979	1990	1549	2884	2365	2443	2983
ENSG00000222668	41	58	56	40	23	47	39	18
ENSG00000157700	7	8	5	1	8	6	9	3
ENSG00000117315	94	66	87	50	56	60	99	54
ENSG00000235761	35113	37549	37421	41729	39121	41983	12502	44589
ENSG00000188642	289	181	259	218	194	258	506	262
ENSG00000246703	25	13	11	17	14	13	22	4
ENSG00000192102	69	87	118	53	126	46	67	77
ENSG00000152867	11	12	18	24	31	16	25	10
ENSG00000206945	85	90	54	81	58	70	53	38
ENSG00000201190	194	184	136	185	171	152	80	162
ENSG00000249795	0	0	2	2	0	0	1	0
ENSG00000181496	458	462	377	357	189	450	233	256
ENSG00000133587	2951	2027	3005	1812	3825	1620	2518	2654
ENSG00000160521	38	74	104	114	101	142	81	69
ENSG00000124042	45	71	39	67	96	76	88	53
ENSG00000205546	1002	1481	737	1204	1086	1144	1020	1100
ENSG00000111205	23	12	35	8	16	8	33	14
ENSG00000228470	9	16	7	12	13	7	9	12
ENSG00000143449	26	9	9	10	16	8	11	6
ENSG00000245952	57	85	122	44	146	63	128	142
ENSG00000225868	533	167	301	367	135	388	278	335
ENSG00000100093	187	100	105	91	105	97	102	185
ENSG00000105836	375	510	507	488	399	465	427	304
ENSG00000146740	1136	680	356	958	816	1346	554	850
ENSG00000116925	328	369	153	292	667	236	237	342
ENSG00000144656	50	29	28	18	19	43	27	24
ENSG00000200181	104	63	159	87	134	60	142	122
ENSG00000104620	2357	1245	1541	2593	1105	591	2502	2041
ENSG00000168351	24	20	22	18	51	13	45	15
ENSG00000145421	78	66	72	65	126	58	72	95
ENSG00000183120	57	104	72	49	11	62	60	68
ENSG00000172320	89	99	78	113	45	103	143	69
ENSG00000134504	13	9	9	12	7	10	10	14
ENSG00000187219	10	14	11	21	8	8	12	14
ENSG00000235270	22240	29131	43410	28840	37540	13126	36357	20144
ENSG00000209707	483	1766	1108	833	1526	1108	778	1243
ENSG00000136934	26	34	43	23	34	40	38	45
ENSG00000112679	113	120	140	133	144	54	120	114
ENSG00000104771	474	664	333	400	426	564	414	388
ENSG00000100287	69	83	58	61	105	89	91	76
ENSG00000223740	1218	451	1477	304	1316	551	1253	601
ENSG00000106678	51	11	43	27	11	36	69	35
ENSG00000221439	84	50	44	49	54	68	68	70
ENSG00000162775	185	62	104	177	137	146	92	91
ENSG00000166740	61	54	26	61	59	55	79	72
ENSG00000171241	1	0	1	0	3	0	2	1
ENSG00000215490	189	216	145	110	129	153	151	166
ENSG00000236571	717	312	336	291	383	320	435	272
ENSG00000180141	455	281	326	360	195	400	498	348
ENSG00000119126	26	13	48	18	18	18	20	16
ENSG00000216581	371	268	368	166	288	160	136	342
ENSG00000123976	190	204	292	339	256	206	216	287
ENSG00000217990	5	5	5	8	4	5	4	3
ENSG00000222409	3	1	0	0	1	3	2	2
ENSG00000175226	555	343	356	342	395	209	641	248
ENSG00000145756	25	30	10	26	23	32	35	19
ENSG00000144270	1106	767	830	998	1238	976	1238	873
ENSG00000112542	7218	13164	7412	12155	7683	7776	13602	17294
ENSG00000201537	31	43	39	63	44	35	52	45
ENSG00000159168	49	36	45	23	53	41	34	37
ENSG00000180150	59	135	134	119	109	158	158	112
ENSG00000135838	352	440	412	380	612	377	332	888
ENSG00000208700	13	12	7	28	25	27	14	18
ENSG00000135288	1515	1758	2847	1522	1546	1231	1883	950
ENSG00000176984	1223	754	448	1001	1600	1576	1230	1097
ENSG00000220672	455	636	390	561	423	320	649	393
ENSG00000156988	65	64	63	55	78	38	42	30
ENSG00000194984	1101	665	1270	516	1326	837	719	913
ENSG00000117432	698	772	657	1010	1432	1444	888	1139
ENSG00000150057	23	12	14	22	8	21	14	14
ENSG00000150156	17124	11131	5656	8145	10856	7005	12034	19782
ENSG00000186572	111	81	104	85	86	60	74	72
ENSG00000103252	185	229	297	296	320	458	306	199
ENSG00000246909	39	75	34	53	44	66	51	50
ENSG00000200103	237	206	358	403	391	387	227	281
ENSG00000160165	1213	1347	2103	1924	1021	1684	1168	1048
ENSG00000170953	65	17	54	41	26	18	25	26
ENSG00000178620	2	2	11	9	10	3	10	8
ENSG00000142224	57	62	73	55	69	92	24	49
ENSG00000166678	16	7	5	4	10	14	14	4
ENSG00000147905	36	26	24	36	50	18	63	25
ENSG00000186749	95	75	130	107	79	119	107	121
ENSG00000147103	91	131	122	226	124	131	128	114
ENSG00000173946	2851	1299	3857	1328	4139	2254	5160	3154
ENSG00000175279	39	13	26	18	18	9	38	27
ENSG00000188569	405	248	255	179	362	274	211	303
ENSG00000198606	85	62	120	61	79	30	103	81
ENSG00000216335	1496	2113	1281	1279	2776	1952	1794	1960
ENSG00000245692	36801	17912	14454	25270	30322	20652	25206	23294
ENSG00000233097	144	271	263	289	283	196	314	258
ENSG00000242705	1908	5885	7727	3631	1951	1912	6459	5176
ENSG00000125728	73	60	49	49	45	84	39	98
ENSG00000136583	4	6	5	6	5	3	6	5
ENSG00000132106	8	27	13	14	7	9	15	18
ENSG00000169878	10	6	9	4	11	9	9	1
ENSG00000144191	37	14	15	28	12	13	18	52
ENSG00000164801	71	70	60	70	78	44	83	98
ENSG00000155794	2899	2442	1580	1142	1014	1327	974	1134
ENSG00000207115	551	619	592	299	506	868	811	507
ENSG00000152608	493	422	542	501	404	455	379	423
ENSG00000182359	49	77	92	58	51	57	87	72
ENSG00000159479	27	54	32	23	22	23	27	31
ENSG00000101311	76	218	151	148	231	219	164	178
ENSG00000160282	196	180	245	219	115	290	160	143
ENSG00000113427	275	201	203	224	333	286	293	231
ENSG00000116268	225	282	200	345	273	335	242	300
ENSG00000232757	167	138	120	125	157	56	132	119
ENSG00000110217	1	5	2	2	1	5	3	3
ENSG00000229486	12	14	25	4	13	19	31	26
ENSG00000202606	23	44	24	18	21	35	27	18
ENSG00000110239	2117	3052	3589	5657	5607	2968	3592	2036
ENSG00000194923	31	146	49	34	64	57	69	95
ENSG00000236724	944	375	1467	345	1035	612	1019	328
ENSG00000178183	3230	2431	3936	2980	3758	3119	4372	2550
ENSG00000117132	197	293	277	360	252	255	466	334
ENSG00000115455	53	59	57	56	64	117	87	81
ENSG00000219332	69	100	112	58	75	70	43	103
ENSG00000154011	13	24	28	18	17	10	19	14
ENSG00000170908	332	316	167	404	467	382	219	242
ENSG00000184696	651	2114	1101	967	1537	1851	1376	1559
ENSG00000184286	402	521	497	309	607	514	271	311
ENSG00000130108	853	449	1004	583	963	647	985	291
ENSG00000157298	593	505	385	670	380	923	194	308
ENSG00000198489	9445	4199	7314	8327	10664	7304	15130	9052
ENSG00000243887	39	26	23	19	38	68	51	28
ENSG00000155906	160	122	69	298	314	200	279	169
ENSG00000140793	492	720	1143	821	516	557	334	274
ENSG00000189333	1806	2695	1017	2222	1579	1420	1292	2285
ENSG00000229403	1	1	1	3	1	2	1	1
ENSG00000134191	35	57	78	46	37	38	37	77
ENSG00000157138	83	90	60	87	71	115	46	135
ENSG00000159815	30	27	39	24	26	30	7	20
ENSG00000154041	488	825	672	666	1213	798	891	778
ENSG00000119446	196	270	330	173	146	231	171	263
ENSG00000248387	86	66	59	62	44	76	59	105
ENSG00000113489	2	9	5	10	2	6	2	8
ENSG00000124940	13	9	6	10	5	9	7	11
ENSG00000155383	14	27	10	16	32	25	11	21
ENSG00000239680	544	400	458	469	545	264	254	196
ENSG00000153888	23	11	12	12	12	10	15	3
ENSG00000141798	0	1	6	2	7	3	1	2
ENSG00000222374	6	11	13	9	11	19	3	3
ENSG00000248591	46	48	36	47	39	18	36	58
ENSG00000124554	4518	3583	5029	3150	2217	5408	3262	4048
ENSG00000211036	15058	16784	27495	13996	32774	18952	26544	16771
ENSG00000187178	27	18	55	66	79	40	112	45
ENSG00000138203	2585	954	2747	783	2079	1109	1797	544
ENSG00000184396	1827	3005	2103	2244	2718	3918	1848	2513
ENSG00000137250	1487	1863	1681	1766	3029	1539	1693	2348
ENSG00000174347	463	47	302	115	185	105	228	118
ENSG00000232008	22	17	29	5	22	10	9	10
ENSG00000232454	55	42	62	53	53	33	72	68
ENSG00000172716	7	3	4	3	10	6	5	6
ENSG00000166568	269	192	188	288	453	246	237	203
ENSG00000200090	1012	1125	461	674	930	469	570	899
ENSG00000148841	3	2	2	4	4	1	2	1
ENSG00000215072	135	119	163	157	170	56	98	127
ENSG00000123631	450	452	190	238	175	339	286	253
ENSG00000106664	1562	1744	3237	1304	2073	1473	1553	849
ENSG00000207296	1826	1825	2580	1606	1779	1746	2959	1558
ENSG00000135367	887	901	1038	823	805	588	409	419
ENSG00000236046	29	53	34	34	46	17	31	36
ENSG00000175763	83	84	54	91	40	56	57	18
ENSG00000102083	1284	1260	1401	1308	1253	2211	1782	3279
ENSG00000147648	60	53	51	38	46	37	31	43
ENSG00000120586	191	152	78	197	101	122	96	162
ENSG00000127680	2874	4086	2612	4987	2907	3835	2121	4279
ENSG00000135215	346	218	202	223	172	135	228	287
ENSG00000193922	10	10	6	3	10	9	3	21
ENSG00000212660	49	77	95	129	107	67	59	134
ENSG00000126242	563	614	555	618	534	424	544	581
ENSG00000229996	98	137	100	100	88	122	81	68
ENSG00000176882	1190	1506	2348	1131	1220	1662	1131	1722
ENSG00000213184	843	1923	2853	1385	1827	1406	1658	2311
ENSG00000183484	66	42	49	38	53	35	41	45
ENSG00000205531	72	34	103	62	33	60	49	27
ENSG00000126289	73	133	178	83	99	154	103	140
ENSG00000150399	14	15	12	12	14	25	16	10
ENSG00000233718	276	237	228	505	108	401	285	290
ENSG00000105073	114	63	95	128	97	113	180	92
ENSG00000179386	772	1072	812	746	1159	1087	540	969
ENSG00000215587	45	36	56	75	28	59	24	34
ENSG00000105926	21	15	18	30	25	34	32	15
ENSG00000232018	8256	5479	4527	3482	5086	5513	3562	6625
ENSG00000209980	19	15	28	27	34	14	22	36
ENSG00000177280	51	45	47	38	20	61	52	61
ENSG00000214915	51	34	23	59	41	33	32	21
ENSG00000145705	58	56	68	108	69	57	50	27
ENSG00000215642	55	23	15	17	13	14	22	36
ENSG00000221402	100	110	190	195	154	160	178	102
ENSG00000123440	22	33	28	29	42	29	22	20
ENSG00000128084	45	65	59	53	42	72	50	80
ENSG00000191916	279	155	324	414	416	276	214	197
ENSG00000191684	798	534	729	659	355	808	1066	554
ENSG00000194690	351	352	260	635	393	439	382	308
ENSG00000209387	74	36	87	29	52	39	65	20
ENSG00000137910	358	254	248	282	271	365	362	310
ENSG00000211860	72	49	128	89	100	65	133	142
ENSG00000238620	92	51	120	193	237	130	130	186
ENSG00000216327	4	2	6	4	4	1	5	4
ENSG00000245497	286	514	444	685	504	702	715	779
ENSG00000202726	84	135	137	122	115	94	120	145
ENSG00000180317	2867	4689	3958	4201	5668	3634	4378	3573
ENSG00000151691	416	415	625	309	383	835	484	408
ENSG00000153583	20	13	22	23	7	20	20	21
ENSG00000161611	10	9	19	3	11	10	20	8
ENSG00000240851	1021	2073	1668	1376	399	1558	1455	2501
ENSG00000143057	18	10	26	24	22	34	33	31
ENSG00000108630	991	1056	393	361	763	588	380	730
ENSG00000229548	72	89	67	83	129	93	79	43
ENSG00000115107	11436	14169	14536	6565	5403	6623	7604	8224
ENSG00000148532	173	117	172	218	288	95	48	192
ENSG00000209100	2441	2440	5765	2195	1933	2774	5741	3051
ENSG00000117897	2866	2510	1976	1334	2574	1587	2145	2192
ENSG00000155791	58	56	79	38	37	38	52	37
ENSG00000243631	75	125	55	56	153	91	233	66
ENSG00000234078	1512	2028	3526	3551	3173	4506	2274	2484
ENSG00000147600	126	210	174	197	217	157	159	224
ENSG00000146348	23	32	38	39	19	28	24	22
ENSG00000100684	914	2661	2046	2108	994	1884	2349	3466
ENSG00000223936	37783	16565	28281	25477	22864	27010	30851	37997
ENSG00000124546	132	118	221	140	208	163	164	163
ENSG00000178817	2409	2237	2650	2052	2687	2441	3085	2140
ENSG00000227287	223	182	194	92	132	92	147	115
ENSG00000103377	1620	1513	2441	1823	3622	3192	1239	2389
ENSG00000139086	97	107	86	76	67	75	91	91
ENSG00000236779	1409	994	2055	3233	2328	2604	1810	1018
ENSG00000126601	468	378	397	524	457	383	457	523
ENSG00000211767	175	51	194	101	179	126	299	72
ENSG00000140953	239	202	331	233	309	178	216	156
ENSG00000182707	35	69	36	47	50	89	84	31
ENSG00000183713	29	19	19	17	36	14	65	10
ENSG00000171235	16	16	40	28	10	24	39	33
ENSG00000116701	112	77	136	146	149	161	151	67
ENSG00000154783	8	23	13	20	17	27	24	17
ENSG00000222451	746	291	280	408	430	409	521	251
ENSG00000198001	614	673	312	411	400	384	363	338
ENSG00000208226	602	454	743	336	1115	360	827	382
ENSG00000129295	68	99	57	68	42	50	30	64
ENSG00000227772	415	170	355	68	330	234	257	213
ENSG00000234623	141	150	195	113	176	124	175	136
ENSG00000184266	2264	2709	1621	1798	1728	3461	1911	2161
ENSG00000229461	33	29	45	52	38	39	28	13
ENSG00000203850	89	105	81	55	40	105	96	36
ENSG00000210563	74	60	90	188	79	119	80	96
ENSG00000126799	169	89	132	136	103	165	144	134
ENSG00000210841	27	61	48	30	26	35	33	50
ENSG00000170578	52	20	44	66	53	80	56	45
ENSG00000184910	1258	1678	1164	1534	1599	1096	865	848
ENSG00000185401	62	49	45	34	76	41	44	32
ENSG00000219909	1248	1639	1799	898	1598	680	1442	812
ENSG00000172727	12577	13369	6900	16523	6714	12601	8889	12361
ENSG00000219062	1243	1160	1623	1885	1919	1281	1777	2494
ENSG00000106763	4	4	4	2	7	1	9	4
ENSG00000101372	411	1141	885	838	1663	789	807	449
ENSG00000101302	390	450	514	557	248	817	571	632
ENSG00000235471	594	303	604	580	416	747	483	204
ENSG00000156093	7	6	19	2	17	1	8	8
ENSG00000239013	503	857	545	1174	631	750	876	1563
ENSG00000173360	10	18	29	30	13	26	16	26
ENSG00000137968	1254	2067	3038	2412	2845	773	2269	3451
ENSG00000202599	1018	1636	1196	844	623	1442	1477	1900
ENSG00000150572	43076	42128	25869	17186	14987	16098	37484	18265
ENSG00000103591	50	99	48	97	54	142	87	98
ENSG00000105204	7	11	7	11	2	8	8	8
ENSG00000180685	1744	986	892	1038	935	1094	1094	1213
ENSG00000171857	1472	718	576	1322	1396	695	930	656
ENSG00000215954	29	124	62	98	106	106	98	58
ENSG00000234480	3424	1593	3150	1004	2474	2189	1936	2411
ENSG00000111816	1038	969	1603	421	1333	905	2293	801
ENSG00000197523	10	5	3	6	12	3	6	18
ENSG00000179872	100	137	82	75	79	79	91	50
ENSG00000169577	59	49	81	111	61	82	28	54
ENSG00000195271	99	169	105	109	138	262	57	122
ENSG00000225831	151	249	330	248	306	108	245	209
ENSG00000100829	39	61	66	66	21	28	55	43
ENSG00000113442	90	133	121	104	81	109	84	142
ENSG00000171399	553	570	648	845	922	518	880	357
ENSG00000244122	165	133	114	190	98	123	181	94
ENSG00000218399	74	55	91	60	142	75	72	83
ENSG00000182210	69	67	142	47	74	96	93	78
ENSG00000215177	221	161	375	159	214	162	228	101
ENSG00000138491	3	6	2	2	6	6	1	5
ENSG00000186707	114	147	347	99	138	215	446	286
ENSG00000179052	27	13	28	26	13	33	29	8
ENSG00000208229	222	233	291	286	155	280	199	223
ENSG00000146337	2	18	13	9	6	9	15	8
ENSG00000125500	1126	1010	1376	608	656	1037	804	845
ENSG00000128567	230	177	274	130	267	341	190	260
ENSG00000102310	5	22	20	5	4	26	14	13
ENSG00000223199	224	223	275	118	201	270	170	212
ENSG00000244454	60	36	58	32	79	34	112	45
ENSG00000100335	7908	3612	9446	4774	4994	7660	10829	5616
ENSG00000247125	323	257	265	468	336	366	514	398
ENSG00000218140	56	32	33	17	48	59	30	37
ENSG00000158238	370	333	159	274	190	200	298	290
ENSG00000217707	206	142	122	164	114	170	124	95
ENSG00000155567	2469	2375	2651	1330	2629	856	4902	2317
ENSG00000133244	282	453	271	231	201	304	365	280
ENSG00000121314	707	509	558	636	510	367	545	846
ENSG00000166070	11	34	22	15	11	23	20	28
ENSG00000214171	1117	351	506	615	942	315	630	468
ENSG00000194663	13136	12413	13223	16212	10357	12007	12096	9531
ENSG00000161641	433	296	793	417	766	432	575	826
ENSG00000139519	154	204	105	228	69	220	81	129
ENSG00000184497	289	245	183	320	184	410	255	305
ENSG00000149089	23	26	18	27	27	23	17	9
ENSG00000215746	209	224	384	207	251	323	228	202
ENSG00000195230	15	25	18	14	10	24	16	10
ENSG00000188608	306	203	218	145	148	130	192	173
ENSG00000128316	70	78	48	64	96	81	95	143
ENSG00000214826	29	23	61	56	32	21	47	32
ENSG00000203977	461	337	474	520	527	772	421	111
ENSG00000139659	5	12	3	9	5	14	13	8
ENSG00000171754	104	98	136	106	154	106	72	168
ENSG00000103491	11	14	13	9	4	4	5	19
ENSG00000169128	6064	3896	6226	2354	3865	7927	5721	5500
ENSG00000186813	8303	3232	10520	10690	9025	6981	9741	8634
ENSG00000153459	1731	810	1016	405	834	895	1292	396
ENSG00000104511	6734	11267	8383	5521	7581	9489	5412	5889
ENSG00000148317	693	517	323	636	582	609	560	729
ENSG00000119435	427	907	508	421	522	312	391	441
ENSG00000245234	63	64	49	48	75	81	81	71
ENSG00000232926	23	22	17	29	25	29	33	33
ENSG00000239255	142	207	204	159	194	197	206	130
ENSG00000100336	51	64	51	54	27	40	87	104
ENSG00000110195	82	41	58	17	79	58	39	56
ENSG00000169176	1241	985	1710	1013	1361	908	1837	1155
ENSG00000160435	171	137	208	113	171	90	155	159
ENSG00000106634	15	6	15	8	30	8	4	8
ENSG00000168392	88	136	98	50	110	179	126	209
ENSG00000249737	54	43	20	30	61	42	33	32
ENSG00000183086	133	186	88	92	49	96	121	65
ENSG00000142169	14	24	22	26	22	24	23	27
ENSG00000173620	2736	2160	1401	1646	1558	2482	1021	1340
ENSG00000143787	8463	5542	8019	6276	7078	4896	5341	8262
ENSG00000113463	12	13	13	37	8	15	12	10
ENSG00000133988	1406	500	388	501	500	993	542	565
ENSG00000227180	427	598	636	494	297	264	705	793
ENSG00000236946	24	20	18	17	23	21	34	21
ENSG00000110469	141	142	266	162	175	175	129	174
ENSG00000157813	1266	1592	2202	1906	2753	4141	2142	2542
ENSG00000233664	882	863	1191	822	1411	1042	739	937
ENSG00000220228	7467	7727	4543	3199	1917	7721	1469	2190
ENSG00000156935	9	12	5	46	10	10	17	20
ENSG00000117486	13	37	19	46	36	45	33	36
ENSG00000226916	575	76	418	527	606	114	518	317
ENSG00000106243	236	425	370	345	590	559	404	358
ENSG00000111544	204	114	224	123	165	160	152	181
ENSG00000150719	112	85	66	93	47	89	112	90
ENSG00000165282	222	48	143	64	266	52	101	95
ENSG00000225265	45	47	30	89	38	43	33	64
ENSG00000131605	263	455	207	221	706	466	331	290
ENSG00000197524	1	2	2	0	2	0	1	3
ENSG00000204341	4278	2650	2937	5218	4333	5638	4304	2762
ENSG00000223442	73	60	57	66	79	79	47	36
ENSG00000179592	7	16	5	7	6	5	8	11
ENSG00000213610	1495	637	1347	331	748	730	964	320
ENSG00000112152	12	6	13	8	6	17	7	9
ENSG00000238398	327	402	345	207	260	384	315	307
ENSG00000217442	101	74	81	56	58	80	70	66
ENSG00000194266	378	706	696	592	469	726	485	866
ENSG00000149280	680	796	610	846	660	461	948	611
ENSG00000226097	2869	2042	3023	1878	2021	2266	1207	2197
ENSG00000184938	58	38	59	57	56	62	60	60
ENSG00000146006	65	75	53	134	111	59	119	64
ENSG00000131915	313	54	211	76	228	131	428	88
ENSG00000237892	8	5	8	6	14	10	5	10
ENSG00000125643	411	782	566	472	432	378	624	342
ENSG00000241280	124	311	195	213	209	207	116	59
ENSG00000201801	10	11	6	5	12	9	15	10
ENSG00000178314	3324	1176	3948	1665	4362	2830	2696	1348
ENSG00000207163	1004	2784	2113	1042	2787	4011	2139	3633
ENSG00000142131	20	15	29	13	15	10	21	9
ENSG00000213679	585	248	627	852	550	197	576	1040
ENSG00000106426	1212	2578	2930	1977	1089	1842	3175	1734
ENSG00000203015	1358	1036	641	439	2370	716	1700	1040
ENSG00000156941	34	19	23	27	24	24	17	22
ENSG00000179845	16	23	10	13	2	6	1	11
ENSG00000133416	103	99	98	193	81	163	147	114
ENSG00000131876	63	33	59	54	69	77	57	49
ENSG00000231816	180	150	135	242	199	118	177	200
ENSG00000161637	148	123	120	111	129	105	157	104
ENSG00000222862	603	491	494	484	430	567	372	340
ENSG00000165726	58	59	77	67	54	39	57	68
ENSG00000230050	146	123	86	109	83	47	63	151
ENSG00000151601	43212	39171	42056	56808	23360	57575	36133	38089
ENSG00000168903	106	134	80	132	102	85	101	124
ENSG00000210496	302	505	835	554	720	1040	599	809
ENSG00000137192	205	245	279	271	434	163	359	254
ENSG00000186536	219	321	256	131	325	146	370	181
ENSG00000249706	20	19	22	30	11	37	39	27
ENSG00000193990	255	630	407	532	298	183	400	729
ENSG00000231817	155	140	129	86	113	86	98	142
ENSG00000118594	1886	813	1023	1000	1655	657	967	585
ENSG00000196573	9119	5492	8874	11915	6224	13564	10505	15147
ENSG00000216633	476	238	333	230	468	122	327	86
ENSG00000121976	764	798	760	392	445	559	726	932
ENSG00000138050	22	33	20	26	21	18	22	25
ENSG00000226195	174	194	164	193	169	298	125	264
ENSG00000158139	5192	4280	4435	3327	6722	1139	3918	2722
ENSG00000212454	188	250	265	146	159	99	182	87
ENSG00000120275	146	32	77	49	47	52	92	36
ENSG00000128312	217	187	266	145	117	184	193	209
ENSG00000186289	359	79	136	58	202	47	72	169
ENSG00000204797	89	83	80	99	117	85	78	90
ENSG00000159911	38	67	69	53	108	66	91	65
ENSG00000157192	7558	11527	6316	6439	14006	9817	7395	6021
ENSG00000100082	35	37	20	18	29	30	21	30
ENSG00000132813	132	80	98	58	129	73	202	95
ENSG00000128602	17	28	31	85	52	65	54	55
ENSG00000242492	1504	2468	1316	1231	2737	2408	1630	1163
ENSG00000230370	106	65	120	58	106	111	110	69
ENSG00000226427	1983	2761	3682	3235	2571	1262	4952	2835
ENSG00000193348	252	255	141	346	149	219	166	142
ENSG00000174693	96	144	211	197	148	181	217	80
ENSG00000111248	12	6	9	7	14	15	22	14
ENSG00000108374	2535	1763	1244	1685	1263	1999	1138	2258
ENSG00000238357	361	381	543	521	696	625	558	400
ENSG00000244458	301	337	400	319	152	176	173	165
ENSG00000237213	159	148	88	97	154	150	133	90
ENSG00000159980	76	40	40	50	80	61	91	81
ENSG00000183844	18	13	9	14	9	16	19	5
ENSG00000222145	949	756	723	1499	697	1050	1133	1215
ENSG00000225691	219	242	296	151	165	234	236	202
ENSG00000117604	93	88	98	105	52	146	91	13
ENSG00000153833	22	34	50	45	33	43	59	48
ENSG00000106724	287	240	303	280	243	117	154	176
ENSG00000167573	300	108	283	226	195	86	372	125
ENSG00000194130	4823	5132	6664	5206	6715	6737	3947	4566
ENSG00000187457	1079	223	717	612	525	624	470	698
ENSG00000237742	37	56	62	29	41	36	47	41
ENSG00000124775	12	18	19	13	16	15	21	14
ENSG00000201784	51	95	85	137	115	102	77	70
ENSG00000206039	29	21	22	17	31	22	24	42
ENSG00000161984	162	182	228	243	151	157	200	221
ENSG00000185275	266	513	325	276	399	151	167	271
ENSG00000214690	1274	435	918	518	752	360	772	225
ENSG00000239705	374	306	421	187	374	558	280	428
ENSG00000229121	119	121	171	74	179	80	120	98
ENSG00000197352	469	417	673	404	659	502	763	601
ENSG00000177410	19	24	32	22	35	32	24	18
ENSG00000182214	50	104	130	79	106	121	143	181
ENSG00000217014	252	939	632	676	517	369	782	629
ENSG00000188432	459	360	256	217	472	207	138	370
ENSG00000108752	9	15	21	7	26	15	7	7
ENSG00000167656	15	19	18	15	11	43	22	22
ENSG00000152217	8	5	9	5	7	3	4	9
ENSG00000179058	5117	5401	5966	3752	5180	5614	6363	10885
ENSG00000248169	8	9	11	4	5	7	1	3
ENSG00000109048	105	92	136	58	123	290	141	135
ENSG00000185911	6455	5994	6299	4416	3512	6039	6941	3541
ENSG00000146281	1348	1621	1075	1506	870	1140	951	1459
ENSG00000202574	2301	2159	2882	2429	2525	1616	2516	2616
ENSG00000212246	41	68	90	58	36	54	47	78
ENSG00000141654	1051	315	1122	611	592	330	1459	484
ENSG00000207211	47721	60668	62198	21578	101412	26552	50647	98441
ENSG00000238807	103	84	214	158	140	103	106	46
ENSG00000118365	203	417	163	276	418	340	202	306
ENSG00000136247	98	132	44	73	74	65	39	47
ENSG00000231739	112	151	179	143	184	147	170	131
ENSG00000161266	187	170	219	479	219	456	276	275
ENSG00000117623	1834	2694	1947	3953	2284	1597	3934	1881
ENSG00000201782	81	19	63	11	72	16	73	17
ENSG00000141300	10	11	9	12	21	3	15	15
ENSG00000186569	124	182	125	110	157	169	184	127
ENSG00000211516	341	108	310	397	153	335	250	125
ENSG00000207194	1378	1900	1850	1762	3140	1757	2063	3469
ENSG00000188903	702	1307	922	1318	694	761	647	376
ENSG00000189055	43	38	22	41	62	46	44	60
ENSG00000108819	338	483	426	442	429	639	268	457
ENSG00000205294	926	1750	1177	1514	1464	1427	1488	2018
ENSG00000194510	280	243	233	210	286	181	379	210
ENSG00000163373	36	76	86	75	57	43	159	57
ENSG00000150899	1018	825	1576	470	1093	573	1033	688
ENSG00000247632	87	103	70	85	36	106	45	58
ENSG00000149836	3	1	1	6	0	5	4	0
ENSG00000103021	1486	1998	2172	940	2315	1917	2341	3001
ENSG00000149554	18	10	20	13	29	17	26	7
ENSG00000222989	64	57	44	106	148	79	81	118
ENSG00000227682	54	59	61	76	50	93	84	55
ENSG00000207819	50	126	48	129	37	72	129	104
ENSG00000246530	129	98	152	94	258	117	203	98
ENSG00000149045	5	14	8	11	14	5	6	3
ENSG00000112818	709	558	550	396	1272	250	685	619
ENSG00000244120	347	105	507	82	217	150	510	144
ENSG00000211005	163	298	88	141	80	122	218	200
ENSG00000120653	2932	1150	2645	1421	2380	929	5024	1313
ENSG00000231311	2328	2403	1572	2225	1508	1449	1167	2928
ENSG00000171888	2056	1744	1251	2555	3005	2547	1294	2904
ENSG00000193476	12836	3074	16311	8867	12365	6577	10169	5497
ENSG00000205820	473	152	680	524	253	118	294	308
ENSG00000162274	4	3	4	9	5	5	7	4
ENSG00000178236	287	344	259	221	222	215	300	303
ENSG00000191989	121	81	151	147	214	213	166	112
ENSG00000133890	257	92	253	128	182	155	157	167
ENSG00000136068	36	31	68	52	46	34	55	25
ENSG00000212311	35	31	44	23	33	19	20	26
ENSG00000192523	962	745	623	1230	508	599	1278	750
ENSG00000196805	971	995	800	1481	1779	654	1197	1218
ENSG00000234431	15	11	17	18	17	18	22	15
ENSG00000246006	691	418	492	345	375	292	417	584
ENSG00000161134	115	103	101	65	151	142	152	73
ENSG00000194837	80	134	85	89	69	64	86	42
ENSG00000133038	742	623	420	415	555	1562	495	822
ENSG00000189412	138	193	116	89	81	126	103	207
ENSG00000127183	49	38	62	43	69	135	41	65
ENSG00000226642	201	109	181	159	272	207	214	83
ENSG00000166711	2	1	2	1	3	1	1	1
ENSG00000242896	48	65	32	44	55	30	46	52
ENSG00000192138	35	65	69	53	45	49	73	55
ENSG00000241265	6	14	7	18	18	6	16	13
ENSG00000227331	174	216	213	151	141	248	221	279
ENSG00000165590	295	219	446	291	298	348	268	239
ENSG00000247390	32	28	54	39	10	46	30	46
ENSG00000245235	107	71	120	88	138	183	123	173
ENSG00000119576	2267	555	1058	569	1297	585	776	663
ENSG00000224301	1092	1665	1566	863	2110	751	1295	1244
ENSG00000203827	29	28	10	25	25	24	22	30
ENSG00000230355	270	125	297	181	257	272	409	313
ENSG00000155585	2608	1644	2093	1451	1586	1057	1777	1880
ENSG00000165060	116	172	62	141	119	185	169	151
ENSG00000123550	67	34	12	22	34	37	22	18
ENSG00000221334	39	48	17	17	27	47	25	26
ENSG00000126178	81	120	61	70	61	72	99	119
ENSG00000101698	20	14	26	22	16	11	18	29
ENSG00000245237	12864	10080	8461	6183	15279	6948	4981	11201
ENSG00000186943	37	26	38	28	12	68	61	50
ENSG00000167319	352	209	297	295	283	348	160	503
ENSG00000228246	216	196	148	291	163	160	274	269
ENSG00000241036	493	650	372	479	420	645	589	598
ENSG00000224336	78	63	73	50	122	67	78	115
ENSG00000143408	15	13	17	6	6	4	6	3
ENSG00000141347	4023	4987	2780	3777	3574	3356	4480	4863
ENSG00000101406	124	91	164	85	186	168	181	90
ENSG00000217895	390	179	123	125	154	199	143	156
ENSG00000137660	346	139	70	113	165	275	231	158
ENSG00000134564	2020	1607	1242	1201	1239	1119	2995	2524
ENSG00000156361	887	530	642	708	392	545	524	489
ENSG00000139194	1701	1671	1406	769	1563	1611	1289	1105
ENSG00000162470	425	341	882	644	598	582	546	889
ENSG00000201486	117	198	172	118	206	257	231	212
ENSG00000174207	324	215	397	176	316	338	204	231
ENSG00000220388	40	36	38	52	21	38	27	19
ENSG00000235727	2	0	0	1	2	6	3	6
ENSG00000130870	143	60	187	120	142	91	214	104
ENSG00000206902	17	10	14	26	16	12	7	11
ENSG00000214346	26344	28444	26574	22458	20378	19414	13889	21305
ENSG00000123397	3113	3332	4796	2040	2798	3484	3862	1270
ENSG00000247250	1218	1128	1141	1616	1160	816	1759	1056
ENSG00000235519	145	49	89	86	138	47	80	53
ENSG00000249281	15777	9067	13837	7271	7198	11976	9738	6473
ENSG00000178130	2	2	7	3	3	2	5	3
ENSG00000217145	16	16	6	17	10	23	18	22
ENSG00000101197	30	50	22	29	30	42	40	86
ENSG00000210201	36	19	18	17	43	35	14	15
ENSG00000129071	165	172	162	151	199	166	235	213
ENSG00000248647	233	197	161	239	354	232	264	210
ENSG00000141494	5173	8267	7472	8412	6199	5006	5210	7346
ENSG00000133143	1679	701	2000	801	2668	787	3373	1536
ENSG00000246978	1723	1681	1414	2832	1837	2243	941	1287
ENSG00000245109	291	371	423	237	336	351	446	615
ENSG00000201556	287	116	263	114	162	163	191	59
ENSG00000154524	30	14	39	46	64	44	49	42
ENSG00000107269	11	8	9	3	7	11	12	10
ENSG00000152407	16	26	19	27	16	25	50	30
ENSG00000162542	80	51	163	30	81	90	90	46
ENSG00000213319	1015	600	918	628	516	457	700	650
ENSG00000204825	11	7	4	5	8	7	4	9
ENSG00000124234	12	10	11	2	4	9	4	8
ENSG00000212945	201	389	347	431	283	283	194	229
ENSG00000130549	34	16	3	4	18	15	21	12
ENSG00000179560	243	193	239	300	299	284	337	228
ENSG00000236771	63	72	44	86	37	50	49	42
ENSG00000169211	13	34	24	47	23	29	18	34
ENSG00000152613	10	5	5	8	9	8	5	7
ENSG00000196145	85	60	166	184	114	152	59	187
ENSG00000180622	47	33	60	39	20	45	29	41
ENSG00000204571	41	34	68	44	50	41	20	35
ENSG00000130735	26	47	29	37	52	26	30	32
ENSG00000212332	278	171	235	140	154	161	192	218
ENSG00000159347	231	173	189	200	168	208	207	176
ENSG00000249312	1	3	8	5	5	3	5	4
ENSG00000125274	139	53	42	104	108	119	124	91
ENSG00000150093	224	346	335	451	200	296	259	344
ENSG00000110179	1531	1140	1546	1439	1338	1397	763	1096
ENSG00000213867	468	618	421	581	688	592	366	864
ENSG00000128366	170	318	172	244	262	189	267	196
ENSG00000133958	6	14	10	22	21	23	10	12
ENSG00000149576	41	35	61	35	36	36	42	40
ENSG00000217447	423	1071	1128	984	1445	935	637	1141
ENSG00000218277	93	27	96	34	50	31	49	65
ENSG00000177749	986	625	1073	1098	972	1306	1361	1292
ENSG00000215022	2113	1858	2243	2942	2514	1267	1801	1319
ENSG00000116849	5	14	8	21	9	11	19	21
ENSG00000134393	415	220	345	507	199	259	102	471
ENSG00000201210	128	77	127	101	88	80	191	94
ENSG00000177476	9470	10317	7325	4156	6214	9676	7556	7224
ENSG00000224245	635	615	974	676	919	1013	894	702
ENSG00000163390	43	75	25	34	41	90	76	30
ENSG00000245875	408	253	101	381	363	272	310	354
ENSG00000191080	15	29	14	38	32	11	19	14
ENSG00000212015	94	163	95	138	62	143	51	89
ENSG00000107766	467	197	422	168	256	137	447	185
ENSG00000202292	117	297	223	243	152	210	176	228
ENSG00000177877	346	129	320	163	366	286	215	254
ENSG00000109387	9	47	26	31	16	19	22	17
ENSG00000139584	1	2	2	3	1	6	3	3
ENSG00000217702	78	54	56	50	104	55	91	64
ENSG00000122633	16	25	30	30	26	17	29	13
ENSG00000234636	32	40	62	29	43	23	30	60
ENSG00000231506	9455	11070	16717	7889	11458	10482	16537	9852
ENSG00000224291	1374	1758	636	1214	2177	1303	1480	2054
ENSG00000198216	101	125	62	149	112	105	131	173
ENSG00000151360	15	5	14	9	14	9	11	9
ENSG00000126657	15	15	11	7	26	12	15	13
ENSG00000224504	296	459	340	384	326	246	178	342
ENSG00000176003	1584	1205	638	1232	1673	2058	1504	1705
ENSG00000230320	65	100	65	60	39	122	143	51
ENSG00000114631	256	266	320	76	264	96	640	140
ENSG00000228228	286	219	319	233	177	243	379	166
ENSG00000134713	2040	1454	1554	2509	1737	2579	1544	1707
ENSG00000170955	5	6	4	1	1	0	4	0
ENSG00000177171	226	223	137	155	159	102	298	205
ENSG00000147349	322	413	436	261	276	463	300	354
ENSG00000141387	740	1062	1116	549	1068	1074	823	1197
ENSG00000196325	207	650	432	416	335	218	271	664
ENSG00000107122	13	8	20	25	18	15	11	8
ENSG00000153166	29	50	29	34	46	28	49	35
ENSG00000166732	8	9	5	2	3	2	5	5
ENSG00000159593	215	141	414	288	340	184	171	278
ENSG00000217909	292	245	186	289	328	178	178	233
ENSG00000210222	596	346	202	299	228	847	437	300
ENSG00000245788	20	28	27	13	18	12	10	20
ENSG00000235443	23	19	11	10	20	3	7	11
ENSG00000247611	2282	3547	2808	4267	1725	1169	4246	1988
ENSG00000116607	188	312	253	202	236	103	335	254
ENSG00000209779	10255	6456	12819	5515	7523	5857	8032	3404
ENSG00000157971	295	488	446	437	402	505	678	425
ENSG00000232660	13	12	24	7	8	4	5	7
ENSG00000149101	375	452	281	461	328	609	546	873
ENSG00000217992	2534	1124	808	1760	1570	744	2805	2017
ENSG00000239066	73	103	31	46	42	40	23	43
ENSG00000160546	2	4	5	5	3	2	4	5
ENSG00000142136	456	544	580	502	730	442	492	290
ENSG00000131462	134	43	58	58	106	117	156	145
ENSG00000132992	156	288	259	327	391	308	326	201
ENSG00000191812	2	0	1	0	4	3	4	0
ENSG00000144514	278	327	303	347	383	506	559	305
ENSG00000211324	1	0	1	0	2	1	1	0
ENSG00000249222	26	15	19	17	18	27	19	27
ENSG00000200960	1059	418	423	553	715	1756	562	799
ENSG00000167288	1	4	5	2	8	5	9	7
ENSG00000137932	0	4	3	6	4	3	0	4
ENSG00000175584	81	95	51	75	52	86	61	69
ENSG00000163611	4712	3989	4270	2574	2609	4915	4976	2903
ENSG00000131510	7094	4033	7874	3296	10610	7739	4936	3208
ENSG00000138791	33	23	24	33	64	25	38	32
ENSG00000230712	1332	1351	688	1151	437	967	771	1444
ENSG00000231161	377	633	529	361	425	378	411	456
ENSG00000112847	367	239	182	147	235	203	232	321
ENSG00000194402	164	360	152	338	179	372	207	273
ENSG00000215173	28	47	24	29	52	24	31	21
ENSG00000199904	1118	1018	2139	506	1055	591	1194	782
ENSG00000200396	1370	1688	1841	1201	706	1577	518	682
ENSG00000159506	31404	23947	36806	53223	22054	39168	22730	22758
ENSG00000202616	2080	1240	981	1492	1010	1000	727	887
ENSG00000236043	0	2	0	1	2	1	0	0
ENSG00000143951	23	14	32	10	33	11	35	9
ENSG00000126213	235	179	261	333	248	215	227	230
ENSG00000162776	139	90	212	151	306	86	110	190
ENSG00000234616	3	4	3	3	4	1	5	3
ENSG00000146590	127	170	59	87	173	124	25	104
ENSG00000208361	90	68	72	65	91	94	40	104
ENSG00000248812	129	63	121	104	132	167	49	88
ENSG00000118790	56	56	136	109	119	126	127	157
ENSG00000185051	926	816	880	481	458	657	263	734
ENSG00000143039	2674	3359	2747	2557	6034	1841	2646	1738
ENSG00000123860	391	499	406	484	754	706	563	682
ENSG00000233188	12	7	25	7	20	11	18	22
ENSG00000121019	39	22	17	17	27	48	28	26
ENSG00000142848	31	42	50	27	30	47	56	18
ENSG00000209575	223	117	103	138	47	159	148	138
ENSG00000151991	100	43	37	68	62	85	89	52
ENSG00000112469	73	61	34	71	49	87	40	67
ENSG00000248295	55	9	39	21	56	36	47	27
ENSG00000216640	1014	1170	600	1346	1214	889	906	1147
ENSG00000147347	1027	1685	538	1188	451	1233	756	818
ENSG00000248791	732	802	1073	751	727	721	1902	1039
ENSG00000109741	130	89	178	115	159	88	134	69
ENSG00000111654	423	564	165	496	258	598	510	327
ENSG00000203530	25	26	17	44	30	31	27	25
ENSG00000238166	15	16	12	12	21	21	17	6
ENSG00000160317	143	48	56	33	96	53	59	42
ENSG00000197245	570	271	554	580	722	587	745	511
ENSG00000184771	101	99	79	97	81	134	111	90
ENSG00000186051	10	19	20	21	10	12	10	18
ENSG00000217808	180	180	180	167	130	148	169	134
ENSG00000145320	415	360	413	274	612	206	387	390
ENSG00000172661	226	227	163	160	170	247	148	197
ENSG00000103182	50	40	27	18	41	45	32	20
ENSG00000194020	171	215	192	236	132	163	234	245
ENSG00000172457	82	73	65	67	61	90	39	65
ENSG00000178041	55	57	123	84	85	95	77	80
ENSG00000118279	181	203	131	86	122	99	70	98
ENSG00000132309	438	312	492	614	529	714	941	660
ENSG00000172766	6337	6917	5429	6374	4842	5296	6358	6755
ENSG00000153160	2670	4308	3039	3750	2214	2501	3451	2081
ENSG00000174224	336	421	553	318	623	332	640	508
ENSG00000141203	42	56	61	65	67	75	110	26
ENSG00000145884	85	76	54	116	103	63	72	41
ENSG00000125868	93	54	74	71	92	69	74	51
ENSG00000151482	1634	1134	1951	2467	1096	961	2604	913
ENSG00000232579	3	0	3	1	0	0	0	0
ENSG00000215066	147	295	191	278	259	283	229	275
ENSG00000234481	4	1	2	5	4	2	2	4
ENSG00000184120	192	124	111	127	77	173	146	107
ENSG00000191678	1694	3171	1286	1675	1470	2048	966	2889
ENSG00000244281	25	14	14	24	32	20	29	34
ENSG00000107548	3	2	0	2	3	1	3	1
ENSG00000206731	2359	1859	2016	1423	2662	895	2497	1883
ENSG00000107505	2639	4422	2486	3211	3870	2298	1839	1981
ENSG00000129825	384	519	752	450	279	342	463	377
ENSG00000115687	1456	1620	2404	2273	3220	1877	2825	2925
ENSG00000221069	18	25	28	24	22	43	22	11
ENSG00000139913	1046	1626	1448	1788	841	1601	1963	1055
ENSG00000165891	4534	2873	2168	5721	4474	2962	6089	2898
ENSG00000130033	301	753	561	797	540	872	240	753
ENSG00000228453	359	280	220	179	200	341	381	219
ENSG00000124020	1343	1471	2563	1888	1572	1421	1929	1969
ENSG00000167121	2079	1242	1379	994	966	2093	1550	1978
ENSG00000168125	54	29	31	32	35	34	17	32
ENSG00000217037	1341	1840	2834	2178	1997	3367	1532	2263
ENSG00000156210	405	484	422	843	750	420	555	860
ENSG00000110215	124	175	305	175	324	179	180	169
ENSG00000105527	2967	1556	2254	3108	2241	2323	2649	1663
ENSG00000165376	883	676	968	952	1279	1048	787	867
ENSG00000137552	906	524	316	375	550	822	499	701
ENSG00000175433	39	29	45	40	51	26	26	80
ENSG00000131795	939	935	504	673	1126	721	671	788
ENSG00000217960	11	11	5	26	20	17	12	16
ENSG00000167830	130	174	104	227	87	114	115	46
ENSG00000135956	2	3	7	7	10	2	8	1
ENSG00000209103	3	8	3	4	5	2	6	5
ENSG00000124505	497	384	387	390	351	373	440	369
ENSG00000168248	79	172	208	174	235	90	77	93
ENSG00000163644	223	177	285	123	119	236	323	146
ENSG00000124695	409	604	723	648	855	320	369	631
ENSG00000186601	317	285	456	459	435	348	310	253
ENSG00000112664	13	30	25	47	17	14	25	12
ENSG00000217272	151	172	163	283	189	203	122	156
ENSG00000107070	108	149	155	194	110	93	100	233
ENSG00000196775	29	60	52	74	56	40	45	52
ENSG00000134287	90	114	186	119	67	146	179	78
ENSG00000136500	101	101	59	82	72	53	51	101
ENSG00000221360	58	32	30	30	42	29	55	42
ENSG00000111872	49	54	28	53	31	29	79	69
ENSG00000111798	219	235	186	213	160	110	233	216
ENSG00000230608	9197	6526	5805	4786	9078	8341	6417	14983
ENSG00000170346	35	20	23	36	29	24	25	31
ENSG00000112398	373	487	367	432	476	286	755	491
ENSG00000202523	16	3	24	7	16	4	15	5
ENSG00000170575	5267	3723	8863	2747	5181	4461	7376	3045
ENSG00000219061	63	58	55	98	76	101	38	55
ENSG00000151153	195	233	94	420	142	153	135	178
ENSG00000227971	2071	1947	1854	1814	1498	996	2296	1532
ENSG00000140268	637	1041	1680	864	1115	1212	1262	1159
ENSG00000148826	13	6	25	5	5	10	12	9
ENSG00000181618	337	384	457	469	423	600	605	492
ENSG00000115676	93	72	78	45	47	59	87	121
ENSG00000186957	420	495	411	399	514	427	312	409
ENSG00000132268	437	192	287	268	390	128	293	254
ENSG00000121245	587	536	559	1229	852	563	373	540
ENSG00000132491	143	335	257	223	308	250	144	225
ENSG00000120068	85	134	73	169	100	227	91	112
ENSG00000216833	1658	945	1319	1304	818	741	1281	1291
ENSG00000106336	11	8	3	2	4	7	8	4
ENSG00000117531	60	79	105	49	33	71	57	85
ENSG00000219222	11	18	12	22	13	12	23	20
ENSG00000116562	150	98	72	96	122	110	76	86
ENSG00000177763	45	49	45	24	83	40	52	15
ENSG00000114465	92	139	132	63	162	168	109	132
ENSG00000117590	36	70	66	67	16	67	47	80
ENSG00000114532	25	75	22	57	49	46	51	62
ENSG00000159514	8	5	11	14	5	4	7	8
ENSG00000219864	195	91	350	140	261	165	271	172
ENSG00000115821	377	202	284	261	515	380	297	321
ENSG00000249756	78	49	56	45	121	59	97	27
ENSG00000211747	53	53	22	47	21	23	30	33
ENSG00000216457	29	52	23	22	38	31	69	54
ENSG00000242689	3601	3809	3085	2423	4091	4331	4924	7361
ENSG00000243738	216	177	140	224	186	105	137	108
ENSG00000148197	335	204	185	426	266	360	450	242
ENSG00000249951	82	74	73	72	85	85	43	54
ENSG00000225392	40	61	44	48	55	56	37	43
ENSG00000174684	35	23	34	26	23	20	32	16
ENSG00000241006	3635	4615	9065	3144	6677	2197	8224	4254
ENSG00000178205	5	2	8	9	3	5	12	5
ENSG00000101194	278	185	212	149	223	435	242	450
ENSG00000164755	161	88	155	124	72	128	156	165
ENSG00000190294	67	98	115	58	94	101	170	69
ENSG00000234944	14	8	5	9	9	11	10	6
ENSG00000102745	13	11	11	9	9	8	23	18
ENSG00000206889	1140	1004	929	1233	936	1520	596	697
ENSG00000247320	51	54	51	22	41	33	35	62
ENSG00000162900	1231	570	1487	1109	1563	705	1993	1259
ENSG00000113096	512	654	489	720	501	779	356	349
ENSG00000192741	361	303	425	571	518	511	351	415
ENSG00000118683	415	766	418	851	658	683	946	605
ENSG00000131690	8	18	11	9	24	32	12	12
ENSG00000172898	35	31	74	35	84	36	45	44
ENSG00000180603	423	779	715	775	365	851	827	511
ENSG00000138394	16	10	6	11	5	11	18	8
ENSG00000136400	4089	2607	4076	3102	4739	4467	3983	3545
ENSG00000184144	54	79	51	60	32	63	61	47
ENSG00000174033	172	113	120	158	157	126	43	111
ENSG00000137163	17	12	15	16	13	23	26	15
ENSG00000186859	646	170	519	93	478	121	281	256
ENSG00000210812	29	39	27	22	29	44	26	17
ENSG00000186036	80	170	73	101	89	76	87	55
ENSG00000108742	7	13	9	20	13	13	9	10
ENSG00000218976	1438	2280	2682	1357	1762	1790	1578	1021
ENSG00000219550	6	4	2	1	5	14	9	3
ENSG00000114156	329	321	343	251	415	335	182	404
ENSG00000156283	196	176	292	316	205	176	287	216
ENSG00000242854	757	557	475	311	275	418	608	413
ENSG00000182496	27	21	19	15	16	23	14	13
ENSG00000208636	610	1411	741	1673	1157	866	886	1102
ENSG00000242300	1123	1164	756	801	449	985	617	1033
ENSG00000144581	173	180	206	127	199	276	114	152
ENSG00000234389	180	308	358	234	449	328	335	268
ENSG00000151945	103	66	106	166	102	76	96	99
ENSG00000165356	423	544	518	675	746	487	541	545
ENSG00000134881	31	35	23	28	45	11	40	35
ENSG00000179460	338	412	437	467	470	485	408	387
ENSG00000122682	347	505	232	374	190	238	374	466
ENSG00000246331	7	6	6	9	10	15	5	13
ENSG00000233551	0	0	0	2	0	0	0	1
ENSG00000222721	143	88	76	159	110	152	149	75
ENSG00000137485	205	140	208	102	360	203	149	114
ENSG00000177796	1815	2643	1375	1586	2235	2317	2482	1267
ENSG00000150507	341	212	210	200	115	105	173	91
ENSG00000196079	63	48	16	36	44	59	76	56
ENSG00000186609	6	12	22	12	6	9	13	9
ENSG00000205509	116	114	105	124	94	100	167	145
ENSG00000100867	91	45	53	47	164	35	103	48
ENSG00000115384	13	16	17	13	12	21	27	5
ENSG00000106501	81	197	153	106	124	86	102	98
ENSG00000192882	708	936	1166	652	1198	1437	472	1777
ENSG00000147238	98	180	176	217	131	169	93	154
ENSG00000155900	21	12	12	12	7	23	23	15
ENSG00000124113	455	260	530	520	659	319	404	210
ENSG00000217733	10	14	11	14	8	21	8	21
ENSG00000189525	5	9	7	6	9	10	8	16
ENSG00000102326	284	509	372	362	251	382	206	176
ENSG00000229438	35	35	40	40	22	44	30	77
ENSG00000191649	1035	1696	1419	610	879	980	809	1214
ENSG00000214247	129	369	280	215	189	299	228	248
ENSG00000134875	36	28	23	27	31	26	35	46
ENSG00000156032	374	205	243	285	212	306	191	133
ENSG00000235575	2989	1901	1980	1854	1626	5054	2026	1495
ENSG00000244436	64	82	121	116	100	73	72	149
ENSG00000231722	22	26	20	21	9	26	19	21
ENSG00000222639	57	35	25	47	21	68	50	37
ENSG00000203354	24	30	21	37	31	22	23	22
ENSG00000239652	7	11	11	15	9	18	28	7
ENSG00000203098	9	13	9	12	8	10	10	15
ENSG00000148173	210	175	307	312	417	371	345	372
ENSG00000164591	1566	1665	1187	1736	1505	1312	2147	1472
ENSG00000183283	56	81	94	81	54	87	90	72
ENSG00000143980	885	1017	613	528	980	657	518	1048
ENSG00000238833	757	1017	953	1075	956	1222	1226	1242
ENSG00000141241	2709	3731	4276	4006	4785	2218	3715	4652
ENSG00000210690	83	76	95	229	117	105	87	50
ENSG00000199919	57	113	78	124	44	101	82	84
ENSG00000118570	467	316	244	318	445	462	447	518
ENSG00000163800	181	249	138	267	247	175	143	297
ENSG00000202892	272	336	248	384	208	487	296	285
ENSG00000169106	1068	2005	3372	3157	1822	1666	2207	1598
ENSG00000204085	54	41	65	81	67	22	62	72
ENSG00000247958	276	261	307	235	228	205	145	269
ENSG00000155323	27	11	14	24	21	26	30	15
ENSG00000202748	73	61	93	57	104	108	67	99
ENSG00000129389	34	45	49	60	35	22	31	33
ENSG00000227572	26	33	33	33	33	43	32	42
ENSG00000214173	153	78	152	140	222	134	183	86
ENSG00000137819	41	50	78	49	71	39	109	65
ENSG00000185413	565	217	550	379	861	280	549	170
ENSG00000199380	949	871	364	744	390	538	682	945
ENSG00000148067	2	6	7	5	4	3	15	3
ENSG00000166544	1463	828	1364	1208	1312	1407	963	1383
ENSG00000153114	2	2	1	0	4	4	0	1
ENSG00000242147	214	178	250	215	259	280	149	337
ENSG00000241102	693	746	611	1034	571	273	686	361
ENSG00000205361	41	59	28	20	55	57	51	13
ENSG00000178380	53	83	155	88	115	76	76	88
ENSG00000115857	31	53	21	46	34	40	16	23
ENSG00000135721	946	702	674	254	550	638	1169	583
ENSG00000234490	1	2	1	2	1	0	0	0
ENSG00000239959	14	25	30	14	13	32	23	23
ENSG00000123910	2	5	3	1	2	5	5	5
ENSG00000195770	299	129	190	210	238	151	115	127
ENSG00000214520	1356	1514	1718	2383	1178	1226	2749	1748
ENSG00000167120	1508	1304	1730	1190	2478	1799	1105	1662
ENSG00000159494	368	187	667	695	671	360	571	299
ENSG00000133406	462	185	253	247	181	500	154	275
ENSG00000124084	34	16	36	41	24	41	32	32
ENSG00000220471	1863	2005	1059	1282	1619	1375	1771	1426
ENSG00000161638	751	583	463	651	293	285	321	612
ENSG00000197010	33	29	27	11	38	26	47	33
ENSG00000141795	5	5	6	13	9	12	7	1
ENSG00000172694	38	44	31	39	31	70	30	43
ENSG00000195448	1505	962	1163	914	646	1860	1484	1174
ENSG00000101938	1665	2825	1887	751	1171	1623	1136	1887
ENSG00000168469	7481	4077	3733	4089	5831	2182	2414	4020
ENSG00000171494	43	31	75	53	33	31	93	24
ENSG00000150576	64	42	106	61	55	83	56	92
ENSG00000186608	6192	1981	4272	2600	3645	1960	3685	2386
ENSG00000216443	214	306	195	306	91	296	254	185
ENSG00000117310	1452	508	1790	1117	1452	687	1442	566
ENSG00000112008	10	11	14	5	12	4	6	14
ENSG00000191319	72	68	99	64	79	57	48	41
ENSG00000233698	120	181	112	139	141	93	245	210
ENSG00000211909	124	96	89	55	96	73	53	77
ENSG00000186193	62	44	56	71	91	55	142	69
ENSG00000179853	4	6	14	9	8	14	1	4
ENSG00000117800	2592	4344	5561	1665	4949	3106	3079	3619
ENSG00000248678	162	256	183	161	206	286	85	122
ENSG00000104360	1	13	8	3	10	6	5	10
ENSG00000155448	2372	817	722	838	1931	827	624	748
ENSG00000187470	175	273	164	191	219	155	179	204
ENSG00000191048	536	957	384	322	494	381	485	556
ENSG00000112901	110	90	99	137	85	100	90	53
ENSG00000181095	39	36	44	26	34	29	33	46
ENSG00000116647	39	42	38	24	45	28	30	46
ENSG00000140500	206	246	392	366	274	462	152	412
ENSG00000183242	979	878	829	781	361	1131	784	904
ENSG00000171020	182	509	353	408	561	187	581	442
ENSG00000101187	338	723	389	548	285	634	717	890
ENSG00000218836	1422	1627	2135	1233	1409	1996	1319	791
ENSG00000164874	780	183	1108	181	514	124	469	220
ENSG00000217229	1160	1601	1137	1092	1943	1241	1336	1115
ENSG00000172858	955	997	1048	1327	1288	900	1832	2360
ENSG00000113803	559	270	238	239	255	295	174	251
ENSG00000124388	168	93	112	156	101	103	102	223
ENSG00000179920	41	25	55	56	65	99	51	38
ENSG00000193752	31	18	28	13	29	21	48	10
ENSG00000223118	13	2	1	1	5	4	2	5
ENSG00000119323	1587	2166	2040	2690	2038	1805	2403	2303
ENSG00000150174	111	83	129	120	127	106	119	147
ENSG00000184815	95	24	77	44	135	73	83	40
ENSG00000227859	2585	3294	3673	3870	4145	3912	3719	1531
ENSG00000162124	1128	1105	1661	869	1843	804	960	1936
ENSG00000216192	249	87	212	180	252	167	52	132
ENSG00000148781	679	831	1498	905	1181	1129	1770	1954
ENSG00000152023	323	111	129	118	167	134	124	132
ENSG00000125464	873	509	1033	154	1065	345	478	293
ENSG00000237092	3526	8838	6312	7818	6074	7126	4388	3248
ENSG00000101416	1847	2510	2191	1115	545	1041	1229	864
ENSG00000100280	96	95	111	136	79	122	120	133
ENSG00000226457	406	780	693	737	653	868	591	665
ENSG00000118059	1461	605	2283	1553	2304	1746	1148	2094
ENSG00000127258	104	157	146	110	79	139	116	190
ENSG00000128928	86	116	36	60	58	59	47	53
ENSG00000148854	5587	2892	7781	9846	5472	5220	8736	6511
ENSG00000202671	32	93	66	61	111	62	110	90
ENSG00000181710	12	12	7	23	11	11	12	9
ENSG00000212475	336	144	242	171	209	208	255	178
ENSG00000186156	15546	16065	20968	17673	21387	23704	16049	7936
ENSG00000191675	782	815	429	703	784	640	577	773
ENSG00000134684	774	1018	1140	923	957	1373	1094	887
ENSG00000188405	3	4	2	0	1	4	1	2
ENSG00000209497	59	92	39	52	70	80	54	55
ENSG00000189449	3035	2445	2947	2721	1766	1652	1366	2249
ENSG00000221449	161	79	127	68	171	49	115	93
ENSG00000114160	1633	2531	2395	2933	2384	2186	3427	2783
ENSG00000112535	704	581	492	361	437	680	438	502
ENSG00000235275	847	513	734	351	728	217	873	405
ENSG00000152294	8585	2075	3838	5897	5566	3702	4538	7271
ENSG00000214982	103	87	75	72	70	122	66	72
ENSG00000179806	57	112	46	78	102	28	67	90
ENSG00000220882	280	187	511	241	675	108	747	220
ENSG00000180660	527	216	592	318	433	290	832	247
ENSG00000190111	6	6	1	6	7	7	7	12
ENSG00000109001	1401	2368	3432	1798	2936	2702	1746	3062
ENSG00000147789	367	215	423	270	359	327	191	376
ENSG00000104290	107	168	145	227	101	149	250	188
ENSG00000238231	874	701	473	385	590	756	811	494
ENSG00000123943	51	108	85	87	102	69	115	101
ENSG00000212661	4433	3096	6477	1220	5408	1559	6401	2830
ENSG00000198105	243	253	181	216	116	195	199	236
ENSG00000217580	761	354	583	1273	644	1090	652	603
ENSG00000148647	23	41	23	54	40	35	20	24
ENSG00000163061	217	124	152	98	72	124	108	81
ENSG00000244441	664	325	647	401	459	522	379	408
ENSG00000156176	22	41	43	25	26	24	37	17
ENSG00000164572	44	58	31	50	45	40	36	52
ENSG00000128038	318	149	170	149	164	209	140	146
ENSG00000149770	772	954	1587	2639	2556	1513	1805	1393
ENSG00000206652	625	992	815	664	806	1141	528	970
ENSG00000145439	1582	967	871	1205	840	729	1094	1208
ENSG00000205783	315	444	264	299	423	440	412	338
ENSG00000200935	907	1228	1402	535	1341	1512	1060	1745
ENSG00000184588	2830	4826	4655	8875	4867	2677	2917	4738
ENSG00000240088	236	369	377	221	197	162	385	129
ENSG00000156267	402	462	297	436	162	297	611	428
ENSG00000175264	454	504	888	539	974	339	539	624
ENSG00000210164	2	0	3	3	3	6	0	3
ENSG00000167173	573	211	322	103	261	154	255	179
ENSG00000118193	618	413	360	487	261	396	460	578
ENSG00000156462	1442	963	2560	660	1610	1322	2015	943
ENSG00000169251	109	79	54	56	96	69	99	75
ENSG00000136550	1996	1426	1986	1567	951	1552	1012	700
ENSG00000202080	40	24	101	69	59	65	77	48
ENSG00000142687	79	128	111	139	61	198	143	114
ENSG00000237546	10982	4820	2699	3484	6971	6617	3015	6392
ENSG00000237984	14	7	11	22	13	12	10	7
ENSG00000209553	158	166	77	180	237	152	96	172
ENSG00000144674	141	155	228	133	133	103	159	103
ENSG00000184587	120	137	189	127	220	126	152	142
ENSG00000144240	150	41	96	37	131	53	136	67
ENSG00000164004	515	709	510	592	1043	1101	533	983
ENSG00000101628	27	22	16	13	19	39	15	15
ENSG00000236888	10	21	13	11	9	10	12	14
ENSG00000184724	361	521	285	547	332	208	656	786
ENSG00000106953	13	13	20	19	14	30	9	19
ENSG00000104633	440	319	152	526	450	496	691	469
ENSG00000120657	194	193	242	270	209	225	182	208
ENSG00000165274	48	40	9	54	33	60	23	57
ENSG00000227267	60	44	60	99	60	64	70	92
ENSG00000132017	93	79	161	105	217	152	75	151
ENSG00000224913	393	246	596	128	161	390	357	312
ENSG00000190391	36	50	38	51	61	46	45	27
ENSG00000102831	106	108	135	109	79	81	164	106
ENSG00000104598	9	10	17	12	22	13	11	11
ENSG00000186735	63	71	127	67	122	42	107	153
ENSG00000122185	5	4	2	8	10	4	2	5
ENSG00000123250	150	115	73	64	181	173	230	147
ENSG00000155834	78	66	65	28	38	65	74	63
ENSG00000141232	12096	9430	8852	10369	7958	4803	19144	11100
ENSG00000179424	2544	2340	2438	1790	2260	1350	1936	1555
ENSG00000158098	67	124	190	69	162	119	120	90
ENSG00000114559	623	1477	1018	2358	865	1060	911	1135
ENSG00000176199	327	330	235	218	199	414	227	141
ENSG00000242337	27	19	15	8	16	23	37	9
ENSG00000208022	0	2	2	1	4	1	1	0
ENSG00000249172	1997	1431	1609	777	908	1436	2427	1215
ENSG00000162392	299	242	359	409	313	273	278	403
ENSG00000230854	6	1	6	3	3	4	8	8
ENSG00000154100	915	467	569	538	823	574	506	691
ENSG00000239803	1360	854	890	304	642	984	978	1666
ENSG00000247446	27	60	30	29	28	45	28	65
ENSG00000155249	675	414	805	495	1807	753	289	567
ENSG00000239191	4	3	5	7	1	1	2	4
ENSG00000169557	97	87	98	100	101	180	162	77
ENSG00000213896	201	187	90	111	264	210	207	220
ENSG00000194169	758	807	835	636	754	574	708	739
ENSG00000105768	376	352	351	330	284	258	372	294
ENSG00000129722	335	341	371	234	207	231	248	303
ENSG00000166180	552	547	511	435	512	662	519	437
ENSG00000152127	66	36	79	38	103	37	163	41
ENSG00000203236	2798	2342	3513	2471	4945	1625	3743	2610
ENSG00000184031	120	63	71	75	95	97	63	52
ENSG00000179446	514	704	802	919	795	1346	776	845
ENSG00000122525	158	220	109	133	120	112	166	150
ENSG00000165178	117	46	121	67	101	79	94	147
ENSG00000131542	543	492	594	374	500	794	713	293
ENSG00000165336	256	438	468	394	226	439	349	413
ENSG00000236540	3086	1719	1643	1770	1937	3481	1791	3697
ENSG00000161650	1530	1969	1681	907	1674	1312	1087	1275
ENSG00000196569	68	75	55	42	55	54	25	52
ENSG00000116163	268	492	484	480	574	523	316	439
ENSG00000226006	456	300	486	191	209	174	295	218
ENSG00000225211	78	44	81	52	69	25	96	18
ENSG00000205627	10	12	14	26	9	15	16	9
ENSG00000179091	300	334	283	300	187	257	234	178
ENSG00000176556	56	26	97	38	79	71	31	55
ENSG00000239039	16	26	10	29	4	13	8	21
ENSG00000242607	101	112	284	60	150	109	54	112
ENSG00000120669	327	289	136	274	416	180	421	380
ENSG00000119362	482	247	311	197	227	144	358	153
ENSG00000115569	15	18	19	12	6	15	6	16
ENSG00000172827	40	41	20	23	46	34	34	26
ENSG00000189542	2347	2295	4612	3689	2768	1744	1485	2171
ENSG00000122895	27	34	54	31	33	37	40	30
ENSG00000168602	84	39	156	120	87	100	76	64
ENSG00000104885	18467	10733	14963	14384	16797	12823	14584	16658
ENSG00000209059	228	269	141	281	523	340	392	293
ENSG00000193768	88	41	32	46	36	36	47	46
ENSG00000213486	8	7	2	2	7	3	4	1
ENSG00000220200	327	182	207	194	326	265	307	319
ENSG00000107347	15	20	10	7	16	16	7	4
ENSG00000127185	137	131	105	174	152	103	193	189
ENSG00000182736	24	28	12	12	31	16	16	34
ENSG00000181354	6	7	6	5	7	4	8	7
ENSG00000113666	4685	4106	4141	3502	2364	2335	2151	2531
ENSG00000185128	137	103	211	164	124	108	109	165
ENSG00000188820	1187	518	1005	984	969	833	1065	1200
ENSG00000162039	984	596	1106	909	918	797	814	520
ENSG00000190542	63	24	35	18	68	43	24	33
ENSG00000241289	315	208	240	255	105	155	144	193
ENSG00000110404	105	90	63	46	44	104	44	67
ENSG00000102320	781	780	889	1095	1224	618	1190	950
ENSG00000219943	258	334	125	306	242	286	270	444
ENSG00000239361	64	106	72	90	90	53	38	104
ENSG00000190927	4092	7794	5407	5793	3776	4583	6436	4888
ENSG00000147684	1279	364	883	629	720	385	1156	428
ENSG00000184544	474	464	374	393	373	492	215	490
ENSG00000146875	62	29	19	31	21	17	25	21
ENSG00000152763	746	345	553	199	921	369	490	314
ENSG00000171758	6	21	7	9	6	7	9	5
ENSG00000243823	526	299	612	288	251	350	281	235
ENSG00000178824	13	15	14	16	24	30	10	15
ENSG00000236462	203	259	222	253	138	331	205	231
ENSG00000136746	40	67	148	75	70	101	55	90
ENSG00000225644	236	388	214	147	245	252	247	209
ENSG00000238200	223	294	307	265	331	257	367	236
ENSG00000171546	33	103	152	121	83	80	225	125
ENSG00000163138	89	104	86	109	116	101	122	131
ENSG00000152755	6	7	9	11	6	3	12	9
ENSG00000206660	1	5	3	5	2	3	1	2
ENSG00000182489	2341	1257	1152	2116	2896	1547	2213	1932
ENSG00000158559	653	382	787	419	404	738	224	394
ENSG00000154027	7	5	2	9	6	9	12	7
ENSG00000149352	8496	7090	5122	5071	7537	8446	8398	7206
ENSG00000213803	14	31	57	34	42	23	32	47
ENSG00000125200	352	284	379	397	372	492	252	517
ENSG00000157217	274	458	357	280	348	385	277	255
ENSG00000219730	86	128	186	220	142	85	249	134
ENSG00000121100	582	280	693	643	378	657	391	1185
ENSG00000100666	17	11	14	13	10	15	13	3
ENSG00000239654	172	175	72	258	137	159	167	130
ENSG00000212559	183	96	147	59	183	86	125	112
ENSG00000125616	186	274	252	66	207	81	148	226
ENSG00000171328	68	112	117	46	87	157	122	104
ENSG00000232992	31	28	44	35	32	33	31	36
ENSG00000205670	31	26	31	20	30	10	11	27
ENSG00000245828	781	1148	855	1035	1091	795	1333	525
ENSG00000249274	38	26	60	9	50	24	46	42
ENSG00000177143	297	242	259	405	299	417	223	272
ENSG00000109695	402	213	286	173	336	190	384	220
ENSG00000249518	90	110	141	117	91	142	85	88
ENSG00000219435	320	239	318	182	378	332	396	161
ENSG00000185418	498	356	499	603	607	424	373	577
ENSG00000163762	134	23	79	39	96	38	115	46
ENSG00000208708	183	168	302	273	153	264	411	259
ENSG00000224169	3285	10491	13261	5523	9441	6301	7384	5291
ENSG00000214642	43	14	43	8	19	13	16	14
ENSG00000219572	94	51	103	93	95	79	99	70
ENSG00000230808	51	18	33	27	71	34	40	36
ENSG00000198463	4671	8406	7110	5496	6399	6711	9255	6468
ENSG00000209790	7	10	8	14	9	5	10	8
ENSG00000124035	94	127	238	111	106	320	98	78
ENSG00000207704	544	1258	913	1016	839	686	1011	710
ENSG00000191311	32	34	39	30	13	27	26	36
ENSG00000247552	127	103	85	109	178	79	73	159
ENSG00000182074	44	30	17	15	34	30	30	30
ENSG00000173329	7	9	16	20	22	6	16	9
ENSG00000112061	52	85	115	169	135	108	127	89
ENSG00000222436	236	259	333	423	402	227	371	677
ENSG00000228457	73	117	51	76	76	36	78	58
ENSG00000134449	343	146	302	310	231	226	245	186
ENSG00000246810	474	544	477	741	682	352	346	838
ENSG00000128763	3284	1706	3108	1678	3959	1941	3815	1131
ENSG00000150023	17	10	13	5	22	21	7	23
ENSG00000213166	864	268	1898	303	326	501	913	525
ENSG00000239220	47	31	35	46	45	26	10	50
ENSG00000189550	0	2	6	3	2	2	1	6
ENSG00000208896	48	26	19	31	25	20	26	43
ENSG00000196083	1032	576	882	650	591	314	593	855
ENSG00000187048	216	265	546	136	1069	328	665	350
ENSG00000145492	16	14	20	19	40	12	7	19
ENSG00000154930	3376	2751	1963	3570	4252	3626	3957	3127
ENSG00000185462	266	275	422	374	290	258	293	293
ENSG00000243234	153	169	122	171	174	97	110	98
ENSG00000233419	39	65	40	44	30	63	46	90
ENSG00000245635	393	360	234	389	648	371	161	379
ENSG00000187721	40	55	69	62	64	70	51	42
ENSG00000234271	833	1112	1799	1129	2103	1190	1551	1584
ENSG00000135728	161	340	198	382	477	299	239	344
ENSG00000142070	364	400	558	609	315	775	407	413
ENSG00000212714	116	85	123	107	159	46	34	45
ENSG00000190283	5	6	8	8	10	5	7	4
ENSG00000136997	261	302	283	245	421	230	506	412
ENSG00000188102	26	12	12	15	15	16	21	23
ENSG00000109818	122	169	125	139	153	156	129	67
ENSG00000148312	192	153	192	212	200	127	110	260
ENSG00000180007	33	39	40	32	46	50	32	36
ENSG00000105565	882	1351	476	518	512	1453	786	714
ENSG00000140392	6	3	4	15	9	11	10	10
ENSG00000221845	2360	1144	4310	2741	2429	1413	2158	2076
ENSG00000141495	39	43	10	15	31	51	38	42
ENSG00000163176	574	1279	616	1392	1610	986	554	1464
ENSG00000141522	1782	1314	1721	1726	2885	2268	1345	2235
ENSG00000214288	24	19	9	30	17	28	24	19
ENSG00000108332	18	42	22	27	40	35	29	17
ENSG00000203815	1576	675	1478	982	775	1072	1279	632
ENSG00000155240	291	212	255	255	176	273	214	217
ENSG00000138961	248	133	186	202	345	180	95	196
ENSG00000238786	3	4	3	4	1	0	3	3
ENSG00000174786	3	5	2	9	10	5	9	8
ENSG00000223095	304	417	488	435	371	566	199	416
ENSG00000108471	1815	2062	2184	2948	2065	2194	1901	2286
ENSG00000188693	32	19	25	54	52	40	26	37
ENSG00000237685	25	14	27	26	43	30	34	22
ENSG00000113528	201	174	273	372	149	208	268	284
ENSG00000152597	342	414	328	275	496	458	319	313
ENSG00000222480	355	565	596	566	467	476	548	507
ENSG00000163079	48	58	97	48	30	44	63	74
ENSG00000188193	4	4	4	1	3	1	1	2
ENSG00000113348	2653	3041	2103	3971	2725	2591	2945	3872
ENSG00000162355	41	32	41	61	64	70	41	56
ENSG00000177011	1358	2113	1491	1168	1321	1173	1507	2954
ENSG00000132055	1	2	1	3	2	1	9	1
ENSG00000222154	328	400	491	303	511	344	394	283
ENSG00000235508	36	42	45	48	70	46	60	71
ENSG00000145790	22	19	7	11	16	18	6	17
ENSG00000141894	896	1118	920	1250	1344	1289	976	737
ENSG00000208898	2145	1291	1581	2799	2198	1627	1217	1507
ENSG00000159051	23	27	69	60	41	47	44	43
ENSG00000119521	331	585	333	439	532	551	911	437
ENSG00000104967	23	15	20	14	12	8	16	20
ENSG00000234773	51	49	68	49	55	58	33	47
ENSG00000205310	88	142	42	97	86	52	80	39
ENSG00000137415	67	102	64	146	54	82	78	37
ENSG00000111680	1407	541	975	209	1548	404	1363	341
ENSG00000238636	22	20	13	18	11	15	15	8
ENSG00000119894	495	990	694	1494	1257	1309	1454	560
ENSG00000131991	1189	1227	969	973	899	862	1256	893
ENSG00000237353	222	56	171	74	167	62	194	121
ENSG00000175568	20	15	12	10	15	8	18	20
ENSG00000129675	0	0	1	1	1	1	1	0
ENSG00000192908	82	67	111	108	127	113	88	89
ENSG00000207405	46	13	9	26	40	28	34	27
ENSG00000170905	154	191	155	143	142	94	219	96
ENSG00000131920	17	18	24	22	11	12	20	17
ENSG00000211893	182	154	213	73	183	137	59	138
ENSG00000207703	229	166	251	124	217	44	269	97
ENSG00000165460	139	127	212	114	150	92	180	188
ENSG00000106167	228	467	327	314	192	187	301	135
ENSG00000192478	320	323	212	153	310	417	240	162
ENSG00000238422	349	747	345	810	1112	855	668	1137
ENSG00000249243	28	11	48	30	24	54	39	34
ENSG00000129244	402	880	390	564	575	550	899	682
ENSG00000199763	132	107	210	159	178	132	80	153
ENSG00000130079	55	81	82	102	71	53	87	82
ENSG00000170314	16	20	13	24	26	48	29	21
ENSG00000221660	2756	3593	4459	3648	4168	3891	1793	2642
ENSG00000153941	184	159	242	195	130	427	161	296
ENSG00000186233	64	49	45	59	80	63	43	56
ENSG00000217373	124	82	124	157	92	153	130	199
ENSG00000186673	182	219	283	126	301	146	258	122
ENSG00000122140	67	42	66	38	45	55	27	55
ENSG00000141828	6	8	11	17	7	17	11	7
ENSG00000153425	118	245	108	90	161	226	237	169
ENSG00000144138	91	80	126	120	96	117	110	128
ENSG00000173753	50	73	82	114	103	49	68	85
ENSG00000245251	1621	865	726	1386	1156	857	1285	757
ENSG00000240672	8	10	28	4	3	14	11	19
ENSG00000194527	21	28	20	15	20	13	23	25
ENSG00000217368	212	149	201	214	206	107	178	234
ENSG00000107727	672	778	1536	757	870	850	1020	877
ENSG00000178148	386	270	434	373	544	756	309	410
ENSG00000137949	633	335	686	763	815	501	828	706
ENSG00000167891	0	0	2	4	3	2	6	1
ENSG00000133669	685	216	1039	431	765	199	667	435
ENSG00000198222	305	308	464	313	241	186	417	175
ENSG00000219591	437	348	497	600	362	346	689	366
ENSG00000198451	20	22	24	25	63	33	57	44
ENSG00000143364	287	453	188	262	170	279	314	403
ENSG00000228243	1158	735	1197	868	1428	1023	720	880
ENSG00000194990	8950	2321	6411	3584	10990	2959	12953	4413
ENSG00000114600	282	231	202	241	287	402	217	170
ENSG00000177987	8	10	17	8	9	5	14	7
ENSG00000117866	183	154	164	181	124	152	179	204
ENSG00000157760	504	536	288	537	576	409	600	769
ENSG00000205616	393	408	471	446	536	526	306	253
ENSG00000116911	4002	2412	5599	7313	5464	8619	8017	8604
ENSG00000189263	102	101	102	84	86	109	158	164
ENSG00000171095	28	18	16	7	27	23	13	12
ENSG00000222958	39	35	16	61	28	56	65	33
ENSG00000219052	568	638	363	557	481	738	753	343
ENSG00000244533	32	39	36	26	26	43	21	26
ENSG00000225404	14	19	18	11	16	25	10	26
ENSG00000237711	24	31	36	14	35	14	38	24
ENSG00000159999	1638	1621	1545	1416	1708	366	1137	1717
ENSG00000100133	254	264	130	243	341	168	248	297
ENSG00000233647	205	64	136	45	142	54	207	61
ENSG00000222119	1494	656	2036	695	792	1104	1962	735
ENSG00000159471	505	361	509	464	411	356	586	689
ENSG00000110421	36	20	30	17	29	14	12	20
ENSG00000131018	980	918	1176	449	1052	444	954	757
ENSG00000109361	140	347	155	197	222	213	309	295
ENSG00000198400	2	2	2	1	0	2	4	3
ENSG00000235839	16	18	14	18	12	14	3	25
ENSG00000236231	287	355	213	256	306	241	177	262
ENSG00000232993	418	361	331	309	365	276	344	342
ENSG00000112043	94	132	39	123	63	82	97	108
ENSG00000197796	28	26	16	35	24	27	21	28
ENSG00000150160	292	209	240	75	102	282	177	467
ENSG00000186565	0	6	5	3	5	1	1	5
ENSG00000205071	539	417	369	654	303	414	608	519
ENSG00000180921	56	178	86	114	84	166	95	169
ENSG00000198270	150	90	81	146	167	129	84	99
ENSG00000236183	58	73	40	69	44	34	52	33
ENSG00000245026	760	608	658	463	854	619	441	514
ENSG00000199506	2	1	0	2	2	1	2	1
ENSG00000140052	40	20	24	23	7	31	23	26
ENSG00000188637	361	414	641	295	463	152	326	347
ENSG00000136207	49	43	40	37	39	36	31	45
ENSG00000222873	2392	3517	2245	3296	958	1817	2873	3731
ENSG00000101992	272	393	312	300	270	391	493	457
ENSG00000129410	46	48	41	39	48	39	55	30
ENSG00000103033	1134	1524	1592	740	1153	1798	1417	1264
ENSG00000211488	98	91	167	169	90	53	129	52
ENSG00000219004	669	421	706	343	1568	807	1095	504
ENSG00000247306	48	41	46	53	30	20	41	52
ENSG00000132083	35	38	57	35	74	40	47	25
ENSG00000133311	515	819	345	552	910	910	545	486
ENSG00000161210	348	397	134	220	230	124	165	148
ENSG00000213753	41	41	55	24	21	27	40	52
ENSG00000143067	20	8	13	28	39	42	15	16
ENSG00000154317	619	1035	291	518	555	371	511	565
ENSG00000172972	4718	4991	3958	5701	4427	3452	5378	3269
ENSG00000219464	35	14	35	34	8	21	29	21
ENSG00000234585	665	729	822	460	796	799	459	436
ENSG00000134077	0	2	0	0	0	0	1	1
ENSG00000239300	19	3	19	11	4	15	12	9
ENSG00000205194	771	1115	573	352	698	580	557	518
ENSG00000103553	7365	2499	4363	3309	7352	4540	6162	3998
ENSG00000103760	182	97	123	208	93	134	203	197
ENSG00000211604	617	340	412	426	667	228	337	439
ENSG00000161797	273	314	228	155	305	286	344	249
ENSG00000234430	743	2147	1315	767	1458	1240	1654	796
ENSG00000199879	5	10	16	25	15	21	11	29
ENSG00000185185	1080	430	1640	489	749	484	1113	678
ENSG00000214200	80	47	65	81	145	51	40	74
ENSG00000249676	103	83	112	74	76	69	50	77
ENSG00000115327	95	234	146	141	138	213	94	185
ENSG00000173880	108	120	89	63	61	100	83	162
ENSG00000213413	19	9	26	37	50	52	48	46
ENSG00000120679	202	107	86	77	106	135	105	148
ENSG00000158680	24	15	24	25	15	24	36	17
ENSG00000247741	2235	2837	4266	3145	2257	4931	2806	2782
ENSG00000178447	788	317	753	306	558	737	860	474
ENSG00000128526	80	94	50	87	103	76	43	78
ENSG00000171507	2225	3179	1870	2910	3709	2678	5855	2192
ENSG00000241716	2060	2072	2843	3230	5132	1393	4391	2797
ENSG00000249794	497	384	785	450	985	427	765	719
ENSG00000216028	60	45	68	78	92	60	8	62
ENSG00000160904	450	317	478	292	381	395	375	314
ENSG00000148084	571	355	496	301	445	384	732	187
ENSG00000139158	3121	3228	3258	1859	2400	1865	1766	1570
ENSG00000129340	63	97	118	134	157	53	85	63
ENSG00000225225	94	47	36	28	69	66	35	87
ENSG00000188106	18481	12636	15729	9471	13060	13698	9219	18415
ENSG00000153503	1596	3678	2748	1674	2872	3790	1375	3199
ENSG00000107119	411	161	88	242	398	245	402	374
ENSG00000244214	49	23	57	21	62	21	63	16
ENSG00000129279	387	209	400	401	732	566	415	402
ENSG00000203708	493	1978	2195	1072	1872	1343	749	1908
ENSG00000174708	387	475	773	479	819	557	463	731
ENSG00000199144	591	608	327	900	1383	954	786	458
ENSG00000137720	138	143	138	174	177	228	184	168
ENSG00000204915	1464	1329	1172	1421	1241	1187	1575	1274
ENSG00000109086	43	47	35	33	30	45	36	28
ENSG00000199987	35	54	34	45	104	113	81	83
ENSG00000144911	148	42	214	38	72	50	73	71
ENSG00000192456	52	22	35	15	61	38	38	36
ENSG00000215554	11334	6539	19084	13785	8226	5432	8034	9045
ENSG00000158459	3	4	6	8	4	10	8	5
ENSG00000199981	273	135	166	113	271	316	323	208
ENSG00000191206	34	35	29	20	14	26	20	28
ENSG00000229181	11	17	10	9	11	23	23	15
ENSG00000249943	140	175	221	206	197	194	181	162
ENSG00000157747	11	5	2	10	8	4	3	14
ENSG00000108621	216	105	189	196	368	91	332	95
ENSG00000235134	8961	14062	16549	12425	11321	12023	13855	15473
ENSG00000199030	137	124	141	113	119	87	169	319
ENSG00000112352	361	265	396	398	528	369	607	371
ENSG00000130467	39	41	26	28	21	17	18	34
ENSG00000178313	494	382	302	540	400	589	457	315
ENSG00000222118	4	8	6	7	12	3	12	8
ENSG00000229173	235	222	208	335	231	300	215	273
ENSG00000125963	85	233	69	81	108	179	126	124
ENSG00000165367	5746	9007	10250	9922	11726	6610	16369	16231
ENSG00000219823	149	147	107	189	139	100	167	150
ENSG00000177364	87	47	97	86	93	65	73	46
ENSG00000205585	50	53	63	22	73	58	44	55
ENSG00000179390	11	11	7	4	17	12	21	30
ENSG00000130398	918	787	731	1047	789	1166	775	769
ENSG00000109969	3519	4017	3201	4458	2238	3112	3811	3916
ENSG00000210159	27	44	53	51	68	47	56	49
ENSG00000168803	683	355	455	556	600	534	496	202
ENSG00000215877	84	67	38	79	32	83	81	83
ENSG00000187155	375	362	476	517	251	295	254	254
ENSG00000196003	421	340	349	585	300	757	707	342
ENSG00000133552	4	6	13	9	11	10	1	6
ENSG00000161284	22	19	42	20	22	38	43	32
ENSG00000150344	963	830	506	922	856	1105	972	1423
ENSG00000145267	1	5	3	2	2	3	1	4
ENSG00000204729	117	137	139	49	153	117	186	109
ENSG00000212958	100	88	61	119	113	56	54	60
ENSG00000192155	36	12	47	30	8	20	18	20
ENSG00000235960	209	237	255	159	204	227	154	117
ENSG00000163205	191	187	302	287	137	355	134	312
ENSG00000238601	574	422	540	412	492	448	254	380
ENSG00000165714	0	1	1	1	0	1	0	2
ENSG00000146004	3233	3024	3679	7367	2164	5434	3193	2998
ENSG00000178027	39	46	37	49	54	40	82	68
ENSG00000138338	927	1268	1261	1402	1180	782	971	1028
ENSG00000175971	107	82	241	87	287	55	281	117
ENSG00000248113	25	80	60	35	63	27	62	48
ENSG00000200732	483	132	202	133	200	224	209	195
ENSG00000217862	42439	22901	52266	85601	72557	38823	36989	45452
ENSG00000106134	2296	2707	2733	2121	3115	2220	3542	6750
ENSG00000229088	38	78	51	97	87	74	39	39
ENSG00000248528	326	268	244	207	513	183	406	105
ENSG00000132296	1832	1647	2187	1423	1414	1600	1733	1262
ENSG00000192305	443	423	354	411	330	480	588	342
ENSG00000146780	214	143	208	260	162	265	185	144
ENSG00000113448	147	155	113	120	67	129	204	68
ENSG00000248348	9	15	29	25	16	29	20	22
ENSG00000230341	817	917	656	434	293	864	777	629
ENSG00000247284	1492	2376	1245	1479	1642	1592	495	1044
ENSG00000130095	16645	22345	12910	12074	11880	18863	16092	7584
ENSG00000240637	39	68	61	48	70	37	50	32
ENSG00000222955	890	425	447	676	638	474	514	510
ENSG00000144693	275	182	197	184	146	211	194	75
ENSG00000241258	7400	1164	2963	1521	2682	1739	3718	1753
ENSG00000223635	143	110	112	94	102	188	139	132
ENSG00000118993	43	28	33	24	34	46	55	24
ENSG00000141224	3	7	6	5	5	0	2	5
ENSG00000154080	689	1332	744	509	753	601	572	820
ENSG00000110266	245	139	179	397	179	210	131	113
ENSG00000244972	2030	915	1799	1397	855	1432	1851	1190
ENSG00000161750	34	65	47	45	31	55	32	27
ENSG00000141641	63445	31033	38768	21541	67036	30190	60424	28922
ENSG00000217502	63	43	122	42	73	22	94	20
ENSG00000167784	789	616	1088	215	1039	594	784	440
ENSG00000109590	254	290	331	368	376	258	164	439
ENSG00000157438	1025	2334	1485	1313	828	1448	1155	640
ENSG00000156586	125	52	241	38	137	119	177	80
ENSG00000148442	76	16	37	11	79	23	52	22
ENSG00000142425	16	25	13	20	30	20	10	18
ENSG00000164515	815	744	490	488	465	649	858	494
ENSG00000121095	241	149	148	169	136	146	131	270
ENSG00000166924	487	241	205	389	398	277	303	268
ENSG00000179908	41	22	34	41	51	36	20	28
ENSG00000121970	87	153	307	273	192	245	54	291
ENSG00000168145	268	136	170	183	190	340	110	161
ENSG00000195602	503	525	570	271	563	562	391	518
ENSG00000150406	2	12	11	3	3	12	10	8
ENSG00000229862	99	33	86	29	78	43	52	29
ENSG00000228821	4634	4011	2421	4232	5483	5339	2820	4792
ENSG00000191229	112	40	93	15	74	50	72	62
ENSG00000231641	129	52	183	267	76	84	126	137
ENSG00000240602	101	54	132	62	141	46	93	91
ENSG00000143539	6	10	7	7	5	9	3	8
ENSG00000144143	32	15	11	9	30	14	9	10
ENSG00000183473	218	171	370	350	265	215	301	245
ENSG00000249849	72	27	46	42	69	30	39	51
ENSG00000108417	8889	16219	8469	7853	7456	9867	5521	5704
ENSG00000175729	16	8	7	10	27	5	19	8
ENSG00000123366	2	2	2	3	0	3	3	4
ENSG00000232423	62	76	53	80	56	21	65	81
ENSG00000101381	16	9	8	5	8	5	9	13
ENSG00000235022	4586	2794	6542	2246	2779	4085	4674	1969
ENSG00000114666	69	81	81	35	61	65	39	71
ENSG00000190953	731	433	316	451	500	258	281	374
ENSG00000164042	9	3	15	8	4	14	9	7
ENSG00000151200	267	1180	641	711	522	552	655	731
ENSG00000208990	882	450	1550	244	1255	405	970	374
ENSG00000192245	4045	1975	4040	1395	6618	1579	4771	1565
ENSG00000100443	100	146	328	258	114	230	129	253
ENSG00000170379	387	461	481	709	632	428	145	605
ENSG00000198065	223	185	152	171	277	109	211	237
ENSG00000234297	997	726	843	1020	932	546	1164	1093
ENSG00000178113	78	43	49	70	57	46	78	81
ENSG00000115972	262	539	766	503	390	272	203	359
ENSG00000187763	28	57	34	52	47	59	56	38
ENSG00000132529	858	528	705	612	760	548	675	811
ENSG00000222179	65	120	84	141	57	64	132	81
ENSG00000145598	14	28	41	53	37	58	49	28
ENSG00000248172	51	30	50	22	37	56	41	36
ENSG00000150795	2578	2580	2791	1089	2860	2534	1896	3487
ENSG00000208782	3	7	8	7	4	2	6	3
ENSG00000124054	9	6	8	10	9	6	11	8
ENSG00000177523	449	506	425	695	490	489	519	438
ENSG00000192525	23	10	9	24	11	14	28	20
ENSG00000150297	67	64	68	42	65	49	72	44
ENSG00000100693	30	54	56	50	51	83	63	38
ENSG00000122747	14257	19108	15680	10729	13857	13713	17017	12903
ENSG00000184884	47	15	29	45	38	24	50	23
ENSG00000202793	43	26	57	22	27	47	46	21
ENSG00000125607	70	113	28	33	92	49	50	80
ENSG00000167423	346	263	223	326	222	262	361	350
ENSG00000148338	453	467	256	286	438	415	240	350
ENSG00000153608	6	9	12	5	10	4	10	4
ENSG00000169280	280	134	218	304	379	330	392	357
ENSG00000107660	6886	6784	8587	8778	7136	12542	6011	6867
ENSG00000222045	7	7	7	3	8	2	6	3
ENSG00000231692	331	263	248	402	461	265	341	159
ENSG00000180729	672	648	941	706	1155	444	1349	585
ENSG00000246491	155	225	193	244	92	187	184	215
ENSG00000244024	177	146	255	50	233	155	138	78
ENSG00000148466	2	2	1	1	0	1	1	2
ENSG00000152783	1568	1970	965	1981	570	1102	1832	1613
ENSG00000165431	144	63	227	41	151	53	98	54
ENSG00000108463	184	78	68	90	78	60	143	99
ENSG00000120003	2806	646	1355	1139	2615	2245	1570	2485
ENSG00000160725	1	0	0	0	2	0	2	0
ENSG00000196110	200	141	162	42	280	95	168	72
ENSG00000161483	411	258	627	421	558	456	455	283
ENSG00000100716	628	648	327	659	633	909	618	513
ENSG00000115335	236	494	359	617	473	283	376	524
ENSG00000191523	8418	5861	7418	12040	7724	13544	10270	6186
ENSG00000132418	302	173	272	296	438	199	265	223
ENSG00000192452	1129	947	1558	844	1352	997	1603	835
ENSG00000110189	513	660	562	438	870	589	354	850
ENSG00000211981	4	10	4	5	12	9	3	4
ENSG00000165439	45	29	46	21	50	44	33	22
ENSG00000165068	7834	4424	11099	6333	11378	9691	11048	8922
ENSG00000103184	205	130	164	49	167	41	137	108
ENSG00000197933	90	105	161	126	128	70	220	123
ENSG00000186447	11	15	5	21	9	11	10	4
ENSG00000158296	88	64	53	105	78	65	42	71
ENSG00000101915	16	4	11	4	15	11	37	6
ENSG00000247806	39	35	15	19	31	28	49	37
ENSG00000196809	358	340	420	545	838	642	429	452
ENSG00000119880	23	30	40	44	41	37	12	38
ENSG00000248916	42	57	35	42	26	47	39	35
ENSG00000184648	2359	2404	2105	2771	1028	2192	2350	1694
ENSG00000151275	164	450	441	359	508	341	455	373
ENSG00000130347	465	232	334	306	497	368	222	375
ENSG00000246116	990	706	1366	1268	749	1014	759	515
ENSG00000237696	36	34	18	67	50	47	18	49
ENSG00000216644	60	49	63	67	53	111	151	65
ENSG00000126089	5	1	2	2	4	3	4	0
ENSG00000144436	967	517	542	886	669	353	844	598
ENSG00000172632	104	63	92	209	96	175	78	228
ENSG00000197438	121	192	83	68	263	104	104	172
ENSG00000152048	17	24	11	14	9	29	8	9
ENSG00000186765	508	330	511	490	301	396	572	956
ENSG00000168261	440	626	571	561	479	362	539	367
ENSG00000122318	182	199	145	201	238	221	197	135
ENSG00000220321	5	3	5	9	15	2	5	14
ENSG00000119339	26	11	31	18	29	37	25	35
ENSG00000242576	268	128	182	113	119	101	142	63
ENSG00000214272	22	19	33	18	39	28	34	23
ENSG00000229093	201	365	293	353	226	448	308	487
ENSG00000160290	1215	1145	1028	708	634	891	394	1797
ENSG00000139455	34	40	27	26	17	34	34	24
ENSG00000244449	106	65	44	97	110	148	114	82
ENSG00000169623	25	46	39	29	48	48	48	35
ENSG00000207024	704	915	650	535	849	1770	665	830
ENSG00000208024	529	632	717	873	874	964	983	586
ENSG00000159636	24168	19648	21986	34099	35437	38338	19479	23019
ENSG00000245593	222	154	212	94	157	191	102	125
ENSG00000202013	23	28	17	27	26	15	19	27
ENSG00000110810	507	231	168	338	335	338	343	251
ENSG00000227775	52	76	167	98	86	94	60	118
ENSG00000219976	228	346	255	181	240	255	120	178
ENSG00000187858	2521	1410	1806	1902	1402	1258	968	3130
ENSG00000126280	55	30	113	82	67	36	77	120
ENSG00000227884	1049	347	1335	536	879	480	1460	505
ENSG00000114451	4	3	2	2	0	1	0	1
ENSG00000243822	2309	567	1187	1124	1184	1103	597	2058
ENSG00000123461	111	146	141	187	115	208	292	229
ENSG00000104795	101	60	109	128	122	82	87	80
ENSG00000233161	92	77	32	79	82	42	74	43
ENSG00000135837	3848	1456	3122	1658	2761	2217	2382	2512
ENSG00000218446	24	57	95	63	20	48	63	70
ENSG00000159602	1838	2384	1806	580	2999	2324	1772	1332
ENSG00000176819	43	41	31	61	47	33	36	45
ENSG00000193693	194	68	105	138	127	88	211	173
ENSG00000132351	406	144	244	265	323	354	347	305
ENSG00000157784	12662	10674	9339	10879	5492	7528	4790	4329
ENSG00000202483	207	378	324	207	314	184	253	186
ENSG00000224777	199	207	155	227	257	177	249	236
ENSG00000137340	282	118	331	104	258	62	250	118
ENSG00000191946	89	79	55	94	113	66	40	71
ENSG00000231975	55	64	77	38	63	32	39	16
ENSG00000154260	7757	6145	2846	2832	4824	8130	3616	2753
ENSG00000146340	2418	2074	2500	2385	2387	1071	3301	2331
ENSG00000131457	32	34	33	29	42	33	28	68
ENSG00000198190	261	158	111	184	241	156	220	340
ENSG00000235218	22	20	10	9	10	13	9	15
ENSG00000174195	2009	1713	2072	1566	1486	1294	1055	631
ENSG00000174800	938	690	826	738	465	829	812	480
ENSG00000190074	313	236	270	159	281	167	363	150
ENSG00000131559	18	11	25	20	44	35	19	23
ENSG00000189523	635	806	905	389	644	665	1067	713
ENSG00000145562	381	421	342	654	546	370	548	347
ENSG00000228321	118	102	139	124	171	113	68	115
ENSG00000209442	692	754	1115	317	271	742	296	227
ENSG00000245759	15	8	14	13	5	7	17	6
ENSG00000246927	20	76	41	35	40	54	54	58
ENSG00000201722	20	19	6	19	30	28	46	11
ENSG00000173517	364	160	343	147	593	188	464	335
ENSG00000113446	5979	1856	5781	3319	5184	3555	5797	3489
ENSG00000243278	268	110	214	262	135	209	148	177
ENSG00000195352	1457	1141	1854	1558	1339	1518	1624	2185
ENSG00000128402	139	113	278	131	131	207	207	140
ENSG00000151529	56	90	60	62	58	98	98	32
ENSG00000128785	1303	1323	1191	1252	890	888	637	1158
ENSG00000192769	284	578	670	260	509	324	711	473
ENSG00000229484	2365	3042	3245	2001	2919	2801	3447	3206
ENSG00000125582	2774	912	2172	1769	2634	1711	1620	1651
ENSG00000142211	31	18	22	23	22	18	14	71
ENSG00000130231	1	0	2	0	2	0	1	2
ENSG00000182068	162	230	311	112	187	259	245	115
ENSG00000124805	17	8	9	22	18	13	17	18
ENSG00000114498	8	2	12	10	9	8	8	13
ENSG00000145126	6	6	9	9	7	8	7	7
ENSG00000200869	55	29	66	35	90	60	76	55
ENSG00000143889	78	92	51	80	68	45	127	73
ENSG00000241627	160	74	252	159	123	95	253	127
ENSG00000131137	11319	5105	8490	6904	7821	4855	10098	5838
ENSG00000154793	25	23	14	16	8	10	20	9
ENSG00000227451	118	124	132	142	146	115	99	128
ENSG00000198107	11	12	12	12	9	18	5	15
ENSG00000197255	17	17	33	15	19	10	19	28
ENSG00000138640	81	188	221	153	227	207	246	179
ENSG00000136871	450	309	179	308	266	468	389	261
ENSG00000128789	7	9	4	10	6	16	13	10
ENSG00000150595	1012	2453	1005	1231	940	1833	1008	872
ENSG00000229504	49	27	51	17	36	12	44	22
ENSG00000159785	1901	751	1570	1420	794	1129	3472	1591
ENSG00000249659	68	76	105	82	164	125	138	224
ENSG00000180606	454	1070	1008	1049	1362	1060	1160	1106
ENSG00000130307	461	362	660	408	99	528	602	430
ENSG00000168759	88	91	65	49	54	90	108	92
ENSG00000190866	407	478	405	416	239	348	483	351
ENSG00000145513	4	9	10	19	13	13	2	9
ENSG00000130004	24	9	27	10	25	13	40	16
ENSG00000155305	82	74	58	46	40	48	120	45
ENSG00000151950	1943	1410	1448	2335	1340	1715	2006	2434
ENSG00000235456	43	18	36	35	18	37	61	20
ENSG00000174798	11	38	73	24	55	74	25	43
ENSG00000196246	2627	3712	2720	9177	2619	5000	3083	5857
ENSG00000218139	146	108	138	116	176	194	172	195
ENSG00000117112	67	291	142	178	125	221	146	83
ENSG00000221485	2	16	14	13	14	18	15	10
ENSG00000232538	167	173	105	170	107	141	130	259
ENSG00000234872	444	337	755	624	760	553	588	672
ENSG00000153907	178	188	171	87	135	137	64	110
ENSG00000111754	305	602	928	900	1509	501	813	779
ENSG00000134930	223	364	252	260	181	468	431	176
ENSG00000215519	1125	1227	1535	837	879	1764	1018	752
ENSG00000126492	582	378	472	826	554	1235	638	733
ENSG00000157235	123	98	116	102	74	111	80	145
ENSG00000134474	404	795	1390	1216	689	669	1304	980
ENSG00000228569	5759	3563	2817	4321	4905	7012	6830	5213
ENSG00000104254	389	339	218	268	192	385	204	278
ENSG00000104928	12	15	11	19	20	9	7	6
ENSG00000138710	210	268	247	332	120	227	231	271
ENSG00000156526	112	143	142	87	100	115	130	162
ENSG00000105318	13414	34682	28646	25265	16767	19501	35179	33145
ENSG00000203939	971	424	539	1227	580	334	610	543
ENSG00000244312	12	4	21	8	13	8	12	7
ENSG00000178808	94	230	64	175	92	67	114	55
ENSG00000142857	3085	3099	3200	1998	5132	4836	2506	1811
ENSG00000110943	12	12	6	9	5	22	22	21
ENSG00000201788	50	52	73	78	43	58	44	35
ENSG00000162948	115	102	215	155	151	161	110	207
ENSG00000118275	150	110	79	47	164	88	72	129
ENSG00000128781	77	20	43	42	32	54	34	34
ENSG00000210287	281	192	503	274	381	133	659	192
ENSG00000215336	9	15	13	6	3	8	8	10
ENSG00000227231	103	40	146	55	98	30	109	17
ENSG00000224703	93	73	34	55	42	23	40	58
ENSG00000203550	69	108	79	27	112	76	64	79
ENSG00000131013	45	96	96	52	54	90	42	135
ENSG00000215189	153	160	117	125	141	99	81	122
ENSG00000142230	66	60	48	49	39	66	46	68
ENSG00000140030	35	60	58	85	47	88	61	70
ENSG00000175015	612	305	531	314	761	312	780	325
ENSG00000193397	502	1004	855	780	941	1108	873	1072
ENSG00000115837	1422	1054	850	907	886	661	586	772
ENSG00000191304	22	14	22	19	16	13	14	4
ENSG00000106369	711	152	427	215	494	235	543	180
ENSG00000162560	269	433	750	560	727	653	510	544
ENSG00000166932	70	113	118	62	78	51	76	54
ENSG00000142424	355	406	429	474	388	372	452	183
ENSG00000151598	61	74	130	85	65	66	90	96
ENSG00000179042	266	261	240	363	273	443	426	286
ENSG00000133797	0	4	6	12	8	8	4	2
ENSG00000242048	661	546	476	309	580	418	411	582
ENSG00000203043	41	31	37	38	39	56	56	82
ENSG00000191889	35	45	40	33	18	33	36	22
ENSG00000196756	60	67	89	98	54	123	91	66
ENSG00000137147	732	1298	1056	851	885	1009	929	745
ENSG00000175017	791	1074	1274	813	1136	1062	775	948
ENSG00000151623	406	273	235	201	239	84	188	252
ENSG00000107628	1168	1112	773	675	900	698	1672	1012
ENSG00000169150	31	58	33	35	47	60	74	70
ENSG00000141463	16	8	11	10	12	14	12	19
ENSG00000241064	3	4	4	2	2	5	9	0
ENSG00000231954	153	123	113	165	125	71	80	116
ENSG00000204389	115	101	158	157	65	91	82	37
ENSG00000126668	132	200	154	203	194	180	190	232
ENSG00000213226	233	232	137	226	239	76	243	176
ENSG00000101985	2134	981	2130	1746	1219	1823	2199	1449
ENSG00000214744	35	34	19	17	33	16	27	13
ENSG00000189506	38	32	41	27	18	34	22	31
ENSG00000189968	6342	4180	5901	9356	6374	6368	4422	5205
ENSG00000173659	597	497	877	352	709	668	1054	470
ENSG00000113461	98	103	122	67	48	107	94	86
ENSG00000152004	5	2	3	2	1	2	3	4
ENSG00000172263	22	38	20	23	21	22	26	23
ENSG00000101127	100	89	33	85	48	109	59	57
ENSG00000153587	128	152	68	168	91	242	74	155
ENSG00000178323	205	245	66	94	258	234	198	179
ENSG00000189520	72	53	110	80	54	52	51	129
ENSG00000161077	1467	843	1788	1681	352	694	1189	1343
ENSG00000105253	13	10	12	10	4	16	19	11
ENSG00000107439	84	28	84	66	115	48	50	89
ENSG00000149004	45	24	33	24	55	38	31	46
ENSG00000192082	386	872	406	747	396	659	823	670
ENSG00000174897	352	209	297	272	388	161	822	120
ENSG00000143317	595	796	523	715	421	560	693	775
ENSG00000230731	230	203	240	185	110	201	209	147
ENSG00000180422	81000	38869	29344	34944	49855	34515	24597	48316
ENSG00000165559	416	639	365	471	658	634	610	699
ENSG00000120019	37	18	44	27	45	37	53	28
ENSG00000228604	115	183	120	53	146	153	129	140
ENSG00000128971	60	70	32	47	48	53	21	73
ENSG00000101469	998	463	905	479	758	563	546	207
ENSG00000198801	1401	812	1174	647	2658	1141	2304	707
ENSG00000163544	302	185	244	254	259	265	255	234
ENSG00000222716	173	43	74	60	125	78	134	69
ENSG00000220212	32	35	27	35	45	47	37	44
ENSG00000208884	2354	2740	2593	3425	5120	4004	3332	2274
ENSG00000186249	1586	816	1297	1184	1352	997	1143	1611
ENSG00000169689	0	1	1	1	0	0	1	0
ENSG00000206617	216	186	89	128	140	116	168	202
ENSG00000234009	15	33	26	53	41	34	6	47
ENSG00000104937	59	22	57	89	45	94	56	97
ENSG00000130675	3484	3493	2800	5508	3208	4680	4875	5818
ENSG00000175711	6	15	8	20	13	9	13	17
ENSG00000210557	24	24	28	4	28	29	48	18
ENSG00000160700	20846	17014	15387	23812	19495	26936	17771	11523
ENSG00000205584	68	57	74	40	25	19	62	52
ENSG00000205454	103	67	92	101	117	86	91	138
ENSG00000159626	1611	1287	2765	1161	1581	814	1422	1101
ENSG00000126333	90	64	42	55	17	26	52	64
ENSG00000167063	106	142	179	167	208	130	160	76
ENSG00000205450	215	268	167	260	191	170	178	150
ENSG00000190392	2574	2812	4742	3022	3200	2016	1780	2355
ENSG00000124842	13	4	11	2	4	9	3	3
ENSG00000137351	36	34	52	11	15	31	50	15
ENSG00000213911	128	72	293	107	208	107	336	151
ENSG00000118774	1315	799	1055	866	750	886	673	1080
ENSG00000194905	33	55	65	34	54	54	38	47
ENSG00000217857	651	282	186	301	306	241	328	419
ENSG00000171944	30	57	42	66	23	41	64	57
ENSG00000178016	85	50	70	88	86	90	65	76
ENSG00000122901	932	1931	2065	2048	2156	1381	1865	1602
ENSG00000238248	77	123	77	65	99	52	196	59
ENSG00000176811	49263	48601	35096	67271	38848	20426	21537	58344
ENSG00000218266	348	325	934	205	499	210	565	321
ENSG00000115598	1085	2456	975	1586	813	2272	2039	1979
ENSG00000200875	558	321	371	578	557	490	559	817
ENSG00000230790	5	2	8	9	1	10	9	3
ENSG00000121416	6	6	2	6	6	7	4	5
ENSG00000219361	458	297	394	702	406	268	446	236
ENSG00000155308	13	10	13	18	25	20	28	25
ENSG00000197265	43	58	60	84	40	34	63	44
ENSG00000118779	74	79	45	76	117	85	72	62
ENSG00000175527	30	17	25	20	21	21	31	39
ENSG00000197794	1462	3091	1868	1480	1099	1647	1410	1197
ENSG00000193695	554	926	767	854	807	326	570	702
ENSG00000125570	168	273	290	208	262	133	134	222
ENSG00000175743	412	389	666	378	471	428	291	570
ENSG00000237009	49	14	19	21	18	19	26	44
ENSG00000108450	1084	1590	758	326	694	745	601	1458
ENSG00000157158	50	27	38	45	9	18	24	15
ENSG00000142168	3966	2670	3733	3839	3968	3311	2578	4794
ENSG00000226225	43	23	56	40	37	18	35	26
ENSG00000133327	55	23	55	33	32	53	25	49
ENSG00000222076	1892	1548	1360	1227	1673	1452	1398	876
ENSG00000153518	561	968	404	512	699	476	449	776
ENSG00000163050	9	20	20	19	37	12	25	22
ENSG00000199755	403	654	965	445	1122	705	1089	353
ENSG00000142866	262	168	81	106	180	122	189	232
ENSG00000188177	204	202	153	123	101	125	161	120
ENSG00000224673	523	378	283	530	586	372	673	368
ENSG00000117321	509	405	542	524	444	692	467	270
ENSG00000152686	1748	1433	2341	1169	2020	1413	1188	964
ENSG00000148672	379	339	341	316	206	431	155	336
ENSG00000187544	342	192	167	380	421	255	304	374
ENSG00000108404	84	132	187	155	135	139	220	192
ENSG00000195764	2788	2292	2159	2782	3018	3291	2648	1389
ENSG00000235033	24	30	39	22	24	41	45	28
ENSG00000183470	4905	5581	4693	5830	5098	4216	6660	7272
ENSG00000223538	22766	10237	14875	11683	15113	17589	7745	12881
ENSG00000242356	15050	5976	15489	12201	11321	13816	9442	5778
ENSG00000155644	147	125	95	79	133	119	119	105
ENSG00000155218	10983	10778	8171	15814	10328	8785	7870	10789
ENSG00000228480	1851	1048	1850	1270	1181	1547	2064	1127
ENSG00000199977	1076	1793	1150	1629	2285	1137	2196	1476
ENSG00000244583	47851	39015	44286	30669	41114	42449	33209	29752
ENSG00000154120	192	308	214	159	185	132	100	308
ENSG00000132242	194	725	372	751	427	518	223	458
ENSG00000191687	9	10	11	16	18	6	9	11
ENSG00000236001	1	0	2	2	1	3	0	2
ENSG00000143254	228	223	337	370	201	283	319	191
ENSG00000206725	299	217	483	448	588	495	302	300
ENSG00000134805	890	526	695	568	359	475	562	632
ENSG00000134779	327	178	172	257	182	168	237	200
ENSG00000130230	1	2	3	6	3	3	4	0
ENSG00000108711	327	347	213	457	236	330	260	245
ENSG00000113655	926	862	1819	687	1714	1426	1597	773
ENSG00000131358	3265	3397	2893	2599	2884	2523	3539	3091
ENSG00000128365	31	15	11	9	12	31	34	12
ENSG00000200734	21	19	15	36	34	17	25	19
ENSG00000231803	37	41	32	44	60	39	35	34
ENSG00000160117	52	26	18	45	25	56	49	39
ENSG00000156797	6	6	5	8	8	4	6	1
ENSG00000135116	15	34	48	16	47	22	46	36
ENSG00000116814	5274	3939	2436	4337	4441	2323	3085	6591
ENSG00000120963	26	8	15	36	12	14	15	17
ENSG00000150010	1	2	1	4	3	5	3	5
ENSG00000237837	106	82	119	106	122	76	272	82
ENSG00000178814	48	36	68	33	90	39	50	58
ENSG00000152653	370	779	1035	532	562	496	558	643
ENSG00000139748	21	32	46	39	55	33	28	23
ENSG00000156575	105	107	79	81	113	161	86	149
ENSG00000148865	30	35	32	20	50	45	74	9
ENSG00000165248	22	9	30	32	32	18	15	28
ENSG00000155347	282	422	368	448	265	443	475	248
ENSG00000139791	226	191	264	246	189	246	108	191
ENSG00000202340	90	195	136	121	152	130	148	213
ENSG00000178545	739	396	461	230	343	580	465	304
ENSG00000190685	17	27	37	17	33	31	20	14
ENSG00000212557	140	208	110	91	165	162	110	307
ENSG00000137258	254	201	192	237	264	206	274	226
ENSG00000214894	4858	521	2555	2159	3603	1767	3798	1307
ENSG00000159517	7	2	1	3	2	1	2	3
ENSG00000241090	154	49	118	47	140	72	146	153
ENSG00000165484	395	444	451	474	323	427	231	397
ENSG00000194785	19	57	38	41	32	40	21	52
ENSG00000142889	152	192	174	120	89	184	164	127
ENSG00000157074	719	528	640	673	567	720	538	379
ENSG00000150457	377	360	325	273	381	268	302	293
ENSG00000209182	1	2	7	4	1	4	4	6
ENSG00000218907	10	21	11	8	10	14	10	12
ENSG00000118097	0	3	0	1	2	1	0	1
ENSG00000206547	570	558	354	376	383	234	587	780
ENSG00000228122	115	244	153	217	139	166	338	188
ENSG00000206884	2010	2082	788	1186	2907	1534	2181	3441
ENSG00000151463	173	146	214	200	110	163	166	148
ENSG00000120090	20	11	11	15	16	23	9	12
ENSG00000188059	1197	1743	1187	1642	1282	877	1117	1824
ENSG00000227316	5	15	11	6	13	21	10	13
ENSG00000228119	123	251	116	114	96	110	120	165
ENSG00000161880	110	62	132	97	55	105	147	128
ENSG00000221909	775	840	447	635	726	693	594	544
ENSG00000117087	1270	645	1340	1551	672	1014	1489	1146
ENSG00000182296	53	31	51	74	48	92	73	56
ENSG00000206726	36	40	117	27	51	27	70	36
ENSG00000168119	84	126	106	52	157	150	167	146
ENSG00000136108	42	53	55	40	71	72	54	39
ENSG00000135024	881	578	580	1479	650	1013	842	581
ENSG00000144778	421	232	253	244	196	309	235	325
ENSG00000225204	1752	2289	1952	2519	2150	2814	1509	2594
ENSG00000133685	28518	22938	36225	32304	39555	19086	20423	24650
ENSG00000148763	43	35	10	41	26	13	27	19
ENSG00000191579	67	30	97	16	99	38	88	56
ENSG00000195007	318	301	405	296	454	294	316	344
ENSG00000170789	238	555	444	294	316	317	246	311
ENSG00000127097	57	107	94	69	82	86	38	59
ENSG00000141402	3	6	6	2	5	7	3	4
ENSG00000191094	28660	26306	29409	26144	16800	31866	20847	29184
ENSG00000150756	139	124	225	166	203	106	181	131
ENSG00000134252	20	23	10	10	29	7	18	14
ENSG00000147262	2	0	0	4	2	2	2	0
ENSG00000176040	1188	3281	1884	651	2217	1806	2179	3743
ENSG00000106150	145	253	131	268	347	191	191	255
ENSG00000188415	67	161	205	153	102	157	136	76
ENSG00000132412	26	15	16	33	14	12	21	9
ENSG00000183421	155	82	263	120	269	57	170	110
ENSG00000149223	71	60	95	71	59	61	75	49
ENSG00000115859	1	0	0	4	0	1	2	1
ENSG00000126389	33288	37878	38316	31045	27289	29255	19811	18654
ENSG00000204882	506	144	301	320	317	542	363	238
ENSG00000149887	57	119	53	97	153	58	82	32
ENSG00000186449	49	27	40	11	40	11	46	23
ENSG00000224428	36	25	58	24	105	32	49	35
ENSG00000249810	19119	26336	29350	18548	32284	24720	25172	7407
ENSG00000222726	529	281	301	322	228	281	551	340
ENSG00000136300	15	5	10	8	6	10	7	8
ENSG00000171176	529	844	536	842	559	582	448	893
ENSG00000185784	320	333	294	403	339	408	372	345
ENSG00000236157	207	381	278	366	251	303	498	246
ENSG00000129962	67	136	88	119	93	109	90	104
ENSG00000142718	288	47	311	120	138	103	235	179
ENSG00000244482	280	201	309	250	156	499	348	235
ENSG00000195525	45	67	89	94	54	107	112	85
ENSG00000184221	6	17	7	5	3	7	7	7
ENSG00000122600	32	27	30	14	10	20	26	11
ENSG00000156236	149	140	153	112	274	129	151	146
ENSG00000197866	2	4	7	6	3	5	0	2
ENSG00000192292	105	60	70	102	190	85	108	50
ENSG00000139592	104	79	44	49	33	97	73	97
ENSG00000236642	891	410	1060	883	899	537	1123	982
ENSG00000194863	160	266	191	173	202	159	272	116
ENSG00000227583	71	46	111	46	45	58	72	133
ENSG00000129472	82	74	59	26	86	58	50	72
ENSG00000222108	409	297	411	232	310	324	359	279
ENSG00000206606	666	1196	894	350	577	809	1029	414
ENSG00000239121	16	15	11	14	12	25	12	10
ENSG00000149482	14	6	11	8	4	2	4	5
ENSG00000240914	37	16	37	46	76	24	37	50
ENSG00000159344	1	0	1	1	1	1	0	6
ENSG00000139540	31	29	28	31	38	23	19	24
ENSG00000223285	397	1125	756	603	1030	681	958	809
ENSG00000220500	1375	884	962	1459	730	1117	1156	993
ENSG00000140350	1613	4232	3969	2927	2501	1992	4735	1604
ENSG00000117441	168	187	103	92	204	103	148	92
ENSG00000114470	119	208	180	182	179	247	128	332
ENSG00000134725	34	31	37	47	54	52	30	56
ENSG00000203307	29	19	36	65	75	38	42	32
ENSG00000162994	292	301	298	299	207	118	157	292
ENSG00000217474	834	839	1216	525	929	478	566	1227
ENSG00000196685	213	320	229	252	266	390	239	451
ENSG00000164508	6	1	6	4	11	4	10	1
ENSG00000232825	533	528	291	416	357	378	275	458
ENSG00000202913	197	88	117	128	223	95	240	140
ENSG00000227872	77	43	113	27	117	57	47	57
ENSG00000203816	172	182	262	287	258	367	105	214
ENSG00000157333	3399	1644	990	777	1763	1113	2409	963
ENSG00000149090	125	194	243	216	168	166	166	204
ENSG00000137144	54	22	23	16	33	40	46	27
ENSG00000147622	81957	45793	119822	41564	62683	47845	95422	37374
ENSG00000115333	45	21	101	86	126	20	65	25
ENSG00000244567	129	297	281	403	201	790	448	225
ENSG00000149911	1514	1848	1710	1446	1318	854	2027	1689
ENSG00000149812	38	27	25	29	49	41	22	44
ENSG00000202268	249	545	530	581	488	308	769	482
ENSG00000188346	32	27	65	22	46	13	38	31
ENSG00000215354	62	48	99	36	114	95	105	46
ENSG00000218913	28	44	29	50	39	30	30	36
ENSG00000130233	5374	4319	11495	6911	3098	2914	7141	2226
ENSG00000113201	8	11	5	10	9	9	8	9
ENSG00000241799	322	419	410	373	393	442	623	266
ENSG00000193418	186	154	245	119	146	108	143	124
ENSG00000195582	5	1	2	0	9	2	2	6
ENSG00000115560	4140	4463	3868	7992	4395	4709	4953	5264
ENSG00000184292	34	56	34	46	59	45	42	33
ENSG00000170389	74	154	93	54	92	24	98	75
ENSG00000129940	216	152	115	176	274	168	86	239
ENSG00000122712	22	17	10	19	23	8	18	14
ENSG00000164724	16	37	24	25	12	56	39	47
ENSG00000157726	141	104	112	76	132	128	97	140
ENSG00000229460	50	13	23	19	42	22	25	14
ENSG00000111044	243	223	149	110	113	115	191	134
ENSG00000237183	864	1897	1738	973	1188	2900	2305	2534
ENSG00000231023	28	7	17	25	19	8	12	13
ENSG00000122557	8	5	4	6	3	2	2	4
ENSG00000249632	139	74	212	103	101	92	156	136
ENSG00000106427	347	169	347	444	272	378	280	287
ENSG00000244894	366	407	503	539	382	426	471	441
ENSG00000193032	23	27	12	30	14	8	15	19
ENSG00000106775	0	1	0	2	0	2	3	2
ENSG00000236060	1295	646	655	1529	751	710	929	658
ENSG00000172397	1027	374	524	960	681	335	453	595
ENSG00000188954	4055	2738	3160	4269	2032	2735	2854	3105
ENSG00000131394	28	23	11	21	23	16	22	24
ENSG00000106903	692	299	371	360	296	225	539	683
ENSG00000190678	1825	336	1147	1181	902	1322	809	495
ENSG00000172466	3	5	1	2	8	3	4	3
ENSG00000101052	1611	969	982	1236	872	2056	1144	1443
ENSG00000184835	2157	2178	1815	2282	1862	3108	2305	3218
ENSG00000171673	299	381	561	215	310	496	473	596
ENSG00000203934	586	409	1124	335	768	291	541	188
ENSG00000150669	595	507	267	630	265	530	819	648
ENSG00000187500	94	67	106	142	96	64	47	71
ENSG00000130098	13	9	7	14	10	6	7	11
ENSG00000143278	41	11	31	33	30	18	39	20
ENSG00000103644	114	55	102	101	84	149	98	66
ENSG00000207542	35	20	39	22	8	58	28	37
ENSG00000193662	1538	839	681	2644	834	1051	1026	816
ENSG00000189309	83	80	84	35	42	77	53	52
ENSG00000100764	76	115	141	134	99	168	136	139
ENSG00000240115	2	5	3	3	3	6	3	3
ENSG00000240436	246	296	332	283	310	393	206	270
ENSG00000171421	46	20	30	14	39	37	15	31
ENSG00000176413	2683	3057	2594	1844	2947	3152	3061	2585
ENSG00000247665	4	4	1	7	1	4	4	6
ENSG00000213489	207	238	319	341	323	202	324	238
ENSG00000173979	71	60	50	72	43	62	36	69
ENSG00000208273	80	65	71	77	53	25	91	70
ENSG00000177433	4487	4354	3327	4448	2294	3977	3449	4425
ENSG00000179556	1888	1100	1449	806	896	858	470	1003
ENSG00000151195	24	24	20	28	22	10	45	24
ENSG00000119373	4353	2410	2826	2069	5919	2940	4210	2859
ENSG00000154387	52	39	61	24	31	25	38	27
ENSG00000238611	698	771	880	635	698	720	357	700
ENSG00000121203	8	4	6	6	8	5	3	9
ENSG00000141996	61	42	96	71	78	61	71	81
ENSG00000214559	51	90	50	105	95	72	87	50
ENSG00000129546	78	64	53	72	74	110	55	80
ENSG00000100920	8	7	3	2	4	7	2	5
ENSG00000188497	5	4	4	2	3	0	1	11
ENSG00000172143	144	76	159	113	146	147	180	168
ENSG00000177152	423	429	380	266	467	353	277	384
ENSG00000165172	103	142	206	145	191	137	84	200
ENSG00000162737	57	77	74	76	72	106	42	60
ENSG00000206299	6	7	7	6	7	10	10	6
ENSG00000147621	81	128	69	70	89	46	66	118
ENSG00000210083	50	30	94	64	26	48	51	41
ENSG00000152092	18	28	41	43	26	48	35	24
ENSG00000108400	140	327	363	117	193	202	128	199
ENSG00000119510	185	137	272	169	342	120	144	108
ENSG00000123172	459	474	305	331	271	318	456	549
ENSG00000234148	78	124	87	36	53	68	37	109
ENSG00000156618	40	26	46	20	55	20	82	30
ENSG00000144277	115	120	75	105	108	113	93	99
ENSG00000230792	61	67	104	86	57	56	53	83
ENSG00000126829	3	5	4	3	7	0	5	6
ENSG00000189731	76	56	67	35	223	63	108	82
ENSG00000116840	4	6	4	3	3	9	10	9
ENSG00000234153	0	7	3	3	1	1	3	2
ENSG00000133093	21	24	19	13	33	21	23	21
ENSG00000226785	30	43	20	29	52	54	29	28
ENSG00000177734	415	647	413	334	322	374	554	536
ENSG00000229417	25	77	26	94	92	77	102	118
ENSG00000214870	554	261	890	518	452	566	468	658
ENSG00000133845	2299	2480	1533	2555	2853	3394	2385	1430
ENSG00000249623	206	151	103	124	212	276	183	89
ENSG00000145471	518	271	262	358	227	282	260	180
ENSG00000223715	35	52	29	21	51	32	33	51
ENSG00000181032	981	491	401	981	898	726	529	627
ENSG00000232859	110	182	181	268	168	192	155	177
ENSG00000135678	121	192	152	97	241	133	162	183
ENSG00000136865	20	11	12	9	12	22	10	19
ENSG00000142064	14	20	15	23	17	19	24	29
ENSG00000224183	73	48	51	42	52	21	61	56
ENSG00000123014	121	254	195	242	114	127	160	227
ENSG00000130366	2409	1485	4442	787	1851	1089	2374	1250
ENSG00000245932	3	6	8	4	6	11	3	5
ENSG00000122428	84	62	44	71	62	92	72	82
ENSG00000109727	58	44	56	93	44	102	88	79
ENSG00000132211	39311	20715	17413	11706	20715	15087	17458	14321
ENSG00000201508	67	66	110	120	157	67	155	92
ENSG00000206210	39	61	30	39	39	32	52	76
ENSG00000170944	866	606	1125	748	526	600	426	871
ENSG00000238602	18	28	12	13	13	8	15	18
ENSG00000213417	347	372	265	433	442	828	414	522
ENSG00000165654	3	3	2	2	8	4	3	0
ENSG00000228345	7088	15296	10506	7834	12050	7113	5593	8092
ENSG00000147708	87	131	119	93	175	171	74	84
ENSG00000176780	72	56	77	84	102	61	55	74
ENSG00000191644	15	12	17	5	14	6	19	8
ENSG00000223434	129	110	77	170	66	115	123	118
ENSG00000129631	135	161	228	102	174	133	114	176
ENSG00000131805	24	27	17	33	56	19	53	25
ENSG00000127508	1719	1675	2184	2297	1344	1833	1591	1756
ENSG00000246185	99	85	35	58	78	74	54	68
ENSG00000207305	148	92	148	90	135	147	112	171
ENSG00000112999	124	313	286	184	237	315	144	234
ENSG00000235036	1976	1506	3106	1488	2454	3129	1695	2155
ENSG00000199019	71	84	52	73	74	45	74	57
ENSG00000163137	143	207	179	128	213	209	85	178
ENSG00000227692	195	102	258	372	318	205	197	237
ENSG00000110703	537	466	1590	444	676	420	1083	602
ENSG00000220702	4	5	6	6	1	4	0	2
ENSG00000239581	1690	2474	819	1802	914	1543	1539	1802
ENSG00000203444	104	98	81	97	131	75	178	139
ENSG00000189411	55	25	41	33	34	22	31	28
ENSG00000213316	101	174	161	102	160	121	187	119
ENSG00000170462	3	1	2	4	5	3	5	1
ENSG00000224175	27	53	18	22	34	48	20	36
ENSG00000222475	131	246	129	214	135	198	287	198
ENSG00000165567	1311	1934	1446	3665	1780	1373	2140	3057
ENSG00000159621	121	126	106	113	140	77	173	199
ENSG00000125454	1247	276	675	274	475	363	605	268
ENSG00000205365	76	70	55	67	36	52	92	93
ENSG00000181716	912	801	1101	852	599	615	738	944
ENSG00000208196	64	30	66	67	60	76	57	107
ENSG00000119210	406	162	321	340	329	162	527	452
ENSG00000203878	64	121	52	103	74	66	90	47
ENSG00000202668	31	21	31	27	55	17	33	24
ENSG00000104720	52	24	18	20	49	19	23	28
ENSG00000143713	20	33	26	60	45	31	56	44
ENSG00000117657	1673	1685	1715	1149	879	1108	1626	1091
ENSG00000110875	32637	70813	50719	46567	49149	76839	50367	86908
ENSG00000121132	74	88	162	56	106	79	70	52
ENSG00000122782	30	33	31	20	21	47	26	32
ENSG00000221628	388	731	469	506	439	363	416	163
ENSG00000198599	140	254	453	416	648	252	330	328
ENSG00000243360	53	23	48	62	48	24	79	57
ENSG00000167392	8799	5815	4805	5516	6743	9031	3388	5326
ENSG00000180214	514	626	1192	1086	908	1037	1000	1043
ENSG00000188651	2520	644	2470	1176	1902	1048	1849	758
ENSG00000118748	104	263	138	153	63	116	169	276
ENSG00000165717	107	142	154	212	193	144	234	206
ENSG00000165189	1128	1187	1115	719	930	1199	729	581
ENSG00000230177	8	9	7	17	11	4	13	8
ENSG00000197884	74	36	65	27	43	30	55	39
ENSG00000245769	228	154	176	131	225	168	213	75
ENSG00000123595	7	14	3	11	4	12	10	7
ENSG00000196896	4330	2732	4018	4699	6175	2246	4342	2944
ENSG00000189058	40	40	22	52	98	58	41	36
ENSG00000239572	86	78	68	49	67	45	68	93
ENSG00000136511	277	268	269	359	357	165	280	148
ENSG00000101382	8060	4156	4023	3831	6881	3671	4910	2406
ENSG00000141658	128	167	127	230	104	159	161	181
ENSG00000137166	71	35	38	35	49	25	33	29
ENSG00000153906	13	22	30	32	32	30	18	37
ENSG00000136579	258	212	289	122	306	237	143	195
ENSG00000100478	113	51	97	46	92	35	159	47
ENSG00000238785	15672	10190	11809	20645	12949	12740	21192	18436
ENSG00000185139	1169	1252	3027	2007	1383	2410	1921	1259
ENSG00000179950	1	2	1	0	3	0	2	1
ENSG00000226752	40	25	20	25	29	19	29	33
ENSG00000198792	117	200	249	259	481	561	221	338
ENSG00000135437	9139	16952	11134	15013	12787	11924	5760	14130
ENSG00000198155	4	1	1	3	5	4	5	4
ENSG00000133775	55	49	66	35	92	93	56	60
ENSG00000222174	1912	737	1211	1420	1442	1298	1886	1282
ENSG00000168647	35	22	29	21	56	61	22	42
ENSG00000170241	138	226	180	170	199	189	149	148
ENSG00000103614	69	40	27	47	36	61	58	79
ENSG00000113752	1152	554	526	405	1137	832	473	438
ENSG00000130073	16	20	19	23	21	38	17	14
ENSG00000101341	137	227	150	98	172	82	56	120
ENSG00000151251	9	6	11	10	14	12	2	7
ENSG00000134880	694	1066	725	1206	1272	748	1136	431
ENSG00000242634	320	457	466	384	398	492	187	747
ENSG00000106226	98	111	76	135	139	99	111	64
ENSG00000101010	148	246	225	129	285	190	108	110
ENSG00000177906	167	152	152	156	56	253	99	184
ENSG00000155893	88	80	51	42	58	70	70	124
ENSG00000198026	233	121	151	160	240	121	185	284
ENSG00000139025	281	419	320	401	249	244	214	357
ENSG00000169916	99	65	172	156	147	132	132	68
ENSG00000214900	77	50	44	67	36	40	49	62
ENSG00000195896	101	57	274	56	195	44	103	50
ENSG00000227072	97	37	88	43	60	48	91	61
ENSG00000103088	170	478	485	351	396	529	267	350
ENSG00000185152	235	319	218	197	115	159	89	157
ENSG00000173289	6371	4942	11022	5998	12364	6231	11053	5100
ENSG00000229874	150	142	117	138	86	102	138	62
ENSG00000151752	83	172	131	108	282	223	171	199
ENSG00000245018	30	39	58	30	32	50	20	35
ENSG00000242332	174	214	127	99	131	80	231	142
ENSG00000128064	162	90	141	52	98	43	179	45
ENSG00000196365	32	38	27	19	23	11	19	53
ENSG00000175961	464	111	428	160	351	160	537	224
ENSG00000223811	2677	2961	3762	3849	4598	1904	1814	2616
ENSG00000118699	50	27	18	19	34	25	24	24
ENSG00000185419	48	21	24	33	52	27	57	60
ENSG00000139005	201	170	71	210	62	96	99	91
ENSG00000156570	392	193	293	166	160	195	162	303
ENSG00000216050	2013	1476	2316	1665	1301	2381	1681	1856
ENSG00000173011	45	24	59	66	53	43	60	45
ENSG00000148001	91	168	152	81	77	128	114	36
ENSG00000112209	29	33	40	15	12	41	25	38
ENSG00000215737	40	19	30	45	18	38	37	25
ENSG00000122234	41	42	63	72	39	75	72	69
ENSG00000209380	11	28	11	3	23	11	35	16
ENSG00000188369	549	241	389	389	256	241	642	382
ENSG00000198899	863	816	704	491	1805	1913	1788	1949
ENSG00000233104	52	105	30	30	60	55	43	56
ENSG00000215254	42	29	38	43	18	16	48	55
ENSG00000163253	2140	1368	2560	3116	1266	1766	1991	888
ENSG00000243575	117	77	99	60	101	56	68	40
ENSG00000189489	3673	2723	2687	2532	1976	2134	2948	4313
ENSG00000122969	2	2	1	1	0	0	0	1
ENSG00000208868	112	97	93	88	84	44	98	97
ENSG00000105116	12	20	16	27	16	16	22	13
ENSG00000103064	51	52	61	56	56	46	17	65
ENSG00000110327	695	780	585	695	676	431	731	580
ENSG00000244713	1361	992	1358	1360	1608	1016	695	853
ENSG00000142859	91	81	85	101	122	85	110	177
ENSG00000189796	2512	1160	3737	510	1655	1039	1245	1450
ENSG00000177725	21	16	14	9	21	18	26	13
ENSG00000129709	105	189	218	363	218	355	273	318
ENSG00000104447	91	124	138	175	103	66	145	76
ENSG00000120104	3	9	9	1	3	5	10	4
ENSG00000110883	810	971	699	750	902	844	809	905
ENSG00000139697	51	70	76	31	55	46	54	36
ENSG00000142646	307	392	283	334	435	229	438	245
ENSG00000126812	66	34	49	48	59	20	22	28
ENSG00000149440	207	131	161	151	87	103	101	181
ENSG00000130985	323	267	131	523	703	534	505	558
ENSG00000244292	161	131	162	144	129	86	96	75
ENSG00000246481	54	57	60	47	52	28	47	58
ENSG00000187975	410	319	372	426	510	243	523	397
ENSG00000127144	237	228	127	307	139	166	319	188
ENSG00000203748	18	53	46	60	73	53	49	67
ENSG00000125228	131	97	161	139	102	234	184	110
ENSG00000215382	184	122	179	179	145	93	358	83
ENSG00000188316	98	143	72	51	60	45	68	44
ENSG00000230590	2013	642	1878	1067	1212	928	1924	768
ENSG00000100746	3072	3153	4737	5654	3879	5276	3191	5116
ENSG00000233618	68	44	70	15	47	51	30	58
ENSG00000109134	82	85	155	103	147	113	122	148
ENSG00000118242	25	29	14	5	36	15	29	26
ENSG00000150196	14	9	11	7	7	7	13	17
ENSG00000107706	1170	1255	1556	826	1833	1165	1699	1296
ENSG00000218911	39	41	36	25	50	34	21	36
ENSG00000135983	379	175	311	118	306	266	330	324
ENSG00000199672	10	4	11	7	8	8	16	7
ENSG00000243532	35	20	46	25	56	23	100	20
ENSG00000187966	448	358	634	377	341	335	221	210
ENSG00000184930	398	313	259	353	344	260	300	356
ENSG00000217231	172	226	187	412	117	201	221	153
ENSG00000115031	421	339	477	337	368	190	629	489
ENSG00000171778	304	197	336	240	202	204	408	144
ENSG00000181420	1037	1207	1420	1165	1194	1310	857	807
ENSG00000227447	3174	5274	5427	3161	4505	2618	4987	2995
ENSG00000187569	339	353	384	350	688	421	476	331
ENSG00000175159	150	104	71	143	128	161	71	78
ENSG00000120730	16	19	20	16	9	23	23	11
ENSG00000150706	79	40	74	67	70	86	54	53
ENSG00000171292	136	59	43	54	80	93	56	106
ENSG00000208018	2960	2461	1577	2860	3335	1629	1774	1444
ENSG00000119889	5	5	8	11	7	5	2	6
ENSG00000166561	30	26	28	22	21	20	45	29
ENSG00000172881	22	21	21	24	37	25	28	22
ENSG00000214951	795	765	977	496	639	792	372	698
ENSG00000215473	24	40	65	27	23	20	26	30
ENSG00000248706	0	2	6	2	0	5	2	5
ENSG00000221214	4	1	3	5	4	2	2	1
ENSG00000140468	266	309	291	134	182	433	395	316
ENSG00000209961	5	4	6	4	3	2	3	4
ENSG00000182153	1028	1413	923	1648	789	940	710	1481
ENSG00000213927	1485	1078	1929	1270	1101	1980	697	1411
ENSG00000173134	30	14	22	16	35	10	23	11
ENSG00000103807	40	34	95	111	95	30	104	76
ENSG00000144441	269	205	183	180	188	249	55	120
ENSG00000217239	5	3	8	5	6	1	6	9
ENSG00000233586	11	18	16	7	7	30	14	17
ENSG00000153701	21	35	21	49	26	67	85	52
ENSG00000235858	106	185	108	133	96	116	179	115
ENSG00000175459	289	242	315	210	138	157	187	190
ENSG00000139731	3	7	1	1	2	2	2	2
ENSG00000178839	178	305	283	282	352	160	159	195
ENSG00000219434	137	60	130	95	113	86	130	152
ENSG00000237589	93	82	87	80	57	82	119	101
ENSG00000213847	59	29	68	60	41	36	53	51
ENSG00000192817	1303	1230	1077	1362	1652	1204	1339	1809
ENSG00000143478	4189	2551	4292	4238	5512	2780	7927	2454
ENSG00000148528	43	58	100	29	68	49	51	61
ENSG00000146244	47	89	143	126	81	59	88	144
ENSG00000168005	6	9	23	2	15	2	16	12
ENSG00000193958	84	60	63	25	92	44	66	63
ENSG00000189132	431	403	227	419	440	345	649	628
ENSG00000207740	94	87	163	133	79	120	108	40
ENSG00000150837	205	282	366	261	280	310	216	230
ENSG00000185178	133	112	75	85	112	42	76	110
ENSG00000191289	148	134	113	163	167	155	93	187
ENSG00000224259	816	648	832	376	1251	502	556	572
ENSG00000123580	709	404	580	560	663	623	666	783
ENSG00000195605	4	3	5	1	5	2	3	6
ENSG00000238243	101	85	127	43	121	102	116	84
ENSG00000125374	0	1	0	1	1	1	1	0
ENSG00000237820	122	117	121	155	68	107	111	165
ENSG00000153006	37	32	24	23	55	70	36	49
ENSG00000216559	123	61	86	47	70	32	75	16
ENSG00000221267	1980	2413	3646	3366	2343	3099	6327	2656
ENSG00000212886	234	341	305	317	335	373	394	229
ENSG00000215322	924	923	703	1462	1642	1395	1625	1953
ENSG00000107361	432	344	747	383	526	323	339	342
ENSG00000152968	6066	2100	3854	5258	4155	4143	4242	5013
ENSG00000131982	70	80	62	65	91	81	42	134
ENSG00000125366	72	113	85	114	47	145	52	75
ENSG00000104153	131	182	82	88	139	158	127	139
ENSG00000233427	26477	19613	27827	14348	29714	10408	11287	14990
ENSG00000121597	70	59	57	66	89	42	53	49
ENSG00000222800	183	214	136	125	154	189	111	185
ENSG00000138169	1114	3362	1723	3762	4645	1099	2547	2156
ENSG00000205774	1047	841	907	824	1034	1345	900	1027
ENSG00000131112	53	44	37	71	53	71	29	62
ENSG00000188774	4948	3310	4809	2105	5667	5148	4421	5345
ENSG00000107985	909	326	1018	384	777	520	1204	412
ENSG00000216315	1613	2762	1705	4220	2209	2180	1584	3174
ENSG00000174328	565	676	633	314	459	413	400	713
ENSG00000192446	593	627	477	1175	544	573	611	848
ENSG00000224839	44	36	27	19	13	61	48	32
ENSG00000180968	2382	3920	1644	2786	2020	2494	2024	1932
ENSG00000151714	30	30	26	35	42	24	56	29
ENSG00000185302	137	101	211	178	139	128	106	143
ENSG00000203557	884	778	1929	1779	888	2087	2441	1009
ENSG00000226465	69	64	52	87	90	55	38	65
ENSG00000237445	316	198	168	103	123	209	122	264
ENSG00000123358	90	124	130	107	244	151	203	107
ENSG00000245520	160	208	130	223	77	142	175	336
ENSG00000114972	340	494	507	431	519	571	621	323
ENSG00000235018	3	9	9	12	9	3	7	3
ENSG00000220942	35	47	72	50	42	54	26	54
ENSG00000140805	10496	4623	7793	12609	6629	10038	10040	7271
ENSG00000177244	4	3	4	1	5	2	3	1
ENSG00000236306	22	42	31	49	30	12	21	27
ENSG00000179100	772	1083	581	453	496	732	669	537
ENSG00000138387	6	5	6	2	2	3	4	1
ENSG00000179761	39	39	35	15	14	20	37	23
ENSG00000199538	34	27	37	27	36	36	16	21
ENSG00000240578	2994	2679	4005	4011	3297	3625	5305	2221
ENSG00000212910	12	27	25	28	22	18	17	16
ENSG00000229532	325	615	685	748	463	699	425	637
ENSG00000239345	53	47	68	46	29	20	25	49
ENSG00000114054	140	118	147	148	98	179	160	140
ENSG00000193102	21	16	18	24	16	12	13	33
ENSG00000220860	13	5	11	9	22	15	12	3
ENSG00000163171	76	48	47	65	57	68	35	38
ENSG00000112807	8	17	10	11	9	11	25	16
ENSG00000118323	218	92	266	73	149	142	194	163
ENSG00000142566	164	197	108	216	187	156	112	177
ENSG00000229348	264	163	493	178	191	289	534	241
ENSG00000161525	3422	3509	2651	1930	2104	3106	2564	2313
ENSG00000126784	1923	2645	1705	2402	2656	2053	3995	2303
ENSG00000165052	12	14	8	19	13	18	16	12
ENSG00000192547	51	29	35	15	38	14	30	39
ENSG00000150386	4073	3790	3779	4473	4010	5179	2598	2442
ENSG00000187017	135	76	123	162	138	97	96	180
ENSG00000132966	48	53	59	67	53	44	79	86
ENSG00000223105	1754	1156	2079	1606	2402	1587	1395	1447
ENSG00000203694	24	47	49	23	27	40	36	50
ENSG00000119905	536	640	972	1272	741	751	935	604
ENSG00000205565	69	80	54	46	86	66	105	117
ENSG00000239934	1833	2375	2102	2126	1748	2261	1299	1359
ENSG00000119944	213	84	215	80	258	70	283	87
ENSG00000204528	315	860	819	518	1128	1105	935	449
ENSG00000124571	1137	1189	825	968	1403	1211	834	1447
ENSG00000214993	3646	2721	3072	5397	5702	2613	4593	4620
ENSG00000213894	30	30	32	37	49	23	33	33
ENSG00000166382	79	63	51	67	70	76	45	64
ENSG00000112778	6	4	15	14	4	2	10	4
ENSG00000144088	5	1	2	1	5	6	2	2
ENSG00000191555	39	68	37	57	82	26	26	59
ENSG00000161626	120	161	203	225	183	160	351	226
ENSG00000103919	1727	1930	1819	1824	1474	1231	1458	1949
ENSG00000247208	66	108	53	69	63	69	71	82
ENSG00000233591	10784	7701	10243	3896	12364	4844	14188	8209
ENSG00000240621	162	289	173	179	299	99	292	130
ENSG00000153480	961	705	679	1292	650	650	920	756
ENSG00000242325	120	135	189	83	137	132	114	105
ENSG00000143028	8	11	13	9	9	14	20	5
ENSG00000130509	6848	2744	7005	2530	5038	3284	6458	3952
ENSG00000104208	106	129	72	68	108	57	103	95
ENSG00000168253	1426	1442	1819	1012	1139	884	1708	1731
ENSG00000240283	41	44	62	33	108	54	43	61
ENSG00000154162	511	903	642	138	446	508	192	404
ENSG00000133022	99	111	55	66	43	109	85	97
ENSG00000225372	90	100	50	72	39	74	61	61
ENSG00000190672	74	102	145	88	72	121	124	102
ENSG00000173875	677	531	403	421	644	559	583	529
ENSG00000227210	7	20	13	8	18	20	16	21
ENSG00000166374	13	14	22	38	20	35	19	10
ENSG00000241219	851	1003	863	512	644	590	1593	1505
ENSG00000204672	27	50	14	36	39	20	49	27
ENSG00000141532	325	257	839	198	711	243	347	237
ENSG00000221904	9	17	9	11	9	9	15	13
ENSG00000181376	53	96	32	131	115	84	48	101
ENSG00000161000	1745	1425	1050	1368	1388	1088	1168	1289
ENSG00000104998	94	144	102	184	148	111	212	191
ENSG00000247178	191	239	148	278	131	203	117	368
ENSG00000235595	67	79	61	41	53	102	107	88
ENSG00000125637	91	81	125	272	180	206	166	217
ENSG00000141056	5	1	5	3	3	2	9	4
ENSG00000203143	4	4	8	3	5	5	4	0
ENSG00000157401	185	417	334	190	288	246	221	229
ENSG00000119565	9	6	6	5	6	2	9	3
ENSG00000224435	1545	2572	1418	1988	1698	1570	1559	2110
ENSG00000106937	591	737	658	519	359	1237	704	1210
ENSG00000247931	13	11	16	18	9	12	7	21
ENSG00000114360	2	3	2	1	0	1	4	0
ENSG00000128104	2	1	0	0	2	0	0	0
ENSG00000248053	194	178	192	237	284	102	296	169
ENSG00000240733	66	108	164	65	91	124	88	156
ENSG00000236050	2758	2006	3743	2103	4397	1646	3129	2312
ENSG00000126928	383	457	322	579	267	227	256	581
ENSG00000211538	1862	2374	3397	2101	2637	2716	3078	4011
ENSG00000225566	1236	629	756	938	832	598	588	887
ENSG00000124032	21	14	25	33	29	18	25	26
ENSG00000247060	123	88	53	87	153	144	68	114
ENSG00000137469	42	14	66	11	47	37	34	38
ENSG00000161853	171	87	136	66	255	85	128	146
ENSG00000123099	16	80	44	55	45	42	56	78
ENSG00000190625	70	130	93	51	78	32	44	139
ENSG00000207548	2234	2625	1847	1919	2489	1333	2159	1155
ENSG00000208277	54	24	46	86	51	61	51	72
ENSG00000105375	8	13	19	19	14	13	10	6
ENSG00000199661	27	32	39	29	35	22	28	46
ENSG00000169870	69	41	53	49	43	57	37	61
ENSG00000235928	60	53	101	40	150	67	66	47
ENSG00000166758	92	85	143	113	65	125	119	54
ENSG00000146277	49	32	71	50	110	41	48	54
ENSG00000192139	1473	1494	666	1165	1634	734	1362	1000
ENSG00000161416	3001	620	1080	931	1715	624	842	1202
ENSG00000177219	36	34	41	26	23	14	21	32
ENSG00000213624	1676	1064	1257	1029	2509	1191	1851	1105
ENSG00000116311	1959	2462	2177	2232	1611	2490	1575	3221
ENSG00000103187	255	154	165	164	153	119	139	157
ENSG00000194390	21	50	17	23	22	44	36	24
ENSG00000178743	211	203	711	333	312	496	673	246
ENSG00000177680	203	135	242	137	258	139	301	140
ENSG00000140614	167	216	356	283	301	388	299	255
ENSG00000148945	11	16	18	19	14	21	19	15
ENSG00000168242	10117	17849	7392	11948	9488	8749	4723	9688
ENSG00000148061	59	83	104	64	94	64	196	41
ENSG00000170375	787	389	925	181	549	517	609	438
ENSG00000236996	38	57	19	71	47	55	68	32
ENSG00000214266	244	206	239	183	194	92	118	231
ENSG00000131550	3	4	2	0	0	3	0	1
ENSG00000212853	14	7	7	8	16	8	8	9
ENSG00000189533	0	2	3	0	0	2	2	1
ENSG00000213323	663	1204	1091	1037	887	1935	484	602
ENSG00000132130	4	9	13	7	6	11	14	9
ENSG00000121131	6	13	5	4	3	8	7	8
ENSG00000124531	932	1865	1984	786	980	1658	1001	1744
ENSG00000225337	47	43	55	46	64	70	66	38
ENSG00000217555	162	138	71	191	78	124	148	80
ENSG00000183383	1106	1232	1245	2075	1618	1874	2079	1193
ENSG00000161225	463	479	488	552	330	380	380	266
ENSG00000189439	287	150	179	331	221	230	484	309
ENSG00000147418	478	444	478	392	679	978	340	870
ENSG00000239549	0	2	1	4	5	2	6	4
ENSG00000228363	1708	2732	932	2045	1690	2610	1393	2385
ENSG00000192629	1446	2690	2211	1532	1796	1884	4377	1871
ENSG00000134295	8044	4000	6739	5649	6579	5276	6737	5819
ENSG00000131359	0	5	1	4	0	2	1	0
ENSG00000244503	33	19	47	20	56	25	12	28
ENSG00000157697	42	50	111	33	24	53	35	44
ENSG00000123645	10148	3734	4966	4743	7080	2480	11868	7159
ENSG00000213340	583	498	374	446	384	530	514	376
ENSG00000131911	6356	3385	5441	4702	4694	6601	5283	6475
ENSG00000203927	204	348	408	422	363	291	369	489
ENSG00000230845	65	45	51	58	34	35	24	42
ENSG00000126323	5	11	8	15	19	8	12	10
ENSG00000173914	181	59	104	53	141	64	117	22
ENSG00000188511	5721	2267	2945	2909	5006	864	6446	2694
ENSG00000150978	29	14	12	32	16	41	25	24
ENSG00000209386	2	1	8	4	7	3	5	3
ENSG00000121542	232	483	291	218	206	365	259	182
ENSG00000210365	3333	1786	2466	1954	1495	1296	2130	1663
ENSG00000150751	15872	29027	23151	31388	21101	12325	18134	15057
ENSG00000219025	2241	1777	2390	1396	1191	1380	956	2055
ENSG00000192648	1185	854	1072	960	727	748	1192	1033
ENSG00000157175	3	5	10	4	1	5	9	5
ENSG00000130708	66	114	60	47	88	88	123	69
ENSG00000170996	54	45	62	43	34	55	79	83
ENSG00000238414	462	140	220	266	571	246	417	151
ENSG00000240893	25	22	11	13	25	22	33	36
ENSG00000224656	412	626	1553	629	856	363	608	738
ENSG00000116169	2219	2803	1469	1888	2634	1873	2431	1402
ENSG00000117362	171	280	482	303	506	125	487	104
ENSG00000144816	87	114	57	143	65	67	57	54
ENSG00000128296	160	241	235	269	109	299	266	303
ENSG00000138577	266	368	349	462	206	296	202	402
ENSG00000117255	1981	821	995	536	1773	615	1666	828
ENSG00000110341	39	25	45	31	9	21	27	21
ENSG00000124730	7629	2768	2164	2730	5000	2389	7615	3358
ENSG00000218116	228	164	163	165	207	160	160	161
ENSG00000152711	88	73	95	122	137	91	90	143
ENSG00000125097	522	705	529	567	753	463	508	812
ENSG00000202470	32	29	32	28	34	70	62	34
ENSG00000111165	501	920	450	749	963	707	745	647
ENSG00000144782	8099	10670	11061	10181	10190	10261	16837	10706
ENSG00000155864	583	265	267	359	489	328	393	206
ENSG00000182197	147	208	150	207	271	177	211	269
ENSG00000168670	25	49	48	68	84	52	46	63
ENSG00000210785	3368	2704	3077	2519	3865	2588	3082	3888
ENSG00000100618	2071	1632	2198	825	910	1707	1761	886
ENSG00000130107	6	9	10	12	0	6	9	9
ENSG00000229513	1341	670	1582	804	720	1169	758	1864
ENSG00000115568	33	54	39	26	57	61	34	64
ENSG00000105119	29	20	19	23	18	8	12	30
ENSG00000151307	109	80	177	72	84	109	160	68
ENSG00000148240	25	52	26	28	21	21	29	36
ENSG00000117429	1583	995	1318	3057	1033	1391	1742	523
ENSG00000157626	8	19	11	6	10	12	11	8
ENSG00000136441	8	5	8	15	10	7	3	10
ENSG00000247827	28	12	14	15	10	20	14	22
ENSG00000126189	167	70	112	110	130	73	103	100
ENSG00000136900	757	316	344	410	629	623	518	291
ENSG00000161691	12	27	5	9	22	14	13	7
ENSG00000208812	36	61	16	42	45	48	31	27
ENSG00000103413	4	4	8	4	11	9	3	5
ENSG00000146389	121	140	49	115	155	119	131	133
ENSG00000208892	24	23	19	10	22	21	12	6
ENSG00000203668	6622	11541	11443	7144	9316	13470	15898	7329
ENSG00000206893	5526	4970	6620	5286	3157	6563	4582	6548
ENSG00000110907	49	17	54	16	33	25	34	22
ENSG00000246596	216	355	274	107	87	83	186	236
ENSG00000114674	267	384	332	318	311	256	410	537
ENSG00000181484	34	52	53	26	40	63	46	47
ENSG00000122971	55	103	69	86	55	61	56	47
ENSG00000224098	592	555	551	433	388	586	550	461
ENSG00000197320	56	65	109	59	77	122	174	142
ENSG00000100130	92	116	67	67	92	40	78	70
ENSG00000107463	284	152	238	151	303	169	319	136
ENSG00000121340	1298	1016	1826	1059	1741	1811	1435	1874
ENSG00000146575	118	74	56	81	54	93	49	79
ENSG00000226622	176	333	238	142	342	172	374	376
ENSG00000172096	148	170	255	152	222	225	135	271
ENSG00000119148	647	584	673	573	587	563	663	427
ENSG00000177660	129	171	103	54	99	92	103	105
ENSG00000221653	174	31	108	22	105	87	107	36
ENSG00000222752	137	19	119	43	76	38	37	29
ENSG00000219690	436	226	347	422	500	158	480	183
ENSG00000223440	275	180	369	226	294	203	518	142
ENSG00000223426	176	133	237	44	178	50	110	75
ENSG00000239491	188	227	198	168	298	186	240	236
ENSG00000166688	12234	17221	19583	14202	23599	17622	10231	12173
ENSG00000130883	677	451	536	398	295	537	1046	987
ENSG00000139982	1	5	0	4	4	3	2	4
ENSG00000238091	1720	2295	1267	1283	1631	2743	1738	1941
ENSG00000158292	315	76	238	278	190	210	154	143
ENSG00000208609	23	4	32	22	18	32	26	23
ENSG00000202073	1600	1986	2390	3082	2594	1499	1339	1588
ENSG00000178634	281	101	251	71	246	108	302	154
ENSG00000104294	1317	1321	1248	1311	1393	680	2795	822
ENSG00000183035	68	53	44	39	70	41	41	26
ENSG00000208787	1002	766	2119	1456	2150	1143	672	780
ENSG00000194911	97	81	69	67	53	106	79	47
ENSG00000115118	1289	1096	1323	1331	1296	901	1059	565
ENSG00000219926	874	846	496	477	886	537	641	895
ENSG00000174024	14	30	12	9	15	15	23	8
ENSG00000207899	581	406	714	286	523	395	514	213
ENSG00000110732	378	386	332	325	444	359	392	609
ENSG00000227746	108	107	251	77	249	158	347	79
ENSG00000192895	4	4	7	1	8	4	9	4
ENSG00000193185	278	244	259	265	240	309	354	209
ENSG00000144408	60	55	61	42	73	62	115	82
ENSG00000181268	968	2030	1352	1704	1542	1057	2129	1238
ENSG00000140438	8	27	5	25	19	20	20	18
ENSG00000119492	759	1407	1168	1229	1053	544	613	1200
ENSG00000101972	174	178	141	259	127	284	202	222
ENSG00000209439	15675	21438	18295	17256	36488	40816	29435	25393
ENSG00000232923	15	24	16	17	23	10	40	26
ENSG00000244192	640	531	954	890	1060	1423	1325	1242
ENSG00000227816	82	53	33	19	38	29	72	57
ENSG00000245474	34	12	13	8	12	6	17	21
ENSG00000122170	1524	2267	1648	1284	1195	933	879	1557
ENSG00000162385	466	434	281	447	498	588	489	266
ENSG00000150742	930	776	502	741	874	1251	1180	1318
ENSG00000216382	6	6	6	1	7	9	7	1
ENSG00000142827	19	12	9	29	9	8	5	11
ENSG00000123396	249	618	802	358	818	358	411	406
ENSG00000167149	29	46	13	28	24	10	37	46
ENSG00000193166	2265	2434	2129	2359	1894	2264	2390	1968
ENSG00000234534	2830	4062	4138	4237	6121	6302	3784	4052
ENSG00000223950	158	87	180	89	108	115	126	78
ENSG00000234949	122	155	152	135	203	122	217	187
ENSG00000191437	195	92	188	128	148	96	59	196
ENSG00000218737	39	87	70	40	79	92	81	78
ENSG00000145532	155	176	172	202	261	190	104	92
ENSG00000108327	52	77	115	44	156	134	108	81
ENSG00000187434	353	391	293	311	466	398	190	228
ENSG00000105844	56	55	93	80	148	117	57	76
ENSG00000156114	58	23	64	35	57	82	38	52
ENSG00000187603	93	89	132	38	90	67	46	95
ENSG00000210769	42	38	42	44	73	49	37	32
ENSG00000249422	211	134	352	186	155	105	293	142
ENSG00000162903	328	534	327	333	215	302	453	431
ENSG00000173235	3936	8501	10929	5483	6120	6297	8346	10580
ENSG00000227654	5	3	9	3	4	5	11	10
ENSG00000240614	7	10	17	10	13	5	5	6
ENSG00000122101	79	165	203	89	166	129	166	118
ENSG00000210537	244	104	244	137	488	167	359	215
ENSG00000187056	164	152	97	111	113	174	151	86
ENSG00000221181	6156	7462	10818	7783	3642	6808	4451	8201
ENSG00000105950	6	2	5	2	3	2	3	5
ENSG00000199234	182	60	137	145	99	58	114	150
ENSG00000170409	16	8	9	11	9	14	7	10
ENSG00000197031	80	40	57	34	113	85	73	52
ENSG00000215576	246	566	280	263	749	355	269	638
ENSG00000164811	21	16	9	13	6	4	7	10
ENSG00000249744	958	879	1133	1494	988	980	1241	1027
ENSG00000213229	34	23	30	34	35	27	29	9
ENSG00000165279	12	10	14	19	15	11	17	19
ENSG00000238968	2	1	3	2	3	7	3	6
ENSG00000210811	47	56	19	14	15	26	36	49
ENSG00000170670	47	29	38	39	25	42	11	28
ENSG00000196903	968	1121	901	724	633	699	858	1329
ENSG00000136205	7	7	7	6	4	4	1	5
ENSG00000110075	248	221	252	215	248	126	267	115
ENSG00000199002	1249	504	882	574	649	732	1050	455
ENSG00000158345	117	73	32	54	93	40	57	75
ENSG00000111438	562	947	530	1035	447	370	426	257
ENSG00000192371	36	37	29	26	22	25	46	32
ENSG00000199063	431	306	348	204	424	268	311	403
ENSG00000125989	79	57	195	66	164	81	164	60
ENSG00000236278	11439	10305	8776	13302	13205	7701	5574	11554
ENSG00000104605	65	113	101	53	62	56	66	41
ENSG00000100896	79	68	98	71	99	120	163	91
ENSG00000182304	501	236	310	228	408	256	300	440
ENSG00000146751	82	50	42	40	79	26	48	26
ENSG00000114002	229	78	36	69	117	65	82	132
ENSG00000100058	510	466	646	208	334	245	816	263
ENSG00000107096	651	449	597	1018	838	1170	574	862
ENSG00000210764	90	31	87	36	52	44	33	61
ENSG00000203631	95	99	110	144	115	235	81	127
ENSG00000144620	81	84	121	86	75	87	98	103
ENSG00000143365	1317	459	1108	568	1597	730	831	499
ENSG00000183819	651	593	262	511	603	779	584	712
ENSG00000130395	480	358	371	229	319	233	394	508
ENSG00000128405	314	188	202	202	181	202	291	338
ENSG00000218546	4411	4148	4005	6368	3855	7096	7327	5651
ENSG00000176484	31	44	25	38	22	20	40	11
ENSG00000122161	4303	4771	5758	2324	3166	1912	4054	2908
ENSG00000157675	663	331	305	338	526	231	562	490
ENSG00000209127	14	8	16	4	10	8	9	7
ENSG00000139909	221	260	274	152	268	181	673	223
ENSG00000163709	8	11	6	4	9	10	4	13
ENSG00000122920	155	125	159	97	83	96	96	131
ENSG00000206821	0	4	5	3	4	2	1	3
ENSG00000205035	585	478	964	761	550	284	765	490
ENSG00000235276	31	28	15	34	50	32	35	45
ENSG00000194935	3155	4605	1885	3240	5961	3407	6556	1074
ENSG00000152039	37	60	30	31	31	35	43	51
ENSG00000193767	109	199	106	124	100	101	149	244
ENSG00000162783	13	13	11	12	13	3	7	16
ENSG00000248795	113	71	94	98	121	95	159	159
ENSG00000160234	165	140	113	136	175	220	114	243
ENSG00000135578	299	525	290	404	1242	445	938	537
ENSG00000232004	19700	23379	20237	21030	28881	16983	26778	22665
ENSG00000134379	2355	2854	5649	2517	5174	2952	3692	3476
ENSG00000157980	434	702	629	706	641	610	589	1010
ENSG00000213228	39	72	129	105	50	51	169	81
ENSG00000111457	34	80	85	121	68	58	74	73
ENSG00000240666	93	43	95	132	104	144	89	40
ENSG00000131264	29	14	26	19	25	42	22	29
ENSG00000156259	781	864	432	598	502	431	414	503
ENSG00000184307	127	135	135	79	149	73	99	143
ENSG00000206695	481	455	266	481	208	659	399	371
ENSG00000160452	270	93	232	59	161	76	167	61
ENSG00000205659	461	326	255	429	507	232	347	335
ENSG00000218149	3027	4944	6722	3040	8620	3395	4411	5510
ENSG00000110380	393	255	896	267	362	519	239	203
ENSG00000186180	809	963	825	666	998	1247	1494	1296
ENSG00000161201	15	33	29	28	30	35	28	15
ENSG00000155034	96	102	162	116	127	143	72	97
ENSG00000177459	112	86	192	38	158	75	101	39
ENSG00000143349	713	389	452	324	494	333	470	369
ENSG00000195053	335	464	260	346	429	313	280	253
ENSG00000175411	34	42	35	41	41	52	48	49
ENSG00000120384	291	473	280	445	307	236	354	237
ENSG00000120260	140	281	127	133	211	233	176	184
ENSG00000225005	12	9	1	12	5	5	3	5
ENSG00000159540	104	132	198	117	272	91	130	42
ENSG00000122128	2312	1492	1714	1818	1271	2853	1133	1765
ENSG00000166866	20	20	28	15	37	37	23	43
ENSG00000244431	986	1020	1805	2377	706	2584	1076	1108
ENSG00000185925	686	504	862	709	680	447	860	571
ENSG00000233456	273	83	239	270	264	102	431	251
ENSG00000172055	508	316	604	381	273	533	382	274
ENSG00000153235	25	32	47	18	46	26	40	29
ENSG00000150823	719	420	1300	620	732	934	1018	720
ENSG00000240287	7	8	6	10	12	11	4	15
ENSG00000141320	10	13	8	24	11	9	15	16
ENSG00000104424	349	370	746	385	491	694	454	426
ENSG00000219718	46	19	31	16	38	10	15	14
ENSG00000139837	10768	13827	14022	12304	6748	8746	5931	9856
ENSG00000233226	281	441	506	507	522	215	333	414
ENSG00000102868	797	904	897	1131	1447	1573	838	1088
ENSG00000125375	913	1036	1026	990	574	1135	1234	1123
ENSG00000159595	60	114	51	102	44	78	36	116
ENSG00000169993	181	189	182	77	153	149	207	206
ENSG00000215247	447	327	551	650	727	670	478	261
ENSG00000152759	152	249	150	253	177	156	214	182
ENSG00000193410	6907	6382	6392	2221	6395	6135	5467	4885
ENSG00000189843	1703	1274	1246	1492	1004	1020	1959	1741
ENSG00000141690	204	191	304	228	397	157	245	383
ENSG00000122531	1628	2254	2813	1478	3429	3083	3442	1255
ENSG00000164228	151	303	239	247	189	117	314	249
ENSG00000182549	1167	268	874	691	986	615	485	631
ENSG00000229268	214	296	197	129	330	134	159	278
ENSG00000237114	143	72	120	113	103	94	123	92
ENSG00000123600	20	58	41	12	33	24	15	41
ENSG00000160127	43	28	34	70	41	81	37	42
ENSG00000161322	155	125	151	154	323	200	213	152
ENSG00000197805	278	449	444	299	384	440	345	671
ENSG00000149968	2	3	1	2	0	3	4	2
ENSG00000152814	72	106	71	94	65	98	40	62
ENSG00000169469	547	453	588	445	577	498	518	310
ENSG00000100192	64	61	95	182	120	115	86	93
ENSG00000107607	16	26	12	32	20	32	11	10
ENSG00000105268	14	14	20	38	22	41	27	27
ENSG00000225986	5359	3516	6151	3935	9021	6142	4163	3230
ENSG00000154212	5	10	4	7	11	3	1	7
ENSG00000238338	97	136	112	102	110	83	116	93
ENSG00000226983	609	774	770	1030	1285	847	1068	726
ENSG00000108174	1	2	2	0	3	3	2	5
ENSG00000128988	346	321	558	652	338	398	599	551
ENSG00000107393	12	6	4	5	3	4	5	10
ENSG00000125183	981	1211	2328	1248	2420	1312	1200	1286
ENSG00000167435	28730	41244	44091	30313	15532	36486	18522	34217
ENSG00000159332	30	11	13	11	13	17	14	9
ENSG00000140601	128	116	57	188	279	93	249	149
ENSG00000122805	315	765	278	244	405	296	280	223
ENSG00000230841	65	62	109	43	50	42	44	123
ENSG00000173901	1071	693	418	370	623	514	1141	637
ENSG00000157106	46	48	48	37	22	30	32	45
ENSG00000131421	34	57	55	62	53	54	43	86
ENSG00000100600	34	34	30	24	35	13	58	18
ENSG00000206047	154	90	176	208	131	114	166	160
ENSG00000137386	803	231	1107	650	672	478	1009	694
ENSG00000116297	1211	1105	809	901	1155	1023	1012	1246
ENSG00000213131	107	152	136	86	173	112	121	82
ENSG00000247630	27	24	11	18	12	15	24	16
ENSG00000185441	55	82	65	56	144	65	70	117
ENSG00000216037	51	29	57	67	41	108	85	49
ENSG00000239064	69	65	89	60	62	131	57	76
ENSG00000173083	398	538	669	683	658	536	586	568
ENSG00000165665	81	206	128	126	134	132	125	147
ENSG00000160276	191	122	195	176	190	248	115	153
ENSG00000132191	106	115	143	259	152	196	237	248
ENSG00000245792	249	149	317	88	231	134	250	131
ENSG00000102357	66	97	99	78	34	46	61	47
ENSG00000219732	613	833	514	905	909	629	649	601
ENSG00000248511	249	92	225	89	225	163	277	130
ENSG00000177679	49	127	97	167	122	180	60	125
ENSG00000124614	25	21	44	12	21	22	31	13
ENSG00000163731	31	48	43	35	64	22	46	32
ENSG00000134986	42	37	72	47	50	46	28	26
ENSG00000201123	1103	549	1290	601	887	817	452	358
ENSG00000166358	5	9	1	8	3	6	2	4
ENSG00000159519	937	419	1067	743	542	424	1058	598
ENSG00000202544	381	123	364	212	386	153	300	169
ENSG00000133050	31	38	50	25	53	34	40	39
ENSG00000143705	44	17	40	40	47	19	34	13
ENSG00000140564	558	449	534	212	237	352	461	471
ENSG00000230036	315	169	145	309	245	220	297	255
ENSG00000215392	1	6	3	3	0	2	4	1
ENSG00000167434	25	38	24	31	30	27	56	16
ENSG00000164549	33	28	23	35	15	11	26	12
ENSG00000106736	310	69	234	192	112	188	185	178
ENSG00000185118	42	33	60	72	34	25	26	51
ENSG00000244295	640	398	609	486	546	326	1014	177
ENSG00000114434	54	59	39	30	66	86	62	53
ENSG00000159034	91	85	111	102	119	121	125	49
ENSG00000192789	1373	685	1903	2302	1697	1123	1688	1513
ENSG00000134461	151	71	109	54	83	167	87	87
ENSG00000225904	45	74	29	55	41	57	53	40
ENSG00000238265	147	178	211	132	145	161	203	110
ENSG00000224083	7	8	7	16	9	10	11	12
ENSG00000165165	5	1	4	6	7	5	5	6
ENSG00000175376	219	228	122	190	152	121	182	119
ENSG00000203966	35	41	34	35	48	54	38	50
ENSG00000153319	21	11	32	6	26	4	14	5
ENSG00000157036	881	756	1093	774	1012	648	1289	880
ENSG00000210895	446	292	475	484	517	743	875	751
ENSG00000148748	182	256	234	308	242	264	373	376
ENSG00000126898	34	18	31	51	45	55	40	83
ENSG00000174637	106	117	93	66	83	114	123	79
ENSG00000229373	66	39	51	72	23	45	64	10
ENSG00000213483	757	911	278	1165	635	891	588	891
ENSG00000109171	13	6	5	9	8	5	5	5
ENSG00000234331	204	196	233	323	207	209	167	298
ENSG00000168130	212	166	117	89	263	227	140	80
ENSG00000223590	21	6	30	4	14	12	30	12
ENSG00000112932	785	726	774	421	305	413	346	279
ENSG00000190141	56	81	97	84	62	30	56	51
ENSG00000114704	6016	3604	8747	4667	7242	6930	8634	5740
ENSG00000104927	1218	1381	1900	1202	1843	1229	1312	1815
ENSG00000104820	180	87	117	136	135	148	110	48
ENSG00000249358	94	76	74	95	115	35	77	45
ENSG00000181586	46	59	36	37	36	39	40	30
ENSG00000149435	33	35	30	21	35	40	35	25
ENSG00000132722	268	303	149	185	279	295	346	226
ENSG00000215366	6	6	12	8	8	17	5	9
ENSG00000173451	1024	2066	1914	451	958	815	1489	1206
ENSG00000202952	433	349	606	409	677	306	709	304
ENSG00000164376	57	116	137	114	104	107	98	69
ENSG00000134158	1591	624	1368	680	1738	605	970	801
ENSG00000163064	31734	17669	25646	10847	34070	13810	25218	13176
ENSG00000149680	318	247	325	176	218	328	195	223
ENSG00000213160	6180	3781	3705	5059	4542	3650	5567	5733
ENSG00000247563	159	75	109	93	168	87	146	88
ENSG00000104839	92	58	125	29	88	36	108	20
ENSG00000136469	1482	434	1305	1356	995	914	1077	1072
ENSG00000196707	6	6	1	1	4	1	2	8
ENSG00000239349	729	773	1809	982	1090	1402	875	519
ENSG00000130368	175	119	162	114	187	203	139	70
ENSG00000108984	68	75	69	55	79	35	43	51
ENSG00000183128	125	197	190	175	154	128	133	158
ENSG00000179481	114	152	148	128	204	127	202	146
ENSG00000103856	2740	2792	2080	2583	1855	1821	2315	1972
ENSG00000105340	1052	666	779	818	699	1302	829	812
ENSG00000200239	316	217	275	171	213	177	131	94
ENSG00000127089	120	95	78	62	108	67	79	101
ENSG00000133288	10	38	8	18	17	22	31	14
ENSG00000166929	233	251	234	194	394	256	231	379
ENSG00000150848	1	0	0	0	2	0	0	2
ENSG00000110242	674	1124	559	741	1025	1095	1021	997
ENSG00000221171	159	156	97	109	137	148	136	59
ENSG00000209381	1	4	8	4	4	5	7	7
ENSG00000106174	570	436	566	354	556	604	474	520
ENSG00000138904	19	19	20	42	42	14	8	21
ENSG00000147662	53	73	53	78	44	81	37	28
ENSG00000137056	3	7	2	1	4	6	3	9
ENSG00000156123	57	57	20	21	20	52	35	32
ENSG00000134338	200	407	228	154	223	202	292	143
ENSG00000187573	86	93	185	118	168	167	168	110
ENSG00000171302	422	271	423	296	632	306	403	208
ENSG00000135784	54	35	39	46	43	21	26	37
ENSG00000232199	369	276	724	548	691	322	293	336
ENSG00000154649	11	14	12	9	5	4	5	6
ENSG00000100717	41	27	50	26	32	103	64	51
ENSG00000100657	2	0	1	2	0	2	0	3
ENSG00000223747	107	60	95	35	63	87	100	83
ENSG00000150465	35	51	33	66	33	61	41	38
ENSG00000157363	209	73	118	97	63	105	83	62
ENSG00000236502	424	399	473	509	645	413	561	263
ENSG00000202066	1122	1665	1641	1115	691	1766	3227	2176
ENSG00000142176	17	14	24	10	13	13	16	16
ENSG00000147773	82	44	63	72	88	47	38	141
ENSG00000211508	3	2	2	0	6	4	2	0
ENSG00000112164	5763	6037	3091	10593	4555	5561	7669	4039
ENSG00000207131	2281	1954	3508	1715	1062	2587	2417	2848
ENSG00000219500	358	478	508	461	335	177	500	332
ENSG00000127983	1566	1251	1262	2688	1839	732	1717	1845
ENSG00000242983	1020	739	990	327	1189	675	877	855
ENSG00000137048	31	39	23	55	38	63	61	66
ENSG00000231327	534	448	491	539	1105	688	505	456
ENSG00000122441	1461	1763	1538	2032	936	893	1318	2175
ENSG00000196112	860	605	374	783	642	829	918	595
ENSG00000181168	155	172	191	107	363	126	199	129
ENSG00000183212	58	102	151	34	48	90	34	28
ENSG00000185661	15965	20947	21093	16806	17051	21892	7921	25139
ENSG00000159354	347	246	156	152	238	293	268	165
ENSG00000136808	1946	582	842	561	591	415	1035	670
ENSG00000248603	18	7	5	10	7	7	15	3
ENSG00000201559	496	425	521	294	616	395	838	532
ENSG00000248335	220	105	226	316	267	243	416	157
ENSG00000239560	30	25	50	28	22	22	21	27
ENSG00000246490	2381	2317	1872	1548	1554	2910	1313	1265
ENSG00000193084	253	93	97	118	138	80	103	126
ENSG00000182151	379	994	939	324	418	440	337	589
ENSG00000176310	356	411	355	446	400	378	437	344
ENSG00000139606	30	23	26	39	51	48	44	25
ENSG00000162499	440	212	307	331	535	306	485	229
ENSG00000208213	1809	3832	2107	2631	1614	1722	1746	1154
ENSG00000132381	20	32	19	11	35	18	13	10
ENSG00000234268	23	12	18	25	18	14	15	16
ENSG00000159213	23	23	5	16	10	25	19	25
ENSG00000175532	758	592	699	263	491	595	558	595
ENSG00000130973	48	49	68	130	51	91	55	80
ENSG00000210754	242	171	226	268	187	304	285	257
ENSG00000162489	1613	2332	1294	1677	1323	1281	1380	570
ENSG00000248866	18	22	11	23	18	11	16	23
ENSG00000139035	3733	2745	2893	2235	4021	1493	2553	2848
ENSG00000171336	168	209	127	183	236	215	168	246
ENSG00000219279	263	155	181	197	218	64	172	82
ENSG00000219895	1835	2815	1710	2327	4295	4424	2761	1069
ENSG00000234076	448	241	214	416	526	226	423	455
ENSG00000180655	11	18	6	12	7	19	3	15
ENSG00000106491	266	183	179	131	141	145	186	198
ENSG00000135341	22	28	17	44	48	18	32	55
ENSG00000208762	314	292	215	300	315	105	143	257
ENSG00000111801	64	69	29	63	67	45	39	85
ENSG00000216701	36	140	78	15	84	76	73	50
ENSG00000110851	791	1426	759	1128	1065	1271	638	1303
ENSG00000177869	4	5	9	8	1	3	6	6
ENSG00000203044	260	330	253	225	223	278	198	218
ENSG00000210024	36	103	155	48	91	65	125	69
ENSG00000113366	206	208	429	428	329	199	199	240
ENSG00000151240	1	2	3	2	1	2	0	0
ENSG00000186999	20	28	35	28	19	16	17	38
ENSG00000197564	49	60	129	101	68	74	26	74
ENSG00000145619	4269	5042	8124	4053	6908	2470	22573	2810
ENSG00000232791	21	21	4	11	19	10	30	10
ENSG00000247313	18	5	16	17	10	21	18	10
ENSG00000202134	117	136	109	100	136	84	63	77
ENSG00000180223	365	239	485	111	311	321	210	459
ENSG00000100391	47	31	37	57	41	20	33	38
ENSG00000233372	81	234	85	187	147	203	264	180
ENSG00000132730	8	7	6	1	4	4	4	7
ENSG00000120167	3328	2687	6279	1749	2316	4540	4716	4239
ENSG00000240530	114	113	75	45	42	39	99	50
ENSG00000167726	220	247	221	338	117	148	281	355
ENSG00000225909	25824	42565	17872	19963	21769	24574	28427	26319
ENSG00000178535	29	62	80	21	79	36	57	41
ENSG00000237193	17	17	12	16	15	6	9	8
ENSG00000136897	36	19	18	16	15	28	12	9
ENSG00000124699	6366	1859	4017	4210	3829	3591	4395	6087
ENSG00000152085	132	77	140	104	107	85	146	106
ENSG00000149377	38	27	45	37	29	25	13	56
ENSG00000168294	189	108	222	95	81	90	182	136
ENSG00000184187	85	148	172	115	175	78	108	115
ENSG00000141255	1526	1406	1333	1754	1095	1630	729	1773
ENSG00000183155	720	657	686	714	678	214	433	896
ENSG00000135587	853	424	907	294	439	425	604	283
ENSG00000157068	392	429	458	183	359	655	158	300
ENSG00000165526	32	54	28	27	27	22	16	26
ENSG00000196167	23	7	14	6	8	6	8	11
ENSG00000233477	412	225	316	237	696	404	482	422
ENSG00000138322	388	402	573	466	498	544	379	454
ENSG00000191204	178	221	234	183	284	216	231	147
ENSG00000220609	290	245	331	209	231	185	319	199
ENSG00000171871	534	496	830	339	598	510	310	502
ENSG00000121602	14	6	15	15	10	16	21	19
ENSG00000184576	80	104	51	65	49	43	47	64
ENSG00000171553	23	18	19	18	19	13	39	35
ENSG00000213887	7	3	0	0	4	4	3	2
ENSG00000216375	527	238	415	871	513	467	508	431
ENSG00000236478	87	44	92	70	164	52	82	66
ENSG00000142776	360	378	234	436	339	357	343	395
ENSG00000128987	542	604	796	468	428	286	456	784
ENSG00000247361	26	32	28	30	10	22	21	28
ENSG00000200919	10686	4592	6994	3959	3311	2522	4657	2473
ENSG00000219761	702	198	934	324	600	286	376	267
ENSG00000111645	1043	1171	885	1030	1563	1104	751	1335
ENSG00000157377	4264	4443	4042	5131	6045	3330	4151	5987
ENSG00000200375	39	52	43	43	61	62	25	54
ENSG00000164381	48	46	69	53	85	53	129	35
ENSG00000240550	224	167	154	191	211	147	194	151
ENSG00000154381	1456	1608	1997	1635	1337	449	1315	1134
ENSG00000136203	1745	1152	1859	1515	1848	2362	2170	1457
ENSG00000163327	3	1	3	1	0	4	5	6
ENSG00000189346	2671	2727	1279	4407	3040	1981	1711	3344
ENSG00000162944	36	38	53	62	77	99	19	84
ENSG00000142299	388	331	488	543	557	268	281	404
ENSG00000133739	8	11	11	9	3	6	9	1
ENSG00000114026	27	24	28	27	22	22	14	10
ENSG00000226437	263	742	406	444	258	383	285	343
ENSG00000177191	1	3	8	1	4	0	2	4
ENSG00000222534	486	530	663	515	547	1054	644	720
ENSG00000203857	31	46	50	38	53	14	47	38
ENSG00000218823	543	295	482	265	617	330	453	315
ENSG00000243772	170	161	247	238	245	187	190	140
ENSG00000154157	32	63	45	28	46	49	25	43
ENSG00000138409	1146	2329	1683	1864	2608	1252	2768	4134
ENSG00000155125	23215	11715	14346	13895	22255	11862	16416	8455
ENSG00000113116	482	511	666	455	1832	361	859	384
ENSG00000212833	6	6	7	3	3	4	2	7
ENSG00000195379	139	172	188	151	154	160	196	229
ENSG00000223412	85	29	95	102	170	73	70	88
ENSG00000169948	534	1361	1042	598	782	1130	369	977
ENSG00000182940	299	115	139	150	256	167	112	130
ENSG00000149023	12869	14797	6662	9108	8925	10308	11055	9497
ENSG00000200288	797	483	374	231	424	623	615	409
ENSG00000127652	407	456	891	551	325	211	749	625
ENSG00000245266	49	82	113	60	66	136	61	71
ENSG00000115391	12	29	25	23	9	12	29	38
ENSG00000235212	135	87	153	127	112	136	136	118
ENSG00000150588	102	122	216	326	214	207	228	232
ENSG00000178021	253	378	727	331	211	406	615	258
ENSG00000209343	87	170	176	250	166	174	229	222
ENSG00000156766	134	111	89	102	78	70	99	55
ENSG00000157554	142	127	167	172	140	187	147	157
ENSG00000243938	91	62	129	55	232	31	168	51
ENSG00000128621	10	23	11	8	12	23	18	20
ENSG00000101587	24	30	16	16	17	10	21	46
ENSG00000125745	461	362	367	391	425	395	756	420
ENSG00000223115	571	752	414	391	662	671	481	745
ENSG00000119431	97	77	80	92	118	112	65	78
ENSG00000187455	114	74	101	117	124	129	100	84
ENSG00000153023	524	375	432	319	338	642	391	412
ENSG00000225625	108	151	87	98	176	83	210	205
ENSG00000144372	60534	59636	62624	54740	82576	81698	34566	36395
ENSG00000138469	240	188	113	159	219	180	189	199
ENSG00000175745	99	49	112	45	53	46	84	31
ENSG00000153251	9	5	4	1	9	2	7	3
ENSG00000108907	136	189	225	252	147	294	276	143
ENSG00000134101	1708	1332	1357	840	860	1533	875	1212
ENSG00000201359	189	79	113	131	99	141	157	215
ENSG00000147207	852	2850	1334	1107	1316	2030	1991	1167
ENSG00000130593	115	28	173	38	94	52	106	35
ENSG00000243319	128	117	149	174	72	94	101	109
ENSG00000138188	152	132	338	135	125	103	128	72
ENSG00000211070	33	28	38	38	51	24	19	36
ENSG00000168574	7	6	6	10	6	7	13	13
ENSG00000205927	25	20	25	24	41	31	33	30
ENSG00000110588	3	3	2	2	5	7	5	3
ENSG00000241358	778	449	419	466	712	777	996	718
ENSG00000225132	152	134	101	94	137	132	278	164
ENSG00000106525	81	68	137	112	75	137	195	100
ENSG00000164548	69	19	45	57	42	38	50	54
ENSG00000102742	1059	545	822	751	1521	1415	1188	879
ENSG00000244080	27	34	29	52	25	25	37	36
ENSG00000212304	3695	5654	4243	4487	4530	6667	3876	4891
ENSG00000153677	1327	1007	1654	1257	1386	714	748	1905
ENSG00000146591	48	51	47	17	54	26	30	17
ENSG00000208932	101	91	93	132	128	92	107	101
ENSG00000216297	540	855	531	707	598	601	311	257
ENSG00000149340	1610	1757	1217	1440	3033	1286	1838	1559
ENSG00000207338	48	15	25	52	23	36	19	21
ENSG00000246501	52	67	45	44	52	29	15	48
ENSG00000151697	21168	19140	15454	23994	35492	21975	12490	20971
ENSG00000237920	630	1204	1229	653	652	770	876	602
ENSG00000205040	710	564	558	1231	669	411	1528	701
ENSG00000148546	6551	8761	10035	6288	6277	7848	6648	7122
ENSG00000246631	160	523	298	245	325	435	157	370
ENSG00000137646	54	55	43	45	39	71	86	33
ENSG00000155812	4	10	3	8	1	6	3	4
ENSG00000133018	795	1249	863	547	669	900	398	1049
ENSG00000234940	19	10	8	22	17	13	15	16
ENSG00000184217	418	459	633	321	471	502	489	374
ENSG00000151259	3	1	5	7	2	1	2	2
ENSG00000122110	42	44	37	28	29	59	84	52
ENSG00000161926	166	243	133	136	144	128	95	74
ENSG00000209551	3	17	8	11	16	11	16	14
ENSG00000164911	60	37	44	31	37	41	71	39
ENSG00000235399	31	28	29	36	28	17	29	18
ENSG00000211374	126	258	158	95	117	83	321	252
ENSG00000145843	12	4	2	9	9	16	8	29
ENSG00000156138	122	57	86	84	96	74	119	67
ENSG00000232991	1538	1838	1314	3214	3217	2279	1531	2645
ENSG00000235226	2212	3313	1689	2553	3088	2953	3797	1633
ENSG00000236595	6470	8243	10161	6413	7735	5812	7132	3929
ENSG00000208928	263	212	377	303	469	393	465	157
ENSG00000180693	80	103	93	46	77	86	62	66
ENSG00000231244	454	335	185	470	194	314	302	173
ENSG00000151800	1001	821	894	487	724	904	395	372
ENSG00000203079	336	285	580	186	282	266	663	182
ENSG00000148013	2598	2373	4521	2131	3165	4820	2098	2594
ENSG00000225371	45	42	19	56	42	54	22	28
ENSG00000205900	88	93	77	77	71	139	74	102
ENSG00000242065	2	19	5	6	4	1	11	7
ENSG00000161799	59	101	27	52	45	86	73	101
ENSG00000113231	3411	1169	1894	2194	2134	2484	2571	407
ENSG00000106689	126	138	158	209	121	163	120	167
ENSG00000242685	717	812	448	432	631	1061	673	626
ENSG00000115013	372	326	121	246	277	379	298	272
ENSG00000149064	1319	1046	1220	759	523	758	804	1639
ENSG00000207554	46	13	27	51	35	19	35	12
ENSG00000214918	406	580	362	570	298	336	422	404
ENSG00000147371	551	536	419	416	886	742	1066	608
ENSG00000150323	1076	1598	692	648	1067	846	1331	1504
ENSG00000223598	1470	2363	2286	1282	3215	2351	2074	3369
ENSG00000155143	56	57	59	46	43	43	66	50
ENSG00000136239	9	8	8	6	6	9	5	7
ENSG00000195068	19	14	40	41	36	17	45	52
ENSG00000139245	1662	3872	1414	2266	1909	1684	2534	2042
ENSG00000130651	3	24	19	9	9	20	24	23
ENSG00000246681	13	18	12	11	6	5	7	12
ENSG00000113876	6	9	13	7	8	19	13	13
ENSG00000137659	14	5	13	9	13	13	2	10
ENSG00000129178	870	965	515	307	901	1076	398	531
ENSG00000114298	17	44	37	25	18	47	27	40
ENSG00000249470	83	41	72	53	33	25	34	24
ENSG00000132069	1847	1591	1419	1561	1151	1631	1821	1284
ENSG00000183532	961	724	611	793	1090	1028	1914	482
ENSG00000160951	2926	910	2386	464	1483	539	1762	1031
ENSG00000224140	27	17	32	29	26	33	20	20
ENSG00000163701	3	7	5	4	3	4	3	5
ENSG00000182906	461	205	351	301	154	190	227	322
ENSG00000239314	3682	3617	4167	2582	2663	7803	4243	5683
ENSG00000196468	38	72	90	107	105	54	100	42
ENSG00000180321	147	138	141	85	202	82	119	68
ENSG00000175866	2	1	0	2	0	0	3	1
ENSG00000103250	3600	3122	7634	8261	2893	5358	6047	4178
ENSG00000185048	80	109	137	68	88	65	54	118
ENSG00000125857	2	6	2	4	12	4	4	9
ENSG00000224366	186	147	83	164	195	86	88	85
ENSG00000177851	39	58	26	35	40	61	47	47
ENSG00000127594	741	863	380	441	406	645	526	545
ENSG00000148354	6146	6230	17592	8524	4549	11945	8880	18546
ENSG00000218118	19	35	23	37	20	39	44	30
ENSG00000209554	178	123	106	158	179	284	161	271
ENSG00000164325	69	83	61	39	79	82	75	92
ENSG00000147161	44	35	64	30	37	52	26	45
ENSG00000158797	273	322	234	343	387	446	221	420
ENSG00000185200	2700	2059	2787	2778	1730	3730	4330	2471
ENSG00000138453	331	319	551	203	361	275	387	297
ENSG00000207322	228	89	129	45	136	49	164	66
ENSG00000186186	436	334	646	538	401	385	471	395
ENSG00000165935	528	217	725	234	628	257	387	346
ENSG00000240806	348	844	534	1003	689	1019	904	797
ENSG00000246160	54	64	50	89	54	24	50	39
ENSG00000205591	203	159	222	214	93	138	279	114
ENSG00000240647	9049	1913	5961	3133	10995	4203	7169	2536
ENSG00000167895	98	225	102	67	96	171	182	260
ENSG00000233205	521	955	827	1670	1100	1407	1303	856
ENSG00000122482	126	87	111	210	194	96	122	175
ENSG00000124581	76	179	161	220	186	179	138	86
ENSG00000237486	47	36	53	36	31	18	37	27
ENSG00000193504	46515	57425	42237	52782	27243	70558	37260	21459
ENSG00000145039	2542	1620	1491	1504	2185	2288	1850	1570
ENSG00000192400	2233	1480	2026	857	2069	1720	557	1609
ENSG00000177320	1941	2231	884	1465	1797	1617	710	2354
ENSG00000110443	19	7	17	14	7	32	26	27
ENSG00000113182	22	49	24	53	27	13	45	29
ENSG00000119505	81	62	81	114	92	77	96	66
ENSG00000184760	4	2	4	1	3	4	6	8
ENSG00000151208	36	17	37	13	15	15	52	31
ENSG00000193824	751	477	1305	770	603	1413	852	1144
ENSG00000217077	2	4	1	4	2	0	3	0
ENSG00000177847	23	47	39	21	22	16	12	21
ENSG00000248969	183	82	356	104	264	169	211	103
ENSG00000146929	80	106	107	123	81	107	162	157
ENSG00000204335	196	168	151	137	183	221	74	116
ENSG00000221587	25	29	49	16	60	18	23	26
ENSG00000237013	583	457	1176	1728	788	1106	1107	753
ENSG00000188872	1	2	0	0	2	1	1	0
ENSG00000170363	433	363	358	156	226	215	310	260
ENSG00000157506	10	3	6	5	6	1	31	7
ENSG00000234558	22	29	36	22	31	30	38	63
ENSG00000134947	346	182	184	114	123	99	317	119
ENSG00000123321	3127	5430	2636	3559	3113	4906	3806	3019
ENSG00000133390	17	9	8	36	15	21	14	11
ENSG00000110630	7	9	9	6	12	9	13	8
ENSG00000192709	1052	633	1220	1398	1040	879	1051	764
ENSG00000119809	232	116	197	88	346	101	231	143
ENSG00000244235	303	160	186	104	141	129	316	92
ENSG00000122927	298	494	405	421	183	589	303	206
ENSG00000120594	1600	884	1264	1219	1126	1429	1181	986
ENSG00000212652	197	183	124	216	302	248	105	298
ENSG00000105671	2	5	3	3	0	1	3	2
ENSG00000183827	81	93	90	96	84	148	125	56
ENSG00000223443	158	164	126	107	106	118	100	142
ENSG00000213869	4	10	10	11	20	24	15	10
ENSG00000138839	14	13	23	18	26	20	15	22
ENSG00000150233	600	532	546	1010	471	505	483	411
ENSG00000140544	229	107	299	255	230	270	229	347
ENSG00000161692	23	24	19	18	22	20	24	26
ENSG00000120559	499	272	319	324	302	628	543	141
ENSG00000100462	214	198	45	227	100	215	296	295
ENSG00000190239	4	17	12	10	4	13	9	10
ENSG00000246083	126	90	142	103	68	71	87	82
ENSG00000212120	5	4	13	14	5	7	4	11
ENSG00000185277	30	25	30	25	26	15	19	23
ENSG00000152696	425	217	301	217	155	152	371	159
ENSG00000190112	17	10	18	9	16	15	14	18
ENSG00000248385	11	11	2	13	17	11	14	14
ENSG00000210441	314	295	423	225	217	504	465	381
ENSG00000149897	17	16	13	12	25	23	25	20
ENSG00000220556	120	53	38	128	85	99	51	97
ENSG00000116016	78	105	67	80	98	41	112	54
ENSG00000145306	88	86	84	100	151	86	68	100
ENSG00000124905	237	389	406	291	281	330	247	443
ENSG00000206932	77	81	77	89	53	45	81	72
ENSG00000217929	26	55	15	28	30	21	25	33
ENSG00000140062	41	58	52	60	55	86	89	57
ENSG00000209531	1763	1683	1403	1463	707	1301	1556	1809
ENSG00000131674	575	896	1236	590	1065	547	1171	837
ENSG00000167570	164	165	76	131	226	148	121	120
ENSG00000225872	1330	1143	1888	1185	2957	986	2090	1777
ENSG00000207915	1319	717	305	447	478	460	752	545
ENSG00000171504	22	12	12	16	36	15	20	30
ENSG00000140719	1937	2635	3301	1590	3040	2807	2008	5529
ENSG00000232747	80737	25180	95687	40985	92026	29844	73944	68359
ENSG00000123838	342	252	284	192	376	545	163	272
ENSG00000133231	18	6	13	10	9	5	20	6
ENSG00000122597	2404	3150	3770	4516	2905	4009	2906	1967
ENSG00000226586	630	477	339	767	387	421	344	782
ENSG00000105175	125	159	47	88	106	136	98	80
ENSG00000222884	3	2	1	2	3	4	3	11
ENSG00000165636	137	207	99	83	68	175	127	108
ENSG00000183608	87	81	111	53	72	53	89	111
ENSG00000128677	216	63	204	60	138	71	198	100
ENSG00000156851	97	15	66	83	55	35	61	54
ENSG00000167162	1168	759	1671	731	1528	824	3254	1524
ENSG00000242069	61	91	90	56	45	44	37	41
ENSG00000153271	333	279	407	272	489	185	370	371
ENSG00000222162	4	2	2	2	0	1	2	2
ENSG00000129422	18	31	10	19	21	14	33	31
ENSG00000145726	124	185	106	181	233	144	96	181
ENSG00000100697	22	29	42	29	14	17	20	11
ENSG00000117298	96	168	114	151	87	89	228	100
ENSG00000234203	124	118	97	134	135	83	218	116
ENSG00000152980	501	263	398	254	352	285	349	201
ENSG00000136101	107	103	101	91	77	133	50	60
ENSG00000161095	430	388	999	456	515	476	446	481
ENSG00000127350	14	6	3	7	9	9	8	4
ENSG00000150678	65	37	87	47	49	39	59	64
ENSG00000184563	4331	1976	2864	2520	3661	2842	1963	4390
ENSG00000163864	143	71	213	64	183	53	67	73
ENSG00000229802	2538	3669	2339	5354	3159	2847	2679	1418
ENSG00000244681	167	389	246	228	225	177	233	296
ENSG00000136011	70	84	73	51	96	137	119	117
ENSG00000170971	242	137	200	191	180	157	169	127
ENSG00000229372	3824	3041	3523	3262	3937	4543	5193	3394
ENSG00000249329	167	51	210	92	101	65	80	64
ENSG00000122065	17	29	23	10	34	9	14	19
ENSG00000154969	315	502	526	284	533	207	423	277
ENSG00000166631	633	299	780	456	309	698	823	447
ENSG00000182919	878	1218	774	609	1162	1108	1506	971
ENSG00000234611	1	4	12	5	7	10	4	4
ENSG00000244264	242	450	205	198	347	394	379	246
ENSG00000185327	172	156	154	160	103	122	258	209
ENSG00000236162	110	103	66	115	108	85	99	33
ENSG00000115315	28	69	39	49	31	53	80	41
ENSG00000224858	193	438	405	302	227	396	480	518
ENSG00000243066	104	96	86	157	154	70	199	137
ENSG00000211363	114	111	104	131	136	173	132	117
ENSG00000197112	7349	5828	7651	6921	7508	15749	8204	10538
ENSG00000183726	146	159	138	208	119	146	186	186
ENSG00000242897	13	10	20	8	19	15	9	23
ENSG00000148541	34	27	21	36	31	27	37	15
ENSG00000147344	33	46	33	44	32	61	13	42
ENSG00000218745	4	8	6	2	5	2	11	2
ENSG00000167822	1735	880	1112	2019	1753	1312	1433	757
ENSG00000117010	6930	3906	5458	5930	8231	6187	9813	4427
ENSG00000150486	91	34	116	33	86	54	76	64
ENSG00000196116	1090	650	899	1164	901	1100	1181	1204
ENSG00000111476	45	24	38	28	32	43	34	40
ENSG00000125984	26	67	20	35	23	35	23	39
ENSG00000114628	6	3	2	10	6	5	8	4
ENSG00000231358	186	58	164	106	122	93	195	192
ENSG00000100157	1582	1585	1183	911	2085	2215	1570	886
ENSG00000224585	1589	1450	2468	1082	1481	1057	1768	2483
ENSG00000194349	590	328	483	315	221	349	361	486
ENSG00000166473	105	105	191	59	197	100	116	39
ENSG00000182823	1995	2272	947	2092	1727	2067	1237	1206
ENSG00000154762	4707	6231	4586	2657	4301	3345	5130	5768
ENSG00000208446	46	35	74	12	64	19	39	26
ENSG00000126026	258	273	243	194	189	432	199	223
ENSG00000132361	205	129	113	137	171	128	121	126
ENSG00000186755	37	62	33	31	45	32	33	38
ENSG00000249664	12	14	13	7	17	12	12	26
ENSG00000109622	14	24	29	29	43	32	20	41
ENSG00000103890	209	164	226	181	245	197	221	236
ENSG00000196324	279	171	227	264	125	166	268	217
ENSG00000100076	253	358	172	231	243	175	145	175
ENSG00000133480	1974	2567	1350	1062	1895	2060	2148	2342
ENSG00000233844	99	35	92	40	80	42	73	17
ENSG00000216322	16	12	6	10	7	11	17	12
ENSG00000168133	17	4	6	26	15	19	12	14
ENSG00000114064	259	409	507	271	409	289	407	348
ENSG00000176300	45	24	63	53	20	43	48	44
ENSG00000103511	8	4	1	3	9	5	2	5
ENSG00000162572	1192	1428	594	1218	574	1098	750	987
ENSG00000170361	3843	1584	2291	2616	1652	2767	1741	1367
ENSG00000193488	116	313	313	176	199	85	247	116
ENSG00000142336	544	550	576	440	340	592	474	428
ENSG00000117099	7	9	9	16	9	7	12	15
ENSG00000124786	11	8	12	10	13	4	7	8
ENSG00000189610	135	233	83	273	155	182	176	185
ENSG00000115557	195	231	302	251	322	265	359	205
ENSG00000159553	108	104	114	141	118	96	52	53
ENSG00000165639	82	93	149	155	72	106	59	58
ENSG00000159153	34	15	38	37	16	28	63	60
ENSG00000180739	1519	2721	2563	3383	2724	3165	2948	3761
ENSG00000141489	26	20	27	28	22	26	41	37
ENSG00000120506	294	153	289	63	310	64	195	176
ENSG00000211111	1581	728	1627	826	1172	623	948	934
ENSG00000124021	16	15	15	18	30	16	19	16
ENSG00000207268	199	106	282	121	195	287	144	277
ENSG00000209258	114	113	102	107	96	93	168	65
ENSG00000210912	281	525	657	511	428	264	765	341
ENSG00000245922	0	3	3	1	1	0	1	0
ENSG00000182241	60	54	69	66	84	44	127	88
ENSG00000190844	25	31	21	34	40	24	37	14
ENSG00000188741	1989	826	992	1905	1437	2211	1410	1406
ENSG00000211591	111	153	130	177	158	157	127	240
ENSG00000224230	119	50	126	37	77	47	64	61
ENSG00000209785	957	883	1162	1111	1125	551	3553	428
ENSG00000178742	546	427	429	898	413	297	409	201
ENSG00000190033	1317	1017	1183	709	764	1397	1197	790
ENSG00000241139	755	1039	1687	1191	907	1157	1124	1207
ENSG00000118607	534	256	697	764	698	708	566	588
ENSG00000164349	108	37	143	40	77	47	59	32
ENSG00000179454	322	234	392	68	412	226	458	286
ENSG00000141792	158	454	341	260	235	303	258	468
ENSG00000143857	277	293	271	241	402	322	403	432
ENSG00000136253	155	148	387	157	399	174	385	261
ENSG00000149329	154	167	183	230	122	91	232	326
ENSG00000191493	58	99	98	53	52	49	49	41
ENSG00000157011	162	167	158	74	187	151	90	121
ENSG00000114870	31	24	23	20	15	13	16	6
ENSG00000117872	29	12	19	33	35	12	27	20
ENSG00000106393	691	756	235	391	480	516	936	569
ENSG00000214410	148	131	145	53	150	46	147	33
ENSG00000104467	119	262	110	171	190	350	107	139
ENSG00000155553	46	73	42	54	64	51	31	71
ENSG00000191376	7	4	8	2	6	5	6	5
ENSG00000160766	54	72	82	53	137	76	33	81
ENSG00000187213	3182	4397	4397	2960	2540	4453	2331	4846
ENSG00000248826	161	66	78	66	205	107	81	175
ENSG00000149249	27	45	28	45	76	32	48	50
ENSG00000169320	425	529	479	620	511	383	445	718
ENSG00000174559	41	33	77	83	67	61	82	77
ENSG00000228336	30	43	40	39	59	54	72	41
ENSG00000165890	5	7	4	14	3	8	5	5
ENSG00000230249	6	8	6	4	1	2	2	7
ENSG00000208768	547	234	415	319	405	284	227	255
ENSG00000122216	163	145	155	162	201	248	88	184
ENSG00000212495	352	163	141	265	290	219	404	119
ENSG00000177914	547	551	648	696	575	519	469	949
ENSG00000127479	137	74	81	66	131	66	93	118
ENSG00000244897	110	118	103	79	180	175	92	156
ENSG00000127054	33	19	14	23	38	27	19	26
ENSG00000118829	9	31	22	31	38	27	26	25
ENSG00000217871	17	41	35	6	50	19	24	26
ENSG00000121326	914	510	892	1128	1083	636	1017	1408
ENSG00000215213	1494	720	1233	331	532	699	1761	711
ENSG00000248763	25	24	12	14	28	16	14	13
ENSG00000132111	51	92	83	56	65	61	109	93
ENSG00000181362	145	254	148	110	204	161	125	216
ENSG00000243723	15	19	15	11	31	14	14	18
ENSG00000137742	844	425	345	701	770	480	223	392
ENSG00000202058	22	15	22	28	67	25	31	40
ENSG00000134251	78	28	34	42	59	37	21	54
ENSG00000192068	38	64	85	72	58	85	73	93
ENSG00000104644	4	0	2	4	5	6	3	2
ENSG00000101374	3	4	2	2	2	7	1	1
ENSG00000171663	26	39	34	17	17	15	18	18
ENSG00000136656	1342	1510	1633	1190	1476	1047	1072	1412
ENSG00000210467	257	632	265	659	597	309	400	784
ENSG00000116498	307	281	533	399	391	396	277	304
ENSG00000233349	61	32	52	33	42	41	43	46
ENSG00000215486	36	65	60	61	55	41	40	60
ENSG00000143622	184	91	132	205	126	182	85	69
ENSG00000209817	474	182	330	217	353	149	439	125
ENSG00000169869	5	5	2	7	5	11	6	8
ENSG00000217013	20	38	58	18	56	22	97	35
ENSG00000139670	28	37	31	33	75	18	36	44
ENSG00000199781	2001	2970	1343	3585	2080	2053	1136	2022
ENSG00000151564	76	17	133	51	78	40	117	58
ENSG00000147921	28	19	28	18	33	14	43	25
ENSG00000246230	677	1095	1121	897	379	621	732	313
ENSG00000144859	37	60	61	62	60	40	54	86
ENSG00000130021	1079	673	764	1358	895	771	851	563
ENSG00000109983	9	23	25	19	26	24	38	27
ENSG00000173864	3936	9688	4505	8289	5034	7303	5841	6416
ENSG00000132626	183	53	121	75	75	136	98	153
ENSG00000248296	175	175	180	246	155	161	207	79
ENSG00000120339	123	54	108	104	120	72	102	72
ENSG00000194884	107	159	152	126	87	140	113	56
ENSG00000199866	103	172	137	162	150	152	209	243
ENSG00000178903	94	55	69	47	69	63	64	41
ENSG00000192483	1822	2245	2931	2669	1568	1757	1316	1767
ENSG00000115153	2	1	0	6	2	1	1	0
ENSG00000227903	10	14	10	10	13	13	16	25
ENSG00000243292	117	49	53	74	73	59	73	62
ENSG00000215637	82	70	114	84	110	140	296	116
ENSG00000211573	1614	2696	3197	1948	2648	4011	2151	1620
ENSG00000142880	576	316	281	639	375	570	442	568
ENSG00000216354	209	167	102	61	157	286	188	164
ENSG00000176641	18	24	23	20	17	27	23	23
ENSG00000246096	7804	11976	11666	7831	5745	6069	8790	5617
ENSG00000189061	1078	906	931	628	980	434	921	905
ENSG00000121192	12676	23097	37559	20763	20900	29318	20528	18431
ENSG00000238024	7	6	17	6	15	16	19	6
ENSG00000159317	7804	4361	5414	5953	2394	5936	4781	3125
ENSG00000176947	91	124	142	239	130	128	144	134
ENSG00000214412	27	21	30	29	8	49	53	22
ENSG00000150382	236	214	126	489	171	395	169	270
ENSG00000182798	202	170	212	124	173	185	236	117
ENSG00000174887	68	80	51	79	89	70	58	92
ENSG00000169507	7	7	7	6	13	4	9	8
ENSG00000149687	76	19	72	38	93	37	23	70
ENSG00000214773	9	20	15	7	6	7	16	27
ENSG00000122881	233	216	388	111	518	111	296	94
ENSG00000227590	7	7	7	10	15	4	5	14
ENSG00000225437	249	303	183	269	224	182	332	168
ENSG00000219171	46	48	77	75	49	100	52	63
ENSG00000177516	1259	723	1394	886	761	1040	1176	785
ENSG00000119111	17	17	33	12	37	37	30	19
ENSG00000164284	15	23	12	20	11	13	9	11
ENSG00000187494	6	7	7	10	5	13	12	8
ENSG00000159734	228	184	373	303	225	335	260	179
ENSG00000241279	32768	39909	49457	51392	41609	49028	46375	52934
ENSG00000119987	14	11	17	9	14	7	18	10
ENSG00000170678	31	46	61	50	37	48	56	43
ENSG00000236196	3859	1613	1493	4000	3333	4754	3143	2179
ENSG00000137014	654	375	422	868	690	389	840	458
ENSG00000177916	1553	1436	1894	4018	2527	1798	2632	2114
ENSG00000205853	292	278	295	229	141	201	228	289
ENSG00000128784	306	273	413	339	585	154	402	264
ENSG00000180502	122	150	43	235	96	153	96	168
ENSG00000203996	20	15	17	19	19	9	9	17
ENSG00000166594	269	297	156	241	275	248	230	192
ENSG00000117930	16	15	17	20	27	18	19	20
ENSG00000190374	470	522	275	442	252	341	442	513
ENSG00000222301	0	2	0	2	0	2	0	0
ENSG00000129564	1	1	1	4	3	3	3	4
ENSG00000220576	86	107	86	111	119	77	96	85
ENSG00000199317	75	228	172	130	194	221	211	99
ENSG00000142355	7008	6402	4272	5821	7635	3660	2976	3324
ENSG00000231166	24	30	17	32	10	19	13	38
ENSG00000116499	407	366	487	397	262	511	245	387
ENSG00000223155	5	3	2	1	4	1	3	2
ENSG00000114276	11943	10571	5139	13113	16195	6758	13651	21238
ENSG00000104831	2	1	1	3	0	0	2	0
ENSG00000118192	1254	1876	1234	2007	3754	2280	2209	1127
ENSG00000226917	74	59	50	59	60	66	63	57
ENSG00000226295	4	0	3	2	1	9	1	3
ENSG00000210066	34	35	26	38	30	32	41	43
ENSG00000165354	916	976	627	657	744	563	406	423
ENSG00000208789	103	129	95	98	87	62	71	83
ENSG00000217324	31	28	24	32	9	10	18	24
ENSG00000173470	259	115	96	110	180	173	145	149
ENSG00000219315	56	42	107	136	82	118	111	95
ENSG00000119309	627	1357	383	863	854	720	788	621
ENSG00000125040	693	502	457	720	477	472	275	483
ENSG00000177717	54	37	87	47	118	56	126	50
ENSG00000218717	14	27	35	18	41	17	25	27
ENSG00000125293	151	143	168	113	90	121	225	139
ENSG00000149042	47	67	109	104	60	35	54	90
ENSG00000202426	223	180	176	251	72	253	194	166
ENSG00000150523	14	14	12	14	14	12	4	16
ENSG00000134740	125	129	147	97	208	123	141	113
ENSG00000193797	16	16	15	30	9	21	9	20
ENSG00000135839	222	310	378	279	221	357	280	261
ENSG00000203003	149	129	140	332	137	193	191	82
ENSG00000115949	134	71	143	134	112	38	101	82
ENSG00000233515	3	6	8	2	6	7	2	3
ENSG00000196019	1646	1126	1102	1312	752	352	698	578
ENSG00000230763	25	26	11	21	19	17	27	9
ENSG00000117261	26	58	59	28	22	21	28	37
ENSG00000236806	82	79	81	113	142	107	101	79
ENSG00000109949	184	368	320	208	93	162	169	372
ENSG00000231789	29	40	43	58	32	40	45	34
ENSG00000143335	27	30	45	32	35	26	50	34
ENSG00000100973	8	9	4	5	8	3	3	9
ENSG00000103717	1084	946	417	732	1247	795	462	943
ENSG00000203847	60	44	34	40	30	35	50	47
ENSG00000102084	48	43	34	67	39	26	39	40
ENSG00000110120	0	3	2	2	4	1	2	1
ENSG00000103308	37	23	17	35	51	55	33	21
ENSG00000117354	920	594	548	609	463	667	288	496
ENSG00000233692	591	969	1241	1396	660	1183	976	1223
ENSG00000233433	19	17	12	7	8	23	18	22
ENSG00000106720	105	100	95	118	116	152	80	215
ENSG00000124633	609	222	260	272	410	469	407	734
ENSG00000143538	14	14	9	6	7	6	14	8
ENSG00000147463	30	59	34	29	58	39	73	79
ENSG00000142097	360	564	705	366	443	379	395	603
ENSG00000117794	1194	821	842	411	1406	870	1102	826
ENSG00000162608	5	7	4	13	12	11	10	5
ENSG00000103414	9	16	12	18	28	19	9	14
ENSG00000191703	1050	862	1250	1434	1616	1737	856	1031
ENSG00000126232	48	57	35	56	69	53	64	69
ENSG00000106231	375	213	470	276	244	218	729	134
ENSG00000228294	16	4	20	7	8	14	1	14
ENSG00000126475	787	738	908	1279	597	993	1448	817
ENSG00000205448	130	217	178	282	381	195	334	121
ENSG00000114437	1583	1526	1357	1963	2553	2174	2608	2788
ENSG00000124162	19	22	37	12	38	24	52	17
ENSG00000207432	46	96	20	26	29	28	37	51
ENSG00000115903	3	13	17	7	9	8	6	3
ENSG00000125018	3	16	7	2	13	9	10	15
ENSG00000248756	6	10	7	8	11	7	4	14
ENSG00000141442	112	109	144	96	226	179	259	133
ENSG00000152076	21	17	12	23	31	13	8	18
ENSG00000111869	86	114	99	97	130	88	94	57
ENSG00000170606	21	23	17	21	24	9	17	34
ENSG00000120953	429	137	214	226	378	247	564	177
ENSG00000141537	514	670	469	422	779	455	464	806
ENSG00000195451	471	317	449	520	342	567	468	294
ENSG00000200419	756	829	628	513	469	683	290	774
ENSG00000170400	87	66	81	78	78	65	57	44
ENSG00000202417	442	438	337	416	569	415	314	362
ENSG00000106568	46	57	57	86	68	55	17	98
ENSG00000213946	40	15	40	20	35	16	51	17
ENSG00000160351	11	3	8	8	6	8	7	3
ENSG00000210354	90	130	92	83	68	55	91	78
ENSG00000114125	146	231	140	241	295	257	122	120
