gene_id	N61311_untreated	N61311_dex	N052611_untreated	N052611_dex	N080611_untreated	N080611_dex	N61311R_untreated	N61311R_dex
ENSG00000075624	29.826712428472167	50.496495221341625	38.592470131265856	70.74754021655983	25.83876793371987	71.77529169132883	38.097288723998595	40.00884995761062
ENSG00000111640	144.81900625648123	99.18235913992599	174.95253126173853	97.27786779776977	117.9355193546214	160.02026787840168	71.64564745110184	184.04070980500885
ENSG00000166710	35.26680463240734	53.11185154754657	69.65021990357029	90.4442985723066	40.6037781815598	68.11536180338572	53.26038871364978	73.61628392200355
ENSG00000165704	2.6262514087962914	1.8106313027572696	2.389057674792648	2.2108606317674946	2.583876793371987	2.2366238204096804	2.084926248577038	1.6003539983044248
ENSG00000256269	423.95201313425844	321.28646561148435	422.679434771007	176.66786321123888	294.7465170725045	199.66950833111875	473.2782584269876	223.44942701325533
ENSG00000073578	69.03289417407395	65.18272689926171	62.66682054648408	47.23202258776011	51.308410611243744	103.69801349172154	54.966237462485545	90.62004515398806
ENSG00000112592	12.193310112268495	5.23071265240989	7.718494026253171	5.828632574659759	8.674443520605955	11.589777978486525	17.437564988098863	14.003097485163718
ENSG00000089157	111.42809548749979	62.56737057305676	67.26116222877764	129.83781528380013	74.00961386729763	89.0582939399491	56.10346996170938	115.02544362813055
ENSG00000164924	62.09208687939803	37.62089484617882	107.87514270025265	86.22356463893229	129.56296492479535	53.27231281339421	194.6562961171471	53.21177044362213
ENSG00000196262	17.63340231620367	54.52012033858001	40.9815278060585	36.981668749565365	29.89914575187585	62.01547865681386	27.483118731242772	104.22305413957567
ENSG00000217219	64.53074890185172	24.946475726877935	50.353984837937354	14.471087771569056	65.51973297478966	35.989310564773945	51.36500121494339	12.402743486859293
ENSG00000191236	65.65628521990729	51.70358275651314	62.29927321190059	65.92384429270346	48.53997118977375	76.24853933214818	81.50166244437511	40.608982706974786
ENSG00000190714	15.382329680092564	4.627168884824133	22.2366137423008	5.627645244499077	10.520069801585946	4.269918202600299	15.731716239263106	5.601238994065487
ENSG00000126646	17.820991702546262	15.89331921309159	10.10755170104582	13.868125781087011	13.103946594957934	23.586214833411173	14.594483740039264	14.603230234527878
ENSG00000243097	17.070634157175892	7.644887722752915	9.556230699170593	7.034556555623847	8.489880892507957	14.843048989991516	12.320018741591587	8.201814241310178
ENSG00000102724	114.61711505532386	96.56700281372105	131.94949311547086	90.84627323262796	93.38868981758753	94.54818877186376	104.62538992859317	78.41734591691682
ENSG00000105017	24.57420961087958	38.22443861376458	32.16039177605488	26.932302241531296	27.868956842797857	28.262791912449597	40.37175372244628	43.809690703583634
ENSG00000105246	17.820991702546262	16.295681724815427	12.864156710421952	14.270100441408376	13.103946594957934	15.859696181086823	26.15634748214829	15.803495733256197
ENSG00000108211	7.128396681018505	7.04134395516716	3.675473345834843	2.6128352920888576	7.013379867723964	7.3198597758862265	4.928007496636635	5.401194744277435
ENSG00000155562	28.51358672407402	18.70985679515845	18.7449140637577	19.897745685907452	11.996570826369938	10.166471910953094	17.05848748835758	24.805486973718587
ENSG00000230271	22.135547588425883	17.703950515848856	28.668692097511776	28.74118821297743	31.56020940475784	28.262791912449597	20.849262485770378	27.00597372138717
ENSG00000246198	23.63626267916662	16.094500468953505	14.701893383339373	21.907618987514265	11.258320313977942	28.262791912449597	9.28739874366135	12.402743486859293
ENSG00000223501	367.6751972314808	471.5688637403378	352.6616675328532	374.4393960893493	260.41786824627667	477.0108620619191	333.58819977232605	347.87695038142436
ENSG00000137930	452.2780104719899	265.9616202494567	565.4715742566906	167.8244206841689	344.20930140276823	270.02149395491415	144.61806615129817	280.8621267024266
ENSG00000219090	0.0	0.0	0.1837736672917422	0.20098733016068132	0.0	0.6099883146571856	0.0	0.0
ENSG00000237871	0.5627681590277767	0.8047250234476754	0.5513210018752265	0.40197466032136264	0.3691252561959982	0.20332943821906183	0.7581549994825593	1.2002654987283188
ENSG00000203499	17.445812929861077	19.91694433032997	24.074350415218223	20.701695006550178	24.362266908935876	13.623072360677144	15.731716239263106	15.803495733256197
ENSG00000247247	16.320276611805525	6.638981443443321	13.599251379588921	16.078986412854505	14.026759735447929	13.21641348423902	8.52924374417879	12.602787736647347
ENSG00000161818	39.76894990462955	46.67405135996517	41.53284880793373	30.952048844744922	30.637396264267842	49.00239461079391	40.94036997205819	20.404513478381418
ENSG00000242295	69.22048356041654	64.78036438753787	57.70493152960704	38.58956739085082	64.22779457810368	45.54579416106985	50.985923715202105	49.81101819722523
ENSG00000117344	1251.4087962914327	1734.7859692973261	1916.9431235201625	574.4217895992273	3217.6648582605158	1255.762610440926	1955.6608211652613	1174.0597020060839
ENSG00000245275	3.189019567824068	3.0177188379287827	2.0215103402091636	2.6128352920888576	5.352316214841973	4.676577079038423	4.738468746765995	2.200486747668584
ENSG00000109446	12.380899498611088	16.698044236539264	8.821136030003624	17.284910393818596	17.71801229740791	14.233060675334329	17.05848748835758	22.204911726473895
ENSG00000192988	1819.054279364117	1461.3806425809785	1602.3226051167	2608.4135708253225	778.1160400611641	1605.0825853012743	1414.7172290344554	2281.704713082534
ENSG00000222250	98.10924905717575	157.1225608281586	75.71475092419777	90.4442985723066	114.61339204885742	122.81098068431335	119.40941241850307	87.61938140716727
ENSG00000157552	119.49443910023126	81.27722736821521	106.22117969462697	142.0980424236017	89.14374937133356	47.9857474196986	109.5533974252298	104.42309838936373
ENSG00000243803	10.317416248842573	7.04134395516716	6.7996256897944605	2.8138226222495386	9.781819289193951	11.589777978486525	10.803708742626469	13.603008985587612
ENSG00000220872	0.9379469317129612	1.005906279309594	0.7350946691669688	0.8039493206427253	0.7382505123919963	1.8299649439715566	0.37907749974127963	0.8001769991522124
ENSG00000142547	42.207611927083256	45.26578256893174	32.34416544334662	37.78561807020809	44.664155999715774	21.552920451220555	38.097288723998595	42.60942520485531
ENSG00000149642	17.258223543518486	43.05278875445063	51.08907950710432	53.26164249258055	38.573589272481804	37.61594607052644	26.91450248163085	42.60942520485531
ENSG00000124415	3.5641983405092525	3.2189000937907015	1.4701893383339375	1.808885971446132	1.1073757685879944	3.8632593261621753	2.653542498188957	3.000663746820797
ENSG00000233644	9.567058703472204	8.248431490338673	8.269815028128399	6.431594565141802	4.983190958645975	5.083235955476547	7.581549994825592	7.201592992369912
ENSG00000234217	19.509296179629594	12.674419119300888	18.377366729174216	25.52539093040653	21.224702231269895	30.092756856421154	10.424631242885189	24.605442723930533
ENSG00000222013	4.8773240449073985	8.851975257924428	3.3079260112513587	5.828632574659759	5.167753586743974	9.353154158076846	2.084926248577038	5.201150494489381
ENSG00000197737	20.07206433865737	28.366557076530558	10.10755170104582	21.907618987514265	19.194513322191902	18.50297887793463	28.05173498085469	22.40495597626195
ENSG00000149258	45.20904210856473	31.987819682045096	25.728313420843904	33.76587146699447	26.946143702307864	31.922721800392715	19.332952486805258	39.80880570782257
ENSG00000243956	30.014301814814758	40.638613684107604	27.566050093761326	50.849794530652375	28.791769983287853	34.15934562080239	17.81664248784014	38.208451709518144
ENSG00000224496	8.44152238541665	5.633075164133728	9.37245703187885	16.68194840333655	16.795199156917914	15.453037304648701	11.751402491979668	10.602345238766816
ENSG00000154370	107.11353960162018	117.89221593508445	81.77928194482527	78.38505876266572	200.435014114427	102.68136630062624	96.6647624340263	160.83557682959471
ENSG00000185034	161.51446164097192	184.68439288124148	214.09632239487965	165.61356005240143	157.6164843956912	169.78008091291665	129.0758886619057	263.05818847128984
ENSG00000120835	31.5150169055555	44.46105754548407	39.87888580230805	50.44781987033102	36.72796299150182	57.948889892432625	56.10346996170938	14.003097485163718
ENSG00000127620	6.378039135648136	7.242525211029078	5.513210018752265	4.823695923856352	4.060377818155979	6.099883146571855	7.202472495084312	6.001327493641594
ENSG00000186215	324.90481714536975	99.58472165164983	147.3864811679772	82.20381803571867	283.67275938662453	122.20099236965616	199.0156873641718	138.03053235375666
ENSG00000193937	17.445812929861077	13.277962886886643	16.539630056256797	5.426657914338396	15.87238601642792	11.99643685492465	14.594483740039264	18.60411523028894
ENSG00000172942	167.7049113902775	255.50019494463692	187.63291430486876	172.44712927786458	125.50258710663937	113.45782652623652	153.3368486453476	137.23035535460446
ENSG00000129570	3.7517877268518447	4.425987628962214	3.3079260112513587	5.426657914338396	3.322127305763983	3.6599298879431132	4.548929996895355	2.6005752472446906
ENSG00000189709	140.69203975694418	142.2351478943766	123.12835708546726	115.56771484239177	160.2003611890632	148.02383102347704	154.2845423947008	209.8464180276677
ENSG00000119639	43.708327017824	19.11221930688229	25.176992418968677	15.476024422372461	45.402406512107774	27.65280359779241	31.46343247852621	25.80570822265885
ENSG00000180484	3.3766089541666604	1.8106313027572696	0.7350946691669688	4.622708593695671	3.137564677665984	2.2366238204096804	1.1372324992238387	0.8001769991522124
ENSG00000178748	19.509296179629594	11.467331584129374	9.37245703187885	19.495771025586087	10.520069801585946	11.386448540267462	13.078173741074146	25.605663972870797
ENSG00000216478	46.14698904027769	40.03506991652185	27.566050093761326	27.736251562174022	19.379075950289902	31.719392362173647	18.5747974873227	34.20756671375708
ENSG00000144960	80.1006679682869	89.32447760269196	47.59737982856122	42.0063520035824	59.7982915037517	36.80262831765019	48.71145871675443	44.009734953371684
ENSG00000138029	2.6262514087962914	5.029531396547971	1.8377366729174216	7.43653121594521	2.3993141652739878	4.473247640819361	4.738468746765995	5.601238994065487
ENSG00000239788	2.2510726361111066	4.828350140686052	1.6539630056256793	4.220733933374309	4.060377818155979	3.0499415732859276	8.150166244437512	2.8006194970327436
ENSG00000201025	29.263944269444387	35.2067197758358	73.50946691669687	26.530327581209935	19.194513322191902	63.03212584790918	25.398192482665735	32.20712421587655
ENSG00000110929	7.878754226388875	10.662606560681699	9.740004366462335	18.490834374782683	13.84219710734993	11.793107416705586	16.300332488875025	11.002433738342921
ENSG00000240007	79.9130785819443	42.650426242726795	106.22117969462697	86.82652662941433	84.52968366888356	40.05589932915518	67.47579495394777	33.00730121502877
ENSG00000198841	103.17416248842574	82.68549615924864	190.0219719796614	178.07477452236367	187.14650489137105	121.79433349321805	130.4026599110002	168.03716982196462
ENSG00000128723	0.5627681590277767	1.8106313027572696	1.102642003750453	0.602961990482044	0.7382505123919963	0.40665887643812365	0.7581549994825593	1.0002212489402655
ENSG00000117117	57.40235222083322	56.33075164133728	52.55926884543826	78.38505876266572	26.392455818013865	46.155782475727044	25.019114982924453	58.212876688323455
ENSG00000179340	366.92483968611043	363.9368918542112	331.89524312888636	487.3942756396522	156.6936712552012	239.72540766027393	204.701849860291	194.24296654419956
ENSG00000122781	19.884474952314775	7.644887722752915	20.39887706938338	9.446404517552022	17.71801229740791	15.65636674286776	20.28064623615846	18.60411523028894
ENSG00000138390	2.8138407951388835	9.455519025510187	4.594341682293554	5.225670584177715	5.352316214841973	5.896553708352793	4.548929996895355	6.601460243005753
ENSG00000172951	89.6677266717591	115.47804086474142	129.74420910796997	71.35050220704187	152.81785606514322	111.22120270582683	98.74968868260333	136.43017835545223
ENSG00000218333	34.51644708703697	66.38981443443322	36.20341245647321	46.227085936956705	25.654205305621872	44.93580584641266	30.89481622891429	113.02500113025
ENSG00000113416	260.1864788571755	118.29457844680827	133.23590878651308	188.72710302087978	137.1300326768133	180.75987057674598	293.7850622994917	153.03385108786063
ENSG00000138114	25.887335315277728	16.496862980677346	31.976618108763134	10.250353838194748	30.26827100807185	22.16290876587774	12.699096241332867	24.40539847414248
ENSG00000231122	2.0634832497685145	0.20118125586191885	1.6539630056256793	2.009873301606813	2.2147515371759887	2.2366238204096804	1.3267712490944785	1.2002654987283188
ENSG00000157421	49.89877676712953	19.51458181860613	26.64718175730261	54.66855380370532	50.570160098851744	16.26635505752495	30.705277479043648	36.408053461425666
ENSG00000150314	11.63054195324072	6.840162699305241	12.68038304313021	7.63751854610589	9.781819289193951	11.386448540267462	10.424631242885189	10.202256739190709
ENSG00000152999	96.7961233527776	111.0520532357792	87.29249196357753	67.33075560382825	220.1832153209129	81.5351047258438	131.72943116009466	97.42154964678187
ENSG00000241974	26.637692860648098	29.97600712342591	51.82417417627129	51.45275652113442	36.72796299150182	43.715829217098296	36.96005622477476	46.610310200616375
ENSG00000176857	0.9379469317129612	0.6035437675857565	0.7350946691669688	1.808885971446132	0.3691252561959982	0.40665887643812365	0.0	0.8001769991522124
ENSG00000234680	1.8758938634259223	3.621262605514539	1.8377366729174216	1.4069113111247693	2.0301889090779897	4.269918202600299	3.790774997412796	5.80128324385354
ENSG00000194629	153.44811802824046	168.18752990056416	208.7668860434191	209.2278106972693	148.20379036269324	236.87879552520707	248.86437858015003	186.84132930204163
ENSG00000162409	147.63284705162008	116.483947144051	244.41897749801709	57.0804017656335	228.67309621342085	88.44830562529191	243.55729358377215	74.81654942073186
ENSG00000152286	5.06491343124999	12.272056607577051	7.902267693544912	5.627645244499077	3.137564677665984	4.473247640819361	10.235092493014548	7.601681491946018
ENSG00000168766	20.447243111342555	32.18900093790701	35.10077045272275	33.16290947651242	23.993141652739876	21.552920451220555	13.267712490944787	17.40384973156062
ENSG00000156129	70.1584304921295	59.34847047926606	48.883795499603416	61.10014836884712	34.88233671052183	80.51845753474849	119.40941241850307	102.22261164169515
ENSG00000220347	48.960829835416575	54.52012033858001	69.83399357086202	102.10156372162612	83.42230790029558	54.28896000448952	95.90660743454374	68.81522192709026
ENSG00000136221	504.0526811025454	135.99852896265713	378.9413019555723	282.9901608662393	165.73724003200314	187.06308316153692	372.63318224567786	208.84619677872746
ENSG00000148811	43.708327017824	22.53230065653491	73.32569324940512	53.06065516241987	98.0027555200375	41.68253483490768	86.99828619062367	63.814115682388945
ENSG00000198511	13.881614589351825	9.053156513786348	21.13397173855035	24.319466949442443	18.08713755360391	29.889427418202093	25.966808732277656	12.802831986435399
ENSG00000148311	21.01001127037033	19.51458181860613	22.420387409592543	24.319466949442443	10.889195057781945	43.51249977887924	15.542177489392465	24.605442723930533
ENSG00000239761	337.66089541666605	281.85493946254826	141.68949748193322	277.9654776122223	172.75061989972713	402.7956171119615	292.2687523005266	174.63863006497039
ENSG00000181301	0.18758938634259223	0.4023625117238377	0.0	0.40197466032136264	0.3691252561959982	0.20332943821906183	0.18953874987063982	0.2000442497880531
ENSG00000146542	15.382329680092564	11.869694095853212	30.322655103137457	21.30465699703222	19.009950694093902	14.233060675334329	39.23452122322244	25.405619723082744
ENSG00000184165	24.949388383564767	16.899225492401182	8.637362362711881	34.36883345747651	38.942714528677804	36.59929887943113	33.358819977232606	17.603893981348673
ENSG00000192753	2.0634832497685145	0.8047250234476754	1.4701893383339375	0.40197466032136264	0.9228131404899953	0.6099883146571856	0.37907749974127963	1.0002212489402655
ENSG00000122539	100.36032169328685	51.10003898892739	104.75099035629304	76.17419813089822	40.97290343775579	90.68492944570158	107.84754867639404	83.81854066119426
ENSG00000227397	4.502145272222213	5.834256419995646	5.145662684168781	8.039493206427252	7.751630380115961	10.573130787391216	6.633856245472393	9.001991240462392
ENSG00000241766	181.2113472069441	271.39351415772853	107.32382169837742	153.9562949030819	142.66691151975326	164.90017439565915	173.61749488150608	188.44168330034603
ENSG00000191367	27.200461019675874	15.89331921309159	6.615852022502717	10.45134116835543	19.194513322191902	36.395969441212074	19.332952486805258	26.005752472446908
ENSG00000196953	153.26052864189788	150.48357938471528	54.02945818377219	115.16574018207041	77.33174117306162	93.53154158076846	87.37736369036494	107.22371788639647
ENSG00000180126	159.8261571638886	332.9549784514757	296.24315167428836	407.20033090554034	182.71700181701908	253.3484800209511	279.5696560591937	290.6642949420412
ENSG00000196498	47.27252535833324	45.06460131306982	37.4898281275154	62.708047010132574	38.019901388187805	69.13200899448103	69.93979870226609	58.61296518789956
ENSG00000108749	6.753217908333321	7.443706466890998	4.043020680418327	2.6128352920888576	4.060377818155979	6.506542023009978	2.653542498188957	2.8006194970327436
ENSG00000110765	1.5007150907407378	1.207087535171513	0.9188683364587108	1.0049366508034066	1.4765010247839927	1.0166471910953094	0.7581549994825593	2.000442497880531
ENSG00000128701	1317.2526708976827	656.8568003891651	1543.6988052506342	622.0557868473087	2066.7323094413937	1125.4284405425074	1896.9038087053632	1751.5874511441932
ENSG00000122186	17.63340231620367	11.869694095853212	19.48000873292467	29.74612486378084	19.194513322191902	28.66945078888772	22.555111234606137	25.405619723082744
ENSG00000137801	2.6262514087962914	7.242525211029078	6.7996256897944605	8.642455196909298	7.751630380115961	9.963142472734031	8.52924374417879	5.401194744277435
ENSG00000129195	39.76894990462955	68.20044573719049	29.77133410126223	39.59450404165422	21.77839011556389	43.309170340660174	38.665904973610516	28.80637196947965
ENSG00000198898	30.389480587499943	23.94056944756834	15.2532143852146	19.69675835574677	21.77839011556389	15.24970786642964	12.509557491462227	22.605000226050002
ENSG00000221444	109.17702285138868	156.11665454884903	191.67593498528709	155.76518087452803	105.20069801585946	98.00478922158781	119.978028668115	143.8318155976102
ENSG00000173164	26.450103474305504	25.550019494463694	9.923778033754077	22.91255563831767	47.248032793087766	43.10584090244111	44.731144969470996	33.407389714604875
ENSG00000173472	24.949388383564767	35.00553851997388	15.2532143852146	43.01128865438581	31.375646776659842	41.47920539668862	28.62035123046661	32.20712421587655
ENSG00000176149	8.44152238541665	5.4318939082718085	9.188683364587108	10.250353838194748	4.983190958645975	4.879906517257485	8.718782494049432	14.603230234527878
ENSG00000226686	57.214762834490635	46.070507592379414	31.057749772304426	65.11989497206075	52.969474264125736	43.51249977887924	59.13608995963961	73.01615117263938
ENSG00000196867	4.689734658564806	5.834256419995646	2.0215103402091636	3.617771942892264	2.583876793371987	3.253271011504989	4.359391247024716	5.401194744277435
ENSG00000192464	121.37033296365719	157.32374208402055	75.3472035896143	91.65022255327068	98.1873181481355	136.02739416855238	71.83518620097247	158.43504583213806
ENSG00000140388	554.5142260287026	545.402384641662	529.2681618002175	476.54095981097544	428.7389850716518	501.8170535246447	283.7395085563478	675.1493430346792
ENSG00000222943	2.4386620224536992	0.6035437675857565	2.205284007500906	3.4167846127315826	1.6610636528819915	1.6266355057524946	1.5163099989651185	0.8001769991522124
ENSG00000133877	0.5627681590277767	0.4023625117238377	0.0	0.0	0.3691252561959982	0.0	0.18953874987063982	0.4000884995761062
ENSG00000224272	87.97942219467576	131.1701788219711	99.05400667024904	126.42103067106856	98.1873181481355	125.65759281938023	116.94540867018476	85.21885040971063
ENSG00000199005	3085.6578159492997	7494.806505879925	2413.8671198770335	4875.550655037808	5034.683931885316	4760.958795899333	2199.5971922487747	3112.6885267021066
ENSG00000180366	3.5641983405092525	4.828350140686052	11.577741039379756	6.632581895302484	4.429503074351977	2.2366238204096804	6.065239995860474	3.600796496184956
ENSG00000115405	2.0634832497685145	2.414175070343026	1.4701893383339375	2.8138226222495386	0.5536878842939972	1.8299649439715566	1.3267712490944785	4.000884995761062
ENSG00000129074	78.22477410486097	135.5961664509333	83.06569761586746	155.16221888404598	94.68062821427353	72.58860944420508	84.91335994204663	99.22194789487435
ENSG00000221145	5.627681590277767	6.035437675857565	4.961889016877039	7.43653121594521	4.7986283305479756	3.0499415732859276	9.85601499327327	3.600796496184956
ENSG00000198384	6.9408072946759125	6.437800187581403	4.961889016877039	13.466151120765648	11.996570826369938	9.353154158076846	11.372324992238388	5.201150494489381
ENSG00000221947	18.946528020601814	15.49095670136775	12.864156710421952	22.309593647835626	13.65763447925193	10.573130787391216	21.228339985511656	19.804380729017257
ENSG00000201337	65.65628521990729	64.78036438753787	84.5358869542014	69.74260356575643	47.80172067738176	128.30087551622805	66.14902370485329	58.81300943768762
ENSG00000191265	12.193310112268495	12.272056607577051	18.377366729174216	19.495771025586087	6.828817239625965	14.639719551772453	13.646789990686065	18.404070980500887
ENSG00000219372	73.34745005995357	49.69177019789396	118.71778907046544	34.77080811779787	155.40173285851523	60.79550202749949	86.42966994101175	49.410929697649124
ENSG00000234418	19.884474952314775	24.34293195929218	14.885667050631115	31.153036174905605	19.194513322191902	24.19620314806836	18.5747974873227	12.802831986435399
ENSG00000215290	5.4400922039351745	6.236618931719484	7.718494026253171	5.627645244499077	5.167753586743974	7.7265186523243505	7.581549994825592	4.400973495337168
ENSG00000111520	10.880184407870349	13.277962886886643	10.842646370212789	19.093796365264726	11.442882942075942	10.776460225610277	19.90156873641718	11.202477988130974
ENSG00000211491	3.7517877268518447	6.035437675857565	5.329436351460523	2.8138226222495386	3.137564677665984	4.879906517257485	6.254778745731113	4.400973495337168
ENSG00000165569	81.78897244537022	32.591363449630855	60.82908387356666	41.80536467342172	32.11389728905184	36.395969441212074	58.94655120976898	35.80792071206151
ENSG00000243780	1.6883044770833302	3.2189000937907015	1.8377366729174216	5.024683254017033	2.3993141652739878	2.4399532586287425	5.117546246507274	2.4005309974566376
ENSG00000112835	2.6262514087962914	1.8106313027572696	2.205284007500906	4.019746603213626	2.2147515371759887	4.473247640819361	3.790774997412796	4.400973495337168
ENSG00000120058	686.7647434002303	301.16834002529254	602.4100813823309	354.1396757431205	625.1136213679229	436.7516332945449	428.1680359577753	286.4633656964921
ENSG00000121189	34.328857700694385	17.905131771710778	24.62567141709345	33.76587146699447	32.85214780144383	26.22949753025898	26.535424981889573	22.204911726473895
ENSG00000169862	24.011441451851805	20.118125586191884	27.566050093761326	35.77574476860128	22.701203256053887	37.20928719408832	23.313266234088694	18.204026730712833
ENSG00000121076	62.842444424768395	77.45478350683875	61.56417854273363	101.69958906130475	96.71081712335152	83.56839910803441	56.6720862113213	41.8092482057031
ENSG00000153699	9.754648089814797	13.076781631024726	9.556230699170593	11.456277819158835	11.073757685879944	11.99643685492465	16.110793739004382	8.401858491098231
ENSG00000157332	20.822421884027737	15.69213795722967	19.112461398341186	14.672075101729737	11.258320313977942	17.486331686839318	13.646789990686065	18.404070980500887
ENSG00000104242	64.71833828819432	53.31303280340849	32.527939110638364	72.95840084832733	95.60344135476352	105.32464899747404	82.07027869398704	70.01548742581859
ENSG00000100490	41.457254381712886	40.23625117238377	44.4732274846016	58.28632574659759	32.85214780144383	31.109404047516463	36.01236247542157	47.610531449556646
ENSG00000168675	3.0014301814814757	5.029531396547971	3.3079260112513587	2.8138226222495386	2.9530020495679854	3.8632593261621753	5.117546246507274	3.2007079966088496
ENSG00000104063	240.86477206388844	171.00406748263103	314.9880657380461	204.60510210357359	189.91494431284104	136.63738248320956	450.3440696926402	169.23743532069292
ENSG00000124082	6.002860362962951	7.644887722752915	6.615852022502717	9.04442985723066	10.335507173487947	5.48989483191467	5.686162496119194	5.80128324385354
ENSG00000233921	3.0014301814814757	2.816537582066864	2.940378676667875	2.6128352920888576	2.768439421469986	2.033294382190619	3.601236247542156	2.8006194970327436
ENSG00000205080	5.81527097662036	1.207087535171513	4.594341682293554	6.230607234981122	2.2147515371759887	4.473247640819361	6.633856245472393	6.001327493641594
ENSG00000203156	12.56848888495368	9.254337769648266	12.129062041254983	23.716504958960396	12.550258710663936	13.41974292245808	16.110793739004382	17.40384973156062
ENSG00000216403	451.5276529266195	776.5596476270067	522.468536110423	837.3132174493985	1116.9730252490904	1576.2098050741677	750.7629882376043	644.7426170668953
ENSG00000194404	4.8773240449073985	4.023625117238376	1.8377366729174216	2.411847961928176	7.382505123919962	2.643282696847804	4.169852497154076	2.8006194970327436
ENSG00000196305	39.01859235925919	38.22443861376458	30.5064287704292	26.329340251049253	41.15746606585379	24.806191462725547	46.05791621856547	37.60831896015399
ENSG00000101768	0.7503575453703689	0.6035437675857565	0.3675473345834844	0.20098733016068132	0.3691252561959982	0.20332943821906183	0.18953874987063982	0.0
ENSG00000184784	20.447243111342555	25.348838238601775	24.074350415218223	26.530327581209935	15.318698132133921	29.482768541763967	18.385258737452062	18.003982480924783
ENSG00000196342	111.99086364652757	171.00406748263103	140.58685547818277	187.320191709755	92.46587667709754	156.36033799045856	163.3824023884915	205.2454002825425
ENSG00000140427	22.885905133796253	20.520488097915724	18.56114039646596	18.892809035104044	12.734821338761934	25.619509215601795	19.71202998654654	11.002433738342921
ENSG00000139793	10.12982686249998	7.242525211029078	9.740004366462335	5.024683254017033	5.721441471037971	8.336506966981535	9.09785999379071	12.602787736647347
ENSG00000120729	30.20189120115735	36.01144479928347	61.19663120815014	35.37377010827991	68.47273502435765	89.0582939399491	42.646218720893955	56.21243419044293
ENSG00000196898	104.86246696550907	67.1945394578809	77.18494026253171	225.90975910060584	207.63295661024893	62.62546697147104	119.21987366863243	101.22239039275487
ENSG00000206853	79.5378998092591	97.77409034889256	60.27776287169143	112.15093022966019	146.17360145361525	122.60765124609429	68.61302745317161	103.42287714042345
ENSG00000228591	2065.3591436319407	1254.7674928107879	1648.0822482723438	2164.2315711702167	2783.388994345924	1624.1955524938662	2646.1504869440023	1468.524837694098
ENSG00000226077	40.89448622268511	24.14175070343026	25.912087088135646	53.663617152901914	66.81167137147565	49.81571236367015	28.62035123046661	22.805044475838056
ENSG00000133026	7.503575453703689	5.834256419995646	2.5728313420843905	13.265163790604968	8.489880892507957	9.149824719857783	7.012933745213672	9.402079740038497
ENSG00000122588	41.082075609027704	27.159469541359044	31.241523439596165	17.485897723979278	19.379075950289902	25.41617977738273	23.692343733829976	21.20469047753363
ENSG00000135707	30.20189120115735	30.378369635149745	22.2366137423008	32.96192214635173	27.68439421469986	22.569567642315867	21.038801235641017	19.604336479229204
ENSG00000170053	23.63626267916662	24.946475726877935	20.031329734799897	29.143162873298795	21.40926485936789	41.88586427312674	48.14284246714251	47.21044294998054
ENSG00000122922	13.506435816666642	27.7630133089448	14.150572381464148	65.11989497206075	25.654205305621872	49.40905348723203	28.05173498085469	33.407389714604875
ENSG00000125340	52.525028175925826	64.98154564339978	44.10568015001812	68.33569225463165	54.26141266081172	33.956016182583326	43.97298996998844	20.204469228593364
ENSG00000102033	1.3131257043981457	0.4023625117238377	1.2864156710421952	0.0	1.1073757685879944	0.6099883146571856	1.1372324992238387	1.0002212489402655
ENSG00000190364	249.49388383564767	265.5592577377329	144.07855515672586	174.85897723979275	46.69434490879377	204.1427559719381	105.762622427817	106.02345238766814
ENSG00000125023	19.13411740694441	7.443706466890998	19.112461398341186	16.279973743015187	6.090566727233969	9.556483596295907	25.966808732277656	9.001991240462392
ENSG00000115958	6.002860362962951	5.029531396547971	1.2864156710421952	1.4069113111247693	2.9530020495679854	3.0499415732859276	1.705848748835758	2.8006194970327436
ENSG00000105230	128.1235508719905	108.43669690957425	61.74795221002537	81.8018433753973	116.4590183298374	100.85140135665468	100.64507618130973	165.63663882450797
ENSG00000227392	474.788736833101	542.1834845478712	1008.1823387624975	652.2038863714109	839.5753952177978	273.8847532810763	837.7612744282279	422.0933670527921
ENSG00000216268	64.71833828819432	79.06423355373411	94.82721232253897	65.5218696323821	51.86209849553774	112.64450877336026	93.44260368622541	77.01703616840045
ENSG00000114561	27.388050406018465	50.09413270961779	33.9981284489723	15.476024422372461	29.71458312377785	30.296086294640215	30.136661229431727	39.80880570782257
ENSG00000175001	7.691164840046282	4.224806373100296	4.961889016877039	4.622708593695671	4.429503074351977	2.643282696847804	1.895387498706398	6.801504492793806
ENSG00000242619	7941.033902654614	5989.970712032772	12410.235752211349	8909.366371362683	7125.224820351353	11301.863493968334	14434.513035148444	12681.405126814052
ENSG00000233622	173.895361139583	176.83832390262666	169.0717739084028	168.0254080143296	207.81751923834696	139.6873240564955	173.42795613163543	261.85792297256154
ENSG00000185308	2.8138407951388835	1.005906279309594	1.2864156710421952	4.421721263534989	4.429503074351977	2.4399532586287425	3.032619997930237	1.6003539983044248
ENSG00000248078	6.378039135648136	5.23071265240989	3.124152343959617	3.215797282570901	3.8758151900579807	6.506542023009978	5.117546246507274	3.600796496184956
ENSG00000173879	31.327427519212904	29.77482586756399	23.523029413343	20.701695006550178	49.831909586459744	29.076109665325845	40.37175372244628	24.205354224354426
ENSG00000110153	1.3131257043981457	0.8047250234476754	0.3675473345834844	0.40197466032136264	0.7382505123919963	1.4233060675334328	1.1372324992238387	0.8001769991522124
ENSG00000233367	41.457254381712886	47.88113889513668	47.22983249397774	33.96685879715515	31.56020940475784	36.59929887943113	24.829576233053814	31.606991466512394
ENSG00000232370	19.696885565972185	12.674419119300888	9.188683364587108	5.024683254017033	10.520069801585946	7.929848090543412	16.48987123874566	16.00353998304425
ENSG00000222655	360.3592111641197	388.27982381350336	201.59971301904116	403.38157163248746	224.24359313906888	172.6266930479835	329.7974247749133	374.08274710365936
ENSG00000119758	236.17503740532365	153.50129822264407	141.32195014734975	142.2990297537624	180.68681290794106	178.72657619455538	250.3806885791152	228.6505775077447
ENSG00000245999	0.37517877268518446	0.0	0.0	0.602961990482044	0.3691252561959982	0.40665887643812365	0.0	0.0
ENSG00000217435	15.569919066435157	20.118125586191884	37.67360179480715	46.83004792743875	25.285080049425872	32.73603955326896	42.45667997102331	31.606991466512394
ENSG00000125021	1.1255363180555533	2.011812558619188	1.4701893383339375	0.40197466032136264	0.7382505123919963	1.4233060675334328	1.895387498706398	1.4003097485163718
ENSG00000126757	287.1993504905087	159.33555464263975	231.18727345301164	200.98733016068132	148.57291561888925	206.7860386687859	279.19057855945243	232.05132975414162
ENSG00000123421	46.33457842662028	34.603176008250045	60.27776287169143	20.90268233671086	40.2346529253638	45.34246472285079	23.502804983959336	46.21022170104027
ENSG00000182428	66.03146399259246	96.96936532544487	53.66191084918871	62.30607234981121	62.01304304092769	83.56839910803441	112.3964786732894	132.02920486011507
ENSG00000122283	4.314555885879622	2.414175070343026	2.940378676667875	2.411847961928176	6.275129355331968	2.2366238204096804	3.032619997930237	3.000663746820797
ENSG00000194895	1075.4499519020812	1528.5751820388593	1765.1460743371836	1469.2173834745806	905.6488160768814	798.678033324475	569.5639433612725	1091.6414710934057
ENSG00000171736	1422.8654954085623	1422.7538414554901	934.8566455130924	2641.375492971674	2406.51210776981	2100.799755679347	1128.1346392300482	1790.7961241026514
ENSG00000123036	4.8773240449073985	2.414175070343026	3.3079260112513587	1.808885971446132	4.060377818155979	2.033294382190619	2.843081248059597	3.400752246396903
ENSG00000179464	61.529318720370256	58.946107967542225	83.43324495045094	40.800428022618306	29.160895239483853	94.34485933364469	57.99885746041578	66.41469092963364
ENSG00000225249	4.502145272222213	4.828350140686052	5.696983686044007	6.029619904820439	3.322127305763983	4.269918202600299	7.7710887446962325	5.80128324385354
ENSG00000143775	19.13411740694441	16.295681724815427	29.77133410126223	18.892809035104044	14.211322363545928	35.78598112655489	10.803708742626469	19.004203729865047
ENSG00000172176	2.6262514087962914	2.212993814481107	1.102642003750453	1.205923980964088	2.0301889090779897	2.033294382190619	3.032619997930237	1.800398248092478
ENSG00000181971	1841.189826952543	1141.5024457605275	917.3981471203768	1834.4113623765386	1218.297908074892	349.9299631750054	1343.450659083095	1074.0375771120573
ENSG00000169636	4.689734658564806	2.414175070343026	3.675473345834843	5.225670584177715	3.137564677665984	5.083235955476547	3.980313747283436	5.201150494489381
ENSG00000121889	14.631972134722194	18.508675539296533	22.97170841146777	11.858252479480198	13.103946594957934	18.096320001496505	15.731716239263106	19.804380729017257
ENSG00000239168	65.65628521990729	65.98745192270938	46.862285159394254	46.62906059727807	52.41578637983174	76.45186877036726	44.35206746972971	99.8220806442385
ENSG00000221613	5.81527097662036	9.053156513786348	10.842646370212789	10.049366508034066	6.090566727233969	6.506542023009978	7.581549994825592	5.80128324385354
ENSG00000154493	20.07206433865737	16.295681724815427	16.17208272167331	20.299720346228813	20.671014346975895	17.486331686839318	13.457251240815426	10.202256739190709
ENSG00000216999	6.378039135648136	7.242525211029078	10.658872702921046	10.65232849851611	10.335507173487947	13.41974292245808	10.045553743143909	2.6005752472446906
ENSG00000241095	16.320276611805525	12.272056607577051	29.220013099387003	35.5747574384406	21.59382748746589	22.772897080534925	26.345886232018934	22.204911726473895
ENSG00000223723	2.8138407951388835	2.414175070343026	1.6539630056256793	4.622708593695671	1.6610636528819915	2.4399532586287425	3.790774997412796	3.600796496184956
ENSG00000233603	8.066343612731465	10.46142530481978	16.907177390840282	12.260227139801563	7.751630380115961	6.506542023009978	13.267712490944787	10.602345238766816
ENSG00000201020	15.194740293749971	27.56183205308288	28.85246576480352	16.882935733497234	9.96638191729195	13.826401798896205	18.76433623719334	19.40429222944115
ENSG00000227806	13.881614589351825	9.254337769648266	14.51811971604763	17.88787238430064	13.473071851153932	17.079672810401195	22.176033734864856	13.402964735799559
ENSG00000201870	30.014301814814758	30.57955089101166	18.928687731049443	15.0740497620511	27.13070633040586	22.97622651875399	34.49605247645645	35.207787962697346
ENSG00000185403	13.318846430324049	19.91694433032997	12.864156710421952	7.235543885784528	15.318698132133921	21.75624988943962	7.012933745213672	13.402964735799559
ENSG00000230525	114.24193628263868	168.7910736681499	128.82534077151126	115.16574018207041	135.2844063958333	119.15105079637024	162.2451698892677	127.82827561456594
ENSG00000130055	20.634832497685146	17.301588004125023	16.72340372354854	18.289847044622	17.90257492550591	8.336506966981535	12.320018741591587	11.402522237919028
ENSG00000235902	25.32456715624995	21.12403186550148	18.7449140637577	21.10366966687154	16.241511272623917	17.079672810401195	20.28064623615846	17.603893981348673
ENSG00000239382	9.19187993078702	2.414175070343026	6.983399357086203	14.471087771569056	4.244940446253978	6.303212584790917	3.790774997412796	3.2007079966088496
ENSG00000118923	26.262514087962913	5.633075164133728	24.441897749801708	6.833569225463165	19.009950694093902	11.589777978486525	22.934188734347416	11.002433738342921
ENSG00000115654	2.2510726361111066	2.414175070343026	1.102642003750453	3.617771942892264	2.9530020495679854	3.8632593261621753	2.4640037483183175	1.4003097485163718
ENSG00000136592	59.09065669791656	104.41307179233587	69.46644623627853	63.712983660935976	69.39554816484764	82.95841079337724	81.31212369450448	114.8253993783425
ENSG00000119472	1.3131257043981457	3.0177188379287827	2.0215103402091636	3.617771942892264	4.429503074351977	4.269918202600299	1.705848748835758	1.4003097485163718
ENSG00000185699	3.3766089541666604	7.846068978614835	4.043020680418327	9.04442985723066	3.506689933861982	7.3198597758862265	7.202472495084312	5.601238994065487
ENSG00000129205	31.890195678240683	68.4016269930524	38.7762437985576	50.04584521000965	80.83843110692358	67.91203236516665	84.53428244230535	44.40982345294779
ENSG00000138515	53.08779633495361	59.54965173512798	53.110589847313484	31.75599816538765	75.30155226398362	105.32464899747404	59.70470620925153	45.210000452100005
ENSG00000238521	35.07921524606475	6.840162699305241	30.322655103137457	13.66713845092633	27.13070633040586	8.946495281638722	14.594483740039264	14.003097485163718
ENSG00000163992	0.37517877268518446	0.20118125586191885	0.0	0.20098733016068132	0.7382505123919963	1.0166471910953094	0.18953874987063982	0.0
ENSG00000159862	47.83529351736102	45.66814508065558	68.3638042325281	50.648807200491696	57.95266522277171	55.30560719558482	67.85487245368905	42.60942520485531
ENSG00000169104	59.84101424328693	68.60280824891431	29.955107768553972	46.428073267117384	53.15403689222373	80.11179865831036	66.90717870433585	55.81234569086682
ENSG00000152777	3.5641983405092525	3.2189000937907015	0.9188683364587108	2.411847961928176	4.060377818155979	1.8299649439715566	1.705848748835758	0.6001327493641594
ENSG00000183442	80.66343612731467	169.7969799474595	102.91325368337561	105.11637367403634	220.55234057710888	159.4102795637445	100.4555374314391	132.2292491099031
ENSG00000243335	3.9393771131944373	9.053156513786348	7.167173024377944	4.421721263534989	6.275129355331968	7.1165303376671645	3.2221587478008766	4.000884995761062
ENSG00000226688	2.4386620224536992	3.621262605514539	2.389057674792648	1.808885971446132	1.1073757685879944	2.2366238204096804	2.084926248577038	4.200929245549116
ENSG00000241109	59.09065669791656	33.59726972894045	46.127190490227285	43.21227598454649	42.44940446253979	21.146261574782432	90.0309061885539	17.603893981348673
ENSG00000243677	23.44867329282403	9.455519025510187	21.317745405842093	16.078986412854505	15.134135504035925	13.013084046019957	23.692343733829976	8.601902740886283
ENSG00000155396	34.891625859722154	33.99963224066428	52.92681618002174	35.37377010827991	32.483022545247835	62.01547865681386	36.201901225292204	46.21022170104027
ENSG00000152740	2.2510726361111066	1.6094500468953508	0.7350946691669688	2.009873301606813	0.5536878842939972	1.6266355057524946	2.084926248577038	1.2002654987283188
ENSG00000172573	1069.0719127664331	1024.2137735930287	1132.2295641844237	782.4436763155325	1732.6739525840153	1701.4607390171095	970.6279380875463	796.5762026560275
ENSG00000232982	7.503575453703689	9.857881537234023	9.556230699170593	6.431594565141802	2.583876793371987	10.166471910953094	16.300332488875025	7.201592992369912
ENSG00000120047	1.5007150907407378	1.6094500468953508	0.9188683364587108	1.4069113111247693	1.6610636528819915	1.8299649439715566	1.705848748835758	1.4003097485163718
ENSG00000165605	118.93167094120348	107.22960937440274	114.6747683900471	191.13895098280796	72.53311284251363	56.32225438668013	52.31269496429658	57.41269968917125
ENSG00000232245	27.76322917870365	19.715763074468047	13.047930377713694	15.677011752533144	14.949572875937925	19.112967192591814	9.85601499327327	8.801946990674336
ENSG00000182711	26.074924701620322	69.407533272362	50.17021117064561	76.17419813089822	48.90909644596975	31.51606292395459	71.07703120148993	63.01393868323673
ENSG00000102860	21.01001127037033	12.07087535171513	14.334346048755888	15.877999082693824	13.65763447925193	17.486331686839318	13.646789990686065	18.204026730712833
ENSG00000128074	25.512156542592543	30.9819134027355	18.193593061882474	19.093796365264726	17.34888704121191	27.246144721354288	31.46343247852621	38.208451709518144
ENSG00000182283	40.51930744999992	40.638613684107604	53.66191084918871	57.48237642595486	54.44597528890972	52.86565393695608	22.744649984476776	37.00818621078982
ENSG00000157133	8.44152238541665	5.834256419995646	7.167173024377944	6.632581895302484	4.983190958645975	5.286565393695608	3.2221587478008766	4.200929245549116
ENSG00000234828	175.39607623032376	64.98154564339978	144.6298761586011	122.6022713980156	117.9355193546214	107.96793169432183	71.64564745110184	82.01814241310178
ENSG00000230408	30.20189120115735	17.301588004125023	21.685292740425577	20.701695006550178	20.671014346975895	7.5231892141052885	33.737897476973885	16.00353998304425
ENSG00000111874	9.379469317129612	5.23071265240989	4.2267943477100705	3.818759273052945	3.8758151900579807	8.539836405200598	5.496623746248555	5.201150494489381
ENSG00000135251	37.51787726851845	49.289407686170115	36.75473345834843	37.78561807020809	26.20789318991587	35.1759928118977	29.37850622994917	44.009734953371684
ENSG00000241551	97.92165967083315	75.44297094821957	61.0128575408584	92.05219721359205	94.31150295807751	71.57196225310977	94.01121993583735	55.01216869171461
ENSG00000110034	16.507865998148116	26.757107029635208	10.10755170104582	22.108606317674948	11.258320313977942	14.436390113553392	17.05848748835758	18.804159480076994
ENSG00000200399	2.6262514087962914	7.644887722752915	2.940378676667875	4.019746603213626	7.013379867723964	5.693224270133731	4.359391247024716	6.201371743429647
ENSG00000153470	76.72405901412023	120.10520974956555	87.29249196357753	78.78703342298708	125.87171236283537	84.38171686091067	116.37679242057284	77.41712466797655
ENSG00000206372	0.7503575453703689	0.8047250234476754	1.6539630056256793	1.0049366508034066	0.9228131404899953	1.2199766293143712	0.5686162496119194	0.8001769991522124
ENSG00000219212	3.0014301814814757	4.023625117238376	2.389057674792648	4.220733933374309	3.137564677665984	2.033294382190619	0.947693749353199	3.600796496184956
ENSG00000163334	30.014301814814758	20.319306842053802	19.66378240021641	31.95698549554833	23.993141652739876	24.19620314806836	49.090536216495714	25.205575473294694
ENSG00000154643	1.5007150907407378	1.207087535171513	1.4701893383339375	2.411847961928176	2.0301889090779897	3.0499415732859276	2.2744649984476775	1.800398248092478
ENSG00000133957	42.207611927083256	17.50276925998694	62.66682054648408	29.545137533620156	54.44597528890972	31.719392362173647	48.52191996688379	27.80615072053938
ENSG00000237850	13.694025203009232	35.00553851997388	22.604161076884285	28.74118821297743	14.211322363545928	28.466121350668658	17.81664248784014	39.20867295845841
ENSG00000237211	278.7578281050921	120.90993477301323	185.2438566300761	153.75530757292123	129.56296492479535	208.2093447363193	158.26485614198424	258.45717072616463
ENSG00000156116	8.253932999074058	3.0177188379287827	6.615852022502717	5.627645244499077	7.93619300821396	4.473247640819361	5.875701245989834	5.80128324385354
ENSG00000199357	9.567058703472204	8.047250234476753	5.88075735333575	8.843442527069978	11.258320313977942	11.99643685492465	5.307084996377914	5.601238994065487
ENSG00000165470	35.45439401874994	72.02288959856693	40.43020680418328	70.74754021655983	43.55678023112778	60.59217258928043	36.770517474904125	69.61539892624248
ENSG00000238379	0.37517877268518446	0.6035437675857565	0.1837736672917422	0.0	0.0	0.20332943821906183	0.0	0.6001327493641594
ENSG00000103174	7200.993773533089	9576.63014153906	6630.737689553349	5989.6234261184645	5427.433204477858	7739.125077493932	8480.532285462037	9317.060933878574
ENSG00000103537	7.878754226388875	6.437800187581403	5.513210018752265	13.064176460444287	7.751630380115961	7.3198597758862265	7.3920112449549515	6.401415993217699
ENSG00000138810	5.252502817592583	6.236618931719484	4.2267943477100705	7.838505876266572	5.167753586743974	6.303212584790917	7.012933745213672	5.401194744277435
ENSG00000160698	122.49586928171274	211.4414999108767	128.27401976963603	185.51130573830886	174.5962461807071	139.48399461827643	213.98924860395232	182.84044430628055
ENSG00000127067	29.639123042129572	17.1004067482631	32.16039177605488	38.58956739085082	23.624016396543883	21.146261574782432	29.37850622994917	30.006637468207966
ENSG00000207626	0.37517877268518446	0.4023625117238377	1.2864156710421952	1.205923980964088	0.3691252561959982	0.40665887643812365	0.7581549994825593	1.2002654987283188
ENSG00000161963	273.13014651481427	71.01698331925736	122.39326241630027	88.2334379405391	211.5087718003069	79.70513978187225	209.81939610679828	135.02986860693585
ENSG00000148155	106.36318205624981	169.5957986915976	173.84988925798808	170.0352813159364	141.55953575116527	157.58031461977293	179.1141186277546	188.04159480076993
ENSG00000202059	9.19187993078702	5.834256419995646	15.988309054381567	8.240480536587933	7.567067752017962	12.19976629314371	16.48987123874566	11.802610737495135
ENSG00000143042	16.8830447708333	19.715763074468047	18.193593061882474	14.87306243189042	10.15094454538995	16.26635505752495	13.267712490944787	14.803274484315931
ENSG00000217276	94.73264010300908	62.366189317194845	77.18494026253171	60.49718637836508	100.40206968531149	122.20099236965616	54.01854371313234	45.61008895167611
ENSG00000121092	2.8138407951388835	5.633075164133728	4.778115349585296	8.039493206427252	8.674443520605955	3.0499415732859276	5.117546246507274	2.4005309974566376
ENSG00000147308	88.91736912638872	81.47840862407713	87.66003929816101	64.91890764190006	40.2346529253638	57.13557213955638	76.95273244747976	73.21619542242743
ENSG00000126968	35.45439401874994	32.591363449630855	45.392095821060316	77.17913478170163	44.110468115421774	50.019041801889216	28.80988998033725	38.60854020909426
ENSG00000214251	2.8138407951388835	5.633075164133728	7.902267693544912	11.858252479480198	5.906004099135971	6.506542023009978	8.718782494049432	6.001327493641594
ENSG00000107120	2.6262514087962914	1.207087535171513	0.7350946691669688	3.0148099524102197	1.8456262809799906	2.2366238204096804	1.1372324992238387	1.2002654987283188
ENSG00000204839	17.070634157175892	24.34293195929218	29.587560433970488	22.71156830815699	39.680965041069804	13.013084046019957	23.313266234088694	13.002876236223454
ENSG00000153305	5.252502817592583	3.621262605514539	2.940378676667875	4.019746603213626	4.983190958645975	4.269918202600299	4.359391247024716	2.4005309974566376
ENSG00000196888	226.79556808819402	193.335186883304	163.7423375569423	210.031760017912	298.06864437826846	347.89666879281486	244.8840648328666	155.43438208531728
ENSG00000188229	43.33314824513881	30.780732146873586	11.945288373963242	16.078986412854505	44.295030743519774	24.39953258628742	42.646218720893955	44.009734953371684
ENSG00000217604	123.80899498611087	193.53636813916592	127.53892510046906	188.1241410303977	140.8212852387733	111.01787326760777	190.86552111973427	149.83314309125177
ENSG00000109484	41.64484376805547	24.745294471016017	42.2679434771007	48.638933898884886	41.15746606585379	33.34602786792614	21.98649498499422	40.00884995761062
ENSG00000162759	33.578500155324015	43.45515126617447	48.14870083043645	48.638933898884886	27.68439421469986	56.72891326311826	72.02472495084314	53.41181469341018
ENSG00000205987	5.627681590277767	11.467331584129374	3.675473345834843	2.6128352920888576	5.167753586743974	6.099883146571855	7.012933745213672	10.202256739190709
ENSG00000139264	119.86961787291645	73.83352090132422	145.5487444950598	166.0155347127228	148.75747824698723	132.97745259526644	91.73675493738966	77.41712466797655
ENSG00000229282	778.1207745490726	1060.0240371364503	1006.5283757568718	1112.8668470996927	923.9205162585833	1004.8540836786036	1130.0300267287546	1210.2677112177214
ENSG00000120749	12.380899498611088	10.260244048957862	14.701893383339373	16.68194840333655	14.949572875937925	9.75981303451497	12.130479991720948	13.603008985587612
ENSG00000214059	12.005720725925903	11.064969072405537	13.783025046880663	9.647391847712704	14.580447619741927	8.133177528762475	27.483118731242772	8.201814241310178
ENSG00000175371	24.011441451851805	35.810263543421556	18.928687731049443	22.91255563831767	21.962952743661887	15.453037304648701	34.87512997619773	28.006194970327435
ENSG00000181461	10.505005635185166	14.283869166196236	9.740004366462335	9.245417187391341	7.197942495821963	5.286565393695608	7.960627494566872	8.201814241310178
ENSG00000200143	6.565628521990728	5.834256419995646	2.7566050093761323	8.240480536587933	2.583876793371987	2.2366238204096804	6.254778745731113	10.402300988978762
ENSG00000236149	26.262514087962913	30.9819134027355	23.155482078759512	21.907618987514265	34.88233671052183	29.279439103544906	42.45667997102331	66.21464667984557
ENSG00000153652	17.070634157175892	20.72166935377764	6.432078355210976	24.721441609763804	20.486451718877895	19.926284945468062	10.803708742626469	15.203362983892037
ENSG00000120747	559.9543182326378	453.26136945690314	445.467369515183	429.10794989305464	314.6792809070884	841.783874226916	520.473407144777	319.0705784119447
ENSG00000117681	21.760368815740698	21.325213121363397	18.56114039646596	37.182656079726044	14.026759735447929	38.835922699840815	32.60066497775005	44.60986770273585
ENSG00000167269	47.08493597199065	66.1886331785713	54.21323185106394	53.663617152901914	70.31836130533765	39.649240452717066	23.502804983959336	64.21420418196506
ENSG00000229065	220.4175289525459	156.51901706057285	199.39442901154024	149.93654829986826	217.4147758994429	138.060688550743	148.2193023988403	211.84686052554824
ENSG00000198333	6.753217908333321	11.869694095853212	14.334346048755888	15.0740497620511	13.473071851153932	12.606425169581835	19.90156873641718	15.203362983892037
ENSG00000106075	305.020342193055	336.3750598011283	209.86952804716955	416.2447607627711	396.440525154502	338.74684407295706	597.9947558418686	834.1845216161815
ENSG00000139809	6.9408072946759125	3.0177188379287827	8.821136030003624	11.456277819158835	2.2147515371759887	5.286565393695608	7.7710887446962325	7.801725741734072
ENSG00000227953	4.502145272222213	4.425987628962214	5.88075735333575	4.220733933374309	5.721441471037971	5.083235955476547	5.496623746248555	5.001106244701328
ENSG00000136473	7.315986067361097	12.875600375162806	16.72340372354854	13.064176460444287	21.40926485936789	14.029731237115268	45.678838718824196	9.802168239614602
ENSG00000125528	53.65056449398138	13.479144142748561	47.78115349585297	18.490834374782683	54.44597528890972	28.059462474230536	44.541606219600354	18.204026730712833
ENSG00000214394	2.2510726361111066	1.005906279309594	1.8377366729174216	1.205923980964088	0.9228131404899953	1.4233060675334328	2.843081248059597	3.2007079966088496
ENSG00000135493	26.637692860648098	24.14175070343026	21.13397173855035	18.691821704943365	32.483022545247835	17.689661125058382	18.76433623719334	33.20734546481682
ENSG00000122215	0.9379469317129612	1.005906279309594	1.2864156710421952	2.009873301606813	0.7382505123919963	1.4233060675334328	0.7581549994825593	0.4000884995761062
ENSG00000155785	412.1338817946752	374.19713590316906	376.00092327890445	582.4612828056545	501.4566605422634	514.6268081324455	282.03365980751204	608.3345636054696
ENSG00000186503	23.63626267916662	20.92285060963956	16.72340372354854	26.329340251049253	19.194513322191902	21.349591013001493	21.607417485252938	29.006416219267702
ENSG00000204747	5.4400922039351745	3.2189000937907015	8.821136030003624	10.853315828676791	6.275129355331968	8.336506966981535	6.444317495601753	10.602345238766816
ENSG00000211564	5.627681590277767	5.23071265240989	2.940378676667875	2.6128352920888576	5.352316214841973	5.48989483191467	1.705848748835758	4.000884995761062
ENSG00000131928	10.692595021527758	10.863787816543617	12.68038304313021	12.461214469962243	25.285080049425872	12.19976629314371	9.47693749353199	14.803274484315931
ENSG00000234627	13.881614589351825	12.272056607577051	18.193593061882474	16.480961073175866	13.84219710734993	15.859696181086823	14.404944990168625	26.20579672223496
ENSG00000247288	3.9393771131944373	4.828350140686052	1.8377366729174216	3.215797282570901	4.060377818155979	3.8632593261621753	5.307084996377914	6.201371743429647
ENSG00000146245	3.0014301814814757	4.023625117238376	3.124152343959617	6.632581895302484	4.060377818155979	3.0499415732859276	1.5163099989651185	6.601460243005753
ENSG00000181108	19.321706793287	14.283869166196236	20.39887706938338	15.877999082693824	22.516640627955884	22.16290876587774	33.54835872710324	34.20756671375708
ENSG00000138747	4.8773240449073985	8.650794002062511	14.885667050631115	8.039493206427252	6.090566727233969	16.67301393396307	9.666476243402629	6.201371743429647
ENSG00000224027	169.58080525370337	145.05168547644348	84.5358869542014	218.07125322433924	213.1698354531889	117.11775641417962	179.68273487736653	118.82628437410355
ENSG00000105941	157.76267391412009	295.53526486115874	342.9216631663909	133.25459989653172	262.2634945272566	175.47330518305037	269.1450248163085	338.47487064138585
ENSG00000222022	24.57420961087958	50.89885773306547	17.274724725423763	26.329340251049253	19.9327638345839	18.299649439715566	31.08435497878493	38.208451709518144
ENSG00000241539	138.62855650717566	89.12329634683005	72.40682491294642	47.63399724808147	95.41887872666551	75.23189214105288	50.22776871571955	67.01482367899779
ENSG00000154577	3.0014301814814757	1.6094500468953508	2.0215103402091636	2.009873301606813	1.8456262809799906	1.4233060675334328	1.895387498706398	3.000663746820797
ENSG00000187972	209.53734454467553	144.85050422058157	174.58498392715506	81.19888138491525	170.53586836255116	70.55531506201446	90.59952243816582	83.6184964114062
ENSG00000126268	44.83386333587955	37.62089484617882	43.18681181355941	28.942175543138113	49.09365907406775	33.75268674436427	76.00503869812655	45.210000452100005
ENSG00000243721	31.70260629189809	65.78627066684747	67.81248323065286	50.44781987033102	115.35164256124942	55.71226607202295	93.06352618648414	107.62380638597257
ENSG00000160115	664.8167851981469	504.9649522134163	432.4194391374693	803.3463586522432	622.3451819464528	789.9348674810552	289.80474855220825	382.48460559475757
ENSG00000121486	0.7503575453703689	0.20118125586191885	0.1837736672917422	0.40197466032136264	0.0	0.0	0.0	0.2000442497880531
ENSG00000111175	37.70546665486104	33.99963224066428	41.53284880793373	20.299720346228813	28.422644727091857	52.2556656222989	22.744649984476776	31.006858717148233
ENSG00000189341	2.6262514087962914	2.615356326204945	5.513210018752265	3.215797282570901	4.060377818155979	2.643282696847804	1.3267712490944785	2.8006194970327436
ENSG00000118664	71.28396681018505	89.12329634683005	138.38157147068185	63.712983660935976	72.53311284251363	118.33773304349398	80.9330461947632	43.60964645379558
ENSG00000199205	1.1255363180555533	2.816537582066864	1.2864156710421952	1.6078986412854506	2.3993141652739878	1.8299649439715566	1.895387498706398	2.000442497880531
ENSG00000107153	13.694025203009232	14.887412933781995	9.188683364587108	8.642455196909298	7.93619300821396	10.776460225610277	3.790774997412796	10.002212489402655
ENSG00000239497	29.076354883101796	38.62680112548841	37.12228079293192	34.36883345747651	47.06347016498976	41.47920539668862	45.110222469212275	38.60854020909426
ENSG00000223008	94.92022948935168	79.06423355373411	60.27776287169143	71.1495148768812	57.39897733847771	54.08563056627045	63.49548120666433	125.82783311668541
ENSG00000107500	48.210472290046205	40.43743242824569	40.062659469599794	34.167846127315826	28.791769983287853	34.362675059021456	28.241273730725332	23.60522147499027
ENSG00000155190	5.252502817592583	8.650794002062511	5.696983686044007	6.632581895302484	2.3993141652739878	8.539836405200598	3.601236247542156	7.001548742581859
ENSG00000186150	10.880184407870349	18.106313027572696	17.090951058132024	8.240480536587933	17.34888704121191	10.369801349172155	16.868948738486942	12.402743486859293
ENSG00000228070	142.38034423402752	119.90402849370363	131.39817211359565	209.2278106972693	146.54272670981123	168.15344540716416	121.30479991720948	235.65212625032657
ENSG00000187364	43.895916404166584	40.23625117238377	30.5064287704292	34.971795447958556	37.09708824769781	21.146261574782432	26.15634748214829	28.606327719691595
ENSG00000225845	3.189019567824068	1.408268791033432	1.4701893383339375	1.205923980964088	1.6610636528819915	1.2199766293143712	1.1372324992238387	0.4000884995761062
ENSG00000224945	113.6791681236109	105.82134058336932	164.661205893401	144.71087771569057	59.0600409913597	86.41501124310129	102.54046368001615	177.8393380615792
ENSG00000219524	86.29111771759243	65.58508941098555	55.683421189397876	48.4379465687242	25.100517421327872	73.60525663530038	66.33856245472394	104.82318688893984
ENSG00000121760	196.78126627337926	117.69103467922253	133.05213511922133	183.70241976686273	98.0027555200375	149.65046652922953	142.72267865259178	115.6255763774947
ENSG00000231057	18.946528020601814	13.277962886886643	14.701893383339373	13.66713845092633	16.426073900721914	23.586214833411173	14.025867490427345	9.202035490250443
ENSG00000141985	185.15072432013855	205.20488097915722	126.06873576213512	149.93654829986826	141.92866100736128	132.7741231570474	137.6051324060845	108.22393913533674
ENSG00000149217	2.8138407951388835	2.816537582066864	2.7566050093761323	1.0049366508034066	2.9530020495679854	2.4399532586287425	2.653542498188957	3.400752246396903
ENSG00000244054	95.48299764837945	70.21225829580968	54.397005518355684	83.0077673563614	100.40206968531149	83.36506966981536	64.2536362061469	113.22504538003807
ENSG00000164082	16.507865998148116	7.242525211029078	12.68038304313021	8.039493206427252	15.687823388329921	8.946495281638722	17.437564988098863	10.602345238766816
ENSG00000236603	112.36604241921276	101.79771546613094	117.06382606483976	146.11778902681533	242.6998559488688	108.57792000897904	134.38297365828362	79.4175671658571
ENSG00000164909	263.7506771976847	124.33001612266584	233.20878379322082	355.3455997240846	101.32488282580148	180.75987057674598	188.0224398716747	246.45451573888147
ENSG00000230698	7.878754226388875	10.059062793095942	3.675473345834843	2.411847961928176	7.013379867723964	7.1165303376671645	2.843081248059597	2.200486747668584
ENSG00000117631	21.197600656712922	28.567738332392473	19.66378240021641	23.113542968478352	16.795199156917914	36.59929887943113	27.29357998137213	20.00442497880531
ENSG00000206252	15.945097839120342	26.354744517911367	25.912087088135646	16.480961073175866	26.761581074209865	22.16290876587774	28.62035123046661	35.60787646227346
ENSG00000186468	263.9382665840273	277.8313143453099	153.63478585589647	189.5310523415225	171.08955624684515	255.7884332795798	271.98810606436814	449.0993407741792
ENSG00000172363	91.16844176249984	67.79808322546666	91.15173897670411	51.25176919097374	104.64701013156547	208.2093447363193	102.73000242988678	151.4334970895562
ENSG00000113559	2.8138407951388835	2.212993814481107	1.2864156710421952	1.205923980964088	2.0301889090779897	6.303212584790917	2.653542498188957	3.2007079966088496
ENSG00000128452	83.66486630879615	52.307126524098905	64.32078355210976	55.271515794187366	110.92213948689744	49.81571236367015	37.1495949746454	58.61296518789956
ENSG00000209119	91.9187993078702	72.6264333661527	127.35515143317734	112.95487955030292	217.2302132713449	136.4340530449905	125.09557491462226	106.02345238766814
ENSG00000136510	1546.1117222356454	2012.4161023867744	2863.745057407218	1973.8965695080515	1680.4427288322815	2364.1113781730323	2665.4834394308073	1901.0205057358687
ENSG00000100632	1.8758938634259223	1.408268791033432	0.9188683364587108	1.205923980964088	1.8456262809799906	1.0166471910953094	0.18953874987063982	1.2002654987283188
ENSG00000148117	5.06491343124999	12.674419119300888	9.740004366462335	9.245417187391341	2.3993141652739878	14.843048989991516	11.751402491979668	6.401415993217699
ENSG00000208108	308.5845405335642	330.1384408694088	391.4379113314108	398.95985036895246	330.9207921797123	301.5375568788687	397.84183597847294	795.5759814070873
ENSG00000203732	1.5007150907407378	3.4200813496526203	2.389057674792648	1.6078986412854506	1.4765010247839927	2.2366238204096804	2.084926248577038	1.2002654987283188
ENSG00000185827	5.06491343124999	2.414175070343026	3.675473345834843	3.0148099524102197	3.137564677665984	1.8299649439715566	1.705848748835758	4.200929245549116
ENSG00000217011	57.58994160717582	77.05242099511491	85.27098162336837	72.55642618800596	44.479593371617774	82.55175191693911	59.13608995963961	81.81809816331372
ENSG00000169243	144.63141687013862	246.04467591912677	124.78232009109294	181.0895844747739	226.27378204814684	262.49830474080886	154.2845423947008	198.24385153996064
ENSG00000241934	14.069203975694418	9.857881537234023	11.393967372088014	11.054303158837474	18.08713755360391	7.929848090543412	21.4178787353823	4.601017745125222
ENSG00000180950	43.520737631481396	82.48431490338672	44.65700115189335	98.88576643905522	82.31493213170758	126.87756944869459	49.28007496636635	51.211327945741594
ENSG00000137119	27.388050406018465	37.62089484617882	47.78115349585297	64.91890764190006	19.9327638345839	28.059462474230536	27.29357998137213	41.00907120655089
ENSG00000159031	615.8559553627304	575.9819355326736	853.6286845701424	361.17423229874436	278.87413105607664	375.1428135141691	735.2208107482118	788.9745211640815
ENSG00000178896	36.95510910949067	42.650426242726795	20.031329734799897	14.672075101729737	22.332077999857887	27.65280359779241	23.313266234088694	27.606106470751328
ENSG00000203076	239.92682513217548	159.1343733867778	300.46994602199845	231.5374043451049	196.559198924369	252.33183282985576	230.66865859256865	160.23544408023054
ENSG00000163519	4.126966499537029	3.2189000937907015	4.594341682293554	5.225670584177715	1.8456262809799906	6.70987146122904	1.3267712490944785	2.200486747668584
ENSG00000111849	15.007150907407379	20.319306842053802	30.138881435845715	33.76587146699447	23.993141652739876	21.349591013001493	22.176033734864856	21.20469047753363
ENSG00000193776	53.275385721296196	16.295681724815427	41.349075140641986	29.545137533620156	36.72796299150182	22.569567642315867	25.587731232536374	26.805929471599118
ENSG00000156461	169.95598402638856	363.3333480866254	83.61701861774269	308.11357713632447	261.89436927106067	214.3092278828912	324.8694172782766	432.89575654134694
ENSG00000176918	78.22477410486097	89.12329634683005	105.30231135816827	66.7277936133462	111.84495262738744	77.46851596146257	76.19457744799719	86.41911590843895
ENSG00000190669	7.315986067361097	10.863787816543617	5.88075735333575	6.431594565141802	3.137564677665984	7.7265186523243505	6.254778745731113	9.202035490250443
ENSG00000243002	103.9245200337961	47.88113889513668	70.75286190732074	133.4555872266924	71.79486233012165	98.20811865980689	114.48140492186644	93.0205761514447
ENSG00000203640	136.56507325740714	81.88077113580097	144.2623288240176	79.59098274362981	220.55234057710888	247.04526743616012	97.04383993376759	117.02588612601107
ENSG00000109650	19.321706793287	31.78663842618318	23.890576747926485	27.937238892334705	29.345457867581853	21.552920451220555	24.071421233571254	20.404513478381418
ENSG00000146779	18.571349247916633	10.46142530481978	17.274724725423763	29.344150203459474	12.919383966859934	16.063025619305886	16.110793739004382	25.405619723082744
ENSG00000132243	13.881614589351825	20.118125586191884	22.2366137423008	18.691821704943365	21.224702231269895	20.73960269834431	23.692343733829976	34.40761096354513
ENSG00000243057	0.18758938634259223	1.005906279309594	0.7350946691669688	0.602961990482044	0.3691252561959982	0.6099883146571856	0.7581549994825593	1.0002212489402655
ENSG00000189433	33.203321382638826	49.49058894203203	19.48000873292467	66.92878094350688	54.81510054510573	32.12605123861177	30.89481622891429	21.404734727321685
ENSG00000156986	37.51787726851845	67.99926448132857	39.87888580230805	40.800428022618306	51.67753586743974	69.53866787091916	67.47579495394777	27.40606222096328
ENSG00000150966	7.503575453703689	3.2189000937907015	3.3079260112513587	5.225670584177715	10.335507173487947	4.879906517257485	6.444317495601753	4.400973495337168
ENSG00000200520	110.67773794212943	91.33629016131115	238.72199381197308	119.78844877576607	154.66348234612323	152.9037375407345	246.40037483183173	93.62070890080886
ENSG00000129201	1.6883044770833302	1.005906279309594	1.8377366729174216	2.6128352920888576	0.9228131404899953	1.2199766293143712	2.2744649984476775	1.2002654987283188
ENSG00000136600	4.8773240449073985	10.662606560681699	8.821136030003624	10.65232849851611	9.228131404899953	10.166471910953094	10.614169992755828	5.601238994065487
ENSG00000247920	13.881614589351825	10.863787816543617	13.966798714172405	17.686885054139957	18.456262809799906	14.233060675334329	12.509557491462227	14.403185984739824
ENSG00000177537	1369.0273415282384	1811.838390292441	972.7140209751913	1452.7364224014048	1547.003948717428	1887.1005161111132	1126.8078679809537	1636.1619190164865
ENSG00000243421	0.5627681590277767	3.2189000937907015	1.8377366729174216	0.8039493206427253	1.2919383966859934	1.6266355057524946	1.3267712490944785	0.6001327493641594
ENSG00000233521	107.11353960162018	93.14692146406843	152.16459651756253	72.35543885784529	54.44597528890972	70.96197393845259	94.57983618544925	41.20911545633894
ENSG00000185687	177.83473825277744	265.7604389935948	230.08463144926117	268.72006042483093	242.6998559488688	175.26997574483133	318.61463853254554	129.42862961287037
ENSG00000187821	104.86246696550907	39.43152614893609	53.84568451648045	30.751061514584244	51.49297323934174	50.42570067832734	55.534853712097465	39.00862870867036
ENSG00000238417	694.643497626619	252.48247610670816	258.56954987948126	174.2560152493107	630.8350628389608	419.8752899223627	721.384482007655	216.64792252046155
ENSG00000127263	6.378039135648136	2.816537582066864	2.205284007500906	6.230607234981122	3.691252561959981	3.4566004497240512	2.843081248059597	3.2007079966088496
ENSG00000170244	0.37517877268518446	0.6035437675857565	0.1837736672917422	0.40197466032136264	1.1073757685879944	0.20332943821906183	0.7581549994825593	0.6001327493641594
ENSG00000190884	88.35460096736095	166.77926110953072	122.9445834181755	147.92667499826146	85.08337155317757	75.23189214105288	168.6894873848694	140.03097485163718
ENSG00000113301	3.5641983405092525	1.8106313027572696	2.5728313420843905	2.2108606317674946	2.0301889090779897	1.0166471910953094	1.1372324992238387	4.601017745125222
ENSG00000195392	12.005720725925903	14.08268791033432	14.885667050631115	15.476024422372461	17.90257492550591	9.75981303451497	19.332952486805258	9.802168239614602
ENSG00000142129	3.189019567824068	2.615356326204945	2.7566050093761323	2.2108606317674946	5.906004099135971	3.8632593261621753	6.065239995860474	1.6003539983044248
ENSG00000130462	252.49531401712917	210.03323111984326	355.4182725422294	275.15165498997277	227.93484570102885	143.14392450621955	336.241742270515	200.84442678720535
ENSG00000151041	242.92825531365696	154.7083857578156	370.3039395928605	158.37801616661687	294.1928291882105	94.54818877186376	247.72714608092622	220.64880751622258
ENSG00000158743	6.9408072946759125	4.224806373100296	6.615852022502717	3.0148099524102197	5.352316214841973	5.48989483191467	6.444317495601753	6.001327493641594
ENSG00000244182	176.1464337756941	251.47656982739858	185.06008296278438	147.92667499826146	201.173264626819	256.398421594237	84.3447436924347	269.85969296408365
ENSG00000105389	21.197600656712922	35.40790103169771	32.16039177605488	52.05571851161646	37.83533876008981	34.15934562080239	35.63328497568028	34.20756671375708
ENSG00000239622	63.40521258379618	35.2067197758358	38.96001746584934	21.30465699703222	32.298459917149835	31.31273348573552	34.685591226327084	39.00862870867036
ENSG00000121182	26.82528224699069	51.90476401237506	26.830955424594354	28.74118821297743	29.89914575187585	35.78598112655489	29.75758372969045	51.41137219552965
ENSG00000180118	18.571349247916633	14.686231677920075	10.475099035629304	30.34908685426288	15.134135504035925	5.896553708352793	31.46343247852621	30.406725967784073
ENSG00000175966	74.66057576435172	78.46068978614835	86.74117096170231	124.21017003930106	95.41887872666551	128.70753439266613	39.61359872296372	69.21531042666638
ENSG00000235283	47.08493597199065	88.5197525792443	30.690202437720945	36.17771942892264	56.107038941791714	27.042815283135226	42.45667997102331	59.01305368747567
ENSG00000157574	18.946528020601814	13.8815066544724	19.847556067508155	18.08885971446132	10.704632429683945	16.26635505752495	21.98649498499422	16.803716982196462
ENSG00000145384	209.53734454467553	144.85050422058157	238.90576747926482	165.61356005240143	227.75028307293084	185.23311821756536	152.38915489599438	299.46624193271555
ENSG00000122025	7.503575453703689	6.236618931719484	6.432078355210976	9.848379177873385	6.644254611527966	6.303212584790917	3.601236247542156	11.60256648770708
ENSG00000137716	27.388050406018465	40.23625117238377	39.14379113314108	40.19746603213626	58.13722785086971	46.96910022860329	41.50898622167011	68.41513342751416
ENSG00000200422	35.07921524606475	68.80398950477624	63.40191521565105	77.17913478170163	54.81510054510573	64.86209079188073	59.5151674593809	55.212212941502656
ENSG00000230057	313.8370433511568	347.44002887353383	561.9798745781475	380.0670413338484	642.6470710372328	758.6221339953197	564.6359358646359	490.70854473009433
ENSG00000157374	15.382329680092564	15.49095670136775	11.393967372088014	12.059239809640879	5.906004099135971	13.41974292245808	17.05848748835758	7.201592992369912
ENSG00000119319	781.4973835032392	970.0960157661727	868.6981252880652	627.8844194219685	590.600409913597	1360.4772711237429	798.5267532050054	1707.3776719410334
ENSG00000186614	43.895916404166584	34.80435726411196	37.12228079293192	46.227085936956705	25.285080049425872	28.059462474230536	39.0449824733518	34.00752246396903
ENSG00000177930	22.69831574745366	12.875600375162806	22.2366137423008	11.255290488998154	6.828817239625965	20.94293213656337	8.339704994308152	24.005309974566376
ENSG00000100688	2.6262514087962914	6.840162699305241	3.3079260112513587	6.833569225463165	10.335507173487947	6.70987146122904	8.150166244437512	6.601460243005753
ENSG00000138167	100.17273230694425	79.46659606545794	111.55061604608748	90.84627323262796	65.88885823098568	68.52202067982384	67.85487245368905	118.42619587452745
ENSG00000152135	29.263944269444387	50.496495221341625	24.993218751676935	30.952048844744922	66.44254611527967	41.68253483490768	25.587731232536374	45.009956202311955
ENSG00000157920	1.5007150907407378	3.4200813496526203	5.145662684168781	3.617771942892264	2.2147515371759887	2.2366238204096804	3.2221587478008766	1.800398248092478
ENSG00000233925	4.126966499537029	1.408268791033432	1.4701893383339375	5.828632574659759	4.7986283305479756	3.253271011504989	2.4640037483183175	5.201150494489381
ENSG00000199128	10.880184407870349	12.674419119300888	6.7996256897944605	10.853315828676791	6.275129355331968	8.539836405200598	9.666476243402629	8.601902740886283
ENSG00000168945	7.878754226388875	5.23071265240989	5.329436351460523	8.642455196909298	4.244940446253978	7.929848090543412	5.307084996377914	5.601238994065487
ENSG00000167179	162.45240857268487	291.3104584880585	284.1140896330334	176.06490122075684	194.34444738719301	296.0476620469541	226.6883448452852	153.43393958743673
ENSG00000169999	637.616324178471	388.68218632522724	493.79984401291114	514.7285525415049	407.69884546847993	627.677975782244	348.9408385118479	461.9021727606147
ENSG00000196969	172.58223543518486	113.06386579439838	97.03249633003986	117.3766008138379	136.76090742061731	187.469742037975	111.06970742419493	265.4587194687465
ENSG00000184499	76.16129085509246	46.87523261582709	49.618890168770385	83.81171667700411	55.553351057497714	43.10584090244111	87.37736369036494	74.41646092115576
ENSG00000220523	13.131257043981456	22.934663168258748	15.620761719798082	16.480961073175866	16.241511272623917	8.539836405200598	10.614169992755828	9.202035490250443
ENSG00000233197	22.323136974768477	57.53783917650879	44.840774819185086	28.74118821297743	23.624016396543883	19.722955507248997	27.67265748111341	33.20734546481682
ENSG00000149050	171.8318778898145	188.1044742308941	193.14612432362102	135.26447319813855	162.23055009814118	172.01670473332632	86.42966994101175	185.84110805310132
ENSG00000218954	1068.696733993748	2648.3500521663	1060.7416076079357	2457.472085874651	1416.8872959083387	2042.2408774722571	1275.9748641291471	1642.9634235092803
ENSG00000238978	230.54735581504585	189.31156176606564	143.8947814894341	157.77505417613486	296.9612686096805	271.2414705842285	166.98363863603367	187.24141780161773
ENSG00000139808	14.069203975694418	24.946475726877935	10.658872702921046	24.118479619281757	5.167753586743974	14.029731237115268	21.228339985511656	19.004203729865047
ENSG00000244172	20.447243111342555	42.650426242726795	38.22492279668237	26.731314911370617	21.224702231269895	26.22949753025898	36.01236247542157	21.60477897710974
ENSG00000209245	10.692595021527758	12.07087535171513	14.885667050631115	15.476024422372461	19.194513322191902	15.24970786642964	9.09785999379071	9.001991240462392
ENSG00000223393	5.627681590277767	4.023625117238376	7.902267693544912	4.823695923856352	4.060377818155979	3.8632593261621753	7.581549994825592	9.402079740038497
ENSG00000144776	34.70403647337957	25.348838238601775	23.339255746051254	18.691821704943365	19.9327638345839	22.366238204096803	17.437564988098863	21.20469047753363
ENSG00000153485	45.20904210856473	57.135476664784946	31.057749772304426	34.971795447958556	50.93928535504774	31.51606292395459	17.05848748835758	40.20889420739868
ENSG00000116363	2852.296619339115	1141.1000832488037	2579.0796467723094	1752.609519001141	1713.1103140056273	1371.050401911134	2619.046445712501	902.7996992934837
ENSG00000199373	30.577069973842537	39.02916363721226	30.690202437720945	23.91749228912108	22.516640627955884	32.32938067683083	25.208653732795092	16.403628482620356
ENSG00000214222	296.39123042129575	199.57180581502348	587.8919616662831	443.9810123249451	259.49505510578666	504.2570067832734	453.9453059401823	570.9262888951037
ENSG00000143482	1156.8637455747664	1041.11299908543	1204.6363890973698	1510.0178114971989	707.9822413839244	411.5387829553812	855.577916916068	948.8098767447359
ENSG00000196938	29.076354883101796	57.73902043237071	25.176992418968677	28.74118821297743	36.72796299150182	22.772897080534925	23.881882483700615	24.205354224354426
ENSG00000114583	343.663755779629	771.1277537187349	676.1033219663194	603.564952472526	1067.1411156626305	586.1987703855552	761.1876194804895	636.140714326009
ENSG00000128827	126.060067622222	121.31229728473706	212.99368039112917	126.62201800122924	133.25421748675532	157.1736557433348	243.55729358377215	68.21508917772611
ENSG00000142820	14.819561521064786	19.91694433032997	22.05284007500906	20.500707676389496	11.258320313977942	5.48989483191467	33.358819977232606	12.002654987283188
ENSG00000247015	78.97513165023133	31.78663842618318	63.40191521565105	41.604377343261035	83.23774527219759	53.475642251613266	140.4482136541441	72.61606267306328
ENSG00000154834	32.64055322361105	28.970100844116313	20.766424403966866	53.26164249258055	23.070328512249883	32.32938067683083	33.54835872710324	39.408717208246465
ENSG00000222696	21.760368815740698	22.934663168258748	21.317745405842093	23.113542968478352	25.83876793371987	11.589777978486525	29.75758372969045	17.003761231984516
ENSG00000217731	15.194740293749971	9.053156513786348	22.05284007500906	9.04442985723066	29.71458312377785	20.332943821906188	14.973561239780544	28.406283469903542
ENSG00000210623	33.578500155324015	47.47877638341285	20.582650736675124	33.3638968066731	33.40583568573783	25.619509215601795	27.29357998137213	37.60831896015399
ENSG00000170476	58.15270976620359	74.03470215718613	53.84568451648045	63.11002167045393	85.63705943747156	80.72178697296755	72.97241870019631	40.608982706974786
ENSG00000210817	7.128396681018505	4.828350140686052	3.4916996785431014	3.0148099524102197	2.768439421469986	6.099883146571855	5.875701245989834	2.8006194970327436
ENSG00000156549	23.823852065509215	39.43152614893609	11.945288373963242	18.691821704943365	28.422644727091857	28.059462474230536	18.95387498706398	36.80814196100177
ENSG00000238121	1.3131257043981457	1.005906279309594	1.4701893383339375	2.2108606317674946	2.0301889090779897	2.033294382190619	1.705848748835758	2.6005752472446906
ENSG00000215518	82.53932999074058	48.082320150998605	38.7762437985576	37.78561807020809	29.53002049567985	39.649240452717066	52.69177246403787	71.81588567391107
ENSG00000197302	269.3783587879625	186.89738669572262	159.88309054381568	52.45769317193783	247.12935902322073	125.86092225759927	257.7726998240701	60.41336343599204
ENSG00000114356	19.321706793287	48.88704517444628	25.36076608626042	19.093796365264726	33.036710429541834	27.246144721354288	42.8357574707646	30.406725967784073
ENSG00000100553	48.210472290046205	28.970100844116313	76.08229825878126	44.61918729567125	23.624016396543883	61.60881978037574	26.535424981889573	39.608761458034515
ENSG00000206549	109.36461223773128	90.12920262613964	70.2015409054455	124.61214469962242	127.71733864381537	124.64094562828491	77.1422711973504	102.22261164169515
ENSG00000173699	10.880184407870349	5.633075164133728	4.778115349585296	10.250353838194748	7.382505123919962	12.19976629314371	6.823394995343032	6.801504492793806
ENSG00000135083	8.629111771759243	21.526394377225316	12.496609375838467	19.897745685907452	26.761581074209865	34.972663373678635	8.718782494049432	12.002654987283188
ENSG00000246813	75.22334392337949	108.83905942129809	82.51437661399223	108.7341456169286	61.09022990043769	124.03095731362772	82.07027869398704	111.62469138173364
ENSG00000140924	486.4192787863417	239.00333196395957	420.1066034289226	139.88718179183422	347.7159913366303	300.9275685642115	454.7034609396649	264.4584982198062
ENSG00000228203	67.34458969699062	114.87449709715565	63.76946255023453	60.899161038686444	65.70429560288765	45.34246472285079	32.221587478008765	47.01039870019248
ENSG00000186881	2018.0866182736074	3494.9207768332544	3880.7485321997196	2968.180891812942	2677.4500458176726	3471.646828152262	3409.4230326730685	3905.2638443623728
ENSG00000155162	15.007150907407379	37.21853233445499	23.523029413343	23.716504958960396	26.946143702307864	27.65280359779241	26.15634748214829	19.40429222944115
ENSG00000102054	177.45955948009225	238.19860694051192	60.82908387356666	240.78282153249623	248.05217216371076	158.39363237264917	198.82614861430116	155.63442633510533
ENSG00000185876	275.7563979236106	449.4389255955267	556.4666645593953	388.7094965307577	321.8772234029104	345.253386095967	458.4942359370777	333.6738086464726
ENSG00000229078	16.8830447708333	21.727575633087234	24.074350415218223	24.520454279603126	26.761581074209865	32.73603955326896	19.332952486805258	20.204469228593364
ENSG00000222097	6.002860362962951	4.425987628962214	5.329436351460523	8.843442527069978	5.721441471037971	6.099883146571855	3.790774997412796	7.001548742581859
ENSG00000123666	1.3131257043981457	3.0177188379287827	2.0215103402091636	3.818759273052945	1.1073757685879944	3.0499415732859276	3.980313747283436	3.000663746820797
ENSG00000105490	39.581360518286964	32.390182193768936	43.55435914814289	20.09873301606813	39.680965041069804	39.445911014497995	40.56129247231692	68.21508917772611
ENSG00000214086	285.5110460134254	218.08048135432003	259.3046445486482	261.2835292088857	146.54272670981123	479.85747419698595	276.15795856152215	257.6569937270124
ENSG00000129830	42.58279069976844	48.88704517444628	35.284544120014495	59.29126239740099	38.758151900579804	53.068983375175144	35.63328497568028	66.01460243005754
ENSG00000148218	49.336008608101764	35.60908228755964	42.45171714439244	58.28632574659759	37.09708824769781	42.0891937113458	32.97974247749132	30.006637468207966
ENSG00000154797	12.380899498611088	5.4318939082718085	11.7615147066715	6.833569225463165	14.026759735447929	10.776460225610277	8.52924374417879	8.801946990674336
ENSG00000152280	64.34315951550914	84.69730871786783	75.53097725690603	66.52680628318551	114.79795467695541	110.81454382938871	92.30537118700158	77.6171689177646
ENSG00000109791	1.3131257043981457	0.4023625117238377	0.5513210018752265	0.20098733016068132	1.2919383966859934	0.40665887643812365	0.5686162496119194	0.0
ENSG00000172784	36.76751972314808	51.10003898892739	49.80266383606212	54.467566473544636	42.81852971873578	53.068983375175144	48.52191996688379	75.61672641988407
ENSG00000184486	31.5150169055555	32.390182193768936	26.830955424594354	26.329340251049253	15.503260760231923	33.14269842970708	45.29976121908291	17.603893981348673
ENSG00000232792	2.2510726361111066	2.011812558619188	0.7350946691669688	1.808885971446132	0.9228131404899953	1.8299649439715566	3.2221587478008766	1.800398248092478
ENSG00000180754	3474.343024451151	1201.0520974956555	6018.587603804555	2965.7690438510135	6646.65392569324	2345.608399295097	5748.520744826635	1883.016523254944
ENSG00000203598	1.6883044770833302	1.8106313027572696	1.4701893383339375	2.411847961928176	2.0301889090779897	2.033294382190619	1.1372324992238387	2.000442497880531
ENSG00000177647	3.5641983405092525	3.4200813496526203	2.940378676667875	4.220733933374309	3.137564677665984	4.676577079038423	3.790774997412796	1.4003097485163718
ENSG00000109221	3.189019567824068	1.005906279309594	3.4916996785431014	2.411847961928176	4.429503074351977	4.676577079038423	3.980313747283436	2.6005752472446906
ENSG00000185348	353.2308144831012	503.15432091065907	349.53751518889356	225.1058097799631	256.91117831241473	322.8871478918702	413.00493596812413	154.63420508616505
ENSG00000244964	3.9393771131944373	4.627168884824133	5.329436351460523	4.019746603213626	6.090566727233969	2.643282696847804	5.307084996377914	5.401194744277435
ENSG00000173023	94.92022948935168	111.0520532357792	74.61210892044733	101.29761440098339	80.1001805945316	114.67780315555088	147.46114739935777	74.41646092115576
ENSG00000209149	134.31400062129606	74.8394271806338	104.56721668900128	63.31100900061462	43.925905487323774	99.22476585090219	69.18164370278353	68.81522192709026
ENSG00000190340	53.65056449398138	61.15910178202332	38.96001746584934	30.55007418442356	63.12041880951568	36.80262831765019	44.35206746972971	49.21088544786107
ENSG00000237038	1.5007150907407378	2.212993814481107	0.9188683364587108	3.0148099524102197	2.583876793371987	2.033294382190619	1.895387498706398	1.0002212489402655
ENSG00000137117	3.5641983405092525	6.236618931719484	8.821136030003624	9.245417187391341	5.721441471037971	13.623072360677144	7.202472495084312	8.601902740886283
ENSG00000213309	792.9403360701374	453.26136945690314	1154.649951594016	1713.617976949969	637.6638800785868	534.5530930779137	1142.7291229700872	655.344962305662
ENSG00000175197	2.2510726361111066	2.816537582066864	1.6539630056256793	4.421721263534989	1.1073757685879944	1.8299649439715566	3.2221587478008766	1.6003539983044248
ENSG00000145316	8.816701158101836	6.236618931719484	6.432078355210976	4.622708593695671	4.244940446253978	3.0499415732859276	5.117546246507274	2.4005309974566376
ENSG00000194182	25.699745928935137	27.964194564806718	22.787934744176027	12.863189130283605	13.288509223055932	16.46968449574401	13.836328740556706	29.40650471884381
ENSG00000130969	125.12212069050902	143.03987291782428	124.41477275650944	135.8674351886206	80.65386847882559	128.91086383088523	106.71031617717021	145.03208109633852
ENSG00000193107	85.35317078587947	43.45515126617447	148.30534950443595	43.413263314707166	85.63705943747156	35.1759928118977	77.33180994722103	46.610310200616375
ENSG00000248144	124.74694191782383	111.85677825922687	172.74724725423764	119.98943610592676	130.11665280908935	108.37459057075996	101.97184743040421	128.028319864354
ENSG00000237618	2.8138407951388835	2.816537582066864	3.8592470131265855	8.441467866748617	5.906004099135971	3.8632593261621753	5.496623746248555	4.601017745125222
ENSG00000200323	280.633721968518	181.86785529917464	182.85479895528346	334.8448920476951	93.94237770188153	123.42096899897054	199.39476486391308	222.249161514527
ENSG00000166685	46.33457842662028	54.721301594441925	41.900396142517216	46.83004792743875	88.03637360274556	89.46495281638721	88.51459618958879	60.21331918620399
ENSG00000226332	1.1255363180555533	0.20118125586191885	1.102642003750453	1.205923980964088	1.1073757685879944	1.6266355057524946	0.7581549994825593	1.0002212489402655
ENSG00000116542	786.187118161804	449.64010685138857	733.440706161343	676.3223659906927	495.5506564431275	298.6909447438019	467.97117343060967	731.3617772251222
ENSG00000166920	3844.644473091428	3025.766088163259	7611.353978222085	3347.4439838261474	3778.1815597941386	3889.8954825688725	5932.183793451284	2212.6894469056556
ENSG00000188895	5.06491343124999	3.8224438613764575	6.064531020627491	7.63751854610589	4.429503074351977	10.97978966382934	5.117546246507274	7.801725741734072
ENSG00000107264	29.263944269444387	23.94056944756834	26.09586075542739	47.63399724808147	49.831909586459744	29.686097979983032	66.33856245472394	44.8099119525239
ENSG00000125903	295.0781047168976	389.4869113486749	325.4631647736754	562.5635371197471	530.6175557817472	382.0560144136172	359.7445472544743	323.6715961570699
ENSG00000129199	1.5007150907407378	0.6035437675857565	1.102642003750453	2.411847961928176	0.5536878842939972	2.8466121350668656	2.2744649984476775	1.2002654987283188
ENSG00000166564	0.37517877268518446	0.0	0.3675473345834844	0.40197466032136264	1.1073757685879944	0.40665887643812365	0.5686162496119194	0.4000884995761062
ENSG00000163663	2.2510726361111066	2.615356326204945	1.4701893383339375	0.40197466032136264	2.3993141652739878	1.2199766293143712	1.1372324992238387	1.4003097485163718
ENSG00000126345	9.567058703472204	3.8224438613764575	12.68038304313021	10.65232849851611	5.352316214841973	14.029731237115268	9.09785999379071	9.802168239614602
ENSG00000175849	8.44152238541665	10.662606560681699	19.48000873292467	12.059239809640879	5.352316214841973	8.133177528762475	8.90832124392007	14.203141734951771
ENSG00000175028	76.53646962777763	59.14728922340414	107.32382169837742	54.06559181322328	49.46278433026375	29.889427418202093	70.50841495187801	95.82119564847744
ENSG00000124880	88.35460096736095	52.709489035822735	108.42646370212788	52.25670584177715	107.96913743732945	46.76577079038423	85.48197619165855	27.80615072053938
ENSG00000111445	2.8138407951388835	2.011812558619188	2.389057674792648	2.2108606317674946	2.2147515371759887	3.4566004497240512	1.3267712490944785	3.400752246396903
ENSG00000122026	67.9073578560184	108.03433439785043	85.27098162336837	64.71792031173939	96.89537975144951	91.90490607501596	44.92068371934163	83.2184079118301
ENSG00000186024	1424.1786211129602	1336.245901434865	756.228640905519	1166.329476922434	719.7942495821964	452.81465891385074	1828.8593975018036	2045.8525425824193
ENSG00000224991	435.95773386018436	350.0553851997388	337.7760004822221	608.7906230567038	454.02406512107774	180.1498822620888	541.7017471302885	194.04292229441154
ENSG00000198390	187.77697572893484	381.84202362592197	122.39326241630027	352.531777101835	93.38868981758753	206.37937979234778	302.31430604367046	282.26243645094297
ENSG00000183274	25.699745928935137	40.23625117238377	43.18681181355941	20.701695006550178	28.238082098993857	30.296086294640215	32.41112622787941	26.40584097202301
ENSG00000154264	169.0180370946756	199.97416832674733	205.6427336994595	258.6706939167969	222.76709211428485	239.92873709849297	199.39476486391308	305.067480926781
ENSG00000235718	3.3766089541666604	3.0177188379287827	4.2267943477100705	2.6128352920888576	4.6140657024499765	4.676577079038423	3.032619997930237	4.400973495337168
ENSG00000157471	139.19132466620346	70.61462080753351	60.461536538983175	182.29550845573797	136.3917821644213	83.1617402315963	63.68501995653497	82.41823091267788
ENSG00000117537	21.760368815740698	19.51458181860613	37.67360179480715	18.08885971446132	29.160895239483853	32.93936899148802	33.737897476973885	27.40606222096328
ENSG00000222195	193.7798360918978	192.73164311571824	146.83516016610199	341.2764866128369	308.03502629556044	355.82651688335824	242.79913858428958	238.25270149757125
ENSG00000122915	67.5321790833332	48.484682662722435	51.82417417627129	85.82158997861093	46.32521965259777	61.812149218594804	78.0899649467036	63.21398293302479
ENSG00000123451	4.314555885879622	2.615356326204945	4.2267943477100705	5.426657914338396	3.322127305763983	4.473247640819361	2.084926248577038	3.2007079966088496
ENSG00000146588	43.895916404166584	41.6445199634172	20.031329734799897	21.10366966687154	57.39897733847771	31.51606292395459	18.95387498706398	38.208451709518144
ENSG00000216308	294.3277471715272	463.11925099413713	336.1220374765964	297.46124863780835	154.1097944618292	174.45665799195507	524.4537208920603	546.120801921385
ENSG00000111109	3.0014301814814757	2.615356326204945	1.102642003750453	3.0148099524102197	2.583876793371987	3.4566004497240512	2.2744649984476775	3.400752246396903
ENSG00000169324	11.067773794212941	12.473237863438968	14.701893383339373	8.441467866748617	29.160895239483853	7.1165303376671645	24.450498733312532	5.401194744277435
ENSG00000180038	9.567058703472204	6.638981443443321	3.4916996785431014	4.421721263534989	6.090566727233969	7.3198597758862265	4.928007496636635	5.001106244701328
ENSG00000184633	1.3131257043981457	0.8047250234476754	0.5513210018752265	1.4069113111247693	1.4765010247839927	1.4233060675334328	1.5163099989651185	1.4003097485163718
ENSG00000126980	208.41180822662	137.8091602654144	106.95627436379394	286.2059581488102	157.0627965113972	155.75034967580137	150.8728448970293	121.22681537156019
ENSG00000198883	456.78015574421215	477.2019389044715	379.86017029203106	370.21866215597504	465.8360733193496	392.01915688635125	484.8401221690966	326.27217140431463
ENSG00000116408	109.55220162407386	129.56072877507575	78.28758226628216	135.6664478584599	168.32111682537513	148.02383102347704	105.762622427817	125.4277446171093
ENSG00000239965	25.32456715624995	61.963826805471	26.64718175730261	30.34908685426288	62.19760566902569	56.32225438668013	50.22776871571955	38.4084959593062
ENSG00000111933	34.51644708703697	22.73348191239683	17.642272060007247	19.495771025586087	15.687823388329921	11.793107416705586	33.92743622684453	30.20668171799602
ENSG00000193148	36.392340950462895	40.83979493996952	33.26303377980533	47.63399724808147	54.99966317320372	50.83235955476546	29.75758372969045	44.20977920315974
ENSG00000230500	9.379469317129612	4.224806373100296	6.7996256897944605	5.426657914338396	4.429503074351977	10.573130787391216	5.117546246507274	9.202035490250443
ENSG00000118412	187.02661818356447	193.93873065088974	66.89361489419416	166.8194840333655	149.31116613128123	201.29614383687124	185.55843612335636	126.22792161626153
ENSG00000181434	289.26283374027724	185.6902991605511	308.9235347174186	324.795525539661	431.3228618650238	224.67902923206333	406.1815409727811	86.41911590843895
ENSG00000237408	277.8198811733791	213.6544937253578	270.3310645861527	292.43656538379133	119.5965830075034	138.67067686540017	157.88577864224297	167.43703707260045
ENSG00000116818	10.12982686249998	5.834256419995646	9.556230699170593	11.858252479480198	7.567067752017962	4.269918202600299	8.90832124392007	8.401858491098231
ENSG00000133046	36.76751972314808	19.51458181860613	31.42529710688791	31.354023505066287	36.91252561959981	33.75268674436427	36.96005622477476	52.41159344446992
ENSG00000123889	20.634832497685146	23.135844424120666	32.34416544334662	9.245417187391341	16.795199156917914	17.486331686839318	21.228339985511656	15.003318734103983
ENSG00000167668	1701.6233235136542	1100.662650820558	826.6139554782562	835.1023568176308	738.8042002762902	1494.0647120336664	1376.9990178101982	1169.6587285107466
ENSG00000239202	58.15270976620359	33.99963224066428	27.382276426469584	52.658680502098505	71.79486233012165	23.9928737098493	28.62035123046661	55.01216869171461
ENSG00000235431	0.7503575453703689	0.0	0.1837736672917422	0.20098733016068132	0.9228131404899953	1.2199766293143712	0.5686162496119194	0.2000442497880531
ENSG00000183091	71.84673496921283	50.89885773306547	86.18984995982707	43.413263314707166	60.35197938804569	37.00595775586926	38.855443723481166	56.01238994065487
ENSG00000138618	842.2763446782392	948.9719839006711	1070.66538564169	802.9443839919219	1230.2944789012618	1567.2633097925288	1346.1042015812839	1267.4803666571045
ENSG00000229918	118.18131339583312	62.56737057305676	122.57703608359202	78.18407143250504	86.00618469366756	140.50064180937173	69.37118245265417	85.01880615992258
ENSG00000120600	87.60424342199059	118.69694095853212	106.95627436379394	114.96475285190972	144.14341254453728	219.59579327658682	308.19000728966034	156.43460333425753
ENSG00000158981	15.945097839120342	42.04688247514104	22.604161076884285	25.52539093040653	41.34202869395179	46.76577079038423	29.188967480078528	33.20734546481682
ENSG00000151375	0.37517877268518446	0.4023625117238377	0.5513210018752265	0.20098733016068132	0.0	0.8133177528762473	0.5686162496119194	0.6001327493641594
ENSG00000214526	0.7503575453703689	1.005906279309594	0.3675473345834844	0.8039493206427253	0.9228131404899953	0.6099883146571856	0.5686162496119194	0.2000442497880531
ENSG00000142197	3.3766089541666604	1.6094500468953508	2.0215103402091636	2.009873301606813	2.0301889090779897	4.269918202600299	3.2221587478008766	2.4005309974566376
ENSG00000219557	24.1990308381944	24.745294471016017	15.069440717922857	14.471087771569056	33.40583568573783	27.65280359779241	23.692343733829976	29.206460469055756
ENSG00000106299	105.61282451087943	66.1886331785713	79.7577716046161	41.00141535277899	38.758151900579804	51.64567730764171	100.64507618130973	43.00951370443142
ENSG00000124682	84.04004508148132	98.17645286061641	161.7208272167331	124.61214469962242	99.66381917291949	141.313959562248	101.97184743040421	63.414027182812845
ENSG00000188810	14.444382748379603	22.53230065653491	10.10755170104582	16.279973743015187	11.627445570173942	11.183119102048401	9.09785999379071	19.004203729865047
ENSG00000183190	114.05434689629608	176.83832390262666	247.72690350926845	316.15307034275173	261.3406813867667	162.4602211370304	214.7474036034349	144.2319040971863
ENSG00000186882	9.004290544444427	23.135844424120666	6.7996256897944605	18.08885971446132	10.520069801585946	10.573130787391216	18.385258737452062	21.80482322689779
ENSG00000233381	6.565628521990728	3.4200813496526203	7.902267693544912	9.446404517552022	6.090566727233969	10.573130787391216	9.47693749353199	7.001548742581859
ENSG00000186307	201.2834115456015	195.95054320950894	160.80195888027438	174.85897723979275	62.566730925221684	313.3306642955743	107.84754867639404	122.62712512007656
ENSG00000172760	3.5641983405092525	3.4200813496526203	3.8592470131265855	5.225670584177715	5.536878842939972	6.506542023009978	5.307084996377914	11.802610737495135
ENSG00000139892	0.18758938634259223	0.4023625117238377	0.5513210018752265	0.20098733016068132	0.0	0.0	0.37907749974127963	0.0
ENSG00000184693	1.3131257043981457	3.4200813496526203	2.0215103402091636	3.0148099524102197	2.3993141652739878	3.8632593261621753	7.202472495084312	4.601017745125222
ENSG00000111350	78.97513165023133	38.22443861376458	116.32873139567279	25.52539093040653	61.274792528535684	32.5327101150499	58.94655120976898	29.206460469055756
ENSG00000175344	0.18758938634259223	0.20118125586191885	0.0	0.40197466032136264	0.1845626280979991	0.20332943821906183	0.18953874987063982	0.0
ENSG00000148487	16.13268722546293	18.70985679515845	25.728313420843904	10.45134116835543	12.919383966859934	12.606425169581835	24.640037483183175	24.605442723930533
ENSG00000209719	12.756078271296271	9.053156513786348	6.064531020627491	9.04442985723066	7.93619300821396	13.013084046019957	19.332952486805258	9.402079740038497
ENSG00000114492	1.8758938634259223	2.414175070343026	2.205284007500906	1.808885971446132	2.583876793371987	1.8299649439715566	2.4640037483183175	0.8001769991522124
ENSG00000212348	0.5627681590277767	1.207087535171513	1.102642003750453	0.602961990482044	0.1845626280979991	1.2199766293143712	1.3267712490944785	1.6003539983044248
ENSG00000241124	16.320276611805525	7.644887722752915	12.864156710421952	8.039493206427252	4.429503074351977	14.029731237115268	11.182786242367749	8.201814241310178
ENSG00000156900	5.627681590277767	6.035437675857565	11.210193704796271	5.627645244499077	13.84219710734993	11.386448540267462	10.045553743143909	4.400973495337168
ENSG00000138997	284.01033092268466	429.72316252105867	233.94387846238777	245.80750478651328	586.540032095441	266.7682229434091	399.1686072275674	452.5000930205762
ENSG00000215002	36.20475156412031	77.25360225097683	71.4879565764877	65.5218696323821	40.97290343775579	64.86209079188073	39.61359872296372	73.61628392200355
ENSG00000122879	0.9379469317129612	1.8106313027572696	2.5728313420843905	1.205923980964088	1.2919383966859934	1.8299649439715566	1.1372324992238387	1.6003539983044248
ENSG00000242181	3.189019567824068	3.2189000937907015	5.88075735333575	3.4167846127315826	6.275129355331968	3.4566004497240512	2.4640037483183175	9.802168239614602
ENSG00000200111	123.99658437245347	77.45478350683875	132.31704045005438	147.92667499826146	54.07685003271373	100.03808360377843	71.64564745110184	133.82960310820752
ENSG00000144522	1177.3109886861089	1356.9675707886427	1178.908075676526	1341.1884541622267	972.4604874483571	1919.8365556643819	976.8827168332775	1132.6505422999567
ENSG00000150333	64.15557012916655	55.32484536202768	58.07247886419052	48.4379465687242	76.59349066066962	53.068983375175144	44.35206746972971	72.61606267306328
ENSG00000156130	45.77181026759251	42.24806373100296	39.69511213501631	102.30255105178679	78.9928048259436	67.91203236516665	24.260959983441897	66.61473517942169
ENSG00000140802	1062.693873630785	1071.290187464718	907.4743690866228	1233.660232526262	1447.3401295445087	1001.6008126670986	1638.5624926316812	915.8025755297072
ENSG00000247795	24.949388383564767	26.153563262049452	41.900396142517216	21.706631657353583	23.624016396543883	29.482768541763967	19.71202998654654	23.405177225202216
ENSG00000154699	28.888765496759206	17.50276925998694	19.112461398341186	35.5747574384406	37.83533876008981	21.552920451220555	44.731144969470996	15.203362983892037
ENSG00000185669	1.1255363180555533	1.408268791033432	0.7350946691669688	1.808885971446132	2.3993141652739878	0.6099883146571856	2.2744649984476775	0.8001769991522124
ENSG00000139544	11.63054195324072	9.053156513786348	15.436988052506342	8.441467866748617	4.7986283305479756	6.9132008994481025	8.90832124392007	5.80128324385354
ENSG00000237634	1587.1937978446729	1720.300918875268	2671.701575087348	2467.923427043006	1884.0153076243746	1153.894561893176	2685.195469417354	2608.977105735789
ENSG00000208251	2.0634832497685145	3.0177188379287827	1.6539630056256793	2.6128352920888576	2.2147515371759887	1.8299649439715566	0.37907749974127963	1.2002654987283188
ENSG00000216205	37.142698495833265	39.230344893074175	30.5064287704292	20.09873301606813	36.17427510720782	20.94293213656337	30.51573872917301	28.80637196947965
ENSG00000162317	2.0634832497685145	2.212993814481107	2.0215103402091636	2.6128352920888576	2.2147515371759887	1.6266355057524946	1.3267712490944785	3.400752246396903
ENSG00000111894	27.388050406018465	43.857513777898305	39.32756480043282	52.85966783225919	14.580447619741927	27.042815283135226	38.47636622373988	27.206017971175225
ENSG00000158938	189.27769081967557	225.12182530948718	224.93896876509243	121.39634741705152	177.3646856021771	182.58983552071754	188.78059487115723	151.03340858998013
ENSG00000156912	23.26108390648144	18.70985679515845	13.415477712297177	14.471087771569056	26.02333056181787	12.403095731362773	19.5224912366759	23.60522147499027
ENSG00000213313	94.54505071666648	128.95718500748998	210.78839638362825	163.8046740809553	107.23088692493745	165.7134921485354	110.31155242471236	178.23942656115534
ENSG00000124047	291.88908514907354	83.49022118269632	193.51367165820452	105.31736100419701	255.80380254382672	88.24497618707285	283.5499698064772	141.23124035036548
ENSG00000132213	31.139838132870313	81.27722736821521	75.71475092419777	65.11989497206075	67.73448451196566	98.20811865980689	61.410554958087296	56.612522690019034
ENSG00000208095	1166.8059830509237	623.8630744278104	859.8769892580616	734.4077044071296	1022.476959662915	605.108408139928	1400.312284044287	939.0077085051214
ENSG00000215533	103.9245200337961	85.30085248545359	127.53892510046906	252.0381120214944	73.08680072680762	150.26045484388672	87.56690244023558	80.6178326645854
ENSG00000192153	23.073494520138844	15.088594189643912	25.728313420843904	14.672075101729737	19.9327638345839	16.46968449574401	17.627103737969502	21.404734727321685
ENSG00000200890	9.754648089814797	4.425987628962214	5.88075735333575	7.034556555623847	6.275129355331968	8.946495281638722	5.875701245989834	9.402079740038497
ENSG00000137419	4.314555885879622	5.633075164133728	8.269815028128399	6.632581895302484	7.751630380115961	8.336506966981535	5.307084996377914	4.801061994913275
ENSG00000153092	70.90878803749987	69.407533272362	40.61398047147502	69.74260356575643	70.50292393343564	109.59456720007434	75.81549994825592	79.8176556654332
ENSG00000217440	7.691164840046282	15.088594189643912	16.17208272167331	14.672075101729737	12.550258710663936	15.859696181086823	10.614169992755828	15.803495733256197
ENSG00000236662	4098.640502199299	7809.856352559689	5026.577347763732	9556.746561810236	5970.785581598368	4116.607806183126	8767.493952766185	6747.492545351031
ENSG00000159746	1397.7285176386547	1497.9956311478477	1641.466396249841	948.0572363679339	884.6086764737096	1464.3786140536833	1134.9580342253912	952.810761740497
ENSG00000110856	18.196170475231447	26.354744517911367	14.885667050631115	18.490834374782683	13.288509223055932	16.26635505752495	24.640037483183175	16.803716982196462
ENSG00000148221	15.75750845277775	14.485050422058157	13.783025046880663	12.662201800122924	14.026759735447929	16.67301393396307	23.502804983959336	11.802610737495135
ENSG00000243395	508.7424157611102	1316.9325008721207	523.3874044468818	893.3886825642285	648.7376377644667	1102.2488845855344	891.0216631418778	1045.8313378919418
ENSG00000204768	0.37517877268518446	0.6035437675857565	0.9188683364587108	0.40197466032136264	0.1845626280979991	0.20332943821906183	0.947693749353199	1.0002212489402655
ENSG00000249629	4.314555885879622	7.242525211029078	10.842646370212789	9.647391847712704	6.275129355331968	21.95957932765868	15.352638739521824	8.401858491098231
ENSG00000183057	122.12069050902757	121.7146597964609	141.68949748193322	177.87378719220297	142.48234889165528	236.67546608698797	96.09614618441438	130.02876236223454
ENSG00000233741	6.9408072946759125	1.8106313027572696	8.821136030003624	4.823695923856352	4.429503074351977	2.643282696847804	6.065239995860474	6.001327493641594
ENSG00000115436	7.315986067361097	12.272056607577051	10.842646370212789	11.858252479480198	9.412694032997953	10.369801349172155	10.614169992755828	11.202477988130974
ENSG00000175593	13.694025203009232	13.479144142748561	9.188683364587108	7.034556555623847	8.120755636311959	10.573130787391216	13.078173741074146	17.003761231984516
ENSG00000100059	121.1827435773146	131.97490384541877	105.30231135816827	136.6713845092633	75.85524014827762	141.313959562248	43.78345122011779	88.21951415653143
ENSG00000220743	47.08493597199065	43.05278875445063	44.840774819185086	33.96685879715515	22.701203256053887	44.93580584641266	54.20808246300299	31.006858717148233
ENSG00000200946	67.34458969699062	55.72720787375152	63.95323621752627	69.34062890543507	91.72762616470553	57.13557213955638	85.29243744178791	46.610310200616375
ENSG00000241506	129.24908719004605	86.30675876476319	84.16833961961791	80.19394473411185	65.88885823098568	85.39836405200597	115.80817617096092	102.02256739190709
ENSG00000141719	33.39091076898142	42.04688247514104	32.71171277793011	25.123416270085166	21.40926485936789	44.122488093536425	35.254207475939005	21.20469047753363
ENSG00000246831	126.81042516759236	336.17387854526635	240.19218315030702	180.48662248429184	303.2363979650125	307.0274517107834	122.4420324164333	337.27460514265755
ENSG00000178696	5.252502817592583	7.04134395516716	11.393967372088014	5.225670584177715	5.536878842939972	11.99643685492465	3.601236247542156	5.001106244701328
ENSG00000121646	0.5627681590277767	1.408268791033432	2.0215103402091636	0.20098733016068132	0.9228131404899953	2.4399532586287425	0.7581549994825593	1.0002212489402655
ENSG00000198372	2.4386620224536992	0.8047250234476754	2.389057674792648	0.602961990482044	0.9228131404899953	1.0166471910953094	1.705848748835758	0.4000884995761062
ENSG00000176225	1.8758938634259223	1.005906279309594	0.3675473345834844	0.602961990482044	1.8456262809799906	1.0166471910953094	1.5163099989651185	1.800398248092478
ENSG00000240055	9.379469317129612	7.242525211029078	6.983399357086203	9.446404517552022	6.828817239625965	10.166471910953094	11.751402491979668	16.403628482620356
ENSG00000194320	164.5158918224534	260.12736382946105	135.25741912672225	235.55715094831854	211.5087718003069	133.1807820334855	265.1647110690251	258.6572149759527
ENSG00000240366	44.646273949536955	40.43743242824569	56.78606319314833	43.413263314707166	67.91904714006365	50.222371240108274	40.94036997205819	45.61008895167611
ENSG00000188639	13.131257043981456	7.846068978614835	14.150572381464148	6.632581895302484	18.456262809799906	10.369801349172155	8.150166244437512	3.2007079966088496
ENSG00000206857	3.3766089541666604	3.4200813496526203	4.594341682293554	4.823695923856352	2.3993141652739878	2.4399532586287425	2.4640037483183175	2.4005309974566376
ENSG00000231638	9.942237476157388	3.2189000937907015	14.334346048755888	16.279973743015187	19.009950694093902	9.963142472734031	9.09785999379071	3.400752246396903
ENSG00000196445	11.442952566898127	22.129938144811074	9.556230699170593	11.858252479480198	12.550258710663936	9.75981303451497	10.614169992755828	8.001769991522124
ENSG00000200188	5.627681590277767	9.254337769648266	18.7449140637577	9.446404517552022	6.459691983429967	13.013084046019957	12.320018741591587	4.000884995761062
ENSG00000167462	1.3131257043981457	1.207087535171513	1.6539630056256793	1.808885971446132	0.7382505123919963	2.2366238204096804	0.37907749974127963	0.8001769991522124
ENSG00000126327	11.255363180555534	9.254337769648266	9.740004366462335	8.240480536587933	12.181133454467938	9.963142472734031	11.372324992238388	14.403185984739824
ENSG00000119850	125.68488884953679	277.8313143453099	190.9408403161201	206.61497540518042	229.22678409771484	211.86927462426246	193.13998611818195	340.0752246396903
ENSG00000152569	0.5627681590277767	0.6035437675857565	0.0	0.602961990482044	0.1845626280979991	0.0	0.5686162496119194	0.4000884995761062
ENSG00000110841	32.828142609953645	25.348838238601775	16.72340372354854	18.08885971446132	25.654205305621872	29.279439103544906	18.5747974873227	26.805929471599118
ENSG00000185244	0.37517877268518446	0.6035437675857565	0.1837736672917422	0.40197466032136264	0.0	0.0	0.37907749974127963	0.4000884995761062
ENSG00000185875	45.58422088124992	46.27168884824133	61.38040487544189	28.33921355265607	22.885765884151883	14.233060675334329	47.00560996791867	33.407389714604875
ENSG00000205253	5.627681590277767	10.260244048957862	6.064531020627491	10.250353838194748	4.7986283305479756	15.65636674286776	8.90832124392007	7.601681491946018
ENSG00000121944	0.18758938634259223	0.4023625117238377	0.0	0.20098733016068132	0.1845626280979991	0.8133177528762473	0.18953874987063982	0.4000884995761062
ENSG00000175631	30.20189120115735	23.337025679982585	19.112461398341186	33.76587146699447	54.26141266081172	54.28896000448952	46.43699371830675	18.204026730712833
ENSG00000118281	3252.987548566892	901.4932075172583	1596.625621430656	1322.496632457283	1376.4680803548772	1064.836267953227	3125.114907867109	808.5788576433107
ENSG00000214628	107.67630776064794	57.53783917650879	61.38040487544189	33.16290947651242	59.0600409913597	38.22593438518363	68.61302745317161	35.60787646227346
ENSG00000162932	111.0529167148146	423.0841810776153	275.10917993573804	287.00990746945297	320.2161597500284	248.67190294191266	231.9954298416631	401.8888978241987
ENSG00000150909	31.890195678240683	31.183094658597422	19.48000873292467	15.677011752533144	21.04013960317189	21.552920451220555	44.541606219600354	39.20867295845841
ENSG00000190358	0.37517877268518446	0.0	0.5513210018752265	0.0	0.9228131404899953	1.2199766293143712	0.18953874987063982	0.4000884995761062
ENSG00000244254	53.08779633495361	123.12292858749434	61.56417854273363	84.81665332780753	59.7982915037517	52.86565393695608	98.5601499327327	62.813894433448674
ENSG00000164242	7.128396681018505	6.437800187581403	10.10755170104582	18.691821704943365	14.949572875937925	20.129614383687123	3.2221587478008766	12.20269923707124
ENSG00000157690	1.8758938634259223	1.6094500468953508	0.1837736672917422	1.6078986412854506	2.0301889090779897	3.4566004497240512	1.895387498706398	2.6005752472446906
ENSG00000112500	117.05577707777755	122.7205660757705	126.8038304313021	101.49860173114408	115.16707993315141	84.58504629912973	221.19172109903667	93.22062040123275
ENSG00000175462	27.388050406018465	54.52012033858001	53.66191084918871	71.35050220704187	72.16398758631763	33.14269842970708	59.13608995963961	40.608982706974786
ENSG00000115592	11.81813133958331	5.4318939082718085	7.902267693544912	8.642455196909298	7.751630380115961	10.776460225610277	10.99324749249711	6.801504492793806
ENSG00000161485	66.21905337893506	137.00443524196675	177.52536260382294	150.13753563002896	155.77085811471122	142.53393619156236	109.36385867535917	179.6397363096717
ENSG00000142497	4.126966499537029	4.627168884824133	6.248304687919234	2.6128352920888576	2.768439421469986	5.896553708352793	4.928007496636635	4.801061994913275
ENSG00000213632	126.060067622222	64.78036438753787	89.3140023037867	84.21369133732549	107.96913743732945	50.42570067832734	110.31155242471236	83.81854066119426
ENSG00000161066	3.5641983405092525	4.425987628962214	6.983399357086203	3.0148099524102197	4.244940446253978	5.083235955476547	5.496623746248555	5.201150494489381
ENSG00000150797	88.91736912638872	78.66187104201028	89.49777597107844	104.71439901371497	74.19417649539562	121.59100405499898	98.37061118286206	86.619160158227
ENSG00000127706	2.0634832497685145	3.0177188379287827	5.513210018752265	3.0148099524102197	3.691252561959981	0.8133177528762473	2.843081248059597	2.8006194970327436
ENSG00000248771	474.0383792877306	729.4832337553177	703.8531457273725	771.3893731566949	630.6505002108628	562.0025672374869	760.0503869812655	571.7264658942559
ENSG00000203384	42.207611927083256	67.79808322546666	33.63058111438882	35.172782778119235	52.23122375173374	53.67897168983232	53.63946621339107	36.80814196100177
ENSG00000166123	390.37351297893446	418.45701219279124	705.1395613984147	434.3336204772324	500.34928477367544	828.5674607426771	266.1124048183783	371.08208335683855
ENSG00000212576	7.315986067361097	7.242525211029078	10.842646370212789	2.2108606317674946	11.627445570173942	5.286565393695608	10.803708742626469	3.400752246396903
ENSG00000113966	7.503575453703689	10.662606560681699	6.432078355210976	10.049366508034066	4.6140657024499765	10.776460225610277	8.339704994308152	10.202256739190709
ENSG00000142122	104.29969880648129	162.1520922247066	123.67967808734248	116.77363882335585	109.99932634640744	159.4102795637445	212.47293860498723	117.62601887537524
ENSG00000165220	0.0	0.0	0.0	0.602961990482044	0.0	0.40665887643812365	0.0	0.2000442497880531
ENSG00000201150	2.4386620224536992	2.011812558619188	1.2864156710421952	1.808885971446132	4.060377818155979	2.033294382190619	2.084926248577038	4.601017745125222
ENSG00000120938	249.30629444930508	431.73497507967784	220.5284007500906	261.88649119936775	178.4720613707651	179.1332350709935	135.52020615750746	105.62336388809204
ENSG00000227306	64.34315951550914	101.3953529544071	39.14379113314108	57.48237642595486	71.79486233012165	86.8216701195394	119.59895116837372	88.01946990674337
ENSG00000130984	184.96313493379594	199.97416832674733	127.35515143317734	235.35616361815784	195.451823155781	305.807475081469	123.57926491565716	170.2376565696332
ENSG00000118493	18.946528020601814	17.703950515848856	11.393967372088014	17.88787238430064	14.580447619741927	15.859696181086823	10.045553743143909	15.603451483468143
ENSG00000103727	81.41379367268503	91.53747141717307	71.4879565764877	56.075465114830095	106.86176166874145	149.04047821457235	61.97917120769922	113.62513387961417
ENSG00000218914	8.44152238541665	9.656700281372103	3.124152343959617	5.627645244499077	4.983190958645975	7.7265186523243505	8.52924374417879	8.001769991522124
ENSG00000215398	3.5641983405092525	1.8106313027572696	1.6539630056256793	2.8138226222495386	1.2919383966859934	1.8299649439715566	0.947693749353199	2.4005309974566376
ENSG00000205607	0.9379469317129612	1.005906279309594	1.102642003750453	0.602961990482044	1.1073757685879944	2.033294382190619	1.3267712490944785	0.6001327493641594
ENSG00000189018	9.567058703472204	12.674419119300888	5.88075735333575	8.039493206427252	12.181133454467938	9.353154158076846	8.718782494049432	7.601681491946018
ENSG00000115081	4.689734658564806	7.443706466890998	8.086041360836655	9.446404517552022	4.983190958645975	13.013084046019957	10.235092493014548	8.201814241310178
ENSG00000130416	7.503575453703689	10.662606560681699	9.556230699170593	5.024683254017033	8.674443520605955	14.233060675334329	7.960627494566872	13.402964735799559
ENSG00000155898	0.5627681590277767	0.6035437675857565	0.9188683364587108	0.20098733016068132	0.5536878842939972	0.20332943821906183	0.5686162496119194	0.4000884995761062
ENSG00000117830	0.5627681590277767	0.6035437675857565	0.5513210018752265	1.0049366508034066	0.3691252561959982	0.40665887643812365	0.0	0.0
ENSG00000228359	8.44152238541665	12.07087535171513	13.415477712297177	10.853315828676791	7.93619300821396	17.689661125058382	15.542177489392465	15.803495733256197
ENSG00000211141	48.210472290046205	55.928389129613436	32.34416544334662	20.299720346228813	43.925905487323774	28.872780227106784	47.76376496740123	41.8092482057031
ENSG00000198328	4.502145272222213	5.633075164133728	5.145662684168781	2.8138226222495386	9.781819289193951	12.403095731362773	9.28739874366135	16.60367273240841
ENSG00000227075	5.4400922039351745	4.828350140686052	4.594341682293554	3.4167846127315826	8.120755636311959	6.506542023009978	1.1372324992238387	8.001769991522124
ENSG00000199583	0.18758938634259223	0.0	0.5513210018752265	0.20098733016068132	0.3691252561959982	0.20332943821906183	0.0	0.4000884995761062
ENSG00000164889	1990.3233890949039	1386.7423966562067	1444.4610249130935	1119.7004163251556	1757.7744700053431	1833.6248738594998	1549.6688189423512	2158.277410963305
ENSG00000114009	1.1255363180555533	2.615356326204945	2.7566050093761323	1.205923980964088	2.583876793371987	1.8299649439715566	2.653542498188957	3.600796496184956
ENSG00000155237	758.7990677557857	1063.242937230241	757.3312829092695	644.1643931649836	860.2464095647737	551.2261070118767	1046.2538992859318	774.7713794291298
ENSG00000164540	592.7824608425915	330.33962212527075	376.18469694619625	732.1968437753621	810.7836252345099	619.9514571299196	311.22262728759057	523.115713195759
ENSG00000103722	52.525028175925826	35.2067197758358	61.93172587731711	43.01128865438581	46.32521965259777	56.11892494846107	40.75083122218756	47.01039870019248
ENSG00000167591	6.378039135648136	12.272056607577051	11.7615147066715	7.63751854610589	9.412694032997953	8.336506966981535	6.444317495601753	4.400973495337168
ENSG00000244002	20.822421884027737	32.390182193768936	23.706803080634742	56.47743977515146	30.083708379973846	37.41261663230738	41.12990872192884	28.006194970327435
ENSG00000194368	2.8138407951388835	1.408268791033432	2.7566050093761323	2.8138226222495386	2.768439421469986	1.2199766293143712	1.895387498706398	2.6005752472446906
ENSG00000238172	52.149849403240644	62.16500806133292	45.94341682293554	43.01128865438581	32.298459917149835	104.30800180637873	42.646218720893955	44.40982345294779
ENSG00000177737	24.38662022453699	28.366557076530558	39.69511213501631	30.1480995241022	16.795199156917914	32.5327101150499	28.05173498085469	37.80836320994204
ENSG00000198802	124.55935253148125	120.7087535171513	70.01776723815377	76.77716012138026	45.402406512107774	72.9952683206432	83.96566619269343	119.62646137325576
ENSG00000184399	145.56936380185158	124.12883486680393	212.07481205467047	222.29198715771355	161.49229958574918	105.32464899747404	235.7862048390759	113.82517812940222
ENSG00000237638	550.5748489155083	822.831336475248	971.4276053041491	888.1630119800508	929.8265203577192	965.0015137876675	967.7848568394868	993.0196559478958
ENSG00000224150	7.691164840046282	13.277962886886643	14.51811971604763	10.049366508034066	11.996570826369938	5.083235955476547	14.215406240297984	15.403407233680092
ENSG00000236970	258.4981743800921	191.32337432468483	215.19896439863007	417.24969741357444	139.3447842139893	241.75870204246453	101.4032311807923	204.24517903360223
ENSG00000154187	6.190449749305544	8.449612746200591	1.8377366729174216	4.220733933374309	5.906004099135971	5.896553708352793	8.339704994308152	6.601460243005753
ENSG00000206352	3.3766089541666604	3.8224438613764575	5.145662684168781	4.421721263534989	2.9530020495679854	7.1165303376671645	3.980313747283436	2.6005752472446906
ENSG00000164759	2.6262514087962914	9.455519025510187	2.0215103402091636	10.65232849851611	11.073757685879944	8.539836405200598	7.202472495084312	6.801504492793806
ENSG00000108458	4.314555885879622	7.242525211029078	2.940378676667875	2.2108606317674946	2.768439421469986	6.303212584790917	2.843081248059597	1.4003097485163718
ENSG00000224978	162.07722979999969	272.3994204370381	174.03366292527983	307.7116024760031	219.6295274366189	225.49234698493962	350.2676097609423	220.84885176601063
ENSG00000245364	148.94597275601825	99.38354039578792	145.73251816235154	131.64670125524628	210.03227077552293	197.8395433871472	136.27836115699	159.6353113308664
ENSG00000159518	206.34832497685147	175.43005511159322	408.7126360568346	1097.5918100074807	231.81066089108683	218.5791460854915	171.3430298830584	484.30712873687656
ENSG00000206154	27.012871633333283	17.301588004125023	31.792844441471395	35.77574476860128	35.25146196671782	23.17955595697305	19.71202998654654	50.21110669680134
ENSG00000194756	62.842444424768395	43.45515126617447	46.310964157519024	102.70452571210816	56.66072682608571	67.30204405050947	39.80313747283436	34.80769946312124
ENSG00000222403	5.627681590277767	7.242525211029078	7.718494026253171	11.054303158837474	4.060377818155979	10.369801349172155	9.85601499327327	8.401858491098231
ENSG00000171091	4.502145272222213	3.0177188379287827	2.0215103402091636	3.617771942892264	2.583876793371987	1.0166471910953094	2.653542498188957	3.2007079966088496
ENSG00000166597	90.79326298981464	71.41934583098119	60.27776287169143	101.49860173114408	69.58011079294566	59.57552539818512	43.214834970505876	47.810575699344696
ENSG00000199449	45.58422088124992	44.05869503376022	36.570959791056694	35.5747574384406	29.345457867581853	47.57908854326047	51.74407871468466	30.20668171799602
ENSG00000214316	2.6262514087962914	2.615356326204945	3.4916996785431014	3.215797282570901	2.0301889090779897	3.8632593261621753	3.411697497671516	2.000442497880531
ENSG00000159376	212.35118533981444	76.44887722752917	89.68154963837017	80.39493206427252	178.2874987426671	102.8846957388453	185.747974873227	112.2248241310978
ENSG00000204566	0.7503575453703689	0.4023625117238377	1.102642003750453	0.40197466032136264	0.0	0.40665887643812365	1.3267712490944785	1.4003097485163718
ENSG00000175934	25.32456715624995	23.739388191706425	14.51811971604763	14.471087771569056	18.825388065995906	15.65636674286776	17.05848748835758	16.60367273240841
ENSG00000134932	8.253932999074058	12.473237863438968	8.453588695420141	5.024683254017033	11.442882942075942	5.083235955476547	2.843081248059597	5.001106244701328
ENSG00000177951	7.503575453703689	10.46142530481978	9.740004366462335	5.828632574659759	11.073757685879944	18.70630831615369	4.738468746765995	10.002212489402655
ENSG00000248529	7.503575453703689	4.224806373100296	5.329436351460523	4.421721263534989	6.459691983429967	3.8632593261621753	8.150166244437512	3.800840745973009
ENSG00000138883	238.05093126874954	222.70765023914416	156.0238435306891	176.4668758810782	163.52248849482717	295.43767373229684	179.1141186277546	209.24628527830356
ENSG00000244188	145.19418502916642	122.11702230818474	49.2513428341869	69.54161623559574	64.78148246239768	56.32225438668013	93.82168118596671	82.81831941225398
ENSG00000120306	338.0360741893512	294.5293585818492	482.5896503081149	418.4556213945386	339.5952357003183	333.05361980282333	238.6292860871355	348.0769946312124
ENSG00000143746	23.073494520138844	51.301220244789306	52.00794784356304	22.91255563831767	20.486451718877895	28.872780227106784	24.640037483183175	32.0070799660885
ENSG00000231143	3.0014301814814757	3.8224438613764575	2.940378676667875	2.009873301606813	2.583876793371987	2.8466121350668656	2.2744649984476775	0.8001769991522124
ENSG00000206011	10.317416248842573	8.047250234476753	13.047930377713694	13.868125781087011	5.906004099135971	8.539836405200598	18.95387498706398	11.202477988130974
ENSG00000226969	2.0634832497685145	3.621262605514539	1.102642003750453	1.808885971446132	2.2147515371759887	4.676577079038423	3.2221587478008766	2.000442497880531
ENSG00000174829	72.97227128726838	79.06423355373411	40.24643313689153	85.41961531828957	126.79452550332535	89.87161169282533	32.97974247749132	67.81500067815
ENSG00000112850	196.2184981143515	227.3348191239683	332.4465641307616	266.7101871232241	239.9314165273988	130.5374993366377	187.83290112180404	394.8873490816169
ENSG00000154591	119.49443910023126	64.78036438753787	85.4547552906601	26.530327581209935	88.03637360274556	15.859696181086823	112.7755561730307	81.0179211641615
ENSG00000181051	14.25679336203701	4.425987628962214	4.594341682293554	8.039493206427252	6.090566727233969	7.929848090543412	7.581549994825592	6.001327493641594
ENSG00000184825	8.629111771759243	18.70985679515845	9.37245703187885	7.43653121594521	2.9530020495679854	13.21641348423902	9.47693749353199	17.003761231984516
ENSG00000153067	46.70975719930547	67.1945394578809	47.96492716314471	50.849794530652375	42.81852971873578	47.37575910504141	35.82282372555092	31.406947216724337
ENSG00000181687	1.1255363180555533	1.005906279309594	2.389057674792648	2.009873301606813	2.2147515371759887	1.6266355057524946	3.601236247542156	2.8006194970327436
ENSG00000191004	58.715477925231376	36.41380731100731	39.69511213501631	23.515517628799714	34.14408619812983	60.38884315106137	21.038801235641017	22.805044475838056
ENSG00000231731	29.263944269444387	37.4197135903169	43.18681181355941	50.04584521000965	23.624016396543883	47.172429666822346	35.254207475939005	50.61119519637744
ENSG00000248579	9.379469317129612	5.029531396547971	10.475099035629304	11.255290488998154	6.275129355331968	7.3198597758862265	6.444317495601753	9.001991240462392
ENSG00000108429	9.567058703472204	10.46142530481978	7.718494026253171	5.426657914338396	4.7986283305479756	8.946495281638722	23.313266234088694	8.401858491098231
ENSG00000236466	50.27395553981472	43.656332522036394	26.64718175730261	35.97673209876196	48.35540856167576	34.362675059021456	50.985923715202105	47.810575699344696
ENSG00000103379	2.8138407951388835	1.8106313027572696	5.696983686044007	4.019746603213626	9.228131404899953	7.3198597758862265	3.601236247542156	4.801061994913275
ENSG00000175414	4.502145272222213	6.035437675857565	5.513210018752265	7.235543885784528	4.429503074351977	7.3198597758862265	2.2744649984476775	11.802610737495135
ENSG00000175065	193.5922467055552	153.9036607343679	82.3306029467005	121.99930940753356	160.2003611890632	102.27470742418811	207.5449311083506	101.22239039275487
ENSG00000168138	62.65485503842581	34.2008134965262	42.084169809808955	28.54020088281675	27.868956842797857	31.109404047516463	47.00560996791867	37.60831896015399
ENSG00000120008	794.0658723881929	643.7800187581403	1037.9536728637597	793.2969921442092	897.1589351843734	375.54947239060726	692.9536695270591	1131.4502768012285
ENSG00000128152	5.627681590277767	4.224806373100296	2.940378676667875	4.019746603213626	2.2147515371759887	4.066588764381238	4.169852497154076	5.001106244701328
ENSG00000175690	0.7503575453703689	0.20118125586191885	0.7350946691669688	2.009873301606813	0.1845626280979991	0.6099883146571856	1.3267712490944785	0.6001327493641594
ENSG00000189462	295.0781047168976	134.99262268334755	89.68154963837017	116.97462615351654	149.68029138747724	126.47091057225646	205.2704661099029	203.44500203445003
ENSG00000188781	156.44954820972194	169.7969799474595	94.27589132066373	139.68619446167352	152.81785606514322	169.17009259825946	146.32391490013393	153.23389533764868
ENSG00000201962	4.502145272222213	9.455519025510187	7.350946691669686	2.009873301606813	8.674443520605955	7.3198597758862265	3.2221587478008766	2.4005309974566376
ENSG00000109609	0.9379469317129612	1.408268791033432	2.5728313420843905	0.602961990482044	1.1073757685879944	1.0166471910953094	1.895387498706398	1.4003097485163718
ENSG00000128453	24.1990308381944	22.33111940067299	15.069440717922857	17.686885054139957	26.761581074209865	20.332943821906188	14.025867490427345	20.404513478381418
ENSG00000156956	0.18758938634259223	0.0	0.7350946691669688	0.40197466032136264	0.9228131404899953	0.8133177528762473	0.0	0.0
ENSG00000218584	21.385190043055516	21.526394377225316	13.231704045005435	23.314530298639035	19.009950694093902	19.51962606902994	13.646789990686065	12.802831986435399
ENSG00000101003	0.18758938634259223	0.4023625117238377	0.9188683364587108	0.602961990482044	0.5536878842939972	0.40665887643812365	0.37907749974127963	0.0
ENSG00000183845	16.69545538449071	9.656700281372103	18.009819394590732	18.08885971446132	23.624016396543883	25.21285033916367	9.28739874366135	15.403407233680092
ENSG00000102268	0.37517877268518446	0.4023625117238377	0.3675473345834844	0.20098733016068132	0.1845626280979991	0.6099883146571856	0.37907749974127963	0.6001327493641594
ENSG00000204444	11.067773794212941	12.875600375162806	17.642272060007247	23.113542968478352	17.71801229740791	12.403095731362773	23.692343733829976	16.00353998304425
ENSG00000143937	524.1247454412028	664.0993256001941	837.2728281811773	379.86605400368774	509.39285355047735	690.9134310683722	629.2686495705241	790.574875162386
ENSG00000191698	24.1990308381944	23.135844424120666	24.62567141709345	27.53526423201334	24.362266908935876	15.453037304648701	25.019114982924453	8.201814241310178
ENSG00000146404	148.38320459699048	83.49022118269632	115.04231572463058	113.35685421062428	180.31768765174508	165.91682158675448	123.95834241539843	186.4412408024655
ENSG00000235668	2.4386620224536992	9.254337769648266	9.188683364587108	6.632581895302484	9.781819289193951	8.743165843419659	10.235092493014548	7.201592992369912
ENSG00000210726	4.689734658564806	3.0177188379287827	2.7566050093761323	3.0148099524102197	2.0301889090779897	5.48989483191467	3.411697497671516	5.401194744277435
ENSG00000182944	0.7503575453703689	1.408268791033432	1.102642003750453	1.808885971446132	0.5536878842939972	1.0166471910953094	1.1372324992238387	2.000442497880531
ENSG00000214293	184.2127773884256	209.83204986398135	142.24081848380845	195.35968491618226	155.77085811471122	232.60887732260676	264.59609481941317	175.23876281433454
ENSG00000224452	17.820991702546262	29.97600712342591	16.907177390840282	19.495771025586087	39.680965041069804	29.279439103544906	21.038801235641017	20.204469228593364
ENSG00000152788	855.4076017222206	560.0886163195821	299.367304018248	509.3018946271665	803.4011201105899	990.4176935650502	792.4615132091451	491.1086332296704
ENSG00000207793	1.5007150907407378	3.4200813496526203	1.6539630056256793	4.421721263534989	2.9530020495679854	3.8632593261621753	2.843081248059597	3.000663746820797
ENSG00000103373	20.07206433865737	15.28977544550583	15.988309054381567	10.049366508034066	24.915954793229872	20.129614383687123	11.940941241850307	22.605000226050002
ENSG00000206204	23.073494520138844	42.449244986864876	24.074350415218223	32.15797282570901	32.298459917149835	27.449474159573352	50.417307465590184	13.803053235375664
ENSG00000131584	309.71007685161976	289.70100844116314	597.8157397000373	555.1270059038019	345.13211454325824	445.29146969974545	502.65676465693673	426.0942520485532
ENSG00000157764	601.7867513870359	1295.2049252390334	989.2536510314479	940.2187304916673	555.5335105749772	927.5888971553601	1169.0750092021065	1023.6264261654678
ENSG00000229725	7.315986067361097	9.656700281372103	5.88075735333575	5.225670584177715	4.060377818155979	8.336506966981535	2.4640037483183175	9.802168239614602
ENSG00000106864	3.5641983405092525	1.8106313027572696	5.145662684168781	2.009873301606813	3.322127305763983	4.676577079038423	3.032619997930237	2.4005309974566376
ENSG00000189093	1.1255363180555533	1.005906279309594	0.5513210018752265	1.6078986412854506	1.4765010247839927	0.6099883146571856	0.947693749353199	0.4000884995761062
ENSG00000117496	576.0870054581007	239.60687573154533	203.62122335925034	351.1248657907103	342.3636751217883	261.68498698793263	455.08253843940616	459.501641763158
ENSG00000148474	16.507865998148116	27.7630133089448	21.685292740425577	15.677011752533144	28.791769983287853	11.386448540267462	18.19571998758142	15.203362983892037
ENSG00000235925	5.252502817592583	8.248431490338673	5.88075735333575	9.848379177873385	7.567067752017962	6.099883146571855	7.012933745213672	4.000884995761062
ENSG00000183531	33.01573199629623	17.905131771710778	31.792844441471395	26.932302241531296	23.80857902464188	11.183119102048401	14.784022489909903	25.00553122350664
ENSG00000128585	0.37517877268518446	0.0	0.0	0.602961990482044	0.0	0.0	0.18953874987063982	0.0
ENSG00000135561	0.7503575453703689	1.207087535171513	1.2864156710421952	0.602961990482044	0.7382505123919963	0.8133177528762473	0.7581549994825593	0.6001327493641594
ENSG00000187014	106.73836082893499	228.3407254032779	129.9279827752617	197.9725202082711	220.9214658333049	113.45782652623652	211.33570610576336	144.43194834697434
ENSG00000118227	80.85102551365726	52.10594526823698	44.840774819185086	53.86460448306259	115.16707993315141	78.2818337143388	112.01740117354812	88.81964690589558
ENSG00000157847	33.9536789280092	49.088226430308204	27.74982376105307	40.39845336229695	27.68439421469986	28.466121350668658	23.313266234088694	37.00818621078982
ENSG00000116904	1.6883044770833302	4.023625117238376	1.4701893383339375	2.8138226222495386	2.3993141652739878	1.6266355057524946	2.843081248059597	3.600796496184956
ENSG00000197035	59.84101424328693	81.27722736821521	129.56043544067822	62.10508501965053	91.35850090850954	44.52914696997455	76.76319369760913	78.81743441649293
ENSG00000107210	1138.2923963268497	1102.674463379177	919.0521101260026	1107.6411765155149	1084.3054400757446	869.2333483864894	601.4064533395401	825.7826631250832
ENSG00000239030	2.4386620224536992	2.615356326204945	2.205284007500906	1.0049366508034066	1.4765010247839927	2.033294382190619	1.705848748835758	3.400752246396903
ENSG00000206333	34.891625859722154	22.73348191239683	38.96001746584934	13.265163790604968	54.07685003271373	43.51249977887924	41.12990872192884	27.80615072053938
ENSG00000172102	13.506435816666642	7.443706466890998	15.620761719798082	8.240480536587933	4.7986283305479756	11.386448540267462	13.457251240815426	13.202920486011505
ENSG00000191904	28.51358672407402	25.147656982739857	22.787934744176027	27.937238892334705	50.754722726949744	81.73843416406287	48.14284246714251	71.61584142412302
ENSG00000135209	22.69831574745366	18.70985679515845	15.804535387089825	26.530327581209935	22.885765884151883	18.70630831615369	22.555111234606137	31.406947216724337
ENSG00000115793	27.012871633333283	15.28977544550583	12.129062041254983	17.485897723979278	24.731392165131876	10.97978966382934	17.437564988098863	18.404070980500887
ENSG00000214954	1.6883044770833302	2.212993814481107	0.5513210018752265	4.220733933374309	8.305318264409959	3.6599298879431132	5.496623746248555	5.80128324385354
ENSG00000117017	15.569919066435157	20.319306842053802	16.17208272167331	35.172782778119235	20.1173264626819	23.586214833411173	24.640037483183175	36.608097711213716
ENSG00000231201	7.315986067361097	8.449612746200591	5.329436351460523	5.627645244499077	8.859006148703955	9.75981303451497	9.85601499327327	12.002654987283188
ENSG00000154377	23.073494520138844	17.905131771710778	25.912087088135646	12.260227139801563	22.147515371759887	29.686097979983032	28.241273730725332	12.402743486859293
ENSG00000190911	25.512156542592543	12.07087535171513	25.912087088135646	17.88787238430064	18.456262809799906	18.90963775437275	20.65972373589974	16.203584232832302
ENSG00000224720	53.275385721296196	89.5256588585539	65.60719922315195	90.24331124214592	67.18079662767165	45.54579416106985	78.0899649467036	80.2177441650093
ENSG00000162451	5.81527097662036	7.644887722752915	7.167173024377944	8.642455196909298	3.691252561959981	4.473247640819361	6.254778745731113	7.001548742581859
ENSG00000136888	12.193310112268495	14.283869166196236	9.004909697295366	15.877999082693824	17.71801229740791	13.41974292245808	16.679409988616303	13.002876236223454
ENSG00000137064	186.83902879722189	113.66740956198414	188.91932997591095	301.28000791086134	172.56605727162912	206.7860386687859	174.18611113111797	237.05243599884295
ENSG00000129109	15.75750845277775	20.319306842053802	14.885667050631115	18.892809035104044	13.103946594957934	19.722955507248997	15.921254989133743	18.404070980500887
ENSG00000225034	13.694025203009232	23.538206935844507	21.317745405842093	23.113542968478352	14.580447619741927	19.112967192591814	17.05848748835758	6.401415993217699
ENSG00000169616	326.2179428497679	139.01624780058594	408.3450887222511	296.456311987005	199.69676360203496	161.4435739459351	95.90660743454374	165.23655032493187
ENSG00000147679	30.20189120115735	61.56146429374717	40.79775413876676	53.663617152901914	33.95952357003183	78.2818337143388	17.81664248784014	31.206902966936287
ENSG00000140935	21.01001127037033	38.4256198696265	18.009819394590732	23.515517628799714	16.426073900721914	37.61594607052644	52.12315621442595	21.80482322689779
ENSG00000248891	52.90020694861101	34.2008134965262	39.69511213501631	57.48237642595486	33.221273057639834	29.076109665325845	52.502233714167225	46.01017745125221
ENSG00000109712	1.3131257043981457	0.6035437675857565	2.7566050093761323	2.6128352920888576	2.9530020495679854	1.6266355057524946	2.2744649984476775	1.0002212489402655
ENSG00000100535	51.96226001689805	104.61425304819781	73.32569324940512	53.06065516241987	29.160895239483853	101.86804854774999	61.78963245782858	68.81522192709026
ENSG00000247441	528.2517119407397	253.6895636418797	420.1066034289226	471.51627655695836	352.5146196671782	452.00134116097445	382.11011973920984	531.117483187281
ENSG00000191474	176.7092019347219	112.86268453853647	212.99368039112917	104.31242435339361	169.79761785015916	85.39836405200597	66.52810120459458	83.2184079118301
ENSG00000166973	0.7503575453703689	2.212993814481107	2.205284007500906	1.205923980964088	0.9228131404899953	2.4399532586287425	1.1372324992238387	1.0002212489402655
ENSG00000121316	45.9593996539351	23.135844424120666	60.645310206274914	25.72637826056721	30.637396264267842	28.466121350668658	28.62035123046661	34.00752246396903
ENSG00000172980	4.314555885879622	6.437800187581403	4.043020680418327	4.421721263534989	3.137564677665984	3.0499415732859276	2.843081248059597	4.801061994913275
ENSG00000134982	15.382329680092564	12.07087535171513	14.150572381464148	17.686885054139957	18.640825437897906	10.97978966382934	15.163099989651185	20.00442497880531
ENSG00000151832	25.32456715624995	18.70985679515845	30.5064287704292	27.33427690185266	45.21784388400977	31.51606292395459	28.05173498085469	50.61119519637744
ENSG00000143370	2.4386620224536992	4.425987628962214	1.2864156710421952	2.2108606317674946	3.322127305763983	3.253271011504989	1.895387498706398	1.4003097485163718
ENSG00000225320	355.6694765055549	321.0852843556225	291.0974889901196	505.0811606937921	345.13211454325824	354.1998813776057	467.97117343060967	392.6868623339483
ENSG00000236891	14.25679336203701	18.70985679515845	20.21510340209164	17.284910393818596	23.070328512249883	15.24970786642964	12.888634991203507	9.60212398982655
ENSG00000112466	89.29254789907391	130.36545379852342	112.28571071525447	136.06842251878126	115.16707993315141	174.253328553736	134.38297365828362	129.62867386265842
ENSG00000144137	67.15700031064803	76.44887722752917	105.66985869275175	122.40128406785495	114.79795467695541	67.70870292694761	73.73057369967889	78.61739016670488
ENSG00000154491	302.0189120115735	315.2510279356268	391.8054586659943	396.3470150768636	299.17602014685644	356.4365051980154	452.04991844147594	673.5489890363749
ENSG00000196771	148.94597275601825	222.70765023914416	273.2714432628206	138.07829582038806	234.76366294065483	219.59579327658682	248.48530108040876	242.45363074312039
ENSG00000112350	1.3131257043981457	1.6094500468953508	0.7350946691669688	2.6128352920888576	0.7382505123919963	1.4233060675334328	1.1372324992238387	1.4003097485163718
ENSG00000212150	17.820991702546262	18.307494283434615	20.39887706938338	43.413263314707166	25.285080049425872	30.702745171078337	29.568044979819806	24.805486973718587
ENSG00000209155	0.18758938634259223	0.6035437675857565	0.1837736672917422	0.602961990482044	0.3691252561959982	0.6099883146571856	0.18953874987063982	0.8001769991522124
ENSG00000143455	6.9408072946759125	11.869694095853212	5.696983686044007	6.833569225463165	13.84219710734993	4.473247640819361	7.581549994825592	10.80238948855487
ENSG00000242626	77.84959533217578	145.65522924402924	80.12531893919959	151.74543427131442	83.79143315649158	102.27470742418811	95.14845243506119	77.21708041818852
ENSG00000171200	182.89965168402745	169.7969799474595	130.84685111172044	251.23416270085167	115.35164256124942	338.3401851965189	104.05677367898126	83.2184079118301
ENSG00000215880	473.850789901388	296.9435336521922	260.40728655239866	271.3328957169198	340.1489235846123	353.79322250116763	307.43185229017774	388.68597733818723
ENSG00000134465	16.507865998148116	13.076781631024726	8.086041360836655	9.446404517552022	7.751630380115961	17.283002248620257	11.372324992238388	11.002433738342921
ENSG00000238194	69.59566233310173	64.98154564339978	65.97474655773543	59.49224972756168	50.201034842655744	30.296086294640215	38.665904973610516	48.6107526984969
ENSG00000177177	52.71261756226842	44.46105754548407	38.04114912939063	21.706631657353583	22.332077999857887	23.586214833411173	28.80988998033725	36.80814196100177
ENSG00000136673	305.020342193055	277.0265893218622	280.806163621782	494.8308068555975	278.5050057998806	318.2105708128318	295.49091104832746	255.25646272955578
ENSG00000117457	401.0661080004622	583.0232794878408	391.4379113314108	451.4175435408903	660.7342085908366	476.60420318548097	582.6421171023468	489.308234981578
ENSG00000128246	11.442952566898127	11.064969072405537	11.577741039379756	10.45134116835543	12.181133454467938	13.013084046019957	17.437564988098863	9.802168239614602
ENSG00000207601	12391.967272405302	6025.177431808607	6553.368975623526	9773.00892906313	8942.243893976152	10245.973721296747	12453.454021500518	10517.126388357105
ENSG00000115348	24.1990308381944	19.715763074468047	27.382276426469584	32.358960155869696	39.3118397848738	23.789544271630234	30.89481622891429	22.40495597626195
ENSG00000206727	21.385190043055516	6.236618931719484	8.453588695420141	19.093796365264726	11.073757685879944	21.146261574782432	21.98649498499422	10.202256739190709
ENSG00000146366	47.64770413101843	85.30085248545359	64.50455721940149	91.24824789294932	56.476164197987714	70.96197393845259	108.03708742626468	70.8156644249708
ENSG00000154652	121.1827435773146	95.56109653441145	117.43137339942325	129.83781528380013	71.97942495821964	85.60169349022505	111.82786242367749	161.6357538287469
ENSG00000120642	100.36032169328685	60.95792052616141	59.726441869816206	50.648807200491696	108.52282532162344	72.18195056776696	124.14788116526907	130.82893936138674
ENSG00000174017	5.627681590277767	4.023625117238376	4.961889016877039	10.853315828676791	7.567067752017962	11.793107416705586	7.960627494566872	8.201814241310178
ENSG00000191052	649.4344555180543	414.43338707555284	366.44469257973384	390.11640784188245	569.0065824261311	554.0727191469435	552.1263783731737	289.66407369310093
ENSG00000206284	25.32456715624995	37.017351078593066	34.91699678543101	32.96192214635173	21.59382748746589	11.386448540267462	17.627103737969502	20.60455772816947
ENSG00000184295	621.483636953008	560.8933413430298	308.9235347174186	445.5889109662305	401.97740399744197	379.41273171676943	1032.6071092952457	521.3153149476664
ENSG00000163529	353.2308144831012	521.2606339382318	353.76430953660366	346.10018253669324	340.3334862127103	435.12499778879237	402.2012272254977	489.1081907317899
ENSG00000139209	1.1255363180555533	2.615356326204945	2.389057674792648	2.009873301606813	2.3993141652739878	3.0499415732859276	4.548929996895355	2.200486747668584
ENSG00000210522	5.4400922039351745	6.236618931719484	4.410568015001812	7.034556555623847	3.322127305763983	5.286565393695608	4.928007496636635	7.201592992369912
ENSG00000230623	4.689734658564806	1.408268791033432	2.5728313420843905	8.039493206427252	3.322127305763983	2.643282696847804	4.548929996895355	4.000884995761062
ENSG00000244823	57.58994160717582	65.38390815512362	33.44680744709708	41.80536467342172	30.083708379973846	59.372195959966064	37.1495949746454	41.20911545633894
ENSG00000159402	23.26108390648144	21.526394377225316	14.701893383339373	32.96192214635173	33.036710429541834	20.73960269834431	47.19514871778931	33.20734546481682
ENSG00000220709	54.58851142569434	39.230344893074175	32.89548644522185	43.81523797502853	63.12041880951568	61.60881978037574	78.46904244644487	48.210664198920796
ENSG00000141356	3.7517877268518447	6.638981443443321	5.329436351460523	5.225670584177715	4.6140657024499765	4.473247640819361	1.1372324992238387	5.001106244701328
ENSG00000180911	72.03432435555541	70.4134395516716	77.73626126440693	40.39845336229695	71.42573707392563	57.5422310159945	84.72382119217599	56.41247844023098
ENSG00000199796	358.4833173006938	537.1539531513233	228.61444211092726	723.7553759086135	768.887908656264	462.77780138658477	641.5886683121157	405.08960582080755
ENSG00000206289	1.8758938634259223	1.408268791033432	1.4701893383339375	3.4167846127315826	3.137564677665984	2.643282696847804	2.653542498188957	1.4003097485163718
ENSG00000153087	30.764659360185128	38.82798238135034	34.36567578355579	13.66713845092633	50.570160098851744	22.772897080534925	25.587731232536374	22.204911726473895
ENSG00000188211	34.141268314351784	46.67405135996517	58.25625253148227	22.309593647835626	47.61715804928376	48.79906517257484	50.038229965848906	67.01482367899779
ENSG00000119033	21.760368815740698	22.33111940067299	12.68038304313021	22.309593647835626	22.516640627955884	14.436390113553392	39.23452122322244	16.403628482620356
ENSG00000206208	28.51358672407402	19.11221930688229	24.62567141709345	21.10366966687154	37.09708824769781	14.436390113553392	42.646218720893955	16.803716982196462
ENSG00000158247	797.4424813423597	1098.6508382619388	1888.2744314226507	660.6453542381595	672.9153420453046	1182.9706715585019	1115.0564654889738	1027.6273111612288
ENSG00000224300	222.4810122023144	321.0852843556225	261.3261548888574	477.54589646177885	320.03159712193036	284.2545546302485	426.27264845906893	459.501641763158
ENSG00000220355	93.04433562592575	238.3997881963738	109.16155837129484	184.70735641766615	123.84152345375736	199.46617889289968	98.93922743247397	89.2197354054717
ENSG00000167865	3.189019567824068	8.047250234476753	2.940378676667875	7.63751854610589	2.583876793371987	6.70987146122904	3.790774997412796	7.601681491946018
ENSG00000207196	1413.8612048641178	3663.5106692455424	3212.547477926945	2621.678734615927	2617.2826290577245	1200.2536738071221	3794.565772410209	2844.229143486539
ENSG00000198834	58.15270976620359	66.99335820201898	54.397005518355684	86.22356463893229	66.44254611527967	65.87873798297603	38.286827473869245	101.02234614296682
ENSG00000180677	8.629111771759243	6.035437675857565	2.940378676667875	8.843442527069978	7.751630380115961	16.26635505752495	4.169852497154076	13.402964735799559
ENSG00000140920	28.138407951388835	19.11221930688229	13.783025046880663	14.270100441408376	19.194513322191902	18.50297887793463	25.587731232536374	15.803495733256197
ENSG00000186747	11.255363180555534	9.455519025510187	11.577741039379756	6.230607234981122	8.859006148703955	10.97978966382934	14.025867490427345	17.80393823113673
ENSG00000185754	2228.9370885226813	1802.584052522793	1433.250831208297	1910.384573177276	2263.6606336219584	1575.1931578830722	2025.6006198675277	1790.5960798528636
ENSG00000171082	32.828142609953645	32.591363449630855	32.34416544334662	39.19252938133286	14.580447619741927	45.95245303750798	28.99942873020789	38.208451709518144
ENSG00000172207	21.760368815740698	32.591363449630855	39.87888580230805	37.78561807020809	28.976332611385853	12.19976629314371	37.1495949746454	32.20712421587655
ENSG00000118181	0.37517877268518446	0.6035437675857565	0.0	0.40197466032136264	0.5536878842939972	0.40665887643812365	0.18953874987063982	0.4000884995761062
ENSG00000155795	143.69346993842566	52.709489035822735	158.96422220735698	195.76165957650363	70.13379867723965	43.10584090244111	108.98478117561788	107.02367363660842
ENSG00000156140	2.6262514087962914	3.4200813496526203	1.2864156710421952	2.8138226222495386	3.506689933861982	3.6599298879431132	0.947693749353199	2.8006194970327436
ENSG00000109023	0.37517877268518446	2.615356326204945	4.2267943477100705	0.40197466032136264	2.9530020495679854	2.4399532586287425	2.4640037483183175	3.2007079966088496
ENSG00000140424	54.96369019837953	75.04060843649573	72.7743722475299	91.24824789294932	132.88509223055934	80.51845753474849	106.14169992755829	76.61694766882434
ENSG00000178612	5.06491343124999	6.236618931719484	4.961889016877039	5.024683254017033	4.6140657024499765	7.1165303376671645	5.496623746248555	2.4005309974566376
ENSG00000137583	201.2834115456015	185.28793664882724	113.20457905171318	144.50989038552987	186.22369175088107	151.4804314732011	112.96509492290133	78.41734591691682
ENSG00000161642	226.04521054282364	274.6124142515192	310.761271390336	219.27717720530333	231.62609826298882	264.7349285612185	360.1236247542156	229.25071025710886
ENSG00000167842	1.1255363180555533	0.20118125586191885	0.5513210018752265	1.0049366508034066	0.3691252561959982	1.6266355057524946	0.18953874987063982	0.4000884995761062
ENSG00000133370	16.507865998148116	32.99372596135469	22.05284007500906	32.358960155869696	23.254891140347883	29.889427418202093	15.921254989133743	24.005309974566376
ENSG00000140437	0.7503575453703689	2.414175070343026	1.8377366729174216	2.009873301606813	0.7382505123919963	0.8133177528762473	1.3267712490944785	2.200486747668584
ENSG00000116394	28.888765496759206	16.698044236539264	12.68038304313021	26.329340251049253	20.486451718877895	25.009520900944608	26.91450248163085	32.80725696524071
ENSG00000210541	417.38638461226776	200.98007460605692	286.68692097511774	278.9704142630257	342.1791124936903	161.4435739459351	490.1472071654746	324.071684656646
ENSG00000163482	1.3131257043981457	2.816537582066864	0.7350946691669688	2.009873301606813	1.4765010247839927	0.40665887643812365	1.3267712490944785	1.0002212489402655
ENSG00000179524	1064.006999335183	516.4322837975457	745.569768202598	1400.8816912199488	687.1266644088506	1212.2501106620468	583.4002721018293	940.4080182536378
ENSG00000135539	6.190449749305544	14.485050422058157	14.150572381464148	12.662201800122924	18.08713755360391	18.50297887793463	15.542177489392465	17.603893981348673
ENSG00000217114	3.5641983405092525	1.6094500468953508	2.7566050093761323	1.808885971446132	2.583876793371987	3.0499415732859276	2.653542498188957	2.000442497880531
ENSG00000163493	15.75750845277775	26.354744517911367	15.069440717922857	19.093796365264726	28.607207355189853	28.66945078888772	12.888634991203507	19.40429222944115
ENSG00000118290	172.2070566624997	177.44186767021242	101.25929067774993	139.28421980135215	126.24083761903135	128.70753439266613	84.53428244230535	113.82517812940222
ENSG00000161841	1.1255363180555533	1.8106313027572696	2.0215103402091636	1.0049366508034066	1.2919383966859934	1.8299649439715566	1.705848748835758	1.4003097485163718
ENSG00000149010	32.45296383726846	21.928756888949152	34.733223118139264	19.897745685907452	30.821958892365842	14.233060675334329	42.8357574707646	39.20867295845841
ENSG00000162350	1.1255363180555533	1.8106313027572696	0.9188683364587108	1.808885971446132	0.7382505123919963	2.4399532586287425	1.5163099989651185	2.000442497880531
ENSG00000114979	167.89250077662007	205.80842474674296	364.239408572233	218.875202544982	403.45390502222597	118.13440360527494	213.98924860395232	140.03097485163718
ENSG00000200515	50.08636615347213	19.11221930688229	22.787934744176027	48.236959238563514	45.95609439640177	53.27231281339421	23.313266234088694	35.4078322124854
ENSG00000219101	7.691164840046282	21.526394377225316	12.496609375838467	12.662201800122924	11.627445570173942	6.506542023009978	18.5747974873227	8.601902740886283
ENSG00000150090	186.83902879722189	211.84386242260052	169.25554757569452	182.09452112557727	150.23397927177123	236.0654777723308	180.0618123771078	257.6569937270124
ENSG00000161794	1.3131257043981457	2.011812558619188	1.8377366729174216	1.4069113111247693	1.2919383966859934	1.6266355057524946	1.705848748835758	2.4005309974566376
ENSG00000137325	10.12982686249998	13.076781631024726	11.393967372088014	12.662201800122924	10.889195057781945	13.013084046019957	8.52924374417879	11.60256648770708
ENSG00000194106	548.886544438425	622.253624380915	888.9132286901569	1273.0537492377555	728.4686931028023	1815.3252244197843	1417.9393877822563	1302.2880661202257
ENSG00000103355	17.820991702546262	30.9819134027355	24.62567141709345	19.093796365264726	11.996570826369938	42.49585258778393	12.509557491462227	28.606327719691595
ENSG00000226699	622.421583884721	328.5289908225135	213.1774540584209	326.2024368507858	352.6991822952762	521.7433384701127	368.46332974852373	275.46093195814916
ENSG00000193137	37.142698495833265	37.82207610204075	41.53284880793373	45.42313661631398	23.070328512249883	44.93580584641266	39.992676222705	56.01238994065487
ENSG00000173761	5.627681590277767	6.840162699305241	3.124152343959617	6.632581895302484	3.506689933861982	8.743165843419659	4.928007496636635	6.201371743429647
ENSG00000129504	21.572779429398107	21.928756888949152	14.701893383339373	9.848379177873385	14.026759735447929	49.205724049012964	21.796956235123577	12.602787736647347
ENSG00000102121	30.20189120115735	19.91694433032997	27.198502759177842	23.716504958960396	29.53002049567985	31.51606292395459	16.868948738486942	29.606548968631863
ENSG00000212456	20.634832497685146	14.686231677920075	8.821136030003624	13.66713845092633	14.949572875937925	15.65636674286776	8.718782494049432	14.203141734951771
ENSG00000225937	6.378039135648136	4.627168884824133	5.145662684168781	2.8138226222495386	5.906004099135971	6.303212584790917	6.254778745731113	4.801061994913275
ENSG00000116944	7.878754226388875	3.2189000937907015	5.145662684168781	3.818759273052945	5.167753586743974	7.7265186523243505	5.875701245989834	3.2007079966088496
ENSG00000221633	1.3131257043981457	1.6094500468953508	0.5513210018752265	0.8039493206427253	0.7382505123919963	0.6099883146571856	2.2744649984476775	1.0002212489402655
ENSG00000130790	30.389480587499943	33.39608847307853	32.71171277793011	41.00141535277899	36.17427510720782	33.14269842970708	54.397621212873624	31.406947216724337
ENSG00000142744	85.54076017222206	59.34847047926606	102.36193268150038	55.472503124348044	90.43568776801953	80.92511641118661	163.19286363862088	64.61429268154116
ENSG00000148927	148.94597275601825	172.41233627366444	108.42646370212788	94.46404517552023	72.53311284251363	122.81098068431335	82.44935619372832	92.02035490250442
ENSG00000245857	0.9379469317129612	0.6035437675857565	0.0	0.40197466032136264	1.4765010247839927	0.8133177528762473	0.37907749974127963	0.4000884995761062
ENSG00000230426	92.85674623958316	168.38871115642607	144.07855515672586	131.64670125524628	206.34101821356296	138.67067686540017	87.56690244023558	194.6430550437757
ENSG00000177294	37.51787726851845	29.97600712342591	13.047930377713694	25.92736559072789	32.667585173345834	24.602862024506482	13.646789990686065	13.002876236223454
ENSG00000218908	0.37517877268518446	0.6035437675857565	0.9188683364587108	1.0049366508034066	0.7382505123919963	2.4399532586287425	0.5686162496119194	2.4005309974566376
ENSG00000136851	25.699745928935137	60.75673927029949	43.370585480851155	47.63399724808147	41.89571657824579	45.95245303750798	38.855443723481166	29.806593218419916
ENSG00000226489	100.92308985231463	123.7264723550801	50.5377585052291	183.70241976686273	109.99932634640744	127.8942166397899	139.87959740453218	160.4354883300186
ENSG00000192773	92.48156746689797	126.34182868128502	91.70305997857935	88.2334379405391	60.16741675994769	144.56723057375297	41.50898622167011	142.63155009888186
ENSG00000214413	43.33314824513881	81.67958987993904	107.50759536566918	89.43936192150319	129.93209018099134	146.60052495594357	105.19400617820509	71.21575292454692
ENSG00000149240	285.5110460134254	188.50683674261793	220.71217441738233	241.3857835229783	255.80380254382672	369.04293036759725	221.57079859877794	175.83889556369869
ENSG00000113314	135.8147157120368	209.4296873522575	133.78722978838832	184.90834374782682	162.4151127262392	152.29374922607732	211.71478360550464	115.82562062728276
ENSG00000134565	38.45582420023141	23.135844424120666	20.582650736675124	18.490834374782683	22.332077999857887	37.20928719408832	18.95387498706398	26.005752472446908
ENSG00000212570	0.37517877268518446	0.0	0.1837736672917422	0.0	0.5536878842939972	0.6099883146571856	0.7581549994825593	0.2000442497880531
ENSG00000248179	6.753217908333321	2.615356326204945	6.064531020627491	6.632581895302484	3.691252561959981	4.879906517257485	8.339704994308152	4.000884995761062
ENSG00000213907	196.59367688703665	68.20044573719049	139.11666613984883	58.48731307675827	150.78766715606525	82.95841079337724	146.89253114974585	80.81787691437346
ENSG00000124801	13.318846430324049	11.467331584129374	10.10755170104582	6.029619904820439	4.429503074351977	15.65636674286776	10.424631242885189	14.003097485163718
ENSG00000190981	109.17702285138868	178.6489552053839	51.27285317439607	209.2278106972693	74.00961386729763	74.21524494995758	149.35653489806415	108.8240718847009
ENSG00000187010	153.82329680092565	125.13474114611353	176.79026793465596	56.075465114830095	124.76433659424737	87.43165843419659	50.60684621546083	125.82783311668541
ENSG00000249430	8.629111771759243	21.928756888949152	24.62567141709345	17.284910393818596	25.654205305621872	28.262791912449597	21.796956235123577	24.605442723930533
ENSG00000245466	1427.7428194534696	1778.0399393076389	727.3761751407154	1757.232227594837	1377.390893495367	812.3011056851522	1156.1863742109028	1384.9063412826918
ENSG00000166050	4.314555885879622	4.627168884824133	4.043020680418327	6.833569225463165	4.6140657024499765	4.473247640819361	3.032619997930237	1.6003539983044248
ENSG00000203335	205.22278865879593	238.80215070809768	116.51250506296454	192.34487496377204	90.25112513992154	205.56606203947152	100.07645993169781	181.44013455776417
ENSG00000106614	15.382329680092564	8.650794002062511	11.577741039379756	10.65232849851611	11.442882942075942	7.1165303376671645	17.437564988098863	8.801946990674336
ENSG00000175040	6.753217908333321	3.2189000937907015	6.248304687919234	4.421721263534989	6.644254611527966	12.19976629314371	5.307084996377914	1.6003539983044248
ENSG00000212075	49.14841922175916	103.60834676888821	105.30231135816827	65.32088230222142	98.1873181481355	136.02739416855238	69.93979870226609	48.210664198920796
ENSG00000132787	7.503575453703689	5.4318939082718085	7.902267693544912	6.029619904820439	6.828817239625965	8.743165843419659	4.359391247024716	9.402079740038497
ENSG00000179292	211.97600656712922	142.83869166196237	381.330359630365	122.20029673769425	352.6991822952762	144.56723057375297	270.85087356514424	150.43327584061595
ENSG00000144176	2.8138407951388835	2.816537582066864	2.389057674792648	2.411847961928176	1.6610636528819915	2.4399532586287425	2.4640037483183175	2.4005309974566376
ENSG00000163893	22.885905133796253	25.147656982739857	33.079260112513595	22.309593647835626	16.610636528819917	37.20928719408832	24.829576233053814	32.0070799660885
ENSG00000106579	5.81527097662036	6.840162699305241	2.5728313420843905	7.63751854610589	5.536878842939972	4.269918202600299	7.3920112449549515	7.601681491946018
ENSG00000239359	10.880184407870349	28.768919588254395	9.188683364587108	12.461214469962243	31.191084148561842	15.859696181086823	18.385258737452062	22.805044475838056
ENSG00000244394	9.004290544444427	11.869694095853212	17.642272060007247	10.65232849851611	13.65763447925193	19.926284945468062	12.509557491462227	7.201592992369912
ENSG00000181284	2.2510726361111066	6.236618931719484	4.2267943477100705	1.6078986412854506	2.3993141652739878	2.2366238204096804	3.2221587478008766	4.601017745125222
ENSG00000136856	98.85960660254612	163.96272352746385	300.10239868741496	61.10014836884712	160.56948644525917	79.09515146721506	204.701849860291	138.43062085333275
ENSG00000183461	2.8138407951388835	5.029531396547971	1.8377366729174216	5.024683254017033	5.167753586743974	0.8133177528762473	1.3267712490944785	2.200486747668584
ENSG00000176210	3.3766089541666604	2.414175070343026	3.675473345834843	2.411847961928176	2.9530020495679854	4.879906517257485	2.843081248059597	2.000442497880531
ENSG00000143836	153.07293925555527	112.0579595150888	163.926111224234	193.55079894473613	136.9454700487153	166.93346877784978	197.49937736520667	172.43814331730178
ENSG00000201509	276.1315766962958	141.63160412679085	176.60649426736424	154.9612315538853	280.5351947089586	139.28066518005735	299.2816860457403	199.04402853911287
ENSG00000238290	118.55649216851829	156.11665454884903	116.14495772838104	119.98943610592676	109.63020109021146	107.96793169432183	133.62481865880108	108.22393913533674
ENSG00000231039	39.76894990462955	68.4016269930524	32.71171277793011	59.894224387883035	44.295030743519774	61.405490342156675	65.01179120562945	52.41159344446992
ENSG00000206457	2092.3720152652736	2387.417963313391	2850.697127029505	2994.1082574036695	1889.1830612111185	3483.6432650071865	4179.329434647608	1162.0570470188004
ENSG00000124919	1.6883044770833302	1.8106313027572696	2.5728313420843905	1.4069113111247693	2.9530020495679854	1.6266355057524946	1.3267712490944785	1.4003097485163718
ENSG00000168497	8.44152238541665	4.425987628962214	5.513210018752265	4.622708593695671	8.120755636311959	2.2366238204096804	3.980313747283436	7.201592992369912
ENSG00000174896	7.503575453703689	3.621262605514539	3.675473345834843	3.4167846127315826	4.983190958645975	3.4566004497240512	6.444317495601753	4.200929245549116
ENSG00000111057	95.29540826203686	159.53673589850163	132.5008141173461	117.3766008138379	99.66381917291949	196.82289619605186	242.04098358480704	194.24296654419956
ENSG00000161190	46.89734658564806	40.23625117238377	42.45171714439244	60.2961990482044	60.72110464424169	41.88586427312674	87.75644119010622	52.61163769425797
ENSG00000226375	350.41697368796235	134.59026017162373	156.20761719798085	353.5367137526385	275.1828784941166	275.30805934860973	441.62528719859074	251.8557104831589
ENSG00000141034	161.8896404136571	223.11001275086798	205.09141269758427	216.2623672528931	138.6065337015973	163.47686832812573	210.76708985615147	319.6707111613089
ENSG00000175224	13.506435816666642	19.313400562744206	32.34416544334662	17.88787238430064	12.550258710663936	16.26635505752495	15.542177489392465	9.60212398982655
ENSG00000134359	4.126966499537029	5.23071265240989	3.3079260112513587	6.431594565141802	3.691252561959981	3.8632593261621753	6.065239995860474	5.80128324385354
ENSG00000144633	1.3131257043981457	6.638981443443321	3.124152343959617	3.617771942892264	3.137564677665984	4.879906517257485	2.4640037483183175	6.201371743429647
ENSG00000197345	2448.791849316199	4032.275911240439	1863.6487600055573	2373.0574072071645	2286.7309621342083	2246.790292320634	2598.955338226213	2906.442905170624
ENSG00000174958	261.4996045615736	278.6360393687576	97.5838173319151	264.2983391612959	158.17017227998522	156.97032630511575	313.8761697857795	216.84796677024957
ENSG00000129067	130.37462350810162	43.857513777898305	71.4879565764877	94.86601983584158	104.83157275966347	109.59456720007434	65.01179120562945	106.42354088724426
ENSG00000138888	11.067773794212941	11.266150328267456	13.415477712297177	13.466151120765648	14.949572875937925	14.233060675334329	12.320018741591587	23.60522147499027
ENSG00000112948	11.442952566898127	22.129938144811074	15.069440717922857	10.250353838194748	10.889195057781945	15.453037304648701	21.228339985511656	17.80393823113673
ENSG00000243728	36.76751972314808	11.668512839991292	24.993218751676935	31.153036174905605	16.426073900721914	12.809754607800897	19.5224912366759	9.60212398982655
ENSG00000182922	17.070634157175892	12.07087535171513	13.231704045005435	10.65232849851611	10.335507173487947	21.552920451220555	13.646789990686065	25.605663972870797
ENSG00000219771	0.18758938634259223	0.20118125586191885	0.1837736672917422	0.0	0.1845626280979991	0.0	0.5686162496119194	0.2000442497880531
ENSG00000204648	26.82528224699069	25.348838238601775	14.885667050631115	30.55007418442356	20.855576975073895	20.332943821906188	11.751402491979668	19.004203729865047
ENSG00000116784	12.943667657638864	11.668512839991292	13.415477712297177	12.662201800122924	12.365696082565938	12.403095731362773	10.424631242885189	11.402522237919028
ENSG00000148812	28.888765496759206	69.20635201650009	29.955107768553972	50.648807200491696	48.17084593357776	94.34485933364469	29.568044979819806	34.60765521333319
ENSG00000175650	59.09065669791656	44.25987628962215	51.08907950710432	37.58463074004741	55.92247631369372	82.55175191693911	32.60066497775005	30.006637468207966
ENSG00000192803	153.26052864189788	187.7021117191703	182.85479895528346	277.9654776122223	150.97222978416323	156.5636674286776	123.01064866604523	103.42287714042345
ENSG00000214843	32.26537445092586	17.301588004125023	13.231704045005435	31.153036174905605	30.452833636169846	42.292523149564865	27.104041231501494	18.204026730712833
ENSG00000166639	271.0666632650458	163.3591797598781	181.75215695153298	111.14599357885677	120.51939614799339	165.91682158675448	146.1343761502633	84.41867341055841
ENSG00000223809	0.0	0.20118125586191885	0.0	0.40197466032136264	0.1845626280979991	0.40665887643812365	0.0	0.2000442497880531
ENSG00000210830	2.6262514087962914	4.828350140686052	2.0215103402091636	4.019746603213626	7.013379867723964	2.4399532586287425	1.705848748835758	2.4005309974566376
ENSG00000217152	502.9271447844899	1458.9664675106353	814.8524407715847	543.0677660941609	1147.794984141456	1069.1061861558273	668.6927095436173	681.3507147781089
ENSG00000150987	1.5007150907407378	2.816537582066864	1.8377366729174216	2.411847961928176	2.3993141652739878	2.643282696847804	3.980313747283436	5.601238994065487
ENSG00000152756	22.510726361111068	11.266150328267456	14.150572381464148	20.09873301606813	19.379075950289902	8.133177528762475	17.05848748835758	11.002433738342921
ENSG00000187331	95.29540826203686	148.67294808195803	93.54079665149676	147.92667499826146	114.05970416456343	85.39836405200597	120.35710616785627	117.02588612601107
ENSG00000115538	3.9393771131944373	3.0177188379287827	4.594341682293554	5.426657914338396	1.8456262809799906	2.8466121350668656	1.5163099989651185	2.000442497880531
ENSG00000162857	85.54076017222206	138.41270403300018	71.8555039110712	92.6551592040741	151.34135504035925	150.66711372032483	66.71763995446521	114.02522237919028
ENSG00000156304	0.5627681590277767	1.408268791033432	1.102642003750453	0.8039493206427253	0.7382505123919963	1.4233060675334328	2.653542498188957	1.6003539983044248
ENSG00000178134	0.18758938634259223	1.6094500468953508	1.102642003750453	0.40197466032136264	0.5536878842939972	0.20332943821906183	0.5686162496119194	0.6001327493641594
ENSG00000111719	2.2510726361111066	2.212993814481107	3.8592470131265855	1.808885971446132	2.9530020495679854	0.8133177528762473	4.928007496636635	2.6005752472446906
ENSG00000173536	0.5627681590277767	1.005906279309594	0.5513210018752265	1.205923980964088	1.4765010247839927	1.2199766293143712	0.947693749353199	1.6003539983044248
ENSG00000181621	22.323136974768477	30.177188379287823	25.176992418968677	24.922428939924487	37.466213503893805	38.02260494696457	24.260959983441897	21.80482322689779
ENSG00000238107	13.694025203009232	16.698044236539264	16.355856388965055	10.853315828676791	10.335507173487947	12.809754607800897	17.05848748835758	25.00553122350664
ENSG00000204875	50.27395553981472	44.25987628962215	33.26303377980533	64.5169329815787	43.00309234683378	50.42570067832734	27.86219623098405	32.607212715452654
ENSG00000179507	3.0014301814814757	5.029531396547971	7.534720358961429	3.0148099524102197	4.060377818155979	3.0499415732859276	2.2744649984476775	4.801061994913275
ENSG00000233437	3608.0942569134195	7600.426665207432	3459.171739432463	8063.812673376697	2571.326534661323	2571.507405156475	3041.907396673898	6381.411568238895
ENSG00000171331	27.57563979236106	21.928756888949152	20.582650736675124	16.279973743015187	31.006521520463846	26.43282696847804	44.92068371934163	20.00442497880531
ENSG00000245919	33.203321382638826	38.02325735790266	20.21510340209164	35.172782778119235	13.65763447925193	27.65280359779241	33.737897476973885	9.402079740038497
ENSG00000214590	72.03432435555541	107.43079063026467	72.40682491294642	77.17913478170163	70.50292393343564	81.94176360228194	37.90774997412796	38.008407459730094
ENSG00000168054	12.756078271296271	13.680325398610481	25.54453975355216	13.868125781087011	7.93619300821396	16.876343372182134	25.587731232536374	11.802610737495135
ENSG00000103963	5.4400922039351745	6.035437675857565	9.188683364587108	6.833569225463165	8.305318264409959	8.336506966981535	8.339704994308152	8.201814241310178
ENSG00000243516	34.141268314351784	22.53230065653491	28.301144762928296	35.97673209876196	56.476164197987714	31.719392362173647	30.89481622891429	30.606770217572127
ENSG00000133080	218.72922447546256	202.7907059088142	294.7729623359544	193.95277360505747	111.84495262738744	230.37225350219708	157.5067011425017	162.83601932747524
ENSG00000190323	144.63141687013862	75.6441522040815	75.53097725690603	124.21017003930106	96.15712923905751	127.08089888691364	95.90660743454374	123.82739061880487
ENSG00000231169	132.43810675787012	186.89738669572262	249.19709284760236	268.5190730946702	228.67309621342085	108.78124944719809	259.4785485729059	319.0705784119447
ENSG00000199468	6.753217908333321	10.863787816543617	8.821136030003624	9.647391847712704	11.442882942075942	11.183119102048401	13.078173741074146	6.401415993217699
ENSG00000159675	4.502145272222213	3.621262605514539	8.086041360836655	5.627645244499077	3.506689933861982	8.336506966981535	3.411697497671516	7.201592992369912
ENSG00000123016	819.0152607717578	1625.946909876028	837.6403755157608	2210.8606317674944	1367.793636834271	1037.9967821083105	1330.9411015916326	1617.7578480359857
ENSG00000166660	25.13697776990736	13.076781631024726	27.198502759177842	29.947112193941518	17.164324413113913	18.299649439715566	13.267712490944787	11.202477988130974
ENSG00000191841	81.03861489999984	70.61462080753351	86.00607629253534	77.58110944202299	55.553351057497714	107.56127281788372	82.82843369346959	55.41225719129071
ENSG00000225027	96.04576580740722	137.40679775369057	60.461536538983175	98.48379177873386	54.07685003271373	107.96793169432183	106.33123867742893	112.02477988130974
ENSG00000159854	640.6177543599525	344.8246725473289	499.6806013662469	586.0790547485467	556.6408863435653	688.8801366861816	543.2180571292537	475.9052702457784
ENSG00000221770	2.2510726361111066	2.414175070343026	4.594341682293554	1.6078986412854506	2.583876793371987	2.033294382190619	3.790774997412796	0.8001769991522124
ENSG00000162501	8.44152238541665	13.479144142748561	8.821136030003624	6.632581895302484	4.244940446253978	17.892990563277444	12.699096241332867	11.402522237919028
ENSG00000133569	5.4400922039351745	17.50276925998694	7.350946691669686	14.471087771569056	8.674443520605955	7.3198597758862265	14.784022489909903	20.60455772816947
ENSG00000130292	16.69545538449071	7.04134395516716	6.615852022502717	10.853315828676791	11.442882942075942	32.12605123861177	10.803708742626469	6.601460243005753
ENSG00000228991	0.37517877268518446	0.0	0.1837736672917422	0.20098733016068132	0.5536878842939972	0.40665887643812365	0.7581549994825593	0.2000442497880531
ENSG00000179219	30.764659360185128	44.863420057207904	19.66378240021641	20.09873301606813	11.258320313977942	21.552920451220555	24.450498733312532	16.00353998304425
ENSG00000239112	0.0	0.20118125586191885	0.1837736672917422	0.20098733016068132	0.1845626280979991	0.20332943821906183	0.0	0.6001327493641594
ENSG00000129649	55.714047743749894	44.46105754548407	73.50946691669687	73.159388178488	40.7883408096578	53.27231281339421	45.48929996895355	48.6107526984969
ENSG00000125703	112.92881057824053	58.54374545581838	88.39513396732798	115.96968950271314	71.61029970202364	110.40788495295058	63.11640370692306	66.81477942920975
ENSG00000236097	63.40521258379618	57.135476664784946	110.08042670775356	85.0176406579682	114.9825173050534	113.45782652623652	102.54046368001615	78.21730166712877
ENSG00000152533	2.2510726361111066	2.816537582066864	4.410568015001812	0.20098733016068132	6.275129355331968	2.643282696847804	6.065239995860474	1.800398248092478
ENSG00000169701	179.71063211620339	328.3278095666516	90.78419164212063	195.76165957650363	142.85147414785126	156.5636674286776	192.9504473683113	208.44610827915133
ENSG00000241870	5.252502817592583	4.224806373100296	4.778115349585296	4.019746603213626	5.906004099135971	3.6599298879431132	5.496623746248555	4.801061994913275
ENSG00000218243	4.502145272222213	3.0177188379287827	3.3079260112513587	2.8138226222495386	1.1073757685879944	2.643282696847804	5.117546246507274	1.4003097485163718
ENSG00000117065	5.627681590277767	5.4318939082718085	3.3079260112513587	4.019746603213626	4.983190958645975	4.269918202600299	6.254778745731113	4.000884995761062
ENSG00000107620	3.3766089541666604	4.425987628962214	4.778115349585296	7.63751854610589	6.090566727233969	4.269918202600299	4.169852497154076	7.001548742581859
ENSG00000224369	28.70117611041661	37.017351078593066	27.014729091886096	44.418199965510574	44.479593371617774	39.852569890936124	64.63271370588818	26.40584097202301
ENSG00000159803	135.62712632569418	121.51347854059898	140.03553447630753	154.1572822332426	124.21064870995338	230.168924063978	91.35767743764839	210.2465065272438
ENSG00000209311	0.0	0.20118125586191885	0.3675473345834844	0.40197466032136264	1.1073757685879944	0.6099883146571856	0.37907749974127963	0.2000442497880531
ENSG00000120298	8.253932999074058	12.272056607577051	8.821136030003624	7.838505876266572	7.93619300821396	6.099883146571855	8.90832124392007	13.202920486011505
ENSG00000110643	105.98800328356461	177.44186767021242	139.4842134744323	190.3350016621652	66.25798348718166	259.855022043961	104.05677367898126	140.03097485163718
ENSG00000209613	72.221913741898	26.354744517911367	88.39513396732798	24.319466949442443	60.16741675994769	36.80262831765019	75.62596119838528	39.408717208246465
ENSG00000152909	51.96226001689805	71.21816457511927	116.14495772838104	86.42455196909297	39.127277156775804	68.31869124160478	72.21426370071377	96.22128414805356
ENSG00000183916	3.0014301814814757	2.414175070343026	2.205284007500906	1.205923980964088	3.322127305763983	2.2366238204096804	3.411697497671516	1.4003097485163718
ENSG00000198875	108.42666530601832	266.1628015053186	220.71217441738233	358.36040967649484	152.6332934370452	158.8002912490873	207.73446985822125	144.83203684655047
ENSG00000123234	1.1255363180555533	1.207087535171513	0.1837736672917422	0.0	0.9228131404899953	2.033294382190619	0.5686162496119194	1.0002212489402655
ENSG00000197304	29.076354883101796	32.18900093790701	97.95136466649858	44.01622530518921	126.24083761903135	43.715829217098296	86.61920869088239	35.207787962697346
ENSG00000241987	363.36064134560115	438.77631903484496	284.1140896330334	506.0860973445956	533.0168699470213	500.8004063335493	386.4695109862346	311.8689854195748
ENSG00000113367	1045.0604713145813	710.9745582160213	958.7472222610189	1247.528358307349	1979.249623722942	789.9348674810552	1562.5574539335546	954.6111599885895
ENSG00000188519	49.14841922175916	60.55555801443757	44.840774819185086	94.26305784535954	88.03637360274556	104.10467236815965	52.31269496429658	111.42464713194559
ENSG00000244639	88.54219035370353	277.4289518335861	170.17441591215325	128.2299166425147	166.66005317249315	335.6969024996711	172.10118488254093	199.84420553826504
ENSG00000132598	11.442952566898127	9.656700281372103	10.658872702921046	9.04442985723066	7.197942495821963	10.776460225610277	7.581549994825592	11.202477988130974
ENSG00000188062	17.445812929861077	5.029531396547971	16.539630056256797	15.27503709221178	9.781819289193951	11.99643685492465	14.973561239780544	11.402522237919028
ENSG00000206329	332.7835713717586	287.68919588254397	141.32195014734975	280.9802875646325	266.87756022970666	227.52564136713022	231.9954298416631	320.2708439106731
ENSG00000150463	20.822421884027737	37.62089484617882	18.009819394590732	28.33921355265607	37.28165087579581	25.822838653820856	32.221587478008765	23.405177225202216
ENSG00000117415	23.63626267916662	30.177188379287823	22.604161076884285	19.897745685907452	13.473071851153932	29.482768541763967	27.104041231501494	12.802831986435399
ENSG00000127203	1.3131257043981457	1.207087535171513	1.102642003750453	1.4069113111247693	1.1073757685879944	2.643282696847804	2.084926248577038	1.6003539983044248
ENSG00000178902	41.457254381712886	73.6323396454623	36.75473345834843	40.19746603213626	47.61715804928376	26.026168092039914	42.45667997102331	56.41247844023098
ENSG00000107041	106.36318205624981	83.2890399268344	86.74117096170231	115.3667275122311	136.02265690822531	87.63498787241566	110.31155242471236	61.21354043514425
ENSG00000176172	7.691164840046282	7.443706466890998	5.329436351460523	6.632581895302484	4.7986283305479756	5.48989483191467	4.359391247024716	8.001769991522124
ENSG00000239031	13.881614589351825	4.627168884824133	14.150572381464148	15.0740497620511	9.228131404899953	12.606425169581835	8.718782494049432	6.601460243005753
ENSG00000173972	406.3186108180548	1039.1011865268108	485.5300289847828	370.6206368162964	372.8165087579581	437.97160992385926	728.0183382531276	542.319961175412
ENSG00000153911	36.20475156412031	34.40199475238812	36.38718612376495	37.58463074004741	28.053519470895857	41.47920539668862	48.71145871675443	27.80615072053938
ENSG00000186499	8.816701158101836	15.69213795722967	15.2532143852146	17.485897723979278	15.503260760231923	22.16290876587774	14.594483740039264	22.40495597626195
ENSG00000149381	1.5007150907407378	1.8106313027572696	1.6539630056256793	4.421721263534989	3.137564677665984	2.4399532586287425	0.947693749353199	1.6003539983044248
ENSG00000233435	5.06491343124999	12.272056607577051	5.696983686044007	5.627645244499077	12.734821338761934	7.7265186523243505	4.359391247024716	4.801061994913275
ENSG00000237363	12.193310112268495	15.89331921309159	17.458498392715505	14.87306243189042	6.644254611527966	8.743165843419659	21.038801235641017	13.803053235375664
ENSG00000153675	510.99348839722126	292.11518351150613	332.4465641307616	443.17706300430234	630.4659375827648	340.78013845514766	300.987534794576	512.113279457416
ENSG00000134808	17.258223543518486	8.449612746200591	21.317745405842093	11.858252479480198	26.946143702307864	6.303212584790917	10.99324749249711	10.80238948855487
ENSG00000174966	1450.6287245872659	1095.431938168148	794.086016367618	772.1933224773377	594.1070998474589	1130.1050176215456	481.23888592155447	1847.0085582930944
ENSG00000122564	3.5641983405092525	3.0177188379287827	7.350946691669686	3.0148099524102197	6.644254611527966	2.643282696847804	2.2744649984476775	5.201150494489381
ENSG00000241833	15.007150907407379	9.656700281372103	11.7615147066715	12.059239809640879	6.828817239625965	13.21641348423902	13.836328740556706	13.402964735799559
ENSG00000215429	209.16216577199037	157.52492333988246	129.56043544067822	119.18548678528403	267.06212285780464	147.6171721470389	133.43527990893043	218.64836501834205
ENSG00000232112	24.38662022453699	17.301588004125023	12.312835708546725	17.686885054139957	18.08713755360391	19.722955507248997	12.320018741591587	18.804159480076994
ENSG00000235460	5.06491343124999	3.2189000937907015	7.167173024377944	7.235543885784528	6.459691983429967	3.8632593261621753	3.2221587478008766	4.200929245549116
ENSG00000197766	15.382329680092564	11.467331584129374	27.93359742834481	16.882935733497234	26.577018446111865	16.26635505752495	26.345886232018934	10.202256739190709
ENSG00000212370	66.59423215162025	77.45478350683875	50.17021117064561	73.36037550864869	130.30121543718732	49.40905348723203	66.33856245472394	57.21265543938319
ENSG00000242450	0.18758938634259223	0.6035437675857565	2.0215103402091636	1.4069113111247693	1.1073757685879944	0.6099883146571856	0.37907749974127963	0.6001327493641594
ENSG00000210730	12.943667657638864	14.887412933781995	20.950198071258608	10.049366508034066	11.258320313977942	22.366238204096803	8.90832124392007	16.403628482620356
ENSG00000243966	14.25679336203701	19.91694433032997	27.198502759177842	18.289847044622	28.238082098993857	20.332943821906188	38.286827473869245	28.80637196947965
ENSG00000104785	10.692595021527758	18.508675539296533	13.047930377713694	9.04442985723066	10.520069801585946	14.843048989991516	12.509557491462227	14.003097485163718
ENSG00000106633	120.24479664560162	76.44887722752917	98.5026856683738	123.00424605833697	59.9828541318497	136.4340530449905	223.08710859774303	169.437479570481
ENSG00000169691	6.565628521990728	7.443706466890998	7.718494026253171	7.838505876266572	12.365696082565938	11.183119102048401	12.699096241332867	13.002876236223454
ENSG00000122171	26.637692860648098	10.662606560681699	22.97170841146777	17.485897723979278	27.31526895850386	15.859696181086823	19.71202998654654	17.203805481772566
ENSG00000112361	24.38662022453699	33.99963224066428	17.82604572729899	14.471087771569056	49.46278433026375	26.22949753025898	28.05173498085469	26.805929471599118
ENSG00000165913	88.16701158101836	98.57881537234023	91.88683364587108	170.63824330641845	143.0360367759493	131.55414652773302	133.43527990893043	50.41115094658939
ENSG00000178500	17.258223543518486	10.662606560681699	11.945288373963242	17.686885054139957	7.382505123919962	25.41617977738273	18.385258737452062	16.803716982196462
ENSG00000106318	422.45129804351774	706.9509330987828	416.6149037503795	292.8385400441127	559.5938883931332	507.10361891834026	1054.2145267804985	765.5693439388792
ENSG00000225012	8.066343612731465	13.076781631024726	5.145662684168781	5.225670584177715	7.197942495821963	2.4399532586287425	9.47693749353199	4.400973495337168
ENSG00000213880	284.01033092268466	223.71355651845374	249.56464018218588	551.1072593005882	321.3235355186164	234.43884226657832	574.112873358168	452.3000487707881
ENSG00000138666	5.4400922039351745	6.035437675857565	2.7566050093761323	4.019746603213626	7.013379867723964	5.083235955476547	3.601236247542156	4.200929245549116
ENSG00000114170	12.193310112268495	21.526394377225316	33.9981284489723	18.08885971446132	22.332077999857887	36.80262831765019	24.640037483183175	20.804601977957525
ENSG00000178526	44.646273949536955	58.7449267116803	31.60907077417965	52.45769317193783	52.60034900792973	21.552920451220555	56.482547461450665	58.012832438535405
ENSG00000160265	1566.7465547333304	1114.5441574750305	1318.2085154836666	1533.5333291259985	1924.4345231778361	1618.0956693472942	2364.874982135973	1394.7085095223065
ENSG00000121655	122.30827989537015	158.32964836333014	113.93967372088015	197.1685708876284	81.76124424741359	171.40671641866913	122.4420324164333	236.45230324947877
ENSG00000148143	7.503575453703689	14.686231677920075	13.599251379588921	11.657265149319517	11.258320313977942	17.892990563277444	9.28739874366135	17.80393823113673
ENSG00000240973	171.26910973078674	360.11444799283476	225.12274243238414	562.3625497895863	360.81993793158813	441.8348692500214	239.0083635868768	521.1152706978784
ENSG00000187170	15.194740293749971	17.50276925998694	12.864156710421952	20.500707676389496	14.765010247839925	16.46968449574401	25.777269982407013	17.80393823113673
ENSG00000146608	4.126966499537029	7.242525211029078	5.329436351460523	2.2108606317674946	2.9530020495679854	12.403095731362773	4.548929996895355	3.600796496184956
ENSG00000211696	167.7049113902775	35.00553851997388	71.30418290919596	95.06700716600227	52.04666112363574	48.39240629613672	49.28007496636635	50.61119519637744
ENSG00000230742	45.39663149490732	22.934663168258748	56.05096852398136	32.76093481619105	76.40892803257161	33.956016182583326	54.397621212873624	46.41026595082832
ENSG00000112088	198.4695707504626	371.1794170652403	228.24689477634377	65.32088230222142	95.41887872666551	398.32236947114217	128.5072724122938	269.2595602147195
ENSG00000161277	10.880184407870349	9.254337769648266	8.086041360836655	9.04442985723066	10.520069801585946	6.303212584790917	13.646789990686065	10.002212489402655
ENSG00000134294	39.95653929097215	68.80398950477624	52.37549517814652	44.82017462583194	86.00618469366756	66.28539685941416	66.33856245472394	56.812566939807084
ENSG00000200574	133.00087491689789	88.92211509096813	57.33738419502355	150.33852296018964	65.88885823098568	94.34485933364469	122.4420324164333	182.04026730712835
ENSG00000246145	39.76894990462955	78.86305229787219	29.955107768553972	52.25670584177715	27.868956842797857	59.57552539818512	38.665904973610516	45.009956202311955
ENSG00000243861	15.382329680092564	30.9819134027355	19.48000873292467	30.952048844744922	26.392455818013865	22.569567642315867	30.51573872917301	22.40495597626195
ENSG00000233910	7.315986067361097	8.248431490338673	9.004909697295366	12.662201800122924	9.781819289193951	6.099883146571855	13.078173741074146	7.401637242157966
ENSG00000244986	167.89250077662007	106.42488435095507	148.85667050631113	107.32723430580383	135.46896902393132	173.2366813626407	104.43585117872253	107.82385063576064
ENSG00000174752	36.57993033680549	20.72166935377764	29.955107768553972	28.33921355265607	28.238082098993857	35.1759928118977	15.163099989651185	58.41292093811151
ENSG00000119833	36.57993033680549	92.34219644062074	29.77133410126223	37.182656079726044	100.2175070572135	60.38884315106137	69.93979870226609	54.01194744277434
ENSG00000146930	11.255363180555534	15.49095670136775	16.72340372354854	12.059239809640879	14.580447619741927	6.303212584790917	25.966808732277656	16.60367273240841
ENSG00000150879	42.02002254074066	22.33111940067299	21.685292740425577	30.952048844744922	20.3018890907799	63.43878472434729	30.89481622891429	26.40584097202301
ENSG00000236397	2.2510726361111066	3.8224438613764575	4.410568015001812	6.029619904820439	3.137564677665984	3.0499415732859276	6.065239995860474	4.200929245549116
ENSG00000149158	26.82528224699069	29.57364461170207	37.85737546209889	46.026098606796026	20.486451718877895	28.66945078888772	23.313266234088694	28.006194970327435
ENSG00000168586	64.34315951550914	155.31192952540135	100.89174334316645	137.27434649974535	167.39830368488515	168.9667631600404	196.36214486598286	140.63110760100136
ENSG00000160082	36.95510910949067	39.83388866065994	76.44984559336474	21.505644327192904	51.67753586743974	39.852569890936124	52.8813112139085	36.00796496184957
ENSG00000124317	118.55649216851829	83.2890399268344	144.81364982589284	106.92525964548247	206.71014346975895	195.80624900495656	102.91954117975742	186.4412408024655
ENSG00000117907	105.80041389722201	52.10594526823698	144.6298761586011	29.344150203459474	91.17393828041153	38.835922699840815	52.502233714167225	49.81101819722523
ENSG00000171398	264.5010347430551	512.8110211920311	273.63899059740413	437.1474430994819	561.4395146741132	410.52213576428585	475.17364592569396	501.31088996886115
ENSG00000214214	20.634832497685146	18.70985679515845	20.39887706938338	20.09873301606813	24.546829537033876	25.822838653820856	12.699096241332867	29.206460469055756
ENSG00000213187	2.0634832497685145	2.011812558619188	0.5513210018752265	1.808885971446132	1.1073757685879944	0.0	0.5686162496119194	1.4003097485163718
ENSG00000154667	86.10352833124985	46.070507592379414	37.12228079293192	138.68125781087014	32.483022545247835	51.23901843120359	40.94036997205819	81.41800966373762
ENSG00000201582	10.505005635185166	14.887412933781995	17.642272060007247	21.505644327192904	13.103946594957934	16.26635505752495	31.08435497878493	18.804159480076994
ENSG00000196286	3.7517877268518447	3.0177188379287827	6.064531020627491	4.823695923856352	4.7986283305479756	4.879906517257485	6.254778745731113	4.000884995761062
ENSG00000238315	106.17559266990722	124.9335598902516	98.31891200108207	108.33217095660723	60.5365420161437	100.03808360377843	84.3447436924347	112.42486838088585
ENSG00000152941	40.706896836342516	31.183094658597422	79.20645060274087	76.57617279121959	62.382168297123684	48.79906517257484	22.176033734864856	45.41004470188806
ENSG00000175539	107.30112898796276	23.337025679982585	120.37175207609111	84.0127040071648	61.274792528535684	50.222371240108274	71.83518620097247	50.41115094658939
ENSG00000192099	12.005720725925903	6.638981443443321	11.02642003750453	16.882935733497234	15.87238601642792	30.702745171078337	10.424631242885189	10.80238948855487
ENSG00000219553	40.331718063657334	47.67995763927477	36.93850712564018	28.54020088281675	50.570160098851744	34.362675059021456	46.62653246817739	32.20712421587655
ENSG00000172867	47.27252535833324	41.44333870755528	25.36076608626042	51.25176919097374	36.54340036340381	63.64211416256636	68.61302745317161	54.81212444192656
ENSG00000145812	497.1118738078694	1761.9454388386853	1450.7093296010125	1154.0692497826324	1410.612166553007	1056.0931021098072	1082.6453392610947	1232.4726229441953
ENSG00000152377	3.7517877268518447	6.437800187581403	3.8592470131265855	3.617771942892264	8.489880892507957	4.676577079038423	3.032619997930237	15.603451483468143
ENSG00000132684	24.011441451851805	27.56183205308288	14.701893383339373	38.58956739085082	32.85214780144383	37.8192755087455	24.640037483183175	21.404734727321685
ENSG00000150487	52.90020694861101	47.47877638341285	51.82417417627129	106.92525964548247	36.35883773530581	21.146261574782432	56.482547461450665	81.21796541394957
ENSG00000176017	0.9379469317129612	1.207087535171513	0.7350946691669688	1.0049366508034066	0.5536878842939972	0.20332943821906183	1.5163099989651185	0.4000884995761062
ENSG00000212670	1.3131257043981457	2.011812558619188	1.4701893383339375	1.205923980964088	0.7382505123919963	1.0166471910953094	0.947693749353199	1.4003097485163718
ENSG00000106022	2201.736627503005	2752.5619427027736	1780.2155150551064	1932.493179494951	2590.705610611613	2865.3184433830193	2556.49865825519	1331.8946150888576
ENSG00000233016	0.5627681590277767	0.20118125586191885	0.7350946691669688	1.808885971446132	0.7382505123919963	0.6099883146571856	0.37907749974127963	0.4000884995761062
ENSG00000210935	32.64055322361105	76.44887722752917	106.58872702921045	106.12131032483974	93.75781507378352	67.09871461229042	83.20751119321086	66.81477942920975
ENSG00000117456	6.9408072946759125	3.2189000937907015	2.7566050093761323	4.622708593695671	4.983190958645975	5.693224270133731	6.633856245472393	5.001106244701328
ENSG00000234552	7.315986067361097	5.834256419995646	11.393967372088014	5.225670584177715	4.7986283305479756	8.539836405200598	7.960627494566872	5.401194744277435
ENSG00000105740	0.7503575453703689	0.6035437675857565	0.7350946691669688	0.8039493206427253	1.6610636528819915	0.40665887643812365	0.5686162496119194	0.2000442497880531
ENSG00000226454	2.4386620224536992	2.615356326204945	4.961889016877039	6.833569225463165	8.120755636311959	4.269918202600299	2.653542498188957	3.800840745973009
ENSG00000134719	119.30684971388867	106.02252183923123	95.19475965712245	165.41257272224072	121.81133454467938	231.7955595697305	138.36328740556706	124.22747911838098
ENSG00000217473	2.8138407951388835	1.408268791033432	3.8592470131265855	1.808885971446132	0.5536878842939972	3.4566004497240512	2.4640037483183175	1.2002654987283188
ENSG00000166112	61.34172933402767	86.70912127648702	108.61023736941962	124.41115736946175	66.44254611527967	137.04404135964768	137.9842099058258	76.8169919186124
ENSG00000146962	31.139838132870313	44.66223880134598	44.65700115189335	89.03738726118183	60.90566727233969	88.04164674885378	57.80931871054514	76.01681491946019
ENSG00000115218	1087.2680832416645	1015.5629795909663	1718.1000155104975	1916.8161677424177	1928.6794636240902	1545.1004010266508	1170.2122417013302	1765.1904601297806
ENSG00000192387	8.629111771759243	14.485050422058157	13.231704045005435	15.476024422372461	7.93619300821396	6.9132008994481025	5.875701245989834	11.202477988130974
ENSG00000230906	220.79270772523108	414.43338707555284	306.3507033753342	593.9175606248133	442.02749429470776	499.1737708277969	240.5246735858419	437.2967300366841
ENSG00000195197	188.5273332743052	162.3532734805685	121.47439407984157	154.9612315538853	258.5722419652967	232.81220676082583	131.72943116009466	233.25159525286995
ENSG00000151029	16.320276611805525	15.89331921309159	18.56114039646596	12.260227139801563	12.181133454467938	14.029731237115268	19.332952486805258	12.802831986435399
ENSG00000245116	2.2510726361111066	1.207087535171513	3.4916996785431014	0.20098733016068132	3.8758151900579807	0.6099883146571856	2.4640037483183175	0.8001769991522124
ENSG00000248770	608.3523799090267	406.98968060866184	274.5578589338628	642.1545198633769	411.3900980304399	592.5019829703463	545.682060877572	378.48372059899646
ENSG00000150084	3.189019567824068	1.207087535171513	1.4701893383339375	0.8039493206427253	1.8456262809799906	2.033294382190619	2.2744649984476775	0.4000884995761062
ENSG00000172020	7.691164840046282	12.07087535171513	7.902267693544912	8.843442527069978	9.412694032997953	17.689661125058382	7.960627494566872	6.801504492793806
ENSG00000135846	268.8155906289347	145.05168547644348	196.82159766945585	155.9661682046887	296.9612686096805	263.9216108083423	231.9954298416631	142.8315943486699
ENSG00000110385	610.2282737724527	219.8911126570773	375.4496022770292	257.86674459615415	455.5005661458617	339.3568323876142	471.0037934285399	271.05995846281195
ENSG00000169495	4.689734658564806	4.627168884824133	3.3079260112513587	3.4167846127315826	4.429503074351977	4.066588764381238	10.99324749249711	2.6005752472446906
ENSG00000245123	39.95653929097215	25.348838238601775	27.93359742834481	45.02116195599262	29.53002049567985	31.719392362173647	34.11697497671516	28.20623922011549
ENSG00000151466	34.51644708703697	15.89331921309159	32.89548644522185	13.868125781087011	28.791769983287853	23.9928737098493	67.66533370381842	6.401415993217699
ENSG00000105397	556.0149411194434	257.71318875911805	268.4933279132353	368.61076351468955	189.73038168474304	188.68971866728938	201.10061361274884	195.64327629271597
ENSG00000153707	5770.249523898137	3847.79269961506	4808.254231021142	4074.616144347493	3936.1671694460256	6495.968892222588	2505.323195790117	7958.560433567905
ENSG00000136689	0.5627681590277767	0.6035437675857565	0.5513210018752265	0.602961990482044	0.3691252561959982	0.8133177528762473	0.947693749353199	0.6001327493641594
ENSG00000155740	152.5101710965275	92.54337769648266	116.51250506296454	181.69254646525593	94.31150295807751	114.67780315555088	102.91954117975742	73.61628392200355
ENSG00000111606	0.0	0.0	0.1837736672917422	0.20098733016068132	0.3691252561959982	0.0	0.0	0.2000442497880531
ENSG00000109773	13.506435816666642	35.2067197758358	38.04114912939063	19.093796365264726	35.62058722291382	24.19620314806836	24.640037483183175	27.606106470751328
ENSG00000241461	1.6883044770833302	2.615356326204945	3.8592470131265855	4.019746603213626	2.9530020495679854	3.253271011504989	1.895387498706398	2.6005752472446906
ENSG00000191297	1710.0648458990709	1716.8808375256153	2212.8187278598675	804.3512953030466	817.7970051022338	942.6352755835708	933.6678818627718	814.1800966373762
ENSG00000119380	23.63626267916662	43.857513777898305	37.12228079293192	46.83004792743875	39.4964024129718	43.715829217098296	38.097288723998595	38.60854020909426
ENSG00000231354	9.567058703472204	4.627168884824133	8.086041360836655	6.431594565141802	11.812008198271942	6.9132008994481025	13.267712490944787	7.801725741734072
ENSG00000141698	11.81813133958331	23.94056944756834	9.556230699170593	9.446404517552022	12.550258710663936	6.303212584790917	12.699096241332867	15.203362983892037
ENSG00000162865	10.505005635185166	13.277962886886643	7.350946691669686	5.828632574659759	10.704632429683945	11.386448540267462	13.267712490944787	3.400752246396903
ENSG00000187576	42.02002254074066	37.82207610204075	62.11549954460885	67.9337175943103	48.53997118977375	47.78241798147954	42.45667997102331	33.00730121502877
ENSG00000177874	20.634832497685146	19.91694433032997	20.031329734799897	11.858252479480198	12.734821338761934	13.013084046019957	14.025867490427345	22.40495597626195
ENSG00000176597	162.82758734537006	111.45441574750303	126.98760409859383	96.47391847712703	81.94580687551158	106.13796675035029	144.42852740142754	149.23301034188765
ENSG00000132790	641.9308800643507	955.6109653441146	636.9595308331784	701.6467695909384	380.01445125378007	662.8539685941416	516.8721708972348	762.1685916924823
ENSG00000224196	122.87104805439793	127.34773496059462	207.4804703723769	115.16574018207041	68.65729765245565	74.6219038263957	86.05059244127047	152.63376258828453
ENSG00000208939	5.81527097662036	3.8224438613764575	4.043020680418327	4.019746603213626	2.2147515371759887	2.4399532586287425	7.202472495084312	2.4005309974566376
ENSG00000110647	0.9379469317129612	2.414175070343026	1.8377366729174216	1.6078986412854506	0.7382505123919963	0.40665887643812365	1.3267712490944785	1.4003097485163718
ENSG00000166686	10.12982686249998	9.656700281372103	4.410568015001812	8.642455196909298	9.412694032997953	7.1165303376671645	5.496623746248555	4.200929245549116
ENSG00000128299	114.99229382800904	311.62976533011226	372.87677093494483	211.8406459893581	252.29711260996473	190.72301304948002	244.12590983338407	151.83358558913233
ENSG00000221797	14.25679336203701	17.50276925998694	19.847556067508155	16.480961073175866	10.704632429683945	19.316296630810875	12.699096241332867	14.803274484315931
ENSG00000144989	8.253932999074058	1.8106313027572696	3.675473345834843	6.431594565141802	6.644254611527966	11.386448540267462	8.90832124392007	2.8006194970327436
ENSG00000155473	35.82957279143512	51.301220244789306	47.59737982856122	62.30607234981121	18.08713755360391	41.68253483490768	31.08435497878493	21.404734727321685
ENSG00000155800	2.6262514087962914	0.4023625117238377	2.7566050093761323	0.40197466032136264	0.7382505123919963	1.2199766293143712	1.5163099989651185	3.600796496184956
ENSG00000106215	4.126966499537029	1.6094500468953508	10.475099035629304	1.808885971446132	6.644254611527966	3.0499415732859276	3.2221587478008766	2.000442497880531
ENSG00000144239	47.08493597199065	66.59099569029513	40.43020680418328	82.80678002620071	70.13379867723965	81.12844584940568	106.52077742729956	49.21088544786107
ENSG00000100644	12.943667657638864	18.70985679515845	14.701893383339373	17.686885054139957	14.026759735447929	19.722955507248997	9.47693749353199	24.805486973718587
ENSG00000135941	7.503575453703689	10.46142530481978	4.594341682293554	9.04442985723066	12.181133454467938	14.233060675334329	10.803708742626469	17.203805481772566
ENSG00000133776	27.388050406018465	58.946107967542225	43.55435914814289	59.09027506724031	40.2346529253638	49.612382925451094	66.71763995446521	49.610973947437174
ENSG00000157237	2.8138407951388835	7.443706466890998	9.556230699170593	9.245417187391341	10.704632429683945	5.083235955476547	11.56186374210903	8.201814241310178
ENSG00000243545	16.8830447708333	5.23071265240989	15.2532143852146	5.627645244499077	13.65763447925193	8.743165843419659	32.97974247749132	11.802610737495135
ENSG00000100012	13.318846430324049	20.92285060963956	15.988309054381567	12.461214469962243	11.627445570173942	17.892990563277444	6.444317495601753	8.401858491098231
ENSG00000212225	62.842444424768395	128.55482249576613	61.74795221002537	71.55148953720256	48.17084593357776	89.46495281638721	86.99828619062367	84.61871766034646
ENSG00000132072	27.012871633333283	52.508307779960816	20.21510340209164	26.128352920888574	15.318698132133921	32.32938067683083	37.90774997412796	18.804159480076994
ENSG00000186264	3.189019567824068	2.212993814481107	0.5513210018752265	4.823695923856352	2.3993141652739878	0.20332943821906183	4.548929996895355	2.8006194970327436
ENSG00000224403	7.503575453703689	18.70985679515845	12.129062041254983	7.63751854610589	14.211322363545928	9.353154158076846	15.921254989133743	12.402743486859293
ENSG00000193970	69.40807294675913	79.06423355373411	74.9796562550308	74.96827414993413	106.67719904064346	92.31156495145409	88.13551868984752	139.63088635206108
ENSG00000174246	2122.5739064664313	1587.9236525181254	908.760784757665	712.701072749776	896.6052473000794	1489.7947938310663	1685.7576413494705	1273.481694150746
ENSG00000199340	3.0014301814814757	2.615356326204945	2.940378676667875	4.421721263534989	2.2147515371759887	1.4233060675334328	5.117546246507274	4.400973495337168
ENSG00000216280	54.40092203935175	65.58508941098555	56.969836860440076	37.78561807020809	32.483022545247835	86.61834068132035	32.221587478008765	35.60787646227346
ENSG00000208130	7.503575453703689	10.059062793095942	13.231704045005435	16.882935733497234	8.305318264409959	12.809754607800897	15.921254989133743	20.804601977957525
ENSG00000246627	140.316860984259	153.50129822264407	159.33176954194045	134.2595365473351	181.0559381641371	190.72301304948002	103.29861867949869	106.02345238766814
ENSG00000171738	43.145558858796214	60.55555801443757	51.82417417627129	109.53809493757132	63.67410669380967	41.07254652025049	52.31269496429658	115.02544362813055
ENSG00000203081	710.776184852082	516.2311025416838	399.89150002683095	499.6545027794538	469.52732588130965	469.89433172425197	683.6662707833977	676.3496085334076
ENSG00000194887	119.11926032754607	75.6441522040815	92.62192831503805	124.00918270914039	85.08337155317757	69.74199730913821	82.82843369346959	61.81367318450841
ENSG00000237076	23.26108390648144	8.248431490338673	18.7449140637577	13.868125781087011	29.71458312377785	5.286565393695608	15.352638739521824	14.003097485163718
ENSG00000153167	12.943667657638864	8.248431490338673	12.496609375838467	11.657265149319517	7.382505123919962	10.97978966382934	7.7710887446962325	12.20269923707124
ENSG00000216031	48.02288290370361	80.47250234476753	54.76455285293917	73.76235016897004	51.49297323934174	62.01547865681386	61.78963245782858	61.0134961853562
ENSG00000136648	45.77181026759251	75.24178969235764	77.5524875971152	74.56629948961277	80.83843110692358	64.65876135366166	77.1422711973504	117.62601887537524
ENSG00000156723	2340.9279521692083	2817.1411258344497	3523.124975649989	4721.192385474404	3768.7688657611407	1724.2336360976446	2356.7248158915354	1823.603381067892
ENSG00000240678	839.8376826557854	867.2923940207321	643.0240618538058	836.1072934684344	665.1637116651887	1029.660275141329	832.8332669315912	562.3243861542173
ENSG00000146720	3.189019567824068	4.224806373100296	2.7566050093761323	3.617771942892264	2.9530020495679854	2.4399532586287425	2.653542498188957	2.4005309974566376
ENSG00000244520	75.22334392337949	34.40199475238812	52.55926884543826	81.39986871507594	40.7883408096578	48.79906517257484	54.966237462485545	46.81035445040443
ENSG00000240440	2.0634832497685145	2.414175070343026	1.8377366729174216	0.602961990482044	1.1073757685879944	3.0499415732859276	3.790774997412796	0.8001769991522124
ENSG00000190627	0.7503575453703689	0.8047250234476754	0.7350946691669688	2.411847961928176	1.2919383966859934	1.4233060675334328	0.18953874987063982	0.6001327493641594
ENSG00000205101	112.92881057824053	105.41897807164547	106.03740602733524	139.48520713151285	135.8380942801273	76.65519820858633	80.74350744489256	154.0340723368009
ENSG00000163866	65.2811064472221	88.92211509096813	74.42833525315557	113.55784154078496	59.6137288756537	69.94532674735727	91.16813868777774	93.82075315059691
ENSG00000105601	4.314555885879622	2.816537582066864	2.7566050093761323	2.2108606317674946	2.583876793371987	4.473247640819361	3.2221587478008766	2.8006194970327436
ENSG00000103801	611.3538100905082	1169.8690028370581	636.9595308331784	1104.6263665631045	542.7986892362152	847.0704396206116	579.2304196046753	612.3354486012306
ENSG00000229219	3.3766089541666604	4.023625117238376	3.124152343959617	2.8138226222495386	3.506689933861982	4.066588764381238	3.2221587478008766	5.401194744277435
ENSG00000222707	3.189019567824068	4.425987628962214	3.124152343959617	3.0148099524102197	2.9530020495679854	2.2366238204096804	3.601236247542156	1.0002212489402655
ENSG00000192903	87.79183280833317	113.06386579439838	108.05891636754438	79.79197007379048	157.4319217675932	80.72178697296755	112.20693992341876	90.82008940377612
ENSG00000161565	52.71261756226842	54.31893908271809	38.40869646397412	60.095211718043714	26.946143702307864	20.73960269834431	34.49605247645645	48.01061994913275
ENSG00000241023	27.950818565046244	15.088594189643912	16.355856388965055	25.72637826056721	25.285080049425872	18.50297887793463	28.241273730725332	29.40650471884381
ENSG00000197926	15.569919066435157	37.017351078593066	18.193593061882474	33.16290947651242	21.40926485936789	37.61594607052644	21.038801235641017	53.611858943198236
ENSG00000121816	57.77753099351841	41.44333870755528	30.138881435845715	37.182656079726044	17.533449669309913	52.45899506051796	32.41112622787941	48.210664198920796
ENSG00000176561	17.070634157175892	14.887412933781995	18.928687731049443	23.716504958960396	26.761581074209865	30.906074609297402	22.176033734864856	25.205575473294694
ENSG00000236123	22.885905133796253	10.662606560681699	15.436988052506342	15.27503709221178	14.211322363545928	13.21641348423902	19.5224912366759	23.405177225202216
ENSG00000109501	0.7503575453703689	0.20118125586191885	0.1837736672917422	0.0	1.1073757685879944	0.8133177528762473	1.1372324992238387	0.2000442497880531
ENSG00000117671	1.5007150907407378	0.8047250234476754	1.4701893383339375	3.0148099524102197	1.2919383966859934	1.0166471910953094	2.2744649984476775	3.400752246396903
ENSG00000183944	142.19275484768494	71.01698331925736	74.61210892044733	103.50847503275088	93.01956456139153	104.10467236815965	78.65858119631551	174.23854156539426
ENSG00000169786	2.8138407951388835	6.638981443443321	9.37245703187885	9.245417187391341	2.2147515371759887	8.336506966981535	9.666476243402629	5.601238994065487
ENSG00000184906	61.529318720370256	87.91620881165854	76.44984559336474	94.46404517552023	96.71081712335152	78.89182202899599	90.22044493842455	69.61539892624248
ENSG00000129048	237.67575249606438	261.5356326204945	149.22421784089465	374.23840875918864	175.3344966930991	305.60414564325	231.61635234192184	388.68597733818723
ENSG00000220348	15.007150907407379	15.28977544550583	12.312835708546725	16.882935733497234	5.721441471037971	12.403095731362773	10.045553743143909	7.201592992369912
ENSG00000206661	58.715477925231376	35.00553851997388	37.85737546209889	76.17419813089822	69.76467342104365	60.38884315106137	70.8874924516193	34.00752246396903
ENSG00000188929	2004.7677718432835	2154.047706513565	1592.7663744175293	1807.4790601350073	2300.9422844977544	1317.3714302213016	971.7651705867703	1152.8550115285502
ENSG00000176350	120.99515419097199	160.1402796660874	117.2475997321315	77.78209677218368	93.38868981758753	140.50064180937173	58.18839621028642	76.61694766882434
ENSG00000118418	988.9712447981464	334.1620659866472	876.2328456470267	1826.9748311605933	1589.822478436164	982.8945043509449	927.7921806167818	1029.6277536591094
ENSG00000245758	842.4639340645817	535.343321848566	440.1379331637225	649.1890764190007	537.8154982775692	945.4818877186376	452.8080734409585	799.7769106526364
ENSG00000194425	110.11496978310166	167.18162362125457	130.47930377713692	101.0966270708227	168.13655419727715	146.39719551772453	164.89871238745664	155.03429358574115
ENSG00000180092	8.253932999074058	17.50276925998694	25.912087088135646	24.319466949442443	20.1173264626819	29.076109665325845	18.76433623719334	27.40606222096328
ENSG00000118505	5.252502817592583	3.4200813496526203	5.329436351460523	6.431594565141802	5.721441471037971	4.066588764381238	4.359391247024716	2.6005752472446906
ENSG00000214981	3.189019567824068	2.414175070343026	4.2267943477100705	2.009873301606813	2.2147515371759887	3.8632593261621753	2.653542498188957	3.600796496184956
ENSG00000228303	80.66343612731467	85.50203374131551	67.81248323065286	134.2595365473351	65.15060771859366	61.202160903937624	66.90717870433585	47.41048719976859
ENSG00000223735	187.40179695624965	137.20561649782863	74.42833525315557	79.99295740395117	124.39521133805138	64.25210247722354	154.66361989444206	69.21531042666638
ENSG00000231306	15.75750845277775	7.846068978614835	19.296235065632928	17.485897723979278	26.761581074209865	22.16290876587774	12.888634991203507	16.803716982196462
ENSG00000224806	84.04004508148132	252.08011359498428	159.88309054381568	239.9788722118535	129.37840229669735	157.3769851815539	113.72324992238387	222.249161514527
ENSG00000141649	6.190449749305544	8.047250234476753	8.637362362711881	5.627645244499077	4.429503074351977	3.0499415732859276	6.823394995343032	9.202035490250443
ENSG00000213692	368.80073354953635	434.95387517346853	175.87139959819726	191.33993831296863	305.63571213028644	223.45905260274898	286.96166730414865	229.4507545068969
ENSG00000161269	26.450103474305504	31.183094658597422	50.72153217252084	29.74612486378084	29.345457867581853	31.719392362173647	12.130479991720948	36.608097711213716
ENSG00000198704	18.946528020601814	37.4197135903169	19.66378240021641	32.358960155869696	22.332077999857887	29.686097979983032	33.54835872710324	21.004646227745578
ENSG00000245908	34.328857700694385	15.088594189643912	32.89548644522185	35.172782778119235	32.11389728905184	23.17955595697305	28.62035123046661	22.004867476685842
ENSG00000176710	30.20189120115735	24.34293195929218	10.842646370212789	20.90268233671086	26.761581074209865	25.21285033916367	12.320018741591587	38.60854020909426
ENSG00000223813	4412.2899561641125	6534.568371650987	3422.0494586395307	4117.426445671718	3796.2686973477425	3964.3140569570487	5632.9021074055445	4814.86504814865
ENSG00000130008	0.9379469317129612	0.4023625117238377	0.1837736672917422	0.8039493206427253	1.6610636528819915	1.2199766293143712	1.705848748835758	0.8001769991522124
ENSG00000196692	40.51930744999992	31.38427591445934	17.090951058132024	43.21227598454649	23.624016396543883	27.042815283135226	37.718211224257324	36.208009211637616
ENSG00000105505	531.0655527358786	226.5300941005206	733.440706161343	487.7962502999736	413.4202869395179	319.2272180039271	643.6735945606928	286.263321446704
ENSG00000156407	90.04290544444427	106.22370309509314	55.86719485668962	153.15234558243918	71.05661181772963	122.81098068431335	110.69062992445365	89.01969115568365
ENSG00000125670	13.506435816666642	11.869694095853212	22.604161076884285	12.260227139801563	20.1173264626819	14.436390113553392	16.110793739004382	22.605000226050002
ENSG00000153937	885.9846716960632	776.3584663711448	675.5520009644442	1079.9049249533407	733.0827588052523	1407.649700790565	935.1841918617368	1785.3949293583742
ENSG00000131351	2.8138407951388835	1.8106313027572696	3.8592470131265855	2.8138226222495386	2.2147515371759887	2.033294382190619	3.411697497671516	2.8006194970327436
ENSG00000154863	2.6262514087962914	1.8106313027572696	3.124152343959617	0.8039493206427253	1.1073757685879944	0.8133177528762473	2.2744649984476775	2.000442497880531
ENSG00000101939	235.2370904736107	70.61462080753351	142.42459215110017	89.2383745913425	146.17360145361525	114.47447371733182	150.68330614715865	108.22393913533674
ENSG00000167509	0.7503575453703689	1.207087535171513	2.0215103402091636	1.6078986412854506	1.4765010247839927	1.2199766293143712	1.3267712490944785	2.200486747668584
ENSG00000137470	0.0	0.8047250234476754	0.3675473345834844	0.20098733016068132	0.0	0.0	0.5686162496119194	0.2000442497880531
ENSG00000241908	312.3363282604161	105.01661555992163	132.68458778463784	106.72427231532178	168.50567945347314	172.42336360976444	169.0685648846107	185.2409753037372
ENSG00000144745	156.82472698240713	110.04614695646961	148.85667050631113	162.19677543966984	73.64048861110163	162.6635505752495	84.72382119217599	117.62601887537524
ENSG00000138556	107.30112898796276	95.56109653441145	116.14495772838104	151.34345961099305	120.33483351989538	121.79433349321805	132.10850865983593	112.6249126306739
ENSG00000162341	11.81813133958331	10.863787816543617	11.393967372088014	10.250353838194748	8.305318264409959	12.809754607800897	6.444317495601753	15.003318734103983
ENSG00000214544	49.14841922175916	35.2067197758358	25.728313420843904	45.2221492861533	47.61715804928376	53.27231281339421	34.49605247645645	38.008407459730094
ENSG00000225727	2.0634832497685145	3.0177188379287827	4.043020680418327	4.622708593695671	2.583876793371987	4.473247640819361	3.2221587478008766	5.401194744277435
ENSG00000152438	910.934060079628	1093.420125609529	868.5143516207735	698.6319596385283	840.6827709863858	1056.2964315480262	1212.289844172612	988.8187267023466
ENSG00000183883	104.1121094201387	110.64969072405536	162.82346922048356	132.65163790604967	118.8583324951114	185.4364476557844	146.32391490013393	164.43637332577967
ENSG00000126276	118.55649216851829	80.87486485649139	132.68458778463784	120.5923980964088	186.03912912278307	105.73130787391216	163.3824023884915	131.4290721107509
ENSG00000236024	0.5627681590277767	0.4023625117238377	0.7350946691669688	0.40197466032136264	0.1845626280979991	0.40665887643812365	0.7581549994825593	1.2002654987283188
ENSG00000223947	140.8796291432868	90.7327463937254	148.85667050631113	171.44219262706116	214.2772112217769	156.36033799045856	150.30422864741735	221.24894026558675
ENSG00000238942	619.4201537032395	365.3451606452446	717.0848497723779	518.3463244843972	685.6501633840664	479.0441564441097	664.5228570464632	260.4576132240452
ENSG00000120510	462.7830161071751	305.1919651425309	377.47111261723836	430.51486120417945	198.958513089643	445.29146969974545	186.31659112283893	230.65102000562524
ENSG00000236066	153.82329680092565	189.71392427778946	136.7276084650562	141.49508043311965	165.18355214770915	170.79672810401195	145.1866824009101	92.22039915229249
ENSG00000176698	31.890195678240683	45.26578256893174	32.71171277793011	40.39845336229695	40.97290343775579	45.95245303750798	20.65972373589974	46.01017745125221
ENSG00000191540	16.69545538449071	14.887412933781995	17.090951058132024	17.083923063657913	13.103946594957934	16.063025619305886	10.045553743143909	16.803716982196462
ENSG00000240743	186.65143941087928	66.1886331785713	136.9113821323479	118.78351212496267	166.47549054439517	116.50776809952244	110.88016867432428	148.63287759252347
ENSG00000227919	31.890195678240683	91.93983392889692	55.49964752210614	49.84485787984897	36.54340036340381	63.03212584790918	82.07027869398704	44.60986770273585
ENSG00000114158	20.634832497685146	42.449244986864876	49.067569166895154	47.23202258776011	30.637396264267842	72.38528000598602	36.96005622477476	47.01039870019248
ENSG00000126938	18.196170475231447	20.72166935377764	10.658872702921046	18.289847044622	12.181133454467938	16.26635505752495	7.3920112449549515	16.00353998304425
ENSG00000227422	527.1261756226842	729.6844150111797	612.7014067506684	1234.263194516744	540.2148124428433	566.2724854400873	1189.7347329380061	494.3093412262793
ENSG00000236738	3.5641983405092525	2.011812558619188	0.9188683364587108	3.4167846127315826	4.060377818155979	3.6599298879431132	1.895387498706398	2.4005309974566376
ENSG00000231834	18.196170475231447	28.768919588254395	18.7449140637577	27.53526423201334	28.791769983287853	46.56244135216516	9.09785999379071	36.00796496184957
ENSG00000234609	12.193310112268495	12.674419119300888	9.923778033754077	9.04442985723066	11.627445570173942	8.946495281638722	13.646789990686065	8.201814241310178
ENSG00000237326	291.32631699004577	161.95091096884465	158.04535387089825	132.04867591556763	220.3677779490109	251.72184451519854	88.70413493945942	221.24894026558675
ENSG00000149086	423.5768343615733	594.6917923278321	312.4152343959617	404.3865082832908	620.8686809216689	517.4734202675123	737.4952757466594	332.2734988979562
ENSG00000216027	264.5010347430551	472.57477001964736	359.82884055723116	250.43021338020895	261.3406813867667	338.3401851965189	390.63936348338865	336.07433964392925
ENSG00000188347	101.11067923865723	88.72093383510621	144.99742349318456	164.00566141111597	142.29778626355727	63.84544360078543	101.21369243092165	150.43327584061595
ENSG00000152715	1.6883044770833302	2.615356326204945	1.102642003750453	3.4167846127315826	1.2919383966859934	1.4233060675334328	2.843081248059597	2.200486747668584
ENSG00000134061	1331.884643032405	1126.4138515708837	2151.622096651717	2129.0587883920975	1591.668104717144	1899.3002824042567	1201.6756741798563	2558.3659105394113
ENSG00000184602	55.714047743749894	56.33075164133728	81.77928194482527	65.11989497206075	85.45249680937357	90.88825888392066	65.58040745524137	67.4149121785739
ENSG00000171803	17.63340231620367	24.34293195929218	15.2532143852146	16.279973743015187	20.486451718877895	28.66945078888772	14.973561239780544	12.002654987283188
ENSG00000247383	38.643413586574	20.319306842053802	17.82604572729899	17.485897723979278	18.456262809799906	25.822838653820856	29.188967480078528	26.40584097202301
ENSG00000155434	12.943667657638864	4.425987628962214	6.983399357086203	11.858252479480198	14.211322363545928	25.619509215601795	16.110793739004382	21.80482322689779
ENSG00000193565	61.529318720370256	62.56737057305676	81.77928194482527	100.0916904200193	66.81167137147565	99.02143641268312	92.30537118700158	150.633320090404
ENSG00000211867	41.832433154398075	30.780732146873586	31.792844441471395	56.67842710531214	56.107038941791714	35.379322250116765	52.8813112139085	59.61318643683983
ENSG00000166657	11.255363180555534	17.1004067482631	15.069440717922857	17.686885054139957	9.412694032997953	14.029731237115268	8.339704994308152	14.203141734951771
ENSG00000131395	0.18758938634259223	0.20118125586191885	0.1837736672917422	0.20098733016068132	0.3691252561959982	0.20332943821906183	0.7581549994825593	0.6001327493641594
ENSG00000179918	22.510726361111068	9.455519025510187	20.582650736675124	15.677011752533144	22.701203256053887	26.83948584491616	19.143413736934622	15.203362983892037
ENSG00000170516	108.98943346504609	41.04097619583145	120.55552574338286	66.12483162286415	203.01889090779898	74.41857438817664	142.9122174024624	51.81146069510576
ENSG00000238749	102.98657310208314	55.32484536202768	150.6944071792286	44.418199965510574	154.1097944618292	101.86804854774999	206.78677610886803	65.01438118111727
ENSG00000198453	20.822421884027737	35.2067197758358	22.2366137423008	29.74612486378084	36.72796299150182	26.43282696847804	9.47693749353199	31.006858717148233
ENSG00000188565	44.45868456319436	78.86305229787219	63.40191521565105	50.44781987033102	48.90909644596975	132.1641348423902	59.70470620925153	59.61318643683983
ENSG00000126329	129.81185534907385	212.04504367846246	193.14612432362102	160.78986412854505	167.76742894108114	327.1570660944705	238.0606698375236	188.84177179992216
ENSG00000134797	17.258223543518486	16.094500468953505	10.658872702921046	10.250353838194748	13.84219710734993	9.75981303451497	11.182786242367749	10.602345238766816
ENSG00000205109	676.4473271513876	429.52198126519676	509.42060573270936	281.3822622249539	578.419276459129	461.3544953190513	575.0605671075211	490.5085004803062
ENSG00000179471	0.5627681590277767	0.4023625117238377	0.7350946691669688	0.602961990482044	0.1845626280979991	0.6099883146571856	0.5686162496119194	0.4000884995761062
ENSG00000148166	1.8758938634259223	1.408268791033432	2.389057674792648	2.6128352920888576	0.9228131404899953	2.2366238204096804	2.2744649984476775	3.800840745973009
ENSG00000117048	2.8138407951388835	5.029531396547971	6.432078355210976	3.818759273052945	3.691252561959981	2.033294382190619	6.065239995860474	2.6005752472446906
ENSG00000145120	0.0	0.20118125586191885	0.5513210018752265	0.20098733016068132	0.5536878842939972	0.0	0.18953874987063982	0.2000442497880531
ENSG00000148062	3.0014301814814757	6.638981443443321	3.8592470131265855	5.627645244499077	2.768439421469986	3.253271011504989	6.254778745731113	4.000884995761062
ENSG00000127239	218.91681386180514	364.5404356217969	235.59784146801346	559.7497144974975	231.44153563489084	198.44953170180437	204.701849860291	537.3188549307107
ENSG00000172587	738.5394140307857	521.2606339382318	730.3165538173834	368.8117508448502	702.4453625409844	287.1011667653153	597.2366008423861	230.65102000562524
ENSG00000130510	33.39091076898142	42.04688247514104	31.976618108763134	64.71792031173939	16.610636528819917	54.69561888092763	38.097288723998595	33.407389714604875
ENSG00000177022	606.2888966592581	1181.5375156770492	588.9946036700337	1388.822451410308	450.8865004434117	708.1964333169924	569.5639433612725	1011.0236384288204
ENSG00000234691	63.21762319745359	47.07641387168901	28.85246576480352	47.63399724808147	38.019901388187805	50.019041801889216	46.24745496843612	38.008407459730094
ENSG00000223106	3.7517877268518447	8.449612746200591	7.350946691669686	3.818759273052945	9.597256661095951	11.793107416705586	11.56186374210903	7.601681491946018
ENSG00000209477	41.832433154398075	67.3957207137428	25.728313420843904	35.97673209876196	18.08713755360391	14.233060675334329	31.842509978267486	29.606548968631863
ENSG00000174265	15.007150907407379	32.99372596135469	23.339255746051254	21.907618987514265	11.258320313977942	29.076109665325845	15.163099989651185	20.204469228593364
ENSG00000165212	159.0757996185182	227.93836289155405	99.789101339416	107.12624697564314	128.08646390001135	88.44830562529191	164.33009613784472	162.23588657811106
ENSG00000143135	1.1255363180555533	3.0177188379287827	0.7350946691669688	1.4069113111247693	1.8456262809799906	2.033294382190619	2.084926248577038	1.4003097485163718
ENSG00000105366	210.1001127037033	163.15799850401618	203.62122335925034	183.70241976686273	231.99522351918483	117.32108585239868	223.2766473476137	106.22349663745621
ENSG00000237745	9.19187993078702	11.467331584129374	10.291325368337562	9.245417187391341	9.228131404899953	5.286565393695608	10.235092493014548	13.803053235375664
ENSG00000244798	127.18560394027755	199.37062455916157	106.7725006965022	127.42596732187195	96.15712923905751	189.2997069819466	250.5702273289858	95.62115139868939
ENSG00000206192	2.6262514087962914	2.212993814481107	1.102642003750453	0.40197466032136264	2.2147515371759887	1.4233060675334328	1.5163099989651185	1.6003539983044248
ENSG00000141466	9.379469317129612	12.875600375162806	11.210193704796271	17.083923063657913	11.073757685879944	12.19976629314371	8.718782494049432	6.801504492793806
ENSG00000120051	35.82957279143512	27.964194564806718	27.198502759177842	36.17771942892264	26.761581074209865	19.316296630810875	43.214834970505876	32.80725696524071
ENSG00000229426	106.55077144259239	219.48875014535346	195.35140833112192	123.80819537897969	189.36125642854705	212.47926293891965	104.43585117872253	114.42531087876638
ENSG00000224079	2.4386620224536992	3.0177188379287827	1.102642003750453	2.009873301606813	1.8456262809799906	1.8299649439715566	3.790774997412796	0.2000442497880531
ENSG00000183166	915.4362053518502	1150.9579647860378	516.5877787570872	1284.3090397267538	972.091362192161	540.2463173480473	806.676919449443	814.3801408871642
ENSG00000164761	144.06864871111082	75.24178969235764	83.2494712831592	127.0239926615506	147.83466510649725	76.04520989392914	85.48197619165855	108.02389488554869
ENSG00000129740	10.880184407870349	13.8815066544724	7.718494026253171	10.853315828676791	13.103946594957934	7.929848090543412	13.267712490944787	5.201150494489381
ENSG00000120287	331.28285628101787	257.91437001497997	284.1140896330334	358.5613970066555	347.34686608043427	342.00011508446204	238.25020858739424	281.0621709522146
ENSG00000153223	18.38375986157404	43.656332522036394	33.079260112513595	24.118479619281757	18.825388065995906	17.283002248620257	39.80313747283436	40.809026956762835
ENSG00000173932	478.91570333263803	202.58952465295226	190.0219719796614	311.9323364093774	362.6655642125682	454.6446238578223	407.69785097174616	349.27726012994077
ENSG00000182233	2906.3223626057816	2178.994182240443	3016.4609749266556	3583.202122104627	3529.94482500233	2071.113657699364	3743.7693874448773	1941.8295326926318
ENSG00000216899	75.0357545370369	141.0280603592051	74.9796562550308	108.7341456169286	126.97908813142335	217.9691577708343	141.01682990375602	146.832479344431
ENSG00000200959	12.193310112268495	5.834256419995646	6.248304687919234	10.250353838194748	8.674443520605955	10.776460225610277	11.940941241850307	8.601902740886283
ENSG00000246396	8.629111771759243	18.508675539296533	7.350946691669686	11.858252479480198	13.65763447925193	18.096320001496505	9.47693749353199	8.401858491098231
ENSG00000243396	68.65771540138877	86.30675876476319	83.2494712831592	45.42313661631398	63.48954406571168	45.139135284631735	69.75025995239545	123.82739061880487
ENSG00000140357	42.207611927083256	16.899225492401182	21.317745405842093	46.428073267117384	59.7982915037517	41.68253483490768	28.80988998033725	21.60477897710974
ENSG00000135126	6.565628521990728	6.437800187581403	3.4916996785431014	2.411847961928176	7.382505123919962	3.4566004497240512	2.653542498188957	7.601681491946018
ENSG00000158474	10.505005635185166	7.04134395516716	7.350946691669686	12.059239809640879	6.828817239625965	5.693224270133731	10.424631242885189	5.201150494489381
ENSG00000172326	90.23049483078687	95.56109653441145	120.55552574338286	154.1572822332426	55.737913685595714	105.12131955925499	113.91278867225452	101.42243464254294
ENSG00000224983	2645.197936816893	2271.939922448649	3265.4742941069667	1622.5707163871803	1001.252257431645	2394.000805591234	3700.365013724501	3926.2684905901183
ENSG00000134274	0.37517877268518446	0.0	0.1837736672917422	0.0	0.1845626280979991	0.20332943821906183	0.37907749974127963	0.6001327493641594
ENSG00000187192	97.73407028449056	73.6323396454623	119.08533640504892	178.07477452236367	98.9255686605275	101.2580602330928	80.74350744489256	138.03053235375666
ENSG00000237248	16.507865998148116	23.739388191706425	13.966798714172405	16.882935733497234	12.550258710663936	22.569567642315867	16.868948738486942	16.403628482620356
ENSG00000217110	129.24908719004605	119.50166598197978	103.09702735066735	119.38647411544471	119.78114563560139	98.81810697446406	152.95777114560633	198.4438957897487
ENSG00000205638	141.81757607499975	149.4776731054057	144.99742349318456	68.33569225463165	160.75404907335718	141.51728900046706	144.42852740142754	126.82805436562569
ENSG00000101736	19.509296179629594	51.10003898892739	45.02454848647683	44.217212635349895	21.77839011556389	42.69918202600299	17.81664248784014	45.210000452100005
ENSG00000171734	3.9393771131944373	4.627168884824133	2.5728313420843905	5.828632574659759	5.352316214841973	6.9132008994481025	1.705848748835758	3.000663746820797
ENSG00000186682	4.502145272222213	1.8106313027572696	2.389057674792648	1.808885971446132	7.382505123919962	1.6266355057524946	3.411697497671516	1.6003539983044248
ENSG00000174452	0.9379469317129612	0.8047250234476754	0.1837736672917422	0.602961990482044	0.3691252561959982	0.40665887643812365	0.18953874987063982	1.800398248092478
ENSG00000216886	254.74638665324028	262.9439014115279	613.9878224217106	447.79977159799796	453.8395024929797	110.20455551473152	320.69956478112255	270.65986996323585
ENSG00000189894	24.1990308381944	23.739388191706425	16.539630056256797	19.897745685907452	23.070328512249883	17.079672810401195	14.215406240297984	26.805929471599118
ENSG00000109460	6.565628521990728	9.254337769648266	10.291325368337562	11.255290488998154	5.167753586743974	12.403095731362773	4.548929996895355	8.001769991522124
ENSG00000208877	15.194740293749971	10.863787816543617	19.112461398341186	9.04442985723066	14.211322363545928	20.332943821906188	19.143413736934622	21.404734727321685
ENSG00000121034	2.8138407951388835	1.408268791033432	1.102642003750453	2.009873301606813	2.0301889090779897	3.253271011504989	0.5686162496119194	2.000442497880531
ENSG00000134492	63.21762319745359	78.05832727442451	33.9981284489723	43.01128865438581	19.009950694093902	61.60881978037574	66.71763995446521	48.41070844870885
ENSG00000123126	388.31002972916593	356.89554789904406	462.7420942406068	412.2250141595574	336.08854576645626	578.0655928567928	499.4346059091359	424.2938538004607
ENSG00000163930	251.74495647175883	142.63751040610046	276.0280482721967	239.57689755153214	312.46452936991244	208.8193330509765	286.58258980440735	270.0597372138717
ENSG00000111042	0.9379469317129612	0.8047250234476754	1.2864156710421952	1.0049366508034066	1.1073757685879944	2.4399532586287425	0.947693749353199	2.200486747668584
ENSG00000161877	610.2282737724527	548.8224659913145	451.34812686851876	542.2638167735182	373.7393218984481	504.2570067832734	464.93855343267944	406.4899155693239
ENSG00000135600	4.314555885879622	4.023625117238376	2.940378676667875	3.4167846127315826	5.906004099135971	6.70987146122904	7.202472495084312	9.802168239614602
ENSG00000118387	0.5627681590277767	1.005906279309594	0.3675473345834844	0.40197466032136264	0.1845626280979991	0.40665887643812365	1.1372324992238387	1.4003097485163718
ENSG00000198356	2.6262514087962914	1.005906279309594	1.8377366729174216	1.4069113111247693	4.060377818155979	5.286565393695608	2.2744649984476775	2.6005752472446906
ENSG00000202660	2.2510726361111066	1.6094500468953508	5.696983686044007	4.019746603213626	3.506689933861982	1.6266355057524946	3.790774997412796	3.400752246396903
ENSG00000198856	33.39091076898142	22.53230065653491	30.138881435845715	23.113542968478352	20.3018890907799	44.122488093536425	46.24745496843612	45.61008895167611
ENSG00000205812	2.0634832497685145	2.615356326204945	5.329436351460523	2.2108606317674946	1.8456262809799906	3.8632593261621753	2.843081248059597	2.8006194970327436
ENSG00000160940	0.18758938634259223	2.816537582066864	0.9188683364587108	1.4069113111247693	1.1073757685879944	0.6099883146571856	0.7581549994825593	0.6001327493641594
ENSG00000180861	15.007150907407379	17.50276925998694	17.090951058132024	18.289847044622	19.563638578387902	15.453037304648701	24.260959983441897	36.608097711213716
ENSG00000135580	1091.7702285138869	1212.1170665680609	1063.8657599518954	1759.2421008964436	1352.474938702137	1156.1311857135856	768.9587082251857	1866.4128505225356
ENSG00000229770	6.002860362962951	5.4318939082718085	7.167173024377944	4.622708593695671	6.644254611527966	5.896553708352793	10.424631242885189	4.400973495337168
ENSG00000152049	78.78754226388874	73.02879587787653	37.30605446022366	35.37377010827991	57.029852082281714	80.11179865831036	66.71763995446521	86.01902740886284
ENSG00000196556	88.72977974004613	21.12403186550148	62.11549954460885	42.408326663903765	43.55678023112778	35.379322250116765	29.188967480078528	46.41026595082832
ENSG00000168222	6499.597057998136	6868.328075125909	6093.751033726879	2997.726029346562	5593.35500713796	4774.581868260011	4195.061150886871	8025.375212997114
ENSG00000141082	0.18758938634259223	0.6035437675857565	0.7350946691669688	0.8039493206427253	0.9228131404899953	1.0166471910953094	0.37907749974127963	1.6003539983044248
ENSG00000169342	410.44557731759187	222.1041064715584	258.01822887760596	142.2990297537624	318.1859708409504	257.61839822355137	652.9609933043541	329.4728794009235
ENSG00000119011	1.1255363180555533	2.615356326204945	1.4701893383339375	1.6078986412854506	2.9530020495679854	3.4566004497240512	3.2221587478008766	3.000663746820797
ENSG00000132338	8.253932999074058	11.467331584129374	6.615852022502717	7.034556555623847	3.137564677665984	6.506542023009978	3.411697497671516	6.001327493641594
ENSG00000100267	13.506435816666642	18.911038051020373	13.415477712297177	23.91749228912108	20.1173264626819	29.076109665325845	27.29357998137213	21.80482322689779
ENSG00000145623	9864.575470211556	11533.319036052084	7406.813886526376	10212.16624546422	7061.181588401347	8824.904277583722	6977.489998987863	9902.590453008204
ENSG00000222723	5.627681590277767	11.668512839991292	2.5728313420843905	9.245417187391341	9.043568776801955	7.929848090543412	6.444317495601753	5.80128324385354
ENSG00000211885	0.5627681590277767	0.6035437675857565	0.7350946691669688	0.8039493206427253	0.7382505123919963	0.6099883146571856	0.947693749353199	0.2000442497880531
ENSG00000211375	641.5557012916655	498.12478951411106	555.7315698902282	297.662235967969	625.2981839960208	383.68264991936974	677.9801082872785	409.89066781572086
ENSG00000187326	2.4386620224536992	5.029531396547971	6.983399357086203	6.833569225463165	6.090566727233969	4.269918202600299	7.3920112449549515	7.801725741734072
ENSG00000249975	23.63626267916662	9.254337769648266	34.549449450847526	6.431594565141802	63.67410669380967	16.46968449574401	29.75758372969045	13.603008985587612
ENSG00000186299	25.512156542592543	38.82798238135034	24.258124082509966	35.97673209876196	26.20789318991587	33.34602786792614	27.67265748111341	55.41225719129071
ENSG00000145029	29.826712428472167	23.739388191706425	19.296235065632928	44.61918729567125	24.546829537033876	25.009520900944608	60.65239995860474	32.407168465664604
ENSG00000207076	18.196170475231447	25.550019494463694	14.701893383339373	9.848379177873385	10.520069801585946	29.889427418202093	17.05848748835758	19.004203729865047
ENSG00000213008	33.7660895416666	36.61498856686923	55.13210018752265	38.18759273052945	45.03328125591177	65.0654202300998	51.36500121494339	50.61119519637744
ENSG00000110141	59.65342485694433	56.33075164133728	47.78115349585297	66.7277936133462	69.21098553674965	58.55887820708981	85.48197619165855	66.61473517942169
ENSG00000114775	119.49443910023126	193.53636813916592	247.17558250739322	205.00707676389496	177.73381085837312	140.50064180937173	105.95216117768766	152.43371833849648
ENSG00000247063	9.379469317129612	6.236618931719484	14.334346048755888	9.446404517552022	4.060377818155979	20.332943821906188	15.352638739521824	7.001548742581859
ENSG00000171149	5.06491343124999	10.662606560681699	5.513210018752265	6.230607234981122	5.352316214841973	9.75981303451497	8.52924374417879	7.201592992369912
ENSG00000214165	2.0634832497685145	2.212993814481107	2.205284007500906	1.808885971446132	2.768439421469986	5.48989483191467	5.117546246507274	3.600796496184956
ENSG00000177976	119.11926032754607	72.6264333661527	52.74304251273	83.0077673563614	93.94237770188153	90.0749411310444	24.450498733312532	76.41690341903629
ENSG00000205938	21.572779429398107	22.53230065653491	40.79775413876676	23.716504958960396	29.53002049567985	22.366238204096803	21.4178787353823	39.608761458034515
ENSG00000147660	85.35317078587947	54.922482850303844	82.14682927940875	88.83639993102115	94.49606558617553	93.12488270433032	149.73561239780545	64.61429268154116
ENSG00000100127	63.59280197013877	72.22407085442887	67.07738856148589	67.12976827366755	61.274792528535684	76.04520989392914	132.10850865983593	94.02079740038496
ENSG00000225007	891.6123532863409	576.3842980443975	600.9398920439969	1160.2998570176135	886.4543027546896	862.5234769252604	1016.3067768063705	941.608283752366
ENSG00000120445	80.28825735462948	29.77482586756399	60.645310206274914	18.691821704943365	38.573589272481804	52.66232449873702	34.87512997619773	31.406947216724337
ENSG00000161428	190.40322713773114	107.43079063026467	173.29856825611284	114.76376552174905	84.52968366888356	118.74439191993213	35.44374622580965	118.82628437410355
ENSG00000174089	2.0634832497685145	4.023625117238376	2.5728313420843905	7.034556555623847	0.7382505123919963	2.033294382190619	2.084926248577038	1.4003097485163718
ENSG00000188125	5.06491343124999	6.437800187581403	2.940378676667875	0.602961990482044	4.060377818155979	1.6266355057524946	3.2221587478008766	3.400752246396903
ENSG00000107062	11.63054195324072	13.8815066544724	11.393967372088014	15.677011752533144	9.228131404899953	11.183119102048401	10.045553743143909	29.40650471884381
ENSG00000219422	0.9379469317129612	1.8106313027572696	1.8377366729174216	1.4069113111247693	1.1073757685879944	3.253271011504989	2.4640037483183175	3.000663746820797
ENSG00000107760	146.13213196087935	86.70912127648702	110.63174770962878	76.3751854610589	71.42573707392563	68.11536180338572	84.91335994204663	111.62469138173364
ENSG00000159386	3.7517877268518447	1.408268791033432	3.675473345834843	2.2108606317674946	1.8456262809799906	0.40665887643812365	2.084926248577038	1.2002654987283188
ENSG00000126589	42.02002254074066	27.159469541359044	34.18190211626405	26.530327581209935	24.731392165131876	18.096320001496505	44.731144969470996	44.20977920315974
ENSG00000218698	0.0	0.0	0.1837736672917422	0.0	0.3691252561959982	0.0	0.5686162496119194	0.2000442497880531
ENSG00000202462	2.6262514087962914	4.627168884824133	1.2864156710421952	4.019746603213626	2.9530020495679854	2.4399532586287425	3.2221587478008766	3.800840745973009
ENSG00000202151	13.506435816666642	15.69213795722967	17.090951058132024	11.255290488998154	14.949572875937925	13.623072360677144	17.627103737969502	10.002212489402655
ENSG00000166276	20.634832497685146	21.526394377225316	23.890576747926485	8.039493206427252	13.288509223055932	18.50297887793463	13.457251240815426	20.804601977957525
ENSG00000220230	0.5627681590277767	0.20118125586191885	0.5513210018752265	1.0049366508034066	0.5536878842939972	0.6099883146571856	1.3267712490944785	1.6003539983044248
ENSG00000189504	101.86103678402759	55.32484536202768	60.82908387356666	55.07052846402668	102.0631333381935	33.14269842970708	52.31269496429658	35.207787962697346
ENSG00000243952	286.44899294513834	188.1044742308941	160.61818521298267	191.74191297328997	181.97875130462708	127.69088720157086	166.41502238642173	149.23301034188765
ENSG00000242489	86.10352833124985	85.50203374131551	81.41173461024178	98.28280444857317	86.37530994986356	93.32821214254939	136.6574386567313	91.42022215314027
ENSG00000126987	11.442952566898127	8.248431490338673	14.51811971604763	10.65232849851611	8.674443520605955	7.929848090543412	7.7710887446962325	5.201150494489381
ENSG00000110089	10.880184407870349	6.437800187581403	14.885667050631115	6.029619904820439	11.073757685879944	5.083235955476547	11.182786242367749	12.002654987283188
ENSG00000180981	4.689734658564806	2.615356326204945	3.8592470131265855	2.009873301606813	1.8456262809799906	2.4399532586287425	3.790774997412796	3.000663746820797
ENSG00000180086	93.98228255763871	107.22960937440274	129.56043544067822	89.03738726118183	55.18422580130172	52.45899506051796	89.46228993894199	145.63221384570267
ENSG00000120717	565.394410436573	509.9944836099643	481.11946096978096	401.5726856610413	605.1808575333389	390.59585081881784	681.3918057849501	502.5111554675894
ENSG00000169093	28.70117611041661	6.840162699305241	18.7449140637577	5.225670584177715	24.546829537033876	10.369801349172155	21.038801235641017	7.801725741734072
ENSG00000212647	0.5627681590277767	1.6094500468953508	0.7350946691669688	1.205923980964088	1.6610636528819915	1.0166471910953094	1.895387498706398	1.2002654987283188
ENSG00000156464	22.510726361111068	32.390182193768936	36.20341245647321	88.63541260086046	34.51321145432583	28.466121350668658	30.89481622891429	21.60477897710974
ENSG00000119079	97.35889151180538	138.01034152127633	79.02267693544913	185.71229306846953	170.16674310635514	193.77295462276595	85.29243744178791	75.81677066967212
ENSG00000239257	0.0	0.0	0.1837736672917422	0.20098733016068132	0.0	0.0	0.18953874987063982	0.2000442497880531
ENSG00000153367	29.639123042129572	35.2067197758358	39.87888580230805	39.39351671149354	17.533449669309913	41.275875958469555	34.87512997619773	36.208009211637616
ENSG00000118637	1249.532902428007	2242.5674590928093	2385.565975114105	2535.455169976995	3485.2806690026146	1757.3763345273514	2108.618592310868	2260.700066854788
ENSG00000144851	121.37033296365719	205.80842474674296	113.93967372088015	93.86108318503818	169.05936733776713	89.26162337816815	186.12705237296828	105.62336388809204
ENSG00000221497	57.965120379861006	112.66150328267456	34.18190211626405	54.467566473544636	124.94889922234537	57.948889892432625	70.69795370174865	72.41601842327523
ENSG00000236338	29.076354883101796	76.04651471580532	42.819264478975924	98.68477910889455	76.59349066066962	70.3519856237954	33.737897476973885	92.42044340208054
ENSG00000172319	201.0958221592589	325.31009072872274	427.82509745517575	374.4393960893493	224.79728102336287	519.506714649703	106.52077742729956	247.0546484882456
ENSG00000182722	6.565628521990728	3.0177188379287827	4.961889016877039	5.024683254017033	3.8758151900579807	2.8466121350668656	4.169852497154076	5.201150494489381
ENSG00000108664	21.197600656712922	5.029531396547971	14.701893383339373	4.019746603213626	4.429503074351977	0.40665887643812365	4.548929996895355	7.201592992369912
ENSG00000116526	38.26823481388882	68.20044573719049	60.82908387356666	70.54655288639916	93.57325244568553	122.60765124609429	55.534853712097465	101.02234614296682
ENSG00000160531	12.380899498611088	11.064969072405537	2.205284007500906	4.220733933374309	3.691252561959981	11.386448540267462	8.718782494049432	8.401858491098231
ENSG00000167479	52.525028175925826	32.79254470549277	24.074350415218223	41.00141535277899	52.969474264125736	74.6219038263957	71.4561087012312	33.20734546481682
ENSG00000158904	0.37517877268518446	0.4023625117238377	0.3675473345834844	0.40197466032136264	0.3691252561959982	0.20332943821906183	0.18953874987063982	0.6001327493641594
ENSG00000124369	102.04862617037017	48.68586391858436	116.32873139567279	71.95346419752391	143.95884991643928	142.94059506800048	69.75025995239545	192.84265679568318
ENSG00000105012	90.04290544444427	67.3957207137428	113.57212638629666	82.20381803571867	132.51596697436332	83.97505798447254	134.57251240815424	121.82694812092436
ENSG00000241664	41.082075609027704	40.43743242824569	21.317745405842093	26.932302241531296	40.6037781815598	22.97622651875399	26.724963731760212	24.205354224354426
ENSG00000167881	24.949388383564767	27.360650797220963	17.82604572729899	32.559947486030374	28.238082098993857	43.51249977887924	21.228339985511656	30.006637468207966
ENSG00000184290	803.0701629326375	714.9981833332596	582.378751647531	1074.6792543691631	641.1705700124487	1120.955192901688	378.69842224153837	997.2205851934448
ENSG00000132121	3.189019567824068	5.4318939082718085	1.8377366729174216	1.808885971446132	1.2919383966859934	3.8632593261621753	1.895387498706398	2.6005752472446906
ENSG00000150977	5.06491343124999	6.035437675857565	1.8377366729174216	2.009873301606813	3.506689933861982	3.0499415732859276	3.790774997412796	3.400752246396903
ENSG00000116570	2.8138407951388835	2.011812558619188	2.7566050093761323	3.0148099524102197	7.93619300821396	3.8632593261621753	3.601236247542156	5.401194744277435
ENSG00000154186	9.567058703472204	18.508675539296533	14.150572381464148	12.461214469962243	12.550258710663936	4.676577079038423	11.940941241850307	19.804380729017257
ENSG00000234601	3.5641983405092525	5.029531396547971	4.594341682293554	1.0049366508034066	6.090566727233969	5.896553708352793	3.601236247542156	5.80128324385354
ENSG00000116515	32.26537445092586	43.45515126617447	30.690202437720945	40.59944069245763	27.49983158660186	23.586214833411173	41.31944747179948	28.406283469903542
ENSG00000207859	17.63340231620367	6.840162699305241	11.393967372088014	8.039493206427252	12.919383966859934	6.9132008994481025	15.542177489392465	5.201150494489381
ENSG00000106287	2.6262514087962914	1.005906279309594	3.675473345834843	1.0049366508034066	2.0301889090779897	2.2366238204096804	3.790774997412796	1.6003539983044248
ENSG00000106417	0.9379469317129612	1.005906279309594	0.7350946691669688	0.602961990482044	2.3993141652739878	1.6266355057524946	1.3267712490944785	1.4003097485163718
ENSG00000248045	314.5874008965272	301.16834002529254	362.76921923389904	330.22218345399943	233.6562871720668	612.8349267922524	364.48301600124034	318.8705341621567
ENSG00000219291	36.20475156412031	13.680325398610481	21.13397173855035	19.897745685907452	37.83533876008981	28.66945078888772	35.82282372555092	20.60455772816947
ENSG00000163955	33.39091076898142	25.95238200618753	26.46340809001087	18.490834374782683	7.567067752017962	15.453037304648701	7.7710887446962325	11.202477988130974
ENSG00000108634	37.51787726851845	23.739388191706425	21.869066407717316	23.716504958960396	20.3018890907799	23.9928737098493	19.90156873641718	18.60411523028894
ENSG00000116924	34.51644708703697	17.703950515848856	27.566050093761326	31.95698549554833	27.13070633040586	26.43282696847804	23.881882483700615	19.40429222944115
ENSG00000220257	126.81042516759236	135.79734770679522	185.79517763195133	125.8180686805865	93.38868981758753	246.63860855972203	144.99714365103944	169.23743532069292
ENSG00000147049	51.024313085185085	69.80989578408584	111.91816338067098	110.54303158837473	121.44220928848338	65.26874966831885	67.09671745420648	61.81367318450841
ENSG00000114150	8.816701158101836	7.443706466890998	6.983399357086203	11.054303158837474	9.597256661095951	8.336506966981535	4.548929996895355	4.000884995761062
ENSG00000221889	2.8138407951388835	3.2189000937907015	7.902267693544912	4.421721263534989	6.275129355331968	3.8632593261621753	9.09785999379071	3.600796496184956
ENSG00000189634	5.627681590277767	2.212993814481107	3.124152343959617	2.2108606317674946	1.6610636528819915	5.083235955476547	3.790774997412796	4.200929245549116
ENSG00000234280	2.2510726361111066	2.414175070343026	2.7566050093761323	2.2108606317674946	2.768439421469986	2.4399532586287425	2.4640037483183175	0.8001769991522124
ENSG00000225800	380.2436861164345	637.141037314697	347.69977851597616	755.9133487343224	304.15921110550244	322.277159577213	420.77602471282034	414.89177406042216
ENSG00000112880	1.8758938634259223	8.248431490338673	3.4916996785431014	3.818759273052945	5.352316214841973	4.269918202600299	7.202472495084312	5.601238994065487
ENSG00000145980	0.5627681590277767	0.0	0.1837736672917422	0.40197466032136264	0.5536878842939972	0.6099883146571856	0.18953874987063982	0.4000884995761062
ENSG00000203227	4.689734658564806	3.0177188379287827	4.043020680418327	4.823695923856352	1.8456262809799906	1.8299649439715566	6.254778745731113	2.000442497880531
ENSG00000115453	2.8138407951388835	12.473237863438968	5.513210018752265	4.019746603213626	14.026759735447929	3.8632593261621753	2.653542498188957	5.401194744277435
ENSG00000122090	43.145558858796214	55.928389129613436	31.792844441471395	97.27786779776977	51.49297323934174	58.965537083527934	36.01236247542157	61.21354043514425
ENSG00000121362	8.44152238541665	5.834256419995646	12.312835708546725	5.024683254017033	6.828817239625965	7.7265186523243505	7.012933745213672	8.001769991522124
ENSG00000215862	75.59852269606468	63.37209559650443	89.68154963837017	71.95346419752391	62.382168297123684	100.24141304199749	112.7755561730307	65.81455818026947
ENSG00000130745	41.082075609027704	62.56737057305676	101.44306434504168	60.69817370852576	92.09675142090153	66.0820674211951	47.574226217530594	80.01769991522124
ENSG00000204225	441.39782606411956	389.6880926045368	335.20316914013773	299.8730965997365	324.46110019628236	395.47575733607533	355.57469475732023	522.1154919468187
ENSG00000205807	2179.9762586872644	2113.409092829457	1191.9560060542397	899.418302469049	1751.4993406500112	3169.0926240822982	2361.652823388172	2460.1441838934775
ENSG00000179927	6689.2499275904975	10018.021816900111	6764.157372007154	5982.990844223162	10835.30277037733	10855.352047639275	8828.904507724272	6329.200019044212
ENSG00000218253	405.56825327268444	544.7988408740762	384.4545119743246	588.490902710475	470.63470164989764	694.7766903945343	380.0251934906328	172.63818756708983
ENSG00000210523	3.5641983405092525	3.8224438613764575	2.0215103402091636	2.2108606317674946	4.244940446253978	3.8632593261621753	2.4640037483183175	1.6003539983044248
ENSG00000217735	39.95653929097215	12.07087535171513	14.701893383339373	20.09873301606813	40.7883408096578	14.639719551772453	27.29357998137213	12.602787736647347
ENSG00000131175	34.70403647337957	41.44333870755528	47.22983249397774	53.06065516241987	69.02642290865165	33.956016182583326	32.41112622787941	54.6120801921385
ENSG00000222756	1154.4250835523126	1965.1385072592234	1404.765912778077	1559.6616820468873	1985.340190450176	2185.181472540258	1071.0834755189856	2310.3110408022258
ENSG00000138802	125.12212069050902	129.56072877507575	68.73135156711157	96.67490580728771	100.77119494150749	63.64211416256636	72.21426370071377	199.24407278890092
ENSG00000174521	1068.696733993748	246.44703843085057	529.6357091348009	481.76663039515313	595.768163500341	322.4804890154321	509.29062090240916	301.266640180808
ENSG00000228475	10.880184407870349	14.887412933781995	16.907177390840282	16.68194840333655	19.9327638345839	21.75624988943962	10.045553743143909	23.20513297541416
ENSG00000243374	77.84959533217578	74.43706466890998	109.34533203858659	146.72075101729737	105.20069801585946	192.75630743167062	62.54778745731113	82.81831941225398
ENSG00000120638	66.78182153796284	100.18826541923558	121.29062041254983	159.78492747774166	129.93209018099134	64.65876135366166	108.60570367587661	115.42553212770665
ENSG00000234707	7.878754226388875	17.703950515848856	15.2532143852146	10.250353838194748	11.258320313977942	15.65636674286776	13.457251240815426	9.802168239614602
ENSG00000185842	168.08009016296265	153.09893571092024	142.42459215110017	104.71439901371497	118.3046446108174	234.23551282835925	157.88577864224297	109.224160384277
ENSG00000173236	160.76410409560157	114.47213458543183	252.32124519156199	106.32229765500043	274.0755027255286	289.9477789003822	235.21758858946401	181.04004605818807
ENSG00000100667	29.639123042129572	20.319306842053802	16.907177390840282	28.74118821297743	29.89914575187585	12.19976629314371	24.450498733312532	14.203141734951771
ENSG00000215825	241.4275402229162	321.28646561148435	285.0329579694921	361.7771942892264	406.4069070717939	172.6266930479835	270.0927185656617	218.24827651876595
ENSG00000156352	797.6300707287022	893.8483197945054	699.6263513796624	620.045913545702	695.6165453013584	688.8801366861816	1008.5356880616744	1409.9118725061983
ENSG00000244508	29.45153365578698	28.16537582066864	22.2366137423008	35.77574476860128	19.194513322191902	52.66232449873702	32.03204872813813	42.009292455491156
ENSG00000103273	19.884474952314775	18.911038051020373	49.067569166895154	44.61918729567125	16.05694864452592	32.93936899148802	19.90156873641718	26.40584097202301
ENSG00000199554	15.569919066435157	21.12403186550148	8.269815028128399	17.284910393818596	14.580447619741927	18.096320001496505	6.065239995860474	10.80238948855487
ENSG00000244618	11.255363180555534	7.242525211029078	5.513210018752265	12.260227139801563	9.228131404899953	6.70987146122904	6.254778745731113	19.004203729865047
ENSG00000181786	83.66486630879615	40.43743242824569	40.24643313689153	31.555010835226966	65.33517034669167	35.58265168833582	91.73675493738966	49.610973947437174
ENSG00000186314	12.943667657638864	15.28977544550583	9.188683364587108	12.059239809640879	15.134135504035925	9.963142472734031	14.404944990168625	10.602345238766816
ENSG00000102369	9.19187993078702	13.076781631024726	13.415477712297177	11.657265149319517	21.77839011556389	15.046378428210577	10.99324749249711	11.60256648770708
ENSG00000150546	6.378039135648136	6.035437675857565	4.961889016877039	10.65232849851611	11.258320313977942	7.1165303376671645	2.4640037483183175	4.601017745125222
ENSG00000131873	1.5007150907407378	0.8047250234476754	0.9188683364587108	0.8039493206427253	0.3691252561959982	0.8133177528762473	3.2221587478008766	1.0002212489402655
ENSG00000236348	3.9393771131944373	9.455519025510187	6.064531020627491	9.245417187391341	5.352316214841973	5.48989483191467	4.928007496636635	3.2007079966088496
ENSG00000100137	16.8830447708333	48.88704517444628	43.73813281543463	56.075465114830095	42.81852971873578	63.43878472434729	32.41112622787941	70.01548742581859
ENSG00000167266	1.5007150907407378	2.212993814481107	2.0215103402091636	3.0148099524102197	2.0301889090779897	2.033294382190619	2.4640037483183175	1.6003539983044248
ENSG00000121876	4.8773240449073985	10.059062793095942	4.961889016877039	10.049366508034066	6.828817239625965	9.963142472734031	7.960627494566872	12.20269923707124
ENSG00000202152	567.6454830726841	1130.23629543226	576.4979942941952	663.6601641905697	338.48785993173027	819.4176360228192	1157.7026842098678	688.7523520202669
ENSG00000165538	207.8490400675922	244.2340446163695	145.73251816235154	194.15376093521817	233.6562871720668	306.82412227256435	254.55054107626927	216.04778977109737
ENSG00000137201	10.12982686249998	6.236618931719484	5.145662684168781	3.617771942892264	12.181133454467938	8.133177528762475	7.012933745213672	6.401415993217699
ENSG00000233649	81.41379367268503	59.14728922340414	56.60228952585659	136.6713845092633	124.94889922234537	217.9691577708343	46.24745496843612	64.014159932177
ENSG00000214061	10.505005635185166	9.455519025510187	7.167173024377944	7.838505876266572	8.489880892507957	10.166471910953094	10.045553743143909	5.201150494489381
ENSG00000217829	498.42499951226756	1084.5681503516043	699.0750303777871	839.9260527414872	365.61856626213614	1043.2833475020063	473.4677971768582	402.48903057356284
ENSG00000183085	13.881614589351825	10.662606560681699	9.188683364587108	8.039493206427252	10.704632429683945	7.1165303376671645	9.09785999379071	8.201814241310178
ENSG00000158498	30.389480587499943	32.79254470549277	46.49473782481077	50.849794530652375	28.422644727091857	29.279439103544906	32.97974247749132	34.20756671375708
ENSG00000195376	662.002944403008	204.60133721157146	517.5066470935459	666.67497414298	419.8799789229479	325.7337600269371	380.972887239986	804.5779726475496
ENSG00000123271	5.627681590277767	5.834256419995646	6.064531020627491	2.8138226222495386	1.8456262809799906	8.946495281638722	4.359391247024716	10.202256739190709
ENSG00000178275	388.1224403428234	366.95461069213997	467.15266225560856	422.4753679977522	169.42849259396314	250.09520900944608	354.05838475835515	439.4972167843527
ENSG00000164796	6.753217908333321	4.023625117238376	9.556230699170593	5.426657914338396	11.073757685879944	6.506542023009978	10.803708742626469	6.801504492793806
ENSG00000100651	51.58708124421287	53.514214059270415	34.733223118139264	46.83004792743875	30.26827100807185	56.11892494846107	46.62653246817739	47.41048719976859
ENSG00000235556	11.255363180555534	15.49095670136775	17.642272060007247	16.882935733497234	9.412694032997953	17.892990563277444	11.182786242367749	27.206017971175225
ENSG00000204281	23.823852065509215	21.727575633087234	27.74982376105307	20.299720346228813	31.375646776659842	26.636156406697104	28.05173498085469	21.004646227745578
ENSG00000240838	57.965120379861006	61.76264554960908	38.22492279668237	42.60931399406444	13.65763447925193	49.00239461079391	53.63946621339107	41.40915970612699
ENSG00000120266	6.9408072946759125	12.875600375162806	33.63058111438882	20.701695006550178	23.80857902464188	21.95957932765868	28.05173498085469	22.40495597626195
ENSG00000229751	5.06491343124999	6.437800187581403	4.2267943477100705	4.220733933374309	4.7986283305479756	2.4399532586287425	5.307084996377914	5.001106244701328
ENSG00000222761	208.78698699930519	184.88557413710342	200.12952368070722	175.26095190011412	175.51905932119712	305.40081620503094	188.97013362102788	202.2447365357217
ENSG00000227997	107.11353960162018	133.5843538923141	62.11549954460885	221.4880378370708	111.66038999928944	182.79316495893661	163.95101863810342	84.41867341055841
ENSG00000147265	396.56396272824	191.32337432468483	289.44352598449393	413.02896348020016	495.36609381502944	327.5637249709086	476.1213396750472	371.48217185641465
ENSG00000164465	456.9677451305547	301.36952128115445	341.451473828057	359.3653463272982	669.7777773676386	670.580487246466	314.63432478526204	788.9745211640815
ENSG00000129486	1.8758938634259223	1.005906279309594	4.2267943477100705	0.8039493206427253	0.5536878842939972	0.8133177528762473	2.2744649984476775	2.6005752472446906
ENSG00000219405	212.35118533981444	512.0062961685834	384.63828564161633	351.72782778119233	306.92765052697246	310.6873815987265	326.00664977750046	298.2659764339872
ENSG00000241463	431.26799920161955	393.5105364659133	114.85854205733885	412.2250141595574	328.3369153863403	337.73019688186173	494.8856759122405	557.723368409092
ENSG00000163733	10.505005635185166	14.08268791033432	8.637362362711881	12.863189130283605	13.103946594957934	10.573130787391216	8.718782494049432	8.601902740886283
ENSG00000147689	294.3277471715272	153.50129822264407	245.15407216718404	158.77999082693825	323.72284968389033	285.27120182134377	263.2693235703187	196.44345329186817
ENSG00000103468	650.935170608795	599.3189612126562	365.7095979105669	311.3293744188954	532.2786194346293	480.8741213880813	463.04316593397306	596.7319971177625
ENSG00000222668	7.691164840046282	11.668512839991292	10.291325368337562	8.039493206427252	4.244940446253978	9.556483596295907	7.3920112449549515	3.600796496184956
ENSG00000157700	1.3131257043981457	1.6094500468953508	0.9188683364587108	0.20098733016068132	1.4765010247839927	1.2199766293143712	1.705848748835758	0.6001327493641594
ENSG00000117315	17.63340231620367	13.277962886886643	15.988309054381567	10.049366508034066	10.335507173487947	12.19976629314371	18.76433623719334	10.80238948855487
ENSG00000235761	6586.8261226474415	7554.154976359191	6876.994403724284	8387.000300275071	7220.274573821821	8536.379804750874	2369.6134508827386	8919.7730537995
ENSG00000188642	54.21333265300916	36.41380731100731	47.59737982856122	43.81523797502853	35.80514985101182	52.45899506051796	95.90660743454374	52.41159344446992
ENSG00000246703	4.689734658564806	2.615356326204945	2.0215103402091636	3.4167846127315826	2.583876793371987	2.643282696847804	4.169852497154076	0.8001769991522124
ENSG00000192102	12.943667657638864	17.50276925998694	21.685292740425577	10.65232849851611	23.254891140347883	9.353154158076846	12.699096241332867	15.403407233680092
ENSG00000152867	2.0634832497685145	2.414175070343026	3.3079260112513587	4.823695923856352	5.721441471037971	3.253271011504989	4.738468746765995	2.000442497880531
ENSG00000206945	15.945097839120342	18.106313027572696	9.923778033754077	16.279973743015187	10.704632429683945	14.233060675334329	10.045553743143909	7.601681491946018
ENSG00000201190	36.392340950462895	37.017351078593066	24.993218751676935	37.182656079726044	31.56020940475784	30.906074609297402	15.163099989651185	32.407168465664604
ENSG00000249795	0.0	0.0	0.3675473345834844	0.40197466032136264	0.0	0.0	0.18953874987063982	0.0
ENSG00000181496	85.91593894490725	92.9457402082065	69.2826725689868	71.75247686736324	34.88233671052183	91.49824719857783	44.162528719859075	51.211327945741594
ENSG00000133587	553.5762790969898	407.7944056321095	552.2398702116852	364.18904225115455	705.9520524748465	329.3936899148802	477.258572174271	530.917438937493
ENSG00000160521	7.128396681018505	14.887412933781995	19.112461398341186	22.91255563831767	18.640825437897906	28.872780227106784	15.352638739521824	13.803053235375664
ENSG00000124042	8.44152238541665	14.283869166196236	7.167173024377944	13.466151120765648	17.71801229740791	15.453037304648701	16.679409988616303	10.602345238766816
ENSG00000205546	187.96456511527742	297.9494399315018	135.44119279401397	241.98874551346032	200.435014114427	232.60887732260676	193.3295248680526	220.04867476685845
ENSG00000111205	4.314555885879622	2.414175070343026	6.432078355210976	1.6078986412854506	2.9530020495679854	1.6266355057524946	6.254778745731113	2.8006194970327436
ENSG00000228470	1.6883044770833302	3.2189000937907015	1.2864156710421952	2.411847961928176	2.3993141652739878	1.4233060675334328	1.705848748835758	2.4005309974566376
ENSG00000143449	4.8773240449073985	1.8106313027572696	1.6539630056256793	2.009873301606813	2.9530020495679854	1.6266355057524946	2.084926248577038	1.2002654987283188
ENSG00000245952	10.692595021527758	17.1004067482631	22.420387409592543	8.843442527069978	26.946143702307864	12.809754607800897	24.260959983441897	28.406283469903542
ENSG00000225868	99.98514292060166	33.59726972894045	55.31587385481439	73.76235016897004	24.915954793229872	78.89182202899599	52.69177246403787	67.01482367899779
ENSG00000100093	35.07921524606475	20.118125586191884	19.296235065632928	18.289847044622	19.379075950289902	19.722955507248997	19.332952486805258	37.00818621078982
ENSG00000105836	70.34601987847209	102.60244048957861	93.17324931691327	98.0818171184125	73.64048861110163	94.54818877186376	80.9330461947632	60.813451935568146
ENSG00000146740	213.10154288518478	136.8032539861048	65.42342555586022	192.54586229393271	150.60310452796725	273.68142384285727	105.00446742833445	170.03761231984515
ENSG00000116925	61.529318720370256	74.23588341304804	28.117371095636553	58.68830040691895	123.10327294136536	47.9857474196986	44.92068371934163	68.41513342751416
ENSG00000144656	9.379469317129612	5.834256419995646	5.145662684168781	3.617771942892264	3.506689933861982	8.743165843419659	5.117546246507274	4.801061994913275
ENSG00000200181	19.509296179629594	12.674419119300888	29.220013099387003	17.485897723979278	24.731392165131876	12.19976629314371	26.91450248163085	24.40539847414248
ENSG00000104620	442.14818360948993	250.47066354808896	283.1952212965747	521.1601471066466	203.94170404828898	120.16769798746556	474.2259521763408	408.2903138174164
ENSG00000168351	4.502145272222213	4.023625117238376	4.043020680418327	3.617771942892264	9.412694032997953	2.643282696847804	8.52924374417879	3.000663746820797
ENSG00000145421	14.631972134722194	13.277962886886643	13.231704045005435	13.064176460444287	23.254891140347883	11.793107416705586	13.646789990686065	19.004203729865047
ENSG00000183120	10.692595021527758	20.92285060963956	13.231704045005435	9.848379177873385	2.0301889090779897	12.606425169581835	11.372324992238388	13.603008985587612
ENSG00000172320	16.69545538449071	19.91694433032997	14.334346048755888	22.71156830815699	8.305318264409959	20.94293213656337	27.104041231501494	13.803053235375664
ENSG00000134504	2.4386620224536992	1.8106313027572696	1.6539630056256793	2.411847961928176	1.2919383966859934	2.033294382190619	1.895387498706398	2.8006194970327436
ENSG00000187219	1.8758938634259223	2.816537582066864	2.0215103402091636	4.220733933374309	1.4765010247839927	1.6266355057524946	2.2744649984476775	2.8006194970327436
ENSG00000235270	4171.987952259252	5860.611164513558	7977.614897134527	5796.47460183405	6928.481058798885	2668.9022060634056	6891.060329046852	4029.6913677305424
ENSG00000209707	90.60567360347206	355.28609785214866	203.62122335925034	167.42244602384756	281.6425704775466	225.28901754672052	147.46114739935777	248.65500248655
ENSG00000136934	4.8773240449073985	6.840162699305241	7.902267693544912	4.622708593695671	6.275129355331968	8.133177528762475	7.202472495084312	9.001991240462392
ENSG00000112679	21.197600656712922	24.14175070343026	25.728313420843904	26.731314911370617	26.577018446111865	10.97978966382934	22.744649984476776	22.805044475838056
ENSG00000104771	88.91736912638872	133.5843538923141	61.19663120815014	80.39493206427252	78.6236795697476	114.67780315555088	78.46904244644487	77.6171689177646
ENSG00000100287	12.943667657638864	16.698044236539264	10.658872702921046	12.260227139801563	19.379075950289902	18.096320001496505	17.248026238228224	15.203362983892037
ENSG00000223740	228.48387256527735	90.7327463937254	271.4337065899032	61.10014836884712	242.88441857696677	112.03452045870307	237.49205358791167	120.22659412261993
ENSG00000106678	9.567058703472204	2.212993814481107	7.902267693544912	5.426657914338396	2.0301889090779897	7.3198597758862265	13.078173741074146	7.001548742581859
ENSG00000221439	15.75750845277775	10.059062793095942	8.086041360836655	9.848379177873385	9.96638191729195	13.826401798896205	12.888634991203507	14.003097485163718
ENSG00000162775	34.70403647337957	12.473237863438968	19.112461398341186	35.5747574384406	25.285080049425872	29.686097979983032	17.437564988098863	18.204026730712833
ENSG00000166740	11.442952566898127	10.863787816543617	4.778115349585296	12.260227139801563	10.889195057781945	11.183119102048401	14.973561239780544	14.403185984739824
ENSG00000171241	0.18758938634259223	0.0	0.1837736672917422	0.0	0.5536878842939972	0.0	0.37907749974127963	0.2000442497880531
ENSG00000215490	35.45439401874994	43.45515126617447	26.64718175730261	22.108606317674948	23.80857902464188	31.109404047516463	28.62035123046661	33.20734546481682
ENSG00000236571	134.50159000763864	62.76855182891868	61.74795221002537	58.48731307675827	70.68748656153365	65.0654202300998	82.44935619372832	54.41203594235045
ENSG00000180141	85.35317078587947	56.53193289719919	59.910215537107945	72.35543885784529	35.98971247910982	81.33177528762475	94.39029743557862	69.61539892624248
ENSG00000119126	4.8773240449073985	2.615356326204945	8.821136030003624	3.617771942892264	3.322127305763983	3.6599298879431132	3.790774997412796	3.2007079966088496
ENSG00000216581	69.59566233310173	53.916576570994245	67.62870956336113	33.3638968066731	53.15403689222373	32.5327101150499	25.777269982407013	68.41513342751416
ENSG00000123976	35.641983405092525	41.04097619583145	53.66191084918871	68.13470492447098	47.248032793087766	41.88586427312674	40.94036997205819	57.41269968917125
ENSG00000217990	0.9379469317129612	1.005906279309594	0.9188683364587108	1.6078986412854506	0.7382505123919963	1.0166471910953094	0.7581549994825593	0.6001327493641594
ENSG00000222409	0.5627681590277767	0.20118125586191885	0.0	0.0	0.1845626280979991	0.6099883146571856	0.37907749974127963	0.4000884995761062
ENSG00000175226	104.1121094201387	69.00517076063817	65.42342555586022	68.73766691495302	72.90223809870963	42.49585258778393	121.49433866708011	49.610973947437174
ENSG00000145756	4.689734658564806	6.035437675857565	1.8377366729174216	5.225670584177715	4.244940446253978	6.506542023009978	6.633856245472393	3.800840745973009
ENSG00000144270	207.473861294907	154.30602324609177	152.532143852146	200.58535550035998	228.48853358532284	198.44953170180437	234.6489723398521	174.63863006497039
ENSG00000112542	1354.0201906208308	2648.3500521663	1362.1304219663928	2443.000998103081	1417.9946716769268	1581.089711591425	2578.1060757404425	3459.5652558345905
ENSG00000201537	5.81527097662036	8.650794002062511	7.167173024377944	12.662201800122924	8.120755636311959	7.1165303376671645	9.85601499327327	9.001991240462392
ENSG00000159168	9.19187993078702	7.242525211029078	8.269815028128399	4.622708593695671	9.781819289193951	8.336506966981535	6.444317495601753	7.401637242157966
ENSG00000180150	11.067773794212941	27.159469541359044	24.62567141709345	23.91749228912108	20.1173264626819	32.12605123861177	29.947122479561088	22.40495597626195
ENSG00000135838	66.03146399259246	88.5197525792443	75.71475092419777	76.3751854610589	112.95232839597543	76.65519820858633	62.92686495705242	177.63929381179116
ENSG00000208700	2.4386620224536992	2.414175070343026	1.2864156710421952	5.627645244499077	4.6140657024499765	5.48989483191467	2.653542498188957	3.600796496184956
ENSG00000135288	284.19792030902727	353.6766478052533	523.20363077959	305.902716504557	285.3338230395065	250.29853844766512	356.90146600641475	190.04203729865046
ENSG00000176984	229.4218194969903	151.6906669198868	82.3306029467005	201.188317490842	295.3002049567985	320.44719463324145	233.13266234088695	219.44854201749428
ENSG00000220672	85.35317078587947	127.95127872818038	71.67173024377944	112.75389222014223	78.0699916854536	65.0654202300998	123.01064866604523	78.61739016670488
ENSG00000156988	12.193310112268495	12.875600375162806	11.577741039379756	11.054303158837474	14.395884991643927	7.7265186523243505	7.960627494566872	6.001327493641594
ENSG00000194984	206.53591436319405	133.78553514817602	233.39255746051256	103.70946236291157	244.73004485794675	170.18673978935476	136.27836115699	182.6404000564925
ENSG00000117432	130.9373916671294	155.31192952540135	120.7392994106746	202.99720346228816	264.2936834363347	293.60770878832534	168.31040988512814	227.8504005085925
ENSG00000150057	4.314555885879622	2.414175070343026	2.5728313420843905	4.421721263534989	1.4765010247839927	4.269918202600299	2.653542498188957	2.8006194970327436
ENSG00000150156	3212.28065173055	2239.3485589990187	1039.4238622020937	1637.0418041587495	2003.611890631878	1424.3227147245282	2280.9093159432796	3957.275349307267
ENSG00000186572	20.822421884027737	16.295681724815427	19.112461398341186	17.083923063657913	15.87238601642792	12.19976629314371	14.025867490427345	14.403185984739824
ENSG00000103252	34.70403647337957	46.070507592379414	54.58077918564742	59.49224972756168	59.0600409913597	93.12488270433032	57.99885746041578	39.80880570782257
ENSG00000246909	7.315986067361097	15.088594189643912	6.248304687919234	10.65232849851611	8.120755636311959	13.41974292245808	9.666476243402629	10.002212489402655
ENSG00000200103	44.45868456319436	41.44333870755528	65.7909728904437	80.99789405475457	72.16398758631763	78.68849259077695	43.025296220635234	56.21243419044293
ENSG00000160165	227.5459256335644	270.99115164600465	386.47602231453374	386.69962322915086	188.43844328805704	342.4067739609002	221.3812598489073	209.6463737778797
ENSG00000170953	12.193310112268495	3.4200813496526203	9.923778033754077	8.240480536587933	4.7986283305479756	3.6599298879431132	4.738468746765995	5.201150494489381
ENSG00000178620	0.37517877268518446	0.4023625117238377	2.0215103402091636	1.808885971446132	1.8456262809799906	0.6099883146571856	1.895387498706398	1.6003539983044248
ENSG00000142224	10.692595021527758	12.473237863438968	13.415477712297177	11.054303158837474	12.734821338761934	18.70630831615369	4.548929996895355	9.802168239614602
ENSG00000166678	3.0014301814814757	1.408268791033432	0.9188683364587108	0.8039493206427253	1.8456262809799906	2.8466121350668656	2.653542498188957	0.8001769991522124
ENSG00000147905	6.753217908333321	5.23071265240989	4.410568015001812	7.235543885784528	9.228131404899953	3.6599298879431132	11.940941241850307	5.001106244701328
ENSG00000186749	17.820991702546262	15.088594189643912	23.890576747926485	21.505644327192904	14.580447619741927	24.19620314806836	20.28064623615846	24.205354224354426
ENSG00000147103	17.070634157175892	26.354744517911367	22.420387409592543	45.42313661631398	22.885765884151883	26.636156406697104	24.260959983441897	22.805044475838056
ENSG00000173946	534.8173404627305	261.33445136463257	708.8150347442496	266.9111744533848	763.9047176976181	458.3045537457654	978.0199493325014	630.9395638315195
ENSG00000175279	7.315986067361097	2.615356326204945	4.778115349585296	3.617771942892264	3.322127305763983	1.8299649439715566	7.202472495084312	5.401194744277435
ENSG00000188569	75.97370146874985	49.89295145375587	46.862285159394254	35.97673209876196	66.81167137147565	55.71226607202295	39.992676222705	60.613407685780096
ENSG00000198606	15.945097839120342	12.473237863438968	22.05284007500906	12.260227139801563	14.580447619741927	6.099883146571855	19.5224912366759	16.203584232832302
ENSG00000216335	280.633721968518	425.0959936362345	235.4140678007217	257.0627952755114	512.3458556000454	396.89906340360875	340.0325172679278	392.0867295845841
ENSG00000245692	6903.477006793737	3603.5586549986906	2656.264587034841	5078.949833160417	5596.308009187528	4199.159558100066	4777.5137292393465	4659.830754562909
ENSG00000233097	27.012871633333283	54.52012033858001	48.332474497728185	58.085338416436905	52.23122375173374	39.852569890936124	59.5151674593809	51.6114164453177
ENSG00000242705	357.920549141666	1183.9516907473924	1420.0191271632916	729.784995813434	360.08168741919616	388.7658858748463	1224.2307854144624	1035.429036902963
ENSG00000125728	13.694025203009232	12.07087535171513	9.004909697295366	9.848379177873385	8.305318264409959	17.079672810401195	7.3920112449549515	19.604336479229204
ENSG00000136583	0.7503575453703689	1.207087535171513	0.9188683364587108	1.205923980964088	0.9228131404899953	0.6099883146571856	1.1372324992238387	1.0002212489402655
ENSG00000132106	1.5007150907407378	5.4318939082718085	2.389057674792648	2.8138226222495386	1.2919383966859934	1.8299649439715566	2.843081248059597	3.600796496184956
ENSG00000169878	1.8758938634259223	1.207087535171513	1.6539630056256793	0.8039493206427253	2.0301889090779897	1.8299649439715566	1.705848748835758	0.2000442497880531
ENSG00000144191	6.9408072946759125	2.816537582066864	2.7566050093761323	5.627645244499077	2.2147515371759887	2.643282696847804	3.411697497671516	10.402300988978762
ENSG00000164801	13.318846430324049	14.08268791033432	11.02642003750453	14.069113111247693	14.395884991643927	8.946495281638722	15.731716239263106	19.604336479229204
ENSG00000155794	543.8216310071749	491.28462681480585	290.36239432095266	229.5275310434981	187.14650489137105	269.8181645166951	184.61074237400317	226.85017925965224
ENSG00000207115	103.36175187476833	124.53119737852776	108.79401103671137	60.095211718043714	93.38868981758753	176.4899523741457	153.71592614508887	101.42243464254294
ENSG00000152608	92.48156746689797	84.89848997372975	99.60532767212425	100.69465241050135	74.56330175159162	92.51489438967313	71.83518620097247	84.61871766034646
ENSG00000182359	9.19187993078702	15.49095670136775	16.907177390840282	11.657265149319517	9.412694032997953	11.589777978486525	16.48987123874566	14.403185984739824
ENSG00000159479	5.06491343124999	10.863787816543617	5.88075735333575	4.622708593695671	4.060377818155979	4.676577079038423	5.117546246507274	6.201371743429647
ENSG00000101311	14.25679336203701	43.857513777898305	27.74982376105307	29.74612486378084	42.63396709063779	44.52914696997455	31.08435497878493	35.60787646227346
ENSG00000160282	36.76751972314808	36.21262605514539	45.02454848647683	44.01622530518921	21.224702231269895	58.965537083527934	30.32619997930237	28.606327719691595
ENSG00000113427	51.58708124421287	40.43743242824569	37.30605446022366	45.02116195599262	61.459355156633684	58.15221933065169	55.534853712097465	46.21022170104027
ENSG00000116268	42.207611927083256	56.733114153061116	36.75473345834843	69.34062890543507	50.385597470753744	68.11536180338572	45.86837746869483	60.01327493641593
ENSG00000232757	31.327427519212904	27.7630133089448	22.05284007500906	25.123416270085166	28.976332611385853	11.386448540267462	25.019114982924453	23.805265724778323
ENSG00000110217	0.18758938634259223	1.005906279309594	0.3675473345834844	0.40197466032136264	0.1845626280979991	1.0166471910953094	0.5686162496119194	0.6001327493641594
ENSG00000229486	2.2510726361111066	2.816537582066864	4.594341682293554	0.8039493206427253	2.3993141652739878	3.8632593261621753	5.875701245989834	5.201150494489381
ENSG00000202606	4.314555885879622	8.851975257924428	4.410568015001812	3.617771942892264	3.8758151900579807	7.1165303376671645	5.117546246507274	3.600796496184956
ENSG00000110239	397.1267308872678	614.0051928905763	659.5636919100626	1136.9853267189742	1034.8426557454807	603.4817726341756	680.8231895353382	407.29009256847615
ENSG00000194923	5.81527097662036	29.37246335584015	9.004909697295366	6.833569225463165	11.812008198271942	11.589777978486525	13.078173741074146	19.004203729865047
ENSG00000236724	177.08438070740706	75.44297094821957	269.5959699169858	69.34062890543507	191.02232008142903	124.43761619006585	193.13998611818195	65.61451393048142
ENSG00000178183	605.913717886573	489.07163300032465	723.3331544602971	598.9422438788304	693.5863563922804	634.1845178052539	828.6634144344372	510.1128369595355
ENSG00000117132	36.95510910949067	58.946107967542225	50.905305839812584	72.35543885784529	46.50978228069577	51.84900674586077	88.32505743971815	66.81477942920975
ENSG00000115455	9.942237476157388	11.869694095853212	10.475099035629304	11.255290488998154	11.812008198271942	23.789544271630234	16.48987123874566	16.203584232832302
ENSG00000219332	12.943667657638864	20.118125586191884	20.582650736675124	11.657265149319517	13.84219710734993	14.233060675334329	8.150166244437512	20.60455772816947
ENSG00000154011	2.4386620224536992	4.828350140686052	5.145662684168781	3.617771942892264	3.137564677665984	2.033294382190619	3.601236247542156	2.8006194970327436
ENSG00000170908	62.279676265740626	63.57327685236636	30.690202437720945	81.19888138491525	86.19074732176556	77.67184539968163	41.50898622167011	48.41070844870885
ENSG00000184696	122.12069050902757	425.29717489209645	202.33480768820812	194.35474826537884	283.67275938662453	376.3627901434835	260.8053198220004	311.8689854195748
ENSG00000184286	75.41093330972208	104.81543430405972	91.33551264399587	62.10508501965053	112.02951525548544	104.5113312445978	51.36500121494339	62.21376168408452
ENSG00000130108	160.0137465502312	90.33038388200156	184.50876196090914	117.17561348367722	177.73381085837312	131.55414652773302	186.6956686225802	58.212876688323455
ENSG00000157298	111.2405061011572	101.59653421026901	70.75286190732074	134.6615112076565	70.13379867723965	187.67307147619408	36.770517474904125	61.61362893472037
ENSG00000198489	1771.7817540057838	844.7600933641971	1344.1206025718022	1673.6214982479933	1968.175866037062	1485.1182167520276	2867.72128554278	1810.8005490814567
ENSG00000243887	7.315986067361097	5.23071265240989	4.2267943477100705	3.818759273052945	7.013379867723964	13.826401798896205	9.666476243402629	5.601238994065487
ENSG00000155906	30.014301814814758	24.544113215154102	12.68038304313021	59.894224387883035	57.95266522277171	40.665887643812376	52.8813112139085	33.80747821418098
ENSG00000140793	92.29397808055538	144.85050422058157	210.0533017144613	165.01059806191938	95.23431609856752	113.25449708801744	63.305942456793694	54.81212444192656
ENSG00000189333	338.7864317347216	542.1834845478712	186.89781963570178	446.59384761703393	291.4243897667405	288.72780227106784	244.8840648328666	457.1011107657014
ENSG00000229403	0.18758938634259223	0.20118125586191885	0.1837736672917422	0.602961990482044	0.1845626280979991	0.40665887643812365	0.18953874987063982	0.2000442497880531
ENSG00000134191	6.565628521990728	11.467331584129374	14.334346048755888	9.245417187391341	6.828817239625965	7.7265186523243505	7.012933745213672	15.403407233680092
ENSG00000157138	15.569919066435157	18.106313027572696	11.02642003750453	17.485897723979278	13.103946594957934	23.382885395192115	8.718782494049432	27.00597372138717
ENSG00000159815	5.627681590277767	5.4318939082718085	7.167173024377944	4.823695923856352	4.7986283305479756	6.099883146571855	1.3267712490944785	4.000884995761062
ENSG00000154041	91.54362053518501	165.97453608608305	123.49590442005073	133.85756188701376	223.87446788287286	162.25689169881136	168.8790261347401	155.63442633510533
ENSG00000119446	36.76751972314808	54.31893908271809	60.645310206274914	34.77080811779787	26.946143702307864	46.96910022860329	32.41112622787941	52.61163769425797
ENSG00000248387	16.13268722546293	13.277962886886643	10.842646370212789	12.461214469962243	8.120755636311959	15.453037304648701	11.182786242367749	21.004646227745578
ENSG00000113489	0.37517877268518446	1.8106313027572696	0.9188683364587108	2.009873301606813	0.3691252561959982	1.2199766293143712	0.37907749974127963	1.6003539983044248
ENSG00000124940	2.4386620224536992	1.8106313027572696	1.102642003750453	2.009873301606813	0.9228131404899953	1.8299649439715566	1.3267712490944785	2.200486747668584
ENSG00000155383	2.6262514087962914	5.4318939082718085	1.8377366729174216	3.215797282570901	5.906004099135971	5.083235955476547	2.084926248577038	4.200929245549116
ENSG00000239680	102.04862617037017	80.47250234476753	84.16833961961791	94.26305784535954	100.5866323134095	53.67897168983232	48.14284246714251	39.20867295845841
ENSG00000153888	4.314555885879622	2.212993814481107	2.205284007500906	2.411847961928176	2.2147515371759887	2.033294382190619	2.843081248059597	0.6001327493641594
ENSG00000141798	0.0	0.20118125586191885	1.102642003750453	0.40197466032136264	1.2919383966859934	0.6099883146571856	0.18953874987063982	0.4000884995761062
ENSG00000222374	1.1255363180555533	2.212993814481107	2.389057674792648	1.808885971446132	2.0301889090779897	3.8632593261621753	0.5686162496119194	0.6001327493641594
ENSG00000248591	8.629111771759243	9.656700281372103	6.615852022502717	9.446404517552022	7.197942495821963	3.6599298879431132	6.823394995343032	11.60256648770708
ENSG00000124554	847.5288474958318	720.8324397532552	924.1977728101714	633.1100900061462	409.17534649326393	1099.6056018886866	618.275402078027	809.779123142039
ENSG00000211036	2824.7209795467543	3376.626198386446	5052.856982186451	2813.0186729288957	6048.855573283821	3853.4995131276605	5031.116576566263	3354.9421131954387
ENSG00000187178	5.06491343124999	3.621262605514539	10.10755170104582	13.265163790604968	14.580447619741927	8.133177528762475	21.228339985511656	9.001991240462392
ENSG00000138203	484.918563695601	191.9269180922706	504.8262640504158	157.3730795158135	383.70570381574004	225.49234698493962	340.6011335175397	108.8240718847009
ENSG00000184396	342.725808847916	604.5496738650661	386.47602231453374	451.01556888056894	501.64122317036146	796.6447389422843	350.2676097609423	502.7111997173775
ENSG00000137250	278.9454174914347	374.8006796707548	308.9235347174186	354.9436250637632	559.0402005088391	312.92400541913617	320.88910353099317	469.7038985023487
ENSG00000174347	86.85388587662021	9.455519025510187	55.49964752210614	23.113542968478352	34.14408619812983	21.349591013001493	43.214834970505876	23.60522147499027
ENSG00000232008	4.126966499537029	3.4200813496526203	5.329436351460523	1.0049366508034066	4.060377818155979	2.033294382190619	1.705848748835758	2.000442497880531
ENSG00000232454	10.317416248842573	8.449612746200591	11.393967372088014	10.65232849851611	9.781819289193951	6.70987146122904	13.646789990686065	13.603008985587612
ENSG00000172716	1.3131257043981457	0.6035437675857565	0.7350946691669688	0.602961990482044	1.8456262809799906	1.2199766293143712	0.947693749353199	1.2002654987283188
ENSG00000166568	50.461544926157316	38.62680112548841	34.549449450847526	57.884351086276226	83.60687052839357	50.019041801889216	44.92068371934163	40.608982706974786
ENSG00000200090	189.84045897870337	226.3289128446587	84.71966062149313	135.46546052829922	171.64324413113914	95.36150652474001	108.03708742626468	179.83978055945977
ENSG00000148841	0.5627681590277767	0.4023625117238377	0.3675473345834844	0.8039493206427253	0.7382505123919963	0.20332943821906183	0.37907749974127963	0.2000442497880531
ENSG00000215072	25.32456715624995	23.94056944756834	29.955107768553972	31.555010835226966	31.375646776659842	11.386448540267462	18.5747974873227	25.405619723082744
ENSG00000123631	84.41522385416651	90.93392764958732	34.91699678543101	47.83498457824216	32.298459917149835	68.92867955626197	54.20808246300299	50.61119519637744
ENSG00000106664	293.0146214671291	350.86011022318644	594.8753610233695	262.0874785295284	382.59832804715205	299.5042624966781	294.35367854910356	169.8375680700571
ENSG00000207296	342.5382194615735	367.1557919480019	474.1360616126948	322.78565223805424	328.3369153863403	355.013199130482	560.8451608672232	311.66894116978676
ENSG00000135367	166.3917856858793	181.26431153158887	190.75706664882836	165.41257272224072	148.57291561888925	119.55770967280837	77.52134869709167	83.81854066119426
ENSG00000236046	5.4400922039351745	10.662606560681699	6.248304687919234	6.833569225463165	8.489880892507957	3.4566004497240512	5.875701245989834	7.201592992369912
ENSG00000175763	15.569919066435157	16.899225492401182	9.923778033754077	18.289847044622	7.382505123919962	11.386448540267462	10.803708742626469	3.600796496184956
ENSG00000102083	240.86477206388844	253.48838238601772	257.4669078757308	262.89142785017117	231.25697300679283	449.56138790234576	337.7580522694802	655.9450950550262
ENSG00000147648	11.255363180555534	10.662606560681699	9.37245703187885	7.63751854610589	8.489880892507957	7.5231892141052885	5.875701245989834	8.601902740886283
ENSG00000120586	35.82957279143512	30.57955089101166	14.334346048755888	39.59450404165422	18.640825437897906	24.806191462725547	18.19571998758142	32.407168465664604
ENSG00000127680	539.1318963486101	822.0266114518005	480.01681896603054	1002.3238155113178	536.5235598808833	779.7683955701021	402.011688475627	855.9893448430793
ENSG00000135215	64.90592767453693	43.857513777898305	37.12228079293192	44.82017462583194	31.74477203285584	27.449474159573352	43.214834970505876	57.41269968917125
ENSG00000193922	1.8758938634259223	2.011812558619188	1.102642003750453	0.602961990482044	1.8456262809799906	1.8299649439715566	0.5686162496119194	4.200929245549116
ENSG00000212660	9.19187993078702	15.49095670136775	17.458498392715505	25.92736559072789	19.7482012064859	13.623072360677144	11.182786242367749	26.805929471599118
ENSG00000126242	105.61282451087943	123.52529109921817	101.9943853469169	124.21017003930106	98.5564434043315	86.21168180488222	103.10907992962805	116.22570912685886
ENSG00000229996	18.38375986157404	27.56183205308288	18.377366729174216	20.09873301606813	16.241511272623917	24.806191462725547	15.352638739521824	13.603008985587612
ENSG00000176882	223.23136974768477	302.97897132804974	431.5005708010106	227.31667041173057	225.16640627955886	337.9335263200808	214.36832610369362	344.47619813502746
ENSG00000213184	158.13785268680525	386.8715550224699	524.3062727833404	278.36745227254363	337.1959215350443	285.88119013600095	314.2552472855208	462.3022612601908
ENSG00000183484	12.380899498611088	8.449612746200591	9.004909697295366	7.63751854610589	9.781819289193951	7.1165303376671645	7.7710887446962325	9.001991240462392
ENSG00000205531	13.506435816666642	6.840162699305241	18.928687731049443	12.461214469962243	6.090566727233969	12.19976629314371	9.28739874366135	5.401194744277435
ENSG00000126289	13.694025203009232	26.757107029635208	32.71171277793011	16.68194840333655	18.271700181701906	31.31273348573552	19.5224912366759	28.006194970327435
ENSG00000150399	2.6262514087962914	3.0177188379287827	2.205284007500906	2.411847961928176	2.583876793371987	5.083235955476547	3.032619997930237	2.000442497880531
ENSG00000233718	51.774670630555455	47.67995763927477	41.900396142517216	101.49860173114408	19.9327638345839	81.5351047258438	54.01854371313234	58.012832438535405
ENSG00000105073	21.385190043055516	12.674419119300888	17.458498392715505	25.72637826056721	17.90257492550591	22.97622651875399	34.11697497671516	18.404070980500887
ENSG00000179386	144.81900625648123	215.66630628397698	149.22421784089465	149.93654829986826	213.9080859655809	221.01909934412024	102.3509249301455	193.8428780446235
ENSG00000215587	8.44152238541665	7.242525211029078	10.291325368337562	15.0740497620511	5.167753586743974	11.99643685492465	4.548929996895355	6.801504492793806
ENSG00000105926	3.9393771131944373	3.0177188379287827	3.3079260112513587	6.029619904820439	4.6140657024499765	6.9132008994481025	6.065239995860474	3.000663746820797
ENSG00000232018	1548.7379736444416	1102.2721008674534	831.9433918297168	699.8378836194923	938.6855265064233	1120.955192901688	675.137027039219	1325.2931548458519
ENSG00000209980	3.5641983405092525	3.0177188379287827	5.145662684168781	5.426657914338396	6.275129355331968	2.8466121350668656	4.169852497154076	7.201592992369912
ENSG00000177280	9.567058703472204	9.053156513786348	8.637362362711881	7.63751854610589	3.691252561959981	12.403095731362773	9.85601499327327	12.20269923707124
ENSG00000214915	9.567058703472204	6.840162699305241	4.2267943477100705	11.858252479480198	7.567067752017962	6.70987146122904	6.065239995860474	4.200929245549116
ENSG00000145705	10.880184407870349	11.266150328267456	12.496609375838467	21.706631657353583	12.734821338761934	11.589777978486525	9.47693749353199	5.401194744277435
ENSG00000215642	10.317416248842573	4.627168884824133	2.7566050093761323	3.4167846127315826	2.3993141652739878	2.8466121350668656	4.169852497154076	7.201592992369912
ENSG00000221402	18.758938634259223	22.129938144811074	34.91699678543101	39.19252938133286	28.422644727091857	32.5327101150499	33.737897476973885	20.404513478381418
ENSG00000123440	4.126966499537029	6.638981443443321	5.145662684168781	5.828632574659759	7.751630380115961	5.896553708352793	4.169852497154076	4.000884995761062
ENSG00000128084	8.44152238541665	13.076781631024726	10.842646370212789	10.65232849851611	7.751630380115961	14.639719551772453	9.47693749353199	16.00353998304425
ENSG00000191916	52.33743878958324	31.183094658597422	59.54266820252446	83.20875468652207	76.77805328876761	56.11892494846107	40.56129247231692	39.408717208246465
ENSG00000191684	149.69633030138863	107.43079063026467	133.97100345568003	132.450650575889	65.51973297478966	164.29018608100196	202.04830736210204	110.82451438258143
ENSG00000194690	65.84387460624988	70.81580206339542	47.78115349585297	127.62695465203265	72.53311284251363	89.26162337816815	72.40380245058441	61.61362893472037
ENSG00000209387	13.881614589351825	7.242525211029078	15.988309054381567	5.828632574659759	9.597256661095951	7.929848090543412	12.320018741591587	4.000884995761062
ENSG00000137910	67.15700031064803	51.10003898892739	45.575869488352055	56.67842710531214	50.016472214557744	74.21524494995758	68.61302745317161	62.01371743429647
ENSG00000211860	13.506435816666642	9.857881537234023	23.523029413343	17.88787238430064	18.456262809799906	13.21641348423902	25.208653732795092	28.406283469903542
ENSG00000238620	17.258223543518486	10.260244048957862	22.05284007500906	38.790554721011496	43.74134285922578	26.43282696847804	24.640037483183175	37.20823046057788
ENSG00000216327	0.7503575453703689	0.4023625117238377	1.102642003750453	0.8039493206427253	0.7382505123919963	0.20332943821906183	0.947693749353199	0.8001769991522124
ENSG00000245497	53.65056449398138	103.40716551302629	81.59550827753353	137.67632116006672	93.01956456139153	142.73726562978143	135.52020615750746	155.83447058489338
ENSG00000202726	15.75750845277775	27.159469541359044	25.176992418968677	24.520454279603126	21.224702231269895	19.112967192591814	22.744649984476776	29.006416219267702
ENSG00000180317	537.818770644212	943.3389087365375	727.3761751407154	844.3477740050223	1046.1009760594586	738.8991784880708	829.800646933661	714.7581044927138
ENSG00000151691	78.03718471851838	83.49022118269632	114.85854205733885	62.10508501965053	70.68748656153365	169.78008091291665	91.73675493738966	81.61805391352567
ENSG00000153583	3.7517877268518447	2.615356326204945	4.043020680418327	4.622708593695671	1.2919383966859934	4.066588764381238	3.790774997412796	4.200929245549116
ENSG00000161611	1.8758938634259223	1.8106313027572696	3.4916996785431014	0.602961990482044	2.0301889090779897	2.033294382190619	3.790774997412796	1.6003539983044248
ENSG00000240851	191.52876345578667	417.04874340175775	306.53447704262595	276.5585663010975	73.64048861110163	316.78726474529833	275.7788810617809	500.31066871992084
ENSG00000143057	3.3766089541666604	2.011812558619188	4.778115349585296	4.823695923856352	4.060377818155979	6.9132008994481025	6.254778745731113	6.201371743429647
ENSG00000108630	185.90108186550893	212.44740619018629	72.22305124565467	72.55642618800596	140.8212852387733	119.55770967280837	72.02472495084314	146.03230234527877
ENSG00000229548	13.506435816666642	17.905131771710778	12.312835708546725	16.68194840333655	23.80857902464188	18.90963775437275	14.973561239780544	8.601902740886283
ENSG00000115107	2145.272222213885	2850.5372143075283	2671.334027752764	1319.481822504873	997.1918796134889	1346.6508693248468	1441.252654016345	1645.1639102569488
ENSG00000148532	32.45296383726846	23.538206935844507	31.60907077417965	43.81523797502853	53.15403689222373	19.316296630810875	9.09785999379071	38.4084959593062
ENSG00000209100	457.9056920622677	490.882264303082	1059.4551919368937	441.1671897026955	356.7595601134322	564.0358616196776	1088.141963007343	610.3350061033501
ENSG00000117897	537.6311812578693	504.9649522134163	363.1367665684825	268.1170984343489	475.0642047242496	322.68381845365116	406.5606184725224	438.49699553541245
ENSG00000155791	10.880184407870349	11.266150328267456	14.51811971604763	7.63751854610589	6.828817239625965	7.7265186523243505	9.85601499327327	7.401637242157966
ENSG00000243631	14.069203975694418	25.147656982739857	10.10755170104582	11.255290488998154	28.238082098993857	18.50297887793463	44.162528719859075	13.202920486011505
ENSG00000234078	283.6351521499995	407.9955868879714	647.9859508706829	713.7060094005794	585.617218954951	916.2024486150927	431.0111172058349	496.90991647352394
ENSG00000147600	23.63626267916662	42.24806373100296	31.976618108763134	39.59450404165422	40.0500902972658	31.922721800392715	30.136661229431727	44.8099119525239
ENSG00000146348	4.314555885879622	6.437800187581403	6.983399357086203	7.838505876266572	3.506689933861982	5.693224270133731	4.548929996895355	4.400973495337168
ENSG00000100684	171.45669911712932	535.343321848566	376.00092327890445	423.6812919787162	183.45525232941105	383.0726616047125	445.2265234461329	693.3533697653921
ENSG00000223936	7087.689784182163	3332.567503352686	5197.30308467776	5120.554210503678	4219.839928832651	5491.92812629686	5847.459972259108	7601.081359196654
ENSG00000124546	24.761798997222176	23.739388191706425	40.61398047147502	28.138226222495387	38.389026644383804	33.14269842970708	31.08435497878493	32.607212715452654
ENSG00000178817	451.9028316993047	450.04246936311245	487.00021832311677	412.4260014897181	495.9197816993235	496.32715869272994	584.7270433509239	428.0946945464337
ENSG00000227287	41.832433154398075	36.61498856686923	35.65209145459798	18.490834374782683	24.362266908935876	18.70630831615369	27.86219623098405	23.005088725626106
ENSG00000103377	303.8948058749994	304.3872401190832	448.59152185914263	366.39990288292205	668.4858389709526	649.0275667952454	234.83851108972272	477.9057127436589
ENSG00000139086	18.196170475231447	21.526394377225316	15.804535387089825	15.27503709221178	12.365696082565938	15.24970786642964	17.248026238228224	18.204026730712833
ENSG00000236779	264.31344535671246	199.97416832674733	377.65488628453016	649.7920384094828	429.6617982121418	529.469857122437	343.0651372658581	203.64504628423808
ENSG00000126601	87.79183280833317	76.04651471580532	72.95814591482164	105.31736100419701	84.34512104078557	77.87517483790069	86.61920869088239	104.62314263915178
ENSG00000211767	32.828142609953645	10.260244048957862	35.65209145459798	20.299720346228813	33.036710429541834	25.619509215601795	56.6720862113213	14.403185984739824
ENSG00000140953	44.83386333587955	40.638613684107604	60.82908387356666	46.83004792743875	57.029852082281714	36.19264000299301	40.94036997205819	31.206902966936287
ENSG00000182707	6.565628521990728	13.8815066544724	6.615852022502717	9.446404517552022	9.228131404899953	18.096320001496505	15.921254989133743	6.201371743429647
ENSG00000183713	5.4400922039351745	3.8224438613764575	3.4916996785431014	3.4167846127315826	6.644254611527966	2.8466121350668656	12.320018741591587	2.000442497880531
ENSG00000171235	3.0014301814814757	3.2189000937907015	7.350946691669686	5.627645244499077	1.8456262809799906	4.879906517257485	7.3920112449549515	6.601460243005753
ENSG00000116701	21.01001127037033	15.49095670136775	24.993218751676935	29.344150203459474	27.49983158660186	32.73603955326896	28.62035123046661	13.402964735799559
ENSG00000154783	1.5007150907407378	4.627168884824133	2.389057674792648	4.019746603213626	3.137564677665984	5.48989483191467	4.548929996895355	3.400752246396903
ENSG00000222451	139.9416822115738	58.54374545581838	51.45662684168781	82.00283070555798	79.36193008213961	83.1617402315963	98.74968868260333	50.21110669680134
ENSG00000198001	115.17988321435163	135.39498519507137	57.33738419502355	82.60579269604003	73.82505123919962	78.07850427611976	68.80256620304225	67.61495642836196
ENSG00000208226	112.92881057824053	91.33629016131115	136.54383479776442	67.53174293398894	205.78733032926897	73.19859775886226	156.7485461430191	76.41690341903629
ENSG00000129295	12.756078271296271	19.91694433032997	10.475099035629304	13.66713845092633	7.751630380115961	10.166471910953094	5.686162496119194	12.802831986435399
ENSG00000227772	77.84959533217578	34.2008134965262	65.23965188856846	13.66713845092633	60.90566727233969	47.57908854326047	48.71145871675443	42.60942520485531
ENSG00000234623	26.450103474305504	30.177188379287823	35.83586512188972	22.71156830815699	32.483022545247835	25.21285033916367	33.16928122736197	27.206017971175225
ENSG00000184266	424.70237067962887	545.0000221299381	297.89711467991407	361.3752196289051	318.9242213533424	703.7231856761731	362.20855100279266	432.2956237919828
ENSG00000229461	6.190449749305544	5.834256419995646	8.269815028128399	10.45134116835543	7.013379867723964	7.929848090543412	5.307084996377914	2.6005752472446906
ENSG00000203850	16.69545538449071	21.12403186550148	14.885667050631115	11.054303158837474	7.382505123919962	21.349591013001493	18.19571998758142	7.201592992369912
ENSG00000210563	13.881614589351825	12.07087535171513	16.539630056256797	37.78561807020809	14.580447619741927	24.19620314806836	15.163099989651185	19.2042479796531
ENSG00000126799	31.70260629189809	17.905131771710778	24.258124082509966	27.33427690185266	19.009950694093902	33.54935730614521	27.29357998137213	26.805929471599118
ENSG00000210841	5.06491343124999	12.272056607577051	8.821136030003624	6.029619904820439	4.7986283305479756	7.1165303376671645	6.254778745731113	10.002212489402655
ENSG00000170578	9.754648089814797	4.023625117238376	8.086041360836655	13.265163790604968	9.781819289193951	16.26635505752495	10.614169992755828	9.001991240462392
ENSG00000184910	235.98744801898104	337.5821473362998	213.91254872758788	308.3145644664852	295.1156423287005	222.8490642880918	163.95101863810342	169.63752382026905
ENSG00000185401	11.63054195324072	9.857881537234023	8.269815028128399	6.833569225463165	14.026759735447929	8.336506966981535	8.339704994308152	6.401415993217699
ENSG00000219909	234.1115541555551	329.736078357685	330.60882745784414	180.48662248429184	294.93107970060254	138.26401798896205	273.3148773134626	162.43593082789914
ENSG00000172727	2359.3117120307825	2689.592209617993	1268.038304313021	3320.9136562449376	1239.1534850499656	2562.1542509983983	1684.8099476001173	2472.7469716301243
ENSG00000219062	233.17360722384217	233.37025679982585	298.26466201449756	378.8611173528843	354.17568332006016	260.46501035861826	336.81035852012695	498.91035897140443
ENSG00000106763	0.7503575453703689	0.8047250234476754	0.7350946691669688	0.40197466032136264	1.2919383966859934	0.20332943821906183	1.705848748835758	0.8001769991522124
ENSG00000101372	77.09923778680542	229.5478129384494	162.6396955531918	168.42738267465097	306.92765052697246	160.4269267548398	152.95777114560633	89.81986815483585
ENSG00000101302	73.15986067361098	90.53156513786348	94.45966498795548	111.94994289949949	45.77153176830377	166.12015102497352	108.22662617613534	126.42796586604958
ENSG00000235471	111.42809548749979	60.95792052616141	110.99929504421227	116.57265149319518	76.77805328876761	151.88709034963918	91.54721618751903	40.809026956762835
ENSG00000156093	1.3131257043981457	1.207087535171513	3.4916996785431014	0.40197466032136264	3.137564677665984	0.20332943821906183	1.5163099989651185	1.6003539983044248
ENSG00000239013	94.3574613303239	172.41233627366444	100.15664867399948	235.95912560863988	116.4590183298374	152.49707866429637	166.03594488668045	312.669162418727
ENSG00000173360	1.8758938634259223	3.621262605514539	5.329436351460523	6.029619904820439	2.3993141652739878	5.286565393695608	3.032619997930237	5.201150494489381
ENSG00000137968	235.2370904736107	415.8416558665863	558.3044012323127	484.7814403475634	525.0806769388073	157.1736557433348	430.0634234564817	690.3527060185713
ENSG00000202599	190.9659952967589	329.1325345900992	219.79330608092363	169.63330665561506	114.9825173050534	293.20104991188714	279.948733558935	380.0840745973009
ENSG00000150572	8080.600406093503	8475.363946950916	4754.040999170078	3454.168256141469	2766.040107304712	3273.1972964504575	7104.670500151063	3653.80822237879
ENSG00000103591	9.379469317129612	19.91694433032997	8.821136030003624	19.495771025586087	9.96638191729195	28.872780227106784	16.48987123874566	19.604336479229204
ENSG00000105204	1.3131257043981457	2.212993814481107	1.2864156710421952	2.2108606317674946	0.3691252561959982	1.6266355057524946	1.5163099989651185	1.6003539983044248
ENSG00000180685	327.1558897814809	198.36471827985199	163.926111224234	208.62484870678722	172.56605727162912	222.44240541165365	207.35539235847995	242.6536749929084
ENSG00000171857	276.1315766962958	144.44814170885775	105.85363236004348	265.70525047242074	257.6494288248067	141.313959562248	176.27103737969503	131.22902786096284
ENSG00000215954	5.4400922039351745	24.946475726877935	11.393967372088014	19.69675835574677	19.563638578387902	21.552920451220555	18.5747974873227	11.60256648770708
ENSG00000234480	642.3060588370358	320.4817405880367	578.8870519689879	201.79127948132407	456.60794191444967	445.0881402615264	366.94701974955865	482.30668623899606
ENSG00000111816	194.71778302361076	194.94463693019935	294.5891886686627	84.61566599764684	246.02198325463274	184.013141588251	434.61235345337707	160.23544408023054
ENSG00000197523	1.8758938634259223	1.005906279309594	0.5513210018752265	1.205923980964088	2.2147515371759887	0.6099883146571856	1.1372324992238387	3.600796496184956
ENSG00000179872	18.758938634259223	27.56183205308288	15.069440717922857	15.0740497620511	14.580447619741927	16.063025619305886	17.248026238228224	10.002212489402655
ENSG00000169577	11.067773794212941	9.857881537234023	14.885667050631115	22.309593647835626	11.258320313977942	16.67301393396307	5.307084996377914	10.80238948855487
ENSG00000195271	18.571349247916633	33.99963224066428	19.296235065632928	21.907618987514265	25.46964267752387	53.27231281339421	10.803708742626469	24.40539847414248
ENSG00000225831	28.325997337731426	50.09413270961779	60.645310206274914	49.84485787984897	56.476164197987714	21.95957932765868	46.43699371830675	41.8092482057031
ENSG00000100829	7.315986067361097	12.272056607577051	12.129062041254983	13.265163790604968	3.8758151900579807	5.693224270133731	10.424631242885189	8.601902740886283
ENSG00000113442	16.8830447708333	26.757107029635208	22.2366137423008	20.90268233671086	14.949572875937925	22.16290876587774	15.921254989133743	28.406283469903542
ENSG00000171399	103.7369306474535	114.67331584129374	119.08533640504892	169.83429398577573	170.16674310635514	105.32464899747404	166.79409988616302	71.41579717433495
ENSG00000244122	30.95224874652772	26.757107029635208	20.950198071258608	38.18759273052945	18.08713755360391	25.009520900944608	34.306513726585806	18.804159480076994
ENSG00000218399	13.881614589351825	11.064969072405537	16.72340372354854	12.059239809640879	26.20789318991587	15.24970786642964	13.646789990686065	16.60367273240841
ENSG00000182210	12.943667657638864	13.479144142748561	26.09586075542739	9.446404517552022	13.65763447925193	19.51962606902994	17.627103737969502	15.603451483468143
ENSG00000215177	41.457254381712886	32.390182193768936	68.91512523440332	31.95698549554833	39.4964024129718	32.93936899148802	43.214834970505876	20.204469228593364
ENSG00000138491	0.5627681590277767	1.207087535171513	0.3675473345834844	0.40197466032136264	1.1073757685879944	1.2199766293143712	0.18953874987063982	1.0002212489402655
ENSG00000186707	21.385190043055516	29.57364461170207	63.76946255023453	19.897745685907452	25.46964267752387	43.715829217098296	84.53428244230535	57.21265543938319
ENSG00000179052	5.06491343124999	2.615356326204945	5.145662684168781	5.225670584177715	2.3993141652739878	6.70987146122904	5.496623746248555	1.6003539983044248
ENSG00000208229	41.64484376805547	46.87523261582709	53.47813718189697	57.48237642595486	28.607207355189853	56.932242701337316	37.718211224257324	44.60986770273585
ENSG00000146337	0.37517877268518446	3.621262605514539	2.389057674792648	1.808885971446132	1.1073757685879944	1.8299649439715566	2.843081248059597	1.6003539983044248
ENSG00000125500	211.22564902175887	203.19306842053803	252.8725661934372	122.20029673769425	121.0730840322874	210.85262743316713	152.38915489599438	169.03739107090487
ENSG00000128567	43.145558858796214	35.60908228755964	50.353984837937354	26.128352920888574	49.27822170216575	69.33533843270008	36.01236247542157	52.011504944893815
ENSG00000102310	0.9379469317129612	4.425987628962214	3.675473345834843	1.0049366508034066	0.7382505123919963	5.286565393695608	2.653542498188957	2.6005752472446906
ENSG00000223199	42.02002254074066	44.863420057207904	50.5377585052291	23.716504958960396	37.09708824769781	54.898948319146704	32.221587478008765	42.40938095506726
ENSG00000244454	11.255363180555534	7.242525211029078	10.658872702921046	6.431594565141802	14.580447619741927	6.9132008994481025	21.228339985511656	9.001991240462392
ENSG00000100335	1483.4568671972195	726.6666961732508	1735.9260612377966	959.5135141870927	921.7057647214073	1557.5034967580139	2052.5151223491584	1123.4485068097065
ENSG00000247125	60.5913717886573	51.70358275651314	48.70002183231167	94.06207051519885	62.01304304092769	74.41857438817664	97.42291743350886	79.61761141564514
ENSG00000218140	10.505005635185166	6.437800187581403	6.064531020627491	3.4167846127315826	8.859006148703955	11.99643685492465	5.686162496119194	7.401637242157966
ENSG00000158238	69.40807294675913	66.99335820201898	29.220013099387003	55.07052846402668	35.06689933861983	40.665887643812376	56.482547461450665	58.012832438535405
ENSG00000217707	38.643413586574	28.567738332392473	22.420387409592543	32.96192214635173	21.04013960317189	34.56600449724051	23.502804983959336	19.004203729865047
ENSG00000155567	463.1581948798603	477.8054826720573	487.18399199040846	267.3131491137062	485.21514926963954	174.04999911551695	929.1189518658763	463.50252675891903
ENSG00000133244	52.90020694861101	91.13510890544923	49.80266383606212	46.428073267117384	37.09708824769781	61.812149218594804	69.18164370278353	56.01238994065487
ENSG00000121314	132.6256961442127	102.40125923371669	102.54570634879214	127.82794198219332	94.12694032997952	74.6219038263957	103.29861867949869	169.23743532069292
ENSG00000166070	2.0634832497685145	6.840162699305241	4.043020680418327	3.0148099524102197	2.0301889090779897	4.676577079038423	3.790774997412796	5.601238994065487
ENSG00000214171	209.53734454467553	70.61462080753351	92.98947564962154	123.60720804881903	173.85799566831514	64.04877303900447	119.40941241850307	93.62070890080886
ENSG00000194663	2464.1741789962916	2497.2629290139985	2430.0392025987067	3258.4065965649656	1911.5151392109763	2441.3765646962756	2292.660718435259	1906.6217447299343
ENSG00000161641	81.22620428634244	59.54965173512798	145.73251816235154	83.81171667700411	141.3749731230673	87.83831731063472	108.98478117561788	165.23655032493187
ENSG00000139519	28.888765496759206	41.04097619583145	19.296235065632928	45.82511127663534	12.734821338761934	44.732476408193605	15.352638739521824	25.80570822265885
ENSG00000184497	54.21333265300916	49.289407686170115	33.63058111438882	64.31594565141802	33.95952357003183	83.36506966981536	48.33238121701315	61.0134961853562
ENSG00000149089	4.314555885879622	5.23071265240989	3.3079260112513587	5.426657914338396	4.983190958645975	4.676577079038423	3.2221587478008766	1.800398248092478
ENSG00000215746	39.20618174560178	45.06460131306982	70.56908824002899	41.604377343261035	46.32521965259777	65.67540854475698	43.214834970505876	40.40893845718673
ENSG00000195230	2.8138407951388835	5.029531396547971	3.3079260112513587	2.8138226222495386	1.8456262809799906	4.879906517257485	3.032619997930237	2.000442497880531
ENSG00000188608	57.40235222083322	40.83979493996952	40.062659469599794	29.143162873298795	27.31526895850386	26.43282696847804	36.39143997516284	34.60765521333319
ENSG00000128316	13.131257043981456	15.69213795722967	8.821136030003624	12.863189130283605	17.71801229740791	16.46968449574401	18.006181237710784	28.606327719691595
ENSG00000214826	5.4400922039351745	4.627168884824133	11.210193704796271	11.255290488998154	5.906004099135971	4.269918202600299	8.90832124392007	6.401415993217699
ENSG00000203977	86.47870710393502	67.79808322546666	87.10871829628579	104.5134116835543	97.26450500764551	156.97032630511575	79.79581369553935	22.204911726473895
ENSG00000139659	0.9379469317129612	2.414175070343026	0.5513210018752265	1.808885971446132	0.9228131404899953	2.8466121350668656	2.4640037483183175	1.6003539983044248
ENSG00000171754	19.509296179629594	19.715763074468047	24.993218751676935	21.30465699703222	28.422644727091857	21.552920451220555	13.646789990686065	33.607433964392925
ENSG00000103491	2.0634832497685145	2.816537582066864	2.389057674792648	1.808885971446132	0.7382505123919963	0.8133177528762473	0.947693749353199	3.800840745973009
ENSG00000169128	1137.5420387814795	783.8021728380357	1144.1748525583866	473.12417519824385	713.3345575987663	1611.7924567625034	1084.3511880099302	1100.2433738342922
ENSG00000186813	1557.5546748025433	650.2178189457217	1933.2989799091276	2148.554559417684	1665.6777185844414	1419.4428082072707	1846.2969624899024	1727.1820526700508
ENSG00000153459	324.71722775902714	162.95681724815427	186.71404596841003	81.39986871507594	153.9252318337312	181.97984720606036	244.8840648328666	79.21752291606903
ENSG00000104511	1263.2269276310162	2266.7092097962395	1540.5746529066746	1109.6510498171217	1399.169283610931	1929.393039260678	1025.7837142999026	1178.0605870018449
ENSG00000148317	129.99944473541643	104.01070928061205	59.35889453523272	127.82794198219332	107.41544955303544	123.82762787540867	106.14169992755829	145.83225809549074
ENSG00000119435	80.1006679682869	182.4713990667604	93.35702298420502	84.61566599764684	96.34169186715552	63.43878472434729	74.10965119942016	88.21951415653143
ENSG00000245234	11.81813133958331	12.875600375162806	9.004909697295366	9.647391847712704	13.84219710734993	16.46968449574401	15.352638739521824	14.203141734951771
ENSG00000232926	4.314555885879622	4.425987628962214	3.124152343959617	5.828632574659759	4.6140657024499765	5.896553708352793	6.254778745731113	6.601460243005753
ENSG00000239255	26.637692860648098	41.6445199634172	37.4898281275154	31.95698549554833	35.80514985101182	40.05589932915518	39.0449824733518	26.005752472446908
ENSG00000100336	9.567058703472204	12.875600375162806	9.37245703187885	10.853315828676791	4.983190958645975	8.133177528762475	16.48987123874566	20.804601977957525
ENSG00000110195	15.382329680092564	8.248431490338673	10.658872702921046	3.4167846127315826	14.580447619741927	11.793107416705586	7.3920112449549515	11.202477988130974
ENSG00000169176	232.79842845115698	198.16353702399007	314.2529710688791	203.60016545277017	251.18973684137674	184.62312990290818	348.1826835123653	231.05110850520134
ENSG00000160435	32.077785064583274	27.56183205308288	38.22492279668237	22.71156830815699	31.56020940475784	18.299649439715566	29.37850622994917	31.807035716300444
ENSG00000106634	2.8138407951388835	1.207087535171513	2.7566050093761323	1.6078986412854506	5.536878842939972	1.6266355057524946	0.7581549994825593	1.6003539983044248
ENSG00000168392	16.507865998148116	27.360650797220963	18.009819394590732	10.049366508034066	20.3018890907799	36.395969441212074	23.881882483700615	41.8092482057031
ENSG00000249737	10.12982686249998	8.650794002062511	3.675473345834843	6.029619904820439	11.258320313977942	8.539836405200598	6.254778745731113	6.401415993217699
ENSG00000183086	24.949388383564767	37.4197135903169	16.17208272167331	18.490834374782683	9.043568776801955	19.51962606902994	22.934188734347416	13.002876236223454
ENSG00000142169	2.6262514087962914	4.828350140686052	4.043020680418327	5.225670584177715	4.060377818155979	4.879906517257485	4.359391247024716	5.401194744277435
ENSG00000173620	513.2445610333324	434.5515126617447	257.4669078757308	330.82514544448145	287.54857457668254	504.6636656597115	193.51906361792322	268.05929471599114
ENSG00000143787	1587.568976617358	1114.9465199867543	1473.6810380124805	1261.3964840884362	1306.3342816776374	995.5009295205268	1012.3264630590872	1652.7655917488948
ENSG00000113463	2.2510726361111066	2.615356326204945	2.389057674792648	7.43653121594521	1.4765010247839927	3.0499415732859276	2.2744649984476775	2.000442497880531
ENSG00000133988	263.7506771976847	100.59062793095943	71.30418290919596	100.69465241050135	92.28131404899953	201.90613215152842	102.73000242988678	113.02500113025
ENSG00000227180	80.1006679682869	120.30639100542747	116.88005239754801	99.28774109937659	54.81510054510573	53.67897168983232	133.62481865880108	158.6350900819261
ENSG00000236946	4.502145272222213	4.023625117238376	3.3079260112513587	3.4167846127315826	4.244940446253978	4.269918202600299	6.444317495601753	4.200929245549116
ENSG00000110469	26.450103474305504	28.567738332392473	48.883795499603416	32.559947486030374	32.298459917149835	35.58265168833582	24.450498733312532	34.80769946312124
ENSG00000157813	237.48816310972177	320.2805593321748	404.66961537641623	383.0818512862586	508.10091515379145	841.9872036651351	405.99200222291046	508.51248296123106
ENSG00000233664	165.45383875416636	173.61942380883596	218.87443774446493	165.21158539208005	260.41786824627667	211.86927462426246	140.06913615440283	187.44146205140575
ENSG00000220228	1400.7299478201362	1554.527564045047	834.8837705063846	642.9584691840196	353.8065580638642	1569.9065924893766	278.4324235599699	438.0969070358363
ENSG00000156935	1.6883044770833302	2.414175070343026	0.9188683364587108	9.245417187391341	1.8456262809799906	2.033294382190619	3.2221587478008766	4.000884995761062
ENSG00000117486	2.4386620224536992	7.443706466890998	3.4916996785431014	9.245417187391341	6.644254611527966	9.149824719857783	6.254778745731113	7.201592992369912
ENSG00000226916	107.86389714699054	15.28977544550583	76.81739292794823	105.92032299467905	111.84495262738744	23.17955595697305	98.18107243299143	63.414027182812845
ENSG00000106243	44.271095176851766	85.50203374131551	67.9962568979446	69.34062890543507	108.89195057781944	113.66115596445557	76.57365494773849	71.61584142412302
ENSG00000111544	38.26823481388882	22.934663168258748	41.16530147335025	24.721441609763804	30.452833636169846	32.5327101150499	28.80988998033725	36.208009211637616
ENSG00000150719	21.01001127037033	17.1004067482631	12.129062041254983	18.691821704943365	8.674443520605955	18.096320001496505	21.228339985511656	18.003982480924783
ENSG00000165282	41.64484376805547	9.656700281372103	26.27963442271913	12.863189130283605	49.09365907406775	10.573130787391216	19.143413736934622	19.004203729865047
ENSG00000225265	8.44152238541665	9.455519025510187	5.513210018752265	17.88787238430064	7.013379867723964	8.743165843419659	6.254778745731113	12.802831986435399
ENSG00000131605	49.336008608101764	91.53747141717307	38.04114912939063	44.418199965510574	130.30121543718732	94.75151821008282	62.737326207181766	58.012832438535405
ENSG00000197524	0.18758938634259223	0.4023625117238377	0.3675473345834844	0.0	0.3691252561959982	0.0	0.18953874987063982	0.6001327493641594
ENSG00000204341	802.5073947736096	533.130328034085	539.7432608358467	1048.7518887784354	799.70986754863	1146.3713726790706	815.7747794432337	552.5222179146026
ENSG00000223442	13.694025203009232	12.07087535171513	10.475099035629304	13.265163790604968	14.580447619741927	16.063025619305886	8.90832124392007	7.201592992369912
ENSG00000179592	1.3131257043981457	3.2189000937907015	0.9188683364587108	1.4069113111247693	1.1073757685879944	1.0166471910953094	1.5163099989651185	2.200486747668584
ENSG00000213610	280.4461325821754	128.1524599840423	247.5431298419767	66.52680628318551	138.0528458173033	148.43048989991516	182.71535487529678	64.014159932177
ENSG00000112152	2.2510726361111066	1.207087535171513	2.389057674792648	1.6078986412854506	1.1073757685879944	3.4566004497240512	1.3267712490944785	1.800398248092478
ENSG00000238398	61.34172933402767	80.87486485649139	63.40191521565105	41.604377343261035	47.98628330547975	78.07850427611976	59.70470620925153	61.41358468493231
ENSG00000217442	18.946528020601814	14.887412933781995	14.885667050631115	11.255290488998154	10.704632429683945	16.26635505752495	13.267712490944787	13.202920486011505
ENSG00000194266	70.90878803749987	142.03396663851473	127.90647243505254	118.98449945512336	86.55987257796156	147.6171721470389	91.9262936872603	173.238320316454
ENSG00000149280	127.56078271296273	160.1402796660874	112.10193704796272	170.0352813159364	121.81133454467938	93.7348710189875	179.68273487736653	122.22703662050044
ENSG00000226097	538.1939494168971	410.81212447003827	555.5477962229365	377.45420604175956	373.00107138605614	460.74450700439417	228.77327109386223	439.4972167843527
ENSG00000184938	10.880184407870349	7.644887722752915	10.842646370212789	11.456277819158835	10.335507173487947	12.606425169581835	11.372324992238388	12.002654987283188
ENSG00000146006	12.193310112268495	15.088594189643912	9.740004366462335	26.932302241531296	20.486451718877895	11.99643685492465	22.555111234606137	12.802831986435399
ENSG00000131915	58.715477925231376	10.863787816543617	38.7762437985576	15.27503709221178	42.08027920634378	26.636156406697104	81.12258494463384	17.603893981348673
ENSG00000237892	1.5007150907407378	1.005906279309594	1.4701893383339375	1.205923980964088	2.583876793371987	2.033294382190619	0.947693749353199	2.000442497880531
ENSG00000125643	77.09923778680542	157.32374208402055	104.01589568712608	94.86601983584158	79.7310553383356	76.85852764680537	118.27217991927922	68.41513342751416
ENSG00000241280	23.26108390648144	62.56737057305676	35.83586512188972	42.81030132422512	38.573589272481804	42.0891937113458	21.98649498499422	11.802610737495135
ENSG00000201801	1.8758938634259223	2.212993814481107	1.102642003750453	1.0049366508034066	2.2147515371759887	1.8299649439715566	2.843081248059597	2.000442497880531
ENSG00000178314	623.5471202027767	236.58915689361655	725.5384384677981	334.64390471753444	805.0621837634719	575.422310159945	510.99646965124487	269.6596487142956
ENSG00000207163	188.3397438879626	560.0886163195821	388.31375898745125	209.42879802742993	514.3760445091234	815.5543766966571	405.42338597329854	726.760759479997
ENSG00000142131	3.7517877268518447	3.0177188379287827	5.329436351460523	2.6128352920888576	2.768439421469986	2.033294382190619	3.980313747283436	1.800398248092478
ENSG00000213679	109.73979101041645	49.89295145375587	115.22608939192234	171.2412052969005	101.50944545389949	40.05589932915518	109.17431992548852	208.04601977957526
ENSG00000106426	227.3583362472218	518.6452776120268	538.4568451648046	397.351951727667	200.98870199872098	374.53282519951193	601.7855308392814	346.8767291324841
ENSG00000203015	254.74638665324028	208.42378107294792	117.79892073400673	88.2334379405391	437.4134285922578	145.5838777648483	322.21587478008763	208.04601977957526
ENSG00000156941	6.378039135648136	3.8224438613764575	4.2267943477100705	5.426657914338396	4.429503074351977	4.879906517257485	3.2221587478008766	4.400973495337168
ENSG00000179845	3.0014301814814757	4.627168884824133	1.8377366729174216	2.6128352920888576	0.3691252561959982	1.2199766293143712	0.18953874987063982	2.200486747668584
ENSG00000133416	19.321706793287	19.91694433032997	18.009819394590732	38.790554721011496	14.949572875937925	33.14269842970708	27.86219623098405	22.805044475838056
ENSG00000131876	11.81813133958331	6.638981443443321	10.842646370212789	10.853315828676791	12.734821338761934	15.65636674286776	10.803708742626469	9.802168239614602
ENSG00000231816	33.7660895416666	30.177188379287823	24.809445084385192	48.638933898884886	36.72796299150182	23.9928737098493	33.54835872710324	40.00884995761062
ENSG00000161637	27.76322917870365	24.745294471016017	22.05284007500906	22.309593647835626	23.80857902464188	21.349591013001493	29.75758372969045	20.804601977957525
ENSG00000222862	113.11639996458312	98.77999662820216	90.78419164212063	97.27786779776977	79.36193008213961	115.28779147020806	70.50841495187801	68.01504492793806
ENSG00000165726	10.880184407870349	11.869694095853212	14.150572381464148	13.466151120765648	9.96638191729195	7.929848090543412	10.803708742626469	13.603008985587612
ENSG00000230050	27.388050406018465	24.745294471016017	15.804535387089825	21.907618987514265	15.318698132133921	9.556483596295907	11.940941241850307	30.20668171799602
ENSG00000151601	8106.112562636096	7880.4709733672225	7728.785351621509	11417.688251767986	4311.382992369257	11706.692405462485	6848.603649075828	7619.485430177155
ENSG00000168903	19.884474952314775	26.958288285497122	14.701893383339373	26.530327581209935	18.825388065995906	17.283002248620257	19.143413736934622	24.805486973718587
ENSG00000210496	56.65199467546285	101.59653421026901	153.4510121886047	111.34698090901745	132.88509223055934	211.46261574782432	113.53371117251324	161.83579807853496
ENSG00000137192	38.45582420023141	49.289407686170115	51.27285317439607	54.467566473544636	80.1001805945316	33.14269842970708	68.04441120355969	50.81123944616549
ENSG00000186536	41.082075609027704	64.57918313167596	47.046058826686	26.329340251049253	59.9828541318497	29.686097979983032	70.12933745213672	36.208009211637616
ENSG00000249706	3.7517877268518447	3.8224438613764575	4.043020680418327	6.029619904820439	2.0301889090779897	7.5231892141052885	7.3920112449549515	5.401194744277435
ENSG00000193990	47.83529351736102	126.74419119300886	74.79588258773906	106.92525964548247	54.99966317320372	37.20928719408832	75.81549994825592	145.83225809549074
ENSG00000231817	29.076354883101796	28.16537582066864	23.706803080634742	17.284910393818596	20.855576975073895	17.486331686839318	18.5747974873227	28.406283469903542
ENSG00000118594	353.79358264212897	163.56036101574003	188.00046163945223	200.98733016068132	305.45114950218846	133.58744090992363	183.2839711249087	117.02588612601107
ENSG00000196573	1710.6276140580985	1104.8874571936583	1630.80752354692	2394.764038864518	1148.7177972819463	2757.960500003355	1991.1045673910712	3030.0702515396406
ENSG00000216633	89.29254789907391	47.88113889513668	61.19663120815014	46.227085936956705	86.37530994986356	24.806191462725547	61.97917120769922	17.203805481772566
ENSG00000121976	143.31829116574048	160.54264217781125	139.66798714172404	78.78703342298708	82.13036950360959	113.66115596445557	137.6051324060845	186.4412408024655
ENSG00000138050	4.126966499537029	6.638981443443321	3.675473345834843	5.225670584177715	3.8758151900579807	3.6599298879431132	4.169852497154076	5.001106244701328
ENSG00000226195	32.64055322361105	39.02916363721226	30.138881435845715	38.790554721011496	31.191084148561842	60.59217258928043	23.692343733829976	52.81168194404602
ENSG00000158139	973.9640938907389	861.0557750890126	815.0362144388765	668.6848474445867	1240.6299860747497	231.59223013151146	742.6128219931667	544.5204479230806
ENSG00000212454	35.26680463240734	50.295313965479714	48.70002183231167	29.344150203459474	29.345457867581853	20.129614383687123	34.49605247645645	17.40384973156062
ENSG00000120275	27.388050406018465	6.437800187581403	14.150572381464148	9.848379177873385	8.674443520605955	10.573130787391216	17.437564988098863	7.201592992369912
ENSG00000128312	40.706896836342516	37.62089484617882	48.883795499603416	29.143162873298795	21.59382748746589	37.41261663230738	36.58097872503348	41.8092482057031
ENSG00000186289	67.34458969699062	15.89331921309159	24.993218751676935	11.657265149319517	37.28165087579581	9.556483596295907	13.646789990686065	33.80747821418098
ENSG00000204797	16.69545538449071	16.698044236539264	14.701893383339373	19.897745685907452	21.59382748746589	17.283002248620257	14.784022489909903	18.003982480924783
ENSG00000159911	7.128396681018505	13.479144142748561	12.68038304313021	10.65232849851611	19.9327638345839	13.41974292245808	17.248026238228224	13.002876236223454
ENSG00000157192	1417.800581977312	2319.0163363203383	1160.7144826146434	1294.157418904627	2584.984169140575	1996.08509499653	1401.6390552933813	1204.466427973868
ENSG00000100082	6.565628521990728	7.443706466890998	3.675473345834843	3.617771942892264	5.352316214841973	6.099883146571855	3.980313747283436	6.001327493641594
ENSG00000132813	24.761798997222176	16.094500468953505	18.009819394590732	11.657265149319517	23.80857902464188	14.843048989991516	38.286827473869245	19.004203729865047
ENSG00000128602	3.189019567824068	5.633075164133728	5.696983686044007	17.083923063657913	9.597256661095951	13.21641348423902	10.235092493014548	11.002433738342921
ENSG00000242492	282.13443705925874	496.5153394672157	241.8461461559327	247.41540342779874	505.1479131042235	489.617287231501	308.9481622891429	232.65146250350577
ENSG00000230370	19.884474952314775	13.076781631024726	22.05284007500906	11.657265149319517	19.563638578387902	22.569567642315867	20.849262485770378	13.803053235375664
ENSG00000226427	371.98975311736046	555.4614474347579	676.6546429681947	650.1940130698041	474.5105168399556	256.6017510324561	938.5958893594084	567.1254481491305
ENSG00000193348	47.27252535833324	51.301220244789306	25.912087088135646	69.54161623559574	27.49983158660186	44.52914696997455	31.46343247852621	28.406283469903542
ENSG00000174693	18.008581088888853	28.970100844116313	38.7762437985576	39.59450404165422	27.31526895850386	36.80262831765019	41.12990872192884	16.00353998304425
ENSG00000111248	2.2510726361111066	1.207087535171513	1.6539630056256793	1.4069113111247693	2.583876793371987	3.0499415732859276	4.169852497154076	2.8006194970327436
ENSG00000108374	475.5390943784713	354.6825540845629	228.61444211092726	338.66365132074804	233.10259928777282	406.45554699990464	215.69509735278808	451.6999160214239
ENSG00000238357	67.7197684696758	76.65005848339108	99.789101339416	104.71439901371497	128.45558915620737	127.08089888691364	105.762622427817	80.01769991522124
ENSG00000244458	56.464405289120265	67.79808322546666	73.50946691669687	64.11495832125735	28.053519470895857	35.78598112655489	32.790203727620685	33.00730121502877
ENSG00000237213	29.826712428472167	29.77482586756399	16.17208272167331	19.495771025586087	28.422644727091857	30.49941573285928	25.208653732795092	18.003982480924783
ENSG00000159980	14.25679336203701	8.047250234476753	7.350946691669686	10.049366508034066	14.765010247839925	12.403095731362773	17.248026238228224	16.203584232832302
ENSG00000183844	3.3766089541666604	2.615356326204945	1.6539630056256793	2.8138226222495386	1.6610636528819915	3.253271011504989	3.601236247542156	1.0002212489402655
ENSG00000222145	178.02232763912002	152.09302943161063	132.8683614519296	301.28000791086134	128.64015178430535	213.49591013001492	214.7474036034349	243.05376349248453
ENSG00000225691	41.082075609027704	48.68586391858436	54.397005518355684	30.34908685426288	30.452833636169846	47.57908854326047	44.731144969470996	40.40893845718673
ENSG00000117604	17.445812929861077	17.703950515848856	18.009819394590732	21.10366966687154	9.597256661095951	29.686097979983032	17.248026238228224	2.6005752472446906
ENSG00000153833	4.126966499537029	6.840162699305241	9.188683364587108	9.04442985723066	6.090566727233969	8.743165843419659	11.182786242367749	9.60212398982655
ENSG00000106724	53.83815388032397	48.28350140686052	55.683421189397876	56.276452444990774	44.848718627813774	23.789544271630234	29.188967480078528	35.207787962697346
ENSG00000167573	56.27681590277767	21.727575633087234	52.00794784356304	45.42313661631398	35.98971247910982	17.486331686839318	70.50841495187801	25.00553122350664
ENSG00000194130	904.7436103303223	1032.4622050833675	1224.6677188321698	1046.340040816507	1239.3380476780637	1369.8304252818198	748.1094457394153	913.4020445322506
ENSG00000187457	202.40894786365703	44.863420057207904	131.76571944817914	123.00424605833697	96.89537975144951	126.87756944869459	89.08321243920071	139.63088635206108
ENSG00000237742	6.9408072946759125	11.266150328267456	11.393967372088014	5.828632574659759	7.567067752017962	7.3198597758862265	8.90832124392007	8.201814241310178
ENSG00000124775	2.2510726361111066	3.621262605514539	3.4916996785431014	2.6128352920888576	2.9530020495679854	3.0499415732859276	3.980313747283436	2.8006194970327436
ENSG00000201784	9.567058703472204	19.11221930688229	15.620761719798082	27.53526423201334	21.224702231269895	20.73960269834431	14.594483740039264	14.003097485163718
ENSG00000206039	5.4400922039351745	4.224806373100296	4.043020680418327	3.4167846127315826	5.721441471037971	4.473247640819361	4.548929996895355	8.401858491098231
ENSG00000161984	30.389480587499943	36.61498856686923	41.900396142517216	48.839921229045565	27.868956842797857	31.922721800392715	37.90774997412796	44.20977920315974
ENSG00000185275	49.89877676712953	103.20598425716436	59.726441869816206	55.472503124348044	73.64048861110163	30.702745171078337	31.652971228396847	54.21199169256239
ENSG00000214690	238.98887820046252	87.5138462999347	168.7042265738193	104.11143702323292	138.79109632969528	73.19859775886226	146.32391490013393	45.009956202311955
ENSG00000239705	70.1584304921295	61.56146429374717	77.36871392982346	37.58463074004741	69.02642290865165	113.45782652623652	53.070849963779146	85.61893890928674
ENSG00000229121	22.323136974768477	24.34293195929218	31.42529710688791	14.87306243189042	33.036710429541834	16.26635505752495	22.744649984476776	19.604336479229204
ENSG00000197352	87.97942219467576	83.89258369442015	123.67967808734248	81.19888138491525	121.62677191658139	102.07137798596905	144.61806615129817	120.22659412261993
ENSG00000177410	3.5641983405092525	4.828350140686052	5.88075735333575	4.421721263534989	6.459691983429967	6.506542023009978	4.548929996895355	3.600796496184956
ENSG00000182214	9.379469317129612	20.92285060963956	23.890576747926485	15.877999082693824	19.563638578387902	24.602862024506482	27.104041231501494	36.208009211637616
ENSG00000217014	47.27252535833324	188.90919925434181	116.14495772838104	135.8674351886206	95.41887872666551	75.02856270283382	148.2193023988403	125.82783311668541
ENSG00000188432	86.10352833124985	72.42525211029078	47.046058826686	43.61425064486785	87.11356046225556	42.0891937113458	26.15634748214829	74.01637242157965
ENSG00000108752	1.6883044770833302	3.0177188379287827	3.8592470131265855	1.4069113111247693	4.7986283305479756	3.0499415732859276	1.3267712490944785	1.4003097485163718
ENSG00000167656	2.8138407951388835	3.8224438613764575	3.3079260112513587	3.0148099524102197	2.0301889090779897	8.743165843419659	4.169852497154076	4.400973495337168
ENSG00000152217	1.5007150907407378	1.005906279309594	1.6539630056256793	1.0049366508034066	1.2919383966859934	0.6099883146571856	0.7581549994825593	1.800398248092478
ENSG00000179058	959.8948899150445	1086.5799629102237	1096.3936990625336	754.1044627628763	956.0344135476352	1141.4914661618132	1206.035065426881	2177.4816589429583
ENSG00000248169	1.5007150907407378	1.8106313027572696	2.0215103402091636	0.8039493206427253	0.9228131404899953	1.4233060675334328	0.18953874987063982	0.6001327493641594
ENSG00000109048	19.696885565972185	18.508675539296533	24.993218751676935	11.657265149319517	22.701203256053887	58.965537083527934	26.724963731760212	27.00597372138717
ENSG00000185911	1210.889488841433	1205.8804476363416	1157.5903302706838	887.5600499895687	648.1839498801728	1227.9064774049145	1315.588462852111	708.356688499496
ENSG00000146281	252.87049278981436	326.11481575217044	197.55669233862284	302.6869192219861	160.56948644525917	231.7955595697305	180.25135112697848	291.8645604407695
ENSG00000202574	431.64317797430476	434.3503314058828	529.6357091348009	488.1982249602949	466.0206359474476	328.5803721620039	476.8794946745297	523.315757445547
ENSG00000212246	7.691164840046282	13.680325398610481	16.539630056256797	11.657265149319517	6.644254611527966	10.97978966382934	8.90832124392007	15.603451483468143
ENSG00000141654	197.15644504606445	63.37209559650443	206.1940547013347	122.8032587281763	109.26107583401544	67.09871461229042	276.5370360612635	96.8214168974177
ENSG00000207211	8951.953105654844	12205.264430630892	11430.354558211779	4336.904610207182	18716.86524067428	5398.803243592531	9599.569064698295	19692.555993385737
ENSG00000238807	19.321706793287	16.899225492401182	39.32756480043282	31.75599816538765	25.83876793371987	20.94293213656337	20.091107486287818	9.202035490250443
ENSG00000118365	38.08064542754623	83.89258369442015	29.955107768553972	55.472503124348044	77.14717854496361	69.13200899448103	38.286827473869245	61.21354043514425
ENSG00000136247	18.38375986157404	26.555925773773286	8.086041360836655	14.672075101729737	13.65763447925193	13.21641348423902	7.3920112449549515	9.402079740038497
ENSG00000231739	21.01001127037033	30.378369635149745	32.89548644522185	28.74118821297743	33.95952357003183	29.889427418202093	32.221587478008765	26.20579672223496
ENSG00000161266	35.07921524606475	34.2008134965262	40.24643313689153	96.27293114696636	40.41921555346179	92.7182238278922	52.31269496429658	55.01216869171461
ENSG00000117623	344.0389345523142	541.9823032920093	357.807330217022	794.5029161251733	421.54104257582986	324.71711283584176	745.645441991097	376.28323385132796
ENSG00000201782	15.194740293749971	3.8224438613764575	11.577741039379756	2.2108606317674946	13.288509223055932	3.253271011504989	13.836328740556706	3.400752246396903
ENSG00000141300	1.8758938634259223	2.212993814481107	1.6539630056256793	2.411847961928176	3.8758151900579807	0.6099883146571856	2.843081248059597	3.000663746820797
ENSG00000186569	23.26108390648144	36.61498856686923	22.97170841146777	22.108606317674948	28.976332611385853	34.362675059021456	34.87512997619773	25.405619723082744
ENSG00000211516	63.967980742823954	21.727575633087234	56.969836860440076	79.79197007379048	28.238082098993857	68.11536180338572	47.38468746765995	25.00553122350664
ENSG00000207194	258.4981743800921	382.2443861376458	339.981284489723	354.1396757431205	579.526652227717	357.24982295089166	391.01844098312995	693.9535025147562
ENSG00000188903	131.68774921249977	262.9439014115279	169.43932124298627	264.901301151778	128.08646390001135	154.73370248470607	122.63157116630394	75.21663792030797
ENSG00000189055	8.066343612731465	7.644887722752915	4.043020680418327	8.240480536587933	11.442882942075942	9.353154158076846	8.339704994308152	12.002654987283188
ENSG00000108819	63.40521258379618	97.17054658130681	78.28758226628216	88.83639993102115	79.1773674540416	129.9275110219805	50.79638496533147	91.42022215314027
ENSG00000205294	173.70777175324042	352.06719775835796	216.30160640238051	304.29481786327153	270.1996875354706	290.15110833860126	282.03365980751204	403.6892960722912
ENSG00000194510	52.525028175925826	48.88704517444628	42.819264478975924	42.20733933374308	52.78491163602773	36.80262831765019	71.83518620097247	42.009292455491156
ENSG00000163373	6.753217908333321	15.28977544550583	15.804535387089825	15.0740497620511	10.520069801585946	8.743165843419659	30.136661229431727	11.402522237919028
ENSG00000150899	190.9659952967589	165.97453608608305	289.6272996517857	94.46404517552023	201.72695251111298	116.50776809952244	195.7935286163709	137.63044385418053
ENSG00000247632	16.320276611805525	20.72166935377764	12.864156710421952	17.083923063657913	6.644254611527966	21.552920451220555	8.52924374417879	11.60256648770708
ENSG00000149836	0.5627681590277767	0.20118125586191885	0.1837736672917422	1.205923980964088	0.0	1.0166471910953094	0.7581549994825593	0.0
ENSG00000103021	278.7578281050921	401.96014921211383	399.156405357664	188.92809035104045	427.2624840468678	389.78253306594155	443.71021344716775	600.3327936139474
ENSG00000149554	3.3766089541666604	2.011812558619188	3.675473345834843	2.6128352920888576	5.352316214841973	3.4566004497240512	4.928007496636635	1.4003097485163718
ENSG00000222989	12.005720725925903	11.467331584129374	8.086041360836655	21.30465699703222	27.31526895850386	16.063025619305886	15.352638739521824	23.60522147499027
ENSG00000227682	10.12982686249998	11.869694095853212	11.210193704796271	15.27503709221178	9.228131404899953	18.90963775437275	15.921254989133743	11.002433738342921
ENSG00000207819	9.379469317129612	25.348838238601775	8.821136030003624	25.92736559072789	6.828817239625965	14.639719551772453	24.450498733312532	20.804601977957525
ENSG00000246530	24.1990308381944	19.715763074468047	27.93359742834481	18.892809035104044	47.61715804928376	23.789544271630234	38.47636622373988	19.604336479229204
ENSG00000149045	0.9379469317129612	2.816537582066864	1.4701893383339375	2.2108606317674946	2.583876793371987	1.0166471910953094	1.1372324992238387	0.6001327493641594
ENSG00000112818	133.00087491689789	112.25914077095072	101.0755170104582	79.59098274362981	234.76366294065483	50.83235955476546	129.83404366138825	123.82739061880487
ENSG00000244120	65.0935170608795	21.12403186550148	93.17324931691327	16.480961073175866	40.0500902972658	30.49941573285928	96.6647624340263	28.80637196947965
ENSG00000211005	30.577069973842537	59.95201424685182	16.17208272167331	28.33921355265607	14.765010247839925	24.806191462725547	41.31944747179948	40.00884995761062
ENSG00000120653	550.0120807564805	231.35844424120668	486.081349986658	285.60299615832815	439.2590548732378	188.89304810550846	952.2426793500944	262.65809997171374
ENSG00000231311	436.70809140555474	483.43855783619097	288.8922049826187	447.196809607516	278.32044317178264	294.6243559794206	221.19172109903667	585.7295633794195
ENSG00000171888	385.68377832036964	350.86011022318644	229.90085778196945	513.5226285605409	554.6106974344872	517.8800791439506	245.26314233260788	580.9285013845063
ENSG00000193476	2407.897363093514	618.4311805195385	2997.5322871956064	1782.1546565347614	2282.1168964317585	1337.2977151667699	1927.419547434536	1099.6432410849281
ENSG00000205820	88.72977974004613	30.57955089101166	124.96609375838466	105.31736100419701	46.69434490879377	23.9928737098493	55.7243924619681	61.61362893472037
ENSG00000162274	0.7503575453703689	0.6035437675857565	0.7350946691669688	1.808885971446132	0.9228131404899953	1.0166471910953094	1.3267712490944785	0.8001769991522124
ENSG00000178236	53.83815388032397	69.20635201650009	47.59737982856122	44.418199965510574	40.97290343775579	43.715829217098296	56.861624961191936	60.613407685780096
ENSG00000191989	22.69831574745366	16.295681724815427	27.74982376105307	29.545137533620156	39.4964024129718	43.309170340660174	31.46343247852621	22.40495597626195
ENSG00000133890	48.210472290046205	18.508675539296533	46.49473782481077	25.72637826056721	33.59039831383583	31.51606292395459	29.75758372969045	33.407389714604875
ENSG00000136068	6.753217908333321	6.236618931719484	12.496609375838467	10.45134116835543	8.489880892507957	6.9132008994481025	10.424631242885189	5.001106244701328
ENSG00000212311	6.565628521990728	6.236618931719484	8.086041360836655	4.622708593695671	6.090566727233969	3.8632593261621753	3.790774997412796	5.201150494489381
ENSG00000192523	180.46098966157373	149.88003561712955	114.49099472275537	247.21441609763806	93.75781507378352	121.79433349321805	242.23052233467766	150.03318734103985
ENSG00000196805	182.14929413865707	200.17534958260924	147.01893383339373	297.662235967969	328.3369153863403	132.97745259526644	226.87788359515585	243.6538962418487
ENSG00000234431	2.8138407951388835	2.212993814481107	3.124152343959617	3.617771942892264	3.137564677665984	3.6599298879431132	4.169852497154076	3.000663746820797
ENSG00000246006	129.62426596273124	84.09376495028208	90.41664430753714	69.34062890543507	69.21098553674965	59.372195959966064	79.0376586960568	116.82584187622302
ENSG00000161134	21.572779429398107	20.72166935377764	18.56114039646596	13.064176460444287	27.868956842797857	28.872780227106784	28.80988998033725	14.603230234527878
ENSG00000194837	15.007150907407379	26.958288285497122	15.620761719798082	17.88787238430064	12.734821338761934	13.013084046019957	16.300332488875025	8.401858491098231
ENSG00000133038	139.19132466620346	125.33592240197542	77.18494026253171	83.40974201668276	102.43225859438948	317.6005824981746	93.82168118596671	164.43637332577967
ENSG00000189412	25.887335315277728	38.82798238135034	21.317745405842093	17.88787238430064	14.949572875937925	25.619509215601795	19.5224912366759	41.40915970612699
ENSG00000127183	9.19187993078702	7.644887722752915	11.393967372088014	8.642455196909298	12.734821338761934	27.449474159573352	7.7710887446962325	13.002876236223454
ENSG00000226642	37.70546665486104	21.928756888949152	33.26303377980533	31.95698549554833	50.201034842655744	42.0891937113458	40.56129247231692	16.60367273240841
ENSG00000166711	0.37517877268518446	0.20118125586191885	0.3675473345834844	0.20098733016068132	0.5536878842939972	0.20332943821906183	0.18953874987063982	0.2000442497880531
ENSG00000242896	9.004290544444427	13.076781631024726	5.88075735333575	8.843442527069978	10.15094454538995	6.099883146571855	8.718782494049432	10.402300988978762
ENSG00000192138	6.565628521990728	13.076781631024726	12.68038304313021	10.65232849851611	8.305318264409959	9.963142472734031	13.836328740556706	11.002433738342921
ENSG00000241265	1.1255363180555533	2.816537582066864	1.2864156710421952	3.617771942892264	3.322127305763983	1.2199766293143712	3.032619997930237	2.6005752472446906
ENSG00000227331	32.64055322361105	43.45515126617447	39.14379113314108	30.34908685426288	26.02333056181787	50.42570067832734	41.8880637214114	55.81234569086682
ENSG00000165590	55.33886897106471	44.05869503376022	81.963055612117	58.48731307675827	54.99966317320372	70.75864450023353	50.79638496533147	47.810575699344696
ENSG00000247390	6.002860362962951	5.633075164133728	9.923778033754077	7.838505876266572	1.8456262809799906	9.353154158076846	5.686162496119194	9.202035490250443
ENSG00000245235	20.07206433865737	14.283869166196236	22.05284007500906	17.686885054139957	25.46964267752387	37.20928719408832	23.313266234088694	34.60765521333319
ENSG00000119576	425.26513883865664	111.65559700336496	194.43253999466322	114.36179086142768	239.3777286431048	118.94772135815118	147.0820698996165	132.62933760947922
ENSG00000224301	204.84760988611075	334.9667910100949	287.7895629788682	173.452065928668	389.427145286778	152.70040810251547	245.45268108247856	248.85504673633807
ENSG00000203827	5.4400922039351745	5.633075164133728	1.8377366729174216	5.024683254017033	4.6140657024499765	4.879906517257485	4.169852497154076	6.001327493641594
ENSG00000230355	50.6491343124999	25.147656982739857	54.58077918564742	36.37870675908332	47.43259542118576	55.30560719558482	77.52134869709167	62.61385018366062
ENSG00000155585	489.2331195814806	330.7419846369946	384.63828564161633	291.63261606314865	292.7163281634265	214.9192161975484	336.81035852012695	376.08318960153986
ENSG00000165060	21.760368815740698	34.603176008250045	11.393967372088014	28.33921355265607	21.962952743661887	37.61594607052644	32.03204872813813	30.20668171799602
ENSG00000123550	12.56848888495368	6.840162699305241	2.205284007500906	4.421721263534989	6.275129355331968	7.5231892141052885	4.169852497154076	3.600796496184956
ENSG00000221334	7.315986067361097	9.656700281372103	3.124152343959617	3.4167846127315826	4.983190958645975	9.556483596295907	4.738468746765995	5.201150494489381
ENSG00000126178	15.194740293749971	24.14175070343026	11.210193704796271	14.069113111247693	11.258320313977942	14.639719551772453	18.76433623719334	23.805265724778323
ENSG00000101698	3.7517877268518447	2.816537582066864	4.778115349585296	4.421721263534989	2.9530020495679854	2.2366238204096804	3.411697497671516	5.80128324385354
ENSG00000245237	2413.1498659111066	2027.9070590881418	1554.9089989554307	1242.7046623834929	2819.9323947093276	1412.7329367460418	944.0925131056568	2240.695641875983
ENSG00000186943	6.9408072946759125	5.23071265240989	6.983399357086203	5.627645244499077	2.2147515371759887	13.826401798896205	11.56186374210903	10.002212489402655
ENSG00000167319	66.03146399259246	42.04688247514104	54.58077918564742	59.29126239740099	52.23122375173374	70.75864450023353	30.32619997930237	100.62225764339071
ENSG00000228246	40.51930744999992	39.43152614893609	27.198502759177842	58.48731307675827	30.083708379973846	32.5327101150499	51.93361746455531	53.811903192986286
ENSG00000241036	92.48156746689797	130.76781631024724	68.3638042325281	96.27293114696636	77.51630380115961	131.14748765129488	111.63832367380685	119.62646137325576
ENSG00000224336	14.631972134722194	12.674419119300888	13.415477712297177	10.049366508034066	22.516640627955884	13.623072360677144	14.784022489909903	23.005088725626106
ENSG00000143408	2.8138407951388835	2.615356326204945	3.124152343959617	1.205923980964088	1.1073757685879944	0.8133177528762473	1.1372324992238387	0.6001327493641594
ENSG00000141347	754.6721012562485	1003.2909229833894	510.89079507104327	759.1291460168933	659.6268328222486	682.3735946631716	849.1335994204663	972.8151867193022
ENSG00000101406	23.26108390648144	18.307494283434615	30.138881435845715	17.083923063657913	34.32864882622783	34.15934562080239	34.306513726585806	18.003982480924783
ENSG00000217895	73.15986067361098	36.01144479928347	22.604161076884285	25.123416270085166	28.422644727091857	40.462558205593304	27.104041231501494	31.206902966936287
ENSG00000137660	64.90592767453693	27.964194564806718	12.864156710421952	22.71156830815699	30.452833636169846	55.915595510242014	43.78345122011779	31.606991466512394
ENSG00000134564	378.9305604120363	323.2982781701036	228.24689477634377	241.3857835229783	228.67309621342085	227.52564136713022	567.6685558625662	504.9116864650461
ENSG00000156361	166.3917856858793	106.62606560681698	117.98269440129847	142.2990297537624	72.34855021441564	110.81454382938871	99.31830493221526	97.82163814635798
ENSG00000139194	319.08954616874945	336.17387854526635	258.3857762121895	154.55925689356394	288.47138771717255	327.5637249709086	244.3154485832547	221.0488960157987
ENSG00000162470	79.7254891956017	68.60280824891431	162.0883745513166	129.43584062347878	110.36845160260344	118.33773304349398	103.48815742936932	177.8393380615792
ENSG00000201486	21.947958202083292	39.83388866065994	31.60907077417965	23.716504958960396	38.019901388187805	52.2556656222989	43.78345122011779	42.40938095506726
ENSG00000174207	60.778961174999885	43.25397001031255	72.95814591482164	35.37377010827991	58.321790478967706	68.72535011804291	38.665904973610516	46.21022170104027
ENSG00000220388	7.503575453703689	7.242525211029078	6.983399357086203	10.45134116835543	3.8758151900579807	7.7265186523243505	5.117546246507274	3.800840745973009
ENSG00000235727	0.37517877268518446	0.0	0.0	0.20098733016068132	0.3691252561959982	1.2199766293143712	0.5686162496119194	1.2002654987283188
ENSG00000130870	26.82528224699069	12.07087535171513	34.36567578355579	24.118479619281757	26.20789318991587	18.50297887793463	40.56129247231692	20.804601977957525
ENSG00000206902	3.189019567824068	2.011812558619188	2.5728313420843905	5.225670584177715	2.9530020495679854	2.4399532586287425	1.3267712490944785	2.200486747668584
ENSG00000214346	4941.85479380925	5722.39964173642	4883.601434610757	4513.773460748581	3761.017235381025	3947.4377135848663	2632.503696953316	4261.942741734472
ENSG00000123397	583.9657596844896	670.3359445319136	881.3785083311955	410.0141535277899	516.4062334182014	708.3997627552114	731.9986520004109	254.05619723082742
ENSG00000247250	228.48387256527735	226.93245661224447	209.6857543798778	324.795525539661	214.09264859367892	165.91682158675448	333.3986610224554	211.2467277761841
ENSG00000235519	27.200461019675874	9.857881537234023	16.355856388965055	17.284910393818596	25.46964267752387	9.556483596295907	15.163099989651185	10.602345238766816
ENSG00000249281	2959.5977483270776	1824.1104469000181	2542.876234315836	1461.3788775983141	1328.4817970493973	2435.073352111485	1845.7283462402904	1294.8864288780678
ENSG00000178130	0.37517877268518446	0.4023625117238377	1.2864156710421952	0.602961990482044	0.5536878842939972	0.40665887643812365	0.947693749353199	0.6001327493641594
ENSG00000217145	3.0014301814814757	3.2189000937907015	1.102642003750453	3.4167846127315826	1.8456262809799906	4.676577079038423	3.411697497671516	4.400973495337168
ENSG00000101197	5.627681590277767	10.059062793095942	4.043020680418327	5.828632574659759	5.536878842939972	8.539836405200598	7.581549994825592	17.203805481772566
ENSG00000210201	6.753217908333321	3.8224438613764575	3.3079260112513587	3.4167846127315826	7.93619300821396	7.1165303376671645	2.653542498188957	3.000663746820797
ENSG00000129071	30.95224874652772	34.603176008250045	29.77133410126223	30.34908685426288	36.72796299150182	33.75268674436427	44.541606219600354	42.60942520485531
ENSG00000248647	43.708327017824	39.63270740479801	29.587560433970488	48.035971908402836	65.33517034669167	47.172429666822346	50.038229965848906	42.009292455491156
ENSG00000141494	970.3998955502298	1663.1654422104832	1373.1568420038975	1690.7054213116514	1144.1037315794963	1017.8671677246236	987.4968868260335	1469.5250589430382
ENSG00000133143	314.9625796692124	141.0280603592051	367.5473345834843	160.99085145870575	492.41309176546144	160.02026787840168	639.314203313668	307.2679676744496
ENSG00000246978	323.21651266828644	338.1856911038856	259.8559655505234	569.1961190150496	339.04154781602426	456.0679299253557	178.35596362827206	257.4569494772244
ENSG00000245109	54.58851142569434	74.6382459247719	77.73626126440693	47.63399724808147	62.01304304092769	71.36863281489072	84.53428244230535	123.02721361965267
ENSG00000201556	53.83815388032397	23.337025679982585	48.332474497728185	22.91255563831767	29.89914575187585	33.14269842970708	36.201901225292204	11.802610737495135
ENSG00000154524	5.627681590277767	2.816537582066864	7.167173024377944	9.245417187391341	11.812008198271942	8.946495281638722	9.28739874366135	8.401858491098231
ENSG00000107269	2.0634832497685145	1.6094500468953508	1.6539630056256793	0.602961990482044	1.2919383966859934	2.2366238204096804	2.2744649984476775	2.000442497880531
ENSG00000152407	3.0014301814814757	5.23071265240989	3.4916996785431014	5.426657914338396	2.9530020495679854	5.083235955476547	9.47693749353199	6.001327493641594
ENSG00000162542	15.007150907407379	10.260244048957862	29.955107768553972	6.029619904820439	14.949572875937925	18.299649439715566	17.05848748835758	9.202035490250443
ENSG00000213319	190.40322713773114	120.7087535171513	168.7042265738193	126.22004334090786	95.23431609856752	92.92155326611127	132.67712490944788	130.02876236223454
ENSG00000204825	2.0634832497685145	1.408268791033432	0.7350946691669688	1.0049366508034066	1.4765010247839927	1.4233060675334328	0.7581549994825593	1.800398248092478
ENSG00000124234	2.2510726361111066	2.011812558619188	2.0215103402091636	0.40197466032136264	0.7382505123919963	1.8299649439715566	0.7581549994825593	1.6003539983044248
ENSG00000212945	37.70546665486104	78.25950853028642	63.76946255023453	86.62553929925366	52.23122375173374	57.5422310159945	36.770517474904125	45.81013320146416
ENSG00000130549	6.378039135648136	3.2189000937907015	0.5513210018752265	0.8039493206427253	3.322127305763983	3.0499415732859276	3.980313747283436	2.4005309974566376
ENSG00000179560	45.58422088124992	38.82798238135034	43.92190648272638	60.2961990482044	55.18422580130172	57.74556045421357	63.87455870640561	45.61008895167611
ENSG00000236771	11.81813133958331	14.485050422058157	8.086041360836655	17.284910393818596	6.828817239625965	10.166471910953094	9.28739874366135	8.401858491098231
ENSG00000169211	2.4386620224536992	6.840162699305241	4.410568015001812	9.446404517552022	4.244940446253978	5.896553708352793	3.411697497671516	6.801504492793806
ENSG00000152613	1.8758938634259223	1.005906279309594	0.9188683364587108	1.6078986412854506	1.6610636528819915	1.6266355057524946	0.947693749353199	1.4003097485163718
ENSG00000196145	15.945097839120342	12.07087535171513	30.5064287704292	36.981668749565365	21.04013960317189	30.906074609297402	11.182786242367749	37.40827471036593
ENSG00000180622	8.816701158101836	6.638981443443321	11.02642003750453	7.838505876266572	3.691252561959981	9.149824719857783	5.496623746248555	8.201814241310178
ENSG00000204571	7.691164840046282	6.840162699305241	12.496609375838467	8.843442527069978	9.228131404899953	8.336506966981535	3.790774997412796	7.001548742581859
ENSG00000130735	4.8773240449073985	9.455519025510187	5.329436351460523	7.43653121594521	9.597256661095951	5.286565393695608	5.686162496119194	6.401415993217699
ENSG00000212332	52.149849403240644	34.40199475238812	43.18681181355941	28.138226222495387	28.422644727091857	32.73603955326896	36.39143997516284	43.60964645379558
ENSG00000159347	43.33314824513881	34.80435726411196	34.733223118139264	40.19746603213626	31.006521520463846	42.292523149564865	39.23452122322244	35.207787962697346
ENSG00000249312	0.18758938634259223	0.6035437675857565	1.4701893383339375	1.0049366508034066	0.9228131404899953	0.6099883146571856	0.947693749353199	0.8001769991522124
ENSG00000125274	26.074924701620322	10.662606560681699	7.718494026253171	20.90268233671086	19.9327638345839	24.19620314806836	23.502804983959336	18.204026730712833
ENSG00000150093	42.02002254074066	69.60871452822391	61.56417854273363	90.64528590246728	36.91252561959981	60.18551371284231	49.090536216495714	68.81522192709026
ENSG00000110179	287.1993504905087	229.34663168258749	284.1140896330334	289.2207681012205	246.94479639512272	284.0512251920294	144.61806615129817	219.24849776770623
ENSG00000213867	87.79183280833317	124.33001612266584	77.36871392982346	116.77363882335585	126.97908813142335	120.37102742568462	69.37118245265417	172.8382318168779
ENSG00000128366	31.890195678240683	63.97563936409019	31.60907077417965	49.04090855920625	48.35540856167576	38.429263823402685	50.60684621546083	39.20867295845841
ENSG00000133958	1.1255363180555533	2.816537582066864	1.8377366729174216	4.421721263534989	3.8758151900579807	4.676577079038423	1.895387498706398	2.4005309974566376
ENSG00000149576	7.691164840046282	7.04134395516716	11.210193704796271	7.034556555623847	6.644254611527966	7.3198597758862265	7.960627494566872	8.001769991522124
ENSG00000217447	79.35031042291652	215.4651250281151	207.29669670508517	197.77153287811043	266.6929976016086	190.11302473482283	120.73618366759756	228.2504890081686
ENSG00000218277	17.445812929861077	5.4318939082718085	17.642272060007247	6.833569225463165	9.228131404899953	6.303212584790917	9.28739874366135	13.002876236223454
ENSG00000177749	184.96313493379594	125.73828491369929	197.18914500403935	220.6840885164281	179.3948745112551	265.5482463140948	257.96223857394074	258.45717072616463
ENSG00000215022	396.3763733418974	373.79477339144523	412.2043357353777	591.3047253327245	463.99044703836967	257.61839822355137	341.3592885170223	263.85836547044204
ENSG00000116849	0.9379469317129612	2.816537582066864	1.4701893383339375	4.220733933374309	1.6610636528819915	2.2366238204096804	3.601236247542156	4.200929245549116
ENSG00000134393	77.84959533217578	44.25987628962215	63.40191521565105	101.90057639146544	36.72796299150182	52.66232449873702	19.332952486805258	94.22084165017301
ENSG00000201210	24.011441451851805	15.49095670136775	23.339255746051254	20.299720346228813	16.241511272623917	16.26635505752495	36.201901225292204	18.804159480076994
ENSG00000177476	1776.4714886643485	2075.5870167274165	1346.1421129120113	835.3033441477916	1146.872171000966	1967.4156442076426	1432.1547940225544	1445.1196604688957
ENSG00000224245	119.11926032754607	123.7264723550801	178.99555194215688	135.8674351886206	169.61305522206115	205.97272091590966	169.44764238435198	140.4310633512133
ENSG00000163390	8.066343612731465	15.088594189643912	4.594341682293554	6.833569225463165	7.567067752017962	18.299649439715566	14.404944990168625	6.001327493641594
ENSG00000245875	76.53646962777763	50.89885773306547	18.56114039646596	76.57617279121959	66.99623399957366	55.30560719558482	58.75701245989834	70.8156644249708
ENSG00000191080	2.8138407951388835	5.834256419995646	2.5728313420843905	7.63751854610589	5.906004099135971	2.2366238204096804	3.601236247542156	2.8006194970327436
ENSG00000212015	17.63340231620367	32.79254470549277	17.458498392715505	27.736251562174022	11.442882942075942	29.076109665325845	9.666476243402629	17.80393823113673
ENSG00000107766	87.60424342199059	39.63270740479801	77.5524875971152	33.76587146699447	47.248032793087766	27.856133036011475	84.72382119217599	37.00818621078982
ENSG00000202292	21.947958202083292	59.75083299098989	40.9815278060585	48.839921229045565	28.053519470895857	42.69918202600299	33.358819977232606	45.61008895167611
ENSG00000177877	64.90592767453693	25.95238200618753	58.80757353335749	32.76093481619105	67.54992188386765	58.15221933065169	40.75083122218756	50.81123944616549
ENSG00000109387	1.6883044770833302	9.455519025510187	4.778115349585296	6.230607234981122	2.9530020495679854	3.8632593261621753	4.169852497154076	3.400752246396903
ENSG00000139584	0.18758938634259223	0.4023625117238377	0.3675473345834844	0.602961990482044	0.1845626280979991	1.2199766293143712	0.5686162496119194	0.6001327493641594
ENSG00000217702	14.631972134722194	10.863787816543617	10.291325368337562	10.049366508034066	19.194513322191902	11.183119102048401	17.248026238228224	12.802831986435399
ENSG00000122633	3.0014301814814757	5.029531396547971	5.513210018752265	6.029619904820439	4.7986283305479756	3.4566004497240512	5.496623746248555	2.6005752472446906
ENSG00000234636	6.002860362962951	8.047250234476753	11.393967372088014	5.828632574659759	7.93619300821396	4.676577079038423	5.686162496119194	12.002654987283188
ENSG00000231506	1773.6576478692098	2227.0765023914414	3072.144396116054	1585.589047637615	2114.718592746873	2131.2991714122063	3134.40230661077	1970.8359489118993
ENSG00000224291	257.74781683472173	353.6766478052533	116.88005239754801	243.99861881506712	401.792841369344	264.9382579994376	280.5173498085469	410.8908890646611
ENSG00000198216	18.946528020601814	25.147656982739857	11.393967372088014	29.947112193941518	20.671014346975895	21.349591013001493	24.829576233053814	34.60765521333319
ENSG00000151360	2.8138407951388835	1.005906279309594	2.5728313420843905	1.808885971446132	2.583876793371987	1.8299649439715566	2.084926248577038	1.800398248092478
ENSG00000126657	2.8138407951388835	3.0177188379287827	2.0215103402091636	1.4069113111247693	4.7986283305479756	2.4399532586287425	2.843081248059597	2.6005752472446906
ENSG00000224504	55.5264583574073	92.34219644062074	62.48304687919233	77.17913478170163	60.16741675994769	50.019041801889216	33.737897476973885	68.41513342751416
ENSG00000176003	297.1415879666661	242.4234133136122	117.2475997321315	247.61639075795938	308.77327680795247	418.4519838548293	285.06627980544226	341.07544588863055
ENSG00000230320	12.193310112268495	20.118125586191884	11.945288373963242	12.059239809640879	7.197942495821963	24.806191462725547	27.104041231501494	10.202256739190709
ENSG00000114631	48.02288290370361	53.514214059270415	58.80757353335749	15.27503709221178	48.72453381787175	19.51962606902994	121.30479991720948	28.006194970327435
ENSG00000228228	53.65056449398138	44.05869503376022	58.62379986606575	46.83004792743875	32.667585173345834	49.40905348723203	71.83518620097247	33.20734546481682
ENSG00000134713	382.6823481388882	292.51754602323	285.5842789713673	504.2772113731495	320.58528500622435	524.3866211669605	292.64782980026786	341.4755343882067
ENSG00000170955	0.9379469317129612	1.207087535171513	0.7350946691669688	0.20098733016068132	0.1845626280979991	0.0	0.7581549994825593	0.0
ENSG00000177171	42.395201313425844	44.863420057207904	25.176992418968677	31.153036174905605	29.345457867581853	20.73960269834431	56.482547461450665	41.00907120655089
ENSG00000147349	60.4037824023147	83.08785867097248	80.12531893919959	52.45769317193783	50.93928535504774	94.14152989542563	56.861624961191936	70.8156644249708
ENSG00000141387	138.81614589351827	213.6544937253578	205.09141269758427	110.34204425821405	197.112886808663	218.37581664727244	155.99039114353656	239.45296699629958
ENSG00000196325	38.83100297291659	130.76781631024724	79.39022427003262	83.61072934684344	61.82848041282968	44.32581753175548	51.36500121494339	132.82938185926727
ENSG00000107122	2.4386620224536992	1.6094500468953508	3.675473345834843	5.024683254017033	3.322127305763983	3.0499415732859276	2.084926248577038	1.6003539983044248
ENSG00000153166	5.4400922039351745	10.059062793095942	5.329436351460523	6.833569225463165	8.489880892507957	5.693224270133731	9.28739874366135	7.001548742581859
ENSG00000166732	1.5007150907407378	1.8106313027572696	0.9188683364587108	0.40197466032136264	0.5536878842939972	0.40665887643812365	0.947693749353199	1.0002212489402655
ENSG00000159593	40.331718063657334	28.366557076530558	76.08229825878126	57.884351086276226	62.751293553319684	37.41261663230738	32.41112622787941	55.61230144107876
ENSG00000217909	54.77610081203693	49.289407686170115	34.18190211626405	58.085338416436905	60.5365420161437	36.19264000299301	33.737897476973885	46.610310200616375
ENSG00000210222	111.80327426018498	69.60871452822391	37.12228079293192	60.095211718043714	42.08027920634378	172.2200341715454	82.82843369346959	60.01327493641593
ENSG00000245788	3.7517877268518447	5.633075164133728	4.961889016877039	2.6128352920888576	3.322127305763983	2.4399532586287425	1.895387498706398	4.000884995761062
ENSG00000235443	4.314555885879622	3.8224438613764575	2.0215103402091636	2.009873301606813	3.691252561959981	0.6099883146571856	1.3267712490944785	2.200486747668584
ENSG00000247611	428.0789796337955	713.5899145422262	516.0364577552119	857.6129377956273	318.3705334690484	237.6921132780833	804.7815319507366	397.6879685786496
ENSG00000116607	35.26680463240734	62.76855182891868	46.49473782481077	40.59944069245763	43.55678023112778	20.94293213656337	63.49548120666433	50.81123944616549
ENSG00000209779	1923.7291569432837	1298.826187844548	2355.7946410128425	1108.4451258361576	1388.464651181247	1190.9005196490452	1522.375238960979	680.9506262785328
ENSG00000157971	55.33886897106471	98.17645286061641	81.963055612117	87.83146328021775	74.19417649539562	102.68136630062624	128.5072724122938	85.01880615992258
ENSG00000232660	2.4386620224536992	2.414175070343026	4.410568015001812	1.4069113111247693	1.4765010247839927	0.8133177528762473	0.947693749353199	1.4003097485163718
ENSG00000149101	70.34601987847209	90.93392764958732	51.64040050897955	92.6551592040741	60.5365420161437	123.82762787540867	103.48815742936932	174.63863006497039
ENSG00000217992	475.35150499212875	226.12773158879676	148.48912317172767	353.73770108279916	289.7633261138585	151.277102034982	531.6561933871446	403.48925182250315
ENSG00000239066	13.694025203009232	20.72166935377764	5.696983686044007	9.245417187391341	7.751630380115961	8.133177528762475	4.359391247024716	8.601902740886283
ENSG00000160546	0.37517877268518446	0.8047250234476754	0.9188683364587108	1.0049366508034066	0.5536878842939972	0.40665887643812365	0.7581549994825593	1.0002212489402655
ENSG00000142136	85.54076017222206	109.44260318888385	106.58872702921045	100.89563974066203	134.7307185115393	89.87161169282533	93.25306493635478	58.012832438535405
ENSG00000131462	25.13697776990736	8.650794002062511	10.658872702921046	11.657265149319517	19.563638578387902	23.789544271630234	29.568044979819806	29.006416219267702
ENSG00000132992	29.263944269444387	57.94020168823263	47.59737982856122	65.72285696254279	72.16398758631763	62.62546697147104	61.78963245782858	40.20889420739868
ENSG00000191812	0.37517877268518446	0.0	0.1837736672917422	0.0	0.7382505123919963	0.6099883146571856	0.7581549994825593	0.0
ENSG00000144514	52.149849403240644	65.78627066684747	55.683421189397876	69.74260356575643	70.68748656153365	102.8846957388453	105.95216117768766	61.0134961853562
ENSG00000211324	0.18758938634259223	0.0	0.1837736672917422	0.0	0.3691252561959982	0.20332943821906183	0.18953874987063982	0.0
ENSG00000249222	4.8773240449073985	3.0177188379287827	3.4916996785431014	3.4167846127315826	3.322127305763983	5.48989483191467	3.601236247542156	5.401194744277435
ENSG00000200960	198.6571601368052	84.09376495028208	77.73626126440693	111.14599357885677	131.96227909006933	357.0464935126726	106.52077742729956	159.83535558065444
ENSG00000167288	0.18758938634259223	0.8047250234476754	0.9188683364587108	0.40197466032136264	1.4765010247839927	1.0166471910953094	1.705848748835758	1.4003097485163718
ENSG00000137932	0.0	0.8047250234476754	0.5513210018752265	1.205923980964088	0.7382505123919963	0.6099883146571856	0.0	0.8001769991522124
ENSG00000175584	15.194740293749971	19.11221930688229	9.37245703187885	15.0740497620511	9.597256661095951	17.486331686839318	11.56186374210903	13.803053235375664
ENSG00000163611	883.9211884462947	802.5120296331943	784.713559335739	517.3413878335938	481.52389670767957	999.3641888466889	943.1448193563036	580.7284571347182
ENSG00000131510	1330.7591067143494	811.3640048911187	1447.0338562551779	662.4542402096057	1958.2094841197702	1573.5665223773196	935.5632693614781	641.7419533200743
ENSG00000138791	6.190449749305544	4.627168884824133	4.410568015001812	6.632581895302484	11.812008198271942	5.083235955476547	7.202472495084312	6.401415993217699
ENSG00000230712	249.86906260833285	271.79587666945235	126.4362830967186	231.3364170149442	80.65386847882559	196.6195667578328	146.1343761502633	288.8638966939487
ENSG00000231161	70.72119865115728	127.34773496059462	97.21626999733161	72.55642618800596	78.4391169416496	76.85852764680537	77.90042619683297	91.22017790335222
ENSG00000112847	68.84530478773137	48.082320150998605	33.44680744709708	29.545137533620156	43.37221760302978	41.275875958469555	43.97298996998844	64.21420418196506
ENSG00000194402	30.764659360185128	72.42525211029078	27.93359742834481	67.9337175943103	33.036710429541834	75.638551017491	39.23452122322244	54.6120801921385
ENSG00000215173	5.252502817592583	9.455519025510187	4.410568015001812	5.828632574659759	9.597256661095951	4.879906517257485	5.875701245989834	4.200929245549116
ENSG00000199904	209.72493393101814	204.80251846743337	393.09187433703653	101.69958906130475	194.713572643389	120.16769798746556	226.30926734554393	156.43460333425753
ENSG00000200396	256.99745928935135	339.593959894919	338.32732148409735	241.3857835229783	130.30121543718732	320.65052407146055	98.18107243299143	136.43017835545223
ENSG00000159506	5891.057088702767	4817.687534125371	6763.973598339862	10697.148673141943	4070.344200073271	7964.007436164215	4308.215784559643	4552.6070366765125
ENSG00000202616	390.18592359259185	249.46475726877938	180.28196761319904	299.8730965997365	186.40825437897905	203.32943821906184	137.79467115595514	177.4392495620031
ENSG00000236043	0.0	0.4023625117238377	0.0	0.20098733016068132	0.3691252561959982	0.20332943821906183	0.0	0.0
ENSG00000143951	4.314555885879622	2.816537582066864	5.88075735333575	2.009873301606813	6.090566727233969	2.2366238204096804	6.633856245472393	1.800398248092478
ENSG00000126213	44.08350579050918	36.01144479928347	47.96492716314471	66.92878094350688	45.77153176830377	43.715829217098296	43.025296220635234	46.01017745125221
ENSG00000162776	26.074924701620322	18.106313027572696	38.96001746584934	30.34908685426288	56.476164197987714	17.486331686839318	20.849262485770378	38.008407459730094
ENSG00000234616	0.5627681590277767	0.8047250234476754	0.5513210018752265	0.602961990482044	0.7382505123919963	0.20332943821906183	0.947693749353199	0.6001327493641594
ENSG00000146590	23.823852065509215	34.2008134965262	10.842646370212789	17.485897723979278	31.92933466095384	25.21285033916367	4.738468746765995	20.804601977957525
ENSG00000208361	16.8830447708333	13.680325398610481	13.231704045005435	13.064176460444287	16.795199156917914	19.112967192591814	7.581549994825592	20.804601977957525
ENSG00000248812	24.1990308381944	12.674419119300888	22.2366137423008	20.90268233671086	24.362266908935876	33.956016182583326	9.28739874366135	17.603893981348673
ENSG00000118790	10.505005635185166	11.266150328267456	24.993218751676935	21.907618987514265	21.962952743661887	25.619509215601795	24.071421233571254	31.406947216724337
ENSG00000185051	173.70777175324042	164.1639047833258	161.7208272167331	96.67490580728771	84.52968366888356	133.58744090992363	49.84869121597827	146.832479344431
ENSG00000143039	501.6140190800916	675.7678384401854	504.8262640504158	513.9246032208622	1113.6508979433263	374.3294957612929	501.51953215771294	347.6769061316363
ENSG00000123860	73.34745005995357	100.3894466750975	74.61210892044733	97.27786779776977	139.16022158589132	143.55058338265766	106.71031617717021	136.43017835545223
ENSG00000233188	2.2510726361111066	1.408268791033432	4.594341682293554	1.4069113111247693	3.691252561959981	2.2366238204096804	3.411697497671516	4.400973495337168
ENSG00000121019	7.315986067361097	4.425987628962214	3.124152343959617	3.4167846127315826	4.983190958645975	9.75981303451497	5.307084996377914	5.201150494489381
ENSG00000142848	5.81527097662036	8.449612746200591	9.188683364587108	5.426657914338396	5.536878842939972	9.556483596295907	10.614169992755828	3.600796496184956
ENSG00000209575	41.832433154398075	23.538206935844507	18.928687731049443	27.736251562174022	8.674443520605955	32.32938067683083	28.05173498085469	27.606106470751328
ENSG00000151991	18.758938634259223	8.650794002062511	6.7996256897944605	13.66713845092633	11.442882942075942	17.283002248620257	16.868948738486942	10.402300988978762
ENSG00000112469	13.694025203009232	12.272056607577051	6.248304687919234	14.270100441408376	9.043568776801955	17.689661125058382	7.581549994825592	13.402964735799559
ENSG00000248295	10.317416248842573	1.8106313027572696	7.167173024377944	4.220733933374309	10.335507173487947	7.3198597758862265	8.90832124392007	5.401194744277435
ENSG00000216640	190.21563775138856	235.38206935844505	110.2642003750453	270.5289463962771	224.05903051097087	180.75987057674598	171.72210738279966	229.4507545068969
ENSG00000147347	192.65429977384224	338.9904161273332	98.87023300295728	238.77294823088943	83.23774527219759	250.7051973241033	143.29129490220367	163.63619632662744
ENSG00000248791	137.31543080277754	161.3473672012589	197.18914500403935	150.94148495067168	134.1770306272453	146.60052495594357	360.50270225395695	207.8459755297872
ENSG00000109741	24.38662022453699	17.905131771710778	32.71171277793011	23.113542968478352	29.345457867581853	17.892990563277444	25.398192482665735	13.803053235375664
ENSG00000111654	79.35031042291652	113.46622830612223	30.322655103137457	99.68971575969795	47.61715804928376	121.59100405499898	96.6647624340263	65.41446968069337
ENSG00000203530	4.689734658564806	5.23071265240989	3.124152343959617	8.843442527069978	5.536878842939972	6.303212584790917	5.117546246507274	5.001106244701328
ENSG00000238166	2.8138407951388835	3.2189000937907015	2.205284007500906	2.411847961928176	3.8758151900579807	4.269918202600299	3.2221587478008766	1.2002654987283188
ENSG00000160317	26.82528224699069	9.656700281372103	10.291325368337562	6.632581895302484	17.71801229740791	10.776460225610277	11.182786242367749	8.401858491098231
ENSG00000197245	106.92595021527758	54.52012033858001	101.81061167962517	116.57265149319518	133.25421748675532	119.35438023458931	141.20636865362664	102.22261164169515
ENSG00000184771	18.946528020601814	19.91694433032997	14.51811971604763	19.495771025586087	14.949572875937925	27.246144721354288	21.038801235641017	18.003982480924783
ENSG00000186051	1.8758938634259223	3.8224438613764575	3.675473345834843	4.220733933374309	1.8456262809799906	2.4399532586287425	1.895387498706398	3.600796496184956
ENSG00000217808	33.7660895416666	36.21262605514539	33.079260112513595	33.564884136833776	23.993141652739876	30.092756856421154	32.03204872813813	26.805929471599118
ENSG00000145320	77.84959533217578	72.42525211029078	75.89852459148952	55.07052846402668	112.95232839597543	41.88586427312674	73.35149619993761	78.01725741734072
ENSG00000172661	42.395201313425844	45.66814508065558	29.955107768553972	32.15797282570901	31.375646776659842	50.222371240108274	28.05173498085469	39.408717208246465
ENSG00000103182	9.379469317129612	8.047250234476753	4.961889016877039	3.617771942892264	7.567067752017962	9.149824719857783	6.065239995860474	4.000884995761062
ENSG00000194020	32.077785064583274	43.25397001031255	35.284544120014495	47.43300991792079	24.362266908935876	33.14269842970708	44.35206746972971	49.01084119807301
ENSG00000172457	15.382329680092564	14.686231677920075	11.945288373963242	13.466151120765648	11.258320313977942	18.299649439715566	7.3920112449549515	13.002876236223454
ENSG00000178041	10.317416248842573	11.467331584129374	22.604161076884285	16.882935733497234	15.687823388329921	19.316296630810875	14.594483740039264	16.00353998304425
ENSG00000118279	33.9536789280092	40.83979493996952	24.074350415218223	17.284910393818596	22.516640627955884	20.129614383687123	13.267712490944787	19.604336479229204
ENSG00000132309	82.16415121805541	62.76855182891868	90.41664430753714	123.40622071865833	97.6336302638415	145.17721888841015	178.35596362827206	132.02920486011507
ENSG00000172766	1188.753941253007	1391.5707467968928	997.7072397268681	1281.0932424441828	893.6522452505116	1076.8327048081514	1205.087371677528	1351.2989073182987
ENSG00000153160	500.86366153472125	866.6888502531464	558.4881748996045	753.702488102555	408.62165860896994	508.52692498587373	654.098225803578	416.2920838089385
ENSG00000174224	63.030033811111	84.69730871786783	101.62683801233341	63.91397099109666	114.9825173050534	67.50537348872854	121.30479991720948	101.62247889233097
ENSG00000141203	7.878754226388875	11.266150328267456	11.210193704796271	13.064176460444287	12.365696082565938	15.24970786642964	20.849262485770378	5.201150494489381
ENSG00000145884	15.945097839120342	15.28977544550583	9.923778033754077	23.314530298639035	19.009950694093902	12.809754607800897	13.646789990686065	8.201814241310178
ENSG00000125868	17.445812929861077	10.863787816543617	13.599251379588921	14.270100441408376	16.979761785015913	14.029731237115268	14.025867490427345	10.202256739190709
ENSG00000151482	306.52105728379576	228.13954414741596	358.54242488618894	495.8357435064009	202.28064039540698	195.39959012851844	493.558904663146	182.6404000564925
ENSG00000232579	0.5627681590277767	0.0	0.5513210018752265	0.20098733016068132	0.0	0.0	0.0	0.0
ENSG00000215066	27.57563979236106	59.34847047926606	35.10077045272275	55.87447778466941	47.80172067738176	57.5422310159945	43.40437372037652	55.01216869171461
ENSG00000234481	0.7503575453703689	0.20118125586191885	0.3675473345834844	1.0049366508034066	0.7382505123919963	0.40665887643812365	0.37907749974127963	0.8001769991522124
ENSG00000184120	36.017162177777706	24.946475726877935	20.39887706938338	25.52539093040653	14.211322363545928	35.1759928118977	27.67265748111341	21.404734727321685
ENSG00000191678	317.77642046435125	637.9457623381446	236.33293613718044	336.6537780191412	271.30706330405866	416.4186894726386	183.09443237503805	577.9278376376855
ENSG00000244281	4.689734658564806	2.816537582066864	2.5728313420843905	4.823695923856352	5.906004099135971	4.066588764381238	5.496623746248555	6.801504492793806
ENSG00000107548	0.5627681590277767	0.4023625117238377	0.0	0.40197466032136264	0.5536878842939972	0.20332943821906183	0.5686162496119194	0.2000442497880531
ENSG00000206731	442.5233623821751	373.99595464730714	370.4877132601522	286.00497081864955	491.30571599687346	181.97984720606036	473.2782584269876	376.683322350904
ENSG00000107505	495.04839055810095	889.623513421405	456.861336887271	645.3703171459478	714.2573707392564	467.2510490274041	348.56176101210656	396.28765883013324
ENSG00000129825	72.03432435555541	104.41307179233587	138.1977978033901	90.4442985723066	51.49297323934174	69.53866787091916	87.75644119010622	75.41668217009602
ENSG00000115687	273.13014651481427	325.91363449630853	441.79189616934815	456.8442014552287	594.291662475557	381.6493555371791	535.4469683845574	585.1294306300554
ENSG00000221069	3.3766089541666604	5.029531396547971	5.145662684168781	4.823695923856352	4.060377818155979	8.743165843419659	4.169852497154076	2.200486747668584
ENSG00000139913	196.2184981143515	327.12072203148006	266.10427023844267	359.3653463272982	155.21717023041722	325.53043058871805	372.06456599606594	211.04668352639604
ENSG00000165891	850.5302776773133	577.9937480912929	398.421310688497	1149.8485158492579	825.7331981104478	602.2617960048611	1154.1014479623257	579.728235885778
ENSG00000130033	56.464405289120265	151.48948566402487	103.09702735066735	160.18690213806303	99.66381917291949	177.30327012702193	45.48929996895355	150.633320090404
ENSG00000228453	67.34458969699062	56.33075164133728	40.43020680418328	35.97673209876196	36.91252561959981	69.33533843270008	72.21426370071377	43.809690703583634
ENSG00000124020	251.9325458581014	295.9376273728826	471.0119092687352	379.46407934336634	290.1324513700545	288.9311317092869	365.6202485004642	393.8871278326766
ENSG00000167121	389.9983342062493	249.8671197805032	253.42388719531246	199.78140617971727	178.2874987426671	425.5685141924964	293.7850622994917	395.68752608076903
ENSG00000168125	10.12982686249998	5.834256419995646	5.696983686044007	6.431594565141802	6.459691983429967	6.9132008994481025	3.2221587478008766	6.401415993217699
ENSG00000217037	251.55736708541622	370.17351078593066	520.8145731047973	437.750405089964	368.5715683117041	684.6102184835812	290.3733648018202	452.70013727036417
ENSG00000156210	75.97370146874985	97.37172783716872	77.5524875971152	169.43231932545436	138.4219710734993	85.39836405200597	105.19400617820509	172.03805481772568
ENSG00000110215	23.26108390648144	35.2067197758358	56.05096852398136	35.172782778119235	59.7982915037517	36.395969441212074	34.11697497671516	33.80747821418098
ENSG00000105527	556.5777092784712	313.0380341211457	414.22584607558684	624.6686221393976	413.6048495676159	472.3342849828807	502.08814840732487	332.67358739753234
ENSG00000165376	165.64142814050894	135.99852896265713	177.8929099384064	191.33993831296863	236.05560133734082	213.08925125357683	149.16699614819353	173.43836456624206
ENSG00000137552	169.95598402638856	105.41897807164547	58.07247886419052	75.3702488102555	101.50944545389949	167.13679821606883	94.57983618544925	140.23101910142523
ENSG00000175433	7.315986067361097	5.834256419995646	8.269815028128399	8.039493206427252	9.412694032997953	5.286565393695608	4.928007496636635	16.00353998304425
ENSG00000131795	176.1464337756941	188.1044742308941	92.62192831503805	135.26447319813855	207.81751923834696	146.60052495594357	127.18050116319931	157.63486883298586
ENSG00000217960	2.0634832497685145	2.212993814481107	0.9188683364587108	5.225670584177715	3.691252561959981	3.4566004497240512	2.2744649984476775	3.2007079966088496
ENSG00000167830	24.38662022453699	35.00553851997388	19.112461398341186	45.62412394647466	16.05694864452592	23.17955595697305	21.796956235123577	9.202035490250443
ENSG00000135956	0.37517877268518446	0.6035437675857565	1.2864156710421952	1.4069113111247693	1.8456262809799906	0.40665887643812365	1.5163099989651185	0.2000442497880531
ENSG00000209103	0.5627681590277767	1.6094500468953508	0.5513210018752265	0.8039493206427253	0.9228131404899953	0.40665887643812365	1.1372324992238387	1.0002212489402655
ENSG00000124505	93.23192501226835	77.25360225097683	71.12040924190423	78.38505876266572	64.78148246239768	75.84188045571007	83.39704994308151	73.8163281717916
ENSG00000168248	14.819561521064786	34.603176008250045	38.22492279668237	34.971795447958556	43.37221760302978	18.299649439715566	14.594483740039264	18.60411523028894
ENSG00000163644	41.832433154398075	35.60908228755964	52.37549517814652	24.721441609763804	21.962952743661887	47.9857474196986	61.22101620821665	29.206460469055756
ENSG00000124695	76.72405901412023	121.51347854059898	132.8683614519296	130.2397899441215	157.80104702378918	65.0654202300998	69.93979870226609	126.22792161626153
ENSG00000186601	59.46583547060174	57.33665792064687	83.80079228503443	92.25318454375272	80.28474322262959	70.75864450023353	58.75701245989834	50.61119519637744
ENSG00000112664	2.4386620224536992	6.035437675857565	4.594341682293554	9.446404517552022	3.137564677665984	2.8466121350668656	4.738468746765995	2.4005309974566376
ENSG00000217272	28.325997337731426	34.603176008250045	29.955107768553972	56.87941443547282	34.88233671052183	41.275875958469555	23.12372748421806	31.206902966936287
ENSG00000107070	20.25965372499996	29.97600712342591	28.484918430220038	38.991542051172175	20.3018890907799	18.90963775437275	18.95387498706398	46.610310200616375
ENSG00000196775	5.4400922039351745	12.07087535171513	9.556230699170593	14.87306243189042	10.335507173487947	8.133177528762475	8.52924374417879	10.402300988978762
ENSG00000134287	16.8830447708333	22.934663168258748	34.18190211626405	23.91749228912108	12.365696082565938	29.686097979983032	33.92743622684453	15.603451483468143
ENSG00000136500	18.946528020601814	20.319306842053802	10.842646370212789	16.480961073175866	13.288509223055932	10.776460225610277	9.666476243402629	20.204469228593364
ENSG00000221360	10.880184407870349	6.437800187581403	5.513210018752265	6.029619904820439	7.751630380115961	5.896553708352793	10.424631242885189	8.401858491098231
ENSG00000111872	9.19187993078702	10.863787816543617	5.145662684168781	10.65232849851611	5.721441471037971	5.896553708352793	14.973561239780544	13.803053235375664
ENSG00000111798	41.082075609027704	47.277595127550924	34.18190211626405	42.81030132422512	29.53002049567985	22.366238204096803	44.162528719859075	43.20955795421948
ENSG00000230608	1725.259586192821	1312.9088757548825	1066.8061386285633	961.9253621490208	1675.4595378736353	1695.970844185195	1216.2701579198956	2997.2629945743997
ENSG00000170346	6.565628521990728	4.023625117238376	4.2267943477100705	7.235543885784528	5.352316214841973	4.879906517257485	4.738468746765995	6.201371743429647
ENSG00000112398	69.9708411057869	97.97527160475447	67.44493589606937	86.82652662941433	87.85181097464755	58.15221933065169	143.10175615233305	98.22172664593408
ENSG00000202523	3.0014301814814757	0.6035437675857565	4.410568015001812	1.4069113111247693	2.9530020495679854	0.8133177528762473	2.843081248059597	1.0002212489402655
ENSG00000170575	988.0332978664333	748.9978155739238	1628.7860132067108	552.1121959513916	956.2189761757331	907.0526238952349	1398.0378190458391	609.1347406046218
ENSG00000219061	11.81813133958331	11.668512839991292	10.10755170104582	19.69675835574677	14.026759735447929	20.536273260125245	7.202472495084312	11.002433738342921
ENSG00000151153	36.57993033680549	46.87523261582709	17.274724725423763	84.41467866748616	26.20789318991587	31.109404047516463	25.587731232536374	35.60787646227346
ENSG00000227971	388.49761911550854	391.69990516315596	340.71637915888994	364.59101691147595	276.4748168908026	202.5161204661856	435.180969702989	306.46779067529735
ENSG00000140268	119.49443910023126	209.4296873522575	308.73976105012684	173.65305325882866	205.78733032926897	246.43527912150296	239.19790233674743	231.85128550435357
ENSG00000148826	2.4386620224536992	1.207087535171513	4.594341682293554	1.0049366508034066	0.9228131404899953	2.033294382190619	2.2744649984476775	1.800398248092478
ENSG00000181618	63.21762319745359	77.25360225097683	83.98456595232616	94.26305784535954	78.0699916854536	121.99766293143712	114.67094367173708	98.42177089572213
ENSG00000115676	17.445812929861077	14.485050422058157	14.334346048755888	9.04442985723066	8.674443520605955	11.99643685492465	16.48987123874566	24.205354224354426
ENSG00000186957	78.78754226388874	99.58472165164983	75.53097725690603	80.19394473411185	94.86519084237152	86.8216701195394	59.13608995963961	81.81809816331372
ENSG00000132268	81.97656183171281	38.62680112548841	52.74304251273	53.86460448306259	71.97942495821964	26.026168092039914	55.534853712097465	50.81123944616549
ENSG00000121245	110.11496978310166	107.83315314198849	102.72948001608387	247.01342876747734	157.2473591394952	114.47447371733182	70.69795370174865	108.02389488554869
ENSG00000132491	26.82528224699069	67.3957207137428	47.22983249397774	44.82017462583194	56.845289454183714	50.83235955476546	27.29357998137213	45.009956202311955
ENSG00000120068	15.945097839120342	26.958288285497122	13.415477712297177	33.96685879715515	18.456262809799906	46.155782475727044	17.248026238228224	22.40495597626195
ENSG00000216833	311.0232025560179	190.1162867895133	242.39746715780794	262.0874785295284	150.97222978416323	150.66711372032483	242.79913858428958	258.2571264763766
ENSG00000106336	2.0634832497685145	1.6094500468953508	0.5513210018752265	0.40197466032136264	0.7382505123919963	1.4233060675334328	1.5163099989651185	0.8001769991522124
ENSG00000117531	11.255363180555534	15.89331921309159	19.296235065632928	9.848379177873385	6.090566727233969	14.436390113553392	10.803708742626469	17.003761231984516
ENSG00000219222	2.0634832497685145	3.621262605514539	2.205284007500906	4.421721263534989	2.3993141652739878	2.4399532586287425	4.359391247024716	4.000884995761062
ENSG00000116562	28.138407951388835	19.715763074468047	13.231704045005435	19.29478369542541	22.516640627955884	22.366238204096803	14.404944990168625	17.203805481772566
ENSG00000177763	8.44152238541665	9.857881537234023	8.269815028128399	4.823695923856352	15.318698132133921	8.133177528762475	9.85601499327327	3.000663746820797
ENSG00000114465	17.258223543518486	27.964194564806718	24.258124082509966	12.662201800122924	29.89914575187585	34.15934562080239	20.65972373589974	26.40584097202301
ENSG00000117590	6.753217908333321	14.08268791033432	12.129062041254983	13.466151120765648	2.9530020495679854	13.623072360677144	8.90832124392007	16.00353998304425
ENSG00000114532	4.689734658564806	15.088594189643912	4.043020680418327	11.456277819158835	9.043568776801955	9.353154158076846	9.666476243402629	12.402743486859293
ENSG00000159514	1.5007150907407378	1.005906279309594	2.0215103402091636	2.8138226222495386	0.9228131404899953	0.8133177528762473	1.3267712490944785	1.6003539983044248
ENSG00000219864	36.57993033680549	18.307494283434615	64.32078355210976	28.138226222495387	48.17084593357776	33.54935730614521	51.36500121494339	34.40761096354513
ENSG00000115821	70.72119865115728	40.638613684107604	52.19172151085478	52.45769317193783	95.04975347046953	77.2651865232435	56.29300871158002	64.21420418196506
ENSG00000249756	14.631972134722194	9.857881537234023	10.291325368337562	9.04442985723066	22.332077999857887	11.99643685492465	18.385258737452062	5.401194744277435
ENSG00000211747	9.942237476157388	10.662606560681699	4.043020680418327	9.446404517552022	3.8758151900579807	4.676577079038423	5.686162496119194	6.601460243005753
ENSG00000216457	5.4400922039351745	10.46142530481978	4.2267943477100705	4.421721263534989	7.013379867723964	6.303212584790917	13.078173741074146	10.80238948855487
ENSG00000242689	675.5093802196747	766.2994035780488	566.9417635950247	486.9923009793309	755.0457115489141	880.6197969267569	933.2888043630304	1472.525722689859
ENSG00000243738	40.51930744999992	35.60908228755964	25.728313420843904	45.02116195599262	34.32864882622783	21.349591013001493	25.966808732277656	21.60477897710974
ENSG00000148197	62.842444424768395	41.04097619583145	33.9981284489723	85.62060264845024	49.09365907406775	73.19859775886226	85.29243744178791	48.41070844870885
ENSG00000249951	15.382329680092564	14.887412933781995	13.415477712297177	14.471087771569056	15.687823388329921	17.283002248620257	8.150166244437512	10.80238948855487
ENSG00000225392	7.503575453703689	12.272056607577051	8.086041360836655	9.647391847712704	10.15094454538995	11.386448540267462	7.012933745213672	8.601902740886283
ENSG00000174684	6.565628521990728	4.627168884824133	6.248304687919234	5.225670584177715	4.244940446253978	4.066588764381238	6.065239995860474	3.2007079966088496
ENSG00000241006	681.8874193553228	928.4514958027555	1665.9082939996429	631.9041660251821	1232.3246678103396	446.71477576727887	1558.7666789361417	850.988238598378
ENSG00000178205	0.9379469317129612	0.4023625117238377	1.4701893383339375	1.808885971446132	0.5536878842939972	1.0166471910953094	2.2744649984476775	1.0002212489402655
ENSG00000101194	52.149849403240644	37.21853233445499	38.96001746584934	29.947112193941518	41.15746606585379	88.44830562529191	45.86837746869483	90.01991240462391
ENSG00000164755	30.20189120115735	17.703950515848856	28.484918430220038	24.922428939924487	13.288509223055932	26.026168092039914	29.568044979819806	33.00730121502877
ENSG00000190294	12.56848888495368	19.715763074468047	21.13397173855035	11.657265149319517	17.34888704121191	20.536273260125245	32.221587478008765	13.803053235375664
ENSG00000234944	2.6262514087962914	1.6094500468953508	0.9188683364587108	1.808885971446132	1.6610636528819915	2.2366238204096804	1.895387498706398	1.2002654987283188
ENSG00000102745	2.4386620224536992	2.212993814481107	2.0215103402091636	1.808885971446132	1.6610636528819915	1.6266355057524946	4.359391247024716	3.600796496184956
ENSG00000206889	213.85190043055516	201.9859808853665	170.7257369140285	247.81737808812005	172.75061989972713	309.060746092974	112.96509492290133	139.430842102273
ENSG00000247320	9.567058703472204	10.863787816543617	9.37245703187885	4.421721263534989	7.567067752017962	6.70987146122904	6.633856245472393	12.402743486859293
ENSG00000162900	230.92253458773106	114.67331584129374	273.2714432628206	222.8949491481956	288.47138771717255	143.34725394443862	377.75072849218515	251.8557104831589
ENSG00000113096	96.04576580740722	131.57254133369494	89.86532330566192	144.71087771569057	92.46587667709754	158.39363237264917	67.47579495394777	69.81544317603054
ENSG00000192741	67.7197684696758	60.95792052616141	78.10380859899043	114.76376552174905	95.60344135476352	103.90134292994061	66.52810120459458	83.01836366204205
ENSG00000118683	77.84959533217578	154.10484199022983	76.81739292794823	171.04021796673982	121.44220928848338	138.87400630361924	179.30365737762526	121.02677112177214
ENSG00000131690	1.5007150907407378	3.621262605514539	2.0215103402091636	1.808885971446132	4.429503074351977	6.506542023009978	2.2744649984476775	2.4005309974566376
ENSG00000172898	6.565628521990728	6.236618931719484	13.599251379588921	7.034556555623847	15.503260760231923	7.3198597758862265	8.52924374417879	8.801946990674336
ENSG00000180603	79.35031042291652	156.7201983164348	131.39817211359565	155.76518087452803	67.36535925576965	173.03335192442162	156.7485461430191	102.22261164169515
ENSG00000138394	3.0014301814814757	2.011812558619188	1.102642003750453	2.2108606317674946	0.9228131404899953	2.2366238204096804	3.411697497671516	1.6003539983044248
ENSG00000136400	767.0530007548597	524.4795340320223	749.0614678811411	623.4626981584335	874.6422945564176	908.2726005245493	754.9328407347583	709.1568654986482
ENSG00000184144	10.12982686249998	15.89331921309159	9.37245703187885	12.059239809640879	5.906004099135971	12.809754607800897	11.56186374210903	9.402079740038497
ENSG00000174033	32.26537445092586	22.73348191239683	22.05284007500906	31.75599816538765	28.976332611385853	25.619509215601795	8.150166244437512	22.204911726473895
ENSG00000137163	3.189019567824068	2.414175070343026	2.7566050093761323	3.215797282570901	2.3993141652739878	4.676577079038423	4.928007496636635	3.000663746820797
ENSG00000186859	121.1827435773146	34.2008134965262	95.37853332441418	18.691821704943365	88.22093623084355	24.602862024506482	53.26038871364978	51.211327945741594
ENSG00000210812	5.4400922039351745	7.846068978614835	4.961889016877039	4.421721263534989	5.352316214841973	8.946495281638722	4.928007496636635	3.400752246396903
ENSG00000186036	15.007150907407379	34.2008134965262	13.415477712297177	20.299720346228813	16.426073900721914	15.453037304648701	16.48987123874566	11.002433738342921
ENSG00000108742	1.3131257043981457	2.615356326204945	1.6539630056256793	4.019746603213626	2.3993141652739878	2.643282696847804	1.705848748835758	2.000442497880531
ENSG00000218976	269.75353756064766	458.69326336517497	492.8809756764525	272.7398070280446	325.1993507086744	363.9596944121207	299.0921472958696	204.24517903360223
ENSG00000219550	1.1255363180555533	0.8047250234476754	0.3675473345834844	0.20098733016068132	0.9228131404899953	2.8466121350668656	1.705848748835758	0.6001327493641594
ENSG00000114156	61.71690810671285	64.57918313167596	63.03436788106756	50.44781987033102	76.59349066066962	68.11536180338572	34.49605247645645	80.81787691437346
ENSG00000156283	36.76751972314808	35.40790103169771	53.66191084918871	63.5119963307753	37.83533876008981	35.78598112655489	54.397621212873624	43.20955795421948
ENSG00000242854	142.00516546134233	112.0579595150888	87.29249196357753	62.50705967997189	50.754722726949744	84.99170517556786	115.239559921349	82.61827516246593
ENSG00000182496	5.06491343124999	4.224806373100296	3.4916996785431014	3.0148099524102197	2.9530020495679854	4.676577079038423	2.653542498188957	2.6005752472446906
ENSG00000208636	114.42952566898127	283.8667520211675	136.17628746318096	336.25180335881987	213.53896070938492	176.08329349770756	167.93133238538687	220.44876326643453
ENSG00000242300	210.6628808627311	234.17498182327353	138.93289247255706	160.99085145870575	82.86862001600157	200.2794966457759	116.94540867018476	206.64571003105885
ENSG00000144581	32.45296383726846	36.21262605514539	37.85737546209889	25.52539093040653	36.72796299150182	56.11892494846107	21.607417485252938	30.406725967784073
ENSG00000234389	33.7660895416666	61.963826805471	65.7909728904437	47.03103525759943	82.86862001600157	66.69205573585228	63.49548120666433	53.611858943198236
ENSG00000151945	19.321706793287	13.277962886886643	19.48000873292467	33.3638968066731	18.825388065995906	15.453037304648701	18.19571998758142	19.804380729017257
ENSG00000165356	79.35031042291652	109.44260318888385	95.19475965712245	135.6664478584599	137.6837205611073	99.02143641268312	102.54046368001615	109.02411613448895
ENSG00000134881	5.81527097662036	7.04134395516716	4.2267943477100705	5.627645244499077	8.305318264409959	2.2366238204096804	7.581549994825592	7.001548742581859
ENSG00000179460	63.40521258379618	82.88667741511055	80.30909260649133	93.86108318503818	86.74443520605956	98.614777536245	77.33180994722103	77.41712466797655
ENSG00000122682	65.0935170608795	101.59653421026901	42.635490811684186	75.16926148009482	35.06689933861983	48.39240629613672	70.8874924516193	93.22062040123275
ENSG00000246331	1.3131257043981457	1.207087535171513	1.102642003750453	1.808885971446132	1.8456262809799906	3.0499415732859276	0.947693749353199	2.6005752472446906
ENSG00000233551	0.0	0.0	0.0	0.40197466032136264	0.0	0.0	0.0	0.2000442497880531
ENSG00000222721	26.82528224699069	17.703950515848856	13.966798714172405	31.95698549554833	20.3018890907799	30.906074609297402	28.241273730725332	15.003318734103983
ENSG00000137485	38.45582420023141	28.16537582066864	38.22492279668237	20.500707676389496	66.44254611527967	41.275875958469555	28.241273730725332	22.805044475838056
ENSG00000177796	340.4747362118049	531.7220592430515	252.6887925261455	318.7659056348406	412.4974737990279	471.11430835356634	470.43517717892803	253.4560644814633
ENSG00000150507	63.967980742823954	42.650426242726795	38.592470131265856	40.19746603213626	21.224702231269895	21.349591013001493	32.790203727620685	18.204026730712833
ENSG00000196079	11.81813133958331	9.656700281372103	2.940378676667875	7.235543885784528	8.120755636311959	11.99643685492465	14.404944990168625	11.202477988130974
ENSG00000186609	1.1255363180555533	2.414175070343026	4.043020680418327	2.411847961928176	1.1073757685879944	1.8299649439715566	2.4640037483183175	1.800398248092478
ENSG00000205509	21.760368815740698	22.934663168258748	19.296235065632928	24.922428939924487	17.34888704121191	20.332943821906188	31.652971228396847	29.006416219267702
ENSG00000100867	17.070634157175892	9.053156513786348	9.740004366462335	9.446404517552022	30.26827100807185	7.1165303376671645	19.5224912366759	9.60212398982655
ENSG00000115384	2.4386620224536992	3.2189000937907015	3.124152343959617	2.6128352920888576	2.2147515371759887	4.269918202600299	5.117546246507274	1.0002212489402655
ENSG00000106501	15.194740293749971	39.63270740479801	28.117371095636553	21.30465699703222	22.885765884151883	17.486331686839318	19.332952486805258	19.604336479229204
ENSG00000192882	132.8132855305553	188.30565548675605	214.28009606217137	131.0437392647642	221.10602846140287	292.1844027207919	89.46228993894199	355.47863187337043
ENSG00000147238	18.38375986157404	36.21262605514539	32.34416544334662	43.61425064486785	24.17770428083788	34.362675059021456	17.627103737969502	30.806814467360184
ENSG00000155900	3.9393771131944373	2.414175070343026	2.205284007500906	2.411847961928176	1.2919383966859934	4.676577079038423	4.359391247024716	3.000663746820797
ENSG00000124113	85.35317078587947	52.307126524098905	97.40004366462334	104.5134116835543	121.62677191658139	64.86209079188073	76.57365494773849	42.009292455491156
ENSG00000217733	1.8758938634259223	2.816537582066864	2.0215103402091636	2.8138226222495386	1.4765010247839927	4.269918202600299	1.5163099989651185	4.200929245549116
ENSG00000189525	0.9379469317129612	1.8106313027572696	1.2864156710421952	1.205923980964088	1.6610636528819915	2.033294382190619	1.5163099989651185	3.2007079966088496
ENSG00000102326	53.275385721296196	102.40125923371669	68.3638042325281	72.75741351816664	46.32521965259777	77.67184539968163	39.0449824733518	35.207787962697346
ENSG00000229438	6.565628521990728	7.04134395516716	7.350946691669686	8.039493206427252	4.060377818155979	8.946495281638722	5.686162496119194	15.403407233680092
ENSG00000191649	194.15501486458297	341.20340994181436	260.7748338869821	122.6022713980156	162.23055009814118	199.2628494546806	153.3368486453476	242.85371924269649
ENSG00000214247	24.1990308381944	74.23588341304804	51.45662684168781	43.21227598454649	34.88233671052183	60.79550202749949	43.214834970505876	49.610973947437174
ENSG00000134875	6.753217908333321	5.633075164133728	4.2267943477100705	5.426657914338396	5.721441471037971	5.286565393695608	6.633856245472393	9.202035490250443
ENSG00000156032	70.1584304921295	41.24215745169336	44.65700115189335	57.28138909579418	39.127277156775804	62.21880809503293	36.201901225292204	26.605885221811064
ENSG00000235575	560.7046757780082	382.4455673935077	363.8718612376495	372.6305101179032	300.09883328734645	1027.6269807591386	384.0055072379163	299.0661534331394
ENSG00000244436	12.005720725925903	16.496862980677346	22.2366137423008	23.314530298639035	18.456262809799906	14.843048989991516	13.646789990686065	29.806593218419916
ENSG00000231722	4.126966499537029	5.23071265240989	3.675473345834843	4.220733933374309	1.6610636528819915	5.286565393695608	3.601236247542156	4.200929245549116
ENSG00000222639	10.692595021527758	7.04134395516716	4.594341682293554	9.446404517552022	3.8758151900579807	13.826401798896205	9.47693749353199	7.401637242157966
ENSG00000203354	4.502145272222213	6.035437675857565	3.8592470131265855	7.43653121594521	5.721441471037971	4.473247640819361	4.359391247024716	4.400973495337168
ENSG00000239652	1.3131257043981457	2.212993814481107	2.0215103402091636	3.0148099524102197	1.6610636528819915	3.6599298879431132	5.307084996377914	1.4003097485163718
ENSG00000203098	1.6883044770833302	2.615356326204945	1.6539630056256793	2.411847961928176	1.4765010247839927	2.033294382190619	1.895387498706398	3.000663746820797
ENSG00000148173	39.39377113194437	35.2067197758358	56.418515858564845	62.708047010132574	76.9626159168656	75.43522157927195	65.39086870537074	74.41646092115576
ENSG00000164591	293.76497901249945	334.9667910100949	218.13934307529794	348.9140051589428	277.7667552874886	266.7682229434091	406.9396959722636	294.4651356880142
ENSG00000183283	10.505005635185166	16.295681724815427	17.274724725423763	16.279973743015187	9.96638191729195	17.689661125058382	17.05848748835758	14.403185984739824
ENSG00000143980	166.01660691319412	204.60133721157146	112.65325804983794	106.12131032483974	180.87137553603907	133.58744090992363	98.18107243299143	209.6463737778797
ENSG00000238833	142.00516546134233	204.60133721157146	175.1363049290303	216.06137992273244	176.4418724616871	248.4685735036936	232.3745073414044	248.45495823676197
ENSG00000141241	508.1796476020824	750.6072656208192	785.8162013394896	805.1552446236893	883.1321754489255	450.98469396987923	704.1364557694268	930.6058500140231
ENSG00000210690	15.569919066435157	15.28977544550583	17.458498392715505	46.026098606796026	21.59382748746589	21.349591013001493	16.48987123874566	10.002212489402655
ENSG00000199919	10.692595021527758	22.73348191239683	14.334346048755888	24.922428939924487	8.120755636311959	20.536273260125245	15.542177489392465	16.803716982196462
ENSG00000118570	87.60424342199059	63.57327685236636	44.840774819185086	63.91397099109666	82.13036950360959	93.93820045720658	84.72382119217599	103.62292139021152
ENSG00000163800	33.9536789280092	50.09413270961779	25.36076608626042	53.663617152901914	45.58696914020577	35.58265168833582	27.104041231501494	59.413142187051776
ENSG00000202892	51.024313085185085	67.59690196960473	45.575869488352055	77.17913478170163	38.389026644383804	99.02143641268312	56.10346996170938	57.01261118959514
ENSG00000169106	200.3454646138885	403.36841800314727	619.6848061077545	634.517001317271	336.2731083945543	338.74684407295706	418.31202096450204	319.6707111613089
ENSG00000204085	10.12982686249998	8.248431490338673	11.945288373963242	16.279973743015187	12.365696082565938	4.473247640819361	11.751402491979668	14.403185984739824
ENSG00000247958	51.774670630555455	52.508307779960816	56.418515858564845	47.23202258776011	42.08027920634378	41.68253483490768	27.483118731242772	53.811903192986286
ENSG00000155323	5.06491343124999	2.212993814481107	2.5728313420843905	4.823695923856352	3.8758151900579807	5.286565393695608	5.686162496119194	3.000663746820797
ENSG00000202748	13.694025203009232	12.272056607577051	17.090951058132024	11.456277819158835	19.194513322191902	21.95957932765868	12.699096241332867	19.804380729017257
ENSG00000129389	6.378039135648136	9.053156513786348	9.004909697295366	12.059239809640879	6.459691983429967	4.473247640819361	5.875701245989834	6.601460243005753
ENSG00000227572	4.8773240449073985	6.638981443443321	6.064531020627491	6.632581895302484	6.090566727233969	8.743165843419659	6.065239995860474	8.401858491098231
ENSG00000214173	28.70117611041661	15.69213795722967	27.93359742834481	28.138226222495387	40.97290343775579	27.246144721354288	34.685591226327084	17.203805481772566
ENSG00000137819	7.691164840046282	10.059062793095942	14.334346048755888	9.848379177873385	13.103946594957934	7.929848090543412	20.65972373589974	13.002876236223454
ENSG00000185413	105.98800328356461	43.656332522036394	101.0755170104582	76.17419813089822	158.9084227923772	56.932242701337316	104.05677367898126	34.00752246396903
ENSG00000199380	178.02232763912002	175.2288738557313	66.89361489419416	149.53457363954692	71.97942495821964	109.39123776185527	129.26542741177636	189.0418160497102
ENSG00000148067	0.37517877268518446	1.207087535171513	1.2864156710421952	1.0049366508034066	0.7382505123919963	0.6099883146571856	2.843081248059597	0.6001327493641594
ENSG00000166544	274.4432722192125	166.5780798536688	250.66728218593633	242.79269483410303	242.1461680645748	286.08451957422	182.52581612542613	276.66119745687746
ENSG00000153114	0.37517877268518446	0.4023625117238377	0.1837736672917422	0.0	0.7382505123919963	0.8133177528762473	0.0	0.2000442497880531
ENSG00000242147	40.14412867731474	35.810263543421556	45.94341682293554	43.21227598454649	47.80172067738176	56.932242701337316	28.241273730725332	67.4149121785739
ENSG00000241102	129.99944473541643	150.08121687299146	112.28571071525447	207.8208993861445	105.38526064395747	55.508936633803884	130.0235824112589	72.21597417348717
ENSG00000205361	7.691164840046282	11.869694095853212	5.145662684168781	4.019746603213626	10.15094454538995	11.589777978486525	9.666476243402629	2.6005752472446906
ENSG00000178380	9.942237476157388	16.698044236539264	28.484918430220038	17.686885054139957	21.224702231269895	15.453037304648701	14.404944990168625	17.603893981348673
ENSG00000115857	5.81527097662036	10.662606560681699	3.8592470131265855	9.245417187391341	6.275129355331968	8.133177528762475	3.032619997930237	4.601017745125222
ENSG00000135721	177.45955948009225	141.22924161506702	123.86345175463423	51.05078186081306	101.50944545389949	129.72418158376146	221.57079859877794	116.62579762643497
ENSG00000234490	0.18758938634259223	0.4023625117238377	0.1837736672917422	0.40197466032136264	0.1845626280979991	0.0	0.0	0.0
ENSG00000239959	2.6262514087962914	5.029531396547971	5.513210018752265	2.8138226222495386	2.3993141652739878	6.506542023009978	4.359391247024716	4.601017745125222
ENSG00000123910	0.37517877268518446	1.005906279309594	0.5513210018752265	0.20098733016068132	0.3691252561959982	1.0166471910953094	0.947693749353199	1.0002212489402655
ENSG00000195770	56.08922651643508	25.95238200618753	34.91699678543101	42.20733933374308	43.925905487323774	30.702745171078337	21.796956235123577	25.405619723082744
ENSG00000214520	254.3712078805551	304.58842137494514	315.723160407213	478.9528077729036	217.4147758994429	249.28189125656982	521.0420233943888	349.67734862951687
ENSG00000167120	282.8847946046291	262.3403576439422	317.92844441471397	239.17492289121077	457.3461924268417	365.7896593560923	209.44031860705698	332.4735431477443
ENSG00000159494	69.03289417407395	37.62089484617882	122.57703608359202	139.68619446167352	123.84152345375736	73.19859775886226	108.22662617613534	59.81323068662788
ENSG00000133406	86.66629649027762	37.21853233445499	46.49473782481077	49.643870549688295	33.40583568573783	101.66471910953092	29.188967480078528	55.01216869171461
ENSG00000124084	6.378039135648136	3.2189000937907015	6.615852022502717	8.240480536587933	4.429503074351977	8.336506966981535	6.065239995860474	6.401415993217699
ENSG00000220471	349.47902675624937	403.36841800314727	194.61631366195496	257.6657572659935	298.8068948906605	279.57797755121004	335.6731260209031	285.2631001977637
ENSG00000161638	140.8796291432868	117.28867216749869	85.08720795607663	130.84275193460354	54.07685003271373	57.948889892432625	60.841938708475375	122.4270808702885
ENSG00000197010	6.190449749305544	5.834256419995646	4.961889016877039	2.2108606317674946	7.013379867723964	5.286565393695608	8.90832124392007	6.601460243005753
ENSG00000141795	0.9379469317129612	1.005906279309594	1.102642003750453	2.6128352920888576	1.6610636528819915	2.4399532586287425	1.3267712490944785	0.2000442497880531
ENSG00000172694	7.128396681018505	8.851975257924428	5.696983686044007	7.838505876266572	5.721441471037971	14.233060675334329	5.686162496119194	8.601902740886283
ENSG00000195448	282.32202644560135	193.53636813916592	213.72877506029613	183.70241976686273	119.2274577513074	378.19275508745505	281.27550480802944	234.85194925117435
ENSG00000101938	312.3363282604161	568.3370478099208	346.78091017951743	150.94148495067168	216.1228375027569	330.00367822953734	215.3160198530468	377.4834993500562
ENSG00000168469	1403.3561992289326	820.215980149043	686.0271000000735	821.8371930270259	1076.1846844394327	443.66483419399293	457.54654218772447	804.1778841479736
ENSG00000171494	8.066343612731465	6.236618931719484	13.783025046880663	10.65232849851611	6.090566727233969	6.303212584790917	17.627103737969502	4.801061994913275
ENSG00000150576	12.005720725925903	8.449612746200591	19.48000873292467	12.260227139801563	10.15094454538995	16.876343372182134	10.614169992755828	18.404070980500887
ENSG00000186608	1161.5534802333314	398.5400678624612	785.0811066703225	522.5670584177714	672.7307794172066	398.5256989093612	698.4502932733077	477.30557999429476
ENSG00000216443	40.14412867731474	61.56146429374717	35.83586512188972	61.50212302916849	16.795199156917914	60.18551371284231	48.14284246714251	37.00818621078982
ENSG00000117310	272.37978896944395	102.20007797785478	328.9548644522185	224.50284778948105	267.98493599829465	139.6873240564955	273.3148773134626	113.22504538003807
ENSG00000112008	1.8758938634259223	2.212993814481107	2.5728313420843905	1.0049366508034066	2.2147515371759887	0.8133177528762473	1.1372324992238387	2.8006194970327436
ENSG00000191319	13.506435816666642	13.680325398610481	18.193593061882474	12.863189130283605	14.580447619741927	11.589777978486525	9.09785999379071	8.201814241310178
ENSG00000233698	22.510726361111068	36.41380731100731	20.582650736675124	27.937238892334705	26.02333056181787	18.90963775437275	46.43699371830675	42.009292455491156
ENSG00000211909	23.26108390648144	19.313400562744206	16.355856388965055	11.054303158837474	17.71801229740791	14.843048989991516	10.045553743143909	15.403407233680092
ENSG00000186193	11.63054195324072	8.851975257924428	10.291325368337562	14.270100441408376	16.795199156917914	11.183119102048401	26.91450248163085	13.803053235375664
ENSG00000179853	0.7503575453703689	1.207087535171513	2.5728313420843905	1.808885971446132	1.4765010247839927	2.8466121350668656	0.18953874987063982	0.8001769991522124
ENSG00000117800	486.2316893999991	873.9313754641755	1021.9653638093781	334.64390471753444	913.4004464569973	631.541235108406	583.5898108516999	723.9601399829642
ENSG00000248678	30.389480587499943	51.502401500651224	33.63058111438882	32.358960155869696	38.019901388187805	58.15221933065169	16.110793739004382	24.40539847414248
ENSG00000104360	0.18758938634259223	2.615356326204945	1.4701893383339375	0.602961990482044	1.8456262809799906	1.2199766293143712	0.947693749353199	2.000442497880531
ENSG00000155448	444.9620244046288	164.36508603918767	132.68458778463784	168.42738267465097	356.3904348572362	168.15344540716416	118.27217991927922	149.63309884146372
ENSG00000187470	32.828142609953645	54.922482850303844	30.138881435845715	38.38858006069013	40.41921555346179	31.51606292395459	33.92743622684453	40.809026956762835
ENSG00000191048	100.54791107962944	192.53046185985633	70.56908824002899	64.71792031173939	91.17393828041153	77.46851596146257	91.9262936872603	111.22460288215753
ENSG00000112901	20.634832497685146	18.106313027572696	18.193593061882474	27.53526423201334	15.687823388329921	20.332943821906188	17.05848748835758	10.602345238766816
ENSG00000181095	7.315986067361097	7.242525211029078	8.086041360836655	5.225670584177715	6.275129355331968	5.896553708352793	6.254778745731113	9.202035490250443
ENSG00000116647	7.315986067361097	8.449612746200591	6.983399357086203	4.823695923856352	8.305318264409959	5.693224270133731	5.686162496119194	9.202035490250443
ENSG00000140500	38.643413586574	49.49058894203203	72.03927757836293	73.56136283880937	50.570160098851744	93.93820045720658	28.80988998033725	82.41823091267788
ENSG00000183242	183.6500092293978	176.63714264676474	152.34837018485425	156.97110485549211	66.62710874337766	229.96559462575894	148.5983798985816	180.84000180840002
ENSG00000171020	34.141268314351784	102.40125923371669	64.87210455398498	82.00283070555798	103.53963436297747	38.02260494696457	110.12201367484172	88.41955840631948
ENSG00000101187	63.40521258379618	145.45404798816733	71.4879565764877	110.14105692805336	52.60034900792973	128.91086383088523	135.89928365724873	178.0393823113673
ENSG00000218836	266.7521073791662	327.32190328734197	392.3567796678695	247.81737808812005	260.04874299008065	405.84555868524745	250.00161107937393	158.23500158235
ENSG00000164874	146.31972134722196	36.81616982273115	203.62122335925034	36.37870675908332	94.86519084237152	25.21285033916367	88.89367368933006	44.009734953371684
ENSG00000217229	217.603688157407	322.0911906349321	208.95065971071085	219.478164535464	358.60518639441216	252.33183282985576	253.22376982717478	223.04933851367923
ENSG00000172858	179.1478639571756	200.5777120943331	192.5948033217458	266.7101871232241	237.7166649902228	182.99649439715566	347.23498976301215	472.10442949980535
ENSG00000113803	104.86246696550907	54.31893908271809	43.73813281543463	48.035971908402836	47.06347016498976	59.98218427462324	32.97974247749132	50.21110669680134
ENSG00000124388	31.5150169055555	18.70985679515845	20.582650736675124	31.354023505066287	18.640825437897906	20.94293213656337	19.332952486805258	44.60986770273585
ENSG00000179920	7.691164840046282	5.029531396547971	10.10755170104582	11.255290488998154	11.996570826369938	20.129614383687123	9.666476243402629	7.601681491946018
ENSG00000193752	5.81527097662036	3.621262605514539	5.145662684168781	2.6128352920888576	5.352316214841973	4.269918202600299	9.09785999379071	2.000442497880531
ENSG00000223118	2.4386620224536992	0.4023625117238377	0.1837736672917422	0.20098733016068132	0.9228131404899953	0.8133177528762473	0.37907749974127963	1.0002212489402655
ENSG00000119323	297.7043561256939	435.75860019691623	374.89828127515403	540.6559181322328	376.13863606372206	367.00963598540665	455.46161593914746	460.70190726188633
ENSG00000150174	20.822421884027737	16.698044236539264	23.706803080634742	24.118479619281757	23.43945376844588	21.552920451220555	22.555111234606137	29.40650471884381
ENSG00000184815	17.820991702546262	4.828350140686052	14.150572381464148	8.843442527069978	24.915954793229872	14.843048989991516	15.731716239263106	8.001769991522124
ENSG00000227859	484.918563695601	662.6910568091606	675.000679962569	777.8209677218367	765.0120934662061	795.42476231297	704.8946107689095	306.26774642550936
ENSG00000162124	211.60082779444403	222.3052877274203	305.24806137158373	174.65798990963208	340.1489235846123	163.47686832812573	181.9571998758142	387.2856675896708
ENSG00000216192	46.70975719930547	17.50276925998694	38.96001746584934	36.17771942892264	46.50978228069577	33.956016182583326	9.85601499327327	26.40584097202301
ENSG00000148781	127.37319332662014	167.18162362125457	275.2929536030298	181.8935337954166	217.9684637837369	229.55893574932082	335.48358727103243	390.8864640858558
ENSG00000152023	60.5913717886573	22.33111940067299	23.706803080634742	23.716504958960396	30.821958892365842	27.246144721354288	23.502804983959336	26.40584097202301
ENSG00000125464	163.76553427708305	102.40125923371669	189.83819831236966	30.952048844744922	196.559198924369	70.14865618557634	90.59952243816582	58.61296518789956
ENSG00000237092	661.4401762439802	1778.0399393076389	1159.9793879454764	1571.3189471962066	1121.0334030672464	1448.925576749035	831.6960344323675	649.7437233115966
ENSG00000101416	346.47759657476786	504.9649522134163	402.6481050362071	224.10087312915968	100.5866323134095	211.6659451860434	232.94312359101633	172.8382318168779
ENSG00000100280	18.008581088888853	19.11221930688229	20.39887706938338	27.33427690185266	14.580447619741927	24.806191462725547	22.744649984476776	26.605885221811064
ENSG00000226457	76.16129085509246	156.9213795722967	127.35515143317734	148.12766232842213	120.51939614799339	176.4899523741457	112.01740117354812	133.02942610905532
ENSG00000118059	274.0680934465273	121.7146597964609	419.55528242704736	312.13332373953807	425.23229513778983	355.013199130482	217.5904848514945	418.8926590561832
ENSG00000127258	19.509296179629594	31.585457170321256	26.830955424594354	22.108606317674948	14.580447619741927	28.262791912449597	21.98649498499422	38.008407459730094
ENSG00000128928	16.13268722546293	23.337025679982585	6.615852022502717	12.059239809640879	10.704632429683945	11.99643685492465	8.90832124392007	10.602345238766816
ENSG00000148854	1048.0619014960628	581.8161919526693	1429.9429051970458	1978.9212527620684	1009.9267009522508	1061.3796675035028	1655.8105188699092	1302.4881103700138
ENSG00000202671	6.002860362962951	18.70985679515845	12.129062041254983	12.260227139801563	20.486451718877895	12.606425169581835	20.849262485770378	18.003982480924783
ENSG00000181710	2.2510726361111066	2.414175070343026	1.2864156710421952	4.622708593695671	2.0301889090779897	2.2366238204096804	2.2744649984476775	1.800398248092478
ENSG00000212475	63.030033811111	28.970100844116313	44.4732274846016	34.36883345747651	38.573589272481804	42.292523149564865	48.33238121701315	35.60787646227346
ENSG00000186156	2916.264600081939	3231.976875421726	3853.3662557732496	3552.049085929721	3947.240927131906	4819.7210035446415	3041.907396673898	1587.5511663179896
ENSG00000191675	146.69490011990715	163.96272352746385	78.8389032681574	141.29409310295898	144.69710042883128	130.1308404601996	109.36385867535917	154.63420508616505
ENSG00000134684	145.19418502916642	204.80251846743337	209.5019807125861	185.51130573830886	176.6264350897851	279.17131867477195	207.35539235847995	177.4392495620031
ENSG00000188405	0.5627681590277767	0.8047250234476754	0.3675473345834844	0.0	0.1845626280979991	0.8133177528762473	0.18953874987063982	0.4000884995761062
ENSG00000209497	11.067773794212941	18.508675539296533	7.167173024377944	10.45134116835543	12.919383966859934	16.26635505752495	10.235092493014548	11.002433738342921
ENSG00000189449	569.3337875497675	491.8881705823915	541.5809975087641	546.886525367214	325.93760122106636	335.90023193789017	258.90993232329396	449.89951777333147
ENSG00000221449	30.20189120115735	15.89331921309159	23.339255746051254	13.66713845092633	31.56020940475784	9.963142472734031	21.796956235123577	18.60411523028894
ENSG00000114160	306.33346789745315	509.1897585865166	440.1379331637225	589.4958393612784	439.9973053856298	444.4781519468692	649.5492958066826	556.7231471601518
ENSG00000112535	132.06292798518493	116.88630965577485	90.41664430753714	72.55642618800596	80.65386847882559	138.26401798896205	83.01797244334023	100.42221339360268
ENSG00000235275	158.88821023217562	103.20598425716436	134.88987179213873	70.54655288639916	134.3615932553433	44.122488093536425	165.46732863706853	81.0179211641615
ENSG00000152294	1610.4548817511543	417.45110591348157	705.3233350657064	1185.222285957538	1027.2755879934628	752.725580286967	860.1268469129634	1454.521740208934
ENSG00000214982	19.321706793287	17.50276925998694	13.783025046880663	14.471087771569056	12.919383966859934	24.806191462725547	12.509557491462227	14.403185984739824
ENSG00000179806	10.692595021527758	22.53230065653491	8.453588695420141	15.677011752533144	18.825388065995906	5.693224270133731	12.699096241332867	18.003982480924783
ENSG00000220882	52.525028175925826	37.62089484617882	93.90834398608024	48.4379465687242	124.57977396614938	21.95957932765868	141.5854461533679	44.009734953371684
ENSG00000180660	98.85960660254612	43.45515126617447	108.79401103671137	63.91397099109666	79.9156179664336	58.965537083527934	157.69623989237232	49.410929697649124
ENSG00000190111	1.1255363180555533	1.207087535171513	0.1837736672917422	1.205923980964088	1.2919383966859934	1.4233060675334328	1.3267712490944785	2.4005309974566376
ENSG00000109001	262.8127302659717	476.39721388102384	630.7112261452592	361.3752196289051	541.8758760957253	549.3961420679051	330.93465727413707	612.5354928510187
ENSG00000147789	68.84530478773137	43.25397001031255	77.73626126440693	54.26657914338396	66.25798348718166	66.48872629763322	36.201901225292204	75.21663792030797
ENSG00000104290	20.07206433865737	33.798450984802365	26.64718175730261	45.62412394647466	18.640825437897906	30.296086294640215	47.38468746765995	37.60831896015399
ENSG00000238231	163.95312366342563	141.0280603592051	86.92494462899404	77.3801221118623	108.89195057781944	153.71705529361074	153.71592614508887	98.82185939529825
ENSG00000123943	9.567058703472204	21.727575633087234	15.620761719798082	17.485897723979278	18.825388065995906	14.029731237115268	21.796956235123577	20.204469228593364
ENSG00000212661	831.5837496567113	622.8571681485007	1190.302043048614	245.2045427960312	998.1146927539789	316.99059418351743	1213.2375379219654	566.1252269001903
ENSG00000198105	45.58422088124992	50.89885773306547	33.26303377980533	43.413263314707166	21.40926485936789	39.649240452717066	37.718211224257324	47.21044294998054
ENSG00000217580	142.7555230067127	71.21816457511927	107.14004803108568	255.85687129454735	118.8583324951114	221.62908765877742	123.57926491565716	120.62668262219603
ENSG00000148647	4.314555885879622	8.248431490338673	4.2267943477100705	10.853315828676791	7.382505123919962	7.1165303376671645	3.790774997412796	4.801061994913275
ENSG00000163061	40.706896836342516	24.946475726877935	27.93359742834481	19.69675835574677	13.288509223055932	25.21285033916367	20.470184986029096	16.203584232832302
ENSG00000244441	124.55935253148125	65.38390815512362	118.90156273775719	80.59591939443321	84.71424629698157	106.13796675035029	71.83518620097247	81.61805391352567
ENSG00000156176	4.126966499537029	8.248431490338673	7.902267693544912	5.024683254017033	4.7986283305479756	4.879906517257485	7.012933745213672	3.400752246396903
ENSG00000164572	8.253932999074058	11.668512839991292	5.696983686044007	10.049366508034066	8.305318264409959	8.133177528762475	6.823394995343032	10.402300988978762
ENSG00000128038	59.65342485694433	29.97600712342591	31.241523439596165	29.947112193941518	30.26827100807185	42.49585258778393	26.535424981889573	29.206460469055756
ENSG00000149770	144.81900625648123	191.9269180922706	291.64880999199477	530.405564294038	471.7420774184856	307.6374400254406	342.11744351650486	278.661639954758
ENSG00000206652	117.24336646412014	199.57180581502348	149.7755388427699	133.4555872266924	148.75747824698723	231.99888900794957	100.07645993169781	194.04292229441154
ENSG00000145439	296.76640919398096	194.5422744184755	160.06686421110743	242.18973284362102	155.03260760231922	148.2271604616961	207.35539235847995	241.65345374396816
ENSG00000205783	59.09065669791656	89.32447760269196	48.51624816501993	60.095211718043714	78.0699916854536	89.46495281638721	78.0899649467036	67.61495642836196
ENSG00000200935	170.14357341273114	247.05058219843633	257.65068154302253	107.52822163596451	247.49848427941672	307.4341105872215	200.9110748628782	349.07721588015266
ENSG00000184588	530.877963349536	970.9007407896203	855.4664212430598	1783.7625551760468	898.2663109529614	544.3129061124287	552.8845333726563	947.8096554957956
ENSG00000240088	44.271095176851766	74.23588341304804	69.2826725689868	44.418199965510574	36.35883773530581	32.93936899148802	72.97241870019631	25.80570822265885
ENSG00000156267	75.41093330972208	92.9457402082065	54.58077918564742	87.63047595005706	29.89914575187585	60.38884315106137	115.80817617096092	85.61893890928674
ENSG00000175264	85.16558139953688	101.3953529544071	163.19101655506705	108.33217095660723	179.76399976745108	68.92867955626197	102.16138618027485	124.82761186774515
ENSG00000210164	0.37517877268518446	0.0	0.5513210018752265	0.602961990482044	0.5536878842939972	1.2199766293143712	0.0	0.6001327493641594
ENSG00000167173	107.48871837430535	42.449244986864876	59.175120867940976	20.701695006550178	48.17084593357776	31.31273348573552	48.33238121701315	35.80792071206151
ENSG00000118193	115.93024075972201	83.08785867097248	66.15852022502719	97.88082978825182	48.17084593357776	80.51845753474849	87.18782494049431	115.6255763774947
ENSG00000156462	270.50389510601804	193.73754939502786	470.46058826685993	132.65163790604967	297.1458312377785	268.8015173255998	381.9205809893392	188.6417275501341
ENSG00000169251	20.447243111342555	15.89331921309159	9.923778033754077	11.255290488998154	17.71801229740791	14.029731237115268	18.76433623719334	15.003318734103983
ENSG00000136550	374.42841513981415	286.88447085909627	364.97450324139993	314.94714636178765	175.51905932119712	315.56728811598396	191.8132148690875	140.03097485163718
ENSG00000202080	7.503575453703689	4.828350140686052	18.56114039646596	13.868125781087011	10.889195057781945	13.21641348423902	14.594483740039264	9.60212398982655
ENSG00000142687	14.819561521064786	25.751200750325612	20.39887706938338	27.937238892334705	11.258320313977942	40.259228767374246	27.104041231501494	22.805044475838056
ENSG00000237546	2060.1066408143483	969.6936532544488	496.0051280204121	700.2398582798137	1286.5860804711515	1345.4308926955323	571.459330859979	1278.6828446452355
ENSG00000237984	2.6262514087962914	1.408268791033432	2.0215103402091636	4.421721263534989	2.3993141652739878	2.4399532586287425	1.895387498706398	1.4003097485163718
ENSG00000209553	29.639123042129572	33.39608847307853	14.150572381464148	36.17771942892264	43.74134285922578	30.906074609297402	18.19571998758142	34.40761096354513
ENSG00000144674	26.450103474305504	31.183094658597422	41.900396142517216	26.731314911370617	24.546829537033876	20.94293213656337	30.136661229431727	20.60455772816947
ENSG00000184587	22.510726361111068	27.56183205308288	34.733223118139264	25.52539093040653	40.6037781815598	25.619509215601795	28.80988998033725	28.406283469903542
ENSG00000144240	28.138407951388835	8.248431490338673	17.642272060007247	7.43653121594521	24.17770428083788	10.776460225610277	25.777269982407013	13.402964735799559
ENSG00000164004	96.608533966435	142.63751040610046	93.72457031878851	118.98449945512336	192.49882110621303	223.8657114791871	101.02415368105102	196.64349754165622
ENSG00000101628	5.06491343124999	4.425987628962214	2.940378676667875	2.6128352920888576	3.506689933861982	7.929848090543412	2.843081248059597	3.000663746820797
ENSG00000236888	1.8758938634259223	4.224806373100296	2.389057674792648	2.2108606317674946	1.6610636528819915	2.033294382190619	2.2744649984476775	2.8006194970327436
ENSG00000184724	67.7197684696758	104.81543430405972	52.37549517814652	109.94006959789269	61.274792528535684	42.292523149564865	124.33741991513972	157.23478033340976
ENSG00000106953	2.4386620224536992	2.615356326204945	3.675473345834843	3.818759273052945	2.583876793371987	6.099883146571855	1.705848748835758	3.800840745973009
ENSG00000104633	82.53932999074058	64.17682061995211	27.93359742834481	105.71933566451838	83.05318264409958	100.85140135665468	130.97127616061212	93.82075315059691
ENSG00000120657	36.392340950462895	38.82798238135034	44.4732274846016	54.26657914338396	38.573589272481804	45.749123599288914	34.49605247645645	41.60920395591505
ENSG00000165274	9.004290544444427	8.047250234476753	1.6539630056256793	10.853315828676791	6.090566727233969	12.19976629314371	4.359391247024716	11.402522237919028
ENSG00000227267	11.255363180555534	8.851975257924428	11.02642003750453	19.897745685907452	11.073757685879944	13.013084046019957	13.267712490944787	18.404070980500887
ENSG00000132017	17.445812929861077	15.89331921309159	29.587560433970488	21.10366966687154	40.0500902972658	30.906074609297402	14.215406240297984	30.20668171799602
ENSG00000224913	73.72262883263875	49.49058894203203	109.52910570587834	25.72637826056721	29.71458312377785	79.29848090543413	67.66533370381842	62.413805933872574
ENSG00000190391	6.753217908333321	10.059062793095942	6.983399357086203	10.250353838194748	11.258320313977942	9.353154158076846	8.52924374417879	5.401194744277435
ENSG00000102831	19.884474952314775	21.727575633087234	24.809445084385192	21.907618987514265	14.580447619741927	16.46968449574401	31.08435497878493	21.20469047753363
ENSG00000104598	1.6883044770833302	2.011812558619188	3.124152343959617	2.411847961928176	4.060377818155979	2.643282696847804	2.084926248577038	2.200486747668584
ENSG00000186735	11.81813133958331	14.283869166196236	23.339255746051254	13.466151120765648	22.516640627955884	8.539836405200598	20.28064623615846	30.606770217572127
ENSG00000122185	0.9379469317129612	0.8047250234476754	0.3675473345834844	1.6078986412854506	1.8456262809799906	0.8133177528762473	0.37907749974127963	1.0002212489402655
ENSG00000123250	28.138407951388835	23.135844424120666	13.415477712297177	12.863189130283605	33.40583568573783	35.1759928118977	43.593912470247155	29.40650471884381
ENSG00000155834	14.631972134722194	13.277962886886643	11.945288373963242	5.627645244499077	7.013379867723964	13.21641348423902	14.025867490427345	12.602787736647347
ENSG00000141232	2269.081217199996	1897.1392427778947	1626.7645028665017	2084.037626436105	1468.7493944038765	976.5912917661542	3628.5298275235286	2220.4911726473897
ENSG00000179424	477.22739885555467	470.7641387168901	448.04020085726745	359.7673209876196	417.1115395014779	274.4947415957335	366.94701974955865	311.06880842042256
ENSG00000158098	12.56848888495368	24.946475726877935	34.91699678543101	13.868125781087011	29.89914575187585	24.19620314806836	22.744649984476776	18.003982480924783
ENSG00000114559	116.86818769143497	297.14471490805414	187.08159330299353	473.92812451888653	159.6466733047692	215.52920451220558	172.66980113215286	227.0502235094403
ENSG00000176199	61.34172933402767	66.38981443443322	43.18681181355941	43.81523797502853	36.72796299150182	84.1783874226916	43.025296220635234	28.20623922011549
ENSG00000242337	5.06491343124999	3.8224438613764575	2.7566050093761323	1.6078986412854506	2.9530020495679854	4.676577079038423	7.012933745213672	1.800398248092478
ENSG00000208022	0.0	0.4023625117238377	0.3675473345834844	0.20098733016068132	0.7382505123919963	0.20332943821906183	0.18953874987063982	0.0
ENSG00000249172	374.6160045261567	287.8903771384059	295.6918306724131	156.1671555348494	167.58286631298316	291.9810732825728	460.0105459360428	243.05376349248453
ENSG00000162392	56.08922651643508	48.68586391858436	65.97474655773543	82.20381803571867	57.76810259467371	55.508936633803884	52.69177246403787	80.6178326645854
ENSG00000230854	1.1255363180555533	0.20118125586191885	1.102642003750453	0.602961990482044	0.5536878842939972	0.8133177528762473	1.5163099989651185	1.6003539983044248
ENSG00000154100	171.6442885034719	93.9516464875161	104.56721668900128	108.13118362644656	151.89504292465324	116.71109753774151	95.90660743454374	138.2305766035447
ENSG00000239803	255.12156542592547	171.80879250607867	163.55856388965054	61.10014836884712	118.4892072389154	200.07616720755686	185.36889737348574	333.2737201468965
ENSG00000247446	5.06491343124999	12.07087535171513	5.513210018752265	5.828632574659759	5.167753586743974	9.149824719857783	5.307084996377914	13.002876236223454
ENSG00000155249	126.62283578124978	83.2890399268344	147.93780216985243	99.48872842953726	333.50466897308434	153.10706697895355	54.7766987126149	113.42508962982612
ENSG00000239191	0.7503575453703689	0.6035437675857565	0.9188683364587108	1.4069113111247693	0.1845626280979991	0.20332943821906183	0.37907749974127963	0.8001769991522124
ENSG00000169557	18.196170475231447	17.50276925998694	18.009819394590732	20.09873301606813	18.640825437897906	36.59929887943113	30.705277479043648	15.403407233680092
ENSG00000213896	37.70546665486104	37.62089484617882	16.539630056256797	22.309593647835626	48.72453381787175	42.69918202600299	39.23452122322244	44.009734953371684
ENSG00000194169	142.19275484768494	162.3532734805685	153.4510121886047	127.82794198219332	139.16022158589132	116.71109753774151	134.19343490841297	147.83270059337124
ENSG00000105768	70.53360926481469	70.81580206339542	64.50455721940149	66.32581895302484	52.41578637983174	52.45899506051796	70.50841495187801	58.81300943768762
ENSG00000129722	62.842444424768395	68.60280824891431	68.18003056523634	47.03103525759943	38.204464016285804	46.96910022860329	47.00560996791867	60.613407685780096
ENSG00000166180	103.54934126111091	110.04614695646961	93.90834398608024	87.42948861989638	94.49606558617553	134.60408810101893	98.37061118286206	87.41933715737922
ENSG00000152127	12.380899498611088	7.242525211029078	14.51811971604763	7.63751854610589	19.009950694093902	7.5231892141052885	30.89481622891429	8.201814241310178
ENSG00000203236	524.8751029865731	471.1665012286139	645.5968931958902	496.6396928270436	912.6621959446053	330.41033710597554	709.4435407658048	522.1154919468187
ENSG00000184031	22.510726361111068	12.674419119300888	13.047930377713694	15.0740497620511	17.533449669309913	19.722955507248997	11.940941241850307	10.402300988978762
ENSG00000179446	96.42094458009241	141.63160412679085	147.3864811679772	184.70735641766615	146.72728933790924	273.68142384285727	147.0820698996165	169.03739107090487
ENSG00000122525	29.639123042129572	44.25987628962215	20.031329734799897	26.731314911370617	22.147515371759887	22.772897080534925	31.46343247852621	30.006637468207966
ENSG00000165178	21.947958202083292	9.254337769648266	22.2366137423008	13.466151120765648	18.640825437897906	16.063025619305886	17.81664248784014	29.40650471884381
ENSG00000131542	101.86103678402759	98.98117788406407	109.16155837129484	75.16926148009482	92.28131404899953	161.4435739459351	135.1411286577662	58.61296518789956
ENSG00000165336	48.02288290370361	88.11739006752045	86.00607629253534	79.18900808330844	41.71115395014779	89.26162337816815	66.14902370485329	82.61827516246593
ENSG00000236540	578.9008462532397	345.83057882663854	301.94013536033236	355.74757438440594	357.4978106258242	707.7897744405543	339.4639010183159	739.5635914664324
ENSG00000161650	287.0117611041661	396.12589279211824	308.9235347174186	182.29550845573797	308.95783943605045	266.7682229434091	206.02862110938545	255.05641847976776
ENSG00000196569	12.756078271296271	15.088594189643912	10.10755170104582	8.441467866748617	10.15094454538995	10.97978966382934	4.738468746765995	10.402300988978762
ENSG00000116163	50.27395553981472	98.98117788406407	88.9464549692032	96.47391847712703	105.93894852825147	106.34129618856934	59.894244959122176	87.81942565695532
ENSG00000226006	85.54076017222206	60.35437675857565	89.3140023037867	38.38858006069013	38.573589272481804	35.379322250116765	55.913931211838744	43.60964645379558
ENSG00000225211	14.631972134722194	8.851975257924428	14.885667050631115	10.45134116835543	12.734821338761934	5.083235955476547	18.19571998758142	3.600796496184956
ENSG00000205627	1.8758938634259223	2.414175070343026	2.5728313420843905	5.225670584177715	1.6610636528819915	3.0499415732859276	3.032619997930237	1.800398248092478
ENSG00000179091	56.27681590277767	67.1945394578809	52.00794784356304	60.2961990482044	34.51321145432583	52.2556656222989	44.35206746972971	35.60787646227346
ENSG00000176556	10.505005635185166	5.23071265240989	17.82604572729899	7.63751854610589	14.580447619741927	14.436390113553392	5.875701245989834	11.002433738342921
ENSG00000239039	3.0014301814814757	5.23071265240989	1.8377366729174216	5.828632574659759	0.7382505123919963	2.643282696847804	1.5163099989651185	4.200929245549116
ENSG00000242607	18.946528020601814	22.53230065653491	52.19172151085478	12.059239809640879	27.68439421469986	22.16290876587774	10.235092493014548	22.40495597626195
ENSG00000120669	61.34172933402767	58.141382944094545	24.993218751676935	55.07052846402668	76.77805328876761	36.59929887943113	79.79581369553935	76.01681491946019
ENSG00000119362	90.41808421712946	49.69177019789396	57.153610527731814	39.59450404165422	41.89571657824579	29.279439103544906	67.85487245368905	30.606770217572127
ENSG00000115569	2.8138407951388835	3.621262605514539	3.4916996785431014	2.411847961928176	1.1073757685879944	3.0499415732859276	1.1372324992238387	3.2007079966088496
ENSG00000172827	7.503575453703689	8.248431490338673	3.675473345834843	4.622708593695671	8.489880892507957	6.9132008994481025	6.444317495601753	5.201150494489381
ENSG00000189542	440.272289746064	461.71098220310375	847.5641535495149	741.4422609627534	510.86935457526147	354.60654025404386	281.4650435579001	434.29606628986335
ENSG00000122895	5.06491343124999	6.840162699305241	9.923778033754077	6.230607234981122	6.090566727233969	7.5231892141052885	7.581549994825592	6.001327493641594
ENSG00000168602	15.75750845277775	7.846068978614835	28.668692097511776	24.118479619281757	16.05694864452592	20.332943821906188	14.404944990168625	12.802831986435399
ENSG00000104885	3464.213197588651	2159.2784191659753	2749.8053836863382	2891.0017570312407	3100.0984641620903	2607.29338628303	2764.233128113411	3332.3371129693887
ENSG00000209059	42.77038008611103	54.11775782685617	25.912087088135646	56.47743977515146	96.52625449525351	69.13200899448103	74.2991899492908	58.61296518789956
ENSG00000193768	16.507865998148116	8.248431490338673	5.88075735333575	9.245417187391341	6.644254611527966	7.3198597758862265	8.90832124392007	9.202035490250443
ENSG00000213486	1.5007150907407378	1.408268791033432	0.3675473345834844	0.40197466032136264	1.2919383966859934	0.6099883146571856	0.7581549994825593	0.2000442497880531
ENSG00000220200	61.34172933402767	36.61498856686923	38.04114912939063	38.991542051172175	60.16741675994769	53.882301128051395	58.18839621028642	63.814115682388945
ENSG00000107347	2.8138407951388835	4.023625117238376	1.8377366729174216	1.4069113111247693	2.9530020495679854	3.253271011504989	1.3267712490944785	0.8001769991522124
ENSG00000127185	25.699745928935137	26.354744517911367	19.296235065632928	34.971795447958556	28.053519470895857	20.94293213656337	36.58097872503348	37.80836320994204
ENSG00000182736	4.502145272222213	5.633075164133728	2.205284007500906	2.411847961928176	5.721441471037971	3.253271011504989	3.032619997930237	6.801504492793806
ENSG00000181354	1.1255363180555533	1.408268791033432	1.102642003750453	1.0049366508034066	1.2919383966859934	0.8133177528762473	1.5163099989651185	1.4003097485163718
ENSG00000113666	878.8562750150447	826.0502365690388	761.0067562551043	703.857630222706	436.3060528236698	474.77423824150947	407.69785097174616	506.31199621356245
ENSG00000185128	25.699745928935137	20.72166935377764	38.7762437985576	32.96192214635173	22.885765884151883	21.95957932765868	20.65972373589974	33.00730121502877
ENSG00000188820	222.668601588657	104.21189053647396	184.6925356282009	197.77153287811043	178.8411866269611	169.37342203647853	201.8587686122314	240.05309974566373
ENSG00000162039	184.58795616111075	119.90402849370363	203.25367602466682	182.69748311605935	169.42849259396314	162.05356226059232	154.2845423947008	104.02300988978763
ENSG00000190542	11.81813133958331	4.828350140686052	6.432078355210976	3.617771942892264	12.550258710663936	8.743165843419659	4.548929996895355	6.601460243005753
ENSG00000241289	59.09065669791656	41.84570121927912	44.10568015001812	51.25176919097374	19.379075950289902	31.51606292395459	27.29357998137213	38.60854020909426
ENSG00000110404	19.696885565972185	18.106313027572696	11.577741039379756	9.245417187391341	8.120755636311959	21.146261574782432	8.339704994308152	13.402964735799559
ENSG00000102320	146.50731073356454	156.9213795722967	163.37479022235877	220.08112652594605	225.90465679195086	125.65759281938023	225.5511123460614	190.04203729865046
ENSG00000219943	48.3980616763888	67.1945394578809	22.97170841146777	61.50212302916849	44.664155999715774	58.15221933065169	51.17546246507275	88.81964690589558
ENSG00000239361	12.005720725925903	21.325213121363397	13.231704045005435	18.08885971446132	16.610636528819917	10.776460225610277	7.202472495084312	20.804601977957525
ENSG00000190927	767.6157689138875	1568.0067081877955	993.6642190464498	1164.319603620827	696.9084836980445	931.8588153579605	1219.8713941674378	977.8162929640035
ENSG00000147684	239.92682513217548	73.22997713373846	162.27214821860832	126.42103067106856	132.88509223055934	78.2818337143388	219.1067948504596	85.61893890928674
ENSG00000184544	88.91736912638872	93.34810271993034	68.73135156711157	78.98802075314777	68.84186028055365	100.03808360377843	40.75083122218756	98.02168239614602
ENSG00000146875	11.63054195324072	5.834256419995646	3.4916996785431014	6.230607234981122	3.8758151900579807	3.4566004497240512	4.738468746765995	4.200929245549116
ENSG00000152763	139.9416822115738	69.407533272362	101.62683801233341	39.99647870197558	169.98218047825713	75.02856270283382	92.8739874366135	62.813894433448674
ENSG00000171758	1.1255363180555533	4.224806373100296	1.2864156710421952	1.808885971446132	1.1073757685879944	1.4233060675334328	1.705848748835758	1.0002212489402655
ENSG00000243823	98.67201721620353	60.153195502713736	112.46948438254621	57.884351086276226	46.32521965259777	71.16530337667164	53.26038871364978	47.01039870019248
ENSG00000178824	2.4386620224536992	3.0177188379287827	2.5728313420843905	3.215797282570901	4.429503074351977	6.099883146571855	1.895387498706398	3.000663746820797
ENSG00000236462	38.08064542754623	52.10594526823698	40.79775413876676	50.849794530652375	25.46964267752387	67.30204405050947	38.855443723481166	46.21022170104027
ENSG00000136746	7.503575453703689	13.479144142748561	27.198502759177842	15.0740497620511	12.919383966859934	20.536273260125245	10.424631242885189	18.003982480924783
ENSG00000225644	44.271095176851766	78.05832727442451	39.32756480043282	29.545137533620156	45.21784388400977	51.23901843120359	46.81607121804803	41.8092482057031
ENSG00000238200	41.832433154398075	59.14728922340414	56.418515858564845	53.26164249258055	61.09022990043769	52.2556656222989	69.5607212025248	47.21044294998054
ENSG00000171546	6.190449749305544	20.72166935377764	27.93359742834481	24.319466949442443	15.318698132133921	16.26635505752495	42.646218720893955	25.00553122350664
ENSG00000163138	16.69545538449071	20.92285060963956	15.804535387089825	21.907618987514265	21.40926485936789	20.536273260125245	23.12372748421806	26.20579672223496
ENSG00000152755	1.1255363180555533	1.408268791033432	1.6539630056256793	2.2108606317674946	1.1073757685879944	0.6099883146571856	2.2744649984476775	1.800398248092478
ENSG00000206660	0.18758938634259223	1.005906279309594	0.5513210018752265	1.0049366508034066	0.3691252561959982	0.6099883146571856	0.18953874987063982	0.4000884995761062
ENSG00000182489	439.1467534280085	252.884838618432	211.70726472008695	425.2891906200017	534.4933709718052	314.5506409248887	419.4492534637259	386.4854905905186
ENSG00000158559	122.49586928171274	76.851239739253	144.6298761586011	84.21369133732549	74.56330175159162	150.05712540566765	42.45667997102331	78.81743441649293
ENSG00000154027	1.3131257043981457	1.005906279309594	0.3675473345834844	1.808885971446132	1.1073757685879944	1.8299649439715566	2.2744649984476775	1.4003097485163718
ENSG00000149352	1593.7594263666638	1426.3751040610045	941.2887238683034	1019.206751244815	1391.0485279746188	1717.3204351981963	1591.7464214136332	1441.5188639727107
ENSG00000213803	2.6262514087962914	6.236618931719484	10.475099035629304	6.833569225463165	7.751630380115961	4.676577079038423	6.065239995860474	9.402079740038497
ENSG00000125200	66.03146399259246	57.135476664784946	69.65021990357029	79.79197007379048	68.65729765245565	100.03808360377843	47.76376496740123	103.42287714042345
ENSG00000157217	51.399491857870274	92.14101518475883	65.60719922315195	56.276452444990774	64.22779457810368	78.2818337143388	52.502233714167225	51.011283695953544
ENSG00000219730	16.13268722546293	25.751200750325612	34.18190211626405	44.217212635349895	26.20789318991587	17.283002248620257	47.19514871778931	26.805929471599118
ENSG00000121100	109.17702285138868	56.33075164133728	127.35515143317734	129.2348532933181	69.76467342104365	133.58744090992363	74.10965119942016	237.05243599884295
ENSG00000100666	3.189019567824068	2.212993814481107	2.5728313420843905	2.6128352920888576	1.8456262809799906	3.0499415732859276	2.4640037483183175	0.6001327493641594
ENSG00000239654	32.26537445092586	35.2067197758358	13.231704045005435	51.85473118145578	25.285080049425872	32.32938067683083	31.652971228396847	26.005752472446908
ENSG00000212559	34.328857700694385	19.313400562744206	27.014729091886096	11.858252479480198	33.77496094193383	17.486331686839318	23.692343733829976	22.40495597626195
ENSG00000125616	34.891625859722154	55.12366410616576	46.310964157519024	13.265163790604968	38.204464016285804	16.46968449574401	28.05173498085469	45.210000452100005
ENSG00000171328	12.756078271296271	22.53230065653491	21.501519073133835	9.245417187391341	16.05694864452592	31.922721800392715	23.12372748421806	20.804601977957525
ENSG00000232992	5.81527097662036	5.633075164133728	8.086041360836655	7.034556555623847	5.906004099135971	6.70987146122904	5.875701245989834	7.201592992369912
ENSG00000205670	5.81527097662036	5.23071265240989	5.696983686044007	4.019746603213626	5.536878842939972	2.033294382190619	2.084926248577038	5.401194744277435
ENSG00000245828	146.50731073356454	230.95608172948283	157.12648553443955	208.02188671630518	201.35782725491697	161.64690338415417	252.65515357756286	105.02323113872788
ENSG00000249274	7.128396681018505	5.23071265240989	11.02642003750453	1.808885971446132	9.228131404899953	4.879906517257485	8.718782494049432	8.401858491098231
ENSG00000177143	55.714047743749894	48.68586391858436	47.59737982856122	81.39986871507594	55.18422580130172	84.78837573734879	42.26714122115268	54.41203594235045
ENSG00000109695	75.41093330972208	42.85160749858871	52.55926884543826	34.77080811779787	62.01304304092769	38.63259326162175	72.78287995032568	44.009734953371684
ENSG00000249518	16.8830447708333	22.129938144811074	25.912087088135646	23.515517628799714	16.795199156917914	28.872780227106784	16.110793739004382	17.603893981348673
ENSG00000219435	60.028603629629515	48.082320150998605	58.44002619877401	36.579694089244	69.76467342104365	67.50537348872854	75.05734494877336	32.20712421587655
ENSG00000185418	93.41951439861094	71.62052708684311	91.70305997857935	121.19536008689084	112.02951525548544	86.21168180488222	70.69795370174865	115.42553212770665
ENSG00000163762	25.13697776990736	4.627168884824133	14.51811971604763	7.838505876266572	17.71801229740791	7.7265186523243505	21.796956235123577	9.202035490250443
ENSG00000208708	34.328857700694385	33.798450984802365	55.49964752210614	54.869541133866	28.238082098993857	53.67897168983232	77.90042619683297	51.81146069510576
ENSG00000224169	616.2311341354156	2110.592555247391	2437.022601955793	1110.053024477443	1742.4557718732092	1281.1787902183087	1399.5541290448043	1058.4341256285888
ENSG00000214642	8.066343612731465	2.816537582066864	7.902267693544912	1.6078986412854506	3.506689933861982	2.643282696847804	3.032619997930237	2.8006194970327436
ENSG00000219572	17.63340231620367	10.260244048957862	18.928687731049443	18.691821704943365	17.533449669309913	16.063025619305886	18.76433623719334	14.003097485163718
ENSG00000230808	9.567058703472204	3.621262605514539	6.064531020627491	5.426657914338396	13.103946594957934	6.9132008994481025	7.581549994825592	7.201592992369912
ENSG00000198463	876.2300236062483	1691.1296367752898	1306.6307744442868	1104.6263665631045	1181.0162571990961	1364.543859888124	1754.1811300527713	1293.8862076291275
ENSG00000209790	1.3131257043981457	2.011812558619188	1.4701893383339375	2.8138226222495386	1.6610636528819915	1.0166471910953094	1.895387498706398	1.6003539983044248
ENSG00000124035	17.63340231620367	25.550019494463694	43.73813281543463	22.309593647835626	19.563638578387902	65.0654202300998	18.5747974873227	15.603451483468143
ENSG00000207704	102.04862617037017	253.08601987429392	167.78535823736058	204.20312744325224	154.84804497422124	139.48399461827643	191.62367611921684	142.0314173495177
ENSG00000191311	6.002860362962951	6.840162699305241	7.167173024377944	6.029619904820439	2.3993141652739878	5.48989483191467	4.928007496636635	7.201592992369912
ENSG00000247552	23.823852065509215	20.72166935377764	15.620761719798082	21.907618987514265	32.85214780144383	16.063025619305886	13.836328740556706	31.807035716300444
ENSG00000182074	8.253932999074058	6.035437675857565	3.124152343959617	3.0148099524102197	6.275129355331968	6.099883146571855	5.686162496119194	6.001327493641594
ENSG00000173329	1.3131257043981457	1.8106313027572696	2.940378676667875	4.019746603213626	4.060377818155979	1.2199766293143712	3.032619997930237	1.800398248092478
ENSG00000112061	9.754648089814797	17.1004067482631	21.13397173855035	33.96685879715515	24.915954793229872	21.95957932765868	24.071421233571254	17.80393823113673
ENSG00000222436	44.271095176851766	52.10594526823698	61.19663120815014	85.0176406579682	74.19417649539562	46.155782475727044	70.31887620200736	135.42995710651198
ENSG00000228457	13.694025203009232	23.538206935844507	9.37245703187885	15.27503709221178	14.026759735447929	7.3198597758862265	14.784022489909903	11.60256648770708
ENSG00000134449	64.34315951550914	29.37246335584015	55.49964752210614	62.30607234981121	42.63396709063779	45.95245303750798	46.43699371830675	37.20823046057788
ENSG00000246810	88.91736912638872	109.44260318888385	87.66003929816101	148.93161164906485	125.87171236283537	71.57196225310977	65.58040745524137	167.63708132238852
ENSG00000128763	616.0435447490729	343.2152225004336	571.1685579427347	337.2567400096233	730.6834446399782	394.66243958319905	723.0903307564909	226.2500465102881
ENSG00000150023	3.189019567824068	2.011812558619188	2.389057674792648	1.0049366508034066	4.060377818155979	4.269918202600299	1.3267712490944785	4.601017745125222
ENSG00000213166	162.07722979999969	53.916576570994245	348.80242051972664	60.899161038686444	60.16741675994769	101.86804854774999	173.04887863189413	105.02323113872788
ENSG00000239220	8.816701158101836	6.236618931719484	6.432078355210976	9.245417187391341	8.305318264409959	5.286565393695608	1.895387498706398	10.002212489402655
ENSG00000189550	0.0	0.4023625117238377	1.102642003750453	0.602961990482044	0.3691252561959982	0.40665887643812365	0.18953874987063982	1.2002654987283188
ENSG00000208896	9.004290544444427	5.23071265240989	3.4916996785431014	6.230607234981122	4.6140657024499765	4.066588764381238	4.928007496636635	8.601902740886283
ENSG00000196083	193.5922467055552	115.88040337646525	162.0883745513166	130.64176460444284	109.07651320591745	63.84544360078543	112.3964786732894	171.03783356878543
ENSG00000187048	40.51930744999992	53.31303280340849	100.34042234129122	27.33427690185266	197.297449436761	66.69205573585228	126.04326866397548	70.01548742581859
ENSG00000145492	3.0014301814814757	2.816537582066864	3.675473345834843	3.818759273052945	7.382505123919962	2.4399532586287425	1.3267712490944785	3.800840745973009
ENSG00000154930	633.3017682925914	553.4496348761388	360.7477088936899	717.5247686736324	784.760294672692	737.2725429823182	750.0048332381217	625.5383690872421
ENSG00000185462	49.89877676712953	55.32484536202768	77.5524875971152	75.16926148009482	53.52316214841973	52.45899506051796	55.534853712097465	58.61296518789956
ENSG00000243234	28.70117611041661	33.99963224066428	22.420387409592543	34.36883345747651	32.11389728905184	19.722955507248997	20.849262485770378	19.604336479229204
ENSG00000233419	7.315986067361097	13.076781631024726	7.350946691669686	8.843442527069978	5.536878842939972	12.809754607800897	8.718782494049432	18.003982480924783
ENSG00000245635	73.72262883263875	72.42525211029078	43.00303814626767	78.18407143250504	119.5965830075034	75.43522157927195	30.51573872917301	75.81677066967212
ENSG00000187721	7.503575453703689	11.064969072405537	12.68038304313021	12.461214469962243	11.812008198271942	14.233060675334329	9.666476243402629	8.401858491098231
ENSG00000234271	156.26195882337936	223.71355651845374	330.60882745784414	226.91469575140923	388.13520689009204	241.96203148068358	293.9746010493623	316.8700916642761
ENSG00000135728	30.20189120115735	68.4016269930524	36.38718612376495	76.77716012138026	88.03637360274556	60.79550202749949	45.29976121908291	68.81522192709026
ENSG00000142070	68.28253662870357	80.47250234476753	102.54570634879214	122.40128406785495	58.13722785086971	157.58031461977293	77.1422711973504	82.61827516246593
ENSG00000212714	21.760368815740698	17.1004067482631	22.604161076884285	21.505644327192904	29.345457867581853	9.353154158076846	6.444317495601753	9.001991240462392
ENSG00000190283	0.9379469317129612	1.207087535171513	1.4701893383339375	1.6078986412854506	1.8456262809799906	1.0166471910953094	1.3267712490944785	0.8001769991522124
ENSG00000136997	48.960829835416575	60.75673927029949	52.00794784356304	49.24189588936693	77.70086642925762	46.76577079038423	95.90660743454374	82.41823091267788
ENSG00000188102	4.8773240449073985	2.414175070343026	2.205284007500906	3.0148099524102197	2.768439421469986	3.253271011504989	3.980313747283436	4.601017745125222
ENSG00000109818	22.885905133796253	33.99963224066428	22.97170841146777	27.937238892334705	28.238082098993857	31.719392362173647	24.450498733312532	13.402964735799559
ENSG00000148312	36.017162177777706	30.780732146873586	35.284544120014495	42.60931399406444	36.91252561959981	25.822838653820856	20.849262485770378	52.011504944893815
ENSG00000180007	6.190449749305544	7.846068978614835	7.350946691669686	6.431594565141802	8.489880892507957	10.166471910953094	6.065239995860474	7.201592992369912
ENSG00000105565	165.45383875416636	271.79587666945235	87.47626563086926	104.11143702323292	94.49606558617553	295.43767373229684	148.97745739832288	142.8315943486699
ENSG00000140392	1.1255363180555533	0.6035437675857565	0.7350946691669688	3.0148099524102197	1.6610636528819915	2.2366238204096804	1.895387498706398	2.000442497880531
ENSG00000221845	442.7109517685177	230.15135670603516	792.0645060274088	550.9062719704275	448.3026236500397	287.30449620353437	409.0246222208407	415.29186255999826
ENSG00000141495	7.315986067361097	8.650794002062511	1.8377366729174216	3.0148099524102197	5.721441471037971	10.369801349172155	7.202472495084312	8.401858491098231
ENSG00000163176	107.67630776064794	257.3108262473942	113.20457905171318	279.77436358366845	297.1458312377785	200.48282608399498	105.00446742833445	292.86478168970973
ENSG00000141522	334.2842864624994	264.35217020256135	316.27448140908825	346.904131857336	532.4631820627272	461.15116588083225	254.92961857601054	447.0988982762987
ENSG00000214288	4.502145272222213	3.8224438613764575	1.6539630056256793	6.029619904820439	3.137564677665984	5.693224270133731	4.548929996895355	3.800840745973009
ENSG00000108332	3.3766089541666604	8.449612746200591	4.043020680418327	5.426657914338396	7.382505123919962	7.1165303376671645	5.496623746248555	3.400752246396903
ENSG00000203815	295.64087287592537	135.79734770679522	271.6174802571949	197.3695582177891	143.0360367759493	217.9691577708343	242.4200610845483	126.42796586604958
ENSG00000155240	54.58851142569434	42.650426242726795	46.862285159394254	51.25176919097374	32.483022545247835	55.508936633803884	40.56129247231692	43.40960220400753
ENSG00000138961	46.52216781296288	26.757107029635208	34.18190211626405	40.59944069245763	63.67410669380967	36.59929887943113	18.006181237710784	39.20867295845841
ENSG00000238786	0.5627681590277767	0.8047250234476754	0.5513210018752265	0.8039493206427253	0.1845626280979991	0.0	0.5686162496119194	0.6001327493641594
ENSG00000174786	0.5627681590277767	1.005906279309594	0.3675473345834844	1.808885971446132	1.8456262809799906	1.0166471910953094	1.705848748835758	1.6003539983044248
ENSG00000223095	57.02717344814804	83.89258369442015	89.68154963837017	87.42948861989638	68.47273502435765	115.084462031989	37.718211224257324	83.2184079118301
ENSG00000108471	340.4747362118049	414.83574958727667	401.36168936516486	592.5106493136885	381.12182702236805	446.1047874526217	360.3131635040863	457.3011550154894
ENSG00000188693	6.002860362962951	3.8224438613764575	4.594341682293554	10.853315828676791	9.597256661095951	8.133177528762475	4.928007496636635	7.401637242157966
ENSG00000237685	4.689734658564806	2.816537582066864	4.961889016877039	5.225670584177715	7.93619300821396	6.099883146571855	6.444317495601753	4.400973495337168
ENSG00000113528	37.70546665486104	35.00553851997388	50.17021117064561	74.76728681977346	27.49983158660186	42.292523149564865	50.79638496533147	56.812566939807084
ENSG00000152597	64.15557012916655	83.2890399268344	60.27776287169143	55.271515794187366	91.54306353660753	93.12488270433032	60.4628612087341	62.61385018366062
ENSG00000222480	66.59423215162025	113.66740956198414	109.52910570587834	113.75882887094564	86.19074732176556	96.78481259227344	103.86723492911062	101.42243464254294
ENSG00000163079	9.004290544444427	11.668512839991292	17.82604572729899	9.647391847712704	5.536878842939972	8.946495281638722	11.940941241850307	14.803274484315931
ENSG00000188193	0.7503575453703689	0.8047250234476754	0.7350946691669688	0.20098733016068132	0.5536878842939972	0.20332943821906183	0.18953874987063982	0.4000884995761062
ENSG00000113348	497.6746419668972	611.7921990760952	386.47602231453374	798.1206880680655	502.9331615670474	526.8265744255892	558.1916183690342	774.5713351793416
ENSG00000162355	7.691164840046282	6.437800187581403	7.534720358961429	12.260227139801563	11.812008198271942	14.233060675334329	7.7710887446962325	11.202477988130974
ENSG00000177011	254.74638665324028	425.0959936362345	274.00653793198757	234.7532016276758	243.80723171745677	238.50543103095956	285.6348960550542	590.9307138739089
ENSG00000132055	0.18758938634259223	0.4023625117238377	0.1837736672917422	0.602961990482044	0.3691252561959982	0.20332943821906183	1.705848748835758	0.2000442497880531
ENSG00000222154	61.529318720370256	80.47250234476753	90.23287064024541	60.899161038686444	94.31150295807751	69.94532674735727	74.67826744903208	56.612522690019034
ENSG00000235508	6.753217908333321	8.449612746200591	8.269815028128399	9.647391847712704	12.919383966859934	9.353154158076846	11.372324992238388	14.203141734951771
ENSG00000145790	4.126966499537029	3.8224438613764575	1.2864156710421952	2.2108606317674946	2.9530020495679854	3.6599298879431132	1.1372324992238387	3.400752246396903
ENSG00000141894	168.08009016296265	224.92064405362527	169.0717739084028	251.23416270085167	248.05217216371076	262.0916458643707	184.98981987374447	147.43261209379517
ENSG00000208898	402.3792337048604	259.7250013177372	290.5461679882444	562.5635371197471	405.66865655940194	330.81699598241363	230.66865859256865	301.46668443059605
ENSG00000159051	4.314555885879622	5.4318939082718085	12.68038304313021	12.059239809640879	7.567067752017962	9.556483596295907	8.339704994308152	8.601902740886283
ENSG00000119521	62.09208687939803	117.69103467922253	61.19663120815014	88.2334379405391	98.1873181481355	112.03452045870307	172.66980113215286	87.41933715737922
ENSG00000104967	4.314555885879622	3.0177188379287827	3.675473345834843	2.8138226222495386	2.2147515371759887	1.6266355057524946	3.032619997930237	4.000884995761062
ENSG00000234773	9.567058703472204	9.857881537234023	12.496609375838467	9.848379177873385	10.15094454538995	11.793107416705586	6.254778745731113	9.402079740038497
ENSG00000205310	16.507865998148116	28.567738332392473	7.718494026253171	19.495771025586087	15.87238601642792	10.573130787391216	15.163099989651185	7.801725741734072
ENSG00000137415	12.56848888495368	20.520488097915724	11.7615147066715	29.344150203459474	9.96638191729195	16.67301393396307	14.784022489909903	7.401637242157966
ENSG00000111680	263.9382665840273	108.83905942129809	179.17932560944863	42.0063520035824	285.7029482957025	82.14509304050098	258.3413160736821	68.21508917772611
ENSG00000238636	4.126966499537029	4.023625117238376	2.389057674792648	3.617771942892264	2.0301889090779897	3.0499415732859276	2.843081248059597	1.6003539983044248
ENSG00000119894	92.85674623958316	199.16944330329966	127.53892510046906	300.2750712600579	231.99522351918483	266.158234628752	275.5893423119103	112.02477988130974
ENSG00000131991	223.04378036134216	246.84940094257445	178.07668360569818	195.56067224634293	165.92180266010118	175.26997574483133	238.0606698375236	178.63951506073144
ENSG00000237353	41.64484376805547	11.266150328267456	31.42529710688791	14.87306243189042	30.821958892365842	12.606425169581835	36.770517474904125	24.205354224354426
ENSG00000175568	3.7517877268518447	3.0177188379287827	2.205284007500906	2.009873301606813	2.768439421469986	1.6266355057524946	3.411697497671516	4.000884995761062
ENSG00000129675	0.0	0.0	0.1837736672917422	0.20098733016068132	0.1845626280979991	0.20332943821906183	0.18953874987063982	0.0
ENSG00000192908	15.382329680092564	13.479144142748561	20.39887706938338	21.706631657353583	23.43945376844588	22.97622651875399	16.679409988616303	17.80393823113673
ENSG00000207405	8.629111771759243	2.615356326204945	1.6539630056256793	5.225670584177715	7.382505123919962	5.693224270133731	6.444317495601753	5.401194744277435
ENSG00000170905	28.888765496759206	38.4256198696265	28.484918430220038	28.74118821297743	26.20789318991587	19.112967192591814	41.50898622167011	19.2042479796531
ENSG00000131920	3.189019567824068	3.621262605514539	4.410568015001812	4.421721263534989	2.0301889090779897	2.4399532586287425	3.790774997412796	3.400752246396903
ENSG00000211893	34.141268314351784	30.9819134027355	39.14379113314108	14.672075101729737	33.77496094193383	27.856133036011475	11.182786242367749	27.606106470751328
ENSG00000207703	42.95796947245363	33.39608847307853	46.127190490227285	24.922428939924487	40.0500902972658	8.946495281638722	50.985923715202105	19.40429222944115
ENSG00000165460	26.074924701620322	25.550019494463694	38.96001746584934	22.91255563831767	27.68439421469986	18.70630831615369	34.11697497671516	37.60831896015399
ENSG00000106167	42.77038008611103	93.9516464875161	60.09398920439969	63.11002167045393	35.43602459481582	38.02260494696457	57.051163711062586	27.00597372138717
ENSG00000192478	60.028603629629515	64.98154564339978	38.96001746584934	30.751061514584244	57.21441471037971	84.78837573734879	45.48929996895355	32.407168465664604
ENSG00000238422	65.4686958335647	150.28239812885337	63.40191521565105	162.79973743015188	205.23364244497498	173.84666967729788	126.61188491358739	227.4503120090164
ENSG00000249243	5.252502817592583	2.212993814481107	8.821136030003624	6.029619904820439	4.429503074351977	10.97978966382934	7.3920112449549515	6.801504492793806
ENSG00000129244	75.41093330972208	177.0395051584886	71.67173024377944	113.35685421062428	106.12351115634947	111.83119102048403	170.39533613370517	136.43017835545223
ENSG00000199763	24.761798997222176	21.526394377225316	38.592470131265856	31.95698549554833	32.85214780144383	26.83948584491616	15.163099989651185	30.606770217572127
ENSG00000130079	10.317416248842573	16.295681724815427	15.069440717922857	20.500707676389496	13.103946594957934	10.776460225610277	16.48987123874566	16.403628482620356
ENSG00000170314	3.0014301814814757	4.023625117238376	2.389057674792648	4.823695923856352	4.7986283305479756	9.75981303451497	5.496623746248555	4.200929245549116
ENSG00000221660	516.9963487601842	722.8442523118744	819.4467824538783	733.2017804261654	769.2570339124601	791.1548441103697	339.8429785180572	528.5169079400364
ENSG00000153941	34.51644708703697	31.987819682045096	44.4732274846016	39.19252938133286	23.993141652739876	86.8216701195394	30.51573872917301	59.213097937263726
ENSG00000186233	12.005720725925903	9.857881537234023	8.269815028128399	11.858252479480198	14.765010247839925	12.809754607800897	8.150166244437512	11.202477988130974
ENSG00000217373	23.26108390648144	16.496862980677346	22.787934744176027	31.555010835226966	16.979761785015913	31.109404047516463	24.640037483183175	39.80880570782257
ENSG00000186673	34.141268314351784	44.05869503376022	52.00794784356304	25.324403600245848	55.553351057497714	29.686097979983032	48.900997466625064	24.40539847414248
ENSG00000122140	12.56848888495368	8.449612746200591	12.129062041254983	7.63751854610589	8.305318264409959	11.183119102048401	5.117546246507274	11.002433738342921
ENSG00000141828	1.1255363180555533	1.6094500468953508	2.0215103402091636	3.4167846127315826	1.2919383966859934	3.4566004497240512	2.084926248577038	1.4003097485163718
ENSG00000153425	22.135547588425883	49.289407686170115	19.847556067508155	18.08885971446132	29.71458312377785	45.95245303750798	44.92068371934163	33.80747821418098
ENSG00000144138	17.070634157175892	16.094500468953505	23.155482078759512	24.118479619281757	17.71801229740791	23.789544271630234	20.849262485770378	25.605663972870797
ENSG00000173753	9.379469317129612	14.686231677920075	15.069440717922857	22.91255563831767	19.009950694093902	9.963142472734031	12.888634991203507	17.003761231984516
ENSG00000245251	304.08239526134207	174.0217863205598	133.4196824538048	278.5684396027043	213.35439808128692	174.253328553736	243.55729358377215	151.4334970895562
ENSG00000240672	1.5007150907407378	2.011812558619188	5.145662684168781	0.8039493206427253	0.5536878842939972	2.8466121350668656	2.084926248577038	3.800840745973009
ENSG00000194527	3.9393771131944373	5.633075164133728	3.675473345834843	3.0148099524102197	3.691252561959981	2.643282696847804	4.359391247024716	5.001106244701328
ENSG00000217368	39.76894990462955	29.97600712342591	36.93850712564018	43.01128865438581	38.019901388187805	21.75624988943962	33.737897476973885	46.81035445040443
ENSG00000107727	126.060067622222	156.51901706057285	282.27635296011596	152.14740893163577	160.56948644525917	172.83002248620258	193.3295248680526	175.43880706412259
ENSG00000178148	72.40950312824062	54.31893908271809	79.7577716046161	74.96827414993413	100.40206968531149	153.71705529361074	58.5674737100277	82.01814241310178
ENSG00000137949	118.74408155486088	67.3957207137428	126.06873576213512	153.35333291259985	150.4185418998692	101.86804854774999	156.93808489288975	141.23124035036548
ENSG00000167891	0.0	0.0	0.3675473345834844	0.8039493206427253	0.5536878842939972	0.40665887643812365	1.1372324992238387	0.2000442497880531
ENSG00000133669	128.49872964467568	43.45515126617447	190.9408403161201	86.62553929925366	141.19041049496929	40.462558205593304	126.42234616371675	87.0192486578031
ENSG00000198222	57.214762834490635	61.963826805471	85.27098162336837	62.90903434029325	44.479593371617774	37.8192755087455	79.0376586960568	35.007743712909296
ENSG00000219591	81.97656183171281	70.01107703994776	91.33551264399587	120.5923980964088	66.81167137147565	70.3519856237954	130.59219866087082	73.21619542242743
ENSG00000198451	3.7517877268518447	4.425987628962214	4.410568015001812	5.024683254017033	11.627445570173942	6.70987146122904	10.803708742626469	8.801946990674336
ENSG00000143364	53.83815388032397	91.13510890544923	34.549449450847526	52.658680502098505	31.375646776659842	56.72891326311826	59.5151674593809	80.6178326645854
ENSG00000228243	217.22850938472183	147.86822305851035	219.97707974821537	174.4570025794714	263.5554329239427	208.00601529810027	136.46789990686065	176.03893981348673
ENSG00000194990	1678.9250077662007	466.9416948555136	1178.172981007359	720.3385912958819	2028.34328279701	601.651807690204	2455.095427074398	882.7952743146784
ENSG00000114600	52.90020694861101	46.47287010410325	37.12228079293192	48.4379465687242	52.969474264125736	81.73843416406287	41.12990872192884	34.00752246396903
ENSG00000177987	1.5007150907407378	2.011812558619188	3.124152343959617	1.6078986412854506	1.6610636528819915	1.0166471910953094	2.653542498188957	1.4003097485163718
ENSG00000117866	34.328857700694385	30.9819134027355	30.138881435845715	36.37870675908332	22.885765884151883	30.906074609297402	33.92743622684453	40.809026956762835
ENSG00000157760	94.54505071666648	107.83315314198849	52.92681618002174	107.93019629628587	106.30807378444746	83.1617402315963	113.72324992238387	153.83402808701285
ENSG00000205616	73.72262883263875	82.0819523916629	86.55739729441056	89.64034925166388	98.9255686605275	106.95128450322653	57.99885746041578	50.61119519637744
ENSG00000116911	750.7327241430542	485.2491891389482	1028.9487631664645	1469.8203454650625	1008.4501999274669	1752.496428010094	1519.5321577129191	1721.180725176409
ENSG00000189263	19.13411740694441	20.319306842053802	18.7449140637577	16.882935733497234	15.87238601642792	22.16290876587774	29.947122479561088	32.80725696524071
ENSG00000171095	5.252502817592583	3.621262605514539	2.940378676667875	1.4069113111247693	4.983190958645975	4.676577079038423	2.4640037483183175	2.4005309974566376
ENSG00000222958	7.315986067361097	7.04134395516716	2.940378676667875	12.260227139801563	5.167753586743974	11.386448540267462	12.320018741591587	6.601460243005753
ENSG00000219052	106.55077144259239	128.35364123990422	66.7098412269024	111.94994289949949	88.77462411513756	150.05712540566765	142.72267865259178	68.61517767730223
ENSG00000244533	6.002860362962951	7.846068978614835	6.615852022502717	5.225670584177715	4.7986283305479756	8.743165843419659	3.980313747283436	5.201150494489381
ENSG00000225404	2.6262514087962914	3.8224438613764575	3.3079260112513587	2.2108606317674946	2.9530020495679854	5.083235955476547	1.895387498706398	5.201150494489381
ENSG00000237711	4.502145272222213	6.236618931719484	6.615852022502717	2.8138226222495386	6.459691983429967	2.8466121350668656	7.202472495084312	4.801061994913275
ENSG00000159999	307.2714148291661	326.11481575217044	283.9303159657416	284.5980595075248	315.2329687913824	74.41857438817664	215.50555860291746	343.4759768860872
ENSG00000100133	47.64770413101843	53.11185154754657	23.890576747926485	48.839921229045565	62.935856181417684	34.15934562080239	47.00560996791867	59.413142187051776
ENSG00000233647	38.45582420023141	12.875600375162806	24.993218751676935	9.04442985723066	26.20789318991587	10.97978966382934	39.23452122322244	12.20269923707124
ENSG00000222119	280.2585431958328	131.97490384541877	374.16318660598705	139.68619446167352	146.17360145361525	224.47569979384429	371.8750272461953	147.03252359421904
ENSG00000159471	94.73264010300908	72.6264333661527	93.54079665149676	93.25812119455614	75.85524014827762	72.38528000598602	111.06970742419493	137.8304881039686
ENSG00000110421	6.753217908333321	4.023625117238376	5.513210018752265	3.4167846127315826	5.352316214841973	2.8466121350668656	2.2744649984476775	4.000884995761062
ENSG00000131018	183.8375986157404	184.68439288124148	216.11783273508877	90.24331124214592	194.159884759095	90.27827056926347	180.81996737659037	151.4334970895562
ENSG00000109361	26.262514087962913	69.80989578408584	28.484918430220038	39.59450404165422	40.97290343775579	43.309170340660174	58.5674737100277	59.01305368747567
ENSG00000198400	0.37517877268518446	0.4023625117238377	0.3675473345834844	0.20098733016068132	0.0	0.40665887643812365	0.7581549994825593	0.6001327493641594
ENSG00000235839	3.0014301814814757	3.621262605514539	2.5728313420843905	3.617771942892264	2.2147515371759887	2.8466121350668656	0.5686162496119194	5.001106244701328
ENSG00000236231	53.83815388032397	71.41934583098119	39.14379113314108	51.45275652113442	56.476164197987714	49.00239461079391	33.54835872710324	52.41159344446992
ENSG00000232993	78.41236349120356	72.6264333661527	60.82908387356666	62.10508501965053	67.36535925576965	56.11892494846107	65.2013299555001	68.41513342751416
ENSG00000112043	17.63340231620367	26.555925773773286	7.167173024377944	24.721441609763804	11.627445570173942	16.67301393396307	18.385258737452062	21.60477897710974
ENSG00000197796	5.252502817592583	5.23071265240989	2.940378676667875	7.034556555623847	4.429503074351977	5.48989483191467	3.980313747283436	5.601238994065487
ENSG00000150160	54.77610081203693	42.04688247514104	44.10568015001812	15.0740497620511	18.825388065995906	57.33890157777544	33.54835872710324	93.42066465102081
ENSG00000186565	0.0	1.207087535171513	0.9188683364587108	0.602961990482044	0.9228131404899953	0.20332943821906183	0.18953874987063982	1.0002212489402655
ENSG00000205071	101.11067923865723	83.89258369442015	67.81248323065286	131.44571392508558	55.92247631369372	84.1783874226916	115.239559921349	103.82296563999957
ENSG00000180921	10.505005635185166	35.810263543421556	15.804535387089825	22.91255563831767	15.503260760231923	33.75268674436427	18.006181237710784	33.80747821418098
ENSG00000198270	28.138407951388835	18.106313027572696	14.885667050631115	29.344150203459474	30.821958892365842	26.22949753025898	15.921254989133743	19.804380729017257
ENSG00000236183	10.880184407870349	14.686231677920075	7.350946691669686	13.868125781087011	8.120755636311959	6.9132008994481025	9.85601499327327	6.601460243005753
ENSG00000245026	142.5679336203701	122.31820356404664	120.92307307796635	93.05713386439545	157.6164843956912	125.86092225759927	83.58658869295216	102.8227443910593
ENSG00000199506	0.37517877268518446	0.20118125586191885	0.0	0.40197466032136264	0.3691252561959982	0.20332943821906183	0.37907749974127963	0.2000442497880531
ENSG00000140052	7.503575453703689	4.023625117238376	4.410568015001812	4.622708593695671	1.2919383966859934	6.303212584790917	4.359391247024716	5.201150494489381
ENSG00000188637	67.7197684696758	83.2890399268344	117.79892073400673	59.29126239740099	85.45249680937357	30.906074609297402	61.78963245782858	69.41535467645444
ENSG00000136207	9.19187993078702	8.650794002062511	7.350946691669686	7.43653121594521	7.197942495821963	7.3198597758862265	5.875701245989834	9.001991240462392
ENSG00000222873	448.71381213148067	707.5544768663685	412.57188306996113	662.4542402096057	176.81099771788308	369.4495892440354	544.5448283783481	746.3650959592262
ENSG00000101992	51.024313085185085	79.06423355373411	57.33738419502355	60.2961990482044	49.831909586459744	79.50181034365318	93.44260368622541	91.42022215314027
ENSG00000129410	8.629111771759243	9.656700281372103	7.534720358961429	7.838505876266572	8.859006148703955	7.929848090543412	10.424631242885189	6.001327493641594
ENSG00000103033	212.72636411249962	306.6002339335643	292.56767832845355	148.73062431890418	212.80071019699292	365.58632991787323	268.5764085666966	252.85593173209915
ENSG00000211488	18.38375986157404	18.307494283434615	30.690202437720945	33.96685879715515	16.610636528819917	10.776460225610277	24.450498733312532	10.402300988978762
ENSG00000219004	125.4972994631942	84.69730871786783	129.74420910796997	68.9386542451137	289.39420085766255	164.08685664278292	207.5449311083506	100.82230189317877
ENSG00000247306	9.004290544444427	8.248431490338673	8.453588695420141	10.65232849851611	5.536878842939972	4.066588764381238	7.7710887446962325	10.402300988978762
ENSG00000132083	6.565628521990728	7.644887722752915	10.475099035629304	7.034556555623847	13.65763447925193	8.133177528762475	8.90832124392007	5.001106244701328
ENSG00000133311	96.608533966435	164.76744855091155	63.40191521565105	110.94500624869609	167.95199156917914	185.02978877934626	103.29861867949869	97.2215053969938
ENSG00000161210	65.2811064472221	79.86895857718179	24.62567141709345	44.217212635349895	42.44940446253979	25.21285033916367	31.273893728655565	29.606548968631863
ENSG00000213753	7.691164840046282	8.248431490338673	10.10755170104582	4.823695923856352	3.8758151900579807	5.48989483191467	7.581549994825592	10.402300988978762
ENSG00000143067	3.7517877268518447	1.6094500468953508	2.389057674792648	5.627645244499077	7.197942495821963	8.539836405200598	2.843081248059597	3.2007079966088496
ENSG00000154317	116.1178301460646	208.222599817086	53.47813718189697	104.11143702323292	102.43225859438948	75.43522157927195	96.85430118389695	113.02500113025
ENSG00000172972	885.0467247643502	1004.095648006837	727.3761751407154	1145.8287692460442	817.0587545898419	701.8932207322015	1019.3393968043008	653.9446525571457
ENSG00000219464	6.565628521990728	2.816537582066864	6.432078355210976	6.833569225463165	1.4765010247839927	4.269918202600299	5.496623746248555	4.200929245549116
ENSG00000234585	124.74694191782383	146.66113552333883	151.06195451381205	92.45417187391341	146.91185196600728	162.4602211370304	86.99828619062367	87.21929290759115
ENSG00000134077	0.0	0.4023625117238377	0.0	0.0	0.0	0.0	0.18953874987063982	0.2000442497880531
ENSG00000239300	3.5641983405092525	0.6035437675857565	3.4916996785431014	2.2108606317674946	0.7382505123919963	3.0499415732859276	2.2744649984476775	1.800398248092478
ENSG00000205194	144.63141687013862	224.3171002860395	105.30231135816827	70.74754021655983	128.82471441240335	117.93107416705587	105.57308367794637	103.62292139021152
ENSG00000103553	1381.595830413192	502.75195839893513	801.804510393871	665.0670755016945	1356.9044417764892	923.1156495145409	1167.9377767028825	799.7769106526364
ENSG00000103760	34.141268314351784	19.51458181860613	22.604161076884285	41.80536467342172	17.164324413113913	27.246144721354288	38.47636622373988	39.408717208246465
ENSG00000211604	115.74265137337942	68.4016269930524	75.71475092419777	85.62060264845024	123.10327294136536	46.3591119139461	63.87455870640561	87.81942565695532
ENSG00000161797	51.21190247152769	63.17091434064251	41.900396142517216	31.153036174905605	56.291601569889714	58.15221933065169	65.2013299555001	49.81101819722523
ENSG00000234430	139.37891405254604	431.93615633553975	241.66237248864095	154.1572822332426	269.09231176688263	252.1285033916367	313.4970922860382	159.2352228312903
ENSG00000199879	0.9379469317129612	2.011812558619188	2.940378676667875	5.024683254017033	2.768439421469986	4.269918202600299	2.084926248577038	5.80128324385354
ENSG00000185185	202.5965372499996	86.5079400206251	301.3888143584572	98.28280444857317	138.2374084454013	98.41144809802593	210.9566286060221	135.6300013563
ENSG00000214200	15.007150907407379	9.455519025510187	11.945288373963242	16.279973743015187	26.761581074209865	10.369801349172155	7.581549994825592	14.803274484315931
ENSG00000249676	19.321706793287	16.698044236539264	20.582650736675124	14.87306243189042	14.026759735447929	14.029731237115268	9.47693749353199	15.403407233680092
ENSG00000115327	17.820991702546262	47.07641387168901	26.830955424594354	28.33921355265607	25.46964267752387	43.309170340660174	17.81664248784014	37.00818621078982
ENSG00000173880	20.25965372499996	24.14175070343026	16.355856388965055	12.662201800122924	11.258320313977942	20.332943821906188	15.731716239263106	32.407168465664604
ENSG00000213413	3.5641983405092525	1.8106313027572696	4.778115349585296	7.43653121594521	9.228131404899953	10.573130787391216	9.09785999379071	9.202035490250443
ENSG00000120679	37.89305604120363	21.526394377225316	15.804535387089825	15.476024422372461	19.563638578387902	27.449474159573352	19.90156873641718	29.606548968631863
ENSG00000158680	4.502145272222213	3.0177188379287827	4.410568015001812	5.024683254017033	2.768439421469986	4.879906517257485	6.823394995343032	3.400752246396903
ENSG00000247741	419.2622784756937	570.7512228802638	783.9784646665721	632.1051533553427	416.5578516171839	1002.617459858194	531.8457321370153	556.5231029103638
ENSG00000178447	147.82043643796268	63.77445810822827	138.38157147068185	61.50212302916849	102.98594647868347	149.85379596744858	163.00332488875023	94.82097439953718
ENSG00000128526	15.007150907407379	18.911038051020373	9.188683364587108	17.485897723979278	19.009950694093902	15.453037304648701	8.150166244437512	15.603451483468143
ENSG00000171507	417.38638461226776	639.55521238504	343.6567578355578	584.8731307675827	684.5427876154785	544.5162355506477	1109.7493804925962	438.49699553541245
ENSG00000241716	386.43413586574	416.84756214589584	522.468536110423	649.1890764190007	947.1754073989312	283.23790743915316	832.2646506819794	559.5237666571846
ENSG00000249794	93.23192501226835	77.25360225097683	144.2623288240176	90.4442985723066	181.79418867652907	86.8216701195394	144.99714365103944	143.8318155976102
ENSG00000216028	11.255363180555534	9.053156513786348	12.496609375838467	15.677011752533144	16.979761785015913	12.19976629314371	1.5163099989651185	12.402743486859293
ENSG00000160904	84.41522385416651	63.77445810822827	87.84381296545276	58.68830040691895	70.31836130533765	80.31512809652943	71.07703120148993	62.813894433448674
ENSG00000148084	107.11353960162018	71.41934583098119	91.15173897670411	60.49718637836508	82.13036950360959	78.07850427611976	138.74236490530834	37.40827471036593
ENSG00000139158	585.4664747752304	649.413093922274	598.734608036496	373.6354467687066	442.9503074351978	379.20940227855033	334.7254322715499	314.0694721672434
ENSG00000129340	11.81813133958331	19.51458181860613	21.685292740425577	26.932302241531296	28.976332611385853	10.776460225610277	16.110793739004382	12.602787736647347
ENSG00000225225	17.63340231620367	9.455519025510187	6.615852022502717	5.627645244499077	12.734821338761934	13.41974292245808	6.633856245472393	17.40384973156062
ENSG00000188106	3466.8394489974476	2542.1263490712063	2890.5760128318125	1903.5510039518128	2410.387922959868	2785.206644724709	1747.3577350574283	3683.814859846998
ENSG00000153503	299.39266060277726	739.9446590601375	505.0100377177075	336.45279068898054	530.0638678974533	770.6185708502444	260.6157810721297	639.941555071982
ENSG00000107119	77.09923778680542	32.390182193768936	16.17208272167331	48.638933898884886	73.45592598300364	49.81571236367015	76.19457744799719	74.81654942073186
ENSG00000244214	9.19187993078702	4.627168884824133	10.475099035629304	4.220733933374309	11.442882942075942	4.269918202600299	11.940941241850307	3.2007079966088496
ENSG00000129279	72.59709251458321	42.04688247514104	73.50946691669687	80.59591939443321	135.0998437677353	115.084462031989	78.65858119631551	80.41778841479736
ENSG00000203708	92.48156746689797	397.93652409487544	403.383199705374	215.45841793225037	345.50123979945425	273.0714355282	141.9645236531092	381.6844285956053
ENSG00000174708	72.59709251458321	95.56109653441145	142.0570448165167	96.27293114696636	151.15679241226124	113.25449708801744	87.75644119010622	146.23234659506682
ENSG00000199144	110.86532732847202	122.31820356404664	60.09398920439969	180.8885971446132	255.25011465953267	193.976284060985	148.97745739832288	91.62026640292832
ENSG00000137720	25.887335315277728	28.768919588254395	25.36076608626042	34.971795447958556	32.667585173345834	46.3591119139461	34.87512997619773	33.607433964392925
ENSG00000204915	274.6308616055551	267.36988904049014	215.3827380659218	285.60299615832815	229.04222146961683	241.35204316602642	298.5235310462577	254.85637422997965
ENSG00000109086	8.066343612731465	9.455519025510187	6.432078355210976	6.632581895302484	5.536878842939972	9.149824719857783	6.823394995343032	5.601238994065487
ENSG00000199987	6.565628521990728	10.863787816543617	6.248304687919234	9.04442985723066	19.194513322191902	22.97622651875399	15.352638739521824	16.60367273240841
ENSG00000144911	27.76322917870365	8.449612746200591	39.32756480043282	7.63751854610589	13.288509223055932	10.166471910953094	13.836328740556706	14.203141734951771
ENSG00000192456	9.754648089814797	4.425987628962214	6.432078355210976	3.0148099524102197	11.258320313977942	7.7265186523243505	7.202472495084312	7.201592992369912
ENSG00000215554	2126.1381048069406	1315.5242320810873	3507.1366665956075	2770.610346264992	1518.2121787341403	1104.485508405944	1522.75431646072	1809.4002393329404
ENSG00000158459	0.5627681590277767	0.8047250234476754	1.102642003750453	1.6078986412854506	0.7382505123919963	2.033294382190619	1.5163099989651185	1.0002212489402655
ENSG00000199981	51.21190247152769	27.159469541359044	30.5064287704292	22.71156830815699	50.016472214557744	64.25210247722354	61.22101620821665	41.60920395591505
ENSG00000191206	6.378039135648136	7.04134395516716	5.329436351460523	4.019746603213626	2.583876793371987	5.286565393695608	3.790774997412796	5.601238994065487
ENSG00000229181	2.0634832497685145	3.4200813496526203	1.8377366729174216	1.808885971446132	2.0301889090779897	4.676577079038423	4.359391247024716	3.000663746820797
ENSG00000249943	26.262514087962913	35.2067197758358	40.61398047147502	41.403390013100356	36.35883773530581	39.445911014497995	34.306513726585806	32.407168465664604
ENSG00000157747	2.0634832497685145	1.005906279309594	0.3675473345834844	2.009873301606813	1.4765010247839927	0.8133177528762473	0.5686162496119194	2.8006194970327436
ENSG00000108621	40.51930744999992	21.12403186550148	34.733223118139264	39.39351671149354	67.91904714006365	18.50297887793463	62.92686495705242	19.004203729865047
ENSG00000235134	1680.9884910159692	2829.0108199303027	3041.270420011041	2497.2675772464654	2089.4335126974474	2444.629835707781	2626.0593794577144	3095.2846769705457
ENSG00000199030	25.699745928935137	24.946475726877935	25.912087088135646	22.71156830815699	21.962952743661887	17.689661125058382	32.03204872813813	63.814115682388945
ENSG00000112352	67.7197684696758	53.31303280340849	72.7743722475299	79.99295740395117	97.4490676357435	75.02856270283382	115.05002117147836	74.21641667136771
ENSG00000130467	7.315986067361097	8.248431490338673	4.778115349585296	5.627645244499077	3.8758151900579807	3.4566004497240512	3.411697497671516	6.801504492793806
ENSG00000178313	92.66915685324057	76.851239739253	55.49964752210614	108.53315828676791	73.82505123919962	119.76103911102743	86.61920869088239	63.01393868323673
ENSG00000222118	0.7503575453703689	1.6094500468953508	1.102642003750453	1.4069113111247693	2.2147515371759887	0.6099883146571856	2.2744649984476775	1.6003539983044248
ENSG00000229173	44.08350579050918	44.66223880134598	38.22492279668237	67.33075560382825	42.63396709063779	60.99883146571856	40.75083122218756	54.6120801921385
ENSG00000125963	15.945097839120342	46.87523261582709	12.68038304313021	16.279973743015187	19.9327638345839	36.395969441212074	23.881882483700615	24.805486973718587
ENSG00000165367	1077.888613924535	1812.039571548303	1883.6800897403573	1994.1962898542802	2164.1813770771373	1344.007586627999	3102.559796632503	3246.91821830989
ENSG00000219823	27.950818565046244	29.57364461170207	19.66378240021641	37.986605400368774	25.654205305621872	20.332943821906188	31.652971228396847	30.006637468207966
ENSG00000177364	16.320276611805525	9.455519025510187	17.82604572729899	17.284910393818596	17.164324413113913	13.21641348423902	13.836328740556706	9.202035490250443
ENSG00000205585	9.379469317129612	10.662606560681699	11.577741039379756	4.421721263534989	13.473071851153932	11.793107416705586	8.339704994308152	11.002433738342921
ENSG00000179390	2.0634832497685145	2.212993814481107	1.2864156710421952	0.8039493206427253	3.137564677665984	2.4399532586287425	3.980313747283436	6.001327493641594
ENSG00000130398	172.2070566624997	158.32964836333014	134.33855079026353	210.43373467823338	145.61991356932126	237.0821249634261	146.89253114974585	153.83402808701285
ENSG00000109969	660.1270505395821	808.1451047973279	588.2595090008667	896.0015178563174	413.0511616833219	632.7612117377205	722.3321757570083	783.3732821700161
ENSG00000210159	5.06491343124999	8.851975257924428	9.740004366462335	10.250353838194748	12.550258710663936	9.556483596295907	10.614169992755828	9.802168239614602
ENSG00000168803	128.1235508719905	71.41934583098119	83.61701861774269	111.74895556933882	110.73757685879944	108.57792000897904	94.01121993583735	40.40893845718673
ENSG00000215877	15.75750845277775	13.479144142748561	6.983399357086203	15.877999082693824	5.906004099135971	16.876343372182134	15.352638739521824	16.60367273240841
ENSG00000187155	70.34601987847209	72.82761462201462	87.47626563086926	103.91044969307225	46.32521965259777	59.98218427462324	48.14284246714251	50.81123944616549
ENSG00000196003	78.97513165023133	68.4016269930524	64.13700988481801	117.57758814399858	55.36878842939972	153.9203847318298	134.00389615854235	68.41513342751416
ENSG00000133552	0.7503575453703689	1.207087535171513	2.389057674792648	1.808885971446132	2.0301889090779897	2.033294382190619	0.18953874987063982	1.2002654987283188
ENSG00000161284	4.126966499537029	3.8224438613764575	7.718494026253171	4.019746603213626	4.060377818155979	7.7265186523243505	8.150166244437512	6.401415993217699
ENSG00000150344	180.64857904791631	166.98044236539263	92.98947564962154	185.3103184081482	157.9856096518872	224.67902923206333	184.23166487426187	284.66296744839957
ENSG00000145267	0.18758938634259223	1.005906279309594	0.5513210018752265	0.40197466032136264	0.3691252561959982	0.6099883146571856	0.18953874987063982	0.8001769991522124
ENSG00000204729	21.947958202083292	27.56183205308288	25.54453975355216	9.848379177873385	28.238082098993857	23.789544271630234	35.254207475939005	21.80482322689779
ENSG00000212958	18.758938634259223	17.703950515848856	11.210193704796271	23.91749228912108	20.855576975073895	11.386448540267462	10.235092493014548	12.002654987283188
ENSG00000192155	6.753217908333321	2.414175070343026	8.637362362711881	6.029619904820439	1.4765010247839927	4.066588764381238	3.411697497671516	4.000884995761062
ENSG00000235960	39.20618174560178	47.67995763927477	46.862285159394254	31.95698549554833	37.65077613199181	46.155782475727044	29.188967480078528	23.405177225202216
ENSG00000163205	35.82957279143512	37.62089484617882	55.49964752210614	57.68336375611555	25.285080049425872	72.18195056776696	25.398192482665735	62.413805933872574
ENSG00000238601	107.67630776064794	84.89848997372975	99.23778033754077	82.80678002620071	90.80481302421555	91.0915883221397	48.14284246714251	76.01681491946019
ENSG00000165714	0.0	0.20118125586191885	0.1837736672917422	0.20098733016068132	0.0	0.20332943821906183	0.0	0.4000884995761062
ENSG00000146004	606.4764860456007	608.3721177264425	676.1033219663194	1480.6736612937395	399.3935272040699	1104.8921672823822	605.1972283369529	599.7326608645833
ENSG00000178027	7.315986067361097	9.254337769648266	6.7996256897944605	9.848379177873385	9.96638191729195	8.133177528762475	15.542177489392465	13.603008985587612
ENSG00000138338	173.895361139583	255.0978324329131	231.73859445488688	281.7842368852752	217.7839011556389	159.00362068730635	184.04212612439125	205.6454887821186
ENSG00000175971	20.07206433865737	16.496862980677346	44.28945381730986	17.485897723979278	52.969474264125736	11.183119102048401	53.26038871364978	23.405177225202216
ENSG00000248113	4.689734658564806	16.094500468953505	11.02642003750453	7.034556555623847	11.627445570173942	5.48989483191467	11.751402491979668	9.60212398982655
ENSG00000200732	90.60567360347206	26.555925773773286	37.12228079293192	26.731314911370617	36.91252561959981	45.54579416106985	39.61359872296372	39.00862870867036
ENSG00000217862	7961.105966993271	4607.251940493803	9605.114494670197	17204.716449084484	13391.310606906518	7893.858779978637	7010.848818965095	9092.41124136659
ENSG00000106134	430.7052310425918	544.5976596182143	502.25343270833133	426.29412727080506	574.9125865252671	451.3913528463173	671.3462520418062	1350.2986860693584
ENSG00000229088	7.128396681018505	15.69213795722967	9.37245703187885	19.495771025586087	16.05694864452592	15.046378428210577	7.3920112449549515	7.801725741734072
ENSG00000248528	61.154139947685074	53.916576570994245	44.840774819185086	41.604377343261035	94.68062821427353	37.20928719408832	76.95273244747976	21.004646227745578
ENSG00000132296	343.663755779629	331.3455284045803	401.9130103670401	286.00497081864955	260.97155613057066	325.327101150499	328.47065352581876	252.45584323252305
ENSG00000192305	83.10209814976837	85.09967122959168	65.05587822127673	82.60579269604003	60.90566727233969	97.59813034514968	111.4487849239362	68.41513342751416
ENSG00000146780	40.14412867731474	28.768919588254395	38.22492279668237	52.25670584177715	29.89914575187585	53.882301128051395	35.06466872606836	28.80637196947965
ENSG00000113448	27.57563979236106	31.183094658597422	20.766424403966866	24.118479619281757	12.365696082565938	26.22949753025898	38.665904973610516	13.603008985587612
ENSG00000248348	1.6883044770833302	3.0177188379287827	5.329436351460523	5.024683254017033	2.9530020495679854	5.896553708352793	3.790774997412796	4.400973495337168
ENSG00000230341	153.26052864189788	184.4832116253796	120.55552574338286	87.2285012897357	54.07685003271373	175.67663462126944	147.27160864948712	125.82783311668541
ENSG00000247284	279.8833644231476	478.00666392791913	228.798215778219	297.2602613076477	303.05183533691445	323.70046564474643	93.82168118596671	208.84619677872746
ENSG00000130095	3122.425335672448	4495.395162234577	2372.5180447363914	2426.721024360066	2192.604021804229	3835.403193126164	3050.057562918336	1517.1355903925948
ENSG00000240637	7.315986067361097	13.680325398610481	11.210193704796271	9.647391847712704	12.919383966859934	7.5231892141052885	9.47693749353199	6.401415993217699
ENSG00000222955	166.95455384490708	85.50203374131551	82.14682927940875	135.8674351886206	117.75095672652341	96.37815371583531	97.42291743350886	102.02256739190709
ENSG00000144693	51.58708124421287	36.61498856686923	36.20341245647321	36.981668749565365	26.946143702307864	42.90251146422205	36.770517474904125	15.003318734103983
ENSG00000241258	1388.1614589351825	234.17498182327353	544.521376185432	305.7017291743963	494.99696855883343	353.58989306294853	704.7050720190388	350.6775698784571
ENSG00000223635	26.82528224699069	22.129938144811074	20.582650736675124	18.892809035104044	18.825388065995906	38.22593438518363	26.345886232018934	26.40584097202301
ENSG00000118993	8.066343612731465	5.633075164133728	6.064531020627491	4.823695923856352	6.275129355331968	9.353154158076846	10.424631242885189	4.801061994913275
ENSG00000141224	0.5627681590277767	1.408268791033432	1.102642003750453	1.0049366508034066	0.9228131404899953	0.0	0.37907749974127963	1.0002212489402655
ENSG00000154080	129.24908719004605	267.9734328080759	136.7276084650562	102.30255105178679	138.97565895779329	122.20099236965616	108.41616492600598	164.03628482620357
ENSG00000110266	45.9593996539351	27.964194564806718	32.89548644522185	79.79197007379048	33.036710429541834	42.69918202600299	24.829576233053814	22.605000226050002
ENSG00000244972	380.8064542754623	184.08084911365572	330.60882745784414	280.7793002344718	157.80104702378918	291.1677555296966	350.8362260105543	238.0526572477832
ENSG00000161750	6.378039135648136	13.076781631024726	8.637362362711881	9.04442985723066	5.721441471037971	11.183119102048401	6.065239995860474	5.401194744277435
ENSG00000141641	11901.608616505766	6243.257913162927	7124.53753356626	4329.468078991236	12372.340337177466	6138.515739833477	11452.689422183541	5785.679792370072
ENSG00000217502	11.81813133958331	8.650794002062511	22.420387409592543	8.441467866748617	13.473071851153932	4.473247640819361	17.81664248784014	4.000884995761062
ENSG00000167784	148.00802582430526	123.927653610942	199.94575001341548	43.21227598454649	191.76057059382103	120.77768630212275	148.5983798985816	88.01946990674337
ENSG00000109590	47.64770413101843	58.34256419995646	60.82908387356666	73.96333749913073	69.39554816484764	52.45899506051796	31.08435497878493	87.81942565695532
ENSG00000157438	192.27912100115705	469.5570511817186	272.9038959282371	263.8963645009746	152.81785606514322	294.4210265412015	218.917256100589	128.028319864354
ENSG00000156586	23.44867329282403	10.46142530481978	44.28945381730986	7.63751854610589	25.285080049425872	24.19620314806836	33.54835872710324	16.00353998304425
ENSG00000148442	14.25679336203701	3.2189000937907015	6.7996256897944605	2.2108606317674946	14.580447619741927	4.676577079038423	9.85601499327327	4.400973495337168
ENSG00000142425	3.0014301814814757	5.029531396547971	2.389057674792648	4.019746603213626	5.536878842939972	4.066588764381238	1.895387498706398	3.600796496184956
ENSG00000164515	152.8853498692127	149.6788543612676	90.04909697295366	98.0818171184125	85.82162206556957	131.96080540417114	162.62424738900896	98.82185939529825
ENSG00000121095	45.20904210856473	29.97600712342591	27.198502759177842	33.96685879715515	25.100517421327872	29.686097979983032	24.829576233053814	54.01194744277434
ENSG00000166924	91.35603114884243	48.484682662722435	37.67360179480715	78.18407143250504	73.45592598300364	56.32225438668013	57.43024121080386	53.611858943198236
ENSG00000179908	7.691164840046282	4.425987628962214	6.248304687919234	8.240480536587933	9.412694032997953	7.3198597758862265	3.790774997412796	5.601238994065487
ENSG00000121970	16.320276611805525	30.780732146873586	56.418515858564845	54.869541133866	35.43602459481582	49.81571236367015	10.235092493014548	58.212876688323455
ENSG00000168145	50.27395553981472	27.360650797220963	31.241523439596165	36.78068141940469	35.06689933861983	69.13200899448103	20.849262485770378	32.20712421587655
ENSG00000195602	94.3574613303239	105.62015932750738	104.75099035629304	54.467566473544636	103.90875961917348	114.27114427911276	74.10965119942016	103.62292139021152
ENSG00000150406	0.37517877268518446	2.414175070343026	2.0215103402091636	0.602961990482044	0.5536878842939972	2.4399532586287425	1.895387498706398	1.6003539983044248
ENSG00000229862	18.571349247916633	6.638981443443321	15.804535387089825	5.828632574659759	14.395884991643927	8.743165843419659	9.85601499327327	5.80128324385354
ENSG00000228821	869.2892163115724	806.9380172621564	444.91604851330777	850.5783812400034	1011.9568898613288	1085.5758706515712	534.4992746352043	958.6120449843505
ENSG00000191229	21.01001127037033	8.047250234476753	17.090951058132024	3.0148099524102197	13.65763447925193	10.166471910953094	13.646789990686065	12.402743486859293
ENSG00000231641	24.1990308381944	10.46142530481978	33.63058111438882	53.663617152901914	14.026759735447929	17.079672810401195	23.881882483700615	27.40606222096328
ENSG00000240602	18.946528020601814	10.863787816543617	24.258124082509966	12.461214469962243	26.02333056181787	9.353154158076846	17.627103737969502	18.204026730712833
ENSG00000143539	1.1255363180555533	2.011812558619188	1.2864156710421952	1.4069113111247693	0.9228131404899953	1.8299649439715566	0.5686162496119194	1.6003539983044248
ENSG00000144143	6.002860362962951	3.0177188379287827	2.0215103402091636	1.808885971446132	5.536878842939972	2.8466121350668656	1.705848748835758	2.000442497880531
ENSG00000183473	40.89448622268511	34.40199475238812	67.9962568979446	70.34556555623847	48.90909644596975	43.715829217098296	57.051163711062586	49.01084119807301
ENSG00000249849	13.506435816666642	5.4318939082718085	8.453588695420141	8.441467866748617	12.734821338761934	6.099883146571855	7.3920112449549515	10.202256739190709
ENSG00000108417	1667.4820551993025	3262.958788824462	1556.3791882937644	1578.3535037518304	1376.098955098681	2006.2515669074833	1046.4434380358023	1141.0524007910549
ENSG00000175729	3.0014301814814757	1.6094500468953508	1.2864156710421952	2.009873301606813	4.983190958645975	1.0166471910953094	3.601236247542156	1.6003539983044248
ENSG00000123366	0.37517877268518446	0.4023625117238377	0.3675473345834844	0.602961990482044	0.0	0.6099883146571856	0.5686162496119194	0.8001769991522124
ENSG00000232423	11.63054195324072	15.28977544550583	9.740004366462335	16.078986412854505	10.335507173487947	4.269918202600299	12.320018741591587	16.203584232832302
ENSG00000101381	3.0014301814814757	1.8106313027572696	1.4701893383339375	1.0049366508034066	1.4765010247839927	1.0166471910953094	1.705848748835758	2.6005752472446906
ENSG00000235022	860.284925767128	562.1004288782012	1202.2473314225774	451.4175435408903	512.8995434843393	830.6007551248676	885.9041168953704	393.8871278326766
ENSG00000114666	12.943667657638864	16.295681724815427	14.885667050631115	7.034556555623847	11.258320313977942	13.21641348423902	7.3920112449549515	14.203141734951771
ENSG00000190953	137.12784141643493	87.11148378821085	58.07247886419052	90.64528590246728	92.28131404899953	52.45899506051796	53.26038871364978	74.81654942073186
ENSG00000164042	1.6883044770833302	0.6035437675857565	2.7566050093761323	1.6078986412854506	0.7382505123919963	2.8466121350668656	1.705848748835758	1.4003097485163718
ENSG00000151200	50.08636615347213	237.39388191706425	117.79892073400673	142.9019917442444	96.34169186715552	112.23784989692214	124.14788116526907	146.23234659506682
ENSG00000208990	165.45383875416636	90.53156513786348	284.84918430220034	49.04090855920625	231.62609826298882	82.34842247872005	183.8525873745206	74.81654942073186
ENSG00000192245	758.7990677557857	397.3329803272897	742.4456158586383	280.3773255741504	1221.4354727525579	321.05718294789864	904.2893756328225	313.0692509183031
ENSG00000100443	18.758938634259223	29.37246335584015	60.27776287169143	51.85473118145578	21.04013960317189	46.76577079038423	24.450498733312532	50.61119519637744
ENSG00000170379	72.59709251458321	92.74455895234459	88.39513396732798	142.50001708392307	116.64358095793541	87.02499955775848	27.483118731242772	121.02677112177214
ENSG00000198065	41.832433154398075	37.21853233445499	27.93359742834481	34.36883345747651	51.123847983145744	22.16290876587774	39.992676222705	47.41048719976859
ENSG00000234297	187.02661818356447	146.05759175575307	154.92120152693863	205.00707676389496	172.01236938733513	111.01787326760777	220.62310484942472	218.64836501834205
ENSG00000178113	14.631972134722194	8.650794002062511	9.004909697295366	14.069113111247693	10.520069801585946	9.353154158076846	14.784022489909903	16.203584232832302
ENSG00000115972	49.14841922175916	108.43669690957425	140.77062914547452	101.0966270708227	71.97942495821964	55.30560719558482	38.47636622373988	71.81588567391107
ENSG00000187763	5.252502817592583	11.467331584129374	6.248304687919234	10.45134116835543	8.674443520605955	11.99643685492465	10.614169992755828	7.601681491946018
ENSG00000132529	160.95169348194415	106.22370309509314	129.56043544067822	123.00424605833697	140.2675973544793	111.4245321440459	127.93865616268185	162.23588657811106
ENSG00000222179	12.193310112268495	24.14175070343026	15.436988052506342	28.33921355265607	10.520069801585946	13.013084046019957	25.019114982924453	16.203584232832302
ENSG00000145598	2.6262514087962914	5.633075164133728	7.534720358961429	10.65232849851611	6.828817239625965	11.793107416705586	9.28739874366135	5.601238994065487
ENSG00000248172	9.567058703472204	6.035437675857565	9.188683364587108	4.421721263534989	6.828817239625965	11.386448540267462	7.7710887446962325	7.201592992369912
ENSG00000150795	483.6054379912028	519.0476401237506	512.9123054112524	218.875202544982	527.8491163602773	515.2367964471027	359.36546975473306	697.5542990109412
ENSG00000208782	0.5627681590277767	1.408268791033432	1.4701893383339375	1.4069113111247693	0.7382505123919963	0.40665887643812365	1.1372324992238387	0.6001327493641594
ENSG00000124054	1.6883044770833302	1.207087535171513	1.4701893383339375	2.009873301606813	1.6610636528819915	1.2199766293143712	2.084926248577038	1.6003539983044248
ENSG00000177523	84.22763446782392	101.79771546613094	78.10380859899043	139.68619446167352	90.43568776801953	99.42809528912125	98.37061118286206	87.61938140716727
ENSG00000192525	4.314555885879622	2.011812558619188	1.6539630056256793	4.823695923856352	2.0301889090779897	2.8466121350668656	5.307084996377914	4.000884995761062
ENSG00000150297	12.56848888495368	12.875600375162806	12.496609375838467	8.441467866748617	11.996570826369938	9.963142472734031	13.646789990686065	8.801946990674336
ENSG00000100693	5.627681590277767	10.863787816543617	10.291325368337562	10.049366508034066	9.412694032997953	16.876343372182134	11.940941241850307	7.601681491946018
ENSG00000122747	2674.4618810863376	3844.171437009545	2881.571103134517	2156.39306529395	2557.484337553973	2788.256586297995	3225.3809065486776	2581.1709550152495
ENSG00000184884	8.816701158101836	3.0177188379287827	5.329436351460523	9.04442985723066	7.013379867723964	4.879906517257485	9.47693749353199	4.601017745125222
ENSG00000202793	8.066343612731465	5.23071265240989	10.475099035629304	4.421721263534989	4.983190958645975	9.556483596295907	8.718782494049432	4.200929245549116
ENSG00000125607	13.131257043981456	22.73348191239683	5.145662684168781	6.632581895302484	16.979761785015913	9.963142472734031	9.47693749353199	16.00353998304425
ENSG00000167423	64.90592767453693	52.91067029168466	40.9815278060585	65.5218696323821	40.97290343775579	53.27231281339421	68.42348870330096	70.01548742581859
ENSG00000148338	84.97799201319428	93.9516464875161	47.046058826686	57.48237642595486	80.83843110692358	84.38171686091067	45.48929996895355	70.01548742581859
ENSG00000153608	1.1255363180555533	1.8106313027572696	2.205284007500906	1.0049366508034066	1.8456262809799906	0.8133177528762473	1.895387498706398	0.8001769991522124
ENSG00000169280	52.525028175925826	26.958288285497122	40.062659469599794	61.10014836884712	69.94923604914165	67.09871461229042	74.2991899492908	71.41579717433495
ENSG00000107660	1291.7405143550902	1364.8136397672574	1578.06448103419	1764.2667841504608	1317.0389141073213	2550.157814143474	1139.3174254724158	1373.7038632945607
ENSG00000222045	1.3131257043981457	1.408268791033432	1.2864156710421952	0.602961990482044	1.4765010247839927	0.40665887643812365	1.1372324992238387	0.6001327493641594
ENSG00000231692	62.09208687939803	52.91067029168466	45.575869488352055	80.7969067245939	85.08337155317757	53.882301128051395	64.63271370588818	31.807035716300444
ENSG00000180729	126.060067622222	130.36545379852342	172.93102092152938	141.89705509344103	213.1698354531889	90.27827056926347	255.6877735754931	117.02588612601107
ENSG00000246491	29.076354883101796	45.26578256893174	35.46831778730623	49.04090855920625	16.979761785015913	38.02260494696457	34.87512997619773	43.00951370443142
ENSG00000244024	33.203321382638826	29.37246335584015	46.862285159394254	10.049366508034066	43.00309234683378	31.51606292395459	26.15634748214829	15.603451483468143
ENSG00000148466	0.37517877268518446	0.4023625117238377	0.1837736672917422	0.20098733016068132	0.0	0.20332943821906183	0.18953874987063982	0.4000884995761062
ENSG00000152783	294.1401577851846	396.32707404798015	177.3415889365312	398.1559010483097	105.20069801585946	224.06904091740614	347.23498976301215	322.6713749081297
ENSG00000165431	27.012871633333283	12.674419119300888	41.71662247522547	8.240480536587933	27.868956842797857	10.776460225610277	18.5747974873227	10.80238948855487
ENSG00000108463	34.51644708703697	15.69213795722967	12.496609375838467	18.08885971446132	14.395884991643927	12.19976629314371	27.104041231501494	19.804380729017257
ENSG00000120003	526.3758180773139	129.96309128679957	249.01331918031062	228.92456905301603	482.63127247626755	456.47458880179386	297.5758372969045	497.10996072331204
ENSG00000160725	0.18758938634259223	0.0	0.0	0.0	0.3691252561959982	0.0	0.37907749974127963	0.0
ENSG00000196110	37.51787726851845	28.366557076530558	29.77133410126223	8.441467866748617	51.67753586743974	19.316296630810875	31.842509978267486	14.403185984739824
ENSG00000161483	77.09923778680542	51.90476401237506	115.22608939192234	84.61566599764684	102.98594647868347	92.7182238278922	86.2401311911411	56.612522690019034
ENSG00000100716	117.80613462314793	130.36545379852342	60.09398920439969	132.450650575889	116.8281435860334	184.82645934112722	117.1349474200554	102.62270014127125
ENSG00000115335	44.271095176851766	99.38354039578792	65.97474655773543	124.00918270914039	87.29812309035356	57.5422310159945	71.26656995136057	104.82318688893984
ENSG00000191523	1579.1274542319416	1179.1233406067063	1363.2330639701433	2419.887455134603	1425.5617394289447	2753.893911238974	1946.5629611714708	1237.4737291888966
ENSG00000132418	56.65199467546285	34.80435726411196	49.98643750335387	59.49224972756168	80.83843110692358	40.462558205593304	50.22776871571955	44.60986770273585
ENSG00000192452	211.78841718078664	190.51864930123713	286.3193736405343	169.63330665561506	249.52867318849474	202.71944990440466	303.83061604263565	167.03694857302435
ENSG00000110189	96.23335519374982	132.77962886886644	103.2808010179591	88.03245061037842	160.56948644525917	119.76103911102743	67.09671745420648	170.03761231984515
ENSG00000211981	0.7503575453703689	2.011812558619188	0.7350946691669688	1.0049366508034066	2.2147515371759887	1.8299649439715566	0.5686162496119194	0.8001769991522124
ENSG00000165439	8.44152238541665	5.834256419995646	8.453588695420141	4.220733933374309	9.228131404899953	8.946495281638722	6.254778745731113	4.400973495337168
ENSG00000165068	1469.5752526078677	890.025875933129	2039.7039332710463	1272.8527619075949	2099.9535824990335	1970.4655857809284	2094.0241085708285	1784.79479660901
ENSG00000103184	38.45582420023141	26.153563262049452	30.138881435845715	9.848379177873385	30.821958892365842	8.336506966981535	25.966808732277656	21.60477897710974
ENSG00000197933	16.8830447708333	21.12403186550148	29.587560433970488	25.324403600245848	23.624016396543883	14.233060675334329	41.698524971540756	24.605442723930533
ENSG00000186447	2.0634832497685145	3.0177188379287827	0.9188683364587108	4.220733933374309	1.6610636528819915	2.2366238204096804	1.895387498706398	0.8001769991522124
ENSG00000158296	16.507865998148116	12.875600375162806	9.740004366462335	21.10366966687154	14.395884991643927	13.21641348423902	7.960627494566872	14.203141734951771
ENSG00000101915	3.0014301814814757	0.8047250234476754	2.0215103402091636	0.8039493206427253	2.768439421469986	2.2366238204096804	7.012933745213672	1.2002654987283188
ENSG00000247806	7.315986067361097	7.04134395516716	2.7566050093761323	3.818759273052945	5.721441471037971	5.693224270133731	9.28739874366135	7.401637242157966
ENSG00000196809	67.15700031064803	68.4016269930524	77.18494026253171	109.53809493757132	154.66348234612323	130.5374993366377	81.31212369450448	90.42000090420001
ENSG00000119880	4.314555885879622	6.035437675857565	7.350946691669686	8.843442527069978	7.567067752017962	7.5231892141052885	2.2744649984476775	7.601681491946018
ENSG00000248916	7.878754226388875	11.467331584129374	6.432078355210976	8.441467866748617	4.7986283305479756	9.556483596295907	7.3920112449549515	7.001548742581859
ENSG00000184648	442.5233623821751	483.63973909205293	386.8435696491173	556.935891875248	189.73038168474304	445.6981285761836	445.4160621960035	338.874959140962
ENSG00000151275	30.764659360185128	90.53156513786348	81.0441872756583	72.1544515276846	93.75781507378352	69.33533843270008	86.2401311911411	74.61650517094382
ENSG00000130347	87.22906464930539	46.67405135996517	61.38040487544189	61.50212302916849	91.72762616470553	74.82523326461477	42.077602471282034	75.01659367051992
ENSG00000246116	185.71349247916632	142.03396663851473	251.0348295205198	254.8519346437439	138.2374084454013	206.1760503541287	143.85991115181562	103.02278864084737
ENSG00000237696	6.753217908333321	6.840162699305241	3.3079260112513587	13.466151120765648	9.228131404899953	9.556483596295907	3.411697497671516	9.802168239614602
ENSG00000216644	11.255363180555534	9.857881537234023	11.577741039379756	13.466151120765648	9.781819289193951	22.569567642315867	28.62035123046661	13.002876236223454
ENSG00000126089	0.9379469317129612	0.20118125586191885	0.3675473345834844	0.40197466032136264	0.7382505123919963	0.6099883146571856	0.7581549994825593	0.0
ENSG00000144436	181.3989365932867	104.01070928061205	99.60532767212425	178.07477452236367	123.47239819756136	71.77529169132883	159.97070489082	119.62646137325576
ENSG00000172632	19.509296179629594	12.674419119300888	16.907177390840282	42.0063520035824	17.71801229740791	35.58265168833582	14.784022489909903	45.61008895167611
ENSG00000197438	22.69831574745366	38.62680112548841	15.2532143852146	13.66713845092633	48.53997118977375	21.146261574782432	19.71202998654654	34.40761096354513
ENSG00000152048	3.189019567824068	4.828350140686052	2.0215103402091636	2.8138226222495386	1.6610636528819915	5.896553708352793	1.5163099989651185	1.800398248092478
ENSG00000186765	95.29540826203686	66.38981443443322	93.90834398608024	98.48379177873386	55.553351057497714	80.51845753474849	108.41616492600598	191.24230279737878
ENSG00000168261	82.53932999074058	125.93946616956119	104.93476402358478	112.75389222014223	88.40549885894154	73.60525663530038	102.16138618027485	73.4162396722155
ENSG00000122318	34.141268314351784	40.03506991652185	26.64718175730261	40.39845336229695	43.925905487323774	44.93580584641266	37.33913372451604	27.00597372138717
ENSG00000220321	0.9379469317129612	0.6035437675857565	0.9188683364587108	1.808885971446132	2.768439421469986	0.40665887643812365	0.947693749353199	2.8006194970327436
ENSG00000119339	4.8773240449073985	2.212993814481107	5.696983686044007	3.617771942892264	5.352316214841973	7.5231892141052885	4.738468746765995	7.001548742581859
ENSG00000242576	50.27395553981472	25.751200750325612	33.44680744709708	22.71156830815699	21.962952743661887	20.536273260125245	26.91450248163085	12.602787736647347
ENSG00000214272	4.126966499537029	3.8224438613764575	6.064531020627491	3.617771942892264	7.197942495821963	5.693224270133731	6.444317495601753	4.601017745125222
ENSG00000229093	37.70546665486104	73.43115838960038	53.84568451648045	70.94852754672051	41.71115395014779	91.0915883221397	58.377934960157056	97.42154964678187
ENSG00000160290	227.92110440624958	230.35253796189707	188.91932997591095	142.2990297537624	117.0127062141314	181.16652945318413	74.67826744903208	359.47951686913143
ENSG00000139455	6.378039135648136	8.047250234476753	4.961889016877039	5.225670584177715	3.137564677665984	6.9132008994481025	6.444317495601753	4.801061994913275
ENSG00000244449	19.884474952314775	13.076781631024726	8.086041360836655	19.495771025586087	20.3018890907799	30.092756856421154	21.607417485252938	16.403628482620356
ENSG00000169623	4.689734658564806	9.254337769648266	7.167173024377944	5.828632574659759	8.859006148703955	9.75981303451497	9.09785999379071	7.001548742581859
ENSG00000207024	132.06292798518493	184.08084911365572	119.45288373963241	107.52822163596451	156.6936712552012	359.8931056477395	126.04326866397548	166.0367273240841
ENSG00000208024	99.2347853752313	127.14655370473272	131.76571944817914	175.4619392302748	161.30773695765117	196.00957844317563	186.31659112283893	117.22593037579912
ENSG00000159636	4533.66028912777	3952.8093151749813	4040.4478490762435	6853.466971149072	6540.345851908793	7795.244002442393	3692.0253087301926	4604.818585871195
ENSG00000245593	41.64484376805547	30.9819134027355	38.96001746584934	18.892809035104044	28.976332611385853	38.835922699840815	19.332952486805258	25.00553122350664
ENSG00000202013	4.314555885879622	5.633075164133728	3.124152343959617	5.426657914338396	4.7986283305479756	3.0499415732859276	3.601236247542156	5.401194744277435
ENSG00000110810	95.10781887569428	46.47287010410325	30.873976105012684	67.9337175943103	61.82848041282968	68.72535011804291	65.01179120562945	50.21110669680134
ENSG00000227775	9.754648089814797	15.28977544550583	30.690202437720945	19.69675835574677	15.87238601642792	19.112967192591814	11.372324992238388	23.60522147499027
ENSG00000219976	42.77038008611103	69.60871452822391	46.862285159394254	36.37870675908332	44.295030743519774	51.84900674586077	22.744649984476776	35.60787646227346
ENSG00000187858	472.91284296967507	283.6655707653056	331.89524312888636	382.2779019656159	258.7568045933947	255.7884332795798	183.47350987477932	626.1385018366062
ENSG00000126280	10.317416248842573	6.035437675857565	20.766424403966866	16.480961073175866	12.365696082565938	7.3198597758862265	14.594483740039264	24.005309974566376
ENSG00000227884	196.78126627337926	69.80989578408584	245.3378458344758	107.72920896612519	162.23055009814118	97.59813034514968	276.7265748111341	101.02234614296682
ENSG00000114451	0.7503575453703689	0.6035437675857565	0.3675473345834844	0.40197466032136264	0.0	0.20332943821906183	0.0	0.2000442497880531
ENSG00000243822	433.1438930650455	114.06977207370798	218.13934307529794	225.90975910060584	218.5221516680309	224.27237035562524	113.15463367277196	411.6910660638133
ENSG00000123461	20.822421884027737	29.37246335584015	25.912087088135646	37.58463074004741	21.224702231269895	42.292523149564865	55.34531496222682	45.81013320146416
ENSG00000104795	18.946528020601814	12.07087535171513	20.031329734799897	25.72637826056721	22.516640627955884	16.67301393396307	16.48987123874566	16.00353998304425
ENSG00000233161	17.258223543518486	15.49095670136775	5.88075735333575	15.877999082693824	15.134135504035925	8.539836405200598	14.025867490427345	8.601902740886283
ENSG00000135837	721.8439586462949	292.91990853495383	573.741389284819	333.2369934064096	509.57741617857545	450.7813645316601	451.481302191864	502.5111554675894
ENSG00000218446	4.502145272222213	11.467331584129374	17.458498392715505	12.662201800122924	3.691252561959981	9.75981303451497	11.940941241850307	14.003097485163718
ENSG00000159602	344.78929209768455	479.61611397481454	331.89524312888636	116.57265149319518	553.5033216658992	472.53761442109976	335.86266477077373	266.45894071768674
ENSG00000176819	8.066343612731465	8.248431490338673	5.696983686044007	12.260227139801563	8.674443520605955	6.70987146122904	6.823394995343032	9.001991240462392
ENSG00000193693	36.392340950462895	13.680325398610481	19.296235065632928	27.736251562174022	23.43945376844588	17.892990563277444	39.992676222705	34.60765521333319
ENSG00000132351	76.16129085509246	28.970100844116313	44.840774819185086	53.26164249258055	59.6137288756537	71.97862112954789	65.769946205112	61.0134961853562
ENSG00000157784	2375.256809869903	2147.4087250701214	1716.26227883758	2186.541164818052	1013.6179535142109	1530.6640109130976	907.8906118803646	865.9915573324819
ENSG00000202483	38.83100297291659	76.04651471580532	59.54266820252446	41.604377343261035	57.95266522277171	37.41261663230738	47.95330371727187	37.20823046057788
ENSG00000224777	37.33028788217586	41.6445199634172	28.484918430220038	45.62412394647466	47.43259542118576	35.989310564773945	47.19514871778931	47.21044294998054
ENSG00000137340	52.90020694861101	23.739388191706425	60.82908387356666	20.90268233671086	47.61715804928376	12.606425169581835	47.38468746765995	23.60522147499027
ENSG00000191946	16.69545538449071	15.89331921309159	10.10755170104582	18.892809035104044	20.855576975073895	13.41974292245808	7.581549994825592	14.203141734951771
ENSG00000231975	10.317416248842573	12.875600375162806	14.150572381464148	7.63751854610589	11.627445570173942	6.506542023009978	7.3920112449549515	3.2007079966088496
ENSG00000154260	1455.130869859488	1236.2588172714911	523.0198571122983	569.1961190150496	890.3301179447475	1653.0683327209729	685.3721195322336	550.7218196665102
ENSG00000146340	453.59113617638803	417.2499246576197	459.4341682293554	479.35478243322495	440.55099326992377	217.76582833261526	625.6674133229819	466.3031462559518
ENSG00000131457	6.002860362962951	6.840162699305241	6.064531020627491	5.828632574659759	7.751630380115961	6.70987146122904	5.307084996377914	13.603008985587612
ENSG00000198190	48.960829835416575	31.78663842618318	20.39887706938338	36.981668749565365	44.479593371617774	31.719392362173647	41.698524971540756	68.01504492793806
ENSG00000235218	4.126966499537029	4.023625117238376	1.8377366729174216	1.808885971446132	1.8456262809799906	2.643282696847804	1.705848748835758	3.000663746820797
ENSG00000174195	376.86707716226783	344.623491291467	380.7790386284898	314.746159031627	274.2600653536266	263.10829305546605	199.96338111352497	126.22792161626153
ENSG00000174800	175.95884438935153	138.815066544724	151.79704918297904	148.32864965858283	85.82162206556957	168.56010428360227	153.90546489495952	96.0212398982655
ENSG00000190074	58.715477925231376	47.47877638341285	49.618890168770385	31.95698549554833	51.86209849553774	33.956016182583326	68.80256620304225	30.006637468207966
ENSG00000131559	3.3766089541666604	2.212993814481107	4.594341682293554	4.019746603213626	8.120755636311959	7.1165303376671645	3.601236247542156	4.601017745125222
ENSG00000189523	119.11926032754607	162.1520922247066	166.31516889902665	78.18407143250504	118.8583324951114	135.21407641567612	202.23784611197266	142.63155009888186
ENSG00000145562	71.47155619652764	84.69730871786783	62.85059421377582	131.44571392508558	100.77119494150749	75.23189214105288	103.86723492911062	69.41535467645444
ENSG00000228321	22.135547588425883	20.520488097915724	25.54453975355216	24.922428939924487	31.56020940475784	22.97622651875399	12.888634991203507	23.005088725626106
ENSG00000209442	129.81185534907385	151.6906669198868	204.90763903029253	63.712983660935976	50.016472214557744	150.8704431585439	56.10346996170938	45.41004470188806
ENSG00000245759	2.8138407951388835	1.6094500468953508	2.5728313420843905	2.6128352920888576	0.9228131404899953	1.4233060675334328	3.2221587478008766	1.2002654987283188
ENSG00000246927	3.7517877268518447	15.28977544550583	7.534720358961429	7.034556555623847	7.382505123919962	10.97978966382934	10.235092493014548	11.60256648770708
ENSG00000201722	3.7517877268518447	3.8224438613764575	1.102642003750453	3.818759273052945	5.536878842939972	5.693224270133731	8.718782494049432	2.200486747668584
ENSG00000173517	68.28253662870357	32.18900093790701	63.03436788106756	29.545137533620156	109.44563846211344	38.22593438518363	87.94597993997688	67.01482367899779
ENSG00000113446	1121.596940942359	373.39241087972135	1062.3955706135614	667.0769488033013	956.7726640600272	722.8361528687649	1098.756133000099	697.9543875105173
ENSG00000243278	50.27395553981472	22.129938144811074	39.32756480043282	52.658680502098505	24.915954793229872	42.49585258778393	28.05173498085469	35.4078322124854
ENSG00000195352	273.3177359011569	229.5478129384494	340.71637915888994	313.13826039034154	247.12935902322073	308.65408721653586	307.81092978991904	437.09668578689605
ENSG00000128402	26.074924701620322	22.73348191239683	51.08907950710432	26.329340251049253	24.17770428083788	42.0891937113458	39.23452122322244	28.006194970327435
ENSG00000151529	10.505005635185166	18.106313027572696	11.02642003750453	12.461214469962243	10.704632429683945	19.926284945468062	18.5747974873227	6.401415993217699
ENSG00000128785	244.42897040439772	266.1628015053186	218.87443774446493	251.636137361173	164.26073900721917	180.55654113852694	120.73618366759756	231.65124125456552
ENSG00000192769	53.275385721296196	116.28276588818909	123.12835708546726	52.25670584177715	93.94237770188153	65.87873798297603	134.7620511580249	94.62093014974911
ENSG00000229484	443.64889870023063	611.9933803319572	596.3455503617033	402.1756476515233	538.7383114180593	569.5257564515922	653.3400708040954	641.3418648204984
ENSG00000125582	520.372957714351	183.47730534606998	399.156405357664	355.54658705424526	486.13796241012955	347.89666879281486	307.0527747904365	330.2730564000757
ENSG00000142211	5.81527097662036	3.621262605514539	4.043020680418327	4.622708593695671	4.060377818155979	3.6599298879431132	2.653542498188957	14.203141734951771
ENSG00000130231	0.18758938634259223	0.0	0.3675473345834844	0.0	0.3691252561959982	0.0	0.18953874987063982	0.4000884995761062
ENSG00000182068	30.389480587499943	46.27168884824133	57.153610527731814	22.51058097799631	34.51321145432583	52.66232449873702	46.43699371830675	23.005088725626106
ENSG00000124805	3.189019567824068	1.6094500468953508	1.6539630056256793	4.421721263534989	3.322127305763983	2.643282696847804	3.2221587478008766	3.600796496184956
ENSG00000114498	1.5007150907407378	0.4023625117238377	2.205284007500906	2.009873301606813	1.6610636528819915	1.6266355057524946	1.5163099989651185	2.6005752472446906
ENSG00000145126	1.1255363180555533	1.207087535171513	1.6539630056256793	1.808885971446132	1.2919383966859934	1.6266355057524946	1.3267712490944785	1.4003097485163718
ENSG00000200869	10.317416248842573	5.834256419995646	12.129062041254983	7.034556555623847	16.610636528819917	12.19976629314371	14.404944990168625	11.002433738342921
ENSG00000143889	14.631972134722194	18.508675539296533	9.37245703187885	16.078986412854505	12.550258710663936	9.149824719857783	24.071421233571254	14.603230234527878
ENSG00000241627	30.014301814814758	14.887412933781995	46.310964157519024	31.95698549554833	22.701203256053887	19.316296630810875	47.95330371727187	25.405619723082744
ENSG00000131137	2123.324264011802	1027.0303111750957	1560.238435306891	1387.616527429344	1443.4643143544506	987.1644225535454	1913.9622961937207	1167.8583302626541
ENSG00000154793	4.689734658564806	4.627168884824133	2.5728313420843905	3.215797282570901	1.4765010247839927	2.033294382190619	3.790774997412796	1.800398248092478
ENSG00000227451	22.135547588425883	24.946475726877935	24.258124082509966	28.54020088281675	26.946143702307864	23.382885395192115	18.76433623719334	25.605663972870797
ENSG00000198107	2.0634832497685145	2.414175070343026	2.205284007500906	2.411847961928176	1.6610636528819915	3.6599298879431132	0.947693749353199	3.000663746820797
ENSG00000197255	3.189019567824068	3.4200813496526203	6.064531020627491	3.0148099524102197	3.506689933861982	2.033294382190619	3.601236247542156	5.601238994065487
ENSG00000138640	15.194740293749971	37.82207610204075	40.61398047147502	30.751061514584244	41.89571657824579	42.0891937113458	46.62653246817739	35.80792071206151
ENSG00000136871	84.41522385416651	62.16500806133292	32.89548644522185	61.904097689489845	49.09365907406775	95.15817708652094	73.73057369967889	52.211549194681865
ENSG00000128789	1.3131257043981457	1.8106313027572696	0.7350946691669688	2.009873301606813	1.1073757685879944	3.253271011504989	2.4640037483183175	2.000442497880531
ENSG00000150595	189.84045897870337	493.497620629287	184.6925356282009	247.41540342779874	173.48887041211913	372.7028602555404	191.05505986960492	174.4385858151823
ENSG00000229504	9.19187993078702	5.4318939082718085	9.37245703187885	3.4167846127315826	6.644254611527966	2.4399532586287425	8.339704994308152	4.400973495337168
ENSG00000159785	356.60742343726787	151.08712315230105	288.5246576480352	285.4020088281675	146.54272670981123	229.55893574932082	658.0785395508615	318.27040141279247
ENSG00000249659	12.756078271296271	15.28977544550583	19.296235065632928	16.480961073175866	30.26827100807185	25.41617977738273	26.15634748214829	44.8099119525239
ENSG00000180606	85.16558139953688	215.26394377225316	185.2438566300761	210.83570933855472	251.37429946947472	215.52920451220558	219.86494984994218	221.24894026558675
ENSG00000130307	86.47870710393502	72.82761462201462	121.29062041254983	82.00283070555798	18.271700181701906	107.35794337966465	114.10232742212517	86.01902740886284
ENSG00000168759	16.507865998148116	18.307494283434615	11.945288373963242	9.848379177873385	9.96638191729195	18.299649439715566	20.470184986029096	18.404070980500887
ENSG00000190866	76.34888024143505	96.16464030199721	74.42833525315557	83.61072934684344	44.110468115421774	70.75864450023353	91.54721618751903	70.21553167560666
ENSG00000145513	0.7503575453703689	1.8106313027572696	1.8377366729174216	3.818759273052945	2.3993141652739878	2.643282696847804	0.37907749974127963	1.800398248092478
ENSG00000130004	4.502145272222213	1.8106313027572696	4.961889016877039	2.009873301606813	4.6140657024499765	2.643282696847804	7.581549994825592	3.2007079966088496
ENSG00000155305	15.382329680092564	14.887412933781995	10.658872702921046	9.245417187391341	7.382505123919962	9.75981303451497	22.744649984476776	9.001991240462392
ENSG00000151950	364.48617766365675	283.6655707653056	266.10427023844267	469.3054159251909	247.3139216513187	348.70998654569104	380.21473224050345	486.90770398412127
ENSG00000235456	8.066343612731465	3.621262605514539	6.615852022502717	7.034556555623847	3.322127305763983	7.5231892141052885	11.56186374210903	4.000884995761062
ENSG00000174798	2.0634832497685145	7.644887722752915	13.415477712297177	4.823695923856352	10.15094454538995	15.046378428210577	4.738468746765995	8.601902740886283
ENSG00000196246	492.7973179219899	746.7848217594427	499.86437503353864	1844.4607288845725	483.3695229886595	1016.6471910953092	584.3479658511825	1171.6591710086273
ENSG00000218139	27.388050406018465	21.727575633087234	25.36076608626042	23.314530298639035	32.483022545247835	39.445911014497995	32.60066497775005	39.00862870867036
ENSG00000117112	12.56848888495368	58.54374545581838	26.09586075542739	35.77574476860128	23.070328512249883	44.93580584641266	27.67265748111341	16.60367273240841
ENSG00000221485	0.37517877268518446	3.2189000937907015	2.5728313420843905	2.6128352920888576	2.583876793371987	3.6599298879431132	2.843081248059597	2.000442497880531
ENSG00000232538	31.327427519212904	34.80435726411196	19.296235065632928	34.167846127315826	19.7482012064859	28.66945078888772	24.640037483183175	51.81146069510576
ENSG00000234872	83.28968753611095	67.79808322546666	138.74911880526534	125.41609402026515	140.2675973544793	112.44117933514121	111.4487849239362	134.4297358575717
ENSG00000153907	33.39091076898142	37.82207610204075	31.42529710688791	17.485897723979278	24.915954793229872	27.856133036011475	12.130479991720948	22.004867476685842
ENSG00000111754	57.214762834490635	121.11111602887514	170.54196324673674	180.8885971446132	278.5050057998806	101.86804854774999	154.09500364483017	155.83447058489338
ENSG00000134930	41.832433154398075	73.22997713373846	46.310964157519024	52.25670584177715	33.40583568573783	95.15817708652094	81.69120119424575	35.207787962697346
ENSG00000215519	211.03805963541626	246.84940094257445	282.0925792928242	168.22639534449027	162.23055009814118	358.67312901842513	192.9504473683113	150.43327584061595
ENSG00000126492	109.17702285138868	76.04651471580532	86.74117096170231	166.0155347127228	102.24769596629149	251.11185620054138	120.9257224174682	146.63243509464294
ENSG00000157235	23.073494520138844	19.715763074468047	21.317745405842093	20.500707676389496	13.65763447925193	22.569567642315867	15.163099989651185	29.006416219267702
ENSG00000134474	75.78611208240726	159.93909841022548	255.44539753552164	244.4005934753885	127.16365075952135	136.02739416855238	247.15852983131433	196.04336479229204
ENSG00000228569	1080.3272759469887	716.8088146360168	517.6904207608377	868.466253624304	905.2796908206855	1425.7460207920617	1294.5496616164698	1042.8306741451208
ENSG00000104254	72.97227128726838	68.20044573719049	40.062659469599794	53.86460448306259	35.43602459481582	78.2818337143388	38.665904973610516	55.61230144107876
ENSG00000104928	2.2510726361111066	3.0177188379287827	2.0215103402091636	3.818759273052945	3.691252561959981	1.8299649439715566	1.3267712490944785	1.2002654987283188
ENSG00000138710	39.39377113194437	53.916576570994245	45.392095821060316	66.7277936133462	22.147515371759887	46.155782475727044	43.78345122011779	54.21199169256239
ENSG00000156526	21.01001127037033	28.768919588254395	26.09586075542739	17.485897723979278	18.456262809799906	23.382885395192115	24.640037483183175	32.407168465664604
ENSG00000105318	2516.3240283995324	6977.368315803069	5264.380473239246	5077.944896509614	3094.5615853191503	3965.1273747099253	6667.783681699238	6630.4666592250205
ENSG00000203939	182.14929413865707	85.30085248545359	99.05400667024904	246.611454107156	107.04632429683946	67.91203236516665	115.61863742109028	108.62402763491284
ENSG00000244312	2.2510726361111066	0.8047250234476754	3.8592470131265855	1.6078986412854506	2.3993141652739878	1.6266355057524946	2.2744649984476775	1.4003097485163718
ENSG00000178808	17.63340231620367	46.27168884824133	11.7615147066715	35.172782778119235	16.979761785015913	13.623072360677144	21.607417485252938	11.002433738342921
ENSG00000142857	578.7132568668972	623.4607119160864	588.0757353335749	401.5726856610413	947.1754073989312	983.301163227383	474.98410717582334	362.28013636616424
ENSG00000110943	2.2510726361111066	2.414175070343026	1.102642003750453	1.808885971446132	0.9228131404899953	4.473247640819361	4.169852497154076	4.200929245549116
ENSG00000201788	9.379469317129612	10.46142530481978	13.415477712297177	15.677011752533144	7.93619300821396	11.793107416705586	8.339704994308152	7.001548742581859
ENSG00000162948	21.572779429398107	20.520488097915724	39.51133846772456	31.153036174905605	27.868956842797857	32.73603955326896	20.849262485770378	41.40915970612699
ENSG00000118275	28.138407951388835	22.129938144811074	14.51811971604763	9.446404517552022	30.26827100807185	17.892990563277444	13.646789990686065	25.80570822265885
ENSG00000128781	14.444382748379603	4.023625117238376	7.902267693544912	8.441467866748617	5.906004099135971	10.97978966382934	6.444317495601753	6.801504492793806
ENSG00000210287	52.71261756226842	38.62680112548841	92.4381546477463	55.07052846402668	70.31836130533765	27.042815283135226	124.90603616475163	38.4084959593062
ENSG00000215336	1.6883044770833302	3.0177188379287827	2.389057674792648	1.205923980964088	0.5536878842939972	1.6266355057524946	1.5163099989651185	2.000442497880531
ENSG00000227231	19.321706793287	8.047250234476753	26.830955424594354	11.054303158837474	18.08713755360391	6.099883146571855	20.65972373589974	3.400752246396903
ENSG00000224703	17.445812929861077	14.686231677920075	6.248304687919234	11.054303158837474	7.751630380115961	4.676577079038423	7.581549994825592	11.60256648770708
ENSG00000203550	12.943667657638864	21.727575633087234	14.51811971604763	5.426657914338396	20.671014346975895	15.453037304648701	12.130479991720948	15.803495733256197
ENSG00000131013	8.44152238541665	19.313400562744206	17.642272060007247	10.45134116835543	9.96638191729195	18.299649439715566	7.960627494566872	27.00597372138717
ENSG00000215189	28.70117611041661	32.18900093790701	21.501519073133835	25.123416270085166	26.02333056181787	20.129614383687123	15.352638739521824	24.40539847414248
ENSG00000142230	12.380899498611088	12.07087535171513	8.821136030003624	9.848379177873385	7.197942495821963	13.41974292245808	8.718782494049432	13.603008985587612
ENSG00000140030	6.565628521990728	12.07087535171513	10.658872702921046	17.083923063657913	8.674443520605955	17.892990563277444	11.56186374210903	14.003097485163718
ENSG00000175015	114.80470444166644	61.36028303788525	97.5838173319151	63.11002167045393	140.45215998257729	63.43878472434729	147.84022489909904	65.01438118111727
ENSG00000193397	94.1698719439813	201.9859808853665	157.12648553443955	156.77011752533144	173.67343304021713	225.28901754672052	165.46732863706853	214.44743577279294
ENSG00000115837	266.7521073791662	212.04504367846246	156.20761719798085	182.29550845573797	163.52248849482717	134.4007586627999	111.06970742419493	154.43416083637703
ENSG00000191304	4.126966499537029	2.816537582066864	4.043020680418327	3.818759273052945	2.9530020495679854	2.643282696847804	2.653542498188957	0.8001769991522124
ENSG00000106369	133.3760536895831	30.57955089101166	78.4713559335739	43.21227598454649	91.17393828041153	47.78241798147954	102.91954117975742	36.00796496184957
ENSG00000162560	50.461544926157316	87.11148378821085	137.83025046880664	112.55290488998155	134.1770306272453	132.7741231570474	96.6647624340263	108.8240718847009
ENSG00000166932	13.131257043981456	22.73348191239683	21.685292740425577	12.461214469962243	14.395884991643927	10.369801349172155	14.404944990168625	10.80238948855487
ENSG00000142424	66.59423215162025	81.67958987993904	78.8389032681574	95.26799449616294	71.61029970202364	75.638551017491	85.6715149415292	36.608097711213716
ENSG00000151598	11.442952566898127	14.887412933781995	23.890576747926485	17.083923063657913	11.996570826369938	13.41974292245808	17.05848748835758	19.2042479796531
ENSG00000179042	49.89877676712953	52.508307779960816	44.10568015001812	72.95840084832733	50.385597470753744	90.0749411310444	80.74350744489256	57.21265543938319
ENSG00000133797	0.0	0.8047250234476754	1.102642003750453	2.411847961928176	1.4765010247839927	1.6266355057524946	0.7581549994825593	0.4000884995761062
ENSG00000242048	123.99658437245347	109.84496570060769	87.47626563086926	62.10508501965053	107.04632429683946	84.99170517556786	77.90042619683297	116.42575337664691
ENSG00000203043	7.691164840046282	6.236618931719484	6.7996256897944605	7.63751854610589	7.197942495821963	11.386448540267462	10.614169992755828	16.403628482620356
ENSG00000191889	6.565628521990728	9.053156513786348	7.350946691669686	6.632581895302484	3.322127305763983	6.70987146122904	6.823394995343032	4.400973495337168
ENSG00000196756	11.255363180555534	13.479144142748561	16.355856388965055	19.69675835574677	9.96638191729195	25.009520900944608	17.248026238228224	13.202920486011505
ENSG00000137147	137.31543080277754	261.13327010877066	194.06499266007972	171.04021796673982	163.33792586672917	205.1594031630334	176.08149862982438	149.03296609209957
ENSG00000175017	148.38320459699048	216.06866879570086	234.12765212967952	163.40269942063392	209.66314551932695	215.93586338864367	146.89253114974585	189.64194879907436
ENSG00000151623	76.16129085509246	54.922482850303844	43.18681181355941	40.39845336229695	44.110468115421774	17.079672810401195	35.63328497568028	50.41115094658939
ENSG00000107628	219.10440324814772	223.71355651845374	142.0570448165167	135.6664478584599	166.10636528819916	141.92394787690517	316.9087897837098	202.44478078550975
ENSG00000169150	5.81527097662036	11.668512839991292	6.064531020627491	7.034556555623847	8.674443520605955	12.19976629314371	14.025867490427345	14.003097485163718
ENSG00000141463	3.0014301814814757	1.6094500468953508	2.0215103402091636	2.009873301606813	2.2147515371759887	2.8466121350668656	2.2744649984476775	3.800840745973009
ENSG00000241064	0.5627681590277767	0.8047250234476754	0.7350946691669688	0.40197466032136264	0.3691252561959982	1.0166471910953094	1.705848748835758	0.0
ENSG00000231954	28.70117611041661	24.745294471016017	20.766424403966866	33.16290947651242	23.070328512249883	14.436390113553392	15.163099989651185	23.20513297541416
ENSG00000204389	21.572779429398107	20.319306842053802	29.03623943209526	31.555010835226966	11.996570826369938	18.50297887793463	15.542177489392465	7.401637242157966
ENSG00000126668	24.761798997222176	40.23625117238377	28.301144762928296	40.800428022618306	35.80514985101182	36.59929887943113	36.01236247542157	46.41026595082832
ENSG00000213226	43.708327017824	46.67405135996517	25.176992418968677	45.42313661631398	44.110468115421774	15.453037304648701	46.05791621856547	35.207787962697346
ENSG00000101985	400.31575045509186	197.3588120005424	391.4379113314108	350.9238784605496	224.98184365146085	370.66956587334977	416.7957109655369	289.864117942889
ENSG00000214744	6.565628521990728	6.840162699305241	3.4916996785431014	3.4167846127315826	6.090566727233969	3.253271011504989	5.117546246507274	2.6005752472446906
ENSG00000189506	7.128396681018505	6.437800187581403	7.534720358961429	5.426657914338396	3.322127305763983	6.9132008994481025	4.169852497154076	6.201371743429647
ENSG00000189968	1189.69188818472	840.9376495028207	1084.4484106885707	1880.4374609833346	1176.402191496646	1294.8018625789857	838.1403519279692	1041.2303201468164
ENSG00000173659	111.99086364652757	99.98708416337367	161.16950621485788	70.74754021655983	130.85490332148132	135.8240647303333	199.77384236365435	94.02079740038496
ENSG00000113461	18.38375986157404	20.72166935377764	22.420387409592543	13.466151120765648	8.859006148703955	21.75624988943962	17.81664248784014	17.203805481772566
ENSG00000152004	0.9379469317129612	0.4023625117238377	0.5513210018752265	0.40197466032136264	0.1845626280979991	0.40665887643812365	0.5686162496119194	0.8001769991522124
ENSG00000172263	4.126966499537029	7.644887722752915	3.675473345834843	4.622708593695671	3.8758151900579807	4.473247640819361	4.928007496636635	4.601017745125222
ENSG00000101127	18.758938634259223	17.905131771710778	6.064531020627491	17.083923063657913	8.859006148703955	22.16290876587774	11.182786242367749	11.402522237919028
ENSG00000153587	24.011441451851805	30.57955089101166	12.496609375838467	33.76587146699447	16.795199156917914	49.205724049012964	14.025867490427345	31.006858717148233
ENSG00000178323	38.45582420023141	49.289407686170115	12.129062041254983	18.892809035104044	47.61715804928376	47.57908854326047	37.52867247438668	35.80792071206151
ENSG00000189520	13.506435816666642	10.662606560681699	20.21510340209164	16.078986412854505	9.96638191729195	10.573130787391216	9.666476243402629	25.80570822265885
ENSG00000161077	275.19362976458285	169.5957986915976	328.587317117635	337.8597020001053	64.96604509049567	141.11063012402892	225.3615735961907	268.65942746535535
ENSG00000105253	2.4386620224536992	2.011812558619188	2.205284007500906	2.009873301606813	0.7382505123919963	3.253271011504989	3.601236247542156	2.200486747668584
ENSG00000107439	15.75750845277775	5.633075164133728	15.436988052506342	13.265163790604968	21.224702231269895	9.75981303451497	9.47693749353199	17.80393823113673
ENSG00000149004	8.44152238541665	4.828350140686052	6.064531020627491	4.823695923856352	10.15094454538995	7.7265186523243505	5.875701245989834	9.202035490250443
ENSG00000192082	72.40950312824062	175.43005511159322	74.61210892044733	150.13753563002896	73.08680072680762	133.99409978636174	155.99039114353656	134.02964735799557
ENSG00000174897	66.03146399259246	42.04688247514104	54.58077918564742	54.66855380370532	71.61029970202364	32.73603955326896	155.80085239366593	24.005309974566376
ENSG00000143317	111.61568487384238	160.1402796660874	96.11362799358115	143.70594106488716	77.70086642925762	113.86448540267463	131.3503536603534	155.03429358574115
ENSG00000230731	43.145558858796214	40.83979493996952	44.10568015001812	37.182656079726044	20.3018890907799	40.86921708203143	39.61359872296372	29.40650471884381
ENSG00000180422	15194.740293749972	7819.714234096924	5392.654493008882	7023.301265134848	9201.369823825742	7017.915560130919	4662.084630568128	9665.337972759573
ENSG00000165559	78.03718471851838	128.55482249576613	67.07738856148589	94.6650325056809	121.44220928848338	128.91086383088523	115.61863742109028	139.83093060184913
ENSG00000120019	6.9408072946759125	3.621262605514539	8.086041360836655	5.426657914338396	8.305318264409959	7.5231892141052885	10.045553743143909	5.601238994065487
ENSG00000228604	21.572779429398107	36.81616982273115	22.05284007500906	10.65232849851611	26.946143702307864	31.109404047516463	24.450498733312532	28.006194970327435
ENSG00000128971	11.255363180555534	14.08268791033432	5.88075735333575	9.446404517552022	8.859006148703955	10.776460225610277	3.980313747283436	14.603230234527878
ENSG00000101469	187.21420756990707	93.14692146406843	166.31516889902665	96.27293114696636	139.8984720982833	114.47447371733182	103.48815742936932	41.40915970612699
ENSG00000198801	262.8127302659717	163.3591797598781	215.7502854005053	130.03880261396083	490.5674654844815	231.99888900794957	436.6972797019541	141.43128460015356
ENSG00000163544	56.65199467546285	37.21853233445499	44.840774819185086	51.05078186081306	47.80172067738176	53.882301128051395	48.33238121701315	46.81035445040443
ENSG00000222716	32.45296383726846	8.650794002062511	13.599251379588921	12.059239809640879	23.070328512249883	15.859696181086823	25.398192482665735	13.803053235375664
ENSG00000220212	6.002860362962951	7.04134395516716	4.961889016877039	7.034556555623847	8.305318264409959	9.556483596295907	7.012933745213672	8.801946990674336
ENSG00000208884	441.58541545046216	551.2366410616576	476.5251192874874	688.3816058003335	944.9606558617552	814.1310706291237	631.5431145689719	454.9006240180328
ENSG00000186249	297.51676673935134	164.1639047833258	238.3544464773896	237.9689989102467	249.52867318849474	202.71944990440466	216.6427911021413	322.2712864085536
ENSG00000169689	0.0	0.20118125586191885	0.1837736672917422	0.20098733016068132	0.0	0.0	0.18953874987063982	0.0
ENSG00000206617	40.51930744999992	37.4197135903169	16.355856388965055	25.72637826056721	25.83876793371987	23.586214833411173	31.842509978267486	40.40893845718673
ENSG00000234009	2.8138407951388835	6.638981443443321	4.778115349585296	10.65232849851611	7.567067752017962	6.9132008994481025	1.1372324992238387	9.402079740038497
ENSG00000104937	11.067773794212941	4.425987628962214	10.475099035629304	17.88787238430064	8.305318264409959	19.112967192591814	10.614169992755828	19.40429222944115
ENSG00000130675	653.5614220175914	702.7261267256825	514.5662684168781	1107.0382145250328	592.076910938381	951.5817708652095	924.001405619369	1163.857445266893
ENSG00000175711	1.1255363180555533	3.0177188379287827	1.4701893383339375	4.019746603213626	2.3993141652739878	1.8299649439715566	2.4640037483183175	3.400752246396903
ENSG00000210557	4.502145272222213	4.828350140686052	5.145662684168781	0.8039493206427253	5.167753586743974	5.896553708352793	9.09785999379071	3.600796496184956
ENSG00000160700	3910.488347697678	3422.897887234687	2827.7254186180367	4785.910305786144	3598.048434770492	5476.88174786865	3368.29312395114	2305.109890307736
ENSG00000205584	12.756078271296271	11.467331584129374	13.599251379588921	8.039493206427252	4.6140657024499765	3.8632593261621753	11.751402491979668	10.402300988978762
ENSG00000205454	19.321706793287	13.479144142748561	16.907177390840282	20.299720346228813	21.59382748746589	17.486331686839318	17.248026238228224	27.606106470751328
ENSG00000159626	302.2065013979161	258.9202762942895	508.1341900616671	233.346290316551	291.7935150229365	165.51016271031634	269.5241023160498	220.24871901664648
ENSG00000126333	16.8830447708333	12.875600375162806	7.718494026253171	11.054303158837474	3.137564677665984	5.286565393695608	9.85601499327327	12.802831986435399
ENSG00000167063	19.884474952314775	28.567738332392473	32.89548644522185	33.564884136833776	38.389026644383804	26.43282696847804	30.32619997930237	15.203362983892037
ENSG00000205450	40.331718063657334	53.916576570994245	30.690202437720945	52.25670584177715	35.25146196671782	34.56600449724051	33.737897476973885	30.006637468207966
ENSG00000190392	482.8550804458324	565.7216914837159	871.4547302974413	607.383711745579	590.600409913597	409.9121474496287	337.3789747697388	471.1042082508651
ENSG00000124842	2.4386620224536992	0.8047250234476754	2.0215103402091636	0.40197466032136264	0.7382505123919963	1.8299649439715566	0.5686162496119194	0.6001327493641594
ENSG00000137351	6.753217908333321	6.840162699305241	9.556230699170593	2.2108606317674946	2.768439421469986	6.303212584790917	9.47693749353199	3.000663746820797
ENSG00000213911	24.011441451851805	14.485050422058157	53.84568451648045	21.505644327192904	38.389026644383804	21.75624988943962	63.68501995653497	30.20668171799602
ENSG00000118774	246.68004304050882	160.74382343367316	193.88121899278798	174.05502791915004	138.4219710734993	180.1498822620888	127.55957866294058	216.04778977109737
ENSG00000194905	6.190449749305544	11.064969072405537	11.945288373963242	6.833569225463165	9.96638191729195	10.97978966382934	7.202472495084312	9.402079740038497
ENSG00000217857	122.12069050902757	56.733114153061116	34.18190211626405	60.49718637836508	56.476164197987714	49.00239461079391	62.16870995756986	83.81854066119426
ENSG00000171944	5.627681590277767	11.467331584129374	7.718494026253171	13.265163790604968	4.244940446253978	8.336506966981535	12.130479991720948	11.402522237919028
ENSG00000178016	15.945097839120342	10.059062793095942	12.864156710421952	17.686885054139957	15.87238601642792	18.299649439715566	12.320018741591587	15.203362983892037
ENSG00000122901	174.833308071296	388.48100506936527	379.49262295744757	411.62205216907535	397.917026179286	280.7979541805244	353.4897685087433	320.4708881604611
ENSG00000238248	14.444382748379603	24.745294471016017	14.150572381464148	13.064176460444287	18.271700181701906	10.573130787391216	37.1495949746454	11.802610737495135
ENSG00000176811	9241.21593939512	9777.610216145118	6449.720627270984	13520.618687239194	7169.888976351068	4153.207105062557	4082.096055963969	11671.38170963417
ENSG00000218266	65.2811064472221	65.38390815512362	171.6446052504872	41.20240268293968	92.09675142090153	42.69918202600299	107.0893936769115	64.21420418196506
ENSG00000115598	203.53448418171257	494.10116439687266	179.17932560944863	318.7659056348406	150.04941664367323	461.96448363370854	386.4695109862346	395.88757033055714
ENSG00000200875	104.67487757916648	64.57918313167596	68.18003056523634	116.17067683287381	102.80138385058548	99.6314247273403	105.95216117768766	163.4361520768394
ENSG00000230790	0.9379469317129612	0.4023625117238377	1.4701893383339375	1.808885971446132	0.1845626280979991	2.033294382190619	1.705848748835758	0.6001327493641594
ENSG00000121416	1.1255363180555533	1.207087535171513	0.3675473345834844	1.205923980964088	1.1073757685879944	1.4233060675334328	0.7581549994825593	1.0002212489402655
ENSG00000219361	85.91593894490725	59.75083299098989	72.40682491294642	141.0931057727983	74.93242700778761	54.492289442708575	84.53428244230535	47.21044294998054
ENSG00000155308	2.4386620224536992	2.011812558619188	2.389057674792648	3.617771942892264	4.6140657024499765	4.066588764381238	5.307084996377914	5.001106244701328
ENSG00000197265	8.066343612731465	11.668512839991292	11.02642003750453	16.882935733497234	7.382505123919962	6.9132008994481025	11.940941241850307	8.801946990674336
ENSG00000118779	13.881614589351825	15.89331921309159	8.269815028128399	15.27503709221178	21.59382748746589	17.283002248620257	13.646789990686065	12.402743486859293
ENSG00000175527	5.627681590277767	3.4200813496526203	4.594341682293554	4.019746603213626	3.8758151900579807	4.269918202600299	5.875701245989834	7.801725741734072
ENSG00000197794	274.25568283286987	621.8512618691911	343.2892105009744	297.46124863780835	202.83432827970097	334.8835847467949	267.24963731760215	239.45296699629958
ENSG00000193695	103.9245200337961	186.29384292813685	140.95440281276623	171.64317995722186	148.94204087508524	66.28539685941416	108.03708742626468	140.4310633512133
ENSG00000125570	31.5150169055555	54.922482850303844	53.29436351460522	41.80536467342172	48.35540856167576	27.042815283135226	25.398192482665735	44.40982345294779
ENSG00000175743	77.286827173148	78.25950853028642	122.39326241630027	75.97321080073755	86.92899783415757	87.02499955775848	55.15577621235618	114.02522237919028
ENSG00000237009	9.19187993078702	2.816537582066864	3.4916996785431014	4.220733933374309	3.322127305763983	3.8632593261621753	4.928007496636635	8.801946990674336
ENSG00000108450	203.34689479537	319.87819682045097	139.30043980714058	65.5218696323821	128.08646390001135	151.4804314732011	113.91278867225452	291.6645161909815
ENSG00000157158	9.379469317129612	5.4318939082718085	6.983399357086203	9.04442985723066	1.6610636528819915	3.6599298879431132	4.548929996895355	3.000663746820797
ENSG00000142168	743.9795062347209	537.1539531513233	686.0271000000735	771.5903604868556	732.3445082928603	673.2237699433138	488.6308971665094	959.0121334839267
ENSG00000226225	8.066343612731465	4.627168884824133	10.291325368337562	8.039493206427252	6.828817239625965	3.6599298879431132	6.633856245472393	5.201150494489381
ENSG00000133327	10.317416248842573	4.627168884824133	10.10755170104582	6.632581895302484	5.906004099135971	10.776460225610277	4.738468746765995	9.802168239614602
ENSG00000222076	354.9191189601845	311.42858407425035	249.93218751676932	246.611454107156	308.77327680795247	295.2343442940778	264.9751723191544	175.23876281433454
ENSG00000153518	105.23764573819425	194.74345567433744	74.24456158586383	102.90551304226884	129.00927704050136	96.78481259227344	85.10289869191728	155.2343378355292
ENSG00000163050	1.6883044770833302	4.023625117238376	3.675473345834843	3.818759273052945	6.828817239625965	2.4399532586287425	4.738468746765995	4.400973495337168
ENSG00000199755	75.59852269606468	131.57254133369494	177.3415889365312	89.43936192150319	207.07926872595493	143.34725394443862	206.40769860912675	70.61562017518274
ENSG00000142866	49.14841922175916	33.798450984802365	14.885667050631115	21.30465699703222	33.221273057639834	24.806191462725547	35.82282372555092	46.41026595082832
ENSG00000188177	38.26823481388882	40.638613684107604	28.117371095636553	24.721441609763804	18.640825437897906	25.41617977738273	30.51573872917301	24.005309974566376
ENSG00000224673	98.10924905717575	76.04651471580532	52.00794784356304	106.5232849851611	108.15370006542746	75.638551017491	127.55957866294058	73.61628392200355
ENSG00000117321	95.48299764837945	81.47840862407713	99.60532767212425	105.31736100419701	81.94580687551158	140.7039712475908	88.51459618958879	54.01194744277434
ENSG00000152686	327.90624732685126	288.2927396501297	430.21415512996845	234.95418895783646	372.8165087579581	287.30449620353437	225.1720348463201	192.84265679568318
ENSG00000148672	71.09637742384247	68.20044573719049	62.66682054648408	63.5119963307753	38.019901388187805	87.63498787241566	29.37850622994917	67.21486792878585
ENSG00000187544	64.15557012916655	38.62680112548841	30.690202437720945	76.3751854610589	77.70086642925762	51.84900674586077	57.6197799606745	74.81654942073186
ENSG00000108404	15.75750845277775	26.555925773773286	34.36567578355579	31.153036174905605	24.915954793229872	28.262791912449597	41.698524971540756	38.4084959593062
ENSG00000195764	522.9992091231472	461.10743843551796	396.76734768287133	559.1467525070154	557.0100115997612	669.1571811789325	501.89860965745413	277.86146295560576
ENSG00000235033	4.502145272222213	6.035437675857565	7.167173024377944	4.421721263534989	4.429503074351977	8.336506966981535	8.52924374417879	5.601238994065487
ENSG00000183470	920.125940010415	1122.792588965369	862.449820600146	1171.7561348367722	940.9002780435993	857.2369115315648	1262.328074138461	1454.7217844587224
ENSG00000223538	4270.659969475455	2059.492516258463	2733.6333009646646	2348.13497826724	2789.29499844506	3576.361488835079	1467.9776177481053	2576.769981519912
ENSG00000242356	2823.2202644560134	1202.259185030827	2846.4703326817944	2452.246415290473	2089.4335126974474	2809.1995184345583	1789.624876278581	1155.855675275371
ENSG00000155644	27.57563979236106	25.147656982739857	17.458498392715505	15.877999082693824	24.546829537033876	24.19620314806836	22.555111234606137	21.004646227745578
ENSG00000155218	2060.294230200691	2168.331575679761	1501.6146354408252	3178.4136391610145	1906.1628229961345	1786.2491147544583	1491.6699614819352	2158.277410963305
ENSG00000228480	347.22795412013824	210.83795614329094	339.981284489723	255.2539093040653	217.9684637837369	314.5506409248887	391.2079797330005	225.44986951113586
ENSG00000199977	201.84617970462926	360.7179917604205	211.3397173855035	327.4083608317499	421.72560520392784	231.1855712550733	416.22709471592503	295.2653126871664
ENSG00000244583	8976.339725879381	7849.0866974527635	8138.600629682094	6164.0804286979355	7588.107891621134	8631.131322960957	6294.392344454078	5951.716519694157
ENSG00000154120	36.017162177777706	61.963826805471	39.32756480043282	31.95698549554833	34.14408619812983	26.83948584491616	18.95387498706398	61.61362893472037
ENSG00000132242	36.392340950462895	145.85641049989115	68.3638042325281	150.94148495067168	78.8082421978456	105.32464899747404	42.26714122115268	91.62026640292832
ENSG00000191687	1.6883044770833302	2.011812558619188	2.0215103402091636	3.215797282570901	3.322127305763983	1.2199766293143712	1.705848748835758	2.200486747668584
ENSG00000236001	0.18758938634259223	0.0	0.3675473345834844	0.40197466032136264	0.1845626280979991	0.6099883146571856	0.0	0.4000884995761062
ENSG00000143254	42.77038008611103	44.863420057207904	61.93172587731711	74.36531215945209	37.09708824769781	57.5422310159945	60.4628612087341	38.208451709518144
ENSG00000206725	56.08922651643508	43.656332522036394	88.76268130191147	90.04232391198524	108.52282532162344	100.64807191843562	57.24070246093322	60.01327493641593
ENSG00000134805	166.95455384490708	105.82134058336932	127.72269876776082	114.160803531267	66.25798348718166	96.58148315405438	106.52077742729956	126.42796586604958
ENSG00000134779	61.34172933402767	35.810263543421556	31.60907077417965	51.653743851295104	33.59039831383583	34.15934562080239	44.92068371934163	40.00884995761062
ENSG00000130230	0.18758938634259223	0.4023625117238377	0.5513210018752265	1.205923980964088	0.5536878842939972	0.6099883146571856	0.7581549994825593	0.0
ENSG00000108711	61.34172933402767	69.80989578408584	39.14379113314108	91.85120988343137	43.55678023112778	67.09871461229042	49.28007496636635	49.01084119807301
ENSG00000113655	173.70777175324042	173.41824255297405	334.284300803679	138.07829582038806	316.34034455997045	289.9477789003822	302.69338354341176	154.63420508616505
ENSG00000131358	612.4793464085637	683.4127261629383	531.65721947501	522.3660710876107	532.2786194346293	513.000172626693	670.7776357921942	618.3367760948722
ENSG00000128365	5.81527097662036	3.0177188379287827	2.0215103402091636	1.808885971446132	2.2147515371759887	6.303212584790917	6.444317495601753	2.4005309974566376
ENSG00000200734	3.9393771131944373	3.8224438613764575	2.7566050093761323	7.235543885784528	6.275129355331968	3.4566004497240512	4.738468746765995	3.800840745973009
ENSG00000231803	6.9408072946759125	8.248431490338673	5.88075735333575	8.843442527069978	11.073757685879944	7.929848090543412	6.633856245472393	6.801504492793806
ENSG00000160117	9.754648089814797	5.23071265240989	3.3079260112513587	9.04442985723066	4.6140657024499765	11.386448540267462	9.28739874366135	7.801725741734072
ENSG00000156797	1.1255363180555533	1.207087535171513	0.9188683364587108	1.6078986412854506	1.4765010247839927	0.8133177528762473	1.1372324992238387	0.2000442497880531
ENSG00000135116	2.8138407951388835	6.840162699305241	8.821136030003624	3.215797282570901	8.674443520605955	4.473247640819361	8.718782494049432	7.201592992369912
ENSG00000116814	989.3464235708315	792.4529668400984	447.6726535226839	871.6820509068749	819.6426313832138	472.3342849828807	584.7270433509239	1318.491650353058
ENSG00000120963	4.8773240449073985	1.6094500468953508	2.7566050093761323	7.235543885784528	2.2147515371759887	2.8466121350668656	2.843081248059597	3.400752246396903
ENSG00000150010	0.18758938634259223	0.4023625117238377	0.1837736672917422	0.8039493206427253	0.5536878842939972	1.0166471910953094	0.5686162496119194	1.0002212489402655
ENSG00000237837	19.884474952314775	16.496862980677346	21.869066407717316	21.30465699703222	22.516640627955884	15.453037304648701	51.554539964814026	16.403628482620356
ENSG00000178814	9.004290544444427	7.242525211029078	12.496609375838467	6.632581895302484	16.610636528819917	7.929848090543412	9.47693749353199	11.60256648770708
ENSG00000152653	69.40807294675913	156.7201983164348	190.20574564695312	106.92525964548247	103.72419699107547	100.85140135665468	105.762622427817	128.62845261371817
ENSG00000139748	3.9393771131944373	6.437800187581403	8.453588695420141	7.838505876266572	10.15094454538995	6.70987146122904	5.307084996377914	4.601017745125222
ENSG00000156575	19.696885565972185	21.526394377225316	14.51811971604763	16.279973743015187	20.855576975073895	32.73603955326896	16.300332488875025	29.806593218419916
ENSG00000148865	5.627681590277767	7.04134395516716	5.88075735333575	4.019746603213626	9.228131404899953	9.149824719857783	14.025867490427345	1.800398248092478
ENSG00000165248	4.126966499537029	1.8106313027572696	5.513210018752265	6.431594565141802	5.906004099135971	3.6599298879431132	2.843081248059597	5.601238994065487
ENSG00000155347	52.90020694861101	84.89848997372975	67.62870956336113	90.04232391198524	48.90909644596975	90.0749411310444	90.0309061885539	49.610973947437174
ENSG00000139791	42.395201313425844	38.4256198696265	48.51624816501993	49.44288321952761	34.88233671052183	50.019041801889216	20.470184986029096	38.208451709518144
ENSG00000202340	16.8830447708333	39.230344893074175	24.993218751676935	24.319466949442443	28.053519470895857	26.43282696847804	28.05173498085469	42.60942520485531
ENSG00000178545	138.62855650717566	79.66777732131987	84.71966062149313	46.227085936956705	63.30498143761368	117.93107416705587	88.13551868984752	60.813451935568146
ENSG00000190685	3.189019567824068	5.4318939082718085	6.7996256897944605	3.4167846127315826	6.090566727233969	6.303212584790917	3.790774997412796	2.8006194970327436
ENSG00000212557	26.262514087962913	41.84570121927912	20.21510340209164	18.289847044622	30.452833636169846	32.93936899148802	20.849262485770378	61.41358468493231
ENSG00000137258	47.64770413101843	40.43743242824569	35.284544120014495	47.63399724808147	48.72453381787175	41.88586427312674	51.93361746455531	45.210000452100005
ENSG00000214894	911.3092388523131	104.81543430405972	469.54171993040126	433.931645816911	664.9791490370906	359.28311733308226	719.86817200869	261.45783447298544
ENSG00000159517	1.3131257043981457	0.4023625117238377	0.1837736672917422	0.602961990482044	0.3691252561959982	0.20332943821906183	0.37907749974127963	0.6001327493641594
ENSG00000241090	28.888765496759206	9.857881537234023	21.685292740425577	9.446404517552022	25.83876793371987	14.639719551772453	27.67265748111341	30.606770217572127
ENSG00000165484	74.09780760532394	89.32447760269196	82.8819239485757	95.26799449616294	59.6137288756537	86.8216701195394	43.78345122011779	79.4175671658571
ENSG00000194785	3.5641983405092525	11.467331584129374	6.983399357086203	8.240480536587933	5.906004099135971	8.133177528762475	3.980313747283436	10.402300988978762
ENSG00000142889	28.51358672407402	38.62680112548841	31.976618108763134	24.118479619281757	16.426073900721914	37.41261663230738	31.08435497878493	25.405619723082744
ENSG00000157074	134.87676878032383	106.22370309509314	117.61514706671498	135.26447319813855	104.64701013156547	146.39719551772453	101.97184743040421	75.81677066967212
ENSG00000150457	70.72119865115728	72.42525211029078	59.726441869816206	54.869541133866	70.31836130533765	54.492289442708575	57.24070246093322	58.61296518789956
ENSG00000209182	0.18758938634259223	0.4023625117238377	1.2864156710421952	0.8039493206427253	0.1845626280979991	0.8133177528762473	0.7581549994825593	1.2002654987283188
ENSG00000218907	1.8758938634259223	4.224806373100296	2.0215103402091636	1.6078986412854506	1.8456262809799906	2.8466121350668656	1.895387498706398	2.4005309974566376
ENSG00000118097	0.0	0.6035437675857565	0.0	0.20098733016068132	0.3691252561959982	0.20332943821906183	0.0	0.2000442497880531
ENSG00000206547	106.92595021527758	112.25914077095072	65.05587822127673	75.57123614041618	70.68748656153365	47.57908854326047	111.25924617406557	156.03451483468143
ENSG00000228122	21.572779429398107	49.088226430308204	28.117371095636553	43.61425064486785	25.654205305621872	33.75268674436427	64.06409745627626	37.60831896015399
ENSG00000206884	377.0546665486104	418.859374704515	144.81364982589284	238.37097357056805	536.5235598808833	311.9073582280409	413.38401346786543	688.3522635206907
ENSG00000151463	32.45296383726846	29.37246335584015	39.32756480043282	40.19746603213626	20.3018890907799	33.14269842970708	31.46343247852621	29.606548968631863
ENSG00000120090	3.7517877268518447	2.212993814481107	2.0215103402091636	3.0148099524102197	2.9530020495679854	4.676577079038423	1.705848748835758	2.4005309974566376
ENSG00000188059	224.5444954520829	350.6589289673246	218.13934307529794	330.02119612383876	236.6092892216348	178.31991731811723	211.71478360550464	364.8807116134089
ENSG00000227316	0.9379469317129612	3.0177188379287827	2.0215103402091636	1.205923980964088	2.3993141652739878	4.269918202600299	1.895387498706398	2.6005752472446906
ENSG00000228119	23.073494520138844	50.496495221341625	21.317745405842093	22.91255563831767	17.71801229740791	22.366238204096803	22.744649984476776	33.00730121502877
ENSG00000161880	20.634832497685146	12.473237863438968	24.258124082509966	19.495771025586087	10.15094454538995	21.349591013001493	27.86219623098405	25.605663972870797
ENSG00000221909	145.381774415509	168.99225492401183	82.14682927940875	127.62695465203265	133.99246799914732	140.90730068580987	112.58601742316004	108.8240718847009
ENSG00000117087	238.23852065509215	129.76191003093766	246.25671417093452	311.7313490792167	124.02608608185538	206.1760503541287	282.22319855738266	229.25071025710886
ENSG00000182296	9.942237476157388	6.236618931719484	9.37245703187885	14.87306243189042	8.859006148703955	18.70630831615369	13.836328740556706	11.202477988130974
ENSG00000206726	6.753217908333321	8.047250234476753	21.501519073133835	5.426657914338396	9.412694032997953	5.48989483191467	13.267712490944787	7.201592992369912
ENSG00000168119	15.75750845277775	25.348838238601775	19.48000873292467	10.45134116835543	28.976332611385853	30.49941573285928	31.652971228396847	29.206460469055756
ENSG00000136108	7.878754226388875	10.662606560681699	10.10755170104582	8.039493206427252	13.103946594957934	14.639719551772453	10.235092493014548	7.801725741734072
ENSG00000135024	165.26624936782378	116.28276588818909	106.58872702921045	297.2602613076477	119.9657082636994	205.97272091590966	159.5916273910787	116.22570912685886
ENSG00000144778	78.97513165023133	46.67405135996517	46.49473782481077	49.04090855920625	36.17427510720782	62.82879640969011	44.541606219600354	65.01438118111727
ENSG00000225204	328.65660487222164	460.50389466793223	358.7261985534807	506.2870846747563	396.809650410698	572.16903914844	286.0139735547955	518.9147839502098
ENSG00000133685	5349.674119718045	4614.695646960695	6657.20109764336	6492.69471351065	7300.374754416353	3880.7456578490146	3870.949888608077	4931.0907572755095
ENSG00000148763	8.066343612731465	7.04134395516716	1.8377366729174216	8.240480536587933	4.7986283305479756	2.643282696847804	5.117546246507274	3.800840745973009
ENSG00000191579	12.56848888495368	6.035437675857565	17.82604572729899	3.215797282570901	18.271700181701906	7.7265186523243505	16.679409988616303	11.202477988130974
ENSG00000195007	59.65342485694433	60.55555801443757	74.42833525315557	59.49224972756168	83.79143315649158	59.778854836404186	59.894244959122176	68.81522192709026
ENSG00000170789	44.646273949536955	111.65559700336496	81.59550827753353	59.09027506724031	58.321790478967706	64.45543191544262	46.62653246817739	62.21376168408452
ENSG00000127097	10.692595021527758	21.526394377225316	17.274724725423763	13.868125781087011	15.134135504035925	17.486331686839318	7.202472495084312	11.802610737495135
ENSG00000141402	0.5627681590277767	1.207087535171513	1.102642003750453	0.40197466032136264	0.9228131404899953	1.4233060675334328	0.5686162496119194	0.8001769991522124
ENSG00000191094	5376.311812578693	5292.2741167036365	5404.599781382845	5254.612759720852	3100.6521520463843	6479.295878288624	3951.314318553228	5838.091385814542
ENSG00000150756	26.074924701620322	24.946475726877935	41.349075140641986	33.3638968066731	37.466213503893805	21.552920451220555	34.306513726585806	26.20579672223496
ENSG00000134252	3.7517877268518447	4.627168884824133	1.8377366729174216	2.009873301606813	5.352316214841973	1.4233060675334328	3.411697497671516	2.8006194970327436
ENSG00000147262	0.37517877268518446	0.0	0.0	0.8039493206427253	0.3691252561959982	0.40665887643812365	0.37907749974127963	0.0
ENSG00000176040	222.85619097499958	660.0757004829557	346.22958917764225	130.84275193460354	409.17534649326393	367.2129654236257	413.00493596812413	748.7656269566828
ENSG00000106150	27.200461019675874	50.89885773306547	24.074350415218223	53.86460448306259	64.04323195000568	38.835922699840815	36.201901225292204	51.011283695953544
ENSG00000188415	12.56848888495368	32.390182193768936	37.67360179480715	30.751061514584244	18.825388065995906	31.922721800392715	25.777269982407013	15.203362983892037
ENSG00000132412	4.8773240449073985	3.0177188379287827	2.940378676667875	6.632581895302484	2.583876793371987	2.4399532586287425	3.980313747283436	1.800398248092478
ENSG00000183421	29.076354883101796	16.496862980677346	48.332474497728185	24.118479619281757	49.647346958361744	11.589777978486525	32.221587478008765	22.004867476685842
ENSG00000149223	13.318846430324049	12.07087535171513	17.458498392715505	14.270100441408376	10.889195057781945	12.403095731362773	14.215406240297984	9.802168239614602
ENSG00000115859	0.18758938634259223	0.0	0.0	0.8039493206427253	0.0	0.20332943821906183	0.37907749974127963	0.2000442497880531
ENSG00000126389	6244.475492572211	7620.343609537762	7041.471835950393	6239.651664838351	5036.529558166297	5948.402715098654	3754.9521736872452	3731.625435546343
ENSG00000204882	94.92022948935168	28.970100844116313	55.31587385481439	64.31594565141802	58.5063531070657	110.20455551473152	68.80256620304225	47.610531449556646
ENSG00000149887	10.692595021527758	23.94056944756834	9.740004366462335	19.495771025586087	28.238082098993857	11.793107416705586	15.542177489392465	6.401415993217699
ENSG00000186449	9.19187993078702	5.4318939082718085	7.350946691669686	2.2108606317674946	7.382505123919962	2.2366238204096804	8.718782494049432	4.601017745125222
ENSG00000224428	6.753217908333321	5.029531396547971	10.658872702921046	4.823695923856352	19.379075950289902	6.506542023009978	9.28739874366135	7.001548742581859
ENSG00000249810	3586.521477484021	5298.309554379494	5393.757135012633	3727.912999820317	5958.419885515802	5026.303712775209	4771.069411743745	1481.7277581801093
ENSG00000222726	99.2347853752313	56.53193289719919	55.31587385481439	64.71792031173939	42.08027920634378	57.13557213955638	104.43585117872253	68.01504492793806
ENSG00000136300	2.8138407951388835	1.005906279309594	1.8377366729174216	1.6078986412854506	1.1073757685879944	2.033294382190619	1.3267712490944785	1.6003539983044248
ENSG00000171176	99.2347853752313	169.7969799474595	98.5026856683738	169.2313319952937	103.17050910678148	118.33773304349398	84.91335994204663	178.63951506073144
ENSG00000185784	60.028603629629515	66.99335820201898	54.02945818377219	80.99789405475457	62.566730925221684	82.95841079337724	70.50841495187801	69.01526617687833
ENSG00000236157	38.83100297291659	76.65005848339108	51.08907950710432	73.56136283880937	46.32521965259777	61.60881978037574	94.39029743557862	49.21088544786107
ENSG00000129962	12.56848888495368	27.360650797220963	16.17208272167331	23.91749228912108	17.164324413113913	22.16290876587774	17.05848748835758	20.804601977957525
ENSG00000142718	54.02574326666657	9.455519025510187	57.153610527731814	24.118479619281757	25.46964267752387	20.94293213656337	44.541606219600354	35.80792071206151
ENSG00000244482	52.525028175925826	40.43743242824569	56.78606319314833	50.24683254017033	28.791769983287853	101.46138967131186	65.95948495498264	47.01039870019248
ENSG00000195525	8.44152238541665	13.479144142748561	16.355856388965055	18.892809035104044	9.96638191729195	21.75624988943962	21.228339985511656	17.003761231984516
ENSG00000184221	1.1255363180555533	3.4200813496526203	1.2864156710421952	1.0049366508034066	0.5536878842939972	1.4233060675334328	1.3267712490944785	1.4003097485163718
ENSG00000122600	6.002860362962951	5.4318939082718085	5.513210018752265	2.8138226222495386	1.8456262809799906	4.066588764381238	4.928007496636635	2.200486747668584
ENSG00000156236	27.950818565046244	28.16537582066864	28.117371095636553	22.51058097799631	50.570160098851744	26.22949753025898	28.62035123046661	29.206460469055756
ENSG00000197866	0.37517877268518446	0.8047250234476754	1.2864156710421952	1.205923980964088	0.5536878842939972	1.0166471910953094	0.0	0.4000884995761062
ENSG00000192292	19.696885565972185	12.07087535171513	12.864156710421952	20.500707676389496	35.06689933861983	17.283002248620257	20.470184986029096	10.002212489402655
ENSG00000139592	19.509296179629594	15.89331921309159	8.086041360836655	9.848379177873385	6.090566727233969	19.722955507248997	13.836328740556706	19.40429222944115
ENSG00000236642	167.1421432312497	82.48431490338672	194.80008732924668	177.4718125318816	165.92180266010118	109.18790832363622	212.8520161047285	196.44345329186817
ENSG00000194863	30.014301814814758	53.514214059270415	35.10077045272275	34.77080811779787	37.28165087579581	32.32938067683083	51.554539964814026	23.20513297541416
ENSG00000227583	13.318846430324049	9.254337769648266	20.39887706938338	9.245417187391341	8.305318264409959	11.793107416705586	13.646789990686065	26.605885221811064
ENSG00000129472	15.382329680092564	14.887412933781995	10.842646370212789	5.225670584177715	15.87238601642792	11.793107416705586	9.47693749353199	14.403185984739824
ENSG00000222108	76.72405901412023	59.75083299098989	75.53097725690603	46.62906059727807	57.21441471037971	65.87873798297603	68.04441120355969	55.81234569086682
ENSG00000206606	124.93453130416643	240.61278201085494	164.2936585588175	70.34556555623847	106.49263641254547	164.49351551922103	195.03537361688836	82.81831941225398
ENSG00000239121	3.0014301814814757	3.0177188379287827	2.0215103402091636	2.8138226222495386	2.2147515371759887	5.083235955476547	2.2744649984476775	2.000442497880531
ENSG00000149482	2.6262514087962914	1.207087535171513	2.0215103402091636	1.6078986412854506	0.7382505123919963	0.40665887643812365	0.7581549994825593	1.0002212489402655
ENSG00000240914	6.9408072946759125	3.2189000937907015	6.7996256897944605	9.245417187391341	14.026759735447929	4.879906517257485	7.012933745213672	10.002212489402655
ENSG00000159344	0.18758938634259223	0.0	0.1837736672917422	0.20098733016068132	0.1845626280979991	0.20332943821906183	0.0	1.2002654987283188
ENSG00000139540	5.81527097662036	5.834256419995646	5.145662684168781	6.230607234981122	7.013379867723964	4.676577079038423	3.601236247542156	4.801061994913275
ENSG00000223285	74.47298637800913	226.3289128446587	138.93289247255706	121.19536008689084	190.09950694093905	138.46734742718112	181.57812237607294	161.83579807853496
ENSG00000220500	257.93540622106434	177.84423018193627	176.79026793465596	293.2405147044341	134.7307185115393	227.11898249069208	219.1067948504596	198.64394003953674
ENSG00000140350	302.58168017060126	851.3990748076405	729.3976854809247	588.2899153803143	461.59113287309566	405.0322409323712	897.4659806374794	320.8709766600372
ENSG00000117441	31.5150169055555	37.62089484617882	18.928687731049443	18.490834374782683	37.65077613199181	20.94293213656337	28.05173498085469	18.404070980500887
ENSG00000114470	22.323136974768477	41.84570121927912	33.079260112513595	36.579694089244	33.036710429541834	50.222371240108274	24.260959983441897	66.41469092963364
ENSG00000134725	6.378039135648136	6.236618931719484	6.7996256897944605	9.446404517552022	9.96638191729195	10.573130787391216	5.686162496119194	11.202477988130974
ENSG00000203307	5.4400922039351745	3.8224438613764575	6.615852022502717	13.064176460444287	13.84219710734993	7.7265186523243505	7.960627494566872	6.401415993217699
ENSG00000162994	54.77610081203693	60.55555801443757	54.76455285293917	60.095211718043714	38.204464016285804	23.9928737098493	29.75758372969045	58.41292093811151
ENSG00000217474	156.44954820972194	168.7910736681499	223.4687794267585	105.5183483343577	171.45868150304113	97.19147146871157	107.27893242678213	245.45429448994116
ENSG00000196685	39.95653929097215	64.37800187581402	42.084169809808955	50.648807200491696	49.09365907406775	79.29848090543413	45.29976121908291	90.21995665441194
ENSG00000164508	1.1255363180555533	0.20118125586191885	1.102642003750453	0.8039493206427253	2.0301889090779897	0.8133177528762473	1.895387498706398	0.2000442497880531
ENSG00000232825	99.98514292060166	106.22370309509314	53.47813718189697	83.61072934684344	65.88885823098568	76.85852764680537	52.12315621442595	91.62026640292832
ENSG00000202913	36.95510910949067	17.703950515848856	21.501519073133835	25.72637826056721	41.15746606585379	19.316296630810875	45.48929996895355	28.006194970327435
ENSG00000227872	14.444382748379603	8.650794002062511	20.766424403966866	5.426657914338396	21.59382748746589	11.589777978486525	8.90832124392007	11.402522237919028
ENSG00000203816	32.26537445092586	36.61498856686923	48.14870083043645	57.68336375611555	47.61715804928376	74.6219038263957	19.90156873641718	42.80946945464337
ENSG00000157333	637.616324178471	330.7419846369946	181.93593061882476	156.1671555348494	325.38391333677237	226.30566473781585	456.59884843837125	192.64261254589513
ENSG00000149090	23.44867329282403	39.02916363721226	44.65700115189335	43.413263314707166	31.006521520463846	33.75268674436427	31.46343247852621	40.809026956762835
ENSG00000137144	10.12982686249998	4.425987628962214	4.2267943477100705	3.215797282570901	6.090566727233969	8.133177528762475	8.718782494049432	5.401194744277435
ENSG00000147622	15374.263336479833	9212.69324968485	22020.12836223113	8353.837390798559	11568.939217066874	9728.296971591013	18086.166590156194	7476.453791578697
ENSG00000115333	8.44152238541665	4.224806373100296	18.56114039646596	17.284910393818596	23.254891140347883	4.066588764381238	12.320018741591587	5.001106244701328
ENSG00000244567	24.1990308381944	59.75083299098989	51.64040050897955	80.99789405475457	37.09708824769781	160.63025619305887	84.91335994204663	45.009956202311955
ENSG00000149911	284.01033092268466	371.782960832826	314.2529710688791	290.6276794123452	243.25354383316278	173.6433402390788	384.19504598778684	337.87473789202176
ENSG00000149812	7.128396681018505	5.4318939082718085	4.594341682293554	5.828632574659759	9.043568776801955	8.336506966981535	4.169852497154076	8.801946990674336
ENSG00000202268	46.70975719930547	109.64378444474576	97.40004366462334	116.77363882335585	90.06656251182353	62.62546697147104	145.755298650522	96.42132839784159
ENSG00000188346	6.002860362962951	5.4318939082718085	11.945288373963242	4.421721263534989	8.489880892507957	2.643282696847804	7.202472495084312	6.201371743429647
ENSG00000215354	11.63054195324072	9.656700281372103	18.193593061882474	7.235543885784528	21.04013960317189	19.316296630810875	19.90156873641718	9.202035490250443
ENSG00000218913	5.252502817592583	8.851975257924428	5.329436351460523	10.049366508034066	7.197942495821963	6.099883146571855	5.686162496119194	7.201592992369912
ENSG00000130233	1008.1053622050908	868.9018440676275	2112.4783055185762	1389.0234387404687	571.7750218476011	592.5019829703463	1353.496212826239	445.29850002820626
ENSG00000113201	1.5007150907407378	2.212993814481107	0.9188683364587108	2.009873301606813	1.6610636528819915	1.8299649439715566	1.5163099989651185	1.800398248092478
ENSG00000241799	60.4037824023147	84.294946206144	75.3472035896143	74.96827414993413	72.53311284251363	89.87161169282533	118.08264116940859	53.21177044362213
ENSG00000193418	34.891625859722154	30.9819134027355	45.02454848647683	23.91749228912108	26.946143702307864	21.95957932765868	27.104041231501494	24.805486973718587
ENSG00000195582	0.9379469317129612	0.20118125586191885	0.3675473345834844	0.0	1.6610636528819915	0.40665887643812365	0.37907749974127963	1.2002654987283188
ENSG00000115560	776.6200594583319	897.8719449117438	710.8365450844587	1606.2907426441652	811.1527504907059	957.4783245735623	938.785428109279	1053.0329308843116
ENSG00000184292	6.378039135648136	11.266150328267456	6.248304687919234	9.245417187391341	10.889195057781945	9.149824719857783	7.960627494566872	6.601460243005753
ENSG00000170389	13.881614589351825	30.9819134027355	17.090951058132024	10.853315828676791	16.979761785015913	4.879906517257485	18.5747974873227	15.003318734103983
ENSG00000129940	40.51930744999992	30.57955089101166	21.13397173855035	35.37377010827991	50.570160098851744	34.15934562080239	16.300332488875025	47.810575699344696
ENSG00000122712	4.126966499537029	3.4200813496526203	1.8377366729174216	3.818759273052945	4.244940446253978	1.6266355057524946	3.411697497671516	2.8006194970327436
ENSG00000164724	3.0014301814814757	7.443706466890998	4.410568015001812	5.024683254017033	2.2147515371759887	11.386448540267462	7.3920112449549515	9.402079740038497
ENSG00000157726	26.450103474305504	20.92285060963956	20.582650736675124	15.27503709221178	24.362266908935876	26.026168092039914	18.385258737452062	28.006194970327435
ENSG00000229460	9.379469317129612	2.615356326204945	4.2267943477100705	3.818759273052945	7.751630380115961	4.473247640819361	4.738468746765995	2.8006194970327436
ENSG00000111044	45.58422088124992	44.863420057207904	27.382276426469584	22.108606317674948	20.855576975073895	23.382885395192115	36.201901225292204	26.805929471599118
ENSG00000237183	162.07722979999969	381.64084237006006	319.39863375304793	195.56067224634293	219.26040218042291	589.6553708352794	436.88681845182475	506.9121289629266
ENSG00000231023	5.252502817592583	1.408268791033432	3.124152343959617	5.024683254017033	3.506689933861982	1.6266355057524946	2.2744649984476775	2.6005752472446906
ENSG00000122557	1.5007150907407378	1.005906279309594	0.7350946691669688	1.205923980964088	0.5536878842939972	0.40665887643812365	0.37907749974127963	0.8001769991522124
ENSG00000249632	26.074924701620322	14.887412933781995	38.96001746584934	20.701695006550178	18.640825437897906	18.70630831615369	29.568044979819806	27.206017971175225
ENSG00000106427	65.0935170608795	33.99963224066428	63.76946255023453	89.2383745913425	50.201034842655744	76.85852764680537	53.070849963779146	57.41269968917125
ENSG00000244894	68.65771540138877	81.88077113580097	92.4381546477463	108.33217095660723	70.50292393343564	86.61834068132035	89.27275118907134	88.21951415653143
ENSG00000193032	4.314555885879622	5.4318939082718085	2.205284007500906	6.029619904820439	2.583876793371987	1.6266355057524946	2.843081248059597	3.800840745973009
ENSG00000106775	0.0	0.20118125586191885	0.0	0.40197466032136264	0.0	0.40665887643812365	0.5686162496119194	0.4000884995761062
ENSG00000236060	242.92825531365696	129.96309128679957	120.37175207609111	307.3096278156817	138.6065337015973	144.36390113553392	176.08149862982438	131.62911636053894
ENSG00000172397	192.65429977384224	75.24178969235764	96.2974016608729	192.94783695425406	125.68714973473736	68.11536180338572	85.86105369139983	119.0263286238916
ENSG00000188954	760.6749616192116	550.8342785499339	580.7247886419053	858.0149124559487	375.0312602951341	556.1060135291342	540.943592130806	621.1373955919049
ENSG00000131394	5.252502817592583	4.627168884824133	2.0215103402091636	4.220733933374309	4.244940446253978	3.253271011504989	4.169852497154076	4.801061994913275
ENSG00000106903	129.81185534907385	60.153195502713736	68.18003056523634	72.35543885784529	54.63053791700772	45.749123599288914	102.16138618027485	136.63022260524028
ENSG00000190678	342.35063007523087	67.59690196960473	210.78839638362825	237.36603691976464	166.47549054439517	268.8015173255998	153.3368486453476	99.02190364508628
ENSG00000172466	0.5627681590277767	1.005906279309594	0.1837736672917422	0.40197466032136264	1.4765010247839927	0.6099883146571856	0.7581549994825593	0.6001327493641594
ENSG00000101052	302.2065013979161	194.94463693019935	180.46574128049082	248.42034007860212	160.9386117014552	418.0453249783912	216.83232985201195	288.6638524441606
ENSG00000184835	404.63030634097146	438.1727752672593	333.549206134512	458.6530874266748	343.65561351847424	631.9478939848443	436.88681845182475	643.7423958179548
ENSG00000171673	56.08922651643508	76.65005848339108	103.09702735066735	43.21227598454649	57.21441471037971	100.85140135665468	89.65182868881263	119.22637287367967
ENSG00000203934	109.92738039675906	82.2831336475248	206.5616020359182	67.33075560382825	141.74409837926328	59.16886652174699	102.54046368001615	37.60831896015399
ENSG00000150669	111.61568487384238	101.99889672199285	49.067569166895154	126.62201800122924	48.90909644596975	107.76460225610279	155.232236144054	129.62867386265842
ENSG00000187500	17.63340231620367	13.479144142748561	19.48000873292467	28.54020088281675	17.71801229740791	13.013084046019957	8.90832124392007	14.203141734951771
ENSG00000130098	2.4386620224536992	1.8106313027572696	1.2864156710421952	2.8138226222495386	1.8456262809799906	1.2199766293143712	1.3267712490944785	2.200486747668584
ENSG00000143278	7.691164840046282	2.212993814481107	5.696983686044007	6.632581895302484	5.536878842939972	3.6599298879431132	7.3920112449549515	4.000884995761062
ENSG00000103644	21.385190043055516	11.064969072405537	18.7449140637577	20.299720346228813	15.503260760231923	30.296086294640215	18.5747974873227	13.202920486011505
ENSG00000207542	6.565628521990728	4.023625117238376	7.167173024377944	4.421721263534989	1.4765010247839927	11.793107416705586	5.307084996377914	7.401637242157966
ENSG00000193662	288.51247619490687	168.7910736681499	125.14986742567642	531.4105009448415	153.9252318337312	213.69923956823402	194.46675736727644	163.23610782705134
ENSG00000189309	15.569919066435157	16.094500468953505	15.436988052506342	7.034556555623847	7.751630380115961	15.65636674286776	10.045553743143909	10.402300988978762
ENSG00000100764	14.25679336203701	23.135844424120666	25.912087088135646	26.932302241531296	18.271700181701906	34.15934562080239	25.777269982407013	27.80615072053938
ENSG00000240115	0.37517877268518446	1.005906279309594	0.5513210018752265	0.602961990482044	0.5536878842939972	1.2199766293143712	0.5686162496119194	0.6001327493641594
ENSG00000240436	46.14698904027769	59.54965173512798	61.0128575408584	56.87941443547282	57.21441471037971	79.9084692200913	39.0449824733518	54.01194744277434
ENSG00000171421	8.629111771759243	4.023625117238376	5.513210018752265	2.8138226222495386	7.197942495821963	7.5231892141052885	2.843081248059597	6.201371743429647
ENSG00000176413	503.30232355717504	615.0110991698859	476.7088929547792	370.6206368162964	543.9060650048032	640.8943892664829	580.1781133540284	517.1143857021174
ENSG00000247665	0.7503575453703689	0.8047250234476754	0.1837736672917422	1.4069113111247693	0.1845626280979991	0.8133177528762473	0.7581549994825593	1.2002654987283188
ENSG00000213489	38.83100297291659	47.88113889513668	58.62379986606575	68.53667958479234	59.6137288756537	41.07254652025049	61.410554958087296	47.610531449556646
ENSG00000173979	13.318846430324049	12.07087535171513	9.188683364587108	14.471087771569056	7.93619300821396	12.606425169581835	6.823394995343032	13.803053235375664
ENSG00000208273	15.007150907407379	13.076781631024726	13.047930377713694	15.476024422372461	9.781819289193951	5.083235955476547	17.248026238228224	14.003097485163718
ENSG00000177433	841.7135765192114	875.9431880227946	611.4149910796261	893.9916445547105	423.3866688568099	808.6411757972089	653.7191483038366	885.1958053121351
ENSG00000179556	354.1687614148141	221.29938144811072	266.2880439057344	161.99578810950914	165.36811477580716	174.45665799195507	89.08321243920071	200.64438253741727
ENSG00000151195	4.502145272222213	4.828350140686052	3.675473345834843	5.627645244499077	4.060377818155979	2.033294382190619	8.52924374417879	4.801061994913275
ENSG00000119373	816.576598749304	484.8468266272244	519.3443837664635	415.8427861024497	1092.4261957120564	597.7885483640418	797.9581369553936	571.9265101440438
ENSG00000154387	9.754648089814797	7.846068978614835	11.210193704796271	4.823695923856352	5.721441471037971	5.083235955476547	7.202472495084312	5.401194744277435
ENSG00000238611	130.9373916671294	155.1107482695394	161.7208272167331	127.62695465203265	128.82471441240335	146.39719551772453	67.66533370381842	140.03097485163718
ENSG00000121203	1.5007150907407378	0.8047250234476754	1.102642003750453	1.205923980964088	1.4765010247839927	1.0166471910953094	0.5686162496119194	1.800398248092478
ENSG00000141996	11.442952566898127	8.449612746200591	17.642272060007247	14.270100441408376	14.395884991643927	12.403095731362773	13.457251240815426	16.203584232832302
ENSG00000214559	9.567058703472204	18.106313027572696	9.188683364587108	21.10366966687154	17.533449669309913	14.639719551772453	16.48987123874566	10.002212489402655
ENSG00000129546	14.631972134722194	12.875600375162806	9.740004366462335	14.471087771569056	13.65763447925193	22.366238204096803	10.424631242885189	16.00353998304425
ENSG00000100920	1.5007150907407378	1.408268791033432	0.5513210018752265	0.40197466032136264	0.7382505123919963	1.4233060675334328	0.37907749974127963	1.0002212489402655
ENSG00000188497	0.9379469317129612	0.8047250234476754	0.7350946691669688	0.40197466032136264	0.5536878842939972	0.0	0.18953874987063982	2.200486747668584
ENSG00000172143	27.012871633333283	15.28977544550583	29.220013099387003	22.71156830815699	26.946143702307864	29.889427418202093	34.11697497671516	33.607433964392925
ENSG00000177152	79.35031042291652	86.30675876476319	69.83399357086202	53.462629822741235	86.19074732176556	71.77529169132883	52.502233714167225	76.8169919186124
ENSG00000165172	19.321706793287	28.567738332392473	37.85737546209889	29.143162873298795	35.25146196671782	27.856133036011475	15.921254989133743	40.00884995761062
ENSG00000162737	10.692595021527758	15.49095670136775	13.599251379588921	15.27503709221178	13.288509223055932	21.552920451220555	7.960627494566872	12.002654987283188
ENSG00000206299	1.1255363180555533	1.408268791033432	1.2864156710421952	1.205923980964088	1.2919383966859934	2.033294382190619	1.895387498706398	1.2002654987283188
ENSG00000147621	15.194740293749971	25.751200750325612	12.68038304313021	14.069113111247693	16.426073900721914	9.353154158076846	12.509557491462227	23.60522147499027
ENSG00000210083	9.379469317129612	6.035437675857565	17.274724725423763	12.863189130283605	4.7986283305479756	9.75981303451497	9.666476243402629	8.201814241310178
ENSG00000152092	3.3766089541666604	5.633075164133728	7.534720358961429	8.642455196909298	4.7986283305479756	9.75981303451497	6.633856245472393	4.801061994913275
ENSG00000108400	26.262514087962913	65.78627066684747	66.7098412269024	23.515517628799714	35.62058722291382	41.07254652025049	24.260959983441897	39.80880570782257
ENSG00000119510	34.70403647337957	27.56183205308288	49.98643750335387	33.96685879715515	63.12041880951568	24.39953258628742	27.29357998137213	21.60477897710974
ENSG00000123172	86.10352833124985	95.35991527854954	56.05096852398136	66.52680628318551	50.016472214557744	64.65876135366166	86.42966994101175	109.82429313364116
ENSG00000234148	14.631972134722194	24.946475726877935	15.988309054381567	7.235543885784528	9.781819289193951	13.826401798896205	7.012933745213672	21.80482322689779
ENSG00000156618	7.503575453703689	5.23071265240989	8.453588695420141	4.019746603213626	10.15094454538995	4.066588764381238	15.542177489392465	6.001327493641594
ENSG00000144277	21.572779429398107	24.14175070343026	13.783025046880663	21.10366966687154	19.9327638345839	22.97622651875399	17.627103737969502	19.804380729017257
ENSG00000230792	11.442952566898127	13.479144142748561	19.112461398341186	17.284910393818596	10.520069801585946	11.386448540267462	10.045553743143909	16.60367273240841
ENSG00000126829	0.5627681590277767	1.005906279309594	0.7350946691669688	0.602961990482044	1.2919383966859934	0.0	0.947693749353199	1.2002654987283188
ENSG00000189731	14.25679336203701	11.266150328267456	12.312835708546725	7.034556555623847	41.15746606585379	12.809754607800897	20.470184986029096	16.403628482620356
ENSG00000116840	0.7503575453703689	1.207087535171513	0.7350946691669688	0.602961990482044	0.5536878842939972	1.8299649439715566	1.895387498706398	1.800398248092478
ENSG00000234153	0.0	1.408268791033432	0.5513210018752265	0.602961990482044	0.1845626280979991	0.20332943821906183	0.5686162496119194	0.4000884995761062
ENSG00000133093	3.9393771131944373	4.828350140686052	3.4916996785431014	2.6128352920888576	6.090566727233969	4.269918202600299	4.359391247024716	4.200929245549116
ENSG00000226785	5.627681590277767	8.650794002062511	3.675473345834843	5.828632574659759	9.597256661095951	10.97978966382934	5.496623746248555	5.601238994065487
ENSG00000177734	77.84959533217578	130.1642725426615	75.89852459148952	67.12976827366755	59.4291662475557	76.04520989392914	105.00446742833445	107.22371788639647
ENSG00000229417	4.689734658564806	15.49095670136775	4.778115349585296	18.892809035104044	16.979761785015913	15.65636674286776	19.332952486805258	23.60522147499027
ENSG00000214870	103.9245200337961	52.508307779960816	163.55856388965054	104.11143702323292	83.42230790029558	115.084462031989	88.70413493945942	131.62911636053894
ENSG00000133845	431.26799920161955	498.92951453755876	281.7250319582407	513.5226285605409	526.5571779635914	690.100113315496	452.04991844147594	286.063277196916
ENSG00000249623	38.643413586574	30.378369635149745	18.928687731049443	24.922428939924487	39.127277156775804	56.11892494846107	34.685591226327084	17.80393823113673
ENSG00000145471	97.17130212546279	54.52012033858001	48.14870083043645	71.95346419752391	41.89571657824579	57.33890157777544	49.28007496636635	36.00796496184957
ENSG00000223715	6.565628521990728	10.46142530481978	5.329436351460523	4.220733933374309	9.412694032997953	6.506542023009978	6.254778745731113	10.202256739190709
ENSG00000181032	184.02518800208298	98.77999662820216	73.6932405839886	197.1685708876284	165.73724003200314	147.6171721470389	100.26599868156846	125.4277446171093
ENSG00000232859	20.634832497685146	36.61498856686923	33.26303377980533	53.86460448306259	31.006521520463846	39.03925213805988	29.37850622994917	35.4078322124854
ENSG00000135678	22.69831574745366	38.62680112548841	27.93359742834481	19.495771025586087	44.479593371617774	27.042815283135226	30.705277479043648	36.608097711213716
ENSG00000136865	3.7517877268518447	2.212993814481107	2.205284007500906	1.808885971446132	2.2147515371759887	4.473247640819361	1.895387498706398	3.800840745973009
ENSG00000142064	2.6262514087962914	4.023625117238376	2.7566050093761323	4.622708593695671	3.137564677665984	3.8632593261621753	4.548929996895355	5.80128324385354
ENSG00000224183	13.694025203009232	9.656700281372103	9.37245703187885	8.441467866748617	9.597256661095951	4.269918202600299	11.56186374210903	11.202477988130974
ENSG00000123014	22.69831574745366	51.10003898892739	35.83586512188972	48.638933898884886	21.04013960317189	25.822838653820856	30.32619997930237	45.41004470188806
ENSG00000130366	451.9028316993047	298.7541649549495	816.3226301099187	158.1770288364562	341.6254246093963	221.42575822055835	449.9649921928989	250.05531223506642
ENSG00000245932	0.5627681590277767	1.207087535171513	1.4701893383339375	0.8039493206427253	1.1073757685879944	2.2366238204096804	0.5686162496119194	1.0002212489402655
ENSG00000122428	15.75750845277775	12.473237863438968	8.086041360836655	14.270100441408376	11.442882942075942	18.70630831615369	13.646789990686065	16.403628482620356
ENSG00000109727	10.880184407870349	8.851975257924428	10.291325368337562	18.691821704943365	8.120755636311959	20.73960269834431	16.679409988616303	15.803495733256197
ENSG00000132211	7374.326366513644	4167.469715179649	3200.0508685511063	2352.757686860936	3823.2148410500504	3067.631234410986	3308.96749524163	2864.8337012147085
ENSG00000201508	12.56848888495368	13.277962886886643	20.21510340209164	24.118479619281757	28.976332611385853	13.623072360677144	29.37850622994917	18.404070980500887
ENSG00000206210	7.315986067361097	12.272056607577051	5.513210018752265	7.838505876266572	7.197942495821963	6.506542023009978	9.85601499327327	15.203362983892037
ENSG00000170944	162.45240857268487	121.91584105232282	206.74537570320993	150.33852296018964	97.0799423795475	121.99766293143712	80.74350744489256	174.23854156539426
ENSG00000238602	3.3766089541666604	5.633075164133728	2.205284007500906	2.6128352920888576	2.3993141652739878	1.6266355057524946	2.843081248059597	3.600796496184956
ENSG00000213417	65.0935170608795	74.8394271806338	48.70002183231167	87.02751395957502	81.5766816193156	168.3567748453832	78.46904244644487	104.42309838936373
ENSG00000165654	0.5627681590277767	0.6035437675857565	0.3675473345834844	0.40197466032136264	1.4765010247839927	0.8133177528762473	0.5686162496119194	0.0
ENSG00000228345	1329.6335703962939	3077.2684896639107	1930.7261485670433	1574.5347444787776	2223.9796685808888	1446.2822940521871	1060.0902280264884	1618.7580692849258
ENSG00000147708	16.320276611805525	26.354744517911367	21.869066407717316	18.691821704943365	32.298459917149835	34.76933393545958	14.025867490427345	16.803716982196462
ENSG00000176780	13.506435816666642	11.266150328267456	14.150572381464148	16.882935733497234	18.825388065995906	12.403095731362773	10.424631242885189	14.803274484315931
ENSG00000191644	2.8138407951388835	2.414175070343026	3.124152343959617	1.0049366508034066	2.583876793371987	1.2199766293143712	3.601236247542156	1.6003539983044248
ENSG00000223434	24.1990308381944	22.129938144811074	14.150572381464148	34.167846127315826	12.181133454467938	23.382885395192115	23.313266234088694	23.60522147499027
ENSG00000129631	25.32456715624995	32.390182193768936	41.900396142517216	20.500707676389496	32.11389728905184	27.042815283135226	21.607417485252938	35.207787962697346
ENSG00000131805	4.502145272222213	5.4318939082718085	3.124152343959617	6.632581895302484	10.335507173487947	3.8632593261621753	10.045553743143909	5.001106244701328
ENSG00000127508	322.46615512291606	336.97860356871405	401.36168936516486	461.667897379085	248.05217216371076	372.7028602555404	301.5561510441879	351.27770262782127
ENSG00000246185	18.571349247916633	17.1004067482631	6.432078355210976	11.657265149319517	14.395884991643927	15.046378428210577	10.235092493014548	13.603008985587612
ENSG00000207305	27.76322917870365	18.508675539296533	27.198502759177842	18.08885971446132	24.915954793229872	29.889427418202093	21.228339985511656	34.20756671375708
ENSG00000112999	23.26108390648144	62.96973308478059	52.55926884543826	36.981668749565365	43.74134285922578	64.04877303900447	27.29357998137213	46.81035445040443
ENSG00000235036	370.67662741296226	302.97897132804974	570.8010106081512	299.06914727909384	452.9166893524897	636.2178121874445	321.26818103073447	431.0953582932545
ENSG00000199019	13.318846430324049	16.899225492401182	9.556230699170593	14.672075101729737	13.65763447925193	9.149824719857783	14.025867490427345	11.402522237919028
ENSG00000163137	26.82528224699069	41.6445199634172	32.89548644522185	25.72637826056721	39.3118397848738	42.49585258778393	16.110793739004382	35.60787646227346
ENSG00000227692	36.57993033680549	20.520488097915724	47.413606161269485	74.76728681977346	58.690915735163706	41.68253483490768	37.33913372451604	47.41048719976859
ENSG00000110703	100.73550046597204	93.75046523165418	292.20013099387006	89.2383745913425	124.76433659424737	85.39836405200597	205.2704661099029	120.42663837240798
ENSG00000220702	0.7503575453703689	1.005906279309594	1.102642003750453	1.205923980964088	0.1845626280979991	0.8133177528762473	0.0	0.4000884995761062
ENSG00000239581	317.02606291898087	497.72242700238724	150.51063351193685	362.1791689495478	168.69024208157114	313.73732317201245	291.70013605091464	360.47973811807174
ENSG00000203444	19.509296179629594	19.715763074468047	14.885667050631115	19.495771025586087	24.17770428083788	15.24970786642964	33.737897476973885	27.80615072053938
ENSG00000189411	10.317416248842573	5.029531396547971	7.534720358961429	6.632581895302484	6.275129355331968	4.473247640819361	5.875701245989834	5.601238994065487
ENSG00000213316	18.946528020601814	35.00553851997388	29.587560433970488	20.500707676389496	29.53002049567985	24.602862024506482	35.44374622580965	23.805265724778323
ENSG00000170462	0.5627681590277767	0.20118125586191885	0.3675473345834844	0.8039493206427253	0.9228131404899953	0.6099883146571856	0.947693749353199	0.2000442497880531
ENSG00000224175	5.06491343124999	10.662606560681699	3.3079260112513587	4.421721263534989	6.275129355331968	9.75981303451497	3.790774997412796	7.201592992369912
ENSG00000222475	24.57420961087958	49.49058894203203	23.706803080634742	43.01128865438581	24.915954793229872	40.259228767374246	54.397621212873624	39.608761458034515
ENSG00000165567	245.92968549513844	389.084548836951	265.7367229038592	736.618565038897	328.52147801443834	279.17131867477195	405.6129247231692	611.5352716020784
ENSG00000159621	22.69831574745366	25.348838238601775	19.48000873292467	22.71156830815699	25.83876793371987	15.65636674286776	32.790203727620685	39.80880570782257
ENSG00000125454	233.92396476921252	55.5260266178896	124.04722542192596	55.07052846402668	87.66724834654956	73.80858607351945	114.67094367173708	53.611858943198236
ENSG00000205365	14.25679336203701	14.08268791033432	10.10755170104582	13.466151120765648	6.644254611527966	10.573130787391216	17.437564988098863	18.60411523028894
ENSG00000181716	171.08152034444413	161.146185945397	202.33480768820812	171.2412052969005	110.55301423070144	125.04760450472304	139.87959740453218	188.84177179992216
ENSG00000208196	12.005720725925903	6.035437675857565	12.129062041254983	13.466151120765648	11.073757685879944	15.453037304648701	10.803708742626469	21.404734727321685
ENSG00000119210	76.16129085509246	32.591363449630855	58.99134720064924	68.33569225463165	60.72110464424169	32.93936899148802	99.88692118182718	90.42000090420001
ENSG00000203878	12.005720725925903	24.34293195929218	9.556230699170593	20.701695006550178	13.65763447925193	13.41974292245808	17.05848748835758	9.402079740038497
ENSG00000202668	5.81527097662036	4.224806373100296	5.696983686044007	5.426657914338396	10.15094454538995	3.4566004497240512	6.254778745731113	4.801061994913275
ENSG00000104720	9.754648089814797	4.828350140686052	3.3079260112513587	4.019746603213626	9.043568776801955	3.8632593261621753	4.359391247024716	5.601238994065487
ENSG00000143713	3.7517877268518447	6.638981443443321	4.778115349585296	12.059239809640879	8.305318264409959	6.303212584790917	10.614169992755828	8.801946990674336
ENSG00000117657	313.8370433511568	338.9904161273332	315.17183940533783	230.93444235462283	162.23055009814118	225.28901754672052	308.19000728966034	218.24827651876595
ENSG00000110875	6122.354802063183	14246.248271350058	9320.816631369871	9359.377003592448	9071.068608388556	15623.630703314493	9546.498214734514	17385.44566058012
ENSG00000121132	13.881614589351825	17.703950515848856	29.77133410126223	11.255290488998154	19.563638578387902	16.063025619305886	13.267712490944787	10.402300988978762
ENSG00000122782	5.627681590277767	6.638981443443321	5.696983686044007	4.019746603213626	3.8758151900579807	9.556483596295907	4.928007496636635	6.401415993217699
ENSG00000221628	72.78468190092579	147.06349803506265	86.18984995982707	101.69958906130475	81.0229937350216	73.80858607351945	78.84811994618616	32.607212715452654
ENSG00000198599	26.262514087962913	51.10003898892739	83.2494712831592	83.61072934684344	119.5965830075034	51.23901843120359	62.54778745731113	65.61451393048142
ENSG00000243360	9.942237476157388	4.627168884824133	8.821136030003624	12.461214469962243	8.859006148703955	4.879906517257485	14.973561239780544	11.402522237919028
ENSG00000167392	1650.599010428469	1169.8690028370581	883.0324713368211	1108.6461131663182	1244.5058012648076	1836.2681565563475	642.1572845617277	1065.435674371171
ENSG00000180214	96.42094458009241	125.93946616956119	219.05821141175667	218.27224055449992	167.58286631298316	210.85262743316713	189.5387498706398	208.6461525289394
ENSG00000188651	472.72525358333246	129.56072877507575	453.92095821060315	236.36110026896125	351.03811864239424	213.08925125357683	350.457148510813	151.63354133934425
ENSG00000118748	19.509296179629594	52.91067029168466	25.36076608626042	30.751061514584244	11.627445570173942	23.586214833411173	32.03204872813813	55.212212941502656
ENSG00000165717	20.07206433865737	28.567738332392473	28.301144762928296	42.60931399406444	35.62058722291382	29.279439103544906	44.35206746972971	41.20911545633894
ENSG00000165189	211.60082779444403	238.80215070809768	204.90763903029253	144.50989038552987	171.64324413113914	243.79199642465514	138.17374865569641	116.22570912685886
ENSG00000230177	1.5007150907407378	1.8106313027572696	1.2864156710421952	3.4167846127315826	2.0301889090779897	0.8133177528762473	2.4640037483183175	1.6003539983044248
ENSG00000197884	13.881614589351825	7.242525211029078	11.945288373963242	5.426657914338396	7.93619300821396	6.099883146571855	10.424631242885189	7.801725741734072
ENSG00000245769	42.77038008611103	30.9819134027355	32.34416544334662	26.329340251049253	41.52659132204979	34.15934562080239	40.37175372244628	15.003318734103983
ENSG00000123595	1.3131257043981457	2.816537582066864	0.5513210018752265	2.2108606317674946	0.7382505123919963	2.4399532586287425	1.895387498706398	1.4003097485163718
ENSG00000196896	812.2620428634244	549.6271910147623	738.40259517822	944.4394644250416	1139.6742285051444	456.6779182400129	822.977251938318	588.9302713760284
ENSG00000189058	7.503575453703689	8.047250234476753	4.043020680418327	10.45134116835543	18.08713755360391	11.793107416705586	7.7710887446962325	7.201592992369912
ENSG00000239572	16.13268722546293	15.69213795722967	12.496609375838467	9.848379177873385	12.365696082565938	9.149824719857783	12.888634991203507	18.60411523028894
ENSG00000136511	51.96226001689805	53.916576570994245	49.43511650147864	72.1544515276846	65.88885823098568	33.54935730614521	53.070849963779146	29.606548968631863
ENSG00000101382	1511.9704539212935	836.1092993621347	739.3214635146787	769.9824618455701	1269.9754439423314	746.4223677021761	930.6352618648414	481.3064649900558
ENSG00000141658	24.011441451851805	33.59726972894045	23.339255746051254	46.227085936956705	19.194513322191902	32.32938067683083	30.51573872917301	36.208009211637616
ENSG00000137166	13.318846430324049	7.04134395516716	6.983399357086203	7.034556555623847	9.043568776801955	5.083235955476547	6.254778745731113	5.80128324385354
ENSG00000153906	2.4386620224536992	4.425987628962214	5.513210018752265	6.431594565141802	5.906004099135971	6.099883146571855	3.411697497671516	7.401637242157966
ENSG00000136579	48.3980616763888	42.650426242726795	53.110589847313484	24.520454279603126	56.476164197987714	48.189076857917655	27.104041231501494	39.00862870867036
ENSG00000100478	21.197600656712922	10.260244048957862	17.82604572729899	9.245417187391341	16.979761785015913	7.1165303376671645	30.136661229431727	9.402079740038497
ENSG00000238785	2939.9008627611056	2050.036997232953	2170.1832370481834	4149.383431167266	2389.90147124099	2590.417042910848	4016.705187258599	3688.015789092547
ENSG00000185139	219.29199263449033	251.87893233912237	556.2828908921035	403.38157163248746	255.25011465953267	490.0239461079391	364.10393850149904	251.8557104831589
ENSG00000179950	0.18758938634259223	0.4023625117238377	0.1837736672917422	0.0	0.5536878842939972	0.0	0.37907749974127963	0.2000442497880531
ENSG00000226752	7.503575453703689	5.029531396547971	3.675473345834843	5.024683254017033	5.352316214841973	3.8632593261621753	5.496623746248555	6.601460243005753
ENSG00000198792	21.947958202083292	40.23625117238377	45.7596431556438	52.05571851161646	88.77462411513756	114.0678148408937	41.8880637214114	67.61495642836196
ENSG00000135437	1714.3794017849507	3410.424649371248	2046.1360116262572	3017.422787702309	2360.002325489114	2424.5002213240937	1091.7431992548852	2826.6252495051904
ENSG00000198155	0.7503575453703689	0.20118125586191885	0.1837736672917422	0.602961990482044	0.9228131404899953	0.8133177528762473	0.947693749353199	0.8001769991522124
ENSG00000133775	10.317416248842573	9.857881537234023	12.129062041254983	7.034556555623847	16.979761785015913	18.90963775437275	10.614169992755828	12.002654987283188
ENSG00000222174	358.6709066870364	148.2705855702342	222.5499110902998	285.4020088281675	266.13930971731463	263.9216108083423	357.47008225602667	256.45672822828413
ENSG00000168647	6.565628521990728	4.425987628962214	5.329436351460523	4.220733933374309	10.335507173487947	12.403095731362773	4.169852497154076	8.401858491098231
ENSG00000170241	25.887335315277728	45.46696382479366	33.079260112513595	34.167846127315826	36.72796299150182	38.429263823402685	28.241273730725332	29.606548968631863
ENSG00000103614	12.943667657638864	8.047250234476753	4.961889016877039	9.446404517552022	6.644254611527966	12.403095731362773	10.99324749249711	15.803495733256197
ENSG00000113752	216.10297306666627	111.45441574750303	96.66494899545637	81.39986871507594	209.84770814742492	169.17009259825946	89.65182868881263	87.61938140716727
ENSG00000130073	3.0014301814814757	4.023625117238376	3.4916996785431014	4.622708593695671	3.8758151900579807	7.7265186523243505	3.2221587478008766	2.8006194970327436
ENSG00000101341	25.699745928935137	45.66814508065558	27.566050093761326	19.69675835574677	31.74477203285584	16.67301393396307	10.614169992755828	24.005309974566376
ENSG00000151251	1.6883044770833302	1.207087535171513	2.0215103402091636	2.009873301606813	2.583876793371987	2.4399532586287425	0.37907749974127963	1.4003097485163718
ENSG00000134880	130.187034121759	214.45921874880548	133.23590878651308	242.3907201737817	234.76366294065483	152.09041978785828	215.3160198530468	86.21907165865089
ENSG00000242634	60.028603629629515	91.93983392889692	85.63852895795185	77.17913478170163	73.45592598300364	100.03808360377843	35.44374622580965	149.43305459167567
ENSG00000106226	18.38375986157404	22.33111940067299	13.966798714172405	27.13328957169198	25.654205305621872	20.129614383687123	21.038801235641017	12.802831986435399
ENSG00000101010	27.76322917870365	49.49058894203203	41.349075140641986	25.92736559072789	52.60034900792973	38.63259326162175	20.470184986029096	22.004867476685842
ENSG00000177906	31.327427519212904	30.57955089101166	27.93359742834481	31.354023505066287	10.335507173487947	51.44234786942265	18.76433623719334	36.80814196100177
ENSG00000155893	16.507865998148116	16.094500468953505	9.37245703187885	8.441467866748617	10.704632429683945	14.233060675334329	13.267712490944787	24.805486973718587
ENSG00000198026	43.708327017824	24.34293195929218	27.74982376105307	32.15797282570901	44.295030743519774	24.602862024506482	35.06466872606836	56.812566939807084
ENSG00000139025	52.71261756226842	84.294946206144	58.80757353335749	80.59591939443321	45.95609439640177	49.612382925451094	40.56129247231692	71.41579717433495
ENSG00000169916	18.571349247916633	13.076781631024726	31.60907077417965	31.354023505066287	27.13070633040586	26.83948584491616	25.019114982924453	13.603008985587612
ENSG00000214900	14.444382748379603	10.059062793095942	8.086041360836655	13.466151120765648	6.644254611527966	8.133177528762475	9.28739874366135	12.402743486859293
ENSG00000195896	18.946528020601814	11.467331584129374	50.353984837937354	11.255290488998154	35.98971247910982	8.946495281638722	19.5224912366759	10.002212489402655
ENSG00000227072	18.196170475231447	7.443706466890998	16.17208272167331	8.642455196909298	11.073757685879944	9.75981303451497	17.248026238228224	12.20269923707124
ENSG00000103088	31.890195678240683	96.16464030199721	89.13022863649495	70.54655288639916	73.08680072680762	107.56127281788372	50.60684621546083	70.01548742581859
ENSG00000185152	44.08350579050918	64.17682061995211	40.062659469599794	39.59450404165422	21.224702231269895	32.32938067683083	16.868948738486942	31.406947216724337
ENSG00000173289	1195.1319803886552	994.2377664696029	2025.5533608895823	1205.5220063037666	2281.9323338036606	1266.9457295429745	2094.9718023201817	1020.225673919071
ENSG00000229874	28.138407951388835	28.567738332392473	21.501519073133835	27.736251562174022	15.87238601642792	20.73960269834431	26.15634748214829	12.402743486859293
ENSG00000151752	15.569919066435157	34.603176008250045	24.074350415218223	21.706631657353583	52.04666112363574	45.34246472285079	32.41112622787941	39.80880570782257
ENSG00000245018	5.627681590277767	7.846068978614835	10.658872702921046	6.029619904820439	5.906004099135971	10.166471910953094	3.790774997412796	7.001548742581859
ENSG00000242332	32.64055322361105	43.05278875445063	23.339255746051254	19.897745685907452	24.17770428083788	16.26635505752495	43.78345122011779	28.406283469903542
ENSG00000128064	30.389480587499943	18.106313027572696	25.912087088135646	10.45134116835543	18.08713755360391	8.743165843419659	33.92743622684453	9.001991240462392
ENSG00000196365	6.002860362962951	7.644887722752915	4.961889016877039	3.818759273052945	4.244940446253978	2.2366238204096804	3.601236247542156	10.602345238766816
ENSG00000175961	87.04147526296279	22.33111940067299	78.65512960086564	32.15797282570901	64.78148246239768	32.5327101150499	101.78230868053357	44.8099119525239
ENSG00000223811	502.1767872391194	595.6976986071417	691.356536351534	773.6002337884624	848.6189639945998	387.13925036909376	343.8232922653406	523.315757445547
ENSG00000118699	9.379469317129612	5.4318939082718085	3.3079260112513587	3.818759273052945	6.275129355331968	5.083235955476547	4.548929996895355	4.801061994913275
ENSG00000185419	9.004290544444427	4.224806373100296	4.410568015001812	6.632581895302484	9.597256661095951	5.48989483191467	10.803708742626469	12.002654987283188
ENSG00000139005	37.70546665486104	34.2008134965262	13.047930377713694	42.20733933374308	11.442882942075942	19.51962606902994	18.76433623719334	18.204026730712833
ENSG00000156570	73.53503944629615	38.82798238135034	53.84568451648045	33.3638968066731	29.53002049567985	39.649240452717066	30.705277479043648	60.613407685780096
ENSG00000216050	377.61743470763815	296.9435336521922	425.61981344767486	334.64390471753444	240.11597915549677	484.1273923995863	318.61463853254554	371.28212760662655
ENSG00000173011	8.44152238541665	4.828350140686052	10.842646370212789	13.265163790604968	9.781819289193951	8.743165843419659	11.372324992238388	9.001991240462392
ENSG00000148001	17.070634157175892	33.798450984802365	27.93359742834481	16.279973743015187	14.211322363545928	26.026168092039914	21.607417485252938	7.201592992369912
ENSG00000112209	5.4400922039351745	6.638981443443321	7.350946691669686	3.0148099524102197	2.2147515371759887	8.336506966981535	4.738468746765995	7.601681491946018
ENSG00000215737	7.503575453703689	3.8224438613764575	5.513210018752265	9.04442985723066	3.322127305763983	7.7265186523243505	7.012933745213672	5.001106244701328
ENSG00000122234	7.691164840046282	8.449612746200591	11.577741039379756	14.471087771569056	7.197942495821963	15.24970786642964	13.646789990686065	13.803053235375664
ENSG00000209380	2.0634832497685145	5.633075164133728	2.0215103402091636	0.602961990482044	4.244940446253978	2.2366238204096804	6.633856245472393	3.2007079966088496
ENSG00000188369	102.98657310208314	48.484682662722435	71.4879565764877	78.18407143250504	47.248032793087766	49.00239461079391	121.68387741695075	76.41690341903629
ENSG00000198899	161.8896404136571	164.1639047833258	129.37666177338647	98.68477910889455	333.1355437168883	388.9692153130653	338.89528476870396	389.8862428369155
ENSG00000233104	9.754648089814797	21.12403186550148	5.513210018752265	6.029619904820439	11.073757685879944	11.183119102048401	8.150166244437512	11.202477988130974
ENSG00000215254	7.878754226388875	5.834256419995646	6.983399357086203	8.642455196909298	3.322127305763983	3.253271011504989	9.09785999379071	11.002433738342921
ENSG00000163253	401.4412867731474	275.21595801910496	470.46058826685993	626.2765207806831	233.6562871720668	359.0797878948632	377.37165099244385	177.63929381179116
ENSG00000243575	21.947958202083292	15.49095670136775	18.193593061882474	12.059239809640879	18.640825437897906	11.386448540267462	12.888634991203507	8.001769991522124
ENSG00000189489	689.0158160363413	547.8165597120051	493.79984401291114	508.8999199668452	364.69575312164613	433.905021159478	558.7602346186462	862.7908493358731
ENSG00000122969	0.37517877268518446	0.4023625117238377	0.1837736672917422	0.20098733016068132	0.0	0.0	0.0	0.2000442497880531
ENSG00000208868	21.01001127037033	19.51458181860613	17.090951058132024	17.686885054139957	15.503260760231923	8.946495281638722	18.5747974873227	19.40429222944115
ENSG00000105116	2.2510726361111066	4.023625117238376	2.940378676667875	5.426657914338396	2.9530020495679854	3.253271011504989	4.169852497154076	2.6005752472446906
ENSG00000103064	9.567058703472204	10.46142530481978	11.210193704796271	11.255290488998154	10.335507173487947	9.353154158076846	3.2221587478008766	13.002876236223454
ENSG00000110327	130.37462350810162	156.9213795722967	107.50759536566918	139.68619446167352	124.76433659424737	87.63498787241566	138.55282615543769	116.02566487707081
ENSG00000244713	255.30915481226805	199.57180581502348	249.56464018218588	273.3427690185266	296.7767059815825	206.58270923056685	131.72943116009466	170.6377450692093
ENSG00000142859	17.070634157175892	16.295681724815427	15.620761719798082	20.299720346228813	22.516640627955884	17.283002248620257	20.849262485770378	35.4078322124854
ENSG00000189796	471.2245384925917	233.37025679982585	686.7621946692406	102.50353838194748	305.45114950218846	211.25928630960527	235.97574358894656	290.06416219267703
ENSG00000177725	3.9393771131944373	3.2189000937907015	2.5728313420843905	1.808885971446132	3.8758151900579807	3.6599298879431132	4.928007496636635	2.6005752472446906
ENSG00000129709	19.696885565972185	38.02325735790266	40.062659469599794	72.95840084832733	40.2346529253638	72.18195056776696	51.74407871468466	63.61407143260089
ENSG00000104447	17.070634157175892	24.946475726877935	25.36076608626042	35.172782778119235	19.009950694093902	13.41974292245808	27.483118731242772	15.203362983892037
ENSG00000120104	0.5627681590277767	1.8106313027572696	1.6539630056256793	0.20098733016068132	0.5536878842939972	1.0166471910953094	1.895387498706398	0.8001769991522124
ENSG00000110883	151.9474029374997	195.3469994419232	128.45779343692777	150.740497620511	166.47549054439517	171.6100458568882	153.3368486453476	181.04004605818807
ENSG00000139697	9.567058703472204	14.08268791033432	13.966798714172405	6.230607234981122	10.15094454538995	9.353154158076846	10.235092493014548	7.201592992369912
ENSG00000142646	57.58994160717582	78.86305229787219	52.00794784356304	67.12976827366755	80.28474322262959	46.56244135216516	83.01797244334023	49.01084119807301
ENSG00000126812	12.380899498611088	6.840162699305241	9.004909697295366	9.647391847712704	10.889195057781945	4.066588764381238	4.169852497154076	5.601238994065487
ENSG00000149440	38.83100297291659	26.354744517911367	29.587560433970488	30.34908685426288	16.05694864452592	20.94293213656337	19.143413736934622	36.208009211637616
ENSG00000130985	60.5913717886573	53.715395315132334	24.074350415218223	105.11637367403634	129.74752755289333	108.57792000897904	95.71706868467311	111.62469138173364
ENSG00000244292	30.20189120115735	26.354744517911367	29.77133410126223	28.942175543138113	23.80857902464188	17.486331686839318	18.19571998758142	15.003318734103983
ENSG00000246481	10.12982686249998	11.467331584129374	11.02642003750453	9.446404517552022	9.597256661095951	5.693224270133731	8.90832124392007	11.60256648770708
ENSG00000187975	76.91164840046282	64.17682061995211	68.3638042325281	85.62060264845024	94.12694032997952	49.40905348723203	99.12876618234462	79.4175671658571
ENSG00000127144	44.45868456319436	45.869326336517496	23.339255746051254	61.703110359329166	25.654205305621872	33.75268674436427	60.4628612087341	37.60831896015399
ENSG00000203748	3.3766089541666604	10.662606560681699	8.453588695420141	12.059239809640879	13.473071851153932	10.776460225610277	9.28739874366135	13.402964735799559
ENSG00000125228	24.57420961087958	19.51458181860613	29.587560433970488	27.937238892334705	18.825388065995906	47.57908854326047	34.87512997619773	22.004867476685842
ENSG00000215382	34.51644708703697	24.544113215154102	32.89548644522185	35.97673209876196	26.761581074209865	18.90963775437275	67.85487245368905	16.60367273240841
ENSG00000188316	18.38375986157404	28.768919588254395	13.231704045005435	10.250353838194748	11.073757685879944	9.149824719857783	12.888634991203507	8.801946990674336
ENSG00000230590	377.61743470763815	129.15836626335192	345.1269471738918	214.45348128144698	223.68990525477489	188.68971866728938	364.67255475111097	153.6339838372248
ENSG00000100746	576.2745948444433	634.3244997326301	870.5358619609826	1136.3823647284921	715.9184343921384	1072.7661160437704	604.8181508372115	1023.4263819156797
ENSG00000233618	12.756078271296271	8.851975257924428	12.864156710421952	3.0148099524102197	8.674443520605955	10.369801349172155	5.686162496119194	11.60256648770708
ENSG00000109134	15.382329680092564	17.1004067482631	28.484918430220038	20.701695006550178	27.13070633040586	22.97622651875399	23.12372748421806	29.606548968631863
ENSG00000118242	4.689734658564806	5.834256419995646	2.5728313420843905	1.0049366508034066	6.644254611527966	3.0499415732859276	5.496623746248555	5.201150494489381
ENSG00000150196	2.6262514087962914	1.8106313027572696	2.0215103402091636	1.4069113111247693	1.2919383966859934	1.4233060675334328	2.4640037483183175	3.400752246396903
ENSG00000107706	219.4795820208329	252.48247610670816	285.9518263059508	166.0155347127228	338.3032973036323	236.87879552520707	322.02633603021707	259.25734772531683
ENSG00000218911	7.315986067361097	8.248431490338673	6.615852022502717	5.024683254017033	9.228131404899953	6.9132008994481025	3.980313747283436	7.201592992369912
ENSG00000135983	71.09637742384247	35.2067197758358	57.153610527731814	23.716504958960396	56.476164197987714	54.08563056627045	62.54778745731113	64.81433693132921
ENSG00000199672	1.8758938634259223	0.8047250234476754	2.0215103402091636	1.4069113111247693	1.4765010247839927	1.6266355057524946	3.032619997930237	1.4003097485163718
ENSG00000243532	6.565628521990728	4.023625117238376	8.453588695420141	5.024683254017033	10.335507173487947	4.676577079038423	18.95387498706398	4.000884995761062
ENSG00000187966	84.04004508148132	72.02288959856693	116.51250506296454	75.77222347057686	62.935856181417684	68.11536180338572	41.8880637214114	42.009292455491156
ENSG00000184930	74.66057576435172	62.96973308478059	47.59737982856122	70.94852754672051	63.48954406571168	52.86565393695608	56.861624961191936	71.21575292454692
ENSG00000217231	32.26537445092586	45.46696382479366	34.36567578355579	82.80678002620071	21.59382748746589	40.86921708203143	41.8880637214114	30.606770217572127
ENSG00000115031	78.97513165023133	68.20044573719049	87.66003929816101	67.73273026414961	67.91904714006365	38.63259326162175	119.21987366863243	97.82163814635798
ENSG00000171778	57.02717344814804	39.63270740479801	61.74795221002537	48.236959238563514	37.28165087579581	41.47920539668862	77.33180994722103	28.80637196947965
ENSG00000181420	194.53019363726816	242.82577582533605	260.95860755427384	234.15023963719375	220.3677779490109	266.361564066971	162.4347086391383	161.43570957895886
ENSG00000227447	595.4087122513878	1061.02994341576	997.3396923922846	635.3209506379136	831.4546395814858	532.316469257504	945.2297456048807	599.1325281152191
ENSG00000187569	63.59280197013877	71.01698331925736	70.56908824002899	70.34556555623847	126.97908813142335	85.60169349022505	90.22044493842455	66.21464667984557
ENSG00000175159	28.138407951388835	20.92285060963956	13.047930377713694	28.74118821297743	23.624016396543883	32.73603955326896	13.457251240815426	15.603451483468143
ENSG00000120730	3.0014301814814757	3.8224438613764575	3.675473345834843	3.215797282570901	1.6610636528819915	4.676577079038423	4.359391247024716	2.200486747668584
ENSG00000150706	14.819561521064786	8.047250234476753	13.599251379588921	13.466151120765648	12.919383966859934	17.486331686839318	10.235092493014548	10.602345238766816
ENSG00000171292	25.512156542592543	11.869694095853212	7.902267693544912	10.853315828676791	14.765010247839925	18.90963775437275	10.614169992755828	21.20469047753363
ENSG00000208018	555.2645835740731	495.1070706761823	289.81107331907737	574.8237642595486	615.516364706827	331.2236548588518	336.241742270515	288.8638966939487
ENSG00000119889	0.9379469317129612	1.005906279309594	1.4701893383339375	2.2108606317674946	1.2919383966859934	1.0166471910953094	0.37907749974127963	1.2002654987283188
ENSG00000166561	5.627681590277767	5.23071265240989	5.145662684168781	4.421721263534989	3.8758151900579807	4.066588764381238	8.52924374417879	5.80128324385354
ENSG00000172881	4.126966499537029	4.224806373100296	3.8592470131265855	4.823695923856352	6.828817239625965	5.083235955476547	5.307084996377914	4.400973495337168
ENSG00000214951	149.13356214236083	153.9036607343679	179.5468729440321	99.68971575969795	117.9355193546214	161.03691506949698	70.50841495187801	139.63088635206108
ENSG00000215473	4.502145272222213	8.047250234476753	11.945288373963242	5.426657914338396	4.244940446253978	4.066588764381238	4.928007496636635	6.001327493641594
ENSG00000248706	0.0	0.4023625117238377	1.102642003750453	0.40197466032136264	0.0	1.0166471910953094	0.37907749974127963	1.0002212489402655
ENSG00000221214	0.7503575453703689	0.20118125586191885	0.5513210018752265	1.0049366508034066	0.7382505123919963	0.40665887643812365	0.37907749974127963	0.2000442497880531
ENSG00000140468	49.89877676712953	62.16500806133292	53.47813718189697	26.932302241531296	33.59039831383583	88.04164674885378	74.86780619890273	63.21398293302479
ENSG00000209961	0.9379469317129612	0.8047250234476754	1.102642003750453	0.8039493206427253	0.5536878842939972	0.40665887643812365	0.5686162496119194	0.8001769991522124
ENSG00000182153	192.84188916018482	284.2691145328913	169.623094910278	331.22712010480285	145.61991356932126	191.12967192591816	134.57251240815424	296.2655339361067
ENSG00000213927	278.57023871874947	216.8733938191485	354.4994042057706	255.2539093040653	203.20345353589695	402.5922876737425	132.10850865983593	282.26243645094297
ENSG00000173134	5.627681590277767	2.816537582066864	4.043020680418327	3.215797282570901	6.459691983429967	2.033294382190619	4.359391247024716	2.200486747668584
ENSG00000103807	7.503575453703689	6.840162699305241	17.458498392715505	22.309593647835626	17.533449669309913	6.099883146571855	19.71202998654654	15.203362983892037
ENSG00000144441	50.461544926157316	41.24215745169336	33.63058111438882	36.17771942892264	34.69777408242382	50.6290301165464	10.424631242885189	24.005309974566376
ENSG00000217239	0.9379469317129612	0.6035437675857565	1.4701893383339375	1.0049366508034066	1.1073757685879944	0.20332943821906183	1.1372324992238387	1.800398248092478
ENSG00000233586	2.0634832497685145	3.621262605514539	2.940378676667875	1.4069113111247693	1.2919383966859934	6.099883146571855	2.653542498188957	3.400752246396903
ENSG00000153701	3.9393771131944373	7.04134395516716	3.8592470131265855	9.848379177873385	4.7986283305479756	13.623072360677144	16.110793739004382	10.402300988978762
ENSG00000235858	19.884474952314775	37.21853233445499	19.847556067508155	26.731314911370617	17.71801229740791	23.586214833411173	33.92743622684453	23.005088725626106
ENSG00000175459	54.21333265300916	48.68586391858436	57.88870519689878	42.20733933374308	25.46964267752387	31.922721800392715	35.44374622580965	38.008407459730094
ENSG00000139731	0.5627681590277767	1.408268791033432	0.1837736672917422	0.20098733016068132	0.3691252561959982	0.40665887643812365	0.37907749974127963	0.4000884995761062
ENSG00000178839	33.39091076898142	61.36028303788525	52.00794784356304	56.67842710531214	64.96604509049567	32.5327101150499	30.136661229431727	39.00862870867036
ENSG00000219434	25.699745928935137	12.07087535171513	23.890576747926485	19.093796365264726	20.855576975073895	17.486331686839318	24.640037483183175	30.406725967784073
ENSG00000237589	17.445812929861077	16.496862980677346	15.988309054381567	16.078986412854505	10.520069801585946	16.67301393396307	22.555111234606137	20.204469228593364
ENSG00000213847	11.067773794212941	5.834256419995646	12.496609375838467	12.059239809640879	7.567067752017962	7.3198597758862265	10.045553743143909	10.202256739190709
ENSG00000192817	244.42897040439772	247.4529447101602	197.9242396732063	273.74474367884795	304.89746161789446	244.8086436157505	253.79238607678673	361.8800478665881
ENSG00000143478	785.8119393891188	513.213383703755	788.7565800161574	851.7843052209674	1017.3092060761708	565.255838248992	1502.4736702245616	490.9085889798823
ENSG00000148528	8.066343612731465	11.668512839991292	18.377366729174216	5.828632574659759	12.550258710663936	9.963142472734031	9.666476243402629	12.20269923707124
ENSG00000146244	8.816701158101836	17.905131771710778	26.27963442271913	25.324403600245848	14.949572875937925	11.99643685492465	16.679409988616303	28.80637196947965
ENSG00000168005	1.1255363180555533	1.8106313027572696	4.2267943477100705	0.40197466032136264	2.768439421469986	0.40665887643812365	3.032619997930237	2.4005309974566376
ENSG00000193958	15.75750845277775	12.07087535171513	11.577741039379756	5.024683254017033	16.979761785015913	8.946495281638722	12.509557491462227	12.602787736647347
ENSG00000189132	80.85102551365726	81.0760461123533	41.71662247522547	84.21369133732549	81.2075563631196	70.14865618557634	123.01064866604523	125.62778886689735
ENSG00000207740	17.63340231620367	17.50276925998694	29.955107768553972	26.731314911370617	14.580447619741927	24.39953258628742	20.470184986029096	8.001769991522124
ENSG00000150837	38.45582420023141	56.733114153061116	67.26116222877764	52.45769317193783	51.67753586743974	63.03212584790918	40.94036997205819	46.01017745125221
ENSG00000185178	24.949388383564767	22.53230065653491	13.783025046880663	17.083923063657913	20.671014346975895	8.539836405200598	14.404944990168625	22.004867476685842
ENSG00000191289	27.76322917870365	26.958288285497122	20.766424403966866	32.76093481619105	30.821958892365842	31.51606292395459	17.627103737969502	37.40827471036593
ENSG00000224259	153.07293925555527	130.36545379852342	152.89969118672948	75.57123614041618	230.88784775059685	102.07137798596905	105.38354492807574	114.42531087876638
ENSG00000123580	133.00087491689789	81.27722736821521	106.58872702921045	112.55290488998155	122.36502242897338	126.67424001047554	126.23280741384612	156.63464758404558
ENSG00000195605	0.7503575453703689	0.6035437675857565	0.9188683364587108	0.20098733016068132	0.9228131404899953	0.40665887643812365	0.5686162496119194	1.2002654987283188
ENSG00000238243	18.946528020601814	17.1004067482631	23.339255746051254	8.642455196909298	22.332077999857887	20.73960269834431	21.98649498499422	16.803716982196462
ENSG00000125374	0.0	0.20118125586191885	0.0	0.20098733016068132	0.1845626280979991	0.20332943821906183	0.18953874987063982	0.0
ENSG00000237820	22.885905133796253	23.538206935844507	22.2366137423008	31.153036174905605	12.550258710663936	21.75624988943962	21.038801235641017	33.00730121502877
ENSG00000153006	6.9408072946759125	6.437800187581403	4.410568015001812	4.622708593695671	10.15094454538995	14.233060675334329	6.823394995343032	9.802168239614602
ENSG00000216559	23.073494520138844	12.272056607577051	15.804535387089825	9.446404517552022	12.919383966859934	6.506542023009978	14.215406240297984	3.2007079966088496
ENSG00000221267	371.42698495833264	485.45037039481014	670.038790945692	676.5233533208533	432.4302376336118	630.1179290408727	1199.211670431538	531.3175274370691
ENSG00000212886	43.895916404166584	68.60280824891431	56.05096852398136	63.712983660935976	61.82848041282968	75.84188045571007	74.67826744903208	45.81013320146416
ENSG00000215322	173.33259298055523	185.6902991605511	129.19288810609476	293.8434766949161	303.05183533691445	283.64456631559125	308.00046853978967	390.6864198360677
ENSG00000107361	81.03861489999984	69.20635201650009	137.2789294669314	76.97814745154095	97.0799423795475	65.67540854475698	64.2536362061469	68.41513342751416
ENSG00000152968	1137.9172175541646	422.4806373100295	708.2637137423743	1056.7913819848625	766.8577197471861	842.3938625415732	804.023376951254	1002.8218241875102
ENSG00000131982	13.131257043981456	16.094500468953505	11.393967372088014	13.064176460444287	16.795199156917914	16.46968449574401	7.960627494566872	26.805929471599118
ENSG00000125366	13.506435816666642	22.73348191239683	15.620761719798082	22.91255563831767	8.674443520605955	29.482768541763967	9.85601499327327	15.003318734103983
ENSG00000104153	24.57420961087958	36.61498856686923	15.069440717922857	17.686885054139957	25.654205305621872	32.12605123861177	24.071421233571254	27.80615072053938
ENSG00000233427	4966.804182192815	3945.767971219814	5113.869839727309	2883.7662131454554	5484.093931303944	2116.2527929839957	2139.3238697899114	2998.6633043229162
ENSG00000121597	13.131257043981456	11.869694095853212	10.475099035629304	13.265163790604968	16.426073900721914	8.539836405200598	10.045553743143909	9.802168239614602
ENSG00000222800	34.328857700694385	43.05278875445063	24.993218751676935	25.123416270085166	28.422644727091857	38.429263823402685	21.038801235641017	37.00818621078982
ENSG00000138169	208.97457638564777	676.3713822077711	316.64202874367174	756.1143360644833	857.2934075152057	223.45905260274898	482.75519592051955	431.29540254304254
ENSG00000205774	196.40608750069407	169.19343617987377	166.68271623361017	165.61356005240143	190.83775745333102	273.4780944046382	170.58487488357582	205.44544453233055
ENSG00000131112	9.942237476157388	8.851975257924428	6.7996256897944605	14.270100441408376	9.781819289193951	14.436390113553392	5.496623746248555	12.402743486859293
ENSG00000188774	928.1922836231464	665.9099569029514	883.7675660059881	423.0783299882342	1045.9164134313608	1046.7399479517305	837.9508131780987	1069.2365151171439
ENSG00000107985	170.51875218541633	65.58508941098555	187.08159330299353	77.17913478170163	143.40516203214528	105.73130787391216	228.20465484425034	82.41823091267788
ENSG00000216315	302.58168017060126	555.6626286906198	313.33410273242043	848.1665332780752	407.69884546847993	443.25817531755484	300.22937979509345	634.9404488272806
ENSG00000174328	105.98800328356461	135.99852896265713	116.32873139567279	63.11002167045393	84.71424629698157	83.97505798447254	75.81549994825592	142.63155009888186
ENSG00000192446	111.2405061011572	126.14064742542313	87.66003929816101	236.16011293880055	100.40206968531149	116.50776809952244	115.80817617096092	169.63752382026905
ENSG00000224839	8.253932999074058	7.242525211029078	4.961889016877039	3.818759273052945	2.3993141652739878	12.403095731362773	9.09785999379071	6.401415993217699
ENSG00000180968	446.83791826805475	788.6305229787218	302.1239090276241	559.9507018276582	372.8165087579581	507.10361891834026	383.626429738175	386.4854905905186
ENSG00000151714	5.627681590277767	6.035437675857565	4.778115349585296	7.034556555623847	7.751630380115961	4.879906517257485	10.614169992755828	5.80128324385354
ENSG00000185302	25.699745928935137	20.319306842053802	38.7762437985576	35.77574476860128	25.654205305621872	26.026168092039914	20.091107486287818	28.606327719691595
ENSG00000203557	165.82901752685154	156.51901706057285	354.4994042057706	357.5564603558521	163.89161375102316	424.34853756318205	462.66408843423176	201.8446480361456
ENSG00000226465	12.943667657638864	12.875600375162806	9.556230699170593	17.485897723979278	16.610636528819917	11.183119102048401	7.202472495084312	13.002876236223454
ENSG00000237445	59.278246084259145	39.83388866065994	30.873976105012684	20.701695006550178	22.701203256053887	42.49585258778393	23.12372748421806	52.81168194404602
ENSG00000123358	16.8830447708333	24.946475726877935	23.890576747926485	21.505644327192904	45.03328125591177	30.702745171078337	38.47636622373988	21.404734727321685
ENSG00000245520	30.014301814814758	41.84570121927912	23.890576747926485	44.82017462583194	14.211322363545928	28.872780227106784	33.16928122736197	67.21486792878585
ENSG00000114972	63.78039135648137	99.38354039578792	93.17324931691327	86.62553929925366	95.78800398286151	116.10110922308432	117.70356366966732	64.61429268154116
ENSG00000235018	0.5627681590277767	1.8106313027572696	1.6539630056256793	2.411847961928176	1.6610636528819915	0.6099883146571856	1.3267712490944785	0.6001327493641594
ENSG00000220942	6.565628521990728	9.455519025510187	13.231704045005435	10.049366508034066	7.751630380115961	10.97978966382934	4.928007496636635	10.80238948855487
ENSG00000140805	1968.9381990518482	930.0609458496508	1432.1481892045467	2534.249245996031	1223.4656616616357	2041.0209008429429	1902.9690487012235	1454.521740208934
ENSG00000177244	0.7503575453703689	0.6035437675857565	0.7350946691669688	0.20098733016068132	0.9228131404899953	0.40665887643812365	0.5686162496119194	0.2000442497880531
ENSG00000236306	4.126966499537029	8.449612746200591	5.696983686044007	9.848379177873385	5.536878842939972	2.4399532586287425	3.980313747283436	5.401194744277435
ENSG00000179100	144.81900625648123	217.87930009845812	106.7725006965022	91.04726056278864	91.54306353660753	148.83714877635327	126.80142366345802	107.42376213618454
ENSG00000138387	1.1255363180555533	1.005906279309594	1.102642003750453	0.40197466032136264	0.3691252561959982	0.6099883146571856	0.7581549994825593	0.2000442497880531
ENSG00000179761	7.315986067361097	7.846068978614835	6.432078355210976	3.0148099524102197	2.583876793371987	4.066588764381238	7.012933745213672	4.601017745125222
ENSG00000199538	6.378039135648136	5.4318939082718085	6.7996256897944605	5.426657914338396	6.644254611527966	7.3198597758862265	3.032619997930237	4.200929245549116
ENSG00000240578	561.6426227097211	538.9645844540805	736.0135375034274	806.1601812744929	608.5029848391029	737.0692135440992	1005.5030680637441	444.29827877926596
ENSG00000212910	2.2510726361111066	5.4318939082718085	4.594341682293554	5.627645244499077	4.060377818155979	3.6599298879431132	3.2221587478008766	3.2007079966088496
ENSG00000229532	60.96655056134248	123.7264723550801	125.88496209484337	150.33852296018964	85.45249680937357	142.12727731512425	80.55396869502191	127.42818711498983
ENSG00000239345	9.942237476157388	9.455519025510187	12.496609375838467	9.245417187391341	5.352316214841973	4.066588764381238	4.738468746765995	9.802168239614602
ENSG00000114054	26.262514087962913	23.739388191706425	27.014729091886096	29.74612486378084	18.08713755360391	36.395969441212074	30.32619997930237	28.006194970327435
ENSG00000193102	3.9393771131944373	3.2189000937907015	3.3079260112513587	4.823695923856352	2.9530020495679854	2.4399532586287425	2.4640037483183175	6.601460243005753
ENSG00000220860	2.4386620224536992	1.005906279309594	2.0215103402091636	1.808885971446132	4.060377818155979	3.0499415732859276	2.2744649984476775	0.6001327493641594
ENSG00000163171	14.25679336203701	9.656700281372103	8.637362362711881	13.064176460444287	10.520069801585946	13.826401798896205	6.633856245472393	7.601681491946018
ENSG00000112807	1.5007150907407378	3.4200813496526203	1.8377366729174216	2.2108606317674946	1.6610636528819915	2.2366238204096804	4.738468746765995	3.2007079966088496
ENSG00000118323	40.89448622268511	18.508675539296533	48.883795499603416	14.672075101729737	27.49983158660186	28.872780227106784	36.770517474904125	32.607212715452654
ENSG00000142566	30.764659360185128	39.63270740479801	19.847556067508155	43.413263314707166	34.51321145432583	31.719392362173647	21.228339985511656	35.4078322124854
ENSG00000229348	49.52359799444435	32.79254470549277	90.6004179748289	35.77574476860128	35.25146196671782	58.76220764530888	101.21369243092165	48.210664198920796
ENSG00000161525	641.9308800643507	705.9450268194732	487.18399199040846	387.90554721011495	388.31976951819	631.541235108406	485.97735466832046	462.7023497597669
ENSG00000126784	360.73438993680486	532.1244217547753	313.33410273242043	482.7715670459566	490.1983402282855	417.43533666373395	757.207305733206	460.70190726188633
ENSG00000165052	2.2510726361111066	2.816537582066864	1.4701893383339375	3.818759273052945	2.3993141652739878	3.6599298879431132	3.032619997930237	2.4005309974566376
ENSG00000192547	9.567058703472204	5.834256419995646	6.432078355210976	3.0148099524102197	7.013379867723964	2.8466121350668656	5.686162496119194	7.801725741734072
ENSG00000150386	764.0515705733782	762.4769597166725	694.4806886954937	899.0163278087276	740.0961386729763	1053.0431605365213	492.4216721639222	488.5080579824257
ENSG00000187017	25.32456715624995	15.28977544550583	22.604161076884285	32.559947486030374	25.46964267752387	19.722955507248997	18.19571998758142	36.00796496184957
ENSG00000132966	9.004290544444427	10.662606560681699	10.842646370212789	13.466151120765648	9.781819289193951	8.946495281638722	14.973561239780544	17.203805481772566
ENSG00000223105	329.0317836449068	232.56553177637818	382.06545429953195	322.78565223805424	443.31943269139373	322.68381845365116	264.40655606954255	289.4640294433129
ENSG00000203694	4.502145272222213	9.455519025510187	9.004909697295366	4.622708593695671	4.983190958645975	8.133177528762475	6.823394995343032	10.002212489402655
ENSG00000119905	100.54791107962944	128.75600375162804	178.6280046075734	255.65588396438665	136.76090742061731	152.70040810251547	177.21873112904822	120.82672687198408
ENSG00000205565	12.943667657638864	16.094500468953505	9.923778033754077	9.245417187391341	15.87238601642792	13.41974292245808	19.90156873641718	23.405177225202216
ENSG00000239934	343.8513451659716	477.8054826720573	386.29224864724205	427.29906392160854	322.61547391530235	459.72785981329883	246.2108360819611	271.8601354619642
ENSG00000119944	39.95653929097215	16.899225492401182	39.51133846772456	16.078986412854505	47.61715804928376	14.233060675334329	53.63946621339107	17.40384973156062
ENSG00000204528	59.09065669791656	173.0158800412502	150.51063351193685	104.11143702323292	208.18664449454295	224.67902923206333	177.21873112904822	89.81986815483585
ENSG00000124571	213.2891322715274	239.2045132198215	151.6132755156873	194.55573559553955	258.94136722149267	246.23194968328391	158.0753173921136	289.4640294433129
ENSG00000214993	683.9509026050914	547.4141972002811	564.5527059202319	1084.7286208771973	1052.3761054147906	531.2998220664086	870.5514781558486	924.2044340208054
ENSG00000213894	5.627681590277767	6.035437675857565	5.88075735333575	7.43653121594521	9.043568776801955	4.676577079038423	6.254778745731113	6.601460243005753
ENSG00000166382	14.819561521064786	12.674419119300888	9.37245703187885	13.466151120765648	12.919383966859934	15.453037304648701	8.52924374417879	12.802831986435399
ENSG00000112778	1.1255363180555533	0.8047250234476754	2.7566050093761323	2.8138226222495386	0.7382505123919963	0.40665887643812365	1.895387498706398	0.8001769991522124
ENSG00000144088	0.9379469317129612	0.20118125586191885	0.3675473345834844	0.20098733016068132	0.9228131404899953	1.2199766293143712	0.37907749974127963	0.4000884995761062
ENSG00000191555	7.315986067361097	13.680325398610481	6.7996256897944605	11.456277819158835	15.134135504035925	5.286565393695608	4.928007496636635	11.802610737495135
ENSG00000161626	22.510726361111068	32.390182193768936	37.30605446022366	45.2221492861533	33.77496094193383	32.5327101150499	66.52810120459458	45.210000452100005
ENSG00000103919	323.9668702136568	388.27982381350336	334.284300803679	366.6008902130827	272.04531381645063	250.29853844766512	276.34749731139283	389.8862428369155
ENSG00000247208	12.380899498611088	21.727575633087234	9.740004366462335	13.868125781087011	11.627445570173942	14.029731237115268	13.457251240815426	16.403628482620356
ENSG00000233591	2022.963942318515	1549.296851392637	1882.393674069315	783.0466383060145	2281.9323338036606	984.9277987331357	2689.175783164638	1642.163246510128
ENSG00000240621	30.389480587499943	58.141382944094545	31.792844441471395	35.97673209876196	55.18422580130172	20.129614383687123	55.34531496222682	26.005752472446908
ENSG00000153480	180.27340027523115	141.8327853826528	124.78232009109294	259.67563056760025	119.9657082636994	132.1641348423902	174.37564988098862	151.23345283976815
ENSG00000242325	22.510726361111068	27.159469541359044	34.733223118139264	16.68194840333655	25.285080049425872	26.83948584491616	21.607417485252938	21.004646227745578
ENSG00000143028	1.5007150907407378	2.212993814481107	2.389057674792648	1.808885971446132	1.6610636528819915	2.8466121350668656	3.790774997412796	1.0002212489402655
ENSG00000130509	1284.6121176740717	552.0413660851053	1287.334539378654	508.49794530652383	929.8265203577192	667.7338751113991	1224.0412466645919	790.574875162386
ENSG00000104208	19.884474952314775	25.95238200618753	13.231704045005435	13.66713845092633	19.9327638345839	11.589777978486525	19.5224912366759	19.004203729865047
ENSG00000168253	267.5024649245366	290.10337095288696	334.284300803679	203.3991781226095	210.21683340362094	179.74322338565065	323.7321847790528	346.2765963831199
ENSG00000240283	7.691164840046282	8.851975257924428	11.393967372088014	6.632581895302484	19.9327638345839	10.97978966382934	8.150166244437512	12.20269923707124
ENSG00000154162	95.85817642106464	181.6666740433127	117.98269440129847	27.736251562174022	82.31493213170758	103.29135461528342	36.39143997516284	80.81787691437346
ENSG00000133022	18.571349247916633	22.33111940067299	10.10755170104582	13.265163790604968	7.93619300821396	22.16290876587774	16.110793739004382	19.40429222944115
ENSG00000225372	16.8830447708333	20.118125586191884	9.188683364587108	14.471087771569056	7.197942495821963	15.046378428210577	11.56186374210903	12.20269923707124
ENSG00000190672	13.881614589351825	20.520488097915724	26.64718175730261	17.686885054139957	13.288509223055932	24.602862024506482	23.502804983959336	20.404513478381418
ENSG00000173875	126.99801455393495	106.8272468626789	74.06078791857209	84.61566599764684	118.8583324951114	113.66115596445557	110.50109117458301	105.8234081378801
ENSG00000227210	1.3131257043981457	4.023625117238376	2.389057674792648	1.6078986412854506	3.322127305763983	4.066588764381238	3.032619997930237	4.200929245549116
ENSG00000166374	2.4386620224536992	2.816537582066864	4.043020680418327	7.63751854610589	3.691252561959981	7.1165303376671645	3.601236247542156	2.000442497880531
ENSG00000241219	159.638567777546	201.78479962950462	158.5966748727735	102.90551304226884	118.8583324951114	119.96436854924649	301.9352285439292	301.06659593101995
ENSG00000204672	5.06491343124999	10.059062793095942	2.5728313420843905	7.235543885784528	7.197942495821963	4.066588764381238	9.28739874366135	5.401194744277435
ENSG00000141532	60.96655056134248	51.70358275651314	154.18610685777168	39.795491371814904	131.22402857767733	49.40905348723203	65.769946205112	47.41048719976859
ENSG00000221904	1.6883044770833302	3.4200813496526203	1.6539630056256793	2.2108606317674946	1.6610636528819915	1.8299649439715566	2.843081248059597	2.6005752472446906
ENSG00000181376	9.942237476157388	19.313400562744206	5.88075735333575	26.329340251049253	21.224702231269895	17.079672810401195	9.09785999379071	20.204469228593364
ENSG00000161000	327.3434791678235	286.68328960323436	192.96235065632928	274.9506676598121	256.1729278000227	221.22242878233928	221.3812598489073	257.8570379768005
ENSG00000104998	17.63340231620367	28.970100844116313	18.7449140637577	36.981668749565365	27.31526895850386	22.569567642315867	40.182214972575636	38.208451709518144
ENSG00000247178	35.82957279143512	48.082320150998605	27.198502759177842	55.87447778466941	24.17770428083788	41.275875958469555	22.176033734864856	73.61628392200355
ENSG00000235595	12.56848888495368	15.89331921309159	11.210193704796271	8.240480536587933	9.781819289193951	20.73960269834431	20.28064623615846	17.603893981348673
ENSG00000125637	17.070634157175892	16.295681724815427	22.97170841146777	54.66855380370532	33.221273057639834	41.88586427312674	31.46343247852621	43.40960220400753
ENSG00000141056	0.9379469317129612	0.20118125586191885	0.9188683364587108	0.602961990482044	0.5536878842939972	0.40665887643812365	1.705848748835758	0.8001769991522124
ENSG00000203143	0.7503575453703689	0.8047250234476754	1.4701893383339375	0.602961990482044	0.9228131404899953	1.0166471910953094	0.7581549994825593	0.0
ENSG00000157401	34.70403647337957	83.89258369442015	61.38040487544189	38.18759273052945	53.15403689222373	50.019041801889216	41.8880637214114	45.81013320146416
ENSG00000119565	1.6883044770833302	1.207087535171513	1.102642003750453	1.0049366508034066	1.1073757685879944	0.40665887643812365	1.705848748835758	0.6001327493641594
ENSG00000224435	289.825601899305	517.4381900768552	260.5910602196904	399.56281235943453	313.3873425104024	319.2272180039271	295.49091104832746	422.0933670527921
ENSG00000106937	110.86532732847202	148.2705855702342	120.92307307796635	104.31242435339361	66.25798348718166	251.5185150769795	133.43527990893043	242.05354224354429
ENSG00000247931	2.4386620224536992	2.212993814481107	2.940378676667875	3.617771942892264	1.6610636528819915	2.4399532586287425	1.3267712490944785	4.200929245549116
ENSG00000114360	0.37517877268518446	0.6035437675857565	0.3675473345834844	0.20098733016068132	0.0	0.20332943821906183	0.7581549994825593	0.0
ENSG00000128104	0.37517877268518446	0.20118125586191885	0.0	0.0	0.3691252561959982	0.0	0.0	0.0
ENSG00000248053	36.392340950462895	35.810263543421556	35.284544120014495	47.63399724808147	52.41578637983174	20.73960269834431	56.10346996170938	33.80747821418098
ENSG00000240733	12.380899498611088	21.727575633087234	30.138881435845715	13.064176460444287	16.795199156917914	25.21285033916367	16.679409988616303	31.206902966936287
ENSG00000236050	517.3715275328693	403.56959925900924	687.8648366729909	422.67635532791286	811.521875746902	334.6802553085758	593.066748345232	462.5023055099788
ENSG00000126928	71.84673496921283	91.93983392889692	59.175120867940976	116.3716641630345	49.27822170216575	46.155782475727044	48.52191996688379	116.22570912685886
ENSG00000211538	349.29143736990676	477.60430141619537	624.2791477900481	422.27438066759146	486.69165029442354	552.242754202972	583.4002721018293	802.3774858998811
ENSG00000225566	231.86048151944402	126.54300993714696	138.93289247255706	188.52611569071908	153.55610657753522	121.59100405499898	111.4487849239362	177.4392495620031
ENSG00000124032	3.9393771131944373	2.816537582066864	4.594341682293554	6.632581895302484	5.352316214841973	3.6599298879431132	4.738468746765995	5.201150494489381
ENSG00000247060	23.073494520138844	17.703950515848856	9.740004366462335	17.485897723979278	28.238082098993857	29.279439103544906	12.888634991203507	22.805044475838056
ENSG00000137469	7.878754226388875	2.816537582066864	12.129062041254983	2.2108606317674946	8.674443520605955	7.5231892141052885	6.444317495601753	7.601681491946018
ENSG00000161853	32.077785064583274	17.50276925998694	24.993218751676935	13.265163790604968	47.06347016498976	17.283002248620257	24.260959983441897	29.206460469055756
ENSG00000123099	3.0014301814814757	16.094500468953505	8.086041360836655	11.054303158837474	8.305318264409959	8.539836405200598	10.614169992755828	15.603451483468143
ENSG00000190625	13.131257043981456	26.153563262049452	17.090951058132024	10.250353838194748	14.395884991643927	6.506542023009978	8.339704994308152	27.80615072053938
ENSG00000207548	419.07468908935107	528.100796637537	339.42996348784783	385.69468657834744	459.37638133591963	271.0381411460095	409.21416097071136	231.05110850520134
ENSG00000208277	10.12982686249998	4.828350140686052	8.453588695420141	17.284910393818596	9.412694032997953	12.403095731362773	9.666476243402629	14.403185984739824
ENSG00000105375	1.5007150907407378	2.615356326204945	3.4916996785431014	3.818759273052945	2.583876793371987	2.643282696847804	1.895387498706398	1.2002654987283188
ENSG00000199661	5.06491343124999	6.437800187581403	7.167173024377944	5.828632574659759	6.459691983429967	4.473247640819361	5.307084996377914	9.202035490250443
ENSG00000169870	12.943667657638864	8.248431490338673	9.740004366462335	9.848379177873385	7.93619300821396	11.589777978486525	7.012933745213672	12.20269923707124
ENSG00000235928	11.255363180555534	10.662606560681699	18.56114039646596	8.039493206427252	27.68439421469986	13.623072360677144	12.509557491462227	9.402079740038497
ENSG00000166758	17.258223543518486	17.1004067482631	26.27963442271913	22.71156830815699	11.996570826369938	25.41617977738273	22.555111234606137	10.80238948855487
ENSG00000146277	9.19187993078702	6.437800187581403	13.047930377713694	10.049366508034066	20.3018890907799	8.336506966981535	9.09785999379071	10.80238948855487
ENSG00000192139	276.3191660826384	300.56479625770675	122.39326241630027	234.15023963719375	301.5753343121305	149.2438076527914	258.1517773238114	200.04424978805312
ENSG00000161416	562.9557484141194	124.73237863438969	198.47556067508154	187.11920437959432	316.5249071880684	126.87756944869459	159.5916273910787	240.45318824523986
ENSG00000177219	6.753217908333321	6.840162699305241	7.534720358961429	5.225670584177715	4.244940446253978	2.8466121350668656	3.980313747283436	6.401415993217699
ENSG00000213624	314.39981151018463	214.05685623708166	231.00349978571992	206.8159627353411	463.06763389787966	242.16536091890268	350.8362260105543	221.0488960157987
ENSG00000116311	367.4876078451382	495.3082519320442	400.0752736941227	448.60372091864076	297.3303938658765	506.29030116546403	298.5235310462577	644.342528567319
ENSG00000103187	47.83529351736102	30.9819134027355	30.322655103137457	32.96192214635173	28.238082098993857	24.19620314806836	26.345886232018934	31.406947216724337
ENSG00000194390	3.9393771131944373	10.059062793095942	3.124152343959617	4.622708593695671	4.060377818155979	8.946495281638722	6.823394995343032	4.801061994913275
ENSG00000178743	39.581360518286964	40.83979493996952	130.6630774444287	66.92878094350688	57.58353996657571	100.85140135665468	127.55957866294058	49.21088544786107
ENSG00000177680	38.08064542754623	27.159469541359044	44.4732274846016	27.53526423201334	47.61715804928376	28.262791912449597	57.051163711062586	28.006194970327435
ENSG00000140614	31.327427519212904	43.45515126617447	65.42342555586022	56.87941443547282	55.553351057497714	78.89182202899599	56.6720862113213	51.011283695953544
ENSG00000148945	2.0634832497685145	3.2189000937907015	3.3079260112513587	3.818759273052945	2.583876793371987	4.269918202600299	3.601236247542156	3.000663746820797
ENSG00000168242	1897.8418216280058	3590.8842358793895	1358.454948620558	2401.3966207598205	1751.130215393815	1778.929254978572	895.1915156390319	1938.0286919466587
ENSG00000148061	11.067773794212941	16.698044236539264	19.112461398341186	12.863189130283605	17.34888704121191	13.013084046019957	37.1495949746454	8.201814241310178
ENSG00000170375	147.63284705162008	78.25950853028642	169.9906422448615	36.37870675908332	101.32488282580148	105.12131955925499	115.42909867121965	87.61938140716727
ENSG00000236996	7.128396681018505	11.467331584129374	3.4916996785431014	14.270100441408376	8.674443520605955	11.183119102048401	12.888634991203507	6.401415993217699
ENSG00000214266	45.77181026759251	41.44333870755528	43.92190648272638	36.78068141940469	35.80514985101182	18.70630831615369	22.365572484735498	46.21022170104027
ENSG00000131550	0.5627681590277767	0.8047250234476754	0.3675473345834844	0.0	0.0	0.6099883146571856	0.0	0.2000442497880531
ENSG00000212853	2.6262514087962914	1.408268791033432	1.2864156710421952	1.6078986412854506	2.9530020495679854	1.6266355057524946	1.5163099989651185	1.800398248092478
ENSG00000189533	0.0	0.4023625117238377	0.5513210018752265	0.0	0.0	0.40665887643812365	0.37907749974127963	0.2000442497880531
ENSG00000213323	124.37176314513866	242.2222320577503	200.49707101529071	208.42386137662652	163.70705112292518	393.4424629538847	91.73675493738966	120.42663837240798
ENSG00000132130	0.7503575453703689	1.8106313027572696	2.389057674792648	1.4069113111247693	1.1073757685879944	2.2366238204096804	2.653542498188957	1.800398248092478
ENSG00000121131	1.1255363180555533	2.615356326204945	0.9188683364587108	0.8039493206427253	0.5536878842939972	1.6266355057524946	1.3267712490944785	1.6003539983044248
ENSG00000124531	174.833308071296	375.20304218247867	364.60695590681644	157.97604150629553	180.87137553603907	337.12020856720454	189.72828862051045	348.8771716303646
ENSG00000225337	8.816701158101836	8.650794002062511	10.10755170104582	9.245417187391341	11.812008198271942	14.233060675334329	12.509557491462227	7.601681491946018
ENSG00000217555	30.389480587499943	27.7630133089448	13.047930377713694	38.38858006069013	14.395884991643927	25.21285033916367	28.05173498085469	16.00353998304425
ENSG00000183383	207.473861294907	247.855307221884	228.798215778219	417.04871008341377	298.62233226256245	381.03936722252195	394.0510609810601	238.65278999714738
ENSG00000161225	86.85388587662021	96.36582155785912	89.68154963837017	110.94500624869609	60.90566727233969	77.2651865232435	72.02472495084314	53.21177044362213
ENSG00000189439	53.83815388032397	30.177188379287823	32.89548644522185	66.52680628318551	40.7883408096578	46.76577079038423	91.73675493738966	61.81367318450841
ENSG00000147418	89.6677266717591	89.32447760269196	87.84381296545276	78.78703342298708	125.31802447854137	198.8561905782425	64.44317495601753	174.0384973156062
ENSG00000239549	0.0	0.4023625117238377	0.1837736672917422	0.8039493206427253	0.9228131404899953	0.40665887643812365	1.1372324992238387	0.8001769991522124
ENSG00000228363	320.4026718731476	549.6271910147623	171.2770579159037	411.01909017859333	311.91084148561845	530.6898337517514	264.02747856980125	477.10553574450665
ENSG00000192629	271.25425265138836	541.1775782685618	406.3235783820419	307.9125898061638	331.4744800640063	383.0726616047125	829.6111081837904	374.28279135344735
ENSG00000134295	1508.969023739812	804.7250234476754	1238.4507438790504	1135.3774280776888	1214.237530256736	1072.7661160437704	1276.9225578785004	1164.057489516681
ENSG00000131359	0.0	1.005906279309594	0.1837736672917422	0.8039493206427253	0.0	0.40665887643812365	0.18953874987063982	0.0
ENSG00000244503	6.190449749305544	3.8224438613764575	8.637362362711881	4.019746603213626	10.335507173487947	5.083235955476547	2.2744649984476775	5.601238994065487
ENSG00000157697	7.878754226388875	10.059062793095942	20.39887706938338	6.632581895302484	4.429503074351977	10.776460225610277	6.633856245472393	8.801946990674336
ENSG00000123645	1903.657092604626	751.2108093884049	912.6200317707916	953.2829069521116	1306.7034069338333	504.2570067832734	2249.4458834647535	1432.1167842326722
ENSG00000213340	109.36461223773128	100.18826541923558	68.73135156711157	89.64034925166388	70.87204918963164	107.76460225610279	97.42291743350886	75.21663792030797
ENSG00000131911	1192.3181395935164	680.9985510925953	999.9125237343692	945.0424264155237	866.3369762920076	1342.1776216840274	1001.3332155665901	1295.2865173776438
ENSG00000203927	38.26823481388882	70.01107703994776	74.9796562550308	84.81665332780753	66.99623399957366	59.16886652174699	69.93979870226609	97.82163814635798
ENSG00000230845	12.193310112268495	9.053156513786348	9.37245703187885	11.657265149319517	6.275129355331968	7.1165303376671645	4.548929996895355	8.401858491098231
ENSG00000126323	0.9379469317129612	2.212993814481107	1.4701893383339375	3.0148099524102197	3.506689933861982	1.6266355057524946	2.2744649984476775	2.000442497880531
ENSG00000173914	33.9536789280092	11.869694095853212	19.112461398341186	10.65232849851611	26.02333056181787	13.013084046019957	22.176033734864856	4.400973495337168
ENSG00000188511	1073.1988792659702	456.07790703897	541.2134501741807	584.672143437422	923.9205162585833	175.67663462126944	1221.7667816661442	538.9192089290151
ENSG00000150978	5.4400922039351745	2.816537582066864	2.205284007500906	6.431594565141802	2.9530020495679854	8.336506966981535	4.738468746765995	4.801061994913275
ENSG00000209386	0.37517877268518446	0.20118125586191885	1.4701893383339375	0.8039493206427253	1.2919383966859934	0.6099883146571856	0.947693749353199	0.6001327493641594
ENSG00000121542	43.520737631481396	97.17054658130681	53.47813718189697	43.81523797502853	38.019901388187805	74.21524494995758	49.090536216495714	36.408053461425666
ENSG00000210365	625.23542467986	359.30972296938705	453.18586354143616	392.7292431339713	275.9211290065086	263.51495193190414	403.7175372244628	332.67358739753234
ENSG00000150751	2977.418740029624	5839.688313903918	4254.544171471122	6308.590319083465	3894.456015495878	2506.0353260499373	3437.095690154182	3012.0662690587155
ENSG00000219025	420.3878147937492	357.4990916666298	439.21906482726376	280.57831290431113	219.8140900647169	280.59462474230537	181.19904487633164	411.09093331444916
ENSG00000192648	222.2934228159718	171.80879250607867	197.0053713367476	192.94783695425406	134.1770306272453	152.09041978785828	225.93018984580266	206.64571003105885
ENSG00000157175	0.5627681590277767	1.005906279309594	1.8377366729174216	0.8039493206427253	0.1845626280979991	1.0166471910953094	1.705848748835758	1.0002212489402655
ENSG00000130708	12.380899498611088	22.934663168258748	11.02642003750453	9.446404517552022	16.241511272623917	17.892990563277444	23.313266234088694	13.803053235375664
ENSG00000170996	10.12982686249998	9.053156513786348	11.393967372088014	8.642455196909298	6.275129355331968	11.183119102048401	14.973561239780544	16.60367273240841
ENSG00000238414	86.66629649027762	28.16537582066864	40.43020680418328	53.462629822741235	105.38526064395747	50.019041801889216	79.0376586960568	30.20668171799602
ENSG00000240893	4.689734658564806	4.425987628962214	2.0215103402091636	2.6128352920888576	4.6140657024499765	4.473247640819361	6.254778745731113	7.201592992369912
ENSG00000224656	77.286827173148	125.93946616956119	285.4005053040756	126.42103067106856	157.9856096518872	73.80858607351945	115.239559921349	147.6326563435832
ENSG00000116169	416.26084829421217	563.9110601809584	269.9635172515692	379.46407934336634	486.13796241012955	380.83603778430285	460.7687009355254	280.46203820285047
ENSG00000117362	32.077785064583274	56.33075164133728	88.57890763461972	60.899161038686444	93.38868981758753	25.41617977738273	92.30537118700158	20.804601977957525
ENSG00000144816	16.320276611805525	22.934663168258748	10.475099035629304	28.74118821297743	11.996570826369938	13.623072360677144	10.803708742626469	10.80238948855487
ENSG00000128296	30.014301814814758	48.484682662722435	43.18681181355941	54.06559181322328	20.1173264626819	60.79550202749949	50.417307465590184	60.613407685780096
ENSG00000138577	49.89877676712953	74.03470215718613	64.13700988481801	92.85614653423477	38.019901388187805	60.18551371284231	38.286827473869245	80.41778841479736
ENSG00000117255	371.61457434467525	165.16981106263538	182.85479895528346	107.72920896612519	327.2295396177523	125.04760450472304	315.77155728448594	165.63663882450797
ENSG00000110341	7.315986067361097	5.029531396547971	8.269815028128399	6.230607234981122	1.6610636528819915	4.269918202600299	5.117546246507274	4.200929245549116
ENSG00000124730	1431.1194284076362	556.8697162257913	397.68621601933006	548.69541133866	922.8131404899954	485.7540279053388	1443.337580264922	671.7485907882824
ENSG00000218116	42.77038008611103	32.99372596135469	29.955107768553972	33.16290947651242	38.204464016285804	32.5327101150499	30.32619997930237	32.20712421587655
ENSG00000152711	16.507865998148116	14.686231677920075	17.458498392715505	24.520454279603126	25.285080049425872	18.50297887793463	17.05848748835758	28.606327719691595
ENSG00000125097	97.92165967083315	141.8327853826528	97.21626999733161	113.95981620110632	138.97565895779329	94.14152989542563	96.28568493428502	162.43593082789914
ENSG00000202470	6.002860362962951	5.834256419995646	5.88075735333575	5.627645244499077	6.275129355331968	14.233060675334329	11.751402491979668	6.801504492793806
ENSG00000111165	93.98228255763871	185.08675539296533	82.69815028128397	150.53951029035034	177.73381085837312	143.75391282087674	141.20636865362664	129.42862961287037
ENSG00000144782	1519.2864399886546	2146.6040000466737	2032.72053391396	2046.2520083658967	1880.6931803186105	2086.3633655657936	3191.2639315719625	2141.6737382308966
ENSG00000155864	109.36461223773128	53.31303280340849	49.067569166895154	72.1544515276846	90.25112513992154	66.69205573585228	74.48872869916144	41.20911545633894
ENSG00000182197	27.57563979236106	41.84570121927912	27.566050093761326	41.604377343261035	50.016472214557744	35.989310564773945	39.992676222705	53.811903192986286
ENSG00000168670	4.689734658564806	9.857881537234023	8.821136030003624	13.66713845092633	15.503260760231923	10.573130787391216	8.718782494049432	12.602787736647347
ENSG00000210785	631.8010532018507	543.9941158506285	565.4715742566906	506.2870846747563	713.3345575987663	526.2165861109321	584.1584271013119	777.7720431759504
ENSG00000100618	388.49761911550854	328.3278095666516	403.9345207072493	165.8145473825621	167.95199156917914	347.0833510399386	333.77773852219667	177.23920531221506
ENSG00000130107	1.1255363180555533	1.8106313027572696	1.8377366729174216	2.411847961928176	0.0	1.2199766293143712	1.705848748835758	1.800398248092478
ENSG00000229513	251.55736708541622	134.7914414274856	290.7299416555361	161.5938134491878	132.88509223055934	237.6921132780833	143.67037240194495	372.882481604931
ENSG00000115568	6.190449749305544	10.863787816543617	7.167173024377944	5.225670584177715	10.520069801585946	12.403095731362773	6.444317495601753	12.802831986435399
ENSG00000105119	5.4400922039351745	4.023625117238376	3.4916996785431014	4.622708593695671	3.322127305763983	1.6266355057524946	2.2744649984476775	6.001327493641594
ENSG00000151307	20.447243111342555	16.094500468953505	32.527939110638364	14.471087771569056	15.503260760231923	22.16290876587774	30.32619997930237	13.603008985587612
ENSG00000148240	4.689734658564806	10.46142530481978	4.778115349585296	5.627645244499077	3.8758151900579807	4.269918202600299	5.496623746248555	7.201592992369912
ENSG00000117429	296.95399858032357	200.17534958260924	242.21369349051616	614.4182683012028	190.65319482523304	282.8312485627151	330.1765022746545	104.62314263915178
ENSG00000157626	1.5007150907407378	3.8224438613764575	2.0215103402091636	1.205923980964088	1.8456262809799906	2.4399532586287425	2.084926248577038	1.6003539983044248
ENSG00000136441	1.5007150907407378	1.005906279309594	1.4701893383339375	3.0148099524102197	1.8456262809799906	1.4233060675334328	0.5686162496119194	2.000442497880531
ENSG00000247827	5.252502817592583	2.414175070343026	2.5728313420843905	3.0148099524102197	1.8456262809799906	4.066588764381238	2.653542498188957	4.400973495337168
ENSG00000126189	31.327427519212904	14.08268791033432	20.582650736675124	22.108606317674948	23.993141652739876	14.843048989991516	19.5224912366759	20.00442497880531
ENSG00000136900	142.00516546134233	63.57327685236636	63.2181415483593	82.40480536587935	116.0898930736414	126.67424001047554	98.18107243299143	58.212876688323455
ENSG00000161691	2.2510726361111066	5.4318939082718085	0.9188683364587108	1.808885971446132	4.060377818155979	2.8466121350668656	2.4640037483183175	1.4003097485163718
ENSG00000208812	6.753217908333321	12.272056607577051	2.940378676667875	8.441467866748617	8.305318264409959	9.75981303451497	5.875701245989834	5.401194744277435
ENSG00000103413	0.7503575453703689	0.8047250234476754	1.4701893383339375	0.8039493206427253	2.0301889090779897	1.8299649439715566	0.5686162496119194	1.0002212489402655
ENSG00000146389	22.69831574745366	28.16537582066864	9.004909697295366	23.113542968478352	28.607207355189853	24.19620314806836	24.829576233053814	26.605885221811064
ENSG00000208892	4.502145272222213	4.627168884824133	3.4916996785431014	2.009873301606813	4.060377818155979	4.269918202600299	2.2744649984476775	1.2002654987283188
ENSG00000203668	1242.2169163606457	2321.8328739024055	2102.9220748194057	1435.8534866679076	1719.3854433609592	2738.847532810763	3013.2870454434315	1466.1243066966413
ENSG00000206893	1036.6189489291648	999.8708416337366	1216.5816774713333	1062.4190272293615	582.6642169053831	1334.4511030317028	868.4665519072715	1309.889747612172
ENSG00000110907	9.19187993078702	3.4200813496526203	9.923778033754077	3.215797282570901	6.090566727233969	5.083235955476547	6.444317495601753	4.400973495337168
ENSG00000246596	40.51930744999992	71.41934583098119	50.353984837937354	21.505644327192904	16.05694864452592	16.876343372182134	35.254207475939005	47.21044294998054
ENSG00000114674	50.08636615347213	77.25360225097683	61.0128575408584	63.91397099109666	57.39897733847771	52.05233618407983	77.71088744696233	107.42376213618454
ENSG00000181484	6.378039135648136	10.46142530481978	9.740004366462335	5.225670584177715	7.382505123919962	12.809754607800897	8.718782494049432	9.402079740038497
ENSG00000122971	10.317416248842573	20.72166935377764	12.68038304313021	17.284910393818596	10.15094454538995	12.403095731362773	10.614169992755828	9.402079740038497
ENSG00000224098	111.0529167148146	111.65559700336496	101.25929067774993	87.02751395957502	71.61029970202364	119.15105079637024	104.2463124288519	92.22039915229249
ENSG00000197320	10.505005635185166	13.076781631024726	20.031329734799897	11.858252479480198	14.211322363545928	24.806191462725547	32.97974247749132	28.406283469903542
ENSG00000100130	17.258223543518486	23.337025679982585	12.312835708546725	13.466151120765648	16.979761785015913	8.133177528762475	14.784022489909903	14.003097485163718
ENSG00000107463	53.275385721296196	30.57955089101166	43.73813281543463	30.34908685426288	55.92247631369372	34.362675059021456	60.4628612087341	27.206017971175225
ENSG00000121340	243.49102347268473	204.40015595570955	335.57071647472117	212.84558264016155	321.3235355186164	368.229612614721	271.98810606436814	374.8829241028115
ENSG00000146575	22.135547588425883	14.887412933781995	10.291325368337562	16.279973743015187	9.96638191729195	18.90963775437275	9.28739874366135	15.803495733256197
ENSG00000226622	33.01573199629623	66.99335820201898	43.73813281543463	28.54020088281675	63.12041880951568	34.972663373678635	70.8874924516193	75.21663792030797
ENSG00000172096	27.76322917870365	34.2008134965262	46.862285159394254	30.55007418442356	40.97290343775579	45.749123599288914	25.587731232536374	54.21199169256239
ENSG00000119148	121.37033296365719	117.4898534233606	123.67967808734248	115.16574018207041	108.33826269352545	114.47447371733182	125.66419116423418	85.41889465949868
ENSG00000177660	24.1990308381944	34.40199475238812	18.928687731049443	10.853315828676791	18.271700181701906	18.70630831615369	19.5224912366759	21.004646227745578
ENSG00000221653	32.64055322361105	6.236618931719484	19.847556067508155	4.421721263534989	19.379075950289902	17.689661125058382	20.28064623615846	7.201592992369912
ENSG00000222752	25.699745928935137	3.8224438613764575	21.869066407717316	8.642455196909298	14.026759735447929	7.7265186523243505	7.012933745213672	5.80128324385354
ENSG00000219690	81.78897244537022	45.46696382479366	63.76946255023453	84.81665332780753	92.28131404899953	32.12605123861177	90.9785999379071	36.608097711213716
ENSG00000223440	51.58708124421287	36.21262605514539	67.81248323065286	45.42313661631398	54.26141266081172	41.275875958469555	98.18107243299143	28.406283469903542
ENSG00000223426	33.01573199629623	26.757107029635208	43.55435914814289	8.843442527069978	32.85214780144383	10.166471910953094	20.849262485770378	15.003318734103983
ENSG00000239491	35.26680463240734	45.66814508065558	36.38718612376495	33.76587146699447	54.99966317320372	37.8192755087455	45.48929996895355	47.21044294998054
ENSG00000166688	2294.9685525152736	3464.5424071981042	3598.839726574187	2854.4220629419965	4355.49346048468	3583.071360296308	1939.1709499265157	2435.1386526699703
ENSG00000130883	126.99801455393495	90.7327463937254	98.5026856683738	79.99295740395117	54.44597528890972	109.18790832363622	198.25753236468924	197.44367454080844
ENSG00000139982	0.18758938634259223	1.005906279309594	0.0	0.8039493206427253	0.7382505123919963	0.6099883146571856	0.37907749974127963	0.8001769991522124
ENSG00000238091	322.6537445092587	461.71098220310375	232.84123645863733	257.86674459615415	301.02164642783646	557.7326490348867	329.418347275172	388.2858888386111
ENSG00000158292	59.09065669791656	15.28977544550583	43.73813281543463	55.87447778466941	35.06689933861983	42.69918202600299	29.188967480078528	28.606327719691595
ENSG00000208609	4.314555885879622	0.8047250234476754	5.88075735333575	4.421721263534989	3.322127305763983	6.506542023009978	4.928007496636635	4.601017745125222
ENSG00000202073	300.1430181481476	399.54597414177084	439.21906482726376	619.4429515552198	478.7554572862096	304.7908278903737	253.79238607678673	317.6702686634284
ENSG00000178634	52.71261756226842	20.319306842053802	46.127190490227285	14.270100441408376	45.402406512107774	21.95957932765868	57.24070246093322	30.806814467360184
ENSG00000104294	247.05522181319398	265.7604389935948	229.3495367800942	263.49438984065324	257.0957409405127	138.26401798896205	529.7608058884382	164.43637332577967
ENSG00000183035	12.756078271296271	10.662606560681699	8.086041360836655	7.838505876266572	12.919383966859934	8.336506966981535	7.7710887446962325	5.201150494489381
ENSG00000208787	187.96456511527742	154.10484199022983	389.4164009912016	292.637552713952	396.809650410698	232.4055478843877	127.37003991306995	156.03451483468143
ENSG00000194911	18.196170475231447	16.295681724815427	12.68038304313021	13.466151120765648	9.781819289193951	21.552920451220555	14.973561239780544	9.402079740038497
ENSG00000115118	241.8027189956014	220.49465642466305	243.1325618269749	267.51413644386685	239.1931660150068	183.19982383537473	200.72153611300757	113.02500113025
ENSG00000219926	163.95312366342563	170.19934245918336	91.15173897670411	95.87095648664499	163.52248849482717	109.18790832363622	121.49433866708011	179.03960356030754
ENSG00000174024	2.6262514087962914	6.035437675857565	2.205284007500906	1.808885971446132	2.768439421469986	3.0499415732859276	4.359391247024716	1.6003539983044248
ENSG00000207899	108.98943346504609	81.67958987993904	131.2143984463039	57.48237642595486	96.52625449525351	80.31512809652943	97.42291743350886	42.60942520485531
ENSG00000110732	70.90878803749987	77.65596476270068	61.0128575408584	65.32088230222142	81.94580687551158	72.9952683206432	74.2991899492908	121.82694812092436
ENSG00000227746	20.25965372499996	21.526394377225316	46.127190490227285	15.476024422372461	45.95609439640177	32.12605123861177	65.769946205112	15.803495733256197
ENSG00000192895	0.7503575453703689	0.8047250234476754	1.2864156710421952	0.20098733016068132	1.4765010247839927	0.8133177528762473	1.705848748835758	0.8001769991522124
ENSG00000193185	52.149849403240644	49.088226430308204	47.59737982856122	53.26164249258055	44.295030743519774	62.82879640969011	67.09671745420648	41.8092482057031
ENSG00000144408	11.255363180555534	11.064969072405537	11.210193704796271	8.441467866748617	13.473071851153932	12.606425169581835	21.796956235123577	16.403628482620356
ENSG00000181268	181.58652597962927	408.3979493996953	248.4619981784354	342.482410593801	284.59557252711454	214.9192161975484	403.52799847459215	247.65478123760974
ENSG00000140438	1.5007150907407378	5.4318939082718085	0.9188683364587108	5.024683254017033	3.506689933861982	4.066588764381238	3.790774997412796	3.600796496184956
ENSG00000119492	142.38034423402752	283.0620269977198	214.64764339675483	247.01342876747734	194.34444738719301	110.61121439116964	116.1872536707022	240.05309974566373
ENSG00000101972	32.64055322361105	35.810263543421556	25.912087088135646	52.05571851161646	23.43945376844588	57.74556045421357	38.286827473869245	44.40982345294779
ENSG00000209439	2940.4636309201333	4312.923763167816	3362.139243102423	3468.237369252717	6734.32117403979	8299.094350349229	5579.073102442282	5079.723634868033
ENSG00000232923	2.8138407951388835	4.828350140686052	2.940378676667875	3.4167846127315826	4.244940446253978	2.033294382190619	7.581549994825592	5.201150494489381
ENSG00000244192	120.05720725925903	106.8272468626789	175.32007859632202	178.87872384300638	195.636385783879	289.33779058572503	251.13884357859774	248.45495823676197
ENSG00000227816	15.382329680092564	10.662606560681699	6.064531020627491	3.818759273052945	7.013379867723964	5.896553708352793	13.646789990686065	11.402522237919028
ENSG00000245474	6.378039135648136	2.414175070343026	2.389057674792648	1.6078986412854506	2.2147515371759887	1.2199766293143712	3.2221587478008766	4.200929245549116
ENSG00000122170	285.8862247861106	456.07790703897	302.8590036967911	258.0677319263148	220.55234057710888	189.70636585838471	166.6045611362924	311.4688969199987
ENSG00000162385	87.416654035648	87.31266504407279	51.64040050897955	89.84133658182455	91.91218879280353	119.55770967280837	92.68444868674287	53.21177044362213
ENSG00000150742	174.45812929861077	156.11665454884903	92.25438098045457	148.93161164906485	161.30773695765117	254.3651272120464	223.65572484735497	263.65832122065405
ENSG00000216382	1.1255363180555533	1.207087535171513	1.102642003750453	0.20098733016068132	1.2919383966859934	1.8299649439715566	1.3267712490944785	0.2000442497880531
ENSG00000142827	3.5641983405092525	2.414175070343026	1.6539630056256793	5.828632574659759	1.6610636528819915	1.6266355057524946	0.947693749353199	2.200486747668584
ENSG00000123396	46.70975719930547	124.33001612266584	147.3864811679772	71.95346419752391	150.97222978416323	72.79193888242415	77.90042619683297	81.21796541394957
ENSG00000167149	5.4400922039351745	9.254337769648266	2.389057674792648	5.627645244499077	4.429503074351977	2.033294382190619	7.012933745213672	9.202035490250443
ENSG00000193166	424.8899600659715	489.6751767679105	391.25413766411907	474.12911184904726	349.56161761761024	460.337848127956	452.99761219082916	393.68708358288853
ENSG00000234534	530.877963349536	817.1982613111144	760.4554352532291	851.5833178908068	1129.7078465878524	1281.3821196565277	717.214629510501	810.5793001411913
ENSG00000223950	29.639123042129572	17.50276925998694	33.079260112513595	17.88787238430064	19.9327638345839	23.382885395192115	23.881882483700615	15.603451483468143
ENSG00000234949	22.885905133796253	31.183094658597422	27.93359742834481	27.13328957169198	37.466213503893805	24.806191462725547	41.12990872192884	37.40827471036593
ENSG00000191437	36.57993033680549	18.508675539296533	34.549449450847526	25.72637826056721	27.31526895850386	19.51962606902994	11.182786242367749	39.20867295845841
ENSG00000218737	7.315986067361097	17.50276925998694	12.864156710421952	8.039493206427252	14.580447619741927	18.70630831615369	15.352638739521824	15.603451483468143
ENSG00000145532	29.076354883101796	35.40790103169771	31.60907077417965	40.59944069245763	48.17084593357776	38.63259326162175	19.71202998654654	18.404070980500887
ENSG00000108327	9.754648089814797	15.49095670136775	21.13397173855035	8.843442527069978	28.791769983287853	27.246144721354288	20.470184986029096	16.203584232832302
ENSG00000187434	66.21905337893506	78.66187104201028	53.84568451648045	62.50705967997189	86.00618469366756	80.92511641118661	36.01236247542157	45.61008895167611
ENSG00000105844	10.505005635185166	11.064969072405537	17.090951058132024	16.078986412854505	27.31526895850386	23.789544271630234	10.803708742626469	15.203362983892037
ENSG00000156114	10.880184407870349	4.627168884824133	11.7615147066715	7.034556555623847	10.520069801585946	16.67301393396307	7.202472495084312	10.402300988978762
ENSG00000187603	17.445812929861077	17.905131771710778	24.258124082509966	7.63751854610589	16.610636528819917	13.623072360677144	8.718782494049432	19.004203729865047
ENSG00000210769	7.878754226388875	7.644887722752915	7.718494026253171	8.843442527069978	13.473071851153932	9.963142472734031	7.012933745213672	6.401415993217699
ENSG00000249422	39.581360518286964	26.958288285497122	64.68833088669324	37.38364340988673	28.607207355189853	21.349591013001493	55.534853712097465	28.406283469903542
ENSG00000162903	61.529318720370256	107.43079063026467	60.09398920439969	66.92878094350688	39.680965041069804	61.405490342156675	85.86105369139983	86.21907165865089
ENSG00000173235	738.351824644443	1710.241856082172	2008.46240983145	1102.0135312710156	1129.5232839597543	1280.3654724654325	1581.8904064203598	2116.468162757602
ENSG00000227654	0.9379469317129612	0.6035437675857565	1.6539630056256793	0.602961990482044	0.7382505123919963	1.0166471910953094	2.084926248577038	2.000442497880531
ENSG00000240614	1.3131257043981457	2.011812558619188	3.124152343959617	2.009873301606813	2.3993141652739878	1.0166471910953094	0.947693749353199	1.2002654987283188
ENSG00000122101	14.819561521064786	33.19490721721661	37.30605446022366	17.88787238430064	30.637396264267842	26.22949753025898	31.46343247852621	23.60522147499027
ENSG00000210537	45.77181026759251	20.92285060963956	44.840774819185086	27.53526423201334	90.06656251182353	33.956016182583326	68.04441120355969	43.00951370443142
ENSG00000187056	30.764659360185128	30.57955089101166	17.82604572729899	22.309593647835626	20.855576975073895	35.379322250116765	28.62035123046661	17.203805481772566
ENSG00000221181	1154.8002623249977	1501.2145312416385	1988.0635327620666	1564.2843906405828	672.1770915329125	1384.266815395373	843.6369756742178	1640.5628925118237
ENSG00000105950	1.1255363180555533	0.4023625117238377	0.9188683364587108	0.40197466032136264	0.5536878842939972	0.40665887643812365	0.5686162496119194	1.0002212489402655
ENSG00000199234	34.141268314351784	12.07087535171513	25.176992418968677	29.143162873298795	18.271700181701906	11.793107416705586	21.607417485252938	30.006637468207966
ENSG00000170409	3.0014301814814757	1.6094500468953508	1.6539630056256793	2.2108606317674946	1.6610636528819915	2.8466121350668656	1.3267712490944785	2.000442497880531
ENSG00000197031	15.007150907407379	8.047250234476753	10.475099035629304	6.833569225463165	20.855576975073895	17.283002248620257	13.836328740556706	10.402300988978762
ENSG00000215576	46.14698904027769	113.86859081784607	51.45662684168781	52.85966783225919	138.2374084454013	72.18195056776696	50.985923715202105	127.62823136477789
ENSG00000164811	3.9393771131944373	3.2189000937907015	1.6539630056256793	2.6128352920888576	1.1073757685879944	0.8133177528762473	1.3267712490944785	2.000442497880531
ENSG00000249744	179.71063211620339	176.83832390262666	208.21556504154387	300.2750712600579	182.34787656082307	199.2628494546806	235.21758858946401	205.44544453233055
ENSG00000213229	6.378039135648136	4.627168884824133	5.513210018752265	6.833569225463165	6.459691983429967	5.48989483191467	5.496623746248555	1.800398248092478
ENSG00000165279	2.2510726361111066	2.011812558619188	2.5728313420843905	3.818759273052945	2.768439421469986	2.2366238204096804	3.2221587478008766	3.800840745973009
ENSG00000238968	0.37517877268518446	0.20118125586191885	0.5513210018752265	0.40197466032136264	0.5536878842939972	1.4233060675334328	0.5686162496119194	1.2002654987283188
ENSG00000210811	8.816701158101836	11.266150328267456	3.4916996785431014	2.8138226222495386	2.768439421469986	5.286565393695608	6.823394995343032	9.802168239614602
ENSG00000170670	8.816701158101836	5.834256419995646	6.983399357086203	7.838505876266572	4.6140657024499765	8.539836405200598	2.084926248577038	5.601238994065487
ENSG00000196903	181.58652597962927	225.52418782121103	165.5800742298597	145.5148270363333	116.8281435860334	142.12727731512425	162.62424738900896	265.8588079683226
ENSG00000136205	1.3131257043981457	1.408268791033432	1.2864156710421952	1.205923980964088	0.7382505123919963	0.8133177528762473	0.18953874987063982	1.0002212489402655
ENSG00000110075	46.52216781296288	44.46105754548407	46.310964157519024	43.21227598454649	45.77153176830377	25.619509215601795	50.60684621546083	23.005088725626106
ENSG00000199002	234.2991435418977	101.3953529544071	162.0883745513166	115.3667275122311	119.78114563560139	148.83714877635327	199.0156873641718	91.02013365356417
ENSG00000158345	21.947958202083292	14.686231677920075	5.88075735333575	10.853315828676791	17.164324413113913	8.133177528762475	10.803708742626469	15.003318734103983
ENSG00000111438	105.42523512453684	190.51864930123713	97.40004366462334	208.02188671630518	82.49949475980557	75.23189214105288	80.74350744489256	51.41137219552965
ENSG00000192371	6.753217908333321	7.443706466890998	5.329436351460523	5.225670584177715	4.060377818155979	5.083235955476547	8.718782494049432	6.401415993217699
ENSG00000199063	80.85102551365726	61.56146429374717	63.95323621752627	41.00141535277899	78.25455431355161	54.492289442708575	58.94655120976898	80.6178326645854
ENSG00000125989	14.819561521064786	11.467331584129374	35.83586512188972	13.265163790604968	30.26827100807185	16.46968449574401	31.08435497878493	12.002654987283188
ENSG00000236278	2145.8349903729127	2073.1728416570736	1612.7977041523293	2673.533465797383	2437.1495040340774	1565.8400037249953	1056.4889917789462	2311.311262051166
ENSG00000104605	12.193310112268495	22.73348191239683	18.56114039646596	10.65232849851611	11.442882942075942	11.386448540267462	12.509557491462227	8.201814241310178
ENSG00000100896	14.819561521064786	13.680325398610481	18.009819394590732	14.270100441408376	18.271700181701906	24.39953258628742	30.89481622891429	18.204026730712833
ENSG00000182304	93.98228255763871	47.47877638341285	56.969836860440076	45.82511127663534	75.30155226398362	52.05233618407983	56.861624961191936	88.01946990674337
ENSG00000146751	15.382329680092564	10.059062793095942	7.718494026253171	8.039493206427252	14.580447619741927	5.286565393695608	9.09785999379071	5.201150494489381
ENSG00000114002	42.95796947245363	15.69213795722967	6.615852022502717	13.868125781087011	21.59382748746589	13.21641348423902	15.542177489392465	26.40584097202301
ENSG00000100058	95.67058703472205	93.75046523165418	118.71778907046544	41.80536467342172	61.643917784731684	49.81571236367015	154.66361989444206	52.61163769425797
ENSG00000107096	122.12069050902757	90.33038388200156	109.71287937317008	204.60510210357359	154.66348234612323	237.89544271630237	108.79524242574725	172.43814331730178
ENSG00000210764	16.8830447708333	6.236618931719484	15.988309054381567	7.235543885784528	9.597256661095951	8.946495281638722	6.254778745731113	12.20269923707124
ENSG00000203631	17.820991702546262	19.91694433032997	20.21510340209164	28.942175543138113	21.224702231269895	47.78241798147954	15.352638739521824	25.405619723082744
ENSG00000144620	15.194740293749971	16.899225492401182	22.2366137423008	17.284910393818596	13.84219710734993	17.689661125058382	18.5747974873227	20.60455772816947
ENSG00000143365	247.05522181319398	92.34219644062074	203.62122335925034	114.160803531267	294.7465170725045	148.43048989991516	157.5067011425017	99.8220806442385
ENSG00000183819	122.12069050902757	119.30048472611787	48.14870083043645	102.70452571210816	111.29126474309344	158.39363237264917	110.69062992445365	142.43150584909384
ENSG00000130395	90.04290544444427	72.02288959856693	68.18003056523634	46.026098606796026	58.875478363261706	47.37575910504141	74.67826744903208	101.62247889233097
ENSG00000128405	58.90306731157396	37.82207610204075	37.12228079293192	40.59944069245763	33.40583568573783	41.07254652025049	55.15577621235618	67.61495642836196
ENSG00000218546	827.4567831571744	834.4998493152394	736.0135375034274	1279.8873184632187	711.4889313177864	1442.8256936024627	1388.7504203021779	1130.4500555522882
ENSG00000176484	5.81527097662036	8.851975257924428	4.594341682293554	7.63751854610589	4.060377818155979	4.066588764381238	7.581549994825592	2.200486747668584
ENSG00000122161	807.1971294321745	959.8357717172148	1058.1687762658514	467.0945552934234	584.325280558265	388.7658858748463	768.3900919755737	581.7286783836585
ENSG00000157675	124.37176314513866	66.59099569029513	56.05096852398136	67.9337175943103	97.0799423795475	46.96910022860329	106.52077742729956	98.02168239614602
ENSG00000209127	2.6262514087962914	1.6094500468953508	2.940378676667875	0.8039493206427253	1.8456262809799906	1.6266355057524946	1.705848748835758	1.4003097485163718
ENSG00000139909	41.457254381712886	52.307126524098905	50.353984837937354	30.55007418442356	49.46278433026375	36.80262831765019	127.55957866294058	44.60986770273585
ENSG00000163709	1.5007150907407378	2.212993814481107	1.102642003750453	0.8039493206427253	1.6610636528819915	2.033294382190619	0.7581549994825593	2.6005752472446906
ENSG00000122920	29.076354883101796	25.147656982739857	29.220013099387003	19.495771025586087	15.318698132133921	19.51962606902994	18.19571998758142	26.20579672223496
ENSG00000206821	0.0	0.8047250234476754	0.9188683364587108	0.602961990482044	0.7382505123919963	0.40665887643812365	0.18953874987063982	0.6001327493641594
ENSG00000205035	109.73979101041645	96.16464030199721	177.15781526923945	152.9513582522785	101.50944545389949	57.74556045421357	144.99714365103944	98.02168239614602
ENSG00000235276	5.81527097662036	5.633075164133728	2.7566050093761323	6.833569225463165	9.228131404899953	6.506542023009978	6.633856245472393	9.001991240462392
ENSG00000194935	591.8445139108785	926.4396832441362	346.413362844934	651.1989497206075	1100.1778260921724	692.7433960123437	1242.6160441519146	214.84752427236907
ENSG00000152039	6.9408072946759125	12.07087535171513	5.513210018752265	6.230607234981122	5.721441471037971	7.1165303376671645	8.150166244437512	10.202256739190709
ENSG00000193767	20.447243111342555	40.03506991652185	19.48000873292467	24.922428939924487	18.456262809799906	20.536273260125245	28.241273730725332	48.81079694828496
ENSG00000162783	2.4386620224536992	2.615356326204945	2.0215103402091636	2.411847961928176	2.3993141652739878	0.6099883146571856	1.3267712490944785	3.2007079966088496
ENSG00000248795	21.197600656712922	14.283869166196236	17.274724725423763	19.69675835574677	22.332077999857887	19.316296630810875	30.136661229431727	31.807035716300444
ENSG00000160234	30.95224874652772	28.16537582066864	20.766424403966866	27.33427690185266	32.298459917149835	44.732476408193605	21.607417485252938	48.6107526984969
ENSG00000135578	56.08922651643508	105.62015932750738	53.29436351460522	81.19888138491525	229.22678409771484	90.48160000748251	177.78734737866012	107.42376213618454
ENSG00000232004	3695.5109109490672	4703.416580795801	3719.027704982986	4226.763553279129	5330.3532620983115	3453.1438492743277	5075.468644035993	4534.002921446224
ENSG00000134379	441.7730048368047	574.1713042299164	1038.1374465310514	505.88511001443493	954.9270377790472	600.2285016226706	699.7770645224022	695.3538122632726
ENSG00000157980	81.41379367268503	141.22924161506702	115.59363672650582	141.89705509344103	118.3046446108174	124.03095731362772	111.63832367380685	202.04469228593365
ENSG00000213228	7.315986067361097	14.485050422058157	23.706803080634742	21.10366966687154	9.228131404899953	10.369801349172155	32.03204872813813	16.203584232832302
ENSG00000111457	6.378039135648136	16.094500468953505	15.620761719798082	24.319466949442443	12.550258710663936	11.793107416705586	14.025867490427345	14.603230234527878
ENSG00000240666	17.445812929861077	8.650794002062511	17.458498392715505	26.530327581209935	19.194513322191902	29.279439103544906	16.868948738486942	8.001769991522124
ENSG00000131264	5.4400922039351745	2.816537582066864	4.778115349585296	3.818759273052945	4.6140657024499765	8.539836405200598	4.169852497154076	5.80128324385354
ENSG00000156259	146.50731073356454	173.82060506469787	79.39022427003262	120.19042343608743	92.65043930519553	87.63498787241566	78.46904244644487	100.62225764339071
ENSG00000184307	23.823852065509215	27.159469541359044	24.809445084385192	15.877999082693824	27.49983158660186	14.843048989991516	18.76433623719334	28.606327719691595
ENSG00000206695	90.23049483078687	91.53747141717307	48.883795499603416	96.67490580728771	38.389026644383804	133.99409978636174	75.62596119838528	74.21641667136771
ENSG00000160452	50.6491343124999	18.70985679515845	42.635490811684186	11.858252479480198	29.71458312377785	15.453037304648701	31.652971228396847	12.20269923707124
ENSG00000205659	86.47870710393502	65.58508941098555	46.862285159394254	86.22356463893229	93.57325244568553	47.172429666822346	65.769946205112	67.01482367899779
ENSG00000218149	567.8330724590268	994.6401289813267	1235.3265915350908	611.0014836884712	1590.9298542047518	690.303442753715	836.0554256793922	1102.2438163321726
ENSG00000110380	73.72262883263875	51.301220244789306	164.661205893401	53.663617152901914	66.81167137147565	105.5279784356931	45.29976121908291	40.608982706974786
ENSG00000186180	151.75981355115712	193.73754939502786	151.6132755156873	133.85756188701376	184.19350284180305	253.55180945917013	283.1708923067358	259.25734772531683
ENSG00000161201	2.8138407951388835	6.638981443443321	5.329436351460523	5.627645244499077	5.536878842939972	7.1165303376671645	5.307084996377914	3.000663746820797
ENSG00000155034	18.008581088888853	20.520488097915724	29.77133410126223	23.314530298639035	23.43945376844588	29.076109665325845	13.646789990686065	19.40429222944115
ENSG00000177459	21.01001127037033	17.301588004125023	35.284544120014495	7.63751854610589	29.160895239483853	15.24970786642964	19.143413736934622	7.801725741734072
ENSG00000143349	133.7512324622683	78.25950853028642	83.06569761586746	65.11989497206075	91.17393828041153	67.70870292694761	89.08321243920071	73.8163281717916
ENSG00000195053	62.842444424768395	93.34810271993034	47.78115349585297	69.54161623559574	79.1773674540416	63.64211416256636	53.070849963779146	50.61119519637744
ENSG00000175411	6.378039135648136	8.449612746200591	6.432078355210976	8.240480536587933	7.567067752017962	10.573130787391216	9.09785999379071	9.802168239614602
ENSG00000120384	54.58851142569434	95.15873402268761	51.45662684168781	89.43936192150319	56.66072682608571	47.9857474196986	67.09671745420648	47.41048719976859
ENSG00000120260	26.262514087962913	56.53193289719919	23.339255746051254	26.731314911370617	38.942714528677804	47.37575910504141	33.358819977232606	36.80814196100177
ENSG00000225005	2.2510726361111066	1.8106313027572696	0.1837736672917422	2.411847961928176	0.9228131404899953	1.0166471910953094	0.5686162496119194	1.0002212489402655
ENSG00000159540	19.509296179629594	26.555925773773286	36.38718612376495	23.515517628799714	50.201034842655744	18.50297887793463	24.640037483183175	8.401858491098231
ENSG00000122128	433.7066612240733	300.1624337459829	314.9880657380461	365.3949662321187	234.57910031255682	580.0988872389835	214.7474036034349	353.0781008759137
ENSG00000166866	3.7517877268518447	4.023625117238376	5.145662684168781	3.0148099524102197	6.828817239625965	7.5231892141052885	4.359391247024716	8.601902740886283
ENSG00000244431	184.96313493379594	205.20488097915722	331.7114694615946	477.7468837919395	130.30121543718732	525.4032683580558	203.94369486080842	221.64902876516285
ENSG00000185925	128.6863190310183	101.3953529544071	158.41290120548175	142.50001708392307	125.50258710663937	90.88825888392066	163.00332488875023	114.22526662897833
ENSG00000233456	51.21190247152769	16.698044236539264	43.92190648272638	54.26657914338396	48.72453381787175	20.73960269834431	81.69120119424575	50.21110669680134
ENSG00000172055	95.29540826203686	63.57327685236636	110.99929504421227	76.57617279121959	50.385597470753744	108.37459057075996	72.40380245058441	54.81212444192656
ENSG00000153235	4.689734658564806	6.437800187581403	8.637362362711881	3.617771942892264	8.489880892507957	5.286565393695608	7.581549994825592	5.80128324385354
ENSG00000150823	134.87676878032383	84.49612746200592	238.90576747926482	124.61214469962242	135.0998437677353	189.9096952966038	192.9504473683113	144.03185984739827
ENSG00000240287	1.3131257043981457	1.6094500468953508	1.102642003750453	2.009873301606813	2.2147515371759887	2.2366238204096804	0.7581549994825593	3.000663746820797
ENSG00000141320	1.8758938634259223	2.615356326204945	1.4701893383339375	4.823695923856352	2.0301889090779897	1.8299649439715566	2.843081248059597	3.2007079966088496
ENSG00000104424	65.4686958335647	74.43706466890998	137.09515579963966	77.3801221118623	90.62025039611754	141.11063012402892	86.05059244127047	85.21885040971063
ENSG00000219718	8.629111771759243	3.8224438613764575	5.696983686044007	3.215797282570901	7.013379867723964	2.033294382190619	2.843081248059597	2.8006194970327436
ENSG00000139837	2019.9625121370334	2781.733224802752	2576.8743627648087	2472.948110297023	1245.4286144052978	1778.319266663915	1124.1543254827648	1971.6361259110517
ENSG00000233226	52.71261756226842	88.72093383510621	92.98947564962154	101.90057639146544	96.34169186715552	43.715829217098296	63.11640370692306	82.81831941225398
ENSG00000102868	149.50874091504602	181.86785529917464	164.8449795606927	227.31667041173057	267.06212285780464	319.8372063185843	158.83347239159616	217.6481437694018
ENSG00000125375	171.26910973078674	208.42378107294792	188.55178264132746	198.97745685907452	105.93894852825147	230.77891237863523	233.89081734036952	224.64969251198366
ENSG00000159595	11.255363180555534	22.934663168258748	9.37245703187885	20.500707676389496	8.120755636311959	15.859696181086823	6.823394995343032	23.20513297541416
ENSG00000169993	33.9536789280092	38.02325735790266	33.44680744709708	15.476024422372461	28.238082098993857	30.296086294640215	39.23452122322244	41.20911545633894
ENSG00000215247	83.85245569513874	65.78627066684747	101.25929067774993	130.64176460444284	134.1770306272453	136.23072360677145	90.59952243816582	52.211549194681865
ENSG00000152759	28.51358672407402	50.09413270961779	27.566050093761326	50.849794530652375	32.667585173345834	31.719392362173647	40.56129247231692	36.408053461425666
ENSG00000193410	1295.6798914682847	1283.9387749107661	1174.6812813288159	446.39286028687326	1180.278006686704	1247.4261034739445	1036.2083455427878	977.2161602146394
ENSG00000189843	319.4647249414346	256.3049199680846	228.98198944551075	299.8730965997365	185.30087861039107	207.39602698344308	371.30641099658334	348.2770388810005
ENSG00000141690	38.26823481388882	38.4256198696265	55.86719485668962	45.82511127663534	73.27136335490562	31.922721800392715	46.43699371830675	76.61694766882434
ENSG00000122531	305.3955209657402	453.46255071276505	516.9553260916707	297.059273977487	632.8652517480388	626.8646580293678	652.3923770547422	251.05553348400667
ENSG00000164228	28.325997337731426	60.95792052616141	43.92190648272638	49.643870549688295	34.88233671052183	23.789544271630234	59.5151674593809	49.81101819722523
ENSG00000182549	218.91681386180514	53.916576570994245	160.61818521298267	138.8822451410308	181.97875130462708	125.04760450472304	91.9262936872603	126.22792161626153
ENSG00000229268	40.14412867731474	59.54965173512798	36.20341245647321	25.92736559072789	60.90566727233969	27.246144721354288	30.136661229431727	55.61230144107876
ENSG00000237114	26.82528224699069	14.485050422058157	22.05284007500906	22.71156830815699	19.009950694093902	19.112967192591814	23.313266234088694	18.404070980500887
ENSG00000123600	3.7517877268518447	11.668512839991292	7.534720358961429	2.411847961928176	6.090566727233969	4.879906517257485	2.843081248059597	8.201814241310178
ENSG00000160127	8.066343612731465	5.633075164133728	6.248304687919234	14.069113111247693	7.567067752017962	16.46968449574401	7.012933745213672	8.401858491098231
ENSG00000161322	29.076354883101796	25.147656982739857	27.74982376105307	30.952048844744922	59.6137288756537	40.665887643812376	40.37175372244628	30.406725967784073
ENSG00000197805	52.149849403240644	90.33038388200156	81.59550827753353	60.095211718043714	70.87204918963164	89.46495281638721	65.39086870537074	134.22969160778362
ENSG00000149968	0.37517877268518446	0.6035437675857565	0.1837736672917422	0.40197466032136264	0.0	0.6099883146571856	0.7581549994825593	0.4000884995761062
ENSG00000152814	13.506435816666642	21.325213121363397	13.047930377713694	18.892809035104044	11.996570826369938	19.926284945468062	7.581549994825592	12.402743486859293
ENSG00000169469	102.61139432939797	91.13510890544923	108.05891636754438	89.43936192150319	106.49263641254547	101.2580602330928	98.18107243299143	62.01371743429647
ENSG00000100192	12.005720725925903	12.272056607577051	17.458498392715505	36.579694089244	22.147515371759887	23.382885395192115	16.300332488875025	18.60411523028894
ENSG00000107607	3.0014301814814757	5.23071265240989	2.205284007500906	6.431594565141802	3.691252561959981	6.506542023009978	2.084926248577038	2.000442497880531
ENSG00000105268	2.6262514087962914	2.816537582066864	3.675473345834843	7.63751854610589	4.060377818155979	8.336506966981535	5.117546246507274	5.401194744277435
ENSG00000225986	1005.2915214099519	707.3532956105066	1130.391827511506	790.885144182281	1664.9394680720495	1248.8494095414778	789.0498157114736	646.1429268154116
ENSG00000154212	0.9379469317129612	2.011812558619188	0.7350946691669688	1.4069113111247693	2.0301889090779897	0.6099883146571856	0.18953874987063982	1.4003097485163718
ENSG00000238338	18.196170475231447	27.360650797220963	20.582650736675124	20.500707676389496	20.3018890907799	16.876343372182134	21.98649498499422	18.60411523028894
ENSG00000226983	114.24193628263868	155.71429203712518	141.50572381464147	207.01695006550176	237.1629771059288	172.2200341715454	202.4273848618433	145.23212534612657
ENSG00000108174	0.18758938634259223	0.4023625117238377	0.3675473345834844	0.0	0.5536878842939972	0.6099883146571856	0.37907749974127963	1.0002212489402655
ENSG00000128988	64.90592767453693	64.57918313167596	102.54570634879214	131.0437392647642	62.382168297123684	80.92511641118661	113.53371117251324	110.22438163321726
ENSG00000107393	2.2510726361111066	1.207087535171513	0.7350946691669688	1.0049366508034066	0.5536878842939972	0.8133177528762473	0.947693749353199	2.000442497880531
ENSG00000125183	184.02518800208298	243.63050084878373	427.82509745517575	250.8321880405303	446.64155999715774	266.7682229434091	227.44649984476774	257.25690522743633
ENSG00000167435	5389.4430696226755	8297.51971676898	8102.764764560204	6092.528939160733	2866.6267396181215	7418.677882860691	3510.6367251039906	6844.914094997813
ENSG00000159332	5.627681590277767	2.212993814481107	2.389057674792648	2.2108606317674946	2.3993141652739878	3.4566004497240512	2.653542498188957	1.800398248092478
ENSG00000140601	24.011441451851805	23.337025679982585	10.475099035629304	37.78561807020809	51.49297323934174	18.90963775437275	47.19514871778931	29.806593218419916
ENSG00000122805	59.09065669791656	153.9036607343679	51.08907950710432	49.04090855920625	74.74786437968962	60.18551371284231	53.070849963779146	44.60986770273585
ENSG00000230841	12.193310112268495	12.473237863438968	20.031329734799897	8.642455196909298	9.228131404899953	8.539836405200598	8.339704994308152	24.605442723930533
ENSG00000173901	200.9082327729163	139.41861031230977	76.81739292794823	74.36531215945209	114.9825173050534	104.5113312445978	216.2637136024	127.42818711498983
ENSG00000157106	8.629111771759243	9.656700281372103	8.821136030003624	7.43653121594521	4.060377818155979	6.099883146571855	6.065239995860474	9.001991240462392
ENSG00000131421	6.378039135648136	11.467331584129374	10.10755170104582	12.461214469962243	9.781819289193951	10.97978966382934	8.150166244437512	17.203805481772566
ENSG00000100600	6.378039135648136	6.840162699305241	5.513210018752265	4.823695923856352	6.459691983429967	2.643282696847804	10.99324749249711	3.600796496184956
ENSG00000206047	28.888765496759206	18.106313027572696	32.34416544334662	41.80536467342172	24.17770428083788	23.17955595697305	31.46343247852621	32.0070799660885
ENSG00000137386	150.63427723310156	46.47287010410325	203.4374496919586	130.64176460444284	124.02608608185538	97.19147146871157	191.24459861947554	138.83070935290888
ENSG00000116297	227.17074686087923	222.3052877274203	148.67289683901942	181.0895844747739	213.1698354531889	208.00601529810027	191.8132148690875	249.2551352359142
ENSG00000213131	20.07206433865737	30.57955089101166	24.993218751676935	17.284910393818596	31.92933466095384	22.772897080534925	22.934188734347416	16.403628482620356
ENSG00000247630	5.06491343124999	4.828350140686052	2.0215103402091636	3.617771942892264	2.2147515371759887	3.0499415732859276	4.548929996895355	3.2007079966088496
ENSG00000185441	10.317416248842573	16.496862980677346	11.945288373963242	11.255290488998154	26.577018446111865	13.21641348423902	13.267712490944787	23.405177225202216
ENSG00000216037	9.567058703472204	5.834256419995646	10.475099035629304	13.466151120765648	7.567067752017962	21.95957932765868	16.110793739004382	9.802168239614602
ENSG00000239064	12.943667657638864	13.076781631024726	16.355856388965055	12.059239809640879	11.442882942075942	26.636156406697104	10.803708742626469	15.203362983892037
ENSG00000173083	74.66057576435172	108.23551565371234	122.9445834181755	137.27434649974535	121.44220928848338	108.98457888541715	111.06970742419493	113.62513387961417
ENSG00000165665	15.194740293749971	41.44333870755528	23.523029413343	25.324403600245848	24.731392165131876	26.83948584491616	23.692343733829976	29.40650471884381
ENSG00000160276	35.82957279143512	24.544113215154102	35.83586512188972	35.37377010827991	35.06689933861983	50.42570067832734	21.796956235123577	30.606770217572127
ENSG00000132191	19.884474952314775	23.135844424120666	26.27963442271913	52.05571851161646	28.053519470895857	39.852569890936124	44.92068371934163	49.610973947437174
ENSG00000245792	46.70975719930547	29.97600712342591	58.25625253148227	17.686885054139957	42.63396709063779	27.246144721354288	47.38468746765995	26.20579672223496
ENSG00000102357	12.380899498611088	19.51458181860613	18.193593061882474	15.677011752533144	6.275129355331968	9.353154158076846	11.56186374210903	9.402079740038497
ENSG00000219732	114.99229382800904	167.5839861329784	94.45966498795548	181.8935337954166	167.76742894108114	127.8942166397899	123.01064866604523	120.22659412261993
ENSG00000248511	46.70975719930547	18.508675539296533	41.349075140641986	17.88787238430064	41.52659132204979	33.14269842970708	52.502233714167225	26.005752472446908
ENSG00000177679	9.19187993078702	25.550019494463694	17.82604572729899	33.564884136833776	22.516640627955884	36.59929887943113	11.372324992238388	25.00553122350664
ENSG00000124614	4.689734658564806	4.224806373100296	8.086041360836655	2.411847961928176	3.8758151900579807	4.473247640819361	5.875701245989834	2.6005752472446906
ENSG00000163731	5.81527097662036	9.656700281372103	7.902267693544912	7.034556555623847	11.812008198271942	4.473247640819361	8.718782494049432	6.401415993217699
ENSG00000134986	7.878754226388875	7.443706466890998	13.231704045005435	9.446404517552022	9.228131404899953	9.353154158076846	5.307084996377914	5.201150494489381
ENSG00000201123	206.91109313587924	110.44850946819345	237.0680308063474	120.79338542656947	163.70705112292518	166.12015102497352	85.6715149415292	71.61584142412302
ENSG00000166358	0.9379469317129612	1.8106313027572696	0.1837736672917422	1.6078986412854506	0.5536878842939972	1.2199766293143712	0.37907749974127963	0.8001769991522124
ENSG00000159519	175.77125500300895	84.294946206144	196.0865030002889	149.33358630938622	100.03294442911549	86.21168180488222	200.53199736313692	119.62646137325576
ENSG00000202544	71.47155619652764	24.745294471016017	66.89361489419416	42.60931399406444	71.24117444582764	31.109404047516463	56.861624961191936	33.80747821418098
ENSG00000133050	5.81527097662036	7.644887722752915	9.188683364587108	5.024683254017033	9.781819289193951	6.9132008994481025	7.581549994825592	7.801725741734072
ENSG00000143705	8.253932999074058	3.4200813496526203	7.350946691669686	8.039493206427252	8.674443520605955	3.8632593261621753	6.444317495601753	2.6005752472446906
ENSG00000140564	104.67487757916648	90.33038388200156	98.13513833379031	42.60931399406444	43.74134285922578	71.57196225310977	87.37736369036494	94.22084165017301
ENSG00000230036	59.09065669791656	33.99963224066428	26.64718175730261	62.10508501965053	45.21784388400977	44.732476408193605	56.29300871158002	51.011283695953544
ENSG00000215392	0.18758938634259223	1.207087535171513	0.5513210018752265	0.602961990482044	0.0	0.40665887643812365	0.7581549994825593	0.2000442497880531
ENSG00000167434	4.689734658564806	7.644887722752915	4.410568015001812	6.230607234981122	5.536878842939972	5.48989483191467	10.614169992755828	3.2007079966088496
ENSG00000164549	6.190449749305544	5.633075164133728	4.2267943477100705	7.034556555623847	2.768439421469986	2.2366238204096804	4.928007496636635	2.4005309974566376
ENSG00000106736	58.15270976620359	13.8815066544724	43.00303814626767	38.58956739085082	20.671014346975895	38.22593438518363	35.06466872606836	35.60787646227346
ENSG00000185118	7.878754226388875	6.638981443443321	11.02642003750453	14.471087771569056	6.275129355331968	5.083235955476547	4.928007496636635	10.202256739190709
ENSG00000244295	120.05720725925903	80.0701398330437	111.91816338067098	97.67984245809113	100.77119494150749	66.28539685941416	192.19229236882876	35.4078322124854
ENSG00000114434	10.12982686249998	11.869694095853212	7.167173024377944	6.029619904820439	12.181133454467938	17.486331686839318	11.751402491979668	10.602345238766816
ENSG00000159034	17.070634157175892	17.1004067482631	20.39887706938338	20.500707676389496	21.962952743661887	24.602862024506482	23.692343733829976	9.802168239614602
ENSG00000192789	257.5602274483791	137.8091602654144	349.7212888561853	462.6728340298884	313.2027798823044	228.33895912000645	319.94140978164	302.6669499293244
ENSG00000134461	28.325997337731426	14.283869166196236	20.031329734799897	10.853315828676791	15.318698132133921	33.956016182583326	16.48987123874566	17.40384973156062
ENSG00000225904	8.44152238541665	14.887412933781995	5.329436351460523	11.054303158837474	7.567067752017962	11.589777978486525	10.045553743143909	8.001769991522124
ENSG00000238265	27.57563979236106	35.810263543421556	38.7762437985576	26.530327581209935	26.761581074209865	32.73603955326896	38.47636622373988	22.004867476685842
ENSG00000224083	1.3131257043981457	1.6094500468953508	1.2864156710421952	3.215797282570901	1.6610636528819915	2.033294382190619	2.084926248577038	2.4005309974566376
ENSG00000165165	0.9379469317129612	0.20118125586191885	0.7350946691669688	1.205923980964088	1.2919383966859934	1.0166471910953094	0.947693749353199	1.2002654987283188
ENSG00000175376	41.082075609027704	45.869326336517496	22.420387409592543	38.18759273052945	28.053519470895857	24.602862024506482	34.49605247645645	23.805265724778323
ENSG00000203966	6.565628521990728	8.248431490338673	6.248304687919234	7.034556555623847	8.859006148703955	10.97978966382934	7.202472495084312	10.002212489402655
ENSG00000153319	3.9393771131944373	2.212993814481107	5.88075735333575	1.205923980964088	4.7986283305479756	0.8133177528762473	2.653542498188957	1.0002212489402655
ENSG00000157036	165.26624936782378	152.09302943161063	200.86461834987418	155.56419354436736	186.77737963517507	131.75747596595207	244.3154485832547	176.03893981348673
ENSG00000210895	83.66486630879615	58.7449267116803	87.29249196357753	97.27786779776977	95.41887872666551	151.07377259676295	165.84640613680983	150.2332315908279
ENSG00000148748	34.141268314351784	51.502401500651224	43.00303814626767	61.904097689489845	44.664155999715774	53.67897168983232	70.69795370174865	75.21663792030797
ENSG00000126898	6.378039135648136	3.621262605514539	5.696983686044007	10.250353838194748	8.305318264409959	11.183119102048401	7.581549994825592	16.60367273240841
ENSG00000174637	19.884474952314775	23.538206935844507	17.090951058132024	13.265163790604968	15.318698132133921	23.17955595697305	23.313266234088694	15.803495733256197
ENSG00000229373	12.380899498611088	7.846068978614835	9.37245703187885	14.471087771569056	4.244940446253978	9.149824719857783	12.130479991720948	2.000442497880531
ENSG00000213483	142.00516546134233	183.27612409020807	51.08907950710432	234.15023963719375	117.1972688422294	181.16652945318413	111.4487849239362	178.23942656115534
ENSG00000109171	2.4386620224536992	1.207087535171513	0.9188683364587108	1.808885971446132	1.4765010247839927	1.0166471910953094	0.947693749353199	1.0002212489402655
ENSG00000234331	38.26823481388882	39.43152614893609	42.819264478975924	64.91890764190006	38.204464016285804	42.49585258778393	31.652971228396847	59.61318643683983
ENSG00000168130	39.76894990462955	33.39608847307853	21.501519073133835	17.88787238430064	48.53997118977375	46.155782475727044	26.535424981889573	16.00353998304425
ENSG00000223590	3.9393771131944373	1.207087535171513	5.513210018752265	0.8039493206427253	2.583876793371987	2.4399532586287425	5.686162496119194	2.4005309974566376
ENSG00000112932	147.25766827893491	146.05759175575307	142.24081848380845	84.61566599764684	56.291601569889714	83.97505798447254	65.58040745524137	55.81234569086682
ENSG00000190141	10.505005635185166	16.295681724815427	17.82604572729899	16.882935733497234	11.442882942075942	6.099883146571855	10.614169992755828	10.202256739190709
ENSG00000114704	1128.537748237035	725.0572461263555	1607.4682678008687	938.0078698598998	1336.602552685709	1409.0730068580986	1636.4775663831042	1148.253993783425
ENSG00000104927	228.48387256527735	277.8313143453099	349.16996785431013	241.58677085313894	340.1489235846123	249.891879571227	248.67483983027944	363.0803133653164
ENSG00000104820	33.7660895416666	17.50276925998694	21.501519073133835	27.33427690185266	24.915954793229872	30.092756856421154	20.849262485770378	9.60212398982655
ENSG00000249358	17.63340231620367	15.28977544550583	13.599251379588921	19.093796365264726	21.224702231269895	7.1165303376671645	14.594483740039264	9.001991240462392
ENSG00000181586	8.629111771759243	11.869694095853212	6.615852022502717	7.43653121594521	6.644254611527966	7.929848090543412	7.581549994825592	6.001327493641594
ENSG00000149435	6.190449749305544	7.04134395516716	5.513210018752265	4.220733933374309	6.459691983429967	8.133177528762475	6.633856245472393	5.001106244701328
ENSG00000132722	50.27395553981472	60.95792052616141	27.382276426469584	37.182656079726044	51.49297323934174	59.98218427462324	65.58040745524137	45.210000452100005
ENSG00000215366	1.1255363180555533	1.207087535171513	2.205284007500906	1.6078986412854506	1.4765010247839927	3.4566004497240512	0.947693749353199	1.800398248092478
ENSG00000173451	192.09153161481444	415.6404746107243	351.7427991963945	90.64528590246728	176.81099771788308	165.7134921485354	282.22319855738266	241.25336524439206
ENSG00000202952	81.22620428634244	70.21225829580968	111.36684237879575	82.20381803571867	124.94889922234537	62.21880809503293	134.38297365828362	60.813451935568146
ENSG00000164376	10.692595021527758	23.337025679982585	25.176992418968677	22.91255563831767	19.194513322191902	21.75624988943962	18.5747974873227	13.803053235375664
ENSG00000134158	298.45471367106427	125.53710365783736	251.40237685510328	136.6713845092633	320.7698476343224	123.01431012253244	183.8525873745206	160.23544408023054
ENSG00000163064	5952.961586195823	3554.671609824244	4713.059471364019	2180.1095702529105	6288.048739298828	2807.9795418052445	4779.788194237794	2635.783035207388
ENSG00000149680	59.65342485694433	49.69177019789396	59.726441869816206	35.37377010827991	40.2346529253638	66.69205573585228	36.96005622477476	44.60986770273585
ENSG00000213160	1159.30240759722	760.6663284139152	680.8814373159048	1016.7949032828867	838.2834568211117	742.1524494995757	1055.1622205298518	1146.8536840349086
ENSG00000247563	29.826712428472167	15.088594189643912	20.031329734799897	18.691821704943365	31.006521520463846	17.689661125058382	27.67265748111341	17.603893981348673
ENSG00000104839	17.258223543518486	11.668512839991292	22.97170841146777	5.828632574659759	16.241511272623917	7.3198597758862265	20.470184986029096	4.000884995761062
ENSG00000136469	278.0074705597217	87.31266504407279	239.82463581572352	272.5388196978839	183.63981495750906	185.84310653222255	204.13323361067907	214.44743577279294
ENSG00000196707	1.1255363180555533	1.207087535171513	0.1837736672917422	0.20098733016068132	0.7382505123919963	0.20332943821906183	0.37907749974127963	1.6003539983044248
ENSG00000239349	136.75266264374974	155.51311078126326	332.4465641307616	197.3695582177891	201.173264626819	285.0678723831247	165.84640613680983	103.82296563999957
ENSG00000130368	32.828142609953645	23.94056944756834	29.77133410126223	22.91255563831767	34.51321145432583	41.275875958469555	26.345886232018934	14.003097485163718
ENSG00000108984	12.756078271296271	15.088594189643912	12.68038304313021	11.054303158837474	14.580447619741927	7.1165303376671645	8.150166244437512	10.202256739190709
ENSG00000183128	23.44867329282403	39.63270740479801	34.91699678543101	35.172782778119235	28.422644727091857	26.026168092039914	25.208653732795092	31.606991466512394
ENSG00000179481	21.385190043055516	30.57955089101166	27.198502759177842	25.72637826056721	37.65077613199181	25.822838653820856	38.286827473869245	29.206460469055756
ENSG00000103856	513.9949185787027	561.6980663664774	382.24922796682375	519.1502738050399	342.3636751217883	370.2629069969116	438.78220595053114	394.48726058204073
ENSG00000105340	197.34403443240706	133.98671640403796	143.15968682026715	164.40763607143734	129.00927704050136	264.7349285612185	157.1276236427604	162.43593082789914
ENSG00000200239	59.278246084259145	43.656332522036394	50.5377585052291	34.36883345747651	39.3118397848738	35.989310564773945	24.829576233053814	18.804159480076994
ENSG00000127089	22.510726361111068	19.11221930688229	14.334346048755888	12.461214469962243	19.9327638345839	13.623072360677144	14.973561239780544	20.204469228593364
ENSG00000133288	1.8758938634259223	7.644887722752915	1.4701893383339375	3.617771942892264	3.137564677665984	4.473247640819361	5.875701245989834	2.8006194970327436
ENSG00000166929	43.708327017824	50.496495221341625	43.00303814626767	38.991542051172175	72.71767547061162	52.05233618407983	43.78345122011779	75.81677066967212
ENSG00000150848	0.18758938634259223	0.0	0.0	0.0	0.3691252561959982	0.0	0.0	0.4000884995761062
ENSG00000110242	126.43524639490718	226.12773158879676	102.72948001608387	148.93161164906485	189.17669380044904	222.64573484987272	193.51906361792322	199.44411703868894
ENSG00000221171	29.826712428472167	31.38427591445934	17.82604572729899	21.907618987514265	25.285080049425872	30.092756856421154	25.777269982407013	11.802610737495135
ENSG00000209381	0.18758938634259223	0.8047250234476754	1.4701893383339375	0.8039493206427253	0.7382505123919963	1.0166471910953094	1.3267712490944785	1.4003097485163718
ENSG00000106174	106.92595021527758	87.71502755579661	104.01589568712608	71.1495148768812	102.61682122248749	122.81098068431335	89.84136743868326	104.02300988978763
ENSG00000138904	3.5641983405092525	3.8224438613764575	3.675473345834843	8.441467866748617	7.751630380115961	2.8466121350668656	1.5163099989651185	4.200929245549116
ENSG00000147662	9.942237476157388	14.686231677920075	9.740004366462335	15.677011752533144	8.120755636311959	16.46968449574401	7.012933745213672	5.601238994065487
ENSG00000137056	0.5627681590277767	1.408268791033432	0.3675473345834844	0.20098733016068132	0.7382505123919963	1.2199766293143712	0.5686162496119194	1.800398248092478
ENSG00000156123	10.692595021527758	11.467331584129374	3.675473345834843	4.220733933374309	3.691252561959981	10.573130787391216	6.633856245472393	6.401415993217699
ENSG00000134338	37.51787726851845	81.88077113580097	41.900396142517216	30.952048844744922	41.15746606585379	41.07254652025049	55.34531496222682	28.606327719691595
ENSG00000187573	16.13268722546293	18.70985679515845	33.9981284489723	23.716504958960396	31.006521520463846	33.956016182583326	31.842509978267486	22.004867476685842
ENSG00000171302	79.16272103657393	54.52012033858001	77.73626126440693	59.49224972756168	116.64358095793541	62.21880809503293	76.38411619786784	41.60920395591505
ENSG00000135784	10.12982686249998	7.04134395516716	7.167173024377944	9.245417187391341	7.93619300821396	4.269918202600299	4.928007496636635	7.401637242157966
ENSG00000232199	69.22048356041654	55.5260266178896	133.05213511922133	110.14105692805336	127.53277601571735	65.47207910653792	55.534853712097465	67.21486792878585
ENSG00000154649	2.0634832497685145	2.816537582066864	2.205284007500906	1.808885971446132	0.9228131404899953	0.8133177528762473	0.947693749353199	1.2002654987283188
ENSG00000100717	7.691164840046282	5.4318939082718085	9.188683364587108	5.225670584177715	5.906004099135971	20.94293213656337	12.130479991720948	10.202256739190709
ENSG00000100657	0.37517877268518446	0.0	0.1837736672917422	0.40197466032136264	0.0	0.40665887643812365	0.0	0.6001327493641594
ENSG00000223747	20.07206433865737	12.07087535171513	17.458498392715505	7.034556555623847	11.627445570173942	17.689661125058382	18.95387498706398	16.60367273240841
ENSG00000150465	6.565628521990728	10.260244048957862	6.064531020627491	13.265163790604968	6.090566727233969	12.403095731362773	7.7710887446962325	7.601681491946018
ENSG00000157363	39.20618174560178	14.686231677920075	21.685292740425577	19.495771025586087	11.627445570173942	21.349591013001493	15.731716239263106	12.402743486859293
ENSG00000236502	79.5378998092591	80.27132108890562	86.92494462899404	102.30255105178679	119.04289512320939	83.97505798447254	106.33123867742893	52.61163769425797
ENSG00000202066	210.4752914763885	334.9667910100949	301.5725880257489	224.10087312915968	127.53277601571735	359.0797878948632	611.6415458325546	435.2962875388036
ENSG00000142176	3.189019567824068	2.816537582066864	4.410568015001812	2.009873301606813	2.3993141652739878	2.643282696847804	3.032619997930237	3.2007079966088496
ENSG00000147773	15.382329680092564	8.851975257924428	11.577741039379756	14.471087771569056	16.241511272623917	9.556483596295907	7.202472495084312	28.20623922011549
ENSG00000211508	0.5627681590277767	0.4023625117238377	0.3675473345834844	0.0	1.1073757685879944	0.8133177528762473	0.37907749974127963	0.0
ENSG00000112164	1081.0776334923592	1214.531241638404	568.044405598775	2129.0587883920975	840.6827709863858	1130.715005936203	1453.5726727579365	807.9787248939465
ENSG00000207131	427.89139024745293	393.1081739541894	644.6780248594315	344.6932712255685	196.005511040075	526.013256672713	458.11515843733645	569.7260233963754
ENSG00000219500	67.15700031064803	96.16464030199721	93.35702298420502	92.6551592040741	61.82848041282968	35.989310564773945	94.7693749353199	66.41469092963364
ENSG00000127983	293.76497901249945	251.6777510832605	231.92236812217863	540.2539434719115	339.4106730722203	148.83714877635327	325.43803352788854	369.081640858958
ENSG00000242983	191.3411740694441	148.67294808195803	181.93593061882476	65.72285696254279	219.4449648085209	137.24737079786675	166.2254836365511	171.03783356878543
ENSG00000137048	5.81527097662036	7.846068978614835	4.2267943477100705	11.054303158837474	7.013379867723964	12.809754607800897	11.56186374210903	13.202920486011505
ENSG00000231327	100.17273230694425	90.12920262613964	90.23287064024541	108.33217095660723	203.94170404828898	139.89065349471454	95.71706868467311	91.22017790335222
ENSG00000122441	274.0680934465273	354.6825540845629	282.6439002946995	408.4062548865045	172.75061989972713	181.5731883296222	249.81207232950325	435.09624328901555
ENSG00000196112	161.32687225462934	121.7146597964609	68.73135156711157	157.3730795158135	118.4892072389154	168.56010428360227	173.99657238124735	119.0263286238916
ENSG00000181168	29.076354883101796	34.603176008250045	35.10077045272275	21.505644327192904	66.99623399957366	25.619509215601795	37.718211224257324	25.80570822265885
ENSG00000183212	10.880184407870349	20.520488097915724	27.74982376105307	6.833569225463165	8.859006148703955	18.299649439715566	6.444317495601753	5.601238994065487
ENSG00000185661	2994.8645529594855	4214.143766539614	3876.3379641847173	3377.7930706804104	3146.977371698982	4451.288061491702	1501.3364377253379	5028.912395421867
ENSG00000159354	65.0935170608795	49.49058894203203	28.668692097511776	30.55007418442356	43.925905487323774	59.57552539818512	50.79638496533147	33.00730121502877
ENSG00000136808	365.0489458226845	117.08749091163676	154.7374278596469	112.75389222014223	109.07651320591745	84.38171686091067	196.1726061161122	134.02964735799557
ENSG00000248603	3.3766089541666604	1.408268791033432	0.9188683364587108	2.009873301606813	1.2919383966859934	1.4233060675334328	2.843081248059597	0.6001327493641594
ENSG00000201559	93.04433562592575	85.50203374131551	95.74608065899767	59.09027506724031	113.69057890836743	80.31512809652943	158.83347239159616	106.42354088724426
ENSG00000248335	41.26966499537029	21.12403186550148	41.53284880793373	63.5119963307753	49.27822170216575	49.40905348723203	78.84811994618616	31.406947216724337
ENSG00000239560	5.627681590277767	5.029531396547971	9.188683364587108	5.627645244499077	4.060377818155979	4.473247640819361	3.980313747283436	5.401194744277435
ENSG00000246490	446.65032888171214	466.136969832066	344.02430517014136	311.1283870887347	286.81032406429057	591.68866521747	248.86437858015003	253.05597598188717
ENSG00000193084	47.46011474467584	18.70985679515845	17.82604572729899	23.716504958960396	25.46964267752387	16.26635505752495	19.5224912366759	25.205575473294694
ENSG00000182151	71.09637742384247	199.97416832674733	172.5634735869459	65.11989497206075	77.14717854496361	89.46495281638721	63.87455870640561	117.82606312516329
ENSG00000176310	66.78182153796284	82.68549615924864	65.23965188856846	89.64034925166388	73.82505123919962	76.85852764680537	82.82843369346959	68.81522192709026
ENSG00000139606	5.627681590277767	4.627168884824133	4.778115349585296	7.838505876266572	9.412694032997953	9.75981303451497	8.339704994308152	5.001106244701328
ENSG00000162499	82.53932999074058	42.650426242726795	56.418515858564845	66.52680628318551	98.7410060324295	62.21880809503293	91.9262936872603	45.81013320146416
ENSG00000208213	339.34919989374936	770.926572462873	387.2111169837008	528.7976656527526	297.8840817501705	350.13329261322446	330.93465727413707	230.8510642554133
ENSG00000132381	3.7517877268518447	6.437800187581403	3.4916996785431014	2.2108606317674946	6.459691983429967	3.6599298879431132	2.4640037483183175	2.000442497880531
ENSG00000234268	4.314555885879622	2.414175070343026	3.3079260112513587	5.024683254017033	3.322127305763983	2.8466121350668656	2.843081248059597	3.2007079966088496
ENSG00000159213	4.314555885879622	4.627168884824133	0.9188683364587108	3.215797282570901	1.8456262809799906	5.083235955476547	3.601236247542156	5.001106244701328
ENSG00000175532	142.19275484768494	119.09930347025596	128.45779343692777	52.85966783225919	90.62025039611754	120.98101574034179	105.762622427817	119.0263286238916
ENSG00000130973	9.004290544444427	9.857881537234023	12.496609375838467	26.128352920888574	9.412694032997953	18.50297887793463	10.424631242885189	16.00353998304425
ENSG00000210754	45.39663149490732	34.40199475238812	41.53284880793373	53.86460448306259	34.51321145432583	61.812149218594804	54.01854371313234	51.41137219552965
ENSG00000162489	302.58168017060126	469.15468866999475	237.80312547551438	337.0557526794626	244.17635697365276	260.46501035861826	261.56347482148294	114.02522237919028
ENSG00000248866	3.3766089541666604	4.425987628962214	2.0215103402091636	4.622708593695671	3.322127305763983	2.2366238204096804	3.032619997930237	4.601017745125222
ENSG00000139035	700.2711792168969	552.2425473409672	531.65721947501	449.2066829091228	742.1263275820543	303.5708512610593	483.8924284197434	569.7260233963754
ENSG00000171336	31.5150169055555	42.04688247514104	23.339255746051254	36.78068141940469	43.55678023112778	43.715829217098296	31.842509978267486	49.21088544786107
ENSG00000219279	49.336008608101764	31.183094658597422	33.26303377980533	39.59450404165422	40.2346529253638	13.013084046019957	32.60066497775005	16.403628482620356
ENSG00000219895	344.2265239386568	566.3252352513015	314.2529710688791	467.6975172839055	792.6964876809059	899.5294346811297	523.3164883928365	213.84730302342876
ENSG00000234076	84.04004508148132	48.484682662722435	39.32756480043282	83.61072934684344	97.0799423795475	45.95245303750798	80.17489119528064	91.02013365356417
ENSG00000180655	2.0634832497685145	3.621262605514539	1.102642003750453	2.411847961928176	1.2919383966859934	3.8632593261621753	0.5686162496119194	3.000663746820797
ENSG00000106491	49.89877676712953	36.81616982273115	32.89548644522185	26.329340251049253	26.02333056181787	29.482768541763967	35.254207475939005	39.608761458034515
ENSG00000135341	4.126966499537029	5.633075164133728	3.124152343959617	8.843442527069978	8.859006148703955	3.6599298879431132	6.065239995860474	11.002433738342921
ENSG00000208762	58.90306731157396	58.7449267116803	39.51133846772456	60.2961990482044	58.13722785086971	21.349591013001493	27.104041231501494	51.41137219552965
ENSG00000111801	12.005720725925903	13.8815066544724	5.329436351460523	12.662201800122924	12.365696082565938	9.149824719857783	7.3920112449549515	17.003761231984516
ENSG00000216701	6.753217908333321	28.16537582066864	14.334346048755888	3.0148099524102197	15.503260760231923	15.453037304648701	13.836328740556706	10.002212489402655
ENSG00000110851	148.38320459699048	286.88447085909627	139.4842134744323	226.71370842124855	196.559198924369	258.4317159764276	120.9257224174682	260.6576574738332
ENSG00000177869	0.7503575453703689	1.005906279309594	1.6539630056256793	1.6078986412854506	0.1845626280979991	0.6099883146571856	1.1372324992238387	1.2002654987283188
ENSG00000203044	48.77324044907398	66.38981443443322	46.49473782481077	45.2221492861533	41.15746606585379	56.52558382489919	37.52867247438668	43.60964645379558
ENSG00000210024	6.753217908333321	20.72166935377764	28.484918430220038	9.647391847712704	16.795199156917914	13.21641348423902	23.692343733829976	13.803053235375664
ENSG00000113366	38.643413586574	41.84570121927912	78.8389032681574	86.02257730877162	60.72110464424169	40.462558205593304	37.718211224257324	48.01061994913275
ENSG00000151240	0.18758938634259223	0.4023625117238377	0.5513210018752265	0.40197466032136264	0.1845626280979991	0.40665887643812365	0.0	0.0
ENSG00000186999	3.7517877268518447	5.633075164133728	6.432078355210976	5.627645244499077	3.506689933861982	3.253271011504989	3.2221587478008766	7.601681491946018
ENSG00000197564	9.19187993078702	12.07087535171513	23.706803080634742	20.299720346228813	12.550258710663936	15.046378428210577	4.928007496636635	14.803274484315931
ENSG00000145619	800.8190902965263	1014.3558920557949	1492.9772730781135	814.6016491412414	1274.9586349009776	502.22371240108276	4278.458200829952	562.1243419044292
ENSG00000232791	3.9393771131944373	4.224806373100296	0.7350946691669688	2.2108606317674946	3.506689933861982	2.033294382190619	5.686162496119194	2.000442497880531
ENSG00000247313	3.3766089541666604	1.005906279309594	2.940378676667875	3.4167846127315826	1.8456262809799906	4.269918202600299	3.411697497671516	2.000442497880531
ENSG00000202134	21.947958202083292	27.360650797220963	20.031329734799897	20.09873301606813	25.100517421327872	17.079672810401195	11.940941241850307	15.403407233680092
ENSG00000180223	68.47012601504616	48.082320150998605	89.13022863649495	22.309593647835626	57.39897733847771	65.26874966831885	39.80313747283436	91.82031065271639
ENSG00000100391	8.816701158101836	6.236618931719484	6.7996256897944605	11.456277819158835	7.567067752017962	4.066588764381238	6.254778745731113	7.601681491946018
ENSG00000233372	15.194740293749971	47.07641387168901	15.620761719798082	37.58463074004741	27.13070633040586	41.275875958469555	50.038229965848906	36.00796496184957
ENSG00000132730	1.5007150907407378	1.408268791033432	1.102642003750453	0.20098733016068132	0.7382505123919963	0.8133177528762473	0.7581549994825593	1.4003097485163718
ENSG00000120167	624.297477748147	540.5740345009759	1153.9148569248491	351.52684045103166	427.4470466749658	923.1156495145409	893.8647443899373	847.9875748515572
ENSG00000240530	21.385190043055516	22.73348191239683	13.783025046880663	9.04442985723066	7.751630380115961	7.929848090543412	18.76433623719334	10.002212489402655
ENSG00000167726	41.26966499537029	49.69177019789396	40.61398047147502	67.9337175943103	21.59382748746589	30.092756856421154	53.26038871364978	71.01570867475886
ENSG00000225909	4844.308312911102	8563.280155762575	3284.402981838016	4012.310071997681	4017.7438510653415	4996.6176147952265	5388.018042572678	5264.96461017177
ENSG00000178535	5.4400922039351745	12.473237863438968	14.701893383339373	4.220733933374309	14.580447619741927	7.3198597758862265	10.803708742626469	8.201814241310178
ENSG00000237193	3.189019567824068	3.4200813496526203	2.205284007500906	3.215797282570901	2.768439421469986	1.2199766293143712	1.705848748835758	1.6003539983044248
ENSG00000136897	6.753217908333321	3.8224438613764575	3.3079260112513587	3.215797282570901	2.768439421469986	5.693224270133731	2.2744649984476775	1.800398248092478
ENSG00000124699	1194.1940334569422	373.99595464730714	738.2188215109283	846.1566599764684	706.6903029872384	730.1560126446511	833.0228056814619	1217.6693484598793
ENSG00000152085	24.761798997222176	15.49095670136775	25.728313420843904	20.90268233671086	19.7482012064859	17.283002248620257	27.67265748111341	21.20469047753363
ENSG00000149377	7.128396681018505	5.4318939082718085	8.269815028128399	7.43653121594521	5.352316214841973	5.083235955476547	2.4640037483183175	11.202477988130974
ENSG00000168294	35.45439401874994	21.727575633087234	40.79775413876676	19.093796365264726	14.949572875937925	18.299649439715566	34.49605247645645	27.206017971175225
ENSG00000184187	15.945097839120342	29.77482586756399	31.60907077417965	23.113542968478352	32.298459917149835	15.859696181086823	20.470184986029096	23.005088725626106
ENSG00000141255	286.26140355879573	282.86084574185793	244.9702984998923	352.531777101835	202.09607776730897	331.4269842970708	138.17374865569641	354.6784548742182
ENSG00000183155	135.0643581666664	132.17608510128068	126.06873576213512	143.50495373472648	125.13346185044337	43.51249977887924	82.07027869398704	179.2396478100956
ENSG00000135587	160.0137465502312	85.30085248545359	166.68271623361017	59.09027506724031	81.0229937350216	86.41501124310129	114.48140492186644	56.612522690019034
ENSG00000157068	73.53503944629615	86.30675876476319	84.16833961961791	36.78068141940469	66.25798348718166	133.1807820334855	29.947122479561088	60.01327493641593
ENSG00000165526	6.002860362962951	10.863787816543617	5.145662684168781	5.426657914338396	4.983190958645975	4.473247640819361	3.032619997930237	5.201150494489381
ENSG00000196167	4.314555885879622	1.408268791033432	2.5728313420843905	1.205923980964088	1.4765010247839927	1.2199766293143712	1.5163099989651185	2.200486747668584
ENSG00000233477	77.286827173148	45.26578256893174	58.07247886419052	47.63399724808147	128.45558915620737	82.14509304050098	91.35767743764839	84.41867341055841
ENSG00000138322	72.78468190092579	80.87486485649139	105.30231135816827	93.6600958548775	91.91218879280353	110.61121439116964	71.83518620097247	90.82008940377612
ENSG00000191204	33.39091076898142	44.46105754548407	43.00303814626767	36.78068141940469	52.41578637983174	43.91915865531736	43.78345122011779	29.40650471884381
ENSG00000220609	54.40092203935175	49.289407686170115	60.82908387356666	42.0063520035824	42.63396709063779	37.61594607052644	60.4628612087341	39.80880570782257
ENSG00000171871	100.17273230694425	99.78590290751174	152.532143852146	68.13470492447098	110.36845160260344	103.69801349172154	58.75701245989834	100.42221339360268
ENSG00000121602	2.6262514087962914	1.207087535171513	2.7566050093761323	3.0148099524102197	1.8456262809799906	3.253271011504989	3.980313747283436	3.800840745973009
ENSG00000184576	15.007150907407379	20.92285060963956	9.37245703187885	13.064176460444287	9.043568776801955	8.743165843419659	8.90832124392007	12.802831986435399
ENSG00000171553	4.314555885879622	3.621262605514539	3.4916996785431014	3.617771942892264	3.506689933861982	2.643282696847804	7.3920112449549515	7.001548742581859
ENSG00000213887	1.3131257043981457	0.6035437675857565	0.0	0.0	0.7382505123919963	0.8133177528762473	0.5686162496119194	0.4000884995761062
ENSG00000216375	98.85960660254612	47.88113889513668	76.266071926073	175.05996456995342	94.68062821427353	94.9548476483019	96.28568493428502	86.21907165865089
ENSG00000236478	16.320276611805525	8.851975257924428	16.907177390840282	14.069113111247693	30.26827100807185	10.573130787391216	15.542177489392465	13.202920486011505
ENSG00000142776	67.5321790833332	76.04651471580532	43.00303814626767	87.63047595005706	62.566730925221684	72.58860944420508	65.01179120562945	79.01747866628098
ENSG00000128987	101.673447397685	121.51347854059898	146.28383916422678	94.06207051519885	78.9928048259436	58.15221933065169	86.42966994101175	156.83469183383363
ENSG00000247361	4.8773240449073985	6.437800187581403	5.145662684168781	6.029619904820439	1.8456262809799906	4.473247640819361	3.980313747283436	5.601238994065487
ENSG00000200919	2004.5801824569407	923.8243269179313	1285.3130290384447	795.7088401061375	611.0868616324749	512.796843188474	882.6819581475696	494.70942972585533
ENSG00000219761	131.68774921249977	39.83388866065994	171.6446052504872	65.11989497206075	110.73757685879944	58.15221933065169	71.26656995136057	53.41181469341018
ENSG00000111645	195.65572995532372	235.58325061430696	162.6396955531918	207.01695006550176	288.47138771717255	224.47569979384429	142.3436011528505	267.0590734670509
ENSG00000157377	799.8811433648133	893.8483197945054	742.8131631932218	1031.265991054456	1115.6810868524042	677.087029269476	786.7753507130259	1197.6649234810739
ENSG00000200375	7.315986067361097	10.46142530481978	7.902267693544912	8.642455196909298	11.258320313977942	12.606425169581835	4.738468746765995	10.80238948855487
ENSG00000164381	9.004290544444427	9.254337769648266	12.68038304313021	10.65232849851611	15.687823388329921	10.776460225610277	24.450498733312532	7.001548742581859
ENSG00000240550	42.02002254074066	33.59726972894045	28.301144762928296	38.38858006069013	38.942714528677804	29.889427418202093	36.770517474904125	30.20668171799602
ENSG00000154381	273.13014651481427	323.49945942596554	366.99601358160913	328.61428481271395	246.76023376702472	91.29491776035877	249.24345607989136	226.85017925965224
ENSG00000136203	327.3434791678235	231.7608067529305	341.63524749534866	304.4958051934322	341.0717367251023	480.2641330734241	411.29908721928837	291.4644719411934
ENSG00000163327	0.5627681590277767	0.20118125586191885	0.5513210018752265	0.20098733016068132	0.0	0.8133177528762473	0.947693749353199	1.2002654987283188
ENSG00000189346	501.05125092106385	548.6212847354527	235.04652046613825	885.7511640181226	561.0703894179172	402.7956171119615	324.3008010286647	668.9479712912496
ENSG00000162944	6.753217908333321	7.644887722752915	9.740004366462335	12.461214469962243	14.211322363545928	20.129614383687123	3.601236247542156	16.803716982196462
ENSG00000142299	72.78468190092579	66.59099569029513	89.68154963837017	109.13612027724996	102.80138385058548	54.492289442708575	53.26038871364978	80.81787691437346
ENSG00000133739	1.5007150907407378	2.212993814481107	2.0215103402091636	1.808885971446132	0.5536878842939972	1.2199766293143712	1.705848748835758	0.2000442497880531
ENSG00000114026	5.06491343124999	4.828350140686052	5.145662684168781	5.426657914338396	4.060377818155979	4.473247640819361	2.653542498188957	2.000442497880531
ENSG00000226437	49.336008608101764	149.2764918495438	74.61210892044733	89.2383745913425	47.61715804928376	77.87517483790069	54.01854371313234	68.61517767730223
ENSG00000177191	0.18758938634259223	0.6035437675857565	1.4701893383339375	0.20098733016068132	0.7382505123919963	0.0	0.37907749974127963	0.8001769991522124
ENSG00000222534	91.16844176249984	106.62606560681698	121.84194141442505	103.50847503275088	100.9557575696055	214.3092278828912	122.06295491669204	144.03185984739827
ENSG00000203857	5.81527097662036	9.254337769648266	9.188683364587108	7.63751854610589	9.781819289193951	2.8466121350668656	8.90832124392007	7.601681491946018
ENSG00000218823	101.86103678402759	59.34847047926606	88.57890763461972	53.26164249258055	113.87514153646542	67.09871461229042	85.86105369139983	63.01393868323673
ENSG00000243772	31.890195678240683	32.390182193768936	45.392095821060316	47.83498457824216	45.21784388400977	38.02260494696457	36.01236247542157	28.006194970327435
ENSG00000154157	6.002860362962951	12.674419119300888	8.269815028128399	5.627645244499077	8.489880892507957	9.963142472734031	4.738468746765995	8.601902740886283
ENSG00000138409	214.9774367486107	468.55114490240896	309.2910820520021	374.64038341951	481.33933407958153	254.56845665026543	524.643259641931	826.9829286238116
ENSG00000155125	4354.887603943279	2356.8384124223794	2636.417030967333	2792.7189525826675	4107.44128832097	2411.8937961545116	3111.468117876423	1691.374131957989
ENSG00000113116	90.41808421712946	102.80362174544054	122.39326241630027	91.44923522311001	338.11873467553426	73.40192719708133	162.8137861388796	76.8169919186124
ENSG00000212833	1.1255363180555533	1.207087535171513	1.2864156710421952	0.602961990482044	0.5536878842939972	0.8133177528762473	0.37907749974127963	1.4003097485163718
ENSG00000195379	26.074924701620322	34.603176008250045	34.549449450847526	30.34908685426288	28.422644727091857	32.5327101150499	37.1495949746454	45.81013320146416
ENSG00000223412	15.945097839120342	5.834256419995646	17.458498392715505	20.500707676389496	31.375646776659842	14.843048989991516	13.267712490944787	17.603893981348673
ENSG00000169948	100.17273230694425	273.8076892280715	191.49216131799534	120.19042343608743	144.32797517263526	229.7622651875399	69.93979870226609	195.4432320429279
ENSG00000182940	56.08922651643508	23.135844424120666	25.54453975355216	30.1480995241022	47.248032793087766	33.956016182583326	21.228339985511656	26.005752472446908
ENSG00000149023	2414.0878128428194	2976.879042988813	1224.3001714975862	1830.5926031034855	1647.2214557746418	2095.9198491620896	2095.3508798199227	1899.8202402371405
ENSG00000200288	149.50874091504602	97.17054658130681	68.73135156711157	46.428073267117384	78.25455431355161	126.67424001047554	116.56633117044348	81.81809816331372
ENSG00000127652	76.34888024143505	91.73865267303499	163.7423375569423	110.7440189185354	59.9828541318497	42.90251146422205	141.9645236531092	125.02765611753321
ENSG00000245266	9.19187993078702	16.496862980677346	20.766424403966866	12.059239809640879	12.181133454467938	27.65280359779241	11.56186374210903	14.203141734951771
ENSG00000115391	2.2510726361111066	5.834256419995646	4.594341682293554	4.622708593695671	1.6610636528819915	2.4399532586287425	5.496623746248555	7.601681491946018
ENSG00000235212	25.32456715624995	17.50276925998694	28.117371095636553	25.52539093040653	20.671014346975895	27.65280359779241	25.777269982407013	23.60522147499027
ENSG00000150588	19.13411740694441	24.544113215154102	39.69511213501631	65.5218696323821	39.4964024129718	42.0891937113458	43.214834970505876	46.41026595082832
ENSG00000178021	47.46011474467584	76.04651471580532	133.60345612109654	66.52680628318551	38.942714528677804	82.55175191693911	116.56633117044348	51.6114164453177
ENSG00000209343	16.320276611805525	34.2008134965262	32.34416544334662	50.24683254017033	30.637396264267842	35.379322250116765	43.40437372037652	44.40982345294779
ENSG00000156766	25.13697776990736	22.33111940067299	16.355856388965055	20.500707676389496	14.395884991643927	14.233060675334329	18.76433623719334	11.002433738342921
ENSG00000157554	26.637692860648098	25.550019494463694	30.690202437720945	34.56982078763719	25.83876793371987	38.02260494696457	27.86219623098405	31.406947216724337
ENSG00000243938	17.070634157175892	12.473237863438968	23.706803080634742	11.054303158837474	42.81852971873578	6.303212584790917	31.842509978267486	10.202256739190709
ENSG00000128621	1.8758938634259223	4.627168884824133	2.0215103402091636	1.6078986412854506	2.2147515371759887	4.676577079038423	3.411697497671516	4.000884995761062
ENSG00000101587	4.502145272222213	6.035437675857565	2.940378676667875	3.215797282570901	3.137564677665984	2.033294382190619	3.980313747283436	9.202035490250443
ENSG00000125745	86.47870710393502	72.82761462201462	67.44493589606937	78.5860460928264	78.4391169416496	80.31512809652943	143.29129490220367	84.01858491098231
ENSG00000223115	107.11353960162018	151.288304408163	76.08229825878126	78.5860460928264	122.18045980087538	136.4340530449905	91.16813868777774	149.03296609209957
ENSG00000119431	18.196170475231447	15.49095670136775	14.701893383339373	18.490834374782683	21.77839011556389	22.772897080534925	12.320018741591587	15.603451483468143
ENSG00000187455	21.385190043055516	14.887412933781995	18.56114039646596	23.515517628799714	22.885765884151883	26.22949753025898	18.95387498706398	16.803716982196462
ENSG00000153023	98.29683844351833	75.44297094821957	79.39022427003262	64.11495832125735	62.382168297123684	130.5374993366377	74.10965119942016	82.41823091267788
ENSG00000225625	20.25965372499996	30.378369635149745	15.988309054381567	19.69675835574677	32.483022545247835	16.876343372182134	39.80313747283436	41.00907120655089
ENSG00000144372	11355.535912862479	11997.64537458139	11508.642140478061	11002.046452995697	15240.443577820372	16611.608443620913	6551.596428028535	7280.610471036193
ENSG00000138469	45.021452722222136	37.82207610204075	20.766424403966866	31.95698549554833	40.41921555346179	36.59929887943113	35.82282372555092	39.80880570782257
ENSG00000175745	18.571349247916633	9.857881537234023	20.582650736675124	9.04442985723066	9.781819289193951	9.353154158076846	15.921254989133743	6.201371743429647
ENSG00000153251	1.6883044770833302	1.005906279309594	0.7350946691669688	0.20098733016068132	1.6610636528819915	0.40665887643812365	1.3267712490944785	0.6001327493641594
ENSG00000108907	25.512156542592543	38.02325735790266	41.349075140641986	50.648807200491696	27.13070633040586	59.778854836404186	52.31269496429658	28.606327719691595
ENSG00000134101	320.4026718731476	267.9734328080759	249.38086651489414	168.82935733497231	158.72386016427922	311.7040287898218	165.84640613680983	242.45363074312039
ENSG00000201359	35.45439401874994	15.89331921309159	20.766424403966866	26.329340251049253	18.271700181701906	28.66945078888772	29.75758372969045	43.00951370443142
ENSG00000147207	159.8261571638886	573.3665792064687	245.15407216718404	222.49297448787422	242.88441857696677	412.75875958469555	377.37165099244385	233.451639502658
ENSG00000130593	21.572779429398107	5.633075164133728	31.792844441471395	7.63751854610589	17.34888704121191	10.573130787391216	20.091107486287818	7.001548742581859
ENSG00000243319	24.011441451851805	23.538206935844507	27.382276426469584	34.971795447958556	13.288509223055932	19.112967192591814	19.143413736934622	21.80482322689779
ENSG00000138188	28.51358672407402	26.555925773773286	62.11549954460885	27.13328957169198	23.070328512249883	20.94293213656337	24.260959983441897	14.403185984739824
ENSG00000211070	6.190449749305544	5.633075164133728	6.983399357086203	7.63751854610589	9.412694032997953	4.879906517257485	3.601236247542156	7.201592992369912
ENSG00000168574	1.3131257043981457	1.207087535171513	1.102642003750453	2.009873301606813	1.1073757685879944	1.4233060675334328	2.4640037483183175	2.6005752472446906
ENSG00000205927	4.689734658564806	4.023625117238376	4.594341682293554	4.823695923856352	7.567067752017962	6.303212584790917	6.254778745731113	6.001327493641594
ENSG00000110588	0.5627681590277767	0.6035437675857565	0.3675473345834844	0.40197466032136264	0.9228131404899953	1.4233060675334328	0.947693749353199	0.6001327493641594
ENSG00000241358	145.94454257453677	90.33038388200156	77.00116659523997	93.6600958548775	131.4085912057753	157.98697349621108	188.78059487115723	143.63177134782214
ENSG00000225132	28.51358672407402	26.958288285497122	18.56114039646596	18.892809035104044	25.285080049425872	26.83948584491616	52.69177246403787	32.80725696524071
ENSG00000106525	15.194740293749971	13.680325398610481	25.176992418968677	22.51058097799631	13.84219710734993	27.856133036011475	36.96005622477476	20.00442497880531
ENSG00000164548	12.943667657638864	3.8224438613764575	8.269815028128399	11.456277819158835	7.751630380115961	7.7265186523243505	9.47693749353199	10.80238948855487
ENSG00000102742	198.6571601368052	109.64378444474576	151.06195451381205	150.94148495067168	280.7197573370566	287.7111550799725	225.1720348463201	175.83889556369869
ENSG00000244080	5.06491343124999	6.840162699305241	5.329436351460523	10.45134116835543	4.6140657024499765	5.083235955476547	7.012933745213672	7.201592992369912
ENSG00000212304	693.1427825358784	1137.478820643289	779.751670318862	901.8301504309771	836.0687052839357	1355.5973646064854	734.6521944985999	978.4164257133677
ENSG00000153677	248.9311156766199	202.58952465295226	303.9616457005415	252.6410740119764	255.80380254382672	145.17721888841015	141.7749849032386	381.08429584624116
ENSG00000146591	9.004290544444427	10.260244048957862	8.637362362711881	3.4167846127315826	9.96638191729195	5.286565393695608	5.686162496119194	3.400752246396903
ENSG00000208932	18.946528020601814	18.307494283434615	17.090951058132024	26.530327581209935	23.624016396543883	18.70630831615369	20.28064623615846	20.204469228593364
ENSG00000216297	101.2982686249998	172.0099737619406	97.5838173319151	142.0980424236017	110.36845160260344	122.20099236965616	58.94655120976898	51.41137219552965
ENSG00000149340	302.0189120115735	353.4754665493914	223.6525530940502	289.42175543138114	559.7784510212311	261.48165754971353	348.37222226223594	311.8689854195748
ENSG00000207338	9.004290544444427	3.0177188379287827	4.594341682293554	10.45134116835543	4.244940446253978	7.3198597758862265	3.601236247542156	4.200929245549116
ENSG00000246501	9.754648089814797	13.479144142748561	8.269815028128399	8.843442527069978	9.597256661095951	5.896553708352793	2.843081248059597	9.60212398982655
ENSG00000151697	3970.8921300999928	3850.6092371971267	2840.0382543265832	4822.489999875387	6550.496796454182	4468.164404863884	2367.338985884291	4195.127962305262
ENSG00000237920	118.18131339583312	242.2222320577503	225.85783710155113	131.2447265949249	120.33483351989538	156.5636674286776	166.03594488668045	120.42663837240798
ENSG00000205040	133.1884643032405	113.46622830612223	102.54570634879214	247.41540342779874	123.47239819756136	83.56839910803441	289.61520980233763	140.23101910142523
ENSG00000148546	1228.8980699303218	1762.548982606271	1844.1687512726326	1263.8083320503642	1158.4996165711402	1595.7294311431974	1260.0536091400136	1424.7151469905143
ENSG00000246631	30.014301814814758	105.21779681578356	54.76455285293917	49.24189588936693	59.9828541318497	88.44830562529191	29.75758372969045	74.01637242157965
ENSG00000137646	10.12982686249998	11.064969072405537	7.902267693544912	9.04442985723066	7.197942495821963	14.436390113553392	16.300332488875025	6.601460243005753
ENSG00000155812	0.7503575453703689	2.011812558619188	0.5513210018752265	1.6078986412854506	0.1845626280979991	1.2199766293143712	0.5686162496119194	0.8001769991522124
ENSG00000133018	149.13356214236083	251.2753885715366	158.5966748727735	109.94006959789269	123.47239819756136	182.99649439715566	75.43642244851465	209.8464180276677
ENSG00000234940	3.5641983405092525	2.011812558619188	1.4701893383339375	4.421721263534989	3.137564677665984	2.643282696847804	2.843081248059597	3.2007079966088496
ENSG00000184217	78.41236349120356	92.34219644062074	116.32873139567279	64.5169329815787	86.92899783415757	102.07137798596905	92.68444868674287	74.81654942073186
ENSG00000151259	0.5627681590277767	0.20118125586191885	0.9188683364587108	1.4069113111247693	0.3691252561959982	0.20332943821906183	0.37907749974127963	0.4000884995761062
ENSG00000122110	7.878754226388875	8.851975257924428	6.7996256897944605	5.627645244499077	5.352316214841973	11.99643685492465	15.921254989133743	10.402300988978762
ENSG00000161926	31.139838132870313	48.88704517444628	24.441897749801708	27.33427690185266	26.577018446111865	26.026168092039914	18.006181237710784	14.803274484315931
ENSG00000209551	0.5627681590277767	3.4200813496526203	1.4701893383339375	2.2108606317674946	2.9530020495679854	2.2366238204096804	3.032619997930237	2.8006194970327436
ENSG00000164911	11.255363180555534	7.443706466890998	8.086041360836655	6.230607234981122	6.828817239625965	8.336506966981535	13.457251240815426	7.801725741734072
ENSG00000235399	5.81527097662036	5.633075164133728	5.329436351460523	7.235543885784528	5.167753586743974	3.4566004497240512	5.496623746248555	3.600796496184956
ENSG00000211374	23.63626267916662	51.90476401237506	29.03623943209526	19.093796365264726	21.59382748746589	16.876343372182134	60.841938708475375	50.41115094658939
ENSG00000145843	2.2510726361111066	0.8047250234476754	0.3675473345834844	1.808885971446132	1.6610636528819915	3.253271011504989	1.5163099989651185	5.80128324385354
ENSG00000156138	22.885905133796253	11.467331584129374	15.804535387089825	16.882935733497234	17.71801229740791	15.046378428210577	22.555111234606137	13.402964735799559
ENSG00000232991	288.51247619490687	369.77114827420684	241.4785988213492	645.9732791364298	593.737974591263	463.38778970124196	290.18382605194955	529.1170406894005
ENSG00000235226	414.947722589814	666.5135006705372	310.39372405575256	513.1206539002194	569.9293955666211	600.4318310608896	719.6786332588193	326.67225990389073
ENSG00000236595	1213.7033296365717	1658.337092069797	1867.3242333513922	1288.9317483204493	1427.5919283380229	1181.7506949291874	1351.790364077403	785.9738574172607
ENSG00000208928	49.336008608101764	42.650426242726795	69.2826725689868	60.899161038686444	86.55987257796156	79.9084692200913	88.13551868984752	31.406947216724337
ENSG00000180693	15.007150907407379	20.72166935377764	17.090951058132024	9.245417187391341	14.211322363545928	17.486331686839318	11.751402491979668	13.202920486011505
ENSG00000231244	85.16558139953688	67.3957207137428	33.9981284489723	94.46404517552023	35.80514985101182	63.84544360078543	57.24070246093322	34.60765521333319
ENSG00000151800	187.77697572893484	165.16981106263538	164.2936585588175	97.88082978825182	133.6233427429513	183.80981215003192	74.86780619890273	74.41646092115576
ENSG00000203079	63.030033811111	57.33665792064687	106.58872702921045	37.38364340988673	52.04666112363574	54.08563056627045	125.66419116423418	36.408053461425666
ENSG00000148013	487.3572257180547	477.4031201603334	830.8407498259663	428.3040005724119	584.140717930167	980.0478922158782	397.6522972286023	518.9147839502098
ENSG00000225371	8.44152238541665	8.449612746200591	3.4916996785431014	11.255290488998154	7.751630380115961	10.97978966382934	4.169852497154076	5.601238994065487
ENSG00000205900	16.507865998148116	18.70985679515845	14.150572381464148	15.476024422372461	13.103946594957934	28.262791912449597	14.025867490427345	20.404513478381418
ENSG00000242065	0.37517877268518446	3.8224438613764575	0.9188683364587108	1.205923980964088	0.7382505123919963	0.20332943821906183	2.084926248577038	1.4003097485163718
ENSG00000161799	11.067773794212941	20.319306842053802	4.961889016877039	10.45134116835543	8.305318264409959	17.486331686839318	13.836328740556706	20.204469228593364
ENSG00000113231	639.8673968145822	235.18088810258314	348.06732585055966	440.96620237253484	393.85664836113	505.0703245361496	487.3041259174149	81.41800966373762
ENSG00000106689	23.63626267916662	27.7630133089448	29.03623943209526	42.0063520035824	22.332077999857887	33.14269842970708	22.744649984476776	33.407389714604875
ENSG00000242685	134.50159000763864	163.3591797598781	82.3306029467005	86.82652662941433	116.4590183298374	215.73253395042462	127.55957866294058	125.22770036732123
ENSG00000115013	69.78325171944431	65.58508941098555	22.2366137423008	49.44288321952761	51.123847983145744	77.06185708502444	56.482547461450665	54.41203594235045
ENSG00000149064	247.43040058587917	210.43559363156712	224.20387409592544	152.54938359195714	96.52625449525351	154.12371417004888	152.38915489599438	327.8725254026191
ENSG00000207554	8.629111771759243	2.615356326204945	4.961889016877039	10.250353838194748	6.459691983429967	3.8632593261621753	6.633856245472393	2.4005309974566376
ENSG00000214918	76.16129085509246	116.68512839991293	66.52606755961067	114.56277819158836	54.99966317320372	68.31869124160478	79.98535244541	80.81787691437346
ENSG00000147371	103.36175187476833	107.83315314198849	77.00116659523997	83.61072934684344	163.52248849482717	150.8704431585439	202.04830736210204	121.62690387113629
ENSG00000150323	201.84617970462926	321.4876468673463	127.17137776588558	130.2397899441215	196.928324180565	172.01670473332632	252.27607607782156	300.8665516812319
ENSG00000223598	275.7563979236106	475.39130760171423	420.1066034289226	257.6657572659935	593.3688493350669	478.0275092530144	393.10336723170695	673.9490775359509
ENSG00000155143	10.505005635185166	11.467331584129374	10.842646370212789	9.245417187391341	7.93619300821396	8.743165843419659	12.509557491462227	10.002212489402655
ENSG00000136239	1.6883044770833302	1.6094500468953508	1.4701893383339375	1.205923980964088	1.1073757685879944	1.8299649439715566	0.947693749353199	1.4003097485163718
ENSG00000195068	3.5641983405092525	2.816537582066864	7.350946691669686	8.240480536587933	6.644254611527966	3.4566004497240512	8.52924374417879	10.402300988978762
ENSG00000139245	311.77356010138834	778.9738226973498	259.8559655505234	455.4372901441039	352.3300570390802	342.4067739609002	480.29119217220125	408.49035806720445
ENSG00000130651	0.5627681590277767	4.828350140686052	3.4916996785431014	1.808885971446132	1.6610636528819915	4.066588764381238	4.548929996895355	4.601017745125222
ENSG00000246681	2.4386620224536992	3.621262605514539	2.205284007500906	2.2108606317674946	1.1073757685879944	1.0166471910953094	1.3267712490944785	2.4005309974566376
ENSG00000113876	1.1255363180555533	1.8106313027572696	2.389057674792648	1.4069113111247693	1.4765010247839927	3.8632593261621753	2.4640037483183175	2.6005752472446906
ENSG00000137659	2.6262514087962914	1.005906279309594	2.389057674792648	1.808885971446132	2.3993141652739878	2.643282696847804	0.37907749974127963	2.000442497880531
ENSG00000129178	163.20276611805525	194.13991190675168	94.64343865524721	61.703110359329166	166.29092791629716	218.78247552371053	75.43642244851465	106.22349663745621
ENSG00000114298	3.189019567824068	8.851975257924428	6.7996256897944605	5.024683254017033	3.322127305763983	9.556483596295907	5.117546246507274	8.001769991522124
ENSG00000249470	15.569919066435157	8.248431490338673	13.231704045005435	10.65232849851611	6.090566727233969	5.083235955476547	6.444317495601753	4.801061994913275
ENSG00000132069	346.47759657476786	320.0793780763129	260.7748338869821	313.74122238082356	212.43158494079694	331.63031373528986	345.1500635144351	256.85681672786023
ENSG00000183532	180.27340027523115	145.65522924402924	112.28571071525447	159.3829528174203	201.173264626819	209.0226624891956	362.7771672524046	96.42132839784159
ENSG00000160951	548.886544438425	183.07494283434613	438.4839701580968	93.25812119455614	273.7063774693326	109.59456720007434	333.96727727206735	206.24562153148278
ENSG00000224140	5.06491343124999	3.4200813496526203	5.88075735333575	5.828632574659759	4.7986283305479756	6.70987146122904	3.790774997412796	4.000884995761062
ENSG00000163701	0.5627681590277767	1.408268791033432	0.9188683364587108	0.8039493206427253	0.5536878842939972	0.8133177528762473	0.5686162496119194	1.0002212489402655
ENSG00000182906	86.47870710393502	41.24215745169336	64.50455721940149	60.49718637836508	28.422644727091857	38.63259326162175	43.025296220635234	64.4142484317531
ENSG00000239314	690.7041205134246	727.6726024525605	765.7848716046896	518.9492864748792	491.49027862497155	1586.5796064233396	804.2129157011246	1136.851471545506
ENSG00000196468	7.128396681018505	14.485050422058157	16.539630056256797	21.505644327192904	19.379075950289902	10.97978966382934	18.95387498706398	8.401858491098231
ENSG00000180321	27.57563979236106	27.7630133089448	25.912087088135646	17.083923063657913	37.28165087579581	16.67301393396307	22.555111234606137	13.603008985587612
ENSG00000175866	0.37517877268518446	0.20118125586191885	0.0	0.40197466032136264	0.0	0.0	0.5686162496119194	0.2000442497880531
ENSG00000103250	675.3217908333321	628.0878808009106	1402.9281761051598	1660.3563344573884	533.9396830875113	1089.4391299777335	1146.1408204677589	835.7848756144858
ENSG00000185048	15.007150907407379	21.928756888949152	25.176992418968677	13.66713845092633	16.241511272623917	13.21641348423902	10.235092493014548	23.60522147499027
ENSG00000125857	0.37517877268518446	1.207087535171513	0.3675473345834844	0.8039493206427253	2.2147515371759887	0.8133177528762473	0.7581549994825593	1.800398248092478
ENSG00000224366	34.891625859722154	29.57364461170207	15.2532143852146	32.96192214635173	35.98971247910982	17.486331686839318	16.679409988616303	17.003761231984516
ENSG00000177851	7.315986067361097	11.668512839991292	4.778115349585296	7.034556555623847	7.382505123919962	12.403095731362773	8.90832124392007	9.402079740038497
ENSG00000127594	139.00373527986085	173.61942380883596	69.83399357086202	88.63541260086046	74.93242700778761	131.14748765129488	99.69738243195654	109.02411613448895
ENSG00000148354	1152.924368461572	1253.3592240197545	3232.9463549963284	1713.2160022896476	839.5753952177978	2428.770139526694	1683.1040988512814	3710.020656569233
ENSG00000218118	3.5641983405092525	7.04134395516716	4.2267943477100705	7.43653121594521	3.691252561959981	7.929848090543412	8.339704994308152	6.001327493641594
ENSG00000209554	33.39091076898142	24.745294471016017	19.48000873292467	31.75599816538765	33.036710429541834	57.74556045421357	30.51573872917301	54.21199169256239
ENSG00000164325	12.943667657638864	16.698044236539264	11.210193704796271	7.838505876266572	14.580447619741927	16.67301393396307	14.215406240297984	18.404070980500887
ENSG00000147161	8.253932999074058	7.04134395516716	11.7615147066715	6.029619904820439	6.828817239625965	10.573130787391216	4.928007496636635	9.001991240462392
ENSG00000158797	51.21190247152769	64.78036438753787	43.00303814626767	68.9386542451137	71.42573707392563	90.68492944570158	41.8880637214114	84.01858491098231
ENSG00000185200	506.4913431249991	414.2322058196909	512.1772107420854	558.3428031863727	319.2933466095384	758.4188045571007	820.7027869398703	494.3093412262793
ENSG00000138453	62.09208687939803	64.17682061995211	101.25929067774993	40.800428022618306	66.62710874337766	55.915595510242014	73.35149619993761	59.413142187051776
ENSG00000207322	42.77038008611103	17.905131771710778	23.706803080634742	9.04442985723066	25.100517421327872	9.963142472734031	31.08435497878493	13.202920486011505
ENSG00000186186	81.78897244537022	67.1945394578809	118.71778907046544	108.13118362644656	74.00961386729763	78.2818337143388	89.27275118907134	79.01747866628098
ENSG00000165935	99.0471959888887	43.656332522036394	133.23590878651308	47.03103525759943	115.90533044554341	52.2556656222989	73.35149619993761	69.21531042666638
ENSG00000240806	65.2811064472221	169.7969799474595	98.13513833379031	201.59029215116337	127.16365075952135	207.19269754522404	171.3430298830584	159.43526708107834
ENSG00000246160	10.12982686249998	12.875600375162806	9.188683364587108	17.88787238430064	9.96638191729195	4.879906517257485	9.47693749353199	7.801725741734072
ENSG00000205591	38.08064542754623	31.987819682045096	40.79775413876676	43.01128865438581	17.164324413113913	28.059462474230536	52.8813112139085	22.805044475838056
ENSG00000240647	1697.4963570141172	384.85974246385075	1095.4748307260752	629.6933053934147	2029.2660959374998	854.593628834717	1358.8032978226167	507.31221746250276
ENSG00000167895	18.38375986157404	45.26578256893174	18.7449140637577	13.466151120765648	17.71801229740791	34.76933393545958	34.49605247645645	52.011504944893815
ENSG00000233205	97.73407028449056	192.12809934813248	151.98082285027075	335.6488413683378	203.01889090779898	286.08451957422	246.96899108144368	171.23787781857348
ENSG00000122482	23.63626267916662	17.50276925998694	20.39887706938338	42.20733933374308	35.80514985101182	19.51962606902994	23.12372748421806	35.007743712909296
ENSG00000124581	14.25679336203701	36.01144479928347	29.587560433970488	44.217212635349895	34.32864882622783	36.395969441212074	26.15634748214829	17.203805481772566
ENSG00000237486	8.816701158101836	7.242525211029078	9.740004366462335	7.235543885784528	5.721441471037971	3.6599298879431132	7.012933745213672	5.401194744277435
ENSG00000193504	8725.72030572568	11552.833617870689	7762.048385401314	10608.513260541082	5028.039677273789	14346.518501860566	7062.213820180039	4292.749556201832
ENSG00000145039	476.8522200828695	325.91363449630853	274.00653793198757	302.2849445616647	403.269342394128	465.2177546452135	350.6466872606836	314.0694721672434
ENSG00000192400	418.8870997030085	297.74825867563993	372.32544993306965	172.2461419477039	381.8600775347601	349.72663373678637	105.57308367794637	321.8711979089774
ENSG00000177320	364.1109988909716	448.8353818279409	162.45592188590007	294.44643868539816	331.6590426921043	328.78370160022297	134.57251240815424	470.90416400107705
ENSG00000110443	3.5641983405092525	1.408268791033432	3.124152343959617	2.8138226222495386	1.2919383966859934	6.506542023009978	4.928007496636635	5.401194744277435
ENSG00000113182	4.126966499537029	9.857881537234023	4.410568015001812	10.65232849851611	4.983190958645975	2.643282696847804	8.52924374417879	5.80128324385354
ENSG00000119505	15.194740293749971	12.473237863438968	14.885667050631115	22.91255563831767	16.979761785015913	15.65636674286776	18.19571998758142	13.202920486011505
ENSG00000184760	0.7503575453703689	0.4023625117238377	0.7350946691669688	0.20098733016068132	0.5536878842939972	0.8133177528762473	1.1372324992238387	1.6003539983044248
ENSG00000151208	6.753217908333321	3.4200813496526203	6.7996256897944605	2.6128352920888576	2.768439421469986	3.0499415732859276	9.85601499327327	6.201371743429647
ENSG00000193824	140.8796291432868	95.9634590461353	239.82463581572352	154.7602442237246	111.29126474309344	287.30449620353437	161.48701488978512	228.85062175753276
ENSG00000217077	0.37517877268518446	0.8047250234476754	0.1837736672917422	0.8039493206427253	0.3691252561959982	0.0	0.5686162496119194	0.0
ENSG00000177847	4.314555885879622	9.455519025510187	7.167173024377944	4.220733933374309	4.060377818155979	3.253271011504989	2.2744649984476775	4.200929245549116
ENSG00000248969	34.328857700694385	16.496862980677346	65.42342555586022	20.90268233671086	48.72453381787175	34.362675059021456	39.992676222705	20.60455772816947
ENSG00000146929	15.007150907407379	21.325213121363397	19.66378240021641	24.721441609763804	14.949572875937925	21.75624988943962	30.705277479043648	31.406947216724337
ENSG00000204335	36.76751972314808	33.798450984802365	27.74982376105307	27.53526423201334	33.77496094193383	44.93580584641266	14.025867490427345	23.20513297541416
ENSG00000221587	4.689734658564806	5.834256419995646	9.004909697295366	3.215797282570901	11.073757685879944	3.6599298879431132	4.359391247024716	5.201150494489381
ENSG00000237013	109.36461223773128	91.93983392889692	216.11783273508877	347.3061065176573	145.43535094122325	224.88235867028243	209.81939610679828	150.633320090404
ENSG00000188872	0.18758938634259223	0.4023625117238377	0.0	0.0	0.3691252561959982	0.20332943821906183	0.18953874987063982	0.0
ENSG00000170363	81.22620428634244	73.02879587787653	65.7909728904437	31.354023505066287	41.71115395014779	43.715829217098296	58.75701245989834	52.011504944893815
ENSG00000157506	1.8758938634259223	0.6035437675857565	1.102642003750453	1.0049366508034066	1.1073757685879944	0.20332943821906183	5.875701245989834	1.4003097485163718
ENSG00000234558	4.126966499537029	5.834256419995646	6.615852022502717	4.421721263534989	5.721441471037971	6.099883146571855	7.202472495084312	12.602787736647347
ENSG00000134947	64.90592767453693	36.61498856686923	33.814354781680564	22.91255563831767	22.701203256053887	20.129614383687123	60.08378370899282	23.805265724778323
ENSG00000123321	586.5920110932859	1092.4142193302193	484.4273869810323	715.3139080418649	574.543461269071	997.5342239027174	721.384482007655	603.9335901101324
ENSG00000133390	3.189019567824068	1.8106313027572696	1.4701893383339375	7.235543885784528	2.768439421469986	4.269918202600299	2.653542498188957	2.200486747668584
ENSG00000110630	1.3131257043981457	1.8106313027572696	1.6539630056256793	1.205923980964088	2.2147515371759887	1.8299649439715566	2.4640037483183175	1.6003539983044248
ENSG00000192709	197.34403443240706	127.34773496059462	224.20387409592544	280.9802875646325	191.945133221919	178.72657619455538	199.20522611404243	152.83380683807258
ENSG00000119809	43.520737631481396	23.337025679982585	36.20341245647321	17.686885054139957	63.85866932190768	20.536273260125245	43.78345122011779	28.606327719691595
ENSG00000244235	56.83958406180545	32.18900093790701	34.18190211626405	20.90268233671086	26.02333056181787	26.22949753025898	59.894244959122176	18.404070980500887
ENSG00000122927	55.90163713009249	99.38354039578792	74.42833525315557	84.61566599764684	33.77496094193383	119.76103911102743	57.43024121080386	41.20911545633894
ENSG00000120594	300.1430181481476	177.84423018193627	232.2899154567621	245.00355546587056	207.81751923834696	290.55776721503935	223.84526359722562	197.24363029102037
ENSG00000212652	36.95510910949067	36.81616982273115	22.787934744176027	43.413263314707166	55.737913685595714	50.42570067832734	19.90156873641718	59.61318643683983
ENSG00000105671	0.37517877268518446	1.005906279309594	0.5513210018752265	0.602961990482044	0.0	0.20332943821906183	0.5686162496119194	0.4000884995761062
ENSG00000183827	15.194740293749971	18.70985679515845	16.539630056256797	19.29478369542541	15.503260760231923	30.092756856421154	23.692343733829976	11.202477988130974
ENSG00000223443	29.639123042129572	32.99372596135469	23.155482078759512	21.505644327192904	19.563638578387902	23.9928737098493	18.95387498706398	28.406283469903542
ENSG00000213869	0.7503575453703689	2.011812558619188	1.8377366729174216	2.2108606317674946	3.691252561959981	4.879906517257485	2.843081248059597	2.000442497880531
ENSG00000138839	2.6262514087962914	2.615356326204945	4.2267943477100705	3.617771942892264	4.7986283305479756	4.066588764381238	2.843081248059597	4.400973495337168
ENSG00000150233	112.55363180555534	107.02842811854083	100.34042234129122	202.99720346228816	86.92899783415757	102.68136630062624	91.54721618751903	82.21818666288983
ENSG00000140544	42.95796947245363	21.526394377225316	54.94832652023091	51.25176919097374	42.44940446253979	54.898948319146704	43.40437372037652	69.41535467645444
ENSG00000161692	4.314555885879622	4.828350140686052	3.4916996785431014	3.617771942892264	4.060377818155979	4.066588764381238	4.548929996895355	5.201150494489381
ENSG00000120559	93.60710378495354	54.721301594441925	58.62379986606575	65.11989497206075	55.737913685595714	127.69088720157086	102.91954117975742	28.20623922011549
ENSG00000100462	40.14412867731474	39.83388866065994	8.269815028128399	45.62412394647466	18.456262809799906	43.715829217098296	56.10346996170938	59.01305368747567
ENSG00000190239	0.7503575453703689	3.4200813496526203	2.205284007500906	2.009873301606813	0.7382505123919963	2.643282696847804	1.705848748835758	2.000442497880531
ENSG00000246083	23.63626267916662	18.106313027572696	26.09586075542739	20.701695006550178	12.550258710663936	14.436390113553392	16.48987123874566	16.403628482620356
ENSG00000212120	0.9379469317129612	0.8047250234476754	2.389057674792648	2.8138226222495386	0.9228131404899953	1.4233060675334328	0.7581549994825593	2.200486747668584
ENSG00000185277	5.627681590277767	5.029531396547971	5.513210018752265	5.024683254017033	4.7986283305479756	3.0499415732859276	3.601236247542156	4.601017745125222
ENSG00000152696	79.7254891956017	43.656332522036394	55.31587385481439	43.61425064486785	28.607207355189853	30.906074609297402	70.31887620200736	31.807035716300444
ENSG00000190112	3.189019567824068	2.011812558619188	3.3079260112513587	1.808885971446132	2.9530020495679854	3.0499415732859276	2.653542498188957	3.600796496184956
ENSG00000248385	2.0634832497685145	2.212993814481107	0.3675473345834844	2.6128352920888576	3.137564677665984	2.2366238204096804	2.653542498188957	2.8006194970327436
ENSG00000210441	58.90306731157396	59.34847047926606	77.73626126440693	45.2221492861533	40.0500902972658	102.47803686240718	88.13551868984752	76.21685916924824
ENSG00000149897	3.189019567824068	3.2189000937907015	2.389057674792648	2.411847961928176	4.6140657024499765	4.676577079038423	4.738468746765995	4.000884995761062
ENSG00000220556	22.510726361111068	10.662606560681699	6.983399357086203	25.72637826056721	15.687823388329921	20.129614383687123	9.666476243402629	19.40429222944115
ENSG00000116016	14.631972134722194	21.12403186550148	12.312835708546725	16.078986412854505	18.08713755360391	8.336506966981535	21.228339985511656	10.80238948855487
ENSG00000145306	16.507865998148116	17.301588004125023	15.436988052506342	20.09873301606813	27.868956842797857	17.486331686839318	12.888634991203507	20.00442497880531
ENSG00000124905	44.45868456319436	78.25950853028642	74.61210892044733	58.48731307675827	51.86209849553774	67.09871461229042	46.81607121804803	88.61960265610753
ENSG00000206932	14.444382748379603	16.295681724815427	14.150572381464148	17.88787238430064	9.781819289193951	9.149824719857783	15.352638739521824	14.403185984739824
ENSG00000217929	4.8773240449073985	11.064969072405537	2.7566050093761323	5.627645244499077	5.536878842939972	4.269918202600299	4.738468746765995	6.601460243005753
ENSG00000140062	7.691164840046282	11.668512839991292	9.556230699170593	12.059239809640879	10.15094454538995	17.486331686839318	16.868948738486942	11.402522237919028
ENSG00000209531	330.7200881219901	338.5880536156094	257.8344552103142	294.0444640250768	130.48577806528533	264.53159912299947	294.92229479871554	361.8800478665881
ENSG00000131674	107.86389714699054	180.2584052522793	227.14425277259332	118.58252479480198	196.559198924369	111.22120270582683	221.9498760985192	167.43703707260045
ENSG00000167570	30.764659360185128	33.19490721721661	13.966798714172405	26.329340251049253	41.71115395014779	30.092756856421154	22.934188734347416	24.005309974566376
ENSG00000225872	249.49388383564767	229.95017545017325	346.96468384680924	238.16998624040735	545.7516912857832	200.48282608399498	396.1359872296372	355.47863187337043
ENSG00000207915	247.43040058587917	144.2469604529958	56.05096852398136	89.84133658182455	88.22093623084355	93.53154158076846	142.53313990272113	109.02411613448895
ENSG00000171504	4.126966499537029	2.414175070343026	2.205284007500906	3.215797282570901	6.644254611527966	3.0499415732859276	3.790774997412796	6.001327493641594
ENSG00000140719	363.36064134560115	530.1126091961562	606.636875730041	319.5698549554833	561.0703894179172	570.7457330809066	380.59380974024475	1106.0446570781455
ENSG00000232747	15145.404285141869	5065.744022603116	17584.75090214493	8237.465726635524	16984.560413346462	6068.163754209682	14015.253320434591	13674.824871261524
ENSG00000123838	64.15557012916655	50.69767647720355	52.19172151085478	38.58956739085082	69.39554816484764	110.81454382938871	30.89481622891429	54.41203594235045
ENSG00000133231	3.3766089541666604	1.207087535171513	2.389057674792648	2.009873301606813	1.6610636528819915	1.0166471910953094	3.790774997412796	1.2002654987283188
ENSG00000122597	450.96488476759174	633.7209559650444	692.826725689868	907.6587830056369	536.1544346246873	815.147717820219	550.7996071240792	393.4870393331005
ENSG00000226586	118.18131339583312	95.9634590461353	62.29927321190059	154.1572822332426	71.42573707392563	85.60169349022505	65.2013299555001	156.43460333425753
ENSG00000105175	23.44867329282403	31.987819682045096	8.637362362711881	17.686885054139957	19.563638578387902	27.65280359779241	18.5747974873227	16.00353998304425
ENSG00000222884	0.5627681590277767	0.4023625117238377	0.1837736672917422	0.40197466032136264	0.5536878842939972	0.8133177528762473	0.5686162496119194	2.200486747668584
ENSG00000165636	25.699745928935137	41.6445199634172	18.193593061882474	16.68194840333655	12.550258710663936	35.58265168833582	24.071421233571254	21.60477897710974
ENSG00000183608	16.320276611805525	16.295681724815427	20.39887706938338	10.65232849851611	13.288509223055932	10.776460225610277	16.868948738486942	22.204911726473895
ENSG00000128677	40.51930744999992	12.674419119300888	37.4898281275154	12.059239809640879	25.46964267752387	14.436390113553392	37.52867247438668	20.00442497880531
ENSG00000156851	18.196170475231447	3.0177188379287827	12.129062041254983	16.68194840333655	10.15094454538995	7.1165303376671645	11.56186374210903	10.80238948855487
ENSG00000167162	219.10440324814772	152.6965731991964	307.0857980445012	146.92173834745805	282.01169573374256	167.54345709250697	616.7590920790619	304.86743667699295
ENSG00000242069	11.442952566898127	18.307494283434615	16.539630056256797	11.255290488998154	8.305318264409959	8.946495281638722	7.012933745213672	8.201814241310178
ENSG00000153271	62.46726565208321	56.12957038547536	74.79588258773906	54.66855380370532	90.25112513992154	37.61594607052644	70.12933745213672	74.21641667136771
ENSG00000222162	0.7503575453703689	0.4023625117238377	0.3675473345834844	0.40197466032136264	0.0	0.20332943821906183	0.37907749974127963	0.4000884995761062
ENSG00000129422	3.3766089541666604	6.236618931719484	1.8377366729174216	3.818759273052945	3.8758151900579807	2.8466121350668656	6.254778745731113	6.201371743429647
ENSG00000145726	23.26108390648144	37.21853233445499	19.48000873292467	36.37870675908332	43.00309234683378	29.279439103544906	18.19571998758142	36.208009211637616
ENSG00000100697	4.126966499537029	5.834256419995646	7.718494026253171	5.828632574659759	2.583876793371987	3.4566004497240512	3.790774997412796	2.200486747668584
ENSG00000117298	18.008581088888853	33.798450984802365	20.950198071258608	30.34908685426288	16.05694864452592	18.096320001496505	43.214834970505876	20.00442497880531
ENSG00000234203	23.26108390648144	23.739388191706425	17.82604572729899	26.932302241531296	24.915954793229872	16.876343372182134	41.31944747179948	23.20513297541416
ENSG00000152980	93.98228255763871	52.91067029168466	73.14191958211339	51.05078186081306	64.96604509049567	57.948889892432625	66.14902370485329	40.20889420739868
ENSG00000136101	20.07206433865737	20.72166935377764	18.56114039646596	18.289847044622	14.211322363545928	27.042815283135226	9.47693749353199	12.002654987283188
ENSG00000161095	80.66343612731467	78.05832727442451	183.58989362445044	91.65022255327068	95.04975347046953	96.78481259227344	84.53428244230535	96.22128414805356
ENSG00000127350	2.6262514087962914	1.207087535171513	0.5513210018752265	1.4069113111247693	1.6610636528819915	1.8299649439715566	1.5163099989651185	0.8001769991522124
ENSG00000150678	12.193310112268495	7.443706466890998	15.988309054381567	9.446404517552022	9.043568776801955	7.929848090543412	11.182786242367749	12.802831986435399
ENSG00000184563	812.449632249767	397.5341615831517	526.3277831235496	506.48807200491694	675.6837814667746	577.8622634185738	372.06456599606594	878.1942565695532
ENSG00000163864	26.82528224699069	14.283869166196236	39.14379113314108	12.863189130283605	33.77496094193383	10.776460225610277	12.699096241332867	14.603230234527878
ENSG00000229802	476.1018625374991	738.1340277573803	429.84660779538495	1076.0861656802879	583.0333421615791	578.8789106096691	507.7743109034441	283.6627461994593
ENSG00000244681	31.327427519212904	78.25950853028642	45.20832215376857	45.82511127663534	41.52659132204979	35.989310564773945	44.162528719859075	59.213097937263726
ENSG00000136011	13.131257043981456	16.899225492401182	13.415477712297177	10.250353838194748	17.71801229740791	27.856133036011475	22.555111234606137	23.405177225202216
ENSG00000170971	45.39663149490732	27.56183205308288	36.75473345834843	38.38858006069013	33.221273057639834	31.922721800392715	32.03204872813813	25.405619723082744
ENSG00000229372	717.3418133740728	611.7921990760952	647.4346298688076	655.6206709841425	726.6230668218222	923.725637829198	984.2747280782326	678.9501837806523
ENSG00000249329	31.327427519212904	10.260244048957862	38.592470131265856	18.490834374782683	18.640825437897906	13.21641348423902	15.163099989651185	12.802831986435399
ENSG00000122065	3.189019567824068	5.834256419995646	4.2267943477100705	2.009873301606813	6.275129355331968	1.8299649439715566	2.653542498188957	3.800840745973009
ENSG00000154969	59.09065669791656	100.99299044268325	96.66494899545637	57.0804017656335	98.37188077623351	42.0891937113458	80.17489119528064	55.41225719129071
ENSG00000166631	118.74408155486088	60.153195502713736	143.34346048755887	91.65022255327068	57.029852082281714	141.92394787690517	155.99039114353656	89.41977965525973
ENSG00000182919	164.703481208796	245.03876963981716	142.24081848380845	122.40128406785495	214.4617738498749	225.28901754672052	285.44535730518356	194.24296654419956
ENSG00000234611	0.18758938634259223	0.8047250234476754	2.205284007500906	1.0049366508034066	1.2919383966859934	2.033294382190619	0.7581549994825593	0.8001769991522124
ENSG00000244264	45.39663149490732	90.53156513786348	37.67360179480715	39.795491371814904	64.04323195000568	80.11179865831036	71.83518620097247	49.21088544786107
ENSG00000185327	32.26537445092586	31.38427591445934	28.301144762928296	32.15797282570901	19.009950694093902	24.806191462725547	48.900997466625064	41.8092482057031
ENSG00000236162	20.634832497685146	20.72166935377764	12.129062041254983	23.113542968478352	19.9327638345839	17.283002248620257	18.76433623719334	6.601460243005753
ENSG00000115315	5.252502817592583	13.8815066544724	7.167173024377944	9.848379177873385	5.721441471037971	10.776460225610277	15.163099989651185	8.201814241310178
ENSG00000224858	36.20475156412031	88.11739006752045	74.42833525315557	60.69817370852576	41.89571657824579	80.51845753474849	90.9785999379071	103.62292139021152
ENSG00000243066	19.509296179629594	19.313400562744206	15.804535387089825	31.555010835226966	28.422644727091857	14.233060675334329	37.718211224257324	27.40606222096328
ENSG00000211363	21.385190043055516	22.33111940067299	19.112461398341186	26.329340251049253	25.100517421327872	35.1759928118977	25.019114982924453	23.405177225202216
ENSG00000197112	1378.5944002317103	1172.484359163263	1406.0523284491194	1391.0333120420753	1385.6962117597768	3202.2353225120055	1554.9759039387288	2108.0663042665037
ENSG00000183726	27.388050406018465	31.987819682045096	25.36076608626042	41.80536467342172	21.962952743661887	29.686097979983032	35.254207475939005	37.20823046057788
ENSG00000242897	2.4386620224536992	2.011812558619188	3.675473345834843	1.6078986412854506	3.506689933861982	3.0499415732859276	1.705848748835758	4.601017745125222
ENSG00000148541	6.378039135648136	5.4318939082718085	3.8592470131265855	7.235543885784528	5.721441471037971	5.48989483191467	7.012933745213672	3.000663746820797
ENSG00000147344	6.190449749305544	9.254337769648266	6.064531020627491	8.843442527069978	5.906004099135971	12.403095731362773	2.4640037483183175	8.401858491098231
ENSG00000218745	0.7503575453703689	1.6094500468953508	1.102642003750453	0.40197466032136264	0.9228131404899953	0.40665887643812365	2.084926248577038	0.4000884995761062
ENSG00000167822	325.4675853043975	177.0395051584886	204.3563180284173	405.79341959441564	323.53828705579235	266.7682229434091	271.60902856462684	151.4334970895562
ENSG00000117010	1299.994447354164	785.813985396655	1003.0366760783288	1191.8548678528405	1519.1349918746303	1257.9992342613357	1859.9437524805885	885.5958938117111
ENSG00000150486	17.070634157175892	6.840162699305241	21.317745405842093	6.632581895302484	15.87238601642792	10.97978966382934	14.404944990168625	12.802831986435399
ENSG00000196116	204.47243111342553	130.76781631024724	165.21252689527623	233.94925230703308	166.29092791629716	223.66238204096805	223.84526359722562	240.85327674481596
ENSG00000111476	8.44152238541665	4.828350140686052	6.983399357086203	5.627645244499077	5.906004099135971	8.743165843419659	6.444317495601753	8.001769991522124
ENSG00000125984	4.8773240449073985	13.479144142748561	3.675473345834843	7.034556555623847	4.244940446253978	7.1165303376671645	4.359391247024716	7.801725741734072
ENSG00000114628	1.1255363180555533	0.6035437675857565	0.3675473345834844	2.009873301606813	1.1073757685879944	1.0166471910953094	1.5163099989651185	0.8001769991522124
ENSG00000231358	34.891625859722154	11.668512839991292	30.138881435845715	21.30465699703222	22.516640627955884	18.90963775437275	36.96005622477476	38.4084959593062
ENSG00000100157	296.76640919398096	318.87229054114135	217.404248406131	183.0994577763807	384.813079584328	450.374705655222	297.5758372969045	177.23920531221506
ENSG00000224585	298.0795348983791	291.7128209997823	453.55341087601965	217.4682912338572	273.3372522131366	214.9192161975484	335.1045097712912	496.70987222373583
ENSG00000194349	110.67773794212943	65.98745192270938	88.76268130191147	63.31100900061462	40.7883408096578	70.96197393845259	68.42348870330096	97.2215053969938
ENSG00000166473	19.696885565972185	21.12403186550148	35.10077045272275	11.858252479480198	36.35883773530581	20.332943821906188	21.98649498499422	7.801725741734072
ENSG00000182823	374.24082575347154	457.08381331827957	174.03366292527983	420.46549469614536	318.7396587252444	420.28194879880084	234.45943358998142	241.25336524439206
ENSG00000154762	882.9832415145817	1253.5604052756164	842.7860381999295	534.0233362369304	793.803863449494	680.1369708427619	972.3337868363822	1153.8552327774903
ENSG00000208446	8.629111771759243	7.04134395516716	13.599251379588921	2.411847961928176	11.812008198271942	3.8632593261621753	7.3920112449549515	5.201150494489381
ENSG00000126026	48.3980616763888	54.922482850303844	44.65700115189335	38.991542051172175	34.88233671052183	87.83831731063472	37.718211224257324	44.60986770273585
ENSG00000132361	38.45582420023141	25.95238200618753	20.766424403966866	27.53526423201334	31.56020940475784	26.026168092039914	22.934188734347416	25.205575473294694
ENSG00000186755	6.9408072946759125	12.473237863438968	6.064531020627491	6.230607234981122	8.305318264409959	6.506542023009978	6.254778745731113	7.601681491946018
ENSG00000249664	2.2510726361111066	2.816537582066864	2.389057674792648	1.4069113111247693	3.137564677665984	2.4399532586287425	2.2744649984476775	5.201150494489381
ENSG00000109622	2.6262514087962914	4.828350140686052	5.329436351460523	5.828632574659759	7.93619300821396	6.506542023009978	3.790774997412796	8.201814241310178
ENSG00000103890	39.20618174560178	32.99372596135469	41.53284880793373	36.37870675908332	45.21784388400977	40.05589932915518	41.8880637214114	47.21044294998054
ENSG00000196324	52.33743878958324	34.40199475238812	41.71662247522547	53.06065516241987	23.070328512249883	33.75268674436427	50.79638496533147	43.40960220400753
ENSG00000100076	47.46011474467584	72.02288959856693	31.60907077417965	46.428073267117384	44.848718627813774	35.58265168833582	27.483118731242772	35.007743712909296
ENSG00000133480	370.3014486402771	516.4322837975457	248.09445084385192	213.44854463064357	349.7461802457082	418.85864273126737	407.1292347221343	468.5036330036204
ENSG00000233844	18.571349247916633	7.04134395516716	16.907177390840282	8.039493206427252	14.765010247839925	8.539836405200598	13.836328740556706	3.400752246396903
ENSG00000216322	3.0014301814814757	2.414175070343026	1.102642003750453	2.009873301606813	1.2919383966859934	2.2366238204096804	3.2221587478008766	2.4005309974566376
ENSG00000168133	3.189019567824068	0.8047250234476754	1.102642003750453	5.225670584177715	2.768439421469986	3.8632593261621753	2.2744649984476775	2.8006194970327436
ENSG00000114064	48.585651062731394	82.2831336475248	93.17324931691327	54.467566473544636	75.48611489208162	58.76220764530888	77.1422711973504	69.61539892624248
ENSG00000176300	8.44152238541665	4.828350140686052	11.577741039379756	10.65232849851611	3.691252561959981	8.743165843419659	9.09785999379071	8.801946990674336
ENSG00000103511	1.5007150907407378	0.8047250234476754	0.1837736672917422	0.602961990482044	1.6610636528819915	1.0166471910953094	0.37907749974127963	1.0002212489402655
ENSG00000162572	223.60654852036996	287.2868333708201	109.16155837129484	244.8025681357099	105.93894852825147	223.2557231645299	142.15406240297986	197.44367454080844
ENSG00000170361	720.906011714582	318.6711092852795	421.0254717653813	525.7828557003423	304.89746161789446	562.612555552144	329.9869635247839	273.4604894602686
ENSG00000193488	21.760368815740698	62.96973308478059	57.52115786231529	35.37377010827991	36.72796299150182	17.283002248620257	46.81607121804803	23.20513297541416
ENSG00000142336	102.04862617037017	110.64969072405536	105.85363236004348	88.43442527069979	62.751293553319684	120.37102742568462	89.84136743868326	85.61893890928674
ENSG00000117099	1.3131257043981457	1.8106313027572696	1.6539630056256793	3.215797282570901	1.6610636528819915	1.4233060675334328	2.2744649984476775	3.000663746820797
ENSG00000124786	2.0634832497685145	1.6094500468953508	2.205284007500906	2.009873301606813	2.3993141652739878	0.8133177528762473	1.3267712490944785	1.6003539983044248
ENSG00000189610	25.32456715624995	46.87523261582709	15.2532143852146	54.869541133866	28.607207355189853	37.00595775586926	33.358819977232606	37.00818621078982
ENSG00000115557	36.57993033680549	46.47287010410325	55.49964752210614	50.44781987033102	59.4291662475557	53.882301128051395	68.04441120355969	41.00907120655089
ENSG00000159553	20.25965372499996	20.92285060963956	20.950198071258608	28.33921355265607	21.77839011556389	19.51962606902994	9.85601499327327	10.602345238766816
ENSG00000165639	15.382329680092564	18.70985679515845	27.382276426469584	31.153036174905605	13.288509223055932	21.552920451220555	11.182786242367749	11.60256648770708
ENSG00000159153	6.378039135648136	3.0177188379287827	6.983399357086203	7.43653121594521	2.9530020495679854	5.693224270133731	11.940941241850307	12.002654987283188
ENSG00000180739	284.94827785439765	547.4141972002811	471.0119092687352	679.940137933585	502.74859893894944	643.5376719633308	558.7602346186462	752.3664234528678
ENSG00000141489	4.8773240449073985	4.023625117238376	4.961889016877039	5.627645244499077	4.060377818155979	5.286565393695608	7.7710887446962325	7.401637242157966
ENSG00000120506	55.15127958472212	30.780732146873586	53.110589847313484	12.662201800122924	57.21441471037971	13.013084046019957	36.96005622477476	35.207787962697346
ENSG00000211111	296.57881980763835	146.45995426747692	298.9997566836645	166.0155347127228	216.30740013085492	126.67424001047554	179.68273487736653	186.84132930204163
ENSG00000124021	3.0014301814814757	3.0177188379287827	2.7566050093761323	3.617771942892264	5.536878842939972	3.253271011504989	3.601236247542156	3.2007079966088496
ENSG00000207268	37.33028788217586	21.325213121363397	51.82417417627129	24.319466949442443	35.98971247910982	58.355548768870754	27.29357998137213	55.41225719129071
ENSG00000209258	21.385190043055516	22.73348191239683	18.7449140637577	21.505644327192904	17.71801229740791	18.90963775437275	31.842509978267486	13.002876236223454
ENSG00000210912	52.71261756226842	105.62015932750738	120.7392994106746	102.70452571210816	78.9928048259436	53.67897168983232	144.99714365103944	68.21508917772611
ENSG00000245922	0.0	0.6035437675857565	0.5513210018752265	0.20098733016068132	0.1845626280979991	0.0	0.18953874987063982	0.0
ENSG00000182241	11.255363180555534	10.863787816543617	12.68038304313021	13.265163790604968	15.503260760231923	8.946495281638722	24.071421233571254	17.603893981348673
ENSG00000190844	4.689734658564806	6.236618931719484	3.8592470131265855	6.833569225463165	7.382505123919962	4.879906517257485	7.012933745213672	2.8006194970327436
ENSG00000188741	373.115289435416	166.17571734194496	182.30347795340822	382.8808639560979	265.2164965768247	449.56138790234576	267.24963731760215	281.2622152020027
ENSG00000211591	20.822421884027737	30.780732146873586	23.890576747926485	35.5747574384406	29.160895239483853	31.922721800392715	24.071421233571254	48.01061994913275
ENSG00000224230	22.323136974768477	10.059062793095942	23.155482078759512	7.43653121594521	14.211322363545928	9.556483596295907	12.130479991720948	12.20269923707124
ENSG00000209785	179.52304272986078	177.64304892607433	213.5450013930044	223.29692380851696	207.63295661024893	112.03452045870307	673.4311782903833	85.61893890928674
ENSG00000178742	102.42380494305537	85.90439625303934	78.8389032681574	180.48662248429184	76.22436540447362	60.38884315106137	77.52134869709167	40.20889420739868
ENSG00000190033	247.05522181319398	204.60133721157146	217.404248406131	142.50001708392307	141.00584786687128	284.0512251920294	226.87788359515585	158.03495733256196
ENSG00000241139	141.62998668865714	209.02732484053368	310.026176721169	239.37591022137147	167.39830368488515	235.25216001945455	213.04155485459913	241.4534094941801
ENSG00000118607	100.17273230694425	51.502401500651224	128.09024610234428	153.55432024276053	128.82471441240335	143.95724225909578	107.27893242678213	117.62601887537524
ENSG00000164349	20.25965372499996	7.443706466890998	26.27963442271913	8.039493206427252	14.211322363545928	9.556483596295907	11.182786242367749	6.401415993217699
ENSG00000179454	60.4037824023147	47.07641387168901	72.03927757836293	13.66713845092633	76.03980277637561	45.95245303750798	86.80874744075304	57.21265543938319
ENSG00000141792	29.639123042129572	91.33629016131115	62.66682054648408	52.25670584177715	43.37221760302978	61.60881978037574	48.900997466625064	93.62070890080886
ENSG00000143857	51.96226001689805	58.946107967542225	49.80266383606212	48.4379465687242	74.19417649539562	65.47207910653792	76.38411619786784	86.41911590843895
ENSG00000136253	29.076354883101796	29.77482586756399	71.12040924190423	31.555010835226966	73.64048861110163	35.379322250116765	72.97241870019631	52.211549194681865
ENSG00000149329	28.888765496759206	33.59726972894045	33.63058111438882	46.227085936956705	22.516640627955884	18.50297887793463	43.97298996998844	65.21442543090531
ENSG00000191493	10.880184407870349	19.91694433032997	18.009819394590732	10.65232849851611	9.597256661095951	9.963142472734031	9.28739874366135	8.201814241310178
ENSG00000157011	30.389480587499943	33.59726972894045	29.03623943209526	14.87306243189042	34.51321145432583	30.702745171078337	17.05848748835758	24.205354224354426
ENSG00000114870	5.81527097662036	4.828350140686052	4.2267943477100705	4.019746603213626	2.768439421469986	2.643282696847804	3.032619997930237	1.2002654987283188
ENSG00000117872	5.4400922039351745	2.414175070343026	3.4916996785431014	6.632581895302484	6.459691983429967	2.4399532586287425	5.117546246507274	4.000884995761062
ENSG00000106393	129.62426596273124	152.09302943161063	43.18681181355941	78.5860460928264	88.59006148703955	104.91799012103591	177.40826987891884	113.82517812940222
ENSG00000214410	27.76322917870365	26.354744517911367	26.64718175730261	10.65232849851611	27.68439421469986	9.353154158076846	27.86219623098405	6.601460243005753
ENSG00000104467	22.323136974768477	52.709489035822735	20.21510340209164	34.36883345747651	35.06689933861983	71.16530337667164	20.28064623615846	27.80615072053938
ENSG00000155553	8.629111771759243	14.686231677920075	7.718494026253171	10.853315828676791	11.812008198271942	10.369801349172155	5.875701245989834	14.203141734951771
ENSG00000191376	1.3131257043981457	0.8047250234476754	1.4701893383339375	0.40197466032136264	1.1073757685879944	1.0166471910953094	1.1372324992238387	1.0002212489402655
ENSG00000160766	10.12982686249998	14.485050422058157	15.069440717922857	10.65232849851611	25.285080049425872	15.453037304648701	6.254778745731113	16.203584232832302
ENSG00000187213	596.9094273421285	884.5939820248572	808.0528150817903	594.9224972756167	468.7890753689176	905.4259883894824	441.81482594846136	969.4144344729054
ENSG00000248826	30.20189120115735	13.277962886886643	14.334346048755888	13.265163790604968	37.83533876008981	21.75624988943962	15.352638739521824	35.007743712909296
ENSG00000149249	5.06491343124999	9.053156513786348	5.145662684168781	9.04442985723066	14.026759735447929	6.506542023009978	9.09785999379071	10.002212489402655
ENSG00000169320	79.7254891956017	106.42488435095507	88.0275866327445	124.61214469962242	94.31150295807751	77.87517483790069	84.3447436924347	143.63177134782214
ENSG00000174559	7.691164840046282	6.638981443443321	14.150572381464148	16.68194840333655	12.365696082565938	12.403095731362773	15.542177489392465	15.403407233680092
ENSG00000228336	5.627681590277767	8.650794002062511	7.350946691669686	7.838505876266572	10.889195057781945	10.97978966382934	13.646789990686065	8.201814241310178
ENSG00000165890	0.9379469317129612	1.408268791033432	0.7350946691669688	2.8138226222495386	0.5536878842939972	1.6266355057524946	0.947693749353199	1.0002212489402655
ENSG00000230249	1.1255363180555533	1.6094500468953508	1.102642003750453	0.8039493206427253	0.1845626280979991	0.40665887643812365	0.37907749974127963	1.4003097485163718
ENSG00000208768	102.61139432939797	47.07641387168901	76.266071926073	64.11495832125735	74.74786437968962	57.74556045421357	43.025296220635234	51.011283695953544
ENSG00000122216	30.577069973842537	29.17128209997823	28.484918430220038	32.559947486030374	37.09708824769781	50.42570067832734	16.679409988616303	36.80814196100177
ENSG00000212495	66.03146399259246	32.79254470549277	25.912087088135646	53.26164249258055	53.52316214841973	44.52914696997455	76.57365494773849	23.805265724778323
ENSG00000177914	102.61139432939797	110.85087197991727	119.08533640504892	139.88718179183422	106.12351115634947	105.5279784356931	88.89367368933006	189.8419930488624
ENSG00000127479	25.699745928935137	14.887412933781995	14.885667050631115	13.265163790604968	24.17770428083788	13.41974292245808	17.627103737969502	23.60522147499027
ENSG00000244897	20.634832497685146	23.739388191706425	18.928687731049443	15.877999082693824	33.221273057639834	35.58265168833582	17.437564988098863	31.206902966936287
ENSG00000127054	6.190449749305544	3.8224438613764575	2.5728313420843905	4.622708593695671	7.013379867723964	5.48989483191467	3.601236247542156	5.201150494489381
ENSG00000118829	1.6883044770833302	6.236618931719484	4.043020680418327	6.230607234981122	7.013379867723964	5.48989483191467	4.928007496636635	5.001106244701328
ENSG00000217871	3.189019567824068	8.248431490338673	6.432078355210976	1.205923980964088	9.228131404899953	3.8632593261621753	4.548929996895355	5.201150494489381
ENSG00000121326	171.45669911712932	102.60244048957861	163.926111224234	226.71370842124855	199.88132623013297	129.31752270732332	192.76090861844068	281.66230370157876
ENSG00000215213	280.2585431958328	144.85050422058157	226.59293177071808	66.52680628318551	98.1873181481355	142.12727731512425	333.77773852219667	142.2314615993058
ENSG00000248763	4.689734658564806	4.828350140686052	2.205284007500906	2.8138226222495386	5.167753586743974	3.253271011504989	2.653542498188957	2.6005752472446906
ENSG00000132111	9.567058703472204	18.508675539296533	15.2532143852146	11.255290488998154	11.996570826369938	12.403095731362773	20.65972373589974	18.60411523028894
ENSG00000181362	27.200461019675874	51.10003898892739	27.198502759177842	22.108606317674948	37.65077613199181	32.73603955326896	23.692343733829976	43.20955795421948
ENSG00000243723	2.8138407951388835	3.8224438613764575	2.7566050093761323	2.2108606317674946	5.721441471037971	2.8466121350668656	2.653542498188957	3.600796496184956
ENSG00000137742	158.32544207314785	85.50203374131551	63.40191521565105	140.8921184426376	142.11322363545926	97.59813034514968	42.26714122115268	78.41734591691682
ENSG00000202058	4.126966499537029	3.0177188379287827	4.043020680418327	5.627645244499077	12.365696082565938	5.083235955476547	5.875701245989834	8.001769991522124
ENSG00000134251	14.631972134722194	5.633075164133728	6.248304687919234	8.441467866748617	10.889195057781945	7.5231892141052885	3.980313747283436	10.80238948855487
ENSG00000192068	7.128396681018505	12.875600375162806	15.620761719798082	14.471087771569056	10.704632429683945	17.283002248620257	13.836328740556706	18.60411523028894
ENSG00000104644	0.7503575453703689	0.0	0.3675473345834844	0.8039493206427253	0.9228131404899953	1.2199766293143712	0.5686162496119194	0.4000884995761062
ENSG00000101374	0.5627681590277767	0.8047250234476754	0.3675473345834844	0.40197466032136264	0.3691252561959982	1.4233060675334328	0.18953874987063982	0.2000442497880531
ENSG00000171663	4.8773240449073985	7.846068978614835	6.248304687919234	3.4167846127315826	3.137564677665984	3.0499415732859276	3.411697497671516	3.600796496184956
ENSG00000136656	251.74495647175883	303.7836963514975	300.10239868741496	239.17492289121077	272.41443907264664	212.88592181535776	203.18553986132588	282.46248070073096
ENSG00000210467	48.210472290046205	127.14655370473272	48.70002183231167	132.450650575889	110.18388897450545	62.82879640969011	75.81549994825592	156.83469183383363
ENSG00000116498	57.58994160717582	56.53193289719919	97.95136466649858	80.19394473411185	72.16398758631763	80.51845753474849	52.502233714167225	60.813451935568146
ENSG00000233349	11.442952566898127	6.437800187581403	9.556230699170593	6.632581895302484	7.751630380115961	8.336506966981535	8.150166244437512	9.202035490250443
ENSG00000215486	6.753217908333321	13.076781631024726	11.02642003750453	12.260227139801563	10.15094454538995	8.336506966981535	7.581549994825592	12.002654987283188
ENSG00000143622	34.51644708703697	18.307494283434615	24.258124082509966	41.20240268293968	23.254891140347883	37.00595775586926	16.110793739004382	13.803053235375664
ENSG00000209817	88.91736912638872	36.61498856686923	60.645310206274914	43.61425064486785	65.15060771859366	30.296086294640215	83.20751119321086	25.00553122350664
ENSG00000169869	0.9379469317129612	1.005906279309594	0.3675473345834844	1.4069113111247693	0.9228131404899953	2.2366238204096804	1.1372324992238387	1.6003539983044248
ENSG00000217013	3.7517877268518447	7.644887722752915	10.658872702921046	3.617771942892264	10.335507173487947	4.473247640819361	18.385258737452062	7.001548742581859
ENSG00000139670	5.252502817592583	7.443706466890998	5.696983686044007	6.632581895302484	13.84219710734993	3.6599298879431132	6.823394995343032	8.801946990674336
ENSG00000199781	375.3663620715271	597.508329909899	246.8080351728097	720.5395786260425	383.890266443838	417.43533666373395	215.3160198530468	404.4894730714434
ENSG00000151564	14.25679336203701	3.4200813496526203	24.441897749801708	10.250353838194748	14.395884991643927	8.133177528762475	22.176033734864856	11.60256648770708
ENSG00000147921	5.252502817592583	3.8224438613764575	5.145662684168781	3.617771942892264	6.090566727233969	2.8466121350668656	8.150166244437512	5.001106244701328
ENSG00000246230	126.99801455393495	220.29347516880114	206.01028103404298	180.28563515413117	69.94923604914165	126.2675811340374	138.74236490530834	62.61385018366062
ENSG00000144859	6.9408072946759125	12.07087535171513	11.210193704796271	12.461214469962243	11.073757685879944	8.133177528762475	10.235092493014548	17.203805481772566
ENSG00000130021	202.40894786365703	135.39498519507137	140.403081810891	272.94079435820527	165.18355214770915	156.7669968668967	161.29747613991447	112.6249126306739
ENSG00000109983	1.6883044770833302	4.627168884824133	4.594341682293554	3.818759273052945	4.7986283305479756	4.879906517257485	7.202472495084312	5.401194744277435
ENSG00000173864	738.351824644443	1949.0440067902698	827.9003711492985	1665.9839797018876	929.0882698453273	1484.9148873138088	1107.0958379944072	1283.4839066401487
ENSG00000132626	34.328857700694385	10.662606560681699	22.2366137423008	15.0740497620511	13.84219710734993	27.65280359779241	18.5747974873227	30.606770217572127
ENSG00000248296	32.828142609953645	35.2067197758358	33.079260112513595	49.44288321952761	28.607207355189853	32.73603955326896	39.23452122322244	15.803495733256197
ENSG00000120339	23.073494520138844	10.863787816543617	19.847556067508155	20.90268233671086	22.147515371759887	14.639719551772453	19.332952486805258	14.403185984739824
ENSG00000194884	20.07206433865737	31.987819682045096	27.93359742834481	25.324403600245848	16.05694864452592	28.466121350668658	21.4178787353823	11.202477988130974
ENSG00000199866	19.321706793287	34.603176008250045	25.176992418968677	32.559947486030374	27.68439421469986	30.906074609297402	39.61359872296372	48.6107526984969
ENSG00000178903	17.63340231620367	11.064969072405537	12.68038304313021	9.446404517552022	12.734821338761934	12.809754607800897	12.130479991720948	8.201814241310178
ENSG00000192483	341.7878619162031	451.6519194100078	538.6406188320963	536.4351841988585	289.39420085766255	357.24982295089166	249.43299482976198	353.4781893754899
ENSG00000115153	0.37517877268518446	0.20118125586191885	0.0	1.205923980964088	0.3691252561959982	0.20332943821906183	0.18953874987063982	0.0
ENSG00000227903	1.8758938634259223	2.816537582066864	1.8377366729174216	2.009873301606813	2.3993141652739878	2.643282696847804	3.032619997930237	5.001106244701328
ENSG00000243292	21.947958202083292	9.857881537234023	9.740004366462335	14.87306243189042	13.473071851153932	11.99643685492465	13.836328740556706	12.402743486859293
ENSG00000215637	15.382329680092564	14.08268791033432	20.950198071258608	16.882935733497234	20.3018890907799	28.466121350668658	56.10346996170938	23.20513297541416
ENSG00000211573	302.76926955694387	542.3846658037332	587.5244143316996	391.52331915300726	488.72183920350153	815.5543766966571	407.69785097174616	324.071684656646
ENSG00000142880	108.05148653333313	63.57327685236636	51.64040050897955	128.43090397267537	69.21098553674965	115.89777978486525	83.7761274428228	113.62513387961417
ENSG00000216354	39.20618174560178	33.59726972894045	18.7449140637577	12.260227139801563	28.976332611385853	58.15221933065169	35.63328497568028	32.80725696524071
ENSG00000176641	3.3766089541666604	4.828350140686052	4.2267943477100705	4.019746603213626	3.137564677665984	5.48989483191467	4.359391247024716	4.601017745125222
ENSG00000246096	1463.94757101759	2409.3467202023403	2143.9036026254644	1573.9317824882955	1060.3122984230047	1234.0063605514863	1666.0456113629239	1123.6485510594944
ENSG00000189061	202.22135847731445	182.27021781089846	171.09328424861195	126.22004334090786	180.87137553603907	88.24497618707285	174.56518863085927	181.04004605818807
ENSG00000121192	2377.8830612786996	4646.683466642739	6902.355169810544	4173.099936126227	3857.3589272481804	5961.2124697064555	3890.8514573444936	3687.0155678436067
ENSG00000238024	1.3131257043981457	1.207087535171513	3.124152343959617	1.205923980964088	2.768439421469986	3.253271011504989	3.601236247542156	1.2002654987283188
ENSG00000159317	1463.94757101759	877.351456813828	994.9506347174922	1196.477576446536	441.8429316666098	1206.9635452683513	906.1847631315288	625.1382805876659
ENSG00000176947	17.070634157175892	24.946475726877935	26.09586075542739	48.035971908402836	23.993141652739876	26.026168092039914	27.29357998137213	26.805929471599118
ENSG00000214412	5.06491343124999	4.224806373100296	5.513210018752265	5.828632574659759	1.4765010247839927	9.963142472734031	10.045553743143909	4.400973495337168
ENSG00000150382	44.271095176851766	43.05278875445063	23.155482078759512	98.28280444857317	31.56020940475784	80.31512809652943	32.03204872813813	54.01194744277434
ENSG00000182798	37.89305604120363	34.2008134965262	38.96001746584934	24.922428939924487	31.92933466095384	37.61594607052644	44.731144969470996	23.405177225202216
ENSG00000174887	12.756078271296271	16.094500468953505	9.37245703187885	15.877999082693824	16.426073900721914	14.233060675334329	10.99324749249711	18.404070980500887
ENSG00000169507	1.3131257043981457	1.408268791033432	1.2864156710421952	1.205923980964088	2.3993141652739878	0.8133177528762473	1.705848748835758	1.6003539983044248
ENSG00000149687	14.25679336203701	3.8224438613764575	13.231704045005435	7.63751854610589	17.164324413113913	7.5231892141052885	4.359391247024716	14.003097485163718
ENSG00000214773	1.6883044770833302	4.023625117238376	2.7566050093761323	1.4069113111247693	1.1073757685879944	1.4233060675334328	3.032619997930237	5.401194744277435
ENSG00000122881	43.708327017824	43.45515126617447	71.30418290919596	22.309593647835626	95.60344135476352	22.569567642315867	56.10346996170938	18.804159480076994
ENSG00000227590	1.3131257043981457	1.408268791033432	1.2864156710421952	2.009873301606813	2.768439421469986	0.8133177528762473	0.947693749353199	2.8006194970327436
ENSG00000225437	46.70975719930547	60.95792052616141	33.63058111438882	54.06559181322328	41.34202869395179	37.00595775586926	62.92686495705242	33.607433964392925
ENSG00000219171	8.629111771759243	9.656700281372103	14.150572381464148	15.0740497620511	9.043568776801955	20.332943821906188	9.85601499327327	12.602787736647347
ENSG00000177516	236.17503740532365	145.45404798816733	256.18049220468856	178.07477452236367	140.45215998257729	211.46261574782432	222.8975698478724	157.0347360836217
ENSG00000119111	3.189019567824068	3.4200813496526203	6.064531020627491	2.411847961928176	6.828817239625965	7.5231892141052885	5.686162496119194	3.800840745973009
ENSG00000164284	2.8138407951388835	4.627168884824133	2.205284007500906	4.019746603213626	2.0301889090779897	2.643282696847804	1.705848748835758	2.200486747668584
ENSG00000187494	1.1255363180555533	1.408268791033432	1.2864156710421952	2.009873301606813	0.9228131404899953	2.643282696847804	2.2744649984476775	1.6003539983044248
ENSG00000159734	42.77038008611103	37.017351078593066	68.54757789981983	60.899161038686444	41.52659132204979	68.11536180338572	49.28007496636635	35.80792071206151
ENSG00000241279	6146.929011674062	8028.942740193319	9088.894263247694	10329.140871617736	7679.466392529643	9968.835697004164	8789.859525250922	10589.142318280803
ENSG00000119987	2.6262514087962914	2.212993814481107	3.124152343959617	1.808885971446132	2.583876793371987	1.4233060675334328	3.411697497671516	2.000442497880531
ENSG00000170678	5.81527097662036	9.254337769648266	11.210193704796271	10.049366508034066	6.828817239625965	9.75981303451497	10.614169992755828	8.601902740886283
ENSG00000236196	723.9074418960635	324.5053657052751	274.37408526657106	803.9493206427253	615.1472394506309	966.62814929342	595.7202908434208	435.89642028816775
ENSG00000137014	122.68345866805534	75.44297094821957	77.5524875971152	174.4570025794714	127.34821338761934	79.09515146721506	159.21254989133743	91.62026640292832
ENSG00000177916	291.32631699004577	288.8962834177155	348.06732585055966	807.5670925856176	466.3897612036436	365.58632991787323	498.86598965952396	422.89354405194433
ENSG00000205853	54.77610081203693	55.928389129613436	54.21323185106394	46.026098606796026	26.02333056181787	40.86921708203143	43.214834970505876	57.81278818874735
ENSG00000128784	57.40235222083322	54.922482850303844	75.89852459148952	68.13470492447098	107.96913743732945	31.31273348573552	76.19457744799719	52.81168194404602
ENSG00000180502	22.885905133796253	30.177188379287823	7.902267693544912	47.23202258776011	17.71801229740791	31.109404047516463	18.19571998758142	33.607433964392925
ENSG00000203996	3.7517877268518447	3.0177188379287827	3.124152343959617	3.818759273052945	3.506689933861982	1.8299649439715566	1.705848748835758	3.400752246396903
ENSG00000166594	50.461544926157316	59.75083299098989	28.668692097511776	48.4379465687242	50.754722726949744	50.42570067832734	43.593912470247155	38.4084959593062
ENSG00000117930	3.0014301814814757	3.0177188379287827	3.124152343959617	4.019746603213626	4.983190958645975	3.6599298879431132	3.601236247542156	4.000884995761062
ENSG00000190374	88.16701158101836	105.01661555992163	50.5377585052291	88.83639993102115	46.50978228069577	69.33533843270008	83.7761274428228	102.62270014127125
ENSG00000222301	0.0	0.4023625117238377	0.0	0.40197466032136264	0.0	0.40665887643812365	0.0	0.0
ENSG00000129564	0.18758938634259223	0.20118125586191885	0.1837736672917422	0.8039493206427253	0.5536878842939972	0.6099883146571856	0.5686162496119194	0.8001769991522124
ENSG00000220576	16.13268722546293	21.526394377225316	15.804535387089825	22.309593647835626	21.962952743661887	15.65636674286776	18.19571998758142	17.003761231984516
ENSG00000199317	14.069203975694418	45.869326336517496	31.60907077417965	26.128352920888574	35.80514985101182	44.93580584641266	39.992676222705	19.804380729017257
ENSG00000142355	1314.6264194888865	1287.9624000280044	785.0811066703225	1169.9472488653262	1409.1356655282227	744.1857438817664	564.0673196150241	664.9470862954886
ENSG00000231166	4.502145272222213	6.035437675857565	3.124152343959617	6.431594565141802	1.8456262809799906	3.8632593261621753	2.4640037483183175	7.601681491946018
ENSG00000116499	76.34888024143505	73.6323396454623	89.49777597107844	79.79197007379048	48.35540856167576	103.90134292994061	46.43699371830675	77.41712466797655
ENSG00000223155	0.9379469317129612	0.6035437675857565	0.3675473345834844	0.20098733016068132	0.7382505123919963	0.20332943821906183	0.5686162496119194	0.4000884995761062
ENSG00000114276	2240.380041089579	2126.6870557163443	944.412876212263	2635.5468603970144	2988.991762047095	1374.10034348442	2587.393474484104	4248.539776998672
ENSG00000104831	0.37517877268518446	0.20118125586191885	0.1837736672917422	0.602961990482044	0.0	0.0	0.37907749974127963	0.0
ENSG00000118192	235.2370904736107	377.41603599695975	226.77670543800983	403.38157163248746	692.8481058798884	463.591119139461	418.69109846424334	225.44986951113586
ENSG00000226917	13.881614589351825	11.869694095853212	9.188683364587108	11.858252479480198	11.073757685879944	13.41974292245808	11.940941241850307	11.402522237919028
ENSG00000226295	0.7503575453703689	0.0	0.5513210018752265	0.40197466032136264	0.1845626280979991	1.8299649439715566	0.18953874987063982	0.6001327493641594
ENSG00000210066	6.378039135648136	7.04134395516716	4.778115349585296	7.63751854610589	5.536878842939972	6.506542023009978	7.7710887446962325	8.601902740886283
ENSG00000165354	171.8318778898145	196.35290572123282	115.22608939192234	132.04867591556763	137.3145953049113	114.47447371733182	76.95273244747976	84.61871766034646
ENSG00000208789	19.321706793287	25.95238200618753	17.458498392715505	19.69675835574677	16.05694864452592	12.606425169581835	13.457251240815426	16.60367273240841
ENSG00000217324	5.81527097662036	5.633075164133728	4.410568015001812	6.431594565141802	1.6610636528819915	2.033294382190619	3.411697497671516	4.801061994913275
ENSG00000173470	48.585651062731394	23.135844424120666	17.642272060007247	22.108606317674948	33.221273057639834	35.1759928118977	27.483118731242772	29.806593218419916
ENSG00000219315	10.505005635185166	8.449612746200591	19.66378240021641	27.33427690185266	15.134135504035925	23.9928737098493	21.038801235641017	19.004203729865047
ENSG00000119309	117.61854523680535	273.0029642046239	70.38531457273726	173.452065928668	157.6164843956912	146.39719551772453	149.35653489806415	124.22747911838098
ENSG00000125040	129.99944473541643	100.99299044268325	83.98456595232616	144.71087771569057	88.03637360274556	95.9714948393972	52.12315621442595	96.62137264762966
ENSG00000177717	10.12982686249998	7.443706466890998	15.988309054381567	9.446404517552022	21.77839011556389	11.386448540267462	23.881882483700615	10.002212489402655
ENSG00000218717	2.6262514087962914	5.4318939082718085	6.432078355210976	3.617771942892264	7.567067752017962	3.4566004497240512	4.738468746765995	5.401194744277435
ENSG00000125293	28.325997337731426	28.768919588254395	30.873976105012684	22.71156830815699	16.610636528819917	24.602862024506482	42.646218720893955	27.80615072053938
ENSG00000149042	8.816701158101836	13.479144142748561	20.031329734799897	20.90268233671086	11.073757685879944	7.1165303376671645	10.235092493014548	18.003982480924783
ENSG00000202426	41.832433154398075	36.21262605514539	32.34416544334662	50.44781987033102	13.288509223055932	51.44234786942265	36.770517474904125	33.20734546481682
ENSG00000150523	2.6262514087962914	2.816537582066864	2.205284007500906	2.8138226222495386	2.583876793371987	2.4399532586287425	0.7581549994825593	3.2007079966088496
ENSG00000134740	23.44867329282403	25.95238200618753	27.014729091886096	19.495771025586087	38.389026644383804	25.009520900944608	26.724963731760212	22.605000226050002
ENSG00000193797	3.0014301814814757	3.2189000937907015	2.7566050093761323	6.029619904820439	1.6610636528819915	4.269918202600299	1.705848748835758	4.000884995761062
ENSG00000135839	41.64484376805547	62.366189317194845	69.46644623627853	56.075465114830095	40.7883408096578	72.58860944420508	53.070849963779146	52.211549194681865
ENSG00000203003	27.950818565046244	25.95238200618753	25.728313420843904	66.7277936133462	25.285080049425872	39.24258157627894	36.201901225292204	16.403628482620356
ENSG00000115949	25.13697776990736	14.283869166196236	26.27963442271913	26.932302241531296	20.671014346975895	7.7265186523243505	19.143413736934622	16.403628482620356
ENSG00000233515	0.5627681590277767	1.207087535171513	1.4701893383339375	0.40197466032136264	1.1073757685879944	1.4233060675334328	0.37907749974127963	0.6001327493641594
ENSG00000196019	308.77212991990683	226.5300941005206	202.51858135549986	263.69537717081386	138.79109632969528	71.57196225310977	132.29804740970658	115.6255763774947
ENSG00000230763	4.689734658564806	5.23071265240989	2.0215103402091636	4.220733933374309	3.506689933861982	3.4566004497240512	5.117546246507274	1.800398248092478
ENSG00000117261	4.8773240449073985	11.668512839991292	10.842646370212789	5.627645244499077	4.060377818155979	4.269918202600299	5.307084996377914	7.401637242157966
ENSG00000236806	15.382329680092564	15.89331921309159	14.885667050631115	22.71156830815699	26.20789318991587	21.75624988943962	19.143413736934622	15.803495733256197
ENSG00000109949	34.51644708703697	74.03470215718613	58.80757353335749	41.80536467342172	17.164324413113913	32.93936899148802	32.03204872813813	74.41646092115576
ENSG00000231789	5.4400922039351745	8.047250234476753	7.902267693544912	11.657265149319517	5.906004099135971	8.133177528762475	8.52924374417879	6.801504492793806
ENSG00000143335	5.06491343124999	6.035437675857565	8.269815028128399	6.431594565141802	6.459691983429967	5.286565393695608	9.47693749353199	6.801504492793806
ENSG00000100973	1.5007150907407378	1.8106313027572696	0.7350946691669688	1.0049366508034066	1.4765010247839927	0.6099883146571856	0.5686162496119194	1.800398248092478
ENSG00000103717	203.34689479537	190.31746804537522	76.63361926065649	147.12272567761875	230.14959723820482	161.64690338415417	87.56690244023558	188.6417275501341
ENSG00000203847	11.255363180555534	8.851975257924428	6.248304687919234	8.039493206427252	5.536878842939972	7.1165303376671645	9.47693749353199	9.402079740038497
ENSG00000102084	9.004290544444427	8.650794002062511	6.248304687919234	13.466151120765648	7.197942495821963	5.286565393695608	7.3920112449549515	8.001769991522124
ENSG00000110120	0.0	0.6035437675857565	0.3675473345834844	0.40197466032136264	0.7382505123919963	0.20332943821906183	0.37907749974127963	0.2000442497880531
ENSG00000103308	6.9408072946759125	4.627168884824133	3.124152343959617	7.034556555623847	9.412694032997953	11.183119102048401	6.254778745731113	4.200929245549116
ENSG00000117354	172.58223543518486	119.50166598197978	100.70796967587471	122.40128406785495	85.45249680937357	135.62073529211426	54.58715996274426	99.22194789487435
ENSG00000233692	110.86532732847202	194.94463693019935	228.06312110905205	280.57831290431113	121.81133454467938	240.53872541315016	184.98981987374447	244.654117490789
ENSG00000233433	3.5641983405092525	3.4200813496526203	2.205284007500906	1.4069113111247693	1.4765010247839927	4.676577079038423	3.411697497671516	4.400973495337168
ENSG00000106720	19.696885565972185	20.118125586191884	17.458498392715505	23.716504958960396	21.40926485936789	30.906074609297402	15.163099989651185	43.00951370443142
ENSG00000124633	114.24193628263868	44.66223880134598	47.78115349585297	54.66855380370532	75.67067752017962	95.36150652474001	77.1422711973504	146.832479344431
ENSG00000143538	2.6262514087962914	2.816537582066864	1.6539630056256793	1.205923980964088	1.2919383966859934	1.2199766293143712	2.653542498188957	1.6003539983044248
ENSG00000147463	5.627681590277767	11.869694095853212	6.248304687919234	5.828632574659759	10.704632429683945	7.929848090543412	13.836328740556706	15.803495733256197
ENSG00000142097	67.5321790833332	113.46622830612223	129.56043544067822	73.56136283880937	81.76124424741359	77.06185708502444	74.86780619890273	120.62668262219603
ENSG00000117794	223.98172729305514	165.16981106263538	154.7374278596469	82.60579269604003	259.49505510578666	176.89661125058382	208.87170235744506	165.23655032493187
ENSG00000162608	0.9379469317129612	1.408268791033432	0.7350946691669688	2.6128352920888576	2.2147515371759887	2.2366238204096804	1.895387498706398	1.0002212489402655
ENSG00000103414	1.6883044770833302	3.2189000937907015	2.205284007500906	3.617771942892264	5.167753586743974	3.8632593261621753	1.705848748835758	2.8006194970327436
ENSG00000191703	196.96885565972184	173.41824255297405	229.7170841146777	288.215831450417	298.2532070063665	353.18323418651045	162.2451698892677	206.24562153148278
ENSG00000126232	9.004290544444427	11.467331584129374	6.432078355210976	11.255290488998154	12.734821338761934	10.776460225610277	12.130479991720948	13.803053235375664
ENSG00000106231	70.34601987847209	42.85160749858871	86.37362362711882	55.472503124348044	45.03328125591177	44.32581753175548	138.17374865569641	26.805929471599118
ENSG00000228294	3.0014301814814757	0.8047250234476754	3.675473345834843	1.4069113111247693	1.4765010247839927	2.8466121350668656	0.18953874987063982	2.8006194970327436
ENSG00000126475	147.63284705162008	148.4717668260961	166.86648990090188	257.0627952755114	110.18388897450545	201.90613215152842	274.45210981268644	163.4361520768394
ENSG00000205448	24.38662022453699	43.656332522036394	32.71171277793011	56.67842710531214	70.31836130533765	39.649240452717066	63.305942456793694	24.205354224354426
ENSG00000114437	296.95399858032357	307.00259644528813	249.38086651489414	394.53812910541745	471.18838953419163	442.03819868824047	494.31705966262865	557.723368409092
ENSG00000124162	3.5641983405092525	4.425987628962214	6.7996256897944605	2.411847961928176	7.013379867723964	4.879906517257485	9.85601499327327	3.400752246396903
ENSG00000207432	8.629111771759243	19.313400562744206	3.675473345834843	5.225670584177715	5.352316214841973	5.693224270133731	7.012933745213672	10.202256739190709
ENSG00000115903	0.5627681590277767	2.615356326204945	3.124152343959617	1.4069113111247693	1.6610636528819915	1.6266355057524946	1.1372324992238387	0.6001327493641594
ENSG00000125018	0.5627681590277767	3.2189000937907015	1.2864156710421952	0.40197466032136264	2.3993141652739878	1.8299649439715566	1.895387498706398	3.000663746820797
ENSG00000248756	1.1255363180555533	2.011812558619188	1.2864156710421952	1.6078986412854506	2.0301889090779897	1.4233060675334328	0.7581549994825593	2.8006194970327436
ENSG00000141442	21.01001127037033	21.928756888949152	26.46340809001087	19.29478369542541	41.71115395014779	36.395969441212074	49.090536216495714	26.605885221811064
ENSG00000152076	3.9393771131944373	3.4200813496526203	2.205284007500906	4.622708593695671	5.721441471037971	2.643282696847804	1.5163099989651185	3.600796496184956
ENSG00000111869	16.13268722546293	22.934663168258748	18.193593061882474	19.495771025586087	23.993141652739876	17.892990563277444	17.81664248784014	11.402522237919028
ENSG00000170606	3.9393771131944373	4.627168884824133	3.124152343959617	4.220733933374309	4.429503074351977	1.8299649439715566	3.2221587478008766	6.801504492793806
ENSG00000120953	80.47584674097207	27.56183205308288	39.32756480043282	45.42313661631398	69.76467342104365	50.222371240108274	106.89985492704085	35.4078322124854
ENSG00000141537	96.42094458009241	134.7914414274856	86.18984995982707	84.81665332780753	143.77428728834127	92.51489438967313	87.94597993997688	161.2356653291708
ENSG00000195451	88.35460096736095	63.77445810822827	82.51437661399223	104.5134116835543	63.12041880951568	115.28779147020806	88.70413493945942	58.81300943768762
ENSG00000200419	141.81757607499975	166.77926110953072	115.40986305921408	103.10650037242952	86.55987257796156	138.87400630361924	54.966237462485545	154.8342493359531
ENSG00000170400	16.320276611805525	13.277962886886643	14.885667050631115	15.677011752533144	14.395884991643927	13.21641348423902	10.803708742626469	8.801946990674336
ENSG00000202417	82.91450876342577	88.11739006752045	61.93172587731711	83.61072934684344	105.01613538776147	84.38171686091067	59.5151674593809	72.41601842327523
ENSG00000106568	8.629111771759243	11.467331584129374	10.475099035629304	17.284910393818596	12.550258710663936	11.183119102048401	3.2221587478008766	19.604336479229204
ENSG00000213946	7.503575453703689	3.0177188379287827	7.350946691669686	4.019746603213626	6.459691983429967	3.253271011504989	9.666476243402629	3.400752246396903
ENSG00000160351	2.0634832497685145	0.6035437675857565	1.4701893383339375	1.6078986412854506	1.1073757685879944	1.6266355057524946	1.3267712490944785	0.6001327493641594
ENSG00000210354	16.8830447708333	26.153563262049452	16.907177390840282	16.68194840333655	12.550258710663936	11.183119102048401	17.248026238228224	15.603451483468143
ENSG00000114125	27.388050406018465	46.47287010410325	25.728313420843904	48.4379465687242	54.44597528890972	52.2556656222989	23.12372748421806	24.005309974566376
