	SRR6200001	SRR6200002	SRR6200003	SRR6200004	SRR6200005	SRR6200006	SRR6200007	SRR6200008	SRR6200009	SRR6200010	SRR6200011	SRR6200012
ENSG00000075624	70	28	33	17	61	40	53	51	21	30	48	45
ENSG00000111640	88	104	165	132	109	54	91	98	116	176	142	260
ENSG00000166710	3080	4495	6763	3830	3455	7493	5717	3582	3917	4770	4908	4792
ENSG00000165704	809	400	660	477	433	477	753	643	906	1099	445	480
ENSG00000256269	7	10	10	6	1	2	4	5	6	5	7	0
ENSG00000073578	221	165	166	122	143	183	161	206	147	263	103	93
ENSG00000112592	41	59	39	77	63	26	64	74	32	44	41	56
ENSG00000089157	188	276	204	288	106	158	321	98	240	207	203	184
ENSG00000164924	6	8	4	17	8	9	5	7	6	5	9	0
ENSG00000196262	210	230	251	182	369	229	253	168	250	226	182	211
TP53	260	244	91	191	200	284	151	261	271	230	417	216
ACTB	3717	2863	3306	2754	6785	9150	18266	21208	13485	10771	9477	6020
GAPDH	419	243	320	229	214	449	233	301	284	578	194	325
MYC	448	348	652	447	292	385	501	261	415	392	354	240
BRCA1	4	5	13	6	11	16	8	2	7	8	6	3
EGFR	12195	19104	13447	14626	9573	7650	12941	7363	13532	21064	12531	12823
KRAS	5	5	1	5	6	1	3	5	1	1	3	2
PTEN	1707	1416	2192	2165	3901	6164	3165	7987	3695	3033	2431	4001
RB1	59	59	52	73	63	54	101	35	52	43	91	62
APC	28	34	27	30	38	45	29	25	16	26	24	25
CDH1	49	21	32	51	43	28	36	24	44	37	44	81
VHL	38	11	32	29	44	37	40	57	54	65	40	52
SMAD4	365	427	391	200	147	267	295	413	403	374	283	460
PIK3CA	145	171	239	69	121	188	115	112	140	103	99	131
BRAF	3077	2755	2276	3691	4040	4885	2389	3728	2776	4392	2795	3854
ALK	6	4	7	4	5	5	1	3	6	3	11	0
FGFR1	128	125	191	93	302	131	183	211	174	124	148	152
NRAS	49	48	38	28	62	26	35	17	16	26	39	20
IDH1	499	411	793	475	888	675	763	806	667	411	482	501
CDKN2A	8	1	2	7	2	2	3	2	6	5	1	3
MDM2	87	77	60	53	68	37	57	70	97	46	83	47
BCL2	250	148	128	259	281	277	196	219	135	132	210	100
VEGFA	9	7	10	10	6	9	8	16	8	10	14	3
FLT3	971	1096	1470	2069	975	842	1031	923	1411	1142	1818	822
NPM1	151	201	235	137	345	220	362	229	233	263	288	195
DNMT3A	662	1018	1241	1233	1634	1007	1570	1661	873	1002	1821	1353
TET2	627	1070	1162	1843	1092	1462	1012	1036	540	1480	908	982
RUNX1	7	27	7	24	12	30	37	16	38	20	23	9
CEBPA	19	26	48	24	92	155	157	195	70	66	57	39
NF1	62	136	120	82	178	82	118	85	106	73	94	123
PTPN11	477	699	718	548	647	752	655	658	951	437	393	617
JAK2	632	852	1549	784	919	630	604	709	498	977	984	527
STAT3	45	39	14	71	30	34	36	38	64	31	44	50
KIT	43	68	33	49	166	165	170	208	101	155	86	101
PDGFRA	22	17	33	17	30	34	22	61	35	25	25	31
ABL1	54	45	70	60	48	62	54	60	56	43	35	34
BCR	190	120	83	104	647	421	500	440	248	183	230	178
PML	121	205	78	99	98	166	109	92	98	160	181	102
RARA	10196	11921	9466	12239	9815	7302	9164	10199	10893	13148	8477	9529
NOTCH1	33	42	42	25	70	68	73	43	45	73	74	48
FBXW7	77	61	84	100	71	72	110	87	81	100	97	62
SF3B1	361	268	375	976	225	168	246	365	874	325	289	337
SRSF2	35	36	36	19	48	19	11	9	25	23	13	43
U2AF1	43	74	80	72	54	48	67	65	71	44	118	99
ASXL1	158	145	202	119	164	157	158	135	369	70	233	108
EZH2	645	572	779	1074	666	664	785	872	1171	548	1112	782
SUZ12	17	6	13	11	8	22	6	9	24	13	13	18
KDM6A	2933	3022	3664	2015	1865	1740	1962	1896	3531	1311	3107	1508
ARID1A	68	63	75	65	43	54	79	73	62	75	99	82
CREBBP	202	180	209	390	167	204	280	190	176	231	238	334
ENSG00000243849	1537	1361	783	794	853	548	1273	828	1027	1156	935	1350
ENSG00000135537	632	532	730	879	541	795	595	672	922	1001	568	484
ENSG00000116602	1193	1966	1967	1705	1090	894	2181	786	1846	1381	1408	1320
ENSG00000249042	262	199	134	176	205	204	223	185	235	176	161	120
ENSG00000153143	225	142	167	157	114	126	231	153	114	163	132	64
ENSG00000108048	415	300	216	257	222	140	295	361	347	241	422	299
ENSG00000197737	16	18	35	31	28	24	33	12	23	22	21	20
ENSG00000243956	1294	1798	1695	1596	1219	2766	1450	1330	2114	1778	2608	1306
ENSG00000199172	39	34	23	34	37	60	30	55	15	29	32	35
ENSG00000188457	16	10	2	18	41	24	27	34	29	35	27	39
ENSG00000223169	5640	7120	6300	17744	12239	15183	13198	9196	8936	9207	10521	11325
ENSG00000173601	129	122	105	171	243	177	59	94	118	86	131	167
ENSG00000177361	19	14	15	16	23	13	24	13	19	7	6	16
ENSG00000211408	6659	7800	4189	8164	5142	7490	8854	7886	8802	11279	8118	6462
ENSG00000111041	49	77	64	73	73	74	82	94	119	82	78	97
ENSG00000223407	1378	1065	1004	2005	1348	450	2056	916	1124	1225	1058	1601
ENSG00000214692	29	34	26	42	41	19	56	37	28	50	40	20
ENSG00000204310	106	95	102	114	97	58	38	104	76	68	36	81
ENSG00000228103	5	7	7	3	19	9	35	26	8	14	13	12
ENSG00000122398	5	5	6	2	5	5	0	1	8	0	4	1
ENSG00000215136	24	14	21	20	30	25	32	11	23	15	18	16
ENSG00000222555	135	149	160	215	161	67	126	113	103	160	176	141
ENSG00000124174	397	633	1041	559	411	704	730	858	622	926	1101	840
ENSG00000226949	34551	23339	18169	19069	35561	14295	22093	15697	26522	20936	16232	17067
ENSG00000187583	30	11	22	8	12	12	13	24	20	27	19	16
ENSG00000123963	762	1088	1188	1546	942	1341	951	1319	1013	1230	1502	1265
ENSG00000175116	85	37	32	54	40	29	33	45	26	35	25	23
ENSG00000238608	112	108	188	106	145	121	127	124	134	112	72	93
ENSG00000198566	12	5	8	4	9	11	7	7	6	13	16	9
ENSG00000117052	8	13	7	8	5	8	12	3	8	9	10	10
ENSG00000146536	33	34	45	44	15	38	31	22	45	26	48	31
ENSG00000222463	11	23	17	11	22	19	19	22	10	23	15	12
ENSG00000120062	219	177	197	168	121	129	184	194	174	161	172	181
ENSG00000216355	74	21	36	45	57	35	63	54	44	25	49	44
ENSG00000155393	1859	2126	2278	1546	8030	6742	5452	5691	2133	4706	3314	4511
ENSG00000172904	62	177	245	197	172	153	241	279	111	386	175	266
ENSG00000246645	236	363	174	250	320	214	303	386	349	193	247	154
ENSG00000125276	992	1202	821	570	2518	1695	979	1713	1269	1985	1114	1428
ENSG00000144046	378	358	462	546	392	586	437	383	408	765	410	466
ENSG00000138029	137	147	166	196	194	124	149	92	141	162	150	85
ENSG00000140258	85	204	174	46	43	138	237	137	124	74	134	167
ENSG00000219271	86	170	139	158	116	102	43	136	174	74	56	122
ENSG00000147955	898	913	1845	1412	2065	2209	1062	1070	1136	597	1097	932
ENSG00000203500	927	504	389	432	565	1276	1174	900	548	702	731	716
ENSG00000170820	433	317	284	321	293	464	286	112	420	161	398	170
ENSG00000128582	663	837	652	1046	415	410	1018	1000	445	946	668	981
ENSG00000120263	63	62	64	47	76	46	51	54	72	60	49	27
ENSG00000184191	458	436	297	519	387	719	257	356	363	424	384	350
ENSG00000221734	13	9	16	3	11	13	3	13	19	14	6	7
ENSG00000211809	3752	3528	902	2181	2084	2958	3247	1948	2160	2587	2923	2268
ENSG00000244401	192	195	171	280	218	172	157	186	233	156	214	211
ENSG00000222476	156	226	189	207	262	119	165	308	123	232	299	157
ENSG00000238106	270	268	523	785	474	447	460	366	335	720	371	407
ENSG00000123110	178	113	104	82	124	200	131	79	219	226	165	262
ENSG00000149060	159	101	115	108	140	386	203	235	219	189	280	343
ENSG00000141797	1383	1983	1915	1336	4492	11072	7673	6747	3543	3370	2854	2797
ENSG00000215708	167	180	113	135	169	100	301	307	143	281	159	176
ENSG00000205019	31	33	23	14	26	16	13	26	11	24	27	30
ENSG00000141169	661	474	598	360	514	360	396	697	468	342	396	450
ENSG00000119217	4	4	9	7	7	8	6	9	2	7	6	5
ENSG00000162409	6979	3158	6004	4388	3246	3775	4268	3208	4043	3732	2592	5338
ENSG00000217779	136	185	96	161	114	150	94	112	103	53	90	90
ENSG00000134655	230	188	131	84	37	185	68	205	189	162	182	199
ENSG00000245200	12861	13019	16039	12269	22203	14514	17399	10755	14687	15057	7812	12074
ENSG00000165530	10433	13690	12250	13581	8678	14052	15217	9800	24481	9821	8672	11829
ENSG00000246417	114	209	165	172	258	149	228	107	126	325	109	305
ENSG00000212627	790	370	671	360	736	651	696	606	646	997	579	708
ENSG00000107496	954	1542	1388	1244	1107	862	1187	937	1615	600	1138	938
ENSG00000146542	5344	4031	6476	6497	4653	6107	6220	2784	3736	10117	2949	4962
ENSG00000185965	93	99	109	138	110	88	125	169	63	96	118	105
ENSG00000168274	232	381	143	197	180	215	214	254	131	223	176	265
ENSG00000238869	1799	1695	1202	737	2854	2731	2026	2169	1590	1686	1719	1376
ENSG00000174644	231	417	262	248	274	276	406	285	273	422	311	131
ENSG00000237123	832	312	603	527	697	750	1206	583	573	819	574	657
ENSG00000128163	914	458	455	615	752	503	468	454	435	816	396	424
ENSG00000237681	20	14	21	13	60	64	99	40	31	18	36	39
ENSG00000189618	22	26	43	45	131	53	69	219	73	56	73	48
ENSG00000217464	4	1	1	2	2	0	2	2	2	2	1	2
ENSG00000196953	119	29	100	64	100	77	105	97	61	103	82	57
ENSG00000137845	2329	2186	2370	4750	3644	2173	2711	2032	2622	951	2833	2880
ENSG00000232433	7	12	20	8	12	23	22	17	18	14	17	10
ENSG00000174636	1247	1893	1657	2011	2615	2005	1641	2802	1717	1612	1846	1851
ENSG00000203994	903	602	779	1673	1326	996	1357	1224	1294	882	782	1303
ENSG00000136100	161	215	123	135	173	180	148	75	100	140	121	167
ENSG00000222147	174	108	88	124	199	275	194	101	166	106	147	136
ENSG00000210480	205	196	128	271	95	226	193	140	229	96	169	101
ENSG00000231455	51	32	25	19	40	17	24	15	28	40	28	31
ENSG00000176987	62	78	88	152	34	138	123	147	88	98	83	116
ENSG00000184616	119	176	91	179	195	144	163	199	227	171	187	76
ENSG00000176149	458	618	500	677	444	505	748	410	527	850	498	267
ENSG00000226686	991	1002	1329	745	1014	1381	1529	830	808	772	918	1286
ENSG00000115476	69	50	27	52	22	29	34	29	25	24	45	22
ENSG00000156725	977	402	843	1354	444	593	736	648	884	813	796	1016
ENSG00000180522	32	18	44	46	40	11	30	30	30	11	21	30
ENSG00000150792	138	120	158	70	99	204	90	139	72	129	125	65
ENSG00000151341	296	301	434	203	385	255	492	318	286	326	431	275
ENSG00000186171	113	188	242	196	114	151	129	203	106	141	187	199
ENSG00000231465	151	81	237	104	104	160	125	120	139	122	152	72
ENSG00000142607	269	185	315	177	189	406	209	250	482	155	245	245
ENSG00000151085	36	70	52	59	41	49	59	69	36	42	43	83
ENSG00000226080	37	45	37	43	50	83	37	46	32	46	36	72
ENSG00000198384	123	128	68	49	87	110	227	66	41	162	108	104
ENSG00000106530	574	805	1044	1141	490	1514	2234	745	833	951	1007	1509
ENSG00000195684	110	119	124	124	167	121	150	64	108	88	92	117
ENSG00000108731	10896	8108	5142	5845	11736	6306	13894	7793	7258	7898	8697	4578
ENSG00000146299	280	224	321	137	170	316	198	209	278	226	305	331
ENSG00000123612	0	1	0	3	0	2	2	0	6	2	0	1
ENSG00000225342	76	108	116	92	37	44	81	52	29	87	65	106
ENSG00000211491	4124	2729	3379	6620	2887	5284	5493	5799	6989	5108	4210	5098
ENSG00000104515	219	211	89	185	133	256	119	155	120	120	243	109
ENSG00000132207	49	74	57	71	67	35	48	65	67	43	98	88
ENSG00000245284	28	38	41	30	19	37	13	32	11	21	49	36
ENSG00000226408	1835	1754	2923	3254	6594	15251	9984	10333	3222	3475	2295	3769
ENSG00000235316	1478	1032	1011	1383	7314	8252	4367	5855	1629	2680	1841	2337
ENSG00000103331	598	599	534	420	905	405	642	568	528	852	1036	653
ENSG00000140747	395	635	709	284	568	525	605	415	162	432	550	411
ENSG00000151047	2758	3181	1736	2857	3040	2668	2109	3927	2466	2322	2133	2555
ENSG00000154161	426	898	994	887	682	852	903	966	593	873	893	501
ENSG00000158652	7	15	10	11	23	5	9	18	5	9	23	17
ENSG00000224281	631	481	769	575	718	934	1053	853	465	719	725	649
ENSG00000193726	246	262	94	204	141	226	266	180	408	231	180	217
ENSG00000134845	188	193	71	119	105	129	130	67	152	146	167	171
ENSG00000222500	562	674	425	668	1023	310	868	378	294	505	444	888
ENSG00000148137	195	109	113	170	134	247	109	194	150	231	104	184
ENSG00000101571	1	1	0	1	1	2	1	2	2	2	1	0
ENSG00000215673	3537	4376	3299	3327	22443	22825	16874	7451	11702	5354	9051	9368
ENSG00000166075	1084	1341	1559	1328	750	1415	1199	1163	1206	1082	872	1495
ENSG00000196305	151	207	116	133	104	117	132	156	148	263	115	173
ENSG00000158645	56	69	61	94	78	76	80	70	120	124	67	64
ENSG00000240836	251	169	304	208	387	437	235	252	248	236	293	155
ENSG00000201254	9	13	11	15	7	15	17	11	14	25	5	5
ENSG00000110993	244	254	251	493	312	184	216	270	313	264	305	453
ENSG00000181144	99	80	97	121	156	152	81	221	160	193	161	141
ENSG00000120729	52	74	60	64	54	58	90	44	93	20	94	101
ENSG00000176923	22	44	15	17	14	21	17	19	33	33	25	30
ENSG00000218857	53	28	29	38	42	59	25	53	42	35	29	51
ENSG00000132146	2719	1783	1579	961	6334	5764	6423	3708	2183	2288	4012	2385
ENSG00000162113	1319	3028	2812	1013	1288	2474	1157	1910	3181	2754	1376	2739
ENSG00000181279	480	400	462	262	330	367	614	369	207	397	553	287
ENSG00000184115	112	127	140	146	145	165	211	205	182	103	82	193
ENSG00000167141	23	26	33	28	19	40	52	24	27	21	31	30
ENSG00000129078	373	583	663	416	1053	1184	920	490	417	524	561	587
ENSG00000108590	3491	3366	2904	4873	2702	2074	3858	3784	3120	3993	4169	3098
ENSG00000120123	9	6	3	4	2	5	2	2	11	1	10	8
ENSG00000128282	2181	1629	1781	1043	1754	1366	2232	2571	2132	1953	1471	2335
ENSG00000170809	0	3	3	3	3	1	0	4	2	1	0	6
ENSG00000227392	88	54	70	75	80	77	81	75	137	99	119	65
ENSG00000133462	205	345	266	321	194	288	226	324	422	463	293	184
ENSG00000140661	9	12	5	0	9	7	13	9	5	11	10	12
ENSG00000190484	7	7	8	8	3	13	7	4	15	6	9	14
ENSG00000130577	187	304	194	284	217	127	230	191	309	178	136	146
ENSG00000231489	968	662	1241	721	1215	1036	1260	1470	1232	826	1053	785
ENSG00000122591	87	60	36	61	231	229	101	170	178	122	143	62
ENSG00000182563	1891	2760	1744	2025	3186	1999	1265	3428	1882	3735	2241	1216
ENSG00000248078	36	54	33	58	25	29	50	29	32	40	41	44
ENSG00000161076	4302	5378	4810	4537	6116	3968	4418	5275	4627	4302	4894	4729
ENSG00000107391	138	138	188	167	77	241	196	180	292	87	126	148
ENSG00000135524	185	235	279	203	424	227	313	239	254	162	344	219
ENSG00000108539	493	753	290	467	2675	841	1728	1729	1233	1580	564	529
ENSG00000187194	198	185	250	277	184	410	318	426	234	620	365	554
ENSG00000105315	8256	6049	6246	7134	7568	7249	3000	7608	7177	3644	7574	9837
ENSG00000207872	9774	9071	13727	36315	19521	58424	42158	55513	33407	23301	16070	19391
ENSG00000112357	316	787	472	311	770	446	606	562	470	759	417	388
ENSG00000203466	80	103	117	72	116	49	124	173	86	63	131	181
ENSG00000128823	24	23	16	8	8	17	16	6	21	12	20	21
ENSG00000154933	46	40	41	37	34	28	50	51	48	34	39	53
ENSG00000156741	138	205	233	87	140	218	201	163	231	148	183	73
ENSG00000166993	103	154	94	126	93	118	133	95	125	81	200	152
ENSG00000123036	104	158	192	216	108	147	144	104	121	221	200	184
ENSG00000187986	114	230	275	114	116	162	240	251	167	151	209	227
ENSG00000216299	358	519	388	346	582	362	540	510	372	565	350	425
ENSG00000117763	11	9	14	33	14	5	11	13	10	13	8	10
ENSG00000157301	16	27	23	15	19	23	25	23	29	25	15	13
ENSG00000221613	1774	2220	2060	2164	1026	1831	1571	2046	1802	1075	1575	1240
ENSG00000187559	1296	948	818	381	962	939	1322	374	1335	729	826	853
ENSG00000223345	35	44	46	49	40	66	38	44	75	50	60	76
ENSG00000179664	2350	2900	2232	4433	2329	1413	3106	2239	2515	2200	1311	1954
ENSG00000126984	57	30	40	36	31	43	20	55	53	33	67	32
ENSG00000144787	93	98	61	107	125	93	102	138	70	143	108	99
ENSG00000228622	7	4	3	0	4	2	3	4	1	6	4	1
ENSG00000173398	1050	659	1357	1023	370	1347	774	556	1449	857	381	687
ENSG00000149741	169	184	91	179	164	149	220	212	174	112	124	154
ENSG00000130857	1573	1402	1983	1732	1103	1240	2213	1170	689	1170	3072	1024
ENSG00000136599	450	710	586	575	557	486	621	588	1104	572	459	657
ENSG00000150814	244	139	188	123	192	180	211	306	180	257	177	115
ENSG00000204450	233	138	172	335	124	346	208	365	235	244	358	277
ENSG00000140966	1290	1112	1886	1948	563	1319	2395	1503	2662	1405	2157	1824
ENSG00000101200	176	217	132	114	103	97	81	158	184	117	151	55
ENSG00000136630	106	187	100	168	102	92	145	124	92	114	173	150
ENSG00000243304	172	202	376	153	244	173	166	201	145	249	122	218
ENSG00000226688	1400	807	547	944	771	1426	428	965	690	937	908	830
ENSG00000243211	896	851	668	875	789	943	1664	1416	1339	1559	1196	953
ENSG00000203981	4295	6101	5190	9398	4210	7581	7055	9392	6380	7270	4448	5459
ENSG00000211839	163	96	147	81	147	105	116	91	99	146	255	117
ENSG00000167535	1445	1150	1280	2052	2960	2114	2860	2524	2437	1933	3326	2528
ENSG00000137304	52	38	51	43	55	46	47	96	29	41	34	70
ENSG00000122148	490	405	513	732	552	604	402	872	555	625	406	913
ENSG00000213133	275	338	187	198	129	383	128	352	184	255	317	142
ENSG00000175752	4074	9932	3261	5596	6688	5019	5665	7185	2096	6056	3842	3103
ENSG00000245607	515	429	605	735	769	614	407	455	568	513	827	821
ENSG00000167601	60	42	93	41	49	68	55	165	72	67	84	116
ENSG00000246738	490	328	631	550	363	351	439	522	540	566	382	995
ENSG00000172280	388	433	318	277	380	326	339	438	461	211	329	274
ENSG00000156817	72	101	99	143	360	298	211	454	184	172	148	124
ENSG00000216908	66	114	94	141	102	89	115	94	117	147	89	77
ENSG00000118523	30	32	44	34	20	32	15	28	57	42	20	41
ENSG00000220134	44747	38528	68099	39885	39870	37716	49941	51284	51205	50706	48138	43288
ENSG00000200282	307	124	305	168	272	202	168	313	228	180	281	255
ENSG00000219033	968	901	1896	1377	1364	1547	813	1809	640	980	1361	1275
ENSG00000135251	20	11	15	18	5	13	10	16	8	17	15	14
ENSG00000107111	8	15	21	26	24	17	23	23	34	32	15	11
ENSG00000120647	150	170	208	137	151	162	144	127	152	181	117	78
ENSG00000198457	123	86	193	136	148	105	160	178	164	132	114	173
ENSG00000128031	772	981	621	660	558	965	796	910	717	794	489	682
ENSG00000178592	12	17	34	34	43	21	34	17	11	14	36	24
ENSG00000121454	616	321	476	834	441	548	471	582	523	693	722	606
ENSG00000120573	3347	2594	3129	5907	3140	4118	5089	3557	1421	3023	5002	2229
ENSG00000167669	58	18	28	19	30	35	22	23	13	22	56	35
ENSG00000211402	1028	1298	1206	864	1168	724	1516	1561	1344	609	1751	1076
ENSG00000198263	16	18	36	16	24	39	25	32	24	24	12	18
ENSG00000145707	530	467	431	397	406	254	380	246	455	368	321	213
ENSG00000121744	313	398	206	254	302	240	239	314	517	287	368	459
ENSG00000119687	5798	2207	2378	10532	4559	4663	4430	7573	6688	4422	5332	6306
ENSG00000169102	96	43	53	29	34	43	59	24	60	46	54	44
ENSG00000243038	350	349	205	119	185	296	197	387	182	272	421	141
ENSG00000159587	1722	1073	1647	1781	1608	1846	919	1648	1468	2022	1091	1461
ENSG00000244757	11	20	21	15	19	14	11	7	11	24	12	15
ENSG00000159938	147	90	170	113	120	99	146	147	135	326	166	187
ENSG00000178972	23	26	14	30	29	44	23	23	51	33	39	29
ENSG00000169575	38	46	47	50	28	51	33	16	55	47	61	49
ENSG00000220418	546	588	995	436	946	1049	1115	786	787	676	674	650
ENSG00000143623	915	861	680	829	608	818	374	726	831	574	406	723
ENSG00000196982	30057	39897	25636	36552	51993	48694	32951	29289	28090	21168	35409	25504
ENSG00000244210	3572	5746	2498	1746	3021	1700	4870	1882	3266	2988	3151	3219
ENSG00000181944	2555	1176	1661	2802	3569	3679	2420	2516	2339	1777	2043	2390
ENSG00000194820	155	105	93	97	564	574	354	561	211	183	168	244
ENSG00000192783	73	130	56	104	104	88	67	82	92	132	158	87
ENSG00000110111	214	392	248	157	158	242	377	307	153	202	187	303
ENSG00000123734	0	0	2	1	2	3	3	4	1	6	2	0
ENSG00000175980	8301	7396	4712	4426	3995	1149	5462	6251	5572	6349	5660	6102
ENSG00000240003	33	29	76	85	211	124	190	165	83	126	95	83
ENSG00000101857	44	15	35	9	18	16	12	27	30	27	18	41
ENSG00000122082	69	73	138	43	95	56	80	35	73	57	58	72
ENSG00000188229	745	1408	814	927	1193	1287	778	959	825	694	1107	730
ENSG00000217604	1832	2002	1552	1122	2456	2718	2055	970	1720	2333	2007	2587
ENSG00000222160	79	75	78	92	76	44	83	66	83	81	63	49
ENSG00000160215	529	262	459	545	718	339	347	429	213	280	292	657
ENSG00000109484	169	167	141	165	139	143	165	150	145	185	233	315
ENSG00000221601	14	16	21	18	25	25	28	39	14	18	36	11
ENSG00000205987	183	289	191	351	299	220	247	399	231	127	382	194
ENSG00000240547	143	311	156	161	150	94	210	155	231	192	114	241
ENSG00000212978	9	5	9	12	1	4	6	14	12	7	17	4
ENSG00000173268	1477	2327	2286	2056	1675	917	1992	1085	1997	1992	1246	2046
ENSG00000122009	7	5	6	11	38	20	56	14	23	12	13	10
ENSG00000102483	304	139	268	191	419	185	310	208	220	162	150	326
ENSG00000106123	25	22	14	33	18	30	26	24	19	13	21	20
ENSG00000157707	55	23	36	39	21	14	40	28	34	20	22	35
ENSG00000236149	47	40	59	35	43	30	40	28	52	30	30	40
ENSG00000183814	895	507	650	569	596	985	550	924	478	592	576	539
ENSG00000104736	22	12	12	11	15	10	19	8	13	21	13	16
ENSG00000116153	85	100	95	72	142	102	85	90	166	169	143	167
ENSG00000176820	6730	2724	4703	3253	7333	3235	4355	4397	2747	2736	2120	4695
ENSG00000127554	32	30	25	56	32	29	30	40	43	38	32	42
ENSG00000247865	158	192	74	73	135	169	226	120	113	104	145	134
ENSG00000100876	872	769	518	466	940	1047	832	428	603	230	638	1073
ENSG00000230559	50	35	60	45	254	174	214	354	117	81	100	99
ENSG00000227993	342	544	296	432	687	271	278	634	253	260	276	453
ENSG00000149983	58	36	45	63	57	67	41	45	44	66	53	37
ENSG00000233404	935	819	992	522	495	647	835	439	666	393	813	534
ENSG00000147512	180	111	121	166	162	148	134	226	186	340	123	147
ENSG00000244939	24	16	28	12	24	27	32	20	28	25	31	30
ENSG00000128559	2727	1720	3492	1651	5593	2402	2089	2602	2320	2825	1757	3097
ENSG00000195294	99	82	198	138	192	116	125	169	187	169	87	105
ENSG00000235847	114	145	71	108	59	89	78	84	112	129	148	100
ENSG00000145637	27	27	12	25	39	19	22	21	27	17	22	47
ENSG00000152802	64	48	99	48	58	89	56	101	76	67	65	72
ENSG00000138291	127	127	142	150	74	100	97	128	274	135	154	91
ENSG00000101153	207	194	173	369	202	198	254	400	120	155	301	120
ENSG00000220248	2575	1004	1045	1279	2920	1133	1925	1077	2574	2418	890	2046
ENSG00000118572	16	9	10	21	13	11	5	20	15	10	15	10
ENSG00000222022	61	63	65	49	100	127	126	55	74	55	106	105
ENSG00000154577	1371	2484	1822	1648	2759	2649	2064	1152	1653	1229	1830	2933
ENSG00000234897	293	216	199	251	612	980	841	832	474	347	630	769
ENSG00000139141	693	411	295	269	519	549	106	447	335	259	556	401
ENSG00000132487	4153	2725	4331	1557	3747	2268	6328	2579	4421	4165	5365	4249
ENSG00000188318	553	388	374	338	456	291	358	385	381	582	236	180
ENSG00000121486	271	320	331	328	454	379	346	372	404	385	544	511
ENSG00000200285	160	111	156	106	181	98	120	215	145	120	181	156
ENSG00000135014	3009	3746	3643	3076	5959	4818	4315	4752	3232	6661	4009	4469
ENSG00000135762	2801	1194	1229	966	1799	1542	1113	873	1270	1316	1007	1400
ENSG00000203164	53	52	55	40	55	48	23	19	22	52	38	48
ENSG00000186150	568	380	607	479	953	1790	2100	1843	985	581	1341	1335
ENSG00000210649	14	35	40	16	83	68	69	45	52	27	27	31
ENSG00000228070	815	1177	1692	1308	1089	1861	996	934	1007	1421	2133	1397
ENSG00000203642	393	510	873	688	939	741	563	404	696	624	528	524
ENSG00000175114	104	68	134	122	84	100	99	49	162	92	122	158
ENSG00000216018	81	74	67	78	51	34	51	59	59	58	97	152
ENSG00000155875	5	6	5	8	23	23	14	12	6	7	13	7
ENSG00000126238	665	727	799	957	1240	1150	911	627	570	792	537	900
ENSG00000231057	125	95	256	90	142	73	107	130	228	100	139	94
ENSG00000244054	52	69	72	97	113	140	61	58	119	177	127	72
ENSG00000199813	627	663	501	745	820	479	617	902	543	1247	825	466
ENSG00000107170	45	32	33	48	40	15	39	36	33	56	50	38
ENSG00000140304	38	74	25	73	31	39	44	71	51	49	55	42
ENSG00000144370	60	19	54	34	30	26	8	73	42	53	44	46
ENSG00000199123	12	18	6	9	59	84	65	51	16	46	27	17
ENSG00000213585	24007	18789	21071	17795	17018	21990	12712	14883	19071	18615	33458	17683
ENSG00000112710	142	193	121	88	521	447	481	523	264	264	136	155
ENSG00000202676	25	49	88	67	113	85	97	54	118	58	117	83
ENSG00000142303	1213	941	750	607	1056	722	1529	903	743	1168	682	1248
ENSG00000246167	1	1	1	0	1	1	3	0	1	0	2	1
ENSG00000149929	258	138	149	115	126	223	104	112	167	111	255	172
ENSG00000178237	138	175	122	201	129	237	203	190	71	120	103	112
ENSG00000178379	25	24	11	34	21	16	8	27	29	40	34	19
ENSG00000225493	496	382	258	468	369	429	663	427	246	341	489	389
ENSG00000100632	1	4	1	1	2	6	2	2	2	1	3	0
ENSG00000179489	153	261	220	107	127	188	147	165	149	150	155	170
ENSG00000117981	694	1088	563	866	776	702	685	917	537	1377	751	835
ENSG00000173537	1	0	1	2	5	0	0	3	1	2	4	1
ENSG00000179540	8	7	5	3	10	9	6	9	7	4	3	9
ENSG00000209139	90	55	109	113	144	99	87	131	49	136	82	98
ENSG00000152695	76	90	149	119	203	173	97	91	169	124	130	144
ENSG00000127772	24	32	28	51	38	56	36	18	65	58	37	46
ENSG00000133351	226	266	416	361	313	280	264	202	349	312	188	328
ENSG00000173842	127	203	189	190	250	235	219	160	285	281	225	184
ENSG00000197540	10	10	3	5	3	10	9	21	5	12	15	10
ENSG00000180950	77	134	82	103	50	91	79	124	137	71	83	142
ENSG00000102480	12	14	12	10	13	12	10	12	19	9	10	5
ENSG00000129407	3	3	1	2	1	0	1	0	2	0	0	1
ENSG00000241529	0	0	0	1	1	0	1	1	0	2	0	1
ENSG00000242275	883	784	1010	1241	519	678	1348	473	652	586	331	1047
ENSG00000247723	93	98	66	122	80	128	140	76	77	36	119	80
ENSG00000152450	5355	8364	5210	8842	5099	4575	5624	4329	5444	6384	3612	2458
ENSG00000134515	5	6	9	5	4	8	4	2	9	3	7	6
ENSG00000222699	48	57	80	72	44	56	41	60	93	81	80	52
ENSG00000131821	300	248	230	235	160	181	381	192	401	264	287	207
ENSG00000121821	83	76	107	47	103	78	74	72	82	111	50	79
ENSG00000232840	520	331	452	428	325	305	479	297	348	332	373	203
ENSG00000140569	213	192	70	97	148	171	151	173	102	183	122	138
ENSG00000211081	39	28	19	30	21	40	27	32	7	37	57	21
ENSG00000132243	2	0	0	0	7	2	7	6	2	2	6	1
ENSG00000183143	4	10	9	19	12	14	12	16	26	9	15	19
ENSG00000150966	5560	5561	3945	4539	5269	1716	5030	3109	4060	2844	4012	2808
ENSG00000231773	642	391	822	597	496	480	455	472	503	656	798	251
ENSG00000156543	1376	2020	1556	2284	1600	1704	2456	1255	1577	1836	1138	2137
ENSG00000243421	58	36	30	29	43	45	40	30	23	28	56	48
ENSG00000230322	88	78	54	60	50	62	125	78	41	80	63	101
ENSG00000103114	35	12	15	32	6	11	15	33	17	20	29	35
ENSG00000201973	127	354	121	261	302	220	318	497	293	183	193	216
ENSG00000129734	104	79	132	200	163	69	69	185	160	108	88	152
ENSG00000241830	250	217	329	255	301	215	457	414	363	304	288	267
ENSG00000245067	6749	4254	1039	5499	26118	20910	14030	13796	6151	6185	5688	11542
ENSG00000102295	19	19	39	16	31	9	21	18	20	21	29	15
ENSG00000187060	610	457	1024	519	346	855	645	613	592	821	590	524
ENSG00000158743	8	3	8	3	9	5	6	6	10	6	10	5
ENSG00000244443	1085	1258	1336	656	1206	1184	1195	1607	2174	1332	1089	823
ENSG00000166039	37	28	70	80	76	74	60	105	35	49	67	72
ENSG00000181352	184	152	112	79	46	127	115	117	132	158	74	104
ENSG00000185727	172	93	146	114	398	119	160	177	133	140	140	80
ENSG00000185267	4758	4576	3433	2519	17281	12864	14059	29837	7590	6603	6106	7116
ENSG00000239608	227	139	137	152	108	125	87	142	118	117	135	184
ENSG00000180118	37	25	40	67	36	86	22	46	53	62	37	35
ENSG00000234171	8	13	7	13	4	17	12	7	8	7	10	21
ENSG00000197184	108	140	215	262	153	278	334	295	273	310	285	140
ENSG00000190275	18	17	27	13	16	21	28	14	21	28	9	14
ENSG00000212269	62	67	24	47	176	197	173	132	48	63	96	75
ENSG00000149162	174	127	96	54	608	414	356	267	238	142	245	283
ENSG00000183614	379	353	528	695	453	697	456	425	642	385	582	424
ENSG00000123283	22	35	33	29	35	32	22	25	54	42	26	22
ENSG00000142584	334	660	302	650	438	406	339	262	551	476	441	640
ENSG00000111398	2477	3416	5208	3629	20619	25877	16033	22903	11512	8311	15010	7374
ENSG00000160384	3	8	4	5	14	3	12	17	7	4	9	5
ENSG00000134247	3548	2011	1184	1249	2223	1325	2006	1762	3351	2856	1512	1658
ENSG00000184741	5069	7696	8709	9930	9710	10432	7194	11708	7436	8308	14814	8409
ENSG00000227546	47	46	33	25	52	60	40	23	32	44	33	22
ENSG00000104195	543	300	312	652	559	271	387	385	243	319	576	534
ENSG00000218278	3	12	5	16	0	3	5	3	3	4	4	14
ENSG00000157499	173	252	241	240	347	216	338	508	195	242	138	210
ENSG00000103062	68	47	78	86	49	103	70	93	174	41	75	73
ENSG00000130898	271	176	233	292	219	168	217	299	251	186	309	264
ENSG00000198558	13	21	11	17	18	15	18	24	17	12	10	10
ENSG00000135199	41	25	19	10	99	102	56	60	44	49	24	39
ENSG00000111590	41	67	40	62	65	30	70	61	32	26	65	53
ENSG00000199065	47	31	32	26	25	48	20	35	18	24	27	66
ENSG00000148691	53	13	77	39	26	33	31	23	49	41	42	25
ENSG00000124957	69	93	72	112	88	94	84	64	82	96	68	58
ENSG00000100688	10	16	19	6	18	11	6	11	14	24	10	2
ENSG00000138167	83	102	101	94	122	80	93	83	143	124	97	67
ENSG00000202163	332	352	325	514	428	232	537	343	406	213	247	356
ENSG00000169536	0	1	1	1	2	2	1	1	1	3	0	1
ENSG00000221383	235	189	108	120	95	140	180	149	161	313	173	183
ENSG00000119236	22	23	29	26	24	15	17	26	53	17	24	39
ENSG00000167179	11	14	15	5	16	22	8	15	19	30	10	11
ENSG00000221273	9	3	6	11	2	11	6	7	9	8	1	9
ENSG00000196969	10	32	44	11	26	23	27	17	15	13	24	23
ENSG00000105404	22	27	33	28	38	141	97	124	29	30	25	49
ENSG00000217113	274	394	260	210	267	154	184	259	251	138	149	194
ENSG00000226011	14	2	3	12	3	11	7	7	8	16	8	10
ENSG00000239861	926	720	868	437	3207	5014	2746	2931	1383	1587	1565	2032
ENSG00000101154	31	28	30	28	17	28	21	34	5	33	23	33
ENSG00000185400	429	358	333	298	435	514	415	357	299	404	881	231
ENSG00000224638	1404	1242	765	863	2373	2905	2666	5080	2124	750	3707	1595
ENSG00000138890	12	18	4	10	15	13	9	14	17	9	5	6
ENSG00000146680	1039	525	789	634	642	837	814	849	1000	825	1648	1797
ENSG00000204534	6605	12392	18259	13105	10032	7738	11836	11047	9536	7124	7370	13453
ENSG00000194397	79	66	89	94	42	41	44	34	40	55	60	52
ENSG00000216399	463	315	605	524	329	504	434	563	735	511	541	495
ENSG00000200271	68	109	92	79	80	88	113	174	133	77	76	95
ENSG00000151874	93	137	130	143	245	182	115	169	109	86	184	116
ENSG00000126740	73	56	99	81	50	104	80	59	89	87	102	203
ENSG00000161927	40	85	64	27	50	69	43	56	47	60	38	64
ENSG00000201869	564	461	724	790	508	421	388	576	501	577	789	930
ENSG00000214305	519	710	603	795	455	813	507	774	660	782	824	610
ENSG00000119705	176	198	86	186	190	108	157	118	112	95	82	143
ENSG00000181208	4467	2572	3569	1588	3919	2669	3738	2199	2898	1668	2491	2537
ENSG00000169345	1225	1204	1265	1141	5556	7859	5130	5387	2249	2896	3716	2200
ENSG00000174069	485	548	474	608	361	1132	289	1160	841	586	647	894
ENSG00000210675	34	30	24	9	25	20	56	37	43	28	21	40
ENSG00000137065	8606	4014	4880	4171	23207	24620	19182	41307	9358	7926	15287	18700
ENSG00000229733	2747	1437	1666	2502	1968	3856	2319	2432	3475	1806	1951	2240
ENSG00000184612	2	5	3	5	2	2	2	1	3	2	1	2
ENSG00000105825	7	19	10	16	15	11	14	14	20	19	17	12
ENSG00000235760	29	45	29	63	51	58	73	93	94	60	51	44
ENSG00000170663	928	1320	941	2046	1061	735	1020	1061	651	984	1491	700
ENSG00000117202	2140	1448	2284	1702	1810	1904	1876	1091	1824	2272	2747	1320
ENSG00000203980	47	105	69	38	40	102	70	84	43	126	107	90
ENSG00000140455	253	322	157	325	334	248	230	158	218	257	184	213
ENSG00000130500	982	707	515	601	715	474	451	673	372	1093	781	651
ENSG00000117211	20	7	5	9	9	9	16	13	16	7	21	12
ENSG00000206549	397	615	370	491	427	645	409	406	280	237	353	343
ENSG00000157799	96	64	109	59	89	71	55	54	128	111	82	62
ENSG00000112879	145	255	169	304	223	283	203	195	234	154	133	230
ENSG00000212451	167	159	127	198	115	113	152	143	224	131	176	175
ENSG00000121543	11	30	11	14	13	12	6	17	16	7	14	17
ENSG00000143291	9	23	11	41	14	20	24	22	19	21	29	20
ENSG00000246177	216	195	303	103	93	78	168	122	173	118	191	230
ENSG00000114828	210	227	231	235	225	152	227	166	198	178	237	188
ENSG00000102054	98	71	82	33	55	100	43	92	82	126	54	96
ENSG00000120223	1298	1287	2099	1239	1369	990	1970	1914	1475	1146	1679	1464
ENSG00000186033	72	112	117	63	87	118	91	71	60	74	88	30
ENSG00000148503	14	18	17	7	9	11	15	13	13	8	10	9
ENSG00000181679	64	150	75	70	95	85	105	73	101	44	70	126
ENSG00000169515	147	144	117	70	79	80	117	60	126	132	74	105
ENSG00000151303	95	152	112	73	98	170	162	145	103	100	93	103
ENSG00000105490	1273	1579	1308	1215	2023	1559	918	1357	2003	1049	1485	2915
ENSG00000217094	609	349	512	490	607	552	586	337	295	406	293	445
ENSG00000166637	2293	1050	1424	1351	1279	1338	1276	1532	1088	1160	1153	1679
ENSG00000214086	479	847	710	545	662	433	621	501	495	647	511	823
ENSG00000185982	148	165	84	130	386	373	426	454	238	210	96	190
ENSG00000148218	1232	1372	1200	1528	1104	1213	1113	991	1989	1223	1194	1254
ENSG00000203062	200	127	136	83	86	124	80	80	113	62	79	76
ENSG00000180742	197	292	188	313	199	245	355	237	222	174	288	210
ENSG00000243850	24	14	31	11	16	17	14	11	16	28	17	25
ENSG00000245240	144	256	206	230	171	195	320	142	238	171	277	205
ENSG00000232792	92	42	43	140	120	46	74	56	67	71	80	73
ENSG00000156020	175	398	184	412	453	209	604	185	202	397	466	294
ENSG00000225445	3506	8443	6893	5667	8491	7643	5274	3951	7339	4072	6925	4501
ENSG00000123743	22682	27828	14764	24460	10109	15614	10646	13092	12703	12310	16596	23158
ENSG00000242138	1318	1654	1163	1432	6395	4829	4392	2618	1914	2702	1867	1891
ENSG00000101555	139	140	205	170	191	132	205	88	242	126	136	80
ENSG00000132357	191	818	505	627	1228	844	937	470	928	835	713	679
ENSG00000125338	365	235	259	267	418	246	165	266	240	215	134	401
ENSG00000237038	92	56	39	33	43	79	39	78	20	69	41	50
ENSG00000168320	182	129	124	108	176	134	177	103	185	222	94	136
ENSG00000226760	62	89	148	128	168	101	71	202	94	100	69	104
ENSG00000145316	59	45	58	31	46	39	47	59	50	55	34	52
ENSG00000144339	2481	2160	2895	3866	2343	4692	2696	2236	2444	3432	2725	2069
ENSG00000111095	63	68	71	69	61	71	42	93	30	49	85	46
ENSG00000104199	85	37	66	117	82	34	31	73	60	64	47	43
ENSG00000124313	715	672	830	1409	1074	764	809	486	449	891	662	683
ENSG00000180865	57	43	51	40	66	23	30	25	35	39	46	53
ENSG00000109019	21	4	20	20	23	21	18	16	15	7	20	9
ENSG00000186414	35	18	26	39	28	44	38	36	27	44	32	28
ENSG00000125325	321	299	288	402	334	492	263	315	530	505	461	431
ENSG00000126943	255	270	288	706	300	198	451	348	341	183	587	699
ENSG00000168190	337	275	284	309	274	271	368	548	289	358	369	596
ENSG00000167220	87	98	68	81	65	72	51	20	47	87	49	55
ENSG00000211329	33	21	18	19	23	23	15	38	17	39	35	25
ENSG00000135616	989	989	1400	713	553	1358	618	1230	526	1449	1184	716
ENSG00000137958	8	5	16	7	5	12	11	8	6	5	6	8
ENSG00000128483	138	164	106	107	159	70	167	157	115	112	140	65
ENSG00000186024	17	16	29	10	17	8	14	12	17	11	20	14
ENSG00000239239	57	117	60	59	64	86	75	70	104	95	32	70
ENSG00000127559	227	122	87	112	52	104	125	133	72	153	130	179
ENSG00000205907	1095	1841	1125	1138	2591	1740	1537	2979	2035	2855	1107	1865
ENSG00000204816	2	0	2	0	0	0	1	0	0	2	0	3
ENSG00000165334	2299	2343	1927	3971	2273	1735	2342	2793	1812	2027	869	2308
ENSG00000208722	31	21	26	50	27	19	19	21	30	43	36	33
ENSG00000130943	347	286	386	320	222	240	434	484	354	281	147	344
ENSG00000138041	620	794	730	866	844	833	533	381	508	836	698	462
ENSG00000249692	49	29	43	23	19	74	35	52	36	44	40	20
ENSG00000155747	157	200	95	119	497	522	855	578	361	378	242	270
ENSG00000130071	390	428	425	485	517	551	707	543	282	496	387	449
ENSG00000157751	54	61	171	69	83	157	144	157	110	159	248	79
ENSG00000216308	45	46	7	24	209	212	100	111	96	91	121	51
ENSG00000224073	359	181	331	183	191	272	397	256	293	206	240	228
ENSG00000148505	184	141	230	111	299	238	220	201	265	209	203	174
ENSG00000218134	9	11	5	16	7	15	9	6	7	10	15	9
ENSG00000111109	3451	1584	1967	2926	2704	2658	3406	2227	3045	1722	3053	5821
ENSG00000197054	226	312	285	108	963	2426	938	1170	353	328	663	272
ENSG00000234036	1	0	0	1	2	0	1	2	4	0	1	2
ENSG00000111933	34	42	31	32	38	39	36	26	21	54	30	28
ENSG00000123449	5434	4315	3965	5158	7263	6821	5199	6859	5397	7691	4235	3179
ENSG00000206505	3437	4343	7091	2941	3689	5726	5279	6469	4693	3247	5659	3374
ENSG00000182784	278	249	324	110	417	140	460	343	169	131	312	241
ENSG00000111407	10	7	3	7	9	7	3	3	10	11	10	3
ENSG00000131649	120	92	127	178	97	136	134	96	119	131	109	77
ENSG00000100045	1508	1527	962	1022	1463	1114	1296	1636	1266	1433	1268	2188
ENSG00000171694	170	518	425	488	494	639	270	329	290	275	285	404
ENSG00000199988	53	52	124	99	47	63	68	115	60	84	53	79
ENSG00000127243	39	32	32	21	55	61	37	24	41	32	25	35
ENSG00000130174	614	308	971	1575	666	791	739	611	840	998	1233	633
ENSG00000135710	142	112	122	86	119	158	130	143	111	145	70	90
ENSG00000179493	380	470	206	452	1044	1281	1754	891	401	801	490	977
ENSG00000216288	470	435	420	410	451	227	174	456	555	619	248	249
ENSG00000218231	6144	8566	2486	8458	13861	18765	21197	17117	5213	12857	11830	9260
ENSG00000176719	153	154	260	205	332	356	136	246	271	192	485	326
ENSG00000211170	362	244	283	445	387	273	220	200	235	250	220	407
ENSG00000237468	6	9	6	4	8	6	2	6	8	13	6	5
ENSG00000196485	1703	1984	1562	689	1150	1469	1344	1135	2000	2845	1040	988
ENSG00000242443	2064	917	2028	618	846	751	819	611	645	1421	770	1363
ENSG00000104246	129	268	129	170	111	127	173	184	248	232	154	418
ENSG00000110596	5	0	3	1	0	1	0	0	3	0	0	0
ENSG00000140442	93	53	44	61	65	75	32	77	63	91	48	73
ENSG00000150992	223	300	160	146	237	134	75	183	305	121	165	196
ENSG00000115596	22679	14983	9505	15220	10386	11747	8385	18056	16465	12823	9094	8179
ENSG00000206841	802	436	437	382	446	489	960	634	467	562	504	1192
ENSG00000243242	494	835	1011	834	1557	508	567	1117	845	790	649	1251
ENSG00000186882	990	818	1468	1005	1556	1040	633	1599	914	930	1692	1103
ENSG00000175510	2756	4327	2117	974	2694	3867	1959	1784	2482	3832	2182	1869
ENSG00000241373	7	31	15	22	23	13	40	12	11	13	14	26
ENSG00000244776	19	38	11	36	48	32	23	23	43	28	14	22
ENSG00000172760	11	16	33	12	24	12	21	16	17	13	30	20
ENSG00000217122	144	111	71	99	80	99	152	104	165	119	146	82
ENSG00000243844	95	90	105	75	103	101	132	94	85	110	90	138
ENSG00000137013	236	174	268	273	289	261	242	353	164	241	138	177
ENSG00000201324	11	11	21	18	26	18	29	13	22	31	32	14
ENSG00000131327	207	168	291	300	227	399	270	280	317	231	142	151
ENSG00000166002	20	25	28	25	19	34	34	49	36	20	14	27
ENSG00000175344	9489	19908	13971	11880	10286	18716	13000	11170	18952	5685	18729	5527
ENSG00000102240	79	101	59	25	68	105	59	86	65	57	106	59
ENSG00000149513	35319	49705	21224	28693	80661	124621	86660	178496	60314	60714	42175	33703
ENSG00000209719	4497	11192	4863	4805	39214	11793	16527	20967	7039	12624	14862	5625
ENSG00000212348	26	10	21	8	20	13	5	14	18	21	31	17
ENSG00000113724	1105	1875	1076	1255	5505	4551	4565	5315	3106	2096	1811	2950
ENSG00000167178	550	669	437	639	993	633	574	784	642	487	315	549
ENSG00000138997	8	7	15	9	25	24	33	28	12	9	15	13
ENSG00000201368	758	634	689	623	1170	2795	1515	2203	942	1193	745	682
ENSG00000149138	168	144	100	116	57	104	107	134	171	150	125	117
ENSG00000193451	285	293	360	552	275	409	364	266	266	237	239	184
ENSG00000196216	25	39	22	11	23	45	28	29	29	18	21	47
ENSG00000206750	130	162	141	152	117	126	251	168	227	162	72	82
ENSG00000247314	466	442	383	686	327	241	438	559	526	602	484	382
ENSG00000196180	46	71	99	190	75	64	144	149	117	75	146	175
ENSG00000241871	71	71	16	86	19	42	49	62	59	65	34	35
ENSG00000229134	89	113	124	173	118	114	107	100	70	174	101	97
ENSG00000200572	19	14	21	43	20	5	33	31	16	27	33	29
ENSG00000125701	268	429	354	475	1189	1844	1781	2276	825	693	634	290
ENSG00000233639	2	1	1	1	3	0	6	4	1	2	3	4
ENSG00000243675	3708	3600	2506	3923	15596	16592	20800	15786	9425	10126	5816	5660
ENSG00000182990	154	134	269	168	153	184	96	126	109	130	269	119
ENSG00000103929	480	535	333	462	351	414	372	380	345	497	287	437
ENSG00000240041	991	801	884	1117	917	422	1306	602	1077	1410	991	1146
ENSG00000128679	9	8	22	10	13	11	13	14	12	17	7	10
ENSG00000103857	25551	8425	23959	13727	14537	9528	10119	9204	19624	18811	26916	25881
ENSG00000208628	24	26	14	7	18	21	15	16	9	35	12	16
ENSG00000213313	556	313	679	239	265	424	533	510	632	509	572	400
ENSG00000204881	340	331	159	397	283	315	434	431	217	399	238	139
ENSG00000153797	2051	3787	1893	2955	1307	2261	2007	1724	2396	3547	1618	2378
ENSG00000248987	128	106	178	112	137	71	226	124	193	119	303	111
ENSG00000135218	4	5	17	9	68	60	51	72	11	27	28	16
ENSG00000236662	194	279	166	489	379	470	323	383	536	288	309	294
ENSG00000167751	0	1	1	2	2	0	0	0	0	2	2	2
ENSG00000172128	71	104	87	102	97	79	173	92	132	83	128	104
ENSG00000205097	68	61	42	71	62	111	42	40	116	71	87	56
ENSG00000204060	7228	4885	2901	4162	4392	3169	2000	1758	3306	4781	3728	4028
ENSG00000248403	95	85	117	68	96	81	118	162	98	87	42	123
ENSG00000224910	49	101	79	58	483	382	156	408	131	164	85	76
ENSG00000176493	56	55	50	17	168	146	194	192	73	77	53	38
ENSG00000239006	45	29	34	28	60	36	36	33	46	49	27	54
ENSG00000168721	67	61	80	65	73	33	42	121	46	55	124	65
ENSG00000214599	585	473	349	350	475	548	370	375	688	528	629	444
ENSG00000204768	34	18	12	4	4	19	13	19	10	9	16	11
ENSG00000152997	125	152	118	88	132	81	182	81	93	50	65	82
ENSG00000229068	4	22	8	11	6	9	7	9	8	6	13	5
ENSG00000183057	73	138	138	121	143	137	97	132	116	137	109	95
ENSG00000115436	290	142	173	193	299	365	104	292	295	29	346	167
ENSG00000152464	18	14	10	9	87	38	29	23	22	21	27	24
ENSG00000243997	91	36	54	86	47	54	18	60	39	63	87	48
ENSG00000249241	208	90	174	184	248	176	215	211	132	119	126	273
ENSG00000234175	797	725	831	603	776	689	762	1024	761	1035	750	924
ENSG00000163454	778	1587	1363	1489	768	805	1671	1348	623	430	1067	1567
ENSG00000141719	216	83	115	158	110	110	94	212	150	95	106	220
ENSG00000134396	14	18	17	24	37	31	20	33	7	41	36	20
ENSG00000195314	10	5	5	9	4	4	3	2	5	1	4	8
ENSG00000155438	1351	927	937	806	786	830	965	646	655	833	1137	443
ENSG00000111556	2252	3125	1528	2523	1750	1524	2243	3172	2185	2556	3380	2005
ENSG00000103438	352	402	296	384	1330	1255	867	1226	828	503	783	701
ENSG00000165766	2415	2938	3565	4285	4909	2021	3912	5276	2356	2555	5111	1907
ENSG00000143431	88	76	40	66	59	45	69	71	95	85	73	71
ENSG00000190546	46	82	57	49	29	65	60	44	55	112	62	46
ENSG00000212865	2879	2405	2421	2506	4060	3933	3729	3394	2339	3915	3774	2629
ENSG00000202542	15	22	23	21	98	50	102	123	38	27	52	52
ENSG00000169956	854	256	432	831	273	599	487	418	524	536	466	483
ENSG00000178662	358	230	284	357	255	488	490	225	374	317	369	260
ENSG00000149184	332	212	383	329	255	148	265	212	233	369	100	305
ENSG00000153850	6541	4855	4607	4310	2860	2244	5142	4999	3958	6594	6862	2302
ENSG00000196445	35	37	28	26	20	33	12	39	38	17	30	18
ENSG00000147338	35	81	84	75	116	47	89	55	63	46	64	26
ENSG00000156724	2	1	3	1	4	5	2	2	3	10	0	5
ENSG00000119850	18	11	14	9	21	21	17	17	15	15	18	14
ENSG00000185875	67	41	87	65	67	69	20	73	29	48	43	45
ENSG00000121944	52	78	64	56	65	93	58	125	60	73	48	111
ENSG00000146797	121	64	157	99	138	97	77	70	77	50	134	132
ENSG00000121834	478	294	362	383	282	227	336	190	243	160	409	246
ENSG00000163563	36	66	79	23	45	67	43	31	26	34	35	59
ENSG00000243092	7	2	6	5	3	3	2	5	1	4	2	6
ENSG00000164705	249	239	272	250	231	106	245	100	247	204	274	229
ENSG00000148969	283	454	484	375	456	329	338	209	493	385	297	706
ENSG00000103601	16	13	24	22	8	9	8	27	11	8	14	19
ENSG00000129534	15	33	24	43	34	34	8	39	42	32	16	28
ENSG00000109358	5382	6540	2162	7235	3958	8702	7529	5461	2888	4432	2799	5314
ENSG00000113177	1911	1900	1085	993	1295	1164	1137	1130	474	1687	1450	918
ENSG00000139708	965	1349	1062	1330	1519	2107	1735	2106	1655	1862	1264	1519
ENSG00000132913	508	761	594	659	632	342	858	500	763	549	258	639
ENSG00000231396	102	231	177	246	65	239	190	216	320	187	262	257
ENSG00000157690	74	83	39	66	40	43	60	52	49	62	71	17
ENSG00000247974	587	676	456	415	749	602	630	405	356	840	463	462
ENSG00000168998	88	180	98	123	141	116	96	161	58	80	89	110
ENSG00000121067	59	123	76	43	271	192	308	212	71	131	135	60
ENSG00000138018	101	218	151	118	206	42	227	149	230	114	120	195
ENSG00000217602	179	134	141	170	165	128	125	150	200	90	153	167
ENSG00000144449	899	939	1321	745	779	524	849	553	1254	577	653	1128
ENSG00000107844	12	19	18	27	17	28	27	24	31	12	25	25
ENSG00000167061	17423	26632	22530	31543	23038	18410	14864	43335	20499	26324	10543	24273
ENSG00000238902	27	44	27	34	27	10	27	22	28	12	13	17
ENSG00000221173	55	67	86	57	51	80	43	49	69	44	75	63
ENSG00000246960	1281	1425	952	860	558	920	1440	1069	1477	1069	1434	2157
ENSG00000207973	18	24	27	30	31	33	29	31	25	37	33	33
ENSG00000113966	37	52	44	55	55	63	64	73	103	51	66	54
ENSG00000125823	147	324	92	239	141	126	116	80	226	113	168	138
ENSG00000248875	2	2	0	1	1	1	0	3	1	0	2	0
ENSG00000155729	67	56	51	82	204	117	136	266	78	155	89	171
ENSG00000223300	19	23	14	11	95	112	135	89	46	61	49	76
ENSG00000138770	79	61	118	80	249	333	220	335	216	280	226	151
ENSG00000118493	432	640	127	476	526	533	207	529	323	542	555	718
ENSG00000183947	720	439	536	443	381	427	456	449	442	624	741	620
ENSG00000247487	3899	3380	2351	5739	3593	2846	3888	2313	2312	3479	3011	2934
ENSG00000208199	1836	3035	1091	412	6713	10476	12062	9912	4122	2690	10811	4272
ENSG00000154259	1481	742	822	1161	4242	5184	3278	6122	1982	2337	2035	3098
ENSG00000241359	224	206	86	70	160	150	102	152	265	134	89	116
ENSG00000160021	1978	862	2059	1171	5777	4151	6449	9069	3023	3936	1480	3076
ENSG00000243326	25	26	14	40	27	18	26	10	27	13	13	19
ENSG00000149252	131	181	129	227	306	714	423	584	232	187	260	409
ENSG00000179994	4532	3167	1684	4117	2107	3678	3511	1949	2660	1339	2333	2631
ENSG00000115363	962	341	451	625	3258	3355	2498	2780	2548	2195	1192	1488
ENSG00000227155	9	13	4	13	6	11	6	5	14	9	7	11
ENSG00000211392	81	29	60	29	30	41	40	41	45	47	50	59
ENSG00000177652	1061	632	928	786	605	631	872	869	1401	688	798	487
ENSG00000216053	745	253	340	603	463	551	605	439	932	424	419	682
ENSG00000238042	2147	1638	1340	1431	3493	11735	8559	6091	3757	4345	2453	2072
ENSG00000205874	4	3	3	6	5	3	4	4	1	7	4	2
ENSG00000214903	10	15	4	14	17	18	8	12	18	30	13	9
ENSG00000236059	72	75	59	96	75	167	61	83	117	89	109	31
ENSG00000160352	22	28	15	18	18	35	23	14	21	16	26	20
ENSG00000220314	203	122	89	150	88	141	178	101	98	89	176	164
ENSG00000118343	142	166	123	229	94	125	150	118	163	132	236	129
ENSG00000177805	303	249	330	249	347	420	571	579	308	380	383	288
ENSG00000151430	120	109	123	101	526	408	562	364	157	177	215	410
ENSG00000119098	797	611	341	597	735	365	472	435	465	266	439	384
ENSG00000206154	833	653	1071	719	717	635	893	904	787	879	1067	1192
ENSG00000186564	178	256	176	214	1580	868	705	1358	322	248	491	666
ENSG00000116189	8	8	13	13	14	22	25	15	16	9	11	15
ENSG00000166597	1595	2062	2601	1878	2615	3534	2405	1686	1417	2727	2547	2734
ENSG00000226849	213	244	303	383	161	237	337	185	219	272	213	250
ENSG00000199449	439	413	574	311	220	415	408	565	373	320	361	409
ENSG00000151942	137	186	324	237	320	142	131	205	308	283	301	192
ENSG00000159376	9	6	7	4	8	6	8	5	4	4	9	5
ENSG00000204566	500	496	597	399	533	774	439	572	598	325	365	487
ENSG00000223377	107	41	24	29	57	44	36	32	58	45	38	41
ENSG00000169289	25	8	12	17	14	33	8	14	13	12	9	9
ENSG00000150404	2626	2112	1785	2794	12603	11774	5108	8573	4917	4606	2617	4594
ENSG00000219302	96	81	156	110	96	99	151	84	67	120	108	125
ENSG00000134932	377	350	238	176	993	1466	906	1220	542	453	592	178
ENSG00000219483	801	1511	1121	752	1285	1441	978	769	1052	777	796	1778
ENSG00000235551	3925	6933	3794	3517	3586	4649	3547	4719	4275	4983	2253	4267
ENSG00000164621	7	4	7	5	7	3	6	1	1	2	4	5
ENSG00000138883	18	35	41	38	57	24	53	43	18	32	27	44
ENSG00000248798	351	869	677	513	876	455	1063	648	769	724	1061	674
ENSG00000120306	72	33	33	78	37	53	35	27	56	41	44	53
ENSG00000160662	2	1	1	2	3	2	4	7	6	2	1	2
ENSG00000133144	439	215	271	174	299	307	256	191	209	189	133	351
ENSG00000152492	322	193	233	353	251	203	396	277	340	356	312	299
ENSG00000121342	821	813	600	864	813	556	1144	1119	796	889	698	882
ENSG00000119228	179	357	475	331	237	107	213	281	189	232	279	321
ENSG00000226969	73	114	74	82	66	54	33	65	72	92	48	45
ENSG00000174829	248	165	278	236	106	237	294	383	414	271	347	146
ENSG00000210219	170	117	197	157	171	338	133	173	133	123	196	138
ENSG00000153067	84	77	70	95	64	49	87	79	59	52	36	36
ENSG00000140364	255	283	142	285	435	321	169	206	293	268	266	259
ENSG00000129447	244	282	261	321	391	239	391	802	435	395	415	189
ENSG00000240313	15	26	19	25	106	54	96	112	58	31	31	68
ENSG00000150372	2044	947	825	1307	1490	1178	517	853	703	1262	1944	1155
ENSG00000203124	1026	966	827	584	6355	3686	2497	2015	1415	1311	887	1156
ENSG00000117792	1098	705	588	1053	1007	794	492	962	919	428	824	1334
ENSG00000149001	0	1	0	1	1	1	1	1	1	0	0	0
ENSG00000144075	246	306	233	263	248	132	262	150	234	198	361	340
ENSG00000212274	157	171	162	114	90	101	125	99	130	153	108	122
ENSG00000167487	23	17	28	22	77	109	85	113	41	38	15	34
ENSG00000233993	518	322	345	613	690	935	449	796	942	320	419	1017
ENSG00000189824	8	13	7	7	3	5	6	14	11	6	6	5
ENSG00000216378	2563	2604	1888	2261	2034	1853	1770	1307	2040	1544	910	2118
ENSG00000175146	147	327	259	200	615	396	291	195	317	538	374	247
ENSG00000184913	38	44	59	45	68	47	58	76	77	68	50	120
ENSG00000165629	2741	2799	3838	2733	2850	1706	2966	1016	2802	4220	3187	1866
ENSG00000138578	225	640	407	450	2438	2436	2719	1450	658	872	1170	548
ENSG00000224614	332	316	428	310	255	252	466	371	335	312	404	355
ENSG00000198647	18	17	7	5	50	31	63	17	23	29	21	45
ENSG00000135733	398	561	517	500	534	360	294	556	405	397	349	825
ENSG00000187736	2765	2217	2123	3847	11197	9910	14765	8442	6532	5294	6604	3374
ENSG00000127181	1831	2406	2239	2511	4077	5774	5644	5668	4041	2798	2384	3564
ENSG00000109609	9	9	17	17	19	21	8	10	21	5	12	10
ENSG00000127092	2574	2250	3054	2984	2488	4227	2993	4478	2008	3828	3287	3194
ENSG00000112156	3086	6683	1917	3048	2438	2402	5664	4385	3728	3449	3466	7553
ENSG00000146404	714	460	870	765	1425	848	800	1348	676	473	1606	1486
ENSG00000138924	50	75	61	93	69	40	122	41	111	98	72	66
ENSG00000232864	13	11	1	8	5	12	11	10	7	18	10	9
ENSG00000188682	38	7	22	33	21	33	39	26	24	13	18	34
ENSG00000158213	41	20	70	37	347	220	207	173	145	111	89	57
ENSG00000131584	187	333	378	332	407	193	266	320	351	227	365	135
ENSG00000206566	502	497	255	411	282	373	615	462	506	514	474	525
ENSG00000153028	41	39	45	45	18	16	27	39	35	29	38	26
ENSG00000135561	9	3	13	4	9	8	3	6	6	11	6	3
ENSG00000158212	76	116	77	61	68	95	62	42	46	49	94	69
ENSG00000213297	14	7	7	14	9	7	6	11	6	9	8	11
ENSG00000167192	1666	3115	2724	2867	1884	3420	2651	1610	2334	3090	2114	3475
ENSG00000184143	4	10	17	7	4	10	28	16	12	10	17	21
ENSG00000180293	454	306	358	266	610	242	400	201	563	561	583	502
ENSG00000212010	678	577	841	1001	471	855	932	794	1180	905	615	1057
ENSG00000114148	31	21	13	33	13	31	16	9	17	22	20	25
ENSG00000215492	720	1020	591	1614	945	1434	470	1352	554	884	1353	951
ENSG00000128221	81	68	156	143	214	119	39	58	110	90	97	104
ENSG00000209237	24	14	30	44	25	34	40	26	27	25	31	33
ENSG00000151450	21	19	24	27	13	36	15	30	17	12	16	20
ENSG00000231201	131	128	152	153	889	928	780	864	659	322	511	405
ENSG00000146654	863	856	657	772	1549	1711	1225	1401	1879	1901	1560	1231
ENSG00000101807	3	8	3	0	4	4	1	5	2	3	2	4
ENSG00000227647	746	259	553	434	2432	1903	1669	1753	713	1329	1343	703
ENSG00000213500	90	165	49	114	107	83	134	95	76	93	108	121
ENSG00000238399	17	39	39	31	43	26	31	30	21	33	20	45
ENSG00000243340	201	66	61	78	74	42	47	186	95	132	147	95
ENSG00000129109	144	116	190	127	222	147	265	115	157	141	139	116
ENSG00000183245	156	192	140	125	69	159	69	167	112	93	106	115
ENSG00000157631	760	903	618	574	951	991	801	757	1009	768	582	546
ENSG00000232977	23	16	21	22	14	20	7	24	26	37	24	27
ENSG00000140935	7219	9143	12700	8863	6957	10894	5285	10388	5411	5101	6518	7858
ENSG00000169662	864	700	1272	742	1361	533	747	1005	1277	821	1015	1228
ENSG00000190946	73	44	26	73	29	33	33	45	49	29	20	59
ENSG00000174299	2	2	2	3	1	3	4	0	1	0	1	0
ENSG00000167840	122	157	82	141	123	177	113	129	89	118	189	241
ENSG00000217361	49	84	45	62	59	35	88	25	78	68	76	72
ENSG00000152058	622	449	664	277	572	713	967	783	1065	742	409	575
ENSG00000108947	587	442	513	1065	704	539	335	670	595	806	1094	397
ENSG00000197081	8463	4785	5169	4569	8972	6260	6255	7493	6855	9969	7097	10521
ENSG00000241735	171	176	143	133	82	105	140	95	181	133	281	90
ENSG00000136428	585	711	676	811	560	567	466	900	628	726	775	1044
ENSG00000172509	37	92	57	122	55	80	29	31	51	52	51	46
ENSG00000225793	98	66	106	57	68	44	82	49	85	42	94	64
ENSG00000225638	3574	3662	3625	3111	3770	2005	2029	3307	6372	2856	3591	7286
ENSG00000144137	119	142	142	110	136	127	147	106	89	84	94	69
ENSG00000211221	141	150	168	101	743	680	567	511	268	260	290	394
ENSG00000167576	46	122	55	38	49	108	90	55	97	62	60	74
ENSG00000210928	260	398	208	198	326	203	356	330	235	125	118	436
ENSG00000170543	282	477	206	744	577	604	812	1046	463	676	640	857
ENSG00000152233	171	109	67	132	116	127	135	161	76	76	126	103
ENSG00000140057	14	11	24	16	11	14	15	17	24	14	21	10
ENSG00000200516	367	118	239	273	361	497	161	322	303	178	472	514
ENSG00000154929	29	50	13	34	34	21	31	43	43	29	26	35
ENSG00000217757	80	66	75	46	49	56	102	66	103	77	73	74
ENSG00000233113	187	251	202	191	327	259	405	238	150	194	266	256
ENSG00000152703	329	550	319	158	318	339	127	308	143	175	221	356
ENSG00000236170	1	1	3	3	2	2	3	0	2	2	0	0
ENSG00000142513	5151	3965	2860	7050	2896	3363	7859	3650	4183	4341	7607	6539
ENSG00000243463	477	837	946	788	512	595	650	572	634	429	667	998
ENSG00000113514	7966	8724	10394	6941	11171	9586	4840	9195	5029	6194	8862	12782
ENSG00000230261	13912	24473	17695	21877	29666	17007	19518	13371	21764	22435	27049	39444
ENSG00000142338	19	34	30	27	40	8	24	26	15	35	26	37
ENSG00000112606	24	73	94	28	67	48	53	57	39	74	63	60
ENSG00000101563	148	256	263	174	318	235	239	287	208	215	320	226
ENSG00000222792	1168	834	862	784	983	884	1150	1227	969	1073	1378	1233
ENSG00000165797	45	61	77	67	41	17	78	76	33	32	46	49
ENSG00000154652	82	61	87	33	64	87	72	51	65	54	115	79
ENSG00000232855	1597	1444	2103	1160	3973	6257	4605	4221	1410	3522	3505	2293
ENSG00000166100	30	14	24	32	30	38	32	21	13	13	38	29
ENSG00000227094	172	221	285	224	188	174	155	226	227	67	184	172
ENSG00000230176	2186	1825	904	2418	2577	971	1212	2037	1632	1184	1353	1975
ENSG00000131169	92	96	121	65	79	68	66	40	87	79	104	85
ENSG00000162311	598	1090	400	552	638	821	675	562	1037	366	504	592
ENSG00000207721	69	175	135	153	198	77	90	119	258	111	102	125
ENSG00000171765	5	3	7	9	9	4	9	4	3	3	5	7
ENSG00000238663	45	55	38	18	39	63	46	37	40	41	43	47
ENSG00000210547	56	160	169	68	61	181	78	56	126	106	48	75
ENSG00000233022	72	94	73	117	76	162	84	65	67	93	60	80
ENSG00000237323	130	110	189	123	68	158	119	152	135	107	197	160
ENSG00000204262	295	290	496	862	595	612	270	479	423	326	294	447
ENSG00000193325	221	179	279	252	171	260	169	164	389	389	346	242
ENSG00000156011	218	206	312	216	251	296	194	299	165	149	180	238
ENSG00000223693	54	61	53	36	22	50	29	72	22	43	55	92
ENSG00000209628	44	47	74	47	80	109	98	78	93	112	107	40
ENSG00000155442	73	55	35	91	323	227	225	268	62	132	170	113
ENSG00000156026	35	36	57	39	49	10	28	18	47	62	17	36
ENSG00000167695	2556	1958	3251	1894	10313	10628	9588	6908	3835	6964	3208	3722
ENSG00000116921	2	3	3	3	7	2	1	1	2	1	3	9
ENSG00000244531	176	257	127	145	341	156	239	155	182	226	162	103
ENSG00000102909	8	4	3	6	11	5	2	8	4	2	8	4
ENSG00000242054	30	25	42	32	32	31	43	51	26	40	32	25
ENSG00000246582	549	819	883	463	618	508	748	978	774	757	464	589
ENSG00000144760	51	77	83	88	71	68	78	88	59	36	107	88
ENSG00000146853	2016	2885	1633	2287	1320	1795	1663	1555	1918	1927	2086	1398
ENSG00000147301	9	14	11	25	15	15	11	2	27	27	30	29
ENSG00000210422	41	86	52	84	225	314	437	481	65	153	127	78
ENSG00000132199	39	34	50	36	27	46	15	36	24	42	41	24
ENSG00000117195	181	113	117	153	127	87	95	99	138	106	180	65
ENSG00000244325	73	62	70	47	271	282	193	292	162	155	165	94
ENSG00000134997	26	64	27	61	34	74	36	68	42	64	78	53
ENSG00000190235	174	122	110	90	188	116	87	66	243	167	150	153
ENSG00000122263	1760	1479	601	826	891	1496	1078	971	811	1070	1017	850
ENSG00000239423	134	209	173	123	183	134	174	216	190	237	166	92
ENSG00000190149	128	143	135	263	399	684	717	444	383	215	119	346
ENSG00000103048	56	22	53	69	44	66	85	46	66	50	58	65
ENSG00000172700	36	23	31	16	41	17	16	39	22	9	20	19
ENSG00000155215	7	10	7	5	4	3	4	7	5	6	7	5
ENSG00000205125	22	11	12	11	8	9	14	9	10	15	8	16
ENSG00000121475	82	96	154	134	105	81	93	79	135	113	110	119
ENSG00000245853	1	2	3	2	2	0	2	4	2	1	2	6
ENSG00000157114	362	380	408	129	338	460	550	223	316	388	398	316
ENSG00000202735	35	32	27	38	58	37	27	47	37	59	29	56
ENSG00000141215	12	17	18	17	12	17	14	21	11	24	20	14
ENSG00000171322	26	32	27	69	41	38	34	30	32	38	27	22
ENSG00000205620	289	323	560	462	373	572	254	445	248	153	463	372
ENSG00000193001	310	334	269	230	183	225	248	88	140	243	286	245
ENSG00000177910	83	53	150	109	199	334	155	253	153	97	176	163
ENSG00000224608	2939	2615	3440	4101	4322	3588	2971	3234	915	3537	3452	5069
ENSG00000195028	10997	7975	15411	12350	8390	10920	14510	13829	16670	15099	3913	13818
ENSG00000144964	9	11	17	10	8	9	16	5	12	2	7	8
ENSG00000210445	710	805	803	911	357	748	487	867	444	907	725	585
ENSG00000114178	30	41	24	33	39	21	18	19	20	19	12	17
ENSG00000163725	7	5	5	4	10	6	9	4	8	6	12	8
ENSG00000214779	32	45	54	61	35	20	30	43	24	25	46	32
ENSG00000208848	1614	955	923	1260	984	1537	579	1137	567	866	1062	1015
ENSG00000115410	61	24	47	51	54	59	58	79	30	53	51	47
ENSG00000226350	64	22	56	106	89	34	34	46	49	55	56	73
ENSG00000158934	1941	1876	2588	1559	1856	2351	3711	2068	924	2622	2464	1804
ENSG00000220078	322	524	413	265	397	190	513	337	297	275	495	376
ENSG00000199311	107	78	91	178	226	129	129	116	37	139	97	73
ENSG00000109413	5439	3569	3032	8012	5919	6083	11150	5732	5213	3236	8256	6912
ENSG00000243852	275	335	466	478	1884	2843	851	1144	970	1075	670	515
ENSG00000222636	21	33	35	48	15	27	32	12	29	60	38	44
ENSG00000126807	17	13	13	22	10	12	13	15	25	22	14	24
ENSG00000111433	51	71	58	19	40	27	70	57	56	67	67	132
ENSG00000120015	128	198	186	192	213	181	185	303	345	151	160	237
ENSG00000199403	1347	1109	896	619	681	1565	882	1468	1304	1319	409	1452
ENSG00000167305	1515	586	1026	778	1113	853	1151	1081	707	566	753	993
ENSG00000248054	205	152	109	243	232	244	197	214	277	151	156	259
ENSG00000239258	8	21	13	19	51	104	74	75	25	41	20	29
ENSG00000230426	1175	844	1306	720	1198	834	1202	860	1243	808	1389	1253
ENSG00000168931	153	232	179	187	131	268	208	177	186	174	179	150
ENSG00000221244	23	18	16	24	29	8	15	30	14	9	24	12
ENSG00000127546	23	17	12	10	11	13	24	16	7	14	10	21
ENSG00000237521	201	353	265	227	295	287	260	355	159	368	243	365
ENSG00000218908	227	310	502	178	491	126	496	396	250	465	184	365
ENSG00000134565	859	983	578	753	929	1102	924	819	1200	968	1495	574
ENSG00000187824	15	30	11	13	11	11	13	12	25	8	22	13
ENSG00000213907	8400	5145	8891	9444	7451	6482	6622	6365	7284	6600	10028	8633
ENSG00000247086	1	3	4	5	4	14	15	23	12	13	6	11
ENSG00000233359	144	97	132	149	368	822	567	427	299	345	189	346
ENSG00000194526	1424	1829	3337	1607	2156	1818	3084	1895	2176	4472	2566	2834
ENSG00000232698	1208	691	771	2130	1571	1013	867	3184	3135	1114	1091	1105
ENSG00000243488	20	20	18	54	17	14	16	42	21	32	27	18
ENSG00000221435	396	216	772	588	1776	1687	1085	2199	872	816	1322	1096
ENSG00000189790	1669	1696	1159	1001	1405	1425	1953	1522	994	1866	1668	2092
ENSG00000132787	676	541	706	637	2374	1528	3005	4882	1748	1991	844	2275
ENSG00000177356	10	23	18	15	17	8	13	12	20	21	13	18
ENSG00000174959	3515	4692	3144	5195	3717	5741	3014	4833	5624	4231	6385	3901
ENSG00000109751	3	3	4	6	0	9	8	6	5	2	12	11
ENSG00000240534	168	114	300	312	117	213	131	172	190	120	161	152
ENSG00000137443	16	20	17	4	21	16	10	26	36	22	13	11
ENSG00000128478	53	47	57	108	33	62	74	69	108	23	76	93
ENSG00000236690	45	75	114	84	32	92	130	42	148	53	73	84
ENSG00000137417	376	142	589	370	493	662	284	330	408	416	489	624
ENSG00000210003	20	7	11	15	12	17	8	14	8	6	19	12
ENSG00000231861	212	310	176	208	279	176	315	254	320	322	265	164
ENSG00000244707	2231	1000	952	2406	778	1423	2838	1811	1220	1179	2712	2351
ENSG00000196343	178	249	140	205	137	127	168	182	138	160	222	137
ENSG00000161807	405	381	581	503	427	388	632	504	328	411	570	820
ENSG00000182998	676	348	344	689	389	273	319	297	281	124	520	489
ENSG00000126187	20	36	53	42	34	23	63	12	21	34	38	23
ENSG00000105303	83	52	69	74	28	28	54	71	59	107	57	35
ENSG00000238290	163	120	210	155	630	310	683	465	240	362	222	212
ENSG00000231039	474	329	369	437	377	139	605	512	575	386	411	649
ENSG00000183579	10868	11069	11920	10236	10723	6536	10083	6789	8551	15013	8727	5604
ENSG00000241955	4394	4064	4502	3867	4450	3558	3646	2774	2449	6184	7656	4073
ENSG00000161190	55	35	70	61	65	59	68	25	42	37	47	57
ENSG00000106584	71	104	51	77	46	75	56	47	67	45	34	115
ENSG00000175129	6	15	17	18	17	13	15	8	25	12	21	20
ENSG00000141034	1	2	2	1	3	2	0	1	1	1	0	1
ENSG00000134359	1521	1377	2550	3880	1853	1935	1774	2588	2687	3231	2127	2792
ENSG00000199241	466	380	192	595	598	461	314	462	264	397	449	548
ENSG00000174958	2	3	1	1	3	3	3	2	4	1	1	3
ENSG00000193838	81	160	112	132	180	154	117	226	90	170	134	174
ENSG00000100038	12474	14300	18766	8872	59076	45993	64174	50015	42292	27051	37815	47652
ENSG00000223388	664	362	484	401	403	526	486	569	496	349	339	265
ENSG00000243728	414	543	332	225	495	528	485	523	532	334	245	525
ENSG00000211982	374	278	195	380	185	214	185	266	173	129	192	274
ENSG00000209332	32	41	17	50	12	24	40	23	27	29	26	46
ENSG00000125315	6	9	6	11	18	18	15	8	22	13	7	7
ENSG00000234612	32	28	18	20	39	138	121	82	40	42	35	73
ENSG00000115977	237	176	110	140	73	165	175	134	294	92	138	190
ENSG00000237835	62	73	126	65	68	92	53	110	77	87	98	86
ENSG00000167989	917	465	285	769	694	843	584	481	552	688	487	611
ENSG00000227547	3381	4781	4178	2963	5361	8216	5642	2734	5008	5907	3535	4288
ENSG00000230475	509	521	245	496	493	682	745	426	325	442	527	647
ENSG00000229609	878	451	1033	539	894	556	726	1001	595	657	631	852
ENSG00000174491	64	57	70	76	83	56	52	66	83	47	92	69
ENSG00000149678	3	12	13	5	11	14	0	12	6	15	11	10
ENSG00000179909	16842	7387	18582	10798	84468	54831	40028	75529	22578	16766	23291	12091
ENSG00000104365	665	910	517	716	788	622	860	707	560	983	680	445
ENSG00000162857	970	1285	731	2387	1740	1993	1058	2370	2208	1470	845	1532
ENSG00000147937	94	61	86	60	35	100	46	59	44	56	52	87
ENSG00000170625	6	6	5	6	7	7	12	2	2	5	5	5
ENSG00000207220	2136	3472	1647	2068	3611	897	2258	1248	2724	1377	1797	2515
ENSG00000178134	4	2	1	0	1	1	1	2	2	1	3	0
ENSG00000111719	117	58	66	108	99	101	126	49	169	75	104	82
ENSG00000110877	59	25	62	23	35	37	85	48	35	66	46	36
ENSG00000103746	201	314	178	299	188	220	172	204	248	200	365	120
ENSG00000227463	671	743	1307	923	549	930	849	468	461	469	796	355
ENSG00000209745	988	1070	867	545	425	932	860	683	1108	856	765	719
ENSG00000194324	0	1	3	2	5	1	2	5	2	6	3	2
ENSG00000124359	1067	1377	715	1180	1030	1749	2146	823	1066	942	1595	876
ENSG00000103963	4	3	1	1	2	2	1	3	1	3	4	1
ENSG00000165478	899	305	496	565	516	697	432	669	806	519	564	188
ENSG00000103984	99	81	24	24	60	73	49	74	43	98	70	101
ENSG00000215947	14	10	13	10	14	16	20	10	10	24	8	17
ENSG00000168183	43	38	23	27	34	28	64	40	46	45	51	60
ENSG00000242090	7	5	11	11	14	5	7	7	10	9	8	9
ENSG00000213694	91	146	144	125	136	61	223	275	98	133	157	187
ENSG00000160047	519	868	1586	1265	1407	1451	759	1454	1035	2130	1377	1462
ENSG00000131863	365	889	593	885	1162	774	747	636	754	593	450	617
ENSG00000115718	180	165	219	163	569	673	458	940	161	326	482	376
ENSG00000129679	1358	915	1489	583	1506	1030	1005	1654	1505	1295	1433	1673
ENSG00000144383	333	225	321	405	441	342	431	934	367	147	245	495
ENSG00000179219	10266	13163	8895	8007	9486	14603	21249	11167	9777	5987	10078	12349
ENSG00000125703	555	342	406	313	512	342	462	347	350	430	518	314
ENSG00000236097	37	22	42	75	40	47	40	50	33	24	46	58
ENSG00000132174	41	60	66	111	89	28	101	74	97	70	59	71
ENSG00000186400	51	19	24	26	137	132	175	167	43	30	73	49
ENSG00000181834	186	61	87	68	103	61	135	105	71	56	118	77
ENSG00000207989	109	136	74	131	134	78	63	166	80	142	82	58
ENSG00000117361	1038	1029	515	1139	1117	638	312	594	423	546	459	522
ENSG00000111529	788	708	628	905	384	398	822	902	842	540	567	844
ENSG00000218243	118	94	206	167	158	100	171	124	332	185	187	226
ENSG00000166256	495	373	289	322	904	1792	1316	1033	1143	778	694	839
ENSG00000224369	21	29	50	31	22	24	28	44	30	48	31	19
ENSG00000126234	65	39	97	43	58	44	49	54	74	80	57	47
ENSG00000246521	2	1	1	4	3	1	4	2	0	1	1	1
ENSG00000182057	26	35	23	28	21	17	26	50	20	37	53	26
ENSG00000143958	31	100	73	50	64	38	52	38	49	26	69	54
ENSG00000194540	25473	29098	19779	24138	22143	22936	24135	29758	33814	18188	27802	26839
ENSG00000198875	17	8	6	7	3	16	4	12	10	17	6	6
ENSG00000138909	145	209	228	176	166	194	143	222	175	179	162	247
ENSG00000219924	44	116	86	64	168	75	83	80	54	65	91	96
ENSG00000221954	4	8	4	4	13	10	5	7	6	4	11	7
ENSG00000211003	337	254	251	320	292	147	284	216	103	146	363	201
ENSG00000178671	239	145	161	202	136	73	205	79	137	155	103	205
ENSG00000190904	5	7	4	13	4	4	3	9	5	3	12	6
ENSG00000205490	1	1	4	2	1	0	3	1	1	0	0	2
ENSG00000186777	142	74	100	88	196	177	107	138	77	126	72	150
ENSG00000170703	15	3	14	9	25	27	38	37	34	10	9	19
ENSG00000166257	748	491	548	390	246	681	397	815	741	590	809	738
ENSG00000135146	73	90	146	88	54	65	67	106	89	107	75	110
ENSG00000239380	478	742	459	362	442	458	487	350	242	422	357	422
ENSG00000129138	83	100	106	98	245	299	387	421	149	186	119	153
ENSG00000117415	4083	3823	3964	2454	4301	2696	3230	2973	2082	6678	3645	4709
ENSG00000169045	669	633	353	514	639	743	588	1018	550	554	498	734
ENSG00000173972	1857	3397	3963	5365	4902	1606	3841	1977	3402	2211	1916	3379
ENSG00000192909	150	126	174	290	290	148	166	310	244	235	108	208
ENSG00000198079	15	21	31	21	25	23	14	15	16	14	11	18
ENSG00000201088	2	6	11	9	8	10	11	4	6	23	10	5
ENSG00000195093	87	44	40	35	45	51	72	31	60	61	64	30
ENSG00000134331	633	319	407	220	269	235	250	249	272	108	239	429
ENSG00000212460	30	57	35	70	68	23	58	45	68	34	19	42
ENSG00000110521	26274	34073	25436	25716	19793	36900	26405	16626	23331	26573	28275	35688
ENSG00000134808	150	145	72	124	70	155	129	302	141	223	70	156
ENSG00000126929	374	521	449	327	439	735	447	303	351	278	633	458
ENSG00000228680	227	192	169	289	72	234	223	223	175	128	181	344
ENSG00000135428	22	15	16	6	11	12	11	6	10	13	12	21
ENSG00000179232	987	2129	1029	1297	1100	807	1075	740	1651	882	1240	1328
ENSG00000202553	573	471	1010	680	532	567	706	608	574	399	635	563
ENSG00000107534	1340	714	1183	686	944	763	1450	616	645	1025	875	962
ENSG00000212370	13	22	23	13	18	31	20	38	53	12	19	33
ENSG00000122975	110	171	116	253	154	154	136	127	158	119	110	112
ENSG00000139244	287	170	91	112	105	121	188	162	75	68	217	119
ENSG00000135147	1125	3060	2746	2266	2474	1908	1804	2453	1765	2164	1906	2073
ENSG00000166477	8	15	19	5	12	9	6	6	12	7	10	13
ENSG00000132809	607	591	563	722	435	740	859	488	387	743	328	530
ENSG00000199392	1792	2640	1676	1684	1511	1879	2884	2130	1844	2257	1764	2608
ENSG00000165917	55	37	83	75	46	84	46	65	87	46	39	69
ENSG00000106318	36	42	34	39	27	56	41	35	16	28	42	44
ENSG00000150601	3238	2731	4059	2834	3602	2091	2812	1462	2932	1758	1627	2963
ENSG00000106739	222	234	293	192	236	359	243	273	191	135	279	342
ENSG00000174080	2331	2055	1631	1626	1314	1255	1389	1326	1414	2564	2923	1250
ENSG00000228705	571	707	837	966	1322	664	519	1321	803	935	1005	669
ENSG00000240183	1477	2147	1806	967	2446	2114	796	1587	596	1880	1581	1693
ENSG00000124708	59	90	76	106	160	134	107	96	109	147	88	115
ENSG00000197543	3	1	3	2	6	7	2	6	2	4	2	2
ENSG00000236546	752	958	488	277	678	871	563	384	575	625	618	685
ENSG00000134294	27	30	44	66	61	37	41	48	64	61	44	43
ENSG00000230609	435	531	985	706	3270	2536	1514	2237	1136	753	1103	1441
ENSG00000160751	42	91	75	98	19	63	110	57	104	83	45	73
ENSG00000210455	2645	3225	9953	6869	6234	4888	4031	5426	3164	7801	5488	5665
ENSG00000101524	158	110	146	151	144	61	99	174	113	116	108	79
ENSG00000129396	989	1441	871	1345	1060	658	683	1123	551	1698	795	964
ENSG00000177308	1156	3451	1205	1147	7274	5990	5452	8198	3271	3279	3145	2871
ENSG00000125521	99	140	254	169	193	184	268	128	180	193	129	110
ENSG00000231974	352	508	358	372	218	398	232	353	397	323	435	204
ENSG00000111454	161	208	159	256	455	505	575	561	208	319	421	268
ENSG00000142372	28	37	15	33	58	45	44	24	31	29	29	40
ENSG00000108074	3989	1588	4115	3340	3258	3713	3390	3467	3064	4256	3118	2043
ENSG00000146064	24	18	17	25	51	36	23	13	41	18	28	14
ENSG00000211766	4	8	14	5	3	9	4	8	6	4	0	16
ENSG00000103241	107	19	61	81	70	60	64	62	59	51	67	77
ENSG00000208422	244	295	192	362	254	282	311	177	150	272	396	182
ENSG00000204461	385	274	123	188	309	59	119	176	169	263	229	173
ENSG00000100214	83	96	76	67	48	127	68	65	47	75	86	78
ENSG00000148438	36	124	73	39	71	62	94	66	104	106	76	147
ENSG00000138768	2	2	1	3	3	2	3	3	0	2	5	0
ENSG00000169656	665	684	920	559	622	656	496	805	505	646	809	703
ENSG00000185333	4931	6946	3775	6458	6460	4596	5659	9127	3101	6166	4831	3073
ENSG00000231208	94	35	63	16	31	61	22	30	48	18	44	32
ENSG00000176355	7	9	3	2	3	8	8	3	3	1	7	10
ENSG00000129240	912	308	600	718	751	684	819	999	506	806	596	670
ENSG00000199418	130	189	99	87	19	131	179	114	155	134	149	149
ENSG00000125788	3	0	0	0	0	0	0	1	3	1	1	2
ENSG00000185991	45	26	54	36	27	45	50	32	44	37	23	38
ENSG00000232481	8	6	14	5	11	8	10	6	13	3	6	7
ENSG00000231882	12	32	11	30	13	13	24	15	10	6	14	19
ENSG00000153400	16229	10757	9944	9512	13069	8559	9909	6170	11132	11161	9753	15533
ENSG00000149114	1314	1477	902	1210	1300	1371	2014	1498	1094	729	1705	1385
ENSG00000213016	160	83	162	186	142	148	131	94	110	165	149	108
ENSG00000144499	143	180	220	159	144	175	143	107	192	109	292	175
ENSG00000120424	3693	4789	2615	5163	5518	3938	2957	4620	4384	4399	3159	4003
ENSG00000114086	42	12	16	17	7	16	12	19	24	17	15	10
ENSG00000124326	828	1204	582	458	1079	569	1457	948	491	825	725	871
ENSG00000141292	50	39	40	30	26	34	37	41	67	80	48	42
ENSG00000150925	1002	923	734	1013	651	1489	863	669	813	564	1107	1126
ENSG00000115795	198	330	399	291	152	185	242	210	242	233	228	206
ENSG00000249700	51	35	56	57	32	33	30	53	33	30	39	30
ENSG00000195356	971	1010	827	1235	1350	1873	882	1812	1319	1448	2172	1597
ENSG00000134957	385	469	505	365	205	687	508	587	367	591	451	355
ENSG00000148847	7149	10314	5704	4712	6503	6393	10432	5396	8559	5761	8549	4039
ENSG00000111089	93	49	60	78	69	83	89	79	82	44	37	79
ENSG00000162563	170	414	110	124	284	192	334	266	241	216	245	364
ENSG00000194946	34	83	50	61	225	191	160	153	50	114	116	57
ENSG00000173400	1551	2956	1629	1943	12350	18374	12796	8038	4446	2618	4991	4582
ENSG00000147866	37	38	20	49	52	17	30	43	46	14	30	27
ENSG00000112138	195	145	157	126	285	114	181	116	118	172	203	234
ENSG00000186690	2291	1907	2461	1399	9253	12109	9601	10016	6477	10198	6768	4698
ENSG00000243477	757	1026	454	340	660	629	500	423	364	460	497	688
ENSG00000185138	364	418	292	378	286	362	273	413	457	210	268	536
ENSG00000164932	154	449	221	351	324	192	245	511	332	288	335	176
ENSG00000105397	412	256	595	208	476	288	266	391	176	304	549	424
ENSG00000115189	643	501	632	742	2427	2665	3364	1523	1430	1035	2513	822
ENSG00000111606	132	110	114	72	63	76	89	84	111	100	96	119
ENSG00000236538	3	7	3	3	3	1	4	4	2	3	3	6
ENSG00000158824	2664	2634	2414	3051	2622	1062	1531	3309	2222	3650	3447	2163
ENSG00000204635	16	18	21	19	19	28	35	38	20	12	31	31
ENSG00000231063	10886	9258	7998	5867	4353	6343	5150	9029	5453	7558	5786	11041
ENSG00000125791	238	266	326	236	202	380	352	316	208	421	388	726
ENSG00000164118	62571	93359	67615	39889	46430	36379	38133	77613	48827	80604	78363	55369
ENSG00000194497	2287	2094	1640	2746	10874	7916	13634	4579	2678	3509	3843	5084
ENSG00000200330	353	290	552	435	1130	2617	951	1875	969	517	742	1721
ENSG00000159403	875	717	920	1279	1574	857	600	612	578	1361	1404	1296
ENSG00000188599	6	12	5	12	6	13	10	14	13	8	5	8
ENSG00000171254	324	331	220	217	147	211	322	354	217	295	304	164
ENSG00000115625	66	78	74	82	332	248	445	271	234	196	138	200
ENSG00000226495	117	243	135	161	127	162	160	149	84	240	282	181
ENSG00000193434	3	2	0	5	12	20	3	16	6	9	8	4
ENSG00000208114	2	2	1	6	1	1	0	0	2	3	2	3
ENSG00000193894	684	757	455	296	695	780	1075	803	561	995	746	486
ENSG00000239853	184	250	69	217	179	126	215	148	174	230	173	200
ENSG00000229887	98	53	74	86	68	53	57	84	66	58	69	65
ENSG00000209936	141	139	126	135	188	125	87	267	150	119	148	106
ENSG00000111019	18	64	15	46	241	155	166	192	98	86	149	72
ENSG00000240124	62	109	58	56	37	107	44	45	38	42	60	66
ENSG00000173121	499	404	588	822	617	1042	519	723	532	672	749	551
ENSG00000109074	80	143	84	137	83	123	59	81	83	88	119	63
ENSG00000112094	938	949	514	1027	766	836	692	516	1170	456	682	540
ENSG00000194014	75	31	42	16	46	46	67	25	19	40	22	41
ENSG00000135941	1	0	4	0	9	1	6	5	5	2	4	5
ENSG00000149630	29	65	25	17	24	47	58	41	41	36	99	57
ENSG00000165030	40	106	128	89	86	125	139	157	157	67	116	140
ENSG00000148912	16	18	33	18	21	17	12	19	18	18	10	13
ENSG00000157237	87	32	86	115	72	108	103	94	93	80	81	83
ENSG00000246805	34	58	49	63	62	52	32	40	54	50	66	33
ENSG00000201566	915	502	1117	1353	1356	809	1290	599	1006	1161	1325	1411
ENSG00000244836	1210	501	1245	1339	388	1231	804	1634	772	529	1033	587
ENSG00000186163	1620	1773	2253	1743	6482	10837	9930	8036	2294	3685	2509	3292
ENSG00000242792	41	28	21	34	53	29	41	25	30	47	57	63
ENSG00000137918	449	254	144	371	324	213	424	315	302	311	244	287
ENSG00000148278	2608	2730	2259	2695	1793	2201	2056	1175	2821	1907	2188	1827
ENSG00000104250	158	220	376	206	195	188	201	308	163	191	187	174
ENSG00000211784	148	190	209	148	79	170	175	117	158	123	118	93
ENSG00000124931	36	30	29	39	42	25	33	45	49	29	26	18
ENSG00000246627	988	840	1177	1122	1757	1133	605	725	1057	1449	1081	578
ENSG00000173439	318	244	336	238	185	184	233	221	165	192	217	255
ENSG00000151203	1506	895	1133	725	1225	752	1276	1616	1752	1052	1415	1754
ENSG00000146236	98	183	98	103	91	82	110	132	117	144	91	162
ENSG00000196138	13915	12703	6908	15360	22940	41282	39605	40417	25453	44063	27451	16330
ENSG00000102616	121	140	123	98	111	98	247	210	117	168	127	197
ENSG00000116237	10	19	11	6	20	8	11	24	8	18	6	13
ENSG00000237219	184	245	293	113	192	273	232	105	331	160	284	251
ENSG00000190078	433	442	530	525	306	351	397	545	390	360	339	428
ENSG00000205101	853	2556	1120	3301	2915	3139	2410	2963	1285	2819	1995	4628
ENSG00000112473	29	76	31	51	47	60	75	50	15	63	63	84
ENSG00000168220	47	53	48	70	40	64	55	34	62	52	75	39
ENSG00000118168	161	108	89	79	76	98	95	63	76	75	60	148
ENSG00000245744	64	72	67	59	39	36	34	64	75	59	85	81
ENSG00000133042	3	2	4	1	1	2	5	0	3	2	2	6
ENSG00000197182	553	887	441	857	719	1156	920	563	761	800	298	883
ENSG00000226973	2282	1590	1745	1032	1321	3008	1899	2725	3267	1442	3439	1884
ENSG00000242917	42	24	28	42	34	13	42	38	25	18	66	29
ENSG00000181726	21	20	24	27	12	15	19	11	15	19	19	31
ENSG00000241443	95	107	113	123	153	98	128	69	133	77	116	142
ENSG00000189090	25	34	19	44	34	24	36	25	31	61	23	13
ENSG00000172717	546	708	824	910	1258	740	616	810	1009	1060	897	624
ENSG00000109033	27	29	44	41	49	34	27	48	43	21	36	58
ENSG00000241459	527	509	571	297	371	511	536	612	822	660	294	625
ENSG00000234817	13	12	8	13	10	21	11	9	11	6	15	15
ENSG00000165012	5	3	10	8	5	2	2	12	9	8	1	5
ENSG00000124352	3	10	6	10	3	2	10	9	7	5	4	8
ENSG00000113089	2	6	16	15	45	32	49	24	12	21	16	19
ENSG00000108775	199	225	449	562	398	495	445	244	250	288	325	338
ENSG00000115680	542	730	849	1020	1051	1003	1035	523	485	409	1148	464
ENSG00000114232	257	153	237	275	117	259	156	183	263	142	252	230
ENSG00000248578	250	181	222	284	347	169	283	256	264	243	235	175
ENSG00000190247	3	1	0	0	2	2	2	1	3	2	1	1
ENSG00000205733	1447	1459	1094	1610	1507	2246	1082	1287	3364	1790	1368	1623
ENSG00000133264	12	22	13	16	14	14	7	10	9	10	13	11
ENSG00000207090	1586	1448	2248	2237	1966	3370	2244	1124	2747	2104	1294	3560
ENSG00000126832	19360	26116	52338	36859	23980	14234	27547	26649	26025	25237	34138	11293
ENSG00000101303	216	302	213	190	188	234	237	131	133	103	173	98
ENSG00000206661	932	506	601	415	674	573	1021	715	390	271	710	455
ENSG00000208710	488	678	612	571	667	283	490	516	486	550	990	696
ENSG00000158858	12	9	8	8	8	24	4	12	13	18	14	13
ENSG00000230419	6	13	22	17	8	13	8	14	2	10	8	15
ENSG00000180815	38	52	37	44	25	37	30	50	25	48	16	62
ENSG00000153214	197	240	196	267	165	228	232	135	284	254	229	258
ENSG00000243259	871	707	585	1066	1233	614	914	793	912	703	483	1618
ENSG00000231306	329	129	300	220	113	251	153	156	219	339	172	373
ENSG00000196318	1122	970	1763	1299	1555	1612	693	1767	1775	2167	1149	1416
ENSG00000211713	77	90	69	54	95	46	36	30	32	53	42	65
ENSG00000132988	7	7	7	1	7	12	10	9	6	10	6	14
ENSG00000179882	141	247	250	155	103	196	165	231	80	183	141	236
ENSG00000155161	72	156	122	130	533	335	660	573	267	338	219	269
ENSG00000145724	14	7	9	11	12	16	9	10	10	13	10	7
ENSG00000181201	1600	1625	2447	1503	801	1267	1618	1620	885	888	1891	1434
ENSG00000133252	16	20	21	24	13	21	16	26	15	25	26	24
ENSG00000245908	30	29	36	46	43	25	32	25	68	23	48	48
ENSG00000197875	258	275	223	344	393	262	244	314	306	227	228	191
ENSG00000129235	10	17	27	15	24	16	8	30	43	9	23	24
ENSG00000247192	673	1064	641	715	475	637	515	599	409	438	550	762
ENSG00000213426	217	426	621	248	335	202	272	344	401	153	324	430
ENSG00000217585	479	283	540	257	318	262	489	320	357	486	372	440
ENSG00000140285	135	145	166	83	162	131	104	64	122	196	138	189
ENSG00000112080	56	16	31	27	74	36	103	27	86	78	64	48
ENSG00000121505	47	45	24	44	19	39	66	22	29	33	29	27
ENSG00000196692	396	258	412	167	361	229	517	219	213	363	532	328
ENSG00000150184	1920	2926	2901	2307	3431	2377	2868	3678	3542	5173	1713	1221
ENSG00000188556	989	1164	886	362	1015	565	1085	743	1370	721	742	444
ENSG00000118775	473	275	493	344	160	190	238	431	240	368	395	639
ENSG00000214665	1086	1052	1276	1639	7739	5093	6793	5151	2678	2510	2014	1835
ENSG00000218325	4178	1819	3786	2983	3483	2729	2471	2817	3255	2796	2507	2022
ENSG00000174551	19	8	13	16	7	8	17	12	15	17	22	15
ENSG00000155221	201	249	180	115	193	167	199	144	180	156	231	73
ENSG00000120267	1247	2049	2945	1471	2646	2066	2969	1415	3492	2681	1697	2018
ENSG00000159810	24	52	41	30	65	14	39	17	41	41	44	21
ENSG00000227569	44	73	95	54	60	100	64	89	57	85	93	68
ENSG00000150298	761	753	267	410	1166	552	807	602	748	460	554	735
ENSG00000243058	249	125	65	92	155	100	93	168	99	140	62	65
ENSG00000131524	2479	1993	1552	3407	1386	2906	2317	1315	1063	2327	1564	1662
ENSG00000201781	138	98	92	76	108	145	100	59	97	117	71	80
ENSG00000205542	669	433	700	628	3683	3158	3081	2566	1112	1854	1220	1226
ENSG00000174909	42219	41894	29344	30093	41088	17696	25180	31511	32187	23439	29299	48472
ENSG00000206391	2701	3136	1896	980	1230	2461	1937	2145	1191	1228	2405	2541
ENSG00000156418	19	4	16	14	10	2	5	11	17	9	18	12
ENSG00000243846	37	32	44	32	85	103	110	87	45	40	44	41
ENSG00000115564	38	19	42	21	25	21	13	30	21	29	13	36
ENSG00000199407	119	60	160	212	140	92	92	149	87	117	242	113
ENSG00000241908	7	4	5	7	50	25	37	44	24	20	16	18
ENSG00000106379	778	635	373	559	1141	205	587	509	892	556	672	669
ENSG00000233127	5640	5920	3906	6310	6655	2915	9115	5362	4962	6768	3463	5259
ENSG00000176757	3070	5745	2193	4090	5942	2272	3031	2619	2338	4402	5842	6797
ENSG00000152964	40	37	44	23	68	30	30	21	26	17	48	46
ENSG00000225496	49	128	117	112	73	123	78	77	124	70	47	85
ENSG00000132519	76	126	111	61	116	74	41	88	50	80	151	64
ENSG00000117931	21	27	19	18	22	31	29	42	14	32	24	45
ENSG00000129173	9112	6553	4649	5805	3305	9166	8168	6133	2882	3457	3737	4735
ENSG00000126276	40	27	54	37	55	35	40	16	44	67	37	35
ENSG00000212356	13	8	18	20	11	21	25	17	18	27	15	16
ENSG00000125354	411	158	206	401	361	539	404	387	279	273	438	295
ENSG00000126573	248	348	369	347	251	306	720	437	364	294	308	364
ENSG00000194627	2383	2461	1931	4106	3740	2792	2505	3507	3909	3312	2476	3854
ENSG00000189698	1893	4262	2629	5058	3665	2594	3641	2148	3484	2090	3734	5804
ENSG00000218254	79	158	117	75	143	86	93	62	156	138	68	131
ENSG00000180110	4	1	1	1	14	1	4	6	6	3	4	1
ENSG00000118818	1054	629	537	620	392	729	537	820	795	1062	672	433
ENSG00000180557	1150	515	1282	978	661	853	1285	920	716	486	509	688
ENSG00000185844	8315	5643	11308	10481	4645	8051	6605	7067	10876	6831	4222	10168
ENSG00000213741	12	3	13	4	5	1	11	1	11	6	4	3
ENSG00000208467	28	23	21	14	12	5	31	10	7	29	18	18
ENSG00000116068	5093	3245	5562	3403	2113	6195	6226	3688	3680	2595	4242	5515
ENSG00000189672	4990	2385	4889	3691	3603	5921	3494	4505	2386	3926	2958	7527
ENSG00000117024	1365	2723	3440	2697	1440	2073	2099	1927	1885	2058	1432	2010
ENSG00000109479	150	166	170	119	212	226	173	108	176	177	103	258
ENSG00000201197	1935	2218	2497	1712	1365	3455	2392	1531	2499	1669	2077	2646
ENSG00000117096	28	71	61	36	75	44	72	29	55	42	45	43
ENSG00000229569	14	4	16	10	10	11	15	12	7	16	14	11
ENSG00000132723	154	196	169	118	201	128	131	155	153	201	93	135
ENSG00000181347	145	125	161	210	238	173	321	217	191	182	209	299
ENSG00000128290	1856	447	787	1180	747	1380	702	994	505	1173	1017	646
ENSG00000219751	1361	1842	1905	666	863	938	1711	2124	598	1086	1429	1196
ENSG00000236824	5	5	1	4	4	4	3	4	1	4	2	3
ENSG00000247383	203	96	376	190	253	543	260	181	237	518	230	208
ENSG00000124430	395	513	471	301	531	335	466	335	246	357	291	537
ENSG00000196082	20	4	7	11	6	4	3	5	20	3	25	6
ENSG00000109779	213	65	70	68	58	56	69	124	48	58	64	61
ENSG00000131395	100	182	273	166	118	211	130	209	124	246	210	74
ENSG00000148038	339	314	209	471	372	338	376	485	300	258	377	212
ENSG00000188565	25	31	37	14	46	21	40	45	35	12	16	21
ENSG00000135865	67	45	32	50	49	53	37	31	41	39	25	32
ENSG00000109053	9	22	29	12	7	20	17	19	17	17	2	11
ENSG00000221504	256	524	338	306	267	311	206	433	685	481	223	260
ENSG00000159125	73	90	83	79	109	105	69	96	77	51	62	72
ENSG00000105071	39	32	37	14	292	175	274	140	184	69	90	94
ENSG00000113547	480	529	474	457	307	862	832	483	689	503	522	492
ENSG00000192004	142	125	121	49	56	131	107	128	145	67	84	106
ENSG00000105024	14	11	10	12	20	13	22	11	13	19	19	11
ENSG00000234691	2647	1031	1479	2197	1008	1378	1219	1037	964	1294	951	1606
ENSG00000223106	625	1357	1061	1072	841	1828	1147	695	1315	1312	956	730
ENSG00000163044	402	404	456	309	342	519	360	320	379	320	328	313
ENSG00000149936	10	10	12	14	15	30	24	17	25	19	30	11
ENSG00000123535	2007	1782	1119	1513	1430	1342	332	1630	1195	987	892	1874
ENSG00000215427	41	21	58	29	150	145	147	202	178	67	82	60
ENSG00000223641	3	2	1	4	3	3	3	2	3	1	3	2
ENSG00000212965	157	71	117	158	159	49	132	199	116	106	112	108
ENSG00000223866	6822	5991	5469	6693	5614	3799	7926	3614	5158	4300	2111	6956
ENSG00000146414	51	39	37	62	100	72	56	56	72	48	27	46
ENSG00000218910	729	339	513	357	501	370	339	681	588	484	493	398
ENSG00000128350	2551	2055	3812	3494	7958	9624	10194	8468	4934	7337	4975	6633
ENSG00000212381	190	365	143	252	115	143	299	136	257	261	288	186
ENSG00000134536	75	65	70	72	84	155	84	37	60	89	56	38
ENSG00000109215	79	78	108	126	186	123	199	117	123	96	110	105
ENSG00000189021	886	443	551	390	521	427	455	379	542	283	305	796
ENSG00000198544	51	39	39	26	53	43	53	43	38	53	46	46
ENSG00000218101	208	290	161	436	332	330	348	234	403	272	403	262
ENSG00000232426	511	670	446	394	223	554	369	317	613	454	348	762
ENSG00000157629	72	83	69	63	70	63	68	77	48	74	83	50
ENSG00000129672	948	513	660	554	763	535	358	729	514	410	441	450
ENSG00000209891	286	349	243	279	473	356	414	450	306	503	361	318
ENSG00000223250	119	68	74	105	107	71	112	58	47	66	104	168
ENSG00000195241	169	119	128	87	121	87	139	92	108	99	79	103
ENSG00000145954	136	212	196	259	206	135	142	322	166	141	103	265
ENSG00000220739	106	144	98	145	97	87	119	163	149	112	116	85
ENSG00000104396	81	75	86	146	82	71	60	84	65	104	121	92
ENSG00000212664	22	23	17	19	84	103	60	72	43	33	41	31
ENSG00000237162	210	241	313	144	230	192	141	148	103	157	182	266
ENSG00000210492	881	668	980	595	446	617	460	855	540	414	582	492
ENSG00000228659	701	997	655	724	1640	1955	1834	2306	1401	953	1342	1070
ENSG00000138742	54	26	39	26	18	43	27	13	11	29	34	27
ENSG00000129291	566	635	588	418	518	331	427	591	424	484	438	459
ENSG00000161878	294	571	218	788	535	468	396	353	463	802	400	664
ENSG00000212606	19	31	31	22	31	40	40	15	23	17	26	26
ENSG00000134492	182	528	499	355	642	548	296	411	190	381	637	509
ENSG00000100886	66	60	78	213	132	93	92	69	143	72	79	73
ENSG00000163930	65	63	50	37	51	120	102	51	77	44	71	55
ENSG00000109308	192	350	283	265	180	163	202	171	205	230	288	371
ENSG00000124856	84	119	103	120	89	101	115	101	137	154	163	81
ENSG00000185656	1	0	0	2	3	2	1	2	1	2	0	5
ENSG00000111042	307	264	216	199	136	227	320	138	243	154	240	246
ENSG00000213957	28	17	21	16	13	23	13	22	17	32	11	17
ENSG00000249718	33	123	99	142	54	92	97	149	143	135	92	246
ENSG00000150955	527	619	466	1052	896	726	603	649	426	631	438	572
ENSG00000213784	114	85	90	107	400	347	359	398	245	125	342	120
ENSG00000228823	65	56	40	81	67	62	54	46	40	68	59	57
ENSG00000174027	239	204	201	208	159	167	178	129	338	227	121	203
ENSG00000206207	313	431	524	308	452	920	455	209	337	344	311	339
ENSG00000188975	29	47	49	38	16	47	27	18	39	19	20	17
ENSG00000142245	69	31	32	60	24	36	34	35	35	57	26	36
ENSG00000136380	192	491	416	338	300	516	276	348	359	520	390	422
ENSG00000185433	1780	3947	4584	4121	3068	3540	3601	4000	7652	3776	4470	3443
ENSG00000150011	115	145	156	114	97	129	192	201	222	159	184	185
ENSG00000239047	192	509	933	665	783	1110	804	1155	749	727	747	903
ENSG00000198856	16	35	23	27	53	40	23	41	37	30	48	22
ENSG00000237999	85	114	95	151	175	136	214	79	130	171	108	99
ENSG00000233940	216	180	165	220	93	301	164	171	168	131	215	110
ENSG00000215287	20	10	9	12	5	21	5	28	11	12	19	11
ENSG00000155088	211	172	198	141	161	141	171	295	122	170	211	224
ENSG00000110723	97	132	70	56	110	129	148	92	69	159	138	96
ENSG00000236344	2	2	2	1	4	2	1	1	1	0	0	2
ENSG00000196574	168	157	94	140	218	180	104	173	69	147	53	61
ENSG00000228063	228	257	325	375	149	309	235	213	375	293	222	305
ENSG00000107656	251	318	330	358	87	177	153	172	310	250	167	254
ENSG00000141082	419	198	142	348	295	224	432	326	297	229	410	395
ENSG00000231427	10	18	16	18	16	15	16	9	19	15	5	8
ENSG00000157628	32	22	29	30	108	143	173	97	85	64	58	103
ENSG00000141878	79	66	96	84	105	109	54	110	84	59	67	146
ENSG00000172723	29	23	7	39	19	24	38	20	17	16	30	26
ENSG00000195787	45	75	55	48	17	46	52	54	45	62	58	68
ENSG00000100267	951	2190	949	2736	1215	1555	986	1728	1249	1407	1168	1998
ENSG00000176881	22	15	35	18	31	28	37	33	41	22	36	22
ENSG00000134758	66	80	97	89	71	70	93	47	30	40	94	110
ENSG00000234505	4364	4167	7630	4455	6282	4763	3465	8300	3552	6928	5714	4324
ENSG00000245768	174	98	60	167	111	144	140	165	94	123	40	126
ENSG00000185294	24	8	15	14	7	10	9	7	17	16	1	21
ENSG00000233133	139	197	388	287	233	354	328	222	183	177	176	169
ENSG00000200460	221	179	106	170	271	159	195	274	247	243	154	248
ENSG00000138949	100	153	213	183	730	612	567	1409	267	469	238	382
ENSG00000225951	5	4	14	2	4	4	7	1	2	6	5	4
ENSG00000124243	126	200	238	263	172	186	199	302	301	308	234	307
ENSG00000191040	289	270	179	357	303	340	290	258	308	189	235	161
ENSG00000235432	10427	7841	8992	7231	9160	9316	8292	9640	11158	8167	10355	6550
ENSG00000156648	669	694	1045	775	442	409	589	751	533	782	890	872
ENSG00000234535	77	41	54	38	97	60	66	40	47	73	87	45
ENSG00000247682	270	269	148	372	180	151	222	209	223	278	318	337
ENSG00000116416	558	715	1029	249	578	548	1196	538	362	394	618	868
ENSG00000215283	66	146	150	170	100	166	63	198	128	149	149	131
ENSG00000249396	139	168	190	225	67	162	204	88	140	105	201	229
ENSG00000240910	3246	1962	2130	3251	2884	2586	2907	2189	3147	1721	2679	1405
ENSG00000143425	491	484	502	205	541	595	398	385	573	569	607	584
ENSG00000149474	634	303	375	594	725	324	343	488	463	319	461	612
ENSG00000158568	34	35	35	37	95	84	107	95	41	47	32	81
ENSG00000200511	399	316	543	334	666	288	213	489	405	466	382	539
ENSG00000172975	7	1	5	5	5	5	12	1	4	0	4	3
ENSG00000153815	2063	2860	2415	1700	1551	1785	1131	2080	2624	1596	1787	1838
ENSG00000211651	78	50	72	29	111	55	56	40	104	143	63	73
ENSG00000158066	368	526	793	594	475	448	486	477	666	563	600	682
ENSG00000241823	1424	2122	2272	3597	2643	3000	2308	2779	3024	1499	2193	2836
ENSG00000209590	28	32	23	19	12	16	27	22	20	11	28	21
ENSG00000245349	666	937	2159	1514	6513	8065	7167	2927	5121	5278	1842	5969
ENSG00000199915	473	205	272	300	359	203	286	160	473	289	195	196
ENSG00000180086	2099	2244	1229	2534	1882	2080	2079	1673	406	1802	1072	1408
ENSG00000210338	51	46	147	84	124	123	70	139	92	59	82	105
ENSG00000235853	33	35	33	98	46	31	45	54	9	72	53	30
ENSG00000103588	3146	3920	1729	2746	2306	1322	2260	2461	2082	3744	2341	3100
ENSG00000127827	608	560	408	328	452	577	387	331	385	534	592	224
ENSG00000189098	219	350	211	215	194	125	151	185	100	330	273	184
ENSG00000146866	14	19	26	18	23	16	24	25	14	19	17	28
ENSG00000128950	2904	2952	2664	2438	3750	1277	2350	2717	3593	2800	2470	2039
ENSG00000208334	110	70	76	97	75	109	141	99	71	81	86	53
ENSG00000245291	60	134	80	208	80	123	175	100	93	148	163	129
ENSG00000205552	49	59	41	59	53	76	46	39	43	70	40	30
ENSG00000173607	233	192	291	179	215	107	196	193	235	103	219	148
ENSG00000216992	588	793	448	637	514	605	815	707	713	591	590	665
ENSG00000118496	103	210	131	79	94	150	217	82	110	178	159	184
ENSG00000153565	110	179	160	223	108	131	107	109	102	125	186	142
ENSG00000206863	119	50	85	45	24	36	58	29	39	46	85	73
ENSG00000139804	3321	3233	4367	2745	3768	3713	5197	2306	2102	6569	2239	3239
ENSG00000152471	7018	3194	1386	6549	6064	6587	7695	3270	5079	3689	3806	5521
ENSG00000213476	81	101	158	93	62	97	145	101	57	92	167	54
ENSG00000136546	27	43	39	61	25	23	23	33	29	45	38	29
ENSG00000180420	203	123	361	312	251	322	405	278	249	236	307	321
ENSG00000231490	10	14	8	12	4	10	8	6	13	7	7	14
ENSG00000171197	341	281	325	369	310	492	372	371	447	344	233	268
ENSG00000192590	396	183	336	383	224	346	384	215	459	217	189	325
ENSG00000220437	224	254	190	298	266	243	255	295	259	346	206	194
ENSG00000214612	5918	4180	3420	5158	3704	3017	3435	3810	3444	4339	2616	4545
ENSG00000217188	4943	4684	8623	6931	7429	5059	2884	7436	6962	7152	5707	5964
ENSG00000198072	587	564	465	430	606	519	382	315	376	446	385	632
ENSG00000164701	77	69	74	77	47	81	59	95	59	52	64	102
ENSG00000130049	1210	1461	1247	1255	1859	2214	1472	1765	673	640	1365	1275
ENSG00000167201	796	2207	1746	2617	1995	2459	915	903	1026	2152	1820	2131
ENSG00000181396	29	20	11	18	14	21	15	17	12	19	16	11
ENSG00000210503	30	63	36	10	208	175	315	153	78	43	131	62
ENSG00000150028	104	129	70	99	85	96	126	191	178	105	86	60
ENSG00000122996	5	7	10	9	10	4	11	3	6	7	3	2
ENSG00000130682	10	14	18	14	15	15	12	17	17	26	22	18
ENSG00000105012	3449	5316	4919	3483	4834	4555	5858	4374	3085	4621	3740	4526
ENSG00000132121	18	10	5	5	10	11	16	14	6	22	14	10
ENSG00000244484	1133	1140	1087	1610	1067	1176	681	427	1230	873	949	522
ENSG00000194746	46	31	26	39	44	27	42	46	35	17	49	27
ENSG00000144013	1593	942	597	1441	1022	529	1743	879	1084	1156	1188	2025
ENSG00000116515	572	290	197	371	227	265	373	322	312	172	428	421
ENSG00000163639	725	441	1154	980	1676	1910	1598	874	1097	1210	1021	1527
ENSG00000140092	14	7	4	7	12	7	2	19	9	11	6	12
ENSG00000112987	281	422	255	256	391	283	178	366	386	400	354	267
ENSG00000236902	82	69	28	60	47	49	61	89	82	61	30	51
ENSG00000216138	921	650	663	593	741	1103	1640	600	1080	741	1044	1267
ENSG00000186119	462	775	873	771	668	560	947	631	1045	654	805	545
ENSG00000112674	206	275	325	216	349	187	337	255	308	254	259	199
ENSG00000164898	128	101	197	142	70	151	191	149	124	104	143	191
ENSG00000116924	207	242	181	176	123	132	210	119	225	186	139	304
ENSG00000236621	266	275	321	396	264	479	328	151	426	268	321	431
ENSG00000147049	138	78	46	67	59	74	28	70	69	111	52	120
ENSG00000170829	100	70	72	82	83	80	116	41	74	41	52	85
ENSG00000184319	38	59	51	47	61	54	62	80	34	40	53	59
ENSG00000170434	29	11	17	23	36	13	18	18	17	29	19	26
ENSG00000170833	1807	1430	2166	1389	1257	1331	1837	1437	1314	1050	2056	1560
ENSG00000225800	12	20	4	10	29	61	21	18	24	19	26	27
ENSG00000229589	1555	2282	3372	1720	3721	2377	3055	2617	3140	3050	2914	2991
ENSG00000115453	550	1033	933	561	266	1349	631	585	795	755	773	576
ENSG00000123616	2	4	3	3	6	4	7	9	13	4	4	2
ENSG00000208832	1	9	4	4	5	5	1	4	1	1	6	3
ENSG00000166644	168	125	71	82	594	556	798	1284	396	577	325	357
ENSG00000231287	10	33	14	23	24	17	15	17	29	20	14	19
ENSG00000122077	284	311	235	263	240	189	131	257	224	437	213	141
ENSG00000191563	888	1269	634	1276	733	1276	764	861	972	637	1317	963
ENSG00000100942	374	313	310	284	160	255	218	203	412	324	372	405
ENSG00000242871	123	81	131	95	109	104	77	111	135	101	138	188
ENSG00000141106	225	84	80	139	106	116	97	108	70	123	168	89
ENSG00000169791	4117	4755	3668	3001	4153	3470	3925	1436	2171	3023	2477	5075
ENSG00000218253	105	88	39	52	94	85	88	77	80	40	45	78
ENSG00000118618	3713	5742	3448	5105	7865	5614	4523	4929	4993	3707	6323	5068
ENSG00000124460	10612	8673	6246	14180	11250	12424	13576	7630	12021	12437	7101	8549
ENSG00000203573	58	70	75	81	82	49	94	74	103	81	74	157
ENSG00000223551	170	292	145	357	160	441	263	408	490	241	283	216
ENSG00000101944	4673	3886	3772	5130	4096	10272	4718	6894	6916	3764	4952	6153
ENSG00000165389	42	56	51	44	39	48	62	39	61	54	48	46
ENSG00000171541	357	371	282	241	302	407	468	259	314	365	543	536
ENSG00000200834	674	1825	1343	1105	1744	1878	1229	1315	1349	851	1803	2158
ENSG00000209120	18	19	40	37	12	19	32	28	22	38	32	20
ENSG00000173236	356	280	438	358	429	436	426	168	379	383	250	912
ENSG00000249379	211	265	424	278	255	379	245	399	174	419	132	331
ENSG00000161549	56	40	71	47	99	608	163	322	94	170	119	69
ENSG00000246043	4454	4011	2697	3852	2651	3296	6577	2142	4090	4641	2307	4327
ENSG00000174929	171	158	132	142	193	116	92	141	78	125	141	156
ENSG00000232624	18464	10250	13721	15246	24573	11498	25813	16503	15591	28804	11594	19169
ENSG00000215825	578	563	522	558	4132	3644	1585	2390	1260	1584	1443	1513
ENSG00000156566	32	59	33	56	58	58	51	51	80	70	115	33
ENSG00000227274	290	413	417	254	461	251	241	422	270	294	272	322
ENSG00000138159	53	20	68	35	141	155	102	155	104	52	125	154
ENSG00000199554	1273	913	508	1222	1308	740	462	1125	843	1170	787	1119
ENSG00000221781	1092	902	941	1284	636	499	669	885	1013	897	406	685
ENSG00000181786	17	13	19	15	89	66	94	103	34	50	17	48
ENSG00000206697	159	94	96	138	88	110	66	83	89	139	86	85
ENSG00000228551	414	435	338	281	2644	1074	1392	2204	982	995	1244	1133
ENSG00000200165	183	170	121	303	241	119	186	188	298	200	285	110
ENSG00000101878	39	32	31	19	31	28	13	42	26	23	24	22
ENSG00000201410	1838	1638	1837	2091	787	1376	2136	2623	1777	877	1247	1433
ENSG00000205259	2630	2189	1823	2771	1922	4179	2265	3049	3046	3076	3446	3848
ENSG00000236387	9	11	13	13	3	13	22	9	11	9	7	17
ENSG00000115111	3698	2635	2955	3768	3297	2877	4507	4464	3260	3415	4121	2574
ENSG00000241047	5	3	2	1	3	4	2	4	3	5	5	3
ENSG00000206295	96	51	142	181	857	639	583	668	209	259	316	274
ENSG00000120777	67	64	50	30	50	62	50	46	40	102	28	52
ENSG00000137201	46	70	94	63	39	88	61	94	80	65	40	30
ENSG00000113465	460	205	180	409	1484	1658	930	658	509	498	361	581
ENSG00000229085	26	17	14	15	15	21	8	20	32	10	30	21
ENSG00000174734	147	91	163	124	164	108	149	219	122	147	126	238
ENSG00000218082	5391	4858	4514	2693	13214	20715	38820	13456	4975	11075	15302	7423
ENSG00000172391	607	325	626	318	661	314	529	519	484	493	440	362
ENSG00000230046	3474	2762	3676	3600	13085	5621	10131	13096	4342	5917	6792	7680
ENSG00000129781	653	1030	1501	1488	965	769	500	693	533	1587	996	858
ENSG00000247143	8	0	6	7	8	11	9	15	8	16	2	5
ENSG00000162550	3449	3761	3040	5131	33365	26450	22382	36416	15140	15356	7543	11783
ENSG00000100651	818	1119	1744	718	1215	448	529	1591	1112	1129	878	1009
ENSG00000108228	761	607	889	914	403	547	441	1006	850	632	777	704
ENSG00000216309	89	97	78	95	104	102	74	91	99	105	90	147
ENSG00000221766	39	68	97	120	72	112	93	61	55	62	74	51
ENSG00000153750	21	13	29	22	23	18	26	12	40	19	53	46
ENSG00000185736	197	61	139	64	95	137	177	187	272	78	96	121
ENSG00000113693	231	183	274	302	207	184	357	231	149	239	263	299
ENSG00000178098	133	150	169	220	147	217	126	128	106	106	133	229
ENSG00000155368	104	78	154	42	124	160	135	107	150	99	65	190
ENSG00000153878	5	1	9	6	3	4	2	3	5	4	1	5
ENSG00000122726	44	35	53	32	31	47	38	46	70	36	24	63
ENSG00000123395	30	89	39	35	170	131	142	200	55	124	55	58
ENSG00000173259	382	539	220	437	944	1089	1439	1332	1261	697	365	564
ENSG00000208699	86	92	108	95	68	83	32	69	72	85	71	80
ENSG00000190955	71	99	91	90	122	118	70	113	70	100	51	85
ENSG00000240525	68	167	360	103	862	922	808	921	245	602	414	298
ENSG00000234099	38	83	70	61	60	73	86	52	36	40	73	43
ENSG00000195045	129	116	47	84	101	160	97	83	80	54	82	71
ENSG00000189656	2093	1560	995	1007	1309	1102	2882	915	1066	1261	1271	1295
ENSG00000175511	102	110	99	186	157	179	129	79	134	92	145	91
ENSG00000238787	36	36	19	33	43	29	25	36	22	13	15	38
ENSG00000105381	381	608	763	737	581	326	889	382	574	421	412	815
ENSG00000159043	723	722	1050	850	950	743	872	473	983	599	685	937
ENSG00000240205	553	769	215	478	527	558	789	437	749	626	489	842
ENSG00000241463	17	16	22	9	20	15	20	6	18	23	20	22
ENSG00000235761	836	1538	1038	946	1420	933	900	1153	833	1995	1277	828
ENSG00000117841	265	344	181	148	150	183	176	197	193	169	184	218
ENSG00000163488	215	199	175	219	334	191	191	149	175	150	178	219
ENSG00000143158	86	207	248	241	217	109	255	105	116	130	188	321
ENSG00000193613	517	339	301	454	344	386	585	391	371	430	410	583
ENSG00000165882	316	718	441	527	479	461	632	474	481	547	748	308
ENSG00000179887	1282	2089	1719	4461	14524	14234	11074	13408	2918	6194	6115	6774
ENSG00000235297	183	370	305	407	1198	1122	1026	1196	576	966	708	525
ENSG00000153115	98	180	185	183	139	157	152	122	163	120	130	120
ENSG00000201160	996	1169	816	656	646	668	670	833	486	725	515	528
ENSG00000175333	115	71	191	132	145	117	183	181	89	148	205	90
ENSG00000228470	759	1454	1450	2109	889	2144	2050	1297	834	915	1764	1503
ENSG00000197932	340	314	429	238	247	142	307	305	171	134	267	282
ENSG00000173813	774	608	696	379	747	984	455	1228	1237	858	1091	1197
ENSG00000245952	79	51	33	66	63	60	63	57	82	28	69	50
ENSG00000225868	1522	1400	921	567	2627	1789	762	708	984	1546	1306	1602
ENSG00000240522	628	463	546	625	563	761	633	378	726	427	586	333
ENSG00000182584	23	29	41	65	35	40	38	50	41	46	58	22
ENSG00000107943	91	99	86	82	97	142	143	40	47	48	54	103
ENSG00000132270	239	163	161	285	407	165	148	129	363	256	126	182
ENSG00000159455	13	12	11	14	3	10	21	12	10	14	11	29
ENSG00000101926	14	21	26	11	11	16	30	29	13	12	20	31
ENSG00000132719	446	427	492	502	504	462	324	406	224	456	143	659
ENSG00000151963	409	335	441	600	391	638	454	526	434	407	401	480
ENSG00000221318	2298	1691	3483	3679	10958	6799	6404	6345	4866	2517	5250	6874
ENSG00000146740	9	21	10	10	11	18	15	6	14	13	30	9
ENSG00000147860	108	61	42	96	59	60	59	104	87	71	120	82
ENSG00000133357	2	3	5	3	6	2	3	2	4	2	6	2
ENSG00000180362	7043	3923	4623	4026	8560	6956	8320	4008	3083	4791	4173	6542
ENSG00000112301	10	9	11	13	13	21	5	10	15	8	5	19
ENSG00000180898	167	130	123	102	483	754	319	248	248	225	187	156
ENSG00000104620	7359	5394	6123	9173	9121	17151	7231	7192	5676	6713	9316	10925
ENSG00000187360	1613	2442	2386	4880	2764	4095	2681	3640	2152	3122	3862	2278
ENSG00000140585	36	20	49	54	112	131	168	150	44	63	72	100
ENSG00000214444	10574	14727	14988	14775	46270	62108	34634	66320	31245	33162	29626	28180
ENSG00000133979	702	501	562	605	399	555	365	518	254	486	427	277
ENSG00000208193	8	22	27	12	226	93	87	60	39	45	38	48
ENSG00000105332	253	349	251	231	1055	1304	1121	1516	937	740	338	527
ENSG00000235284	474	444	438	489	886	753	711	615	558	454	708	1065
ENSG00000210214	694	1060	456	622	878	468	330	532	599	640	651	473
ENSG00000246785	1	4	3	4	2	1	2	6	5	3	6	2
ENSG00000104771	6113	4448	5452	7747	6171	5188	5415	5968	3468	6378	5957	7147
ENSG00000215118	2	4	6	5	5	6	13	7	7	12	7	12
ENSG00000166492	124	100	160	107	100	119	108	164	48	113	143	143
ENSG00000179373	3300	2746	3959	2679	3015	2561	1572	2537	2383	1886	3532	2992
ENSG00000173412	182	220	333	525	1003	1030	1634	2544	934	617	692	666
ENSG00000159048	176	277	200	135	107	132	233	210	200	107	209	139
ENSG00000126449	102	40	46	23	42	46	26	39	72	57	50	61
ENSG00000137937	470	505	375	567	549	681	498	514	516	802	588	373
ENSG00000166388	2012	4062	1904	1743	20378	8798	12849	11996	6246	2329	6238	4864
ENSG00000131450	43	71	43	45	55	72	58	84	54	41	75	59
ENSG00000180141	475	339	509	505	307	291	401	330	268	508	311	387
ENSG00000143329	150	100	77	58	50	51	78	115	63	88	42	101
ENSG00000233606	69	103	79	53	90	103	49	41	86	82	59	107
ENSG00000215388	3	3	5	2	5	1	2	9	1	3	5	3
ENSG00000151001	279	215	450	204	261	338	430	182	248	326	245	500
ENSG00000199992	1442	990	1831	1438	989	916	955	1197	1082	774	1214	1748
ENSG00000123976	218	61	126	120	100	164	124	129	98	74	148	71
ENSG00000206626	1824	2017	874	1471	1274	2522	524	908	1532	2105	512	1796
ENSG00000215291	240	369	409	434	361	250	266	323	184	192	207	225
ENSG00000208901	2003	2988	2081	2913	2248	2308	2292	950	2753	1682	2191	1434
ENSG00000126782	225	192	141	163	208	231	309	287	99	191	431	189
ENSG00000124603	75	109	36	38	195	482	472	392	222	147	225	175
ENSG00000248030	74	122	111	61	111	56	26	34	92	70	63	62
ENSG00000130083	170	279	123	340	274	244	264	238	110	200	277	277
ENSG00000174388	218	393	195	344	137	343	210	385	386	311	347	322
ENSG00000159018	59	36	28	65	18	25	45	35	45	36	45	30
ENSG00000188835	95	146	109	137	77	151	244	124	189	147	69	106
ENSG00000106468	20	10	14	14	24	18	13	17	15	12	20	19
ENSG00000118630	13	13	19	11	10	7	9	11	22	9	13	16
ENSG00000178017	534	684	662	385	626	497	659	1027	525	636	373	296
ENSG00000232169	299	318	412	416	446	631	360	424	349	215	244	356
ENSG00000235742	1132	424	1041	841	3203	8418	4636	5067	2146	1955	2111	1060
ENSG00000159760	343	393	223	142	315	179	246	199	245	188	197	395
ENSG00000142902	208	355	292	333	161	316	238	255	184	275	481	303
ENSG00000208206	8472	7702	4666	6476	17130	26505	29722	23678	11130	10447	14908	15404
ENSG00000176696	34	32	28	57	94	201	158	156	70	55	130	82
ENSG00000184366	193	218	467	295	507	190	354	289	111	167	280	324
ENSG00000117432	3752	2986	2934	4542	2261	3138	2898	6836	2939	4982	4591	2312
ENSG00000166614	10844	10100	7029	7856	19287	7560	10290	14218	9793	11228	12404	7527
ENSG00000168717	539	332	658	764	237	561	561	610	614	459	383	616
ENSG00000165094	173	231	158	108	178	114	167	103	150	128	155	121
ENSG00000100852	29	44	22	17	25	23	39	19	33	19	15	25
ENSG00000246909	123	132	112	133	145	208	150	92	196	86	177	115
ENSG00000214430	198	316	210	249	238	219	203	280	207	193	198	236
ENSG00000221833	180	186	120	289	167	152	306	168	180	159	92	191
ENSG00000239192	458	702	331	333	2509	1974	1162	3144	1345	1083	827	568
ENSG00000204172	785	277	584	403	659	791	639	563	655	477	505	654
ENSG00000248282	89	59	109	72	208	351	530	320	158	175	111	136
ENSG00000167874	39	23	23	34	31	28	30	41	37	36	35	43
ENSG00000173946	59	76	113	102	85	127	162	140	52	134	144	103
ENSG00000145414	212	461	269	266	659	515	489	559	569	391	244	482
ENSG00000175279	2994	4607	3710	5380	3719	6088	3741	2203	1732	5713	6146	8486
ENSG00000201741	9	6	8	6	9	5	6	9	7	2	2	16
ENSG00000216335	1657	1369	2353	1037	6147	6233	5993	7227	3144	4282	2858	2613
ENSG00000217515	76	68	99	49	102	105	205	135	66	108	63	127
ENSG00000169878	1928	2061	1813	1502	2748	1573	2559	1205	2580	1488	1119	1008
ENSG00000210988	9413	10941	7962	3892	19629	32663	21683	30430	9524	13339	4085	9270
ENSG00000176308	293	522	464	516	1546	2279	1410	2725	1204	744	982	702
ENSG00000144103	20	11	16	8	14	15	39	34	19	19	30	21
ENSG00000186660	65	83	176	92	87	63	113	64	83	58	39	76
ENSG00000110296	141	472	265	384	1442	1686	1265	1173	778	603	1315	601
ENSG00000192816	74	40	80	103	80	85	89	32	177	32	139	41
ENSG00000115913	178	168	219	231	183	235	159	123	189	181	234	166
ENSG00000107854	39	65	60	37	63	17	52	55	39	28	46	24
ENSG00000127955	166	104	104	157	132	134	135	95	108	164	81	76
ENSG00000113427	46	39	50	49	57	58	39	58	57	61	40	42
ENSG00000134395	684	1679	542	1258	1248	980	1207	808	549	661	640	935
ENSG00000133784	526	257	249	344	221	277	219	289	339	282	293	333
ENSG00000142265	761	269	1321	344	1242	619	494	359	475	716	777	942
ENSG00000214480	4	2	7	3	8	9	3	13	10	6	7	4
ENSG00000183600	71	54	42	74	72	100	105	77	53	25	36	98
ENSG00000102687	16	19	34	31	41	53	44	28	70	44	22	33
ENSG00000124538	115	102	70	78	76	71	81	22	109	61	54	56
ENSG00000180406	31	34	32	21	24	34	17	45	41	28	29	15
ENSG00000132226	48	59	42	40	20	56	49	36	65	37	57	18
ENSG00000169933	4149	2152	3252	4469	3103	3681	2415	3479	2332	3467	1589	3406
ENSG00000132599	132	109	67	112	59	116	90	116	121	133	55	52
ENSG00000173050	9	14	34	17	7	20	19	6	19	20	12	14
ENSG00000215494	75	57	173	94	57	88	66	78	102	102	163	78
ENSG00000143569	8068	13771	23039	7448	15609	12725	10176	12831	14746	21452	13059	18109
ENSG00000145398	1012	569	506	388	645	740	727	459	616	919	592	480
ENSG00000159036	22	32	47	34	36	21	24	24	31	35	16	35
ENSG00000136507	70	129	74	64	48	131	133	71	91	88	85	71
ENSG00000217949	200	117	195	111	173	154	186	241	193	100	133	147
ENSG00000184286	190	236	234	256	207	207	208	182	147	161	143	199
ENSG00000106339	5	1	5	4	4	6	2	6	1	8	4	15
ENSG00000205378	39	51	10	24	23	46	14	26	17	26	33	19
ENSG00000243887	77	86	199	141	70	126	164	68	126	184	122	269
ENSG00000244499	5	10	5	8	5	1	9	4	4	6	3	6
ENSG00000238801	143	107	81	249	116	69	138	128	54	181	157	160
ENSG00000125634	231	164	160	109	164	110	211	104	223	210	264	180
ENSG00000229053	507	820	768	422	712	538	648	838	390	819	697	775
ENSG00000219573	2239	1133	1331	1237	1838	1563	1555	852	1413	1201	1806	1064
ENSG00000199627	119	92	85	187	447	462	265	466	318	311	215	277
ENSG00000189543	140	230	316	282	187	252	215	161	235	125	275	346
ENSG00000232851	727	453	532	600	2290	2844	3677	3508	1053	1252	530	2091
ENSG00000113489	739	734	1018	770	766	893	740	1138	1546	1110	1455	1509
ENSG00000194276	196	235	243	211	218	207	132	122	131	250	127	395
ENSG00000124940	28	39	26	58	13	55	47	30	44	27	47	50
ENSG00000132217	291	599	720	380	570	387	466	634	485	776	462	861
ENSG00000240330	901	846	828	727	775	925	428	776	985	1585	984	634
ENSG00000240915	285	276	157	120	167	202	272	263	199	158	426	155
ENSG00000202701	399	497	798	559	732	547	545	481	281	369	592	392
ENSG00000122057	2109	2103	3344	3802	4492	3747	2826	3177	1659	4383	4619	3308
ENSG00000221877	55	63	30	54	86	49	71	87	36	23	49	63
ENSG00000215550	39	37	41	34	44	55	41	36	63	61	22	56
ENSG00000129270	20	25	28	21	33	40	13	38	27	34	37	20
ENSG00000155872	322	540	369	448	274	561	317	455	285	210	398	208
ENSG00000227162	690	1371	531	1214	5888	3666	4623	3334	2534	2456	1640	1696
ENSG00000112250	57	50	39	53	46	69	65	82	78	53	53	80
ENSG00000216913	6733	3164	3940	4881	5262	5490	3980	5204	4767	3673	4654	4446
ENSG00000156400	89	79	83	46	32	81	51	30	49	44	50	54
ENSG00000234420	324	235	237	243	296	387	205	413	170	178	336	126
ENSG00000137250	144	89	97	123	179	128	95	132	114	73	191	138
ENSG00000158253	1001	2434	2206	3427	3341	1507	1915	1763	2354	2314	3079	2727
ENSG00000211226	40	79	61	53	73	46	49	79	94	69	54	46
ENSG00000189039	6875	2235	5141	3043	3877	4475	3972	3677	1741	4656	3135	4633
ENSG00000114292	100	75	97	164	89	75	103	113	161	189	77	85
ENSG00000157481	16	6	15	13	22	7	12	10	12	22	15	22
ENSG00000200090	62	67	45	67	78	58	62	132	65	52	47	44
ENSG00000102646	86	124	197	81	149	122	86	85	164	127	144	124
ENSG00000167124	7338	4324	4951	4004	6862	3927	3632	5172	4817	4079	2828	4352
ENSG00000217102	94	117	71	52	95	61	70	67	49	93	108	69
ENSG00000236046	187	200	98	139	160	219	133	140	158	135	90	125
ENSG00000226217	10278	11352	16628	6837	9238	14163	6520	5726	8558	10789	12894	7776
ENSG00000242947	280	291	225	213	301	326	265	245	182	256	219	108
ENSG00000132535	38	93	64	32	112	158	211	153	81	109	129	63
ENSG00000213488	31	46	60	39	29	19	63	36	44	18	45	56
ENSG00000170146	19	4	13	9	8	9	6	14	10	5	4	12
ENSG00000125803	197	321	383	322	320	531	498	345	297	315	383	328
ENSG00000143499	1793	1982	1511	1215	1175	2214	1174	2697	1295	1608	2642	722
ENSG00000179237	60	103	75	77	273	388	240	460	169	90	203	134
ENSG00000135215	25	10	18	37	15	10	23	21	23	22	22	14
ENSG00000212261	271	392	322	293	299	367	369	196	158	325	291	232
ENSG00000176803	196	204	150	122	192	64	157	126	117	158	223	207
ENSG00000126242	95	148	118	62	179	72	109	96	102	113	178	121
ENSG00000110145	364	418	475	309	287	537	339	235	371	707	363	394
ENSG00000148490	197	320	221	133	152	103	186	227	145	190	202	159
ENSG00000182512	38	64	74	109	78	91	113	87	69	89	68	68
ENSG00000176882	1298	990	1323	1371	1116	1494	1046	1522	1165	945	809	845
ENSG00000235916	5	7	5	5	3	7	2	5	3	5	3	2
ENSG00000150193	17	13	26	30	12	19	10	32	19	25	18	8
ENSG00000185184	107	96	52	77	73	67	95	97	94	77	88	111
ENSG00000180290	15	5	6	7	15	5	6	10	10	24	7	13
ENSG00000177280	2863	2388	2373	5683	2947	2518	2490	3253	3566	2923	3040	3451
ENSG00000214915	4	3	1	1	1	0	0	1	2	0	1	5
ENSG00000112659	500	304	1021	613	691	613	527	1003	311	724	820	744
ENSG00000236016	148	676	392	494	334	526	566	600	421	392	342	433
ENSG00000237467	286	357	378	379	287	301	282	268	429	302	447	326
ENSG00000182874	278	318	274	540	435	324	462	589	325	211	302	309
ENSG00000207394	54	66	13	50	58	61	48	114	51	75	34	23
ENSG00000139591	26	42	42	47	42	40	37	35	26	56	29	26
ENSG00000140161	1942	2935	2654	2195	3833	1993	3024	1837	1748	2503	1294	1788
ENSG00000111406	83	128	80	163	106	136	89	105	115	169	190	68
ENSG00000237964	4	5	12	8	7	5	9	18	10	13	6	10
ENSG00000200305	29	4	27	11	21	21	6	19	6	12	13	23
ENSG00000116216	8	9	12	13	13	7	12	3	3	7	11	5
ENSG00000239179	325	244	349	246	275	403	155	254	152	227	253	312
ENSG00000167167	1337	1055	1596	1221	1626	1939	822	1105	1497	1071	1963	1219
ENSG00000242426	88	83	104	70	422	290	192	246	263	138	205	199
ENSG00000124501	149	165	239	208	273	186	248	147	279	175	177	194
ENSG00000135177	51	14	66	46	41	87	74	100	40	98	23	64
ENSG00000184660	899	632	898	488	790	740	505	704	886	1295	1051	687
ENSG00000136243	991	1364	517	1070	958	974	899	661	867	735	1454	781
ENSG00000238620	683	933	465	1339	1095	910	1016	1315	998	899	1031	828
ENSG00000138067	6191	3018	4535	6033	3898	6098	6997	5974	4732	5523	2890	9224
ENSG00000170915	15	12	12	13	11	10	8	8	25	14	13	12
ENSG00000211562	824	383	778	765	1139	754	986	1132	581	308	713	538
ENSG00000116248	10	12	16	19	41	23	38	31	14	17	15	21
ENSG00000133550	536	373	596	618	421	816	588	656	900	584	792	681
ENSG00000193179	321	500	608	566	1099	758	803	915	843	983	682	757
ENSG00000171324	417	497	1693	659	958	817	498	745	791	918	634	743
ENSG00000156652	776	710	364	641	567	924	631	781	1025	841	809	1035
ENSG00000116579	211	133	159	133	161	148	85	162	63	156	112	112
ENSG00000151691	51	63	59	75	33	66	58	52	80	52	46	46
ENSG00000104169	527	907	545	961	551	1239	871	1059	582	962	731	339
ENSG00000139135	62	118	54	32	63	62	64	49	46	39	40	39
ENSG00000113075	470	524	685	573	663	539	1020	848	713	488	466	583
ENSG00000225547	21	49	22	39	37	15	18	31	45	29	24	36
ENSG00000136517	295	396	196	395	362	286	423	272	366	186	234	279
ENSG00000202531	316	504	285	415	349	452	338	335	258	275	384	268
ENSG00000139788	36	27	30	22	50	14	36	39	22	32	16	37
ENSG00000184791	142	93	107	79	126	148	92	104	100	161	67	51
ENSG00000135383	630	602	647	710	875	860	649	906	722	699	826	1632
ENSG00000220014	160	145	209	113	111	109	146	196	188	194	174	125
ENSG00000119923	548	454	396	728	299	608	388	571	562	619	649	375
ENSG00000239075	57	102	52	60	77	56	92	74	93	67	25	70
ENSG00000109534	289	209	138	196	152	133	254	223	305	188	272	227
ENSG00000146348	23	16	21	15	18	10	13	13	17	13	19	10
ENSG00000223936	31	35	31	50	51	43	37	58	51	44	21	45
ENSG00000182554	792	1734	2418	1042	1495	2364	1403	883	2312	2630	2025	3209
ENSG00000107414	373	378	665	722	681	334	338	429	605	341	659	478
ENSG00000112015	123	175	152	116	126	172	146	114	166	178	272	242
ENSG00000122579	331	284	213	128	259	197	311	335	245	161	129	394
ENSG00000124584	8	14	15	10	21	7	28	17	38	12	11	8
ENSG00000159510	410	292	361	578	602	306	286	499	252	455	424	611
ENSG00000135854	19	20	11	23	10	16	21	9	33	6	24	11
ENSG00000158623	64	52	39	73	63	55	56	60	51	17	31	27
ENSG00000213604	638	501	929	661	907	845	1070	576	693	642	480	445
ENSG00000100363	45	26	51	41	35	58	58	32	30	22	54	51
ENSG00000230528	77	61	77	43	66	72	54	42	84	58	45	27
ENSG00000232687	133	130	137	166	115	98	134	156	86	126	171	138
ENSG00000184266	187	165	266	180	187	249	150	265	230	133	153	128
ENSG00000126799	1299	1817	1111	3723	2039	3760	2482	2937	2491	2621	1687	1003
ENSG00000152801	3	7	11	11	11	7	12	5	10	8	6	14
ENSG00000174357	60	61	82	77	79	190	63	48	54	36	79	44
ENSG00000170578	623	724	1069	406	438	621	476	443	573	458	212	712
ENSG00000153768	47	36	110	71	68	105	43	82	53	51	30	89
ENSG00000124971	96	43	94	78	70	84	72	35	232	106	98	90
ENSG00000172727	53	49	38	26	154	95	153	113	60	58	107	87
ENSG00000215135	129	111	102	87	109	55	66	93	122	78	59	124
ENSG00000246625	505	663	636	573	514	500	591	466	826	577	507	938
ENSG00000176337	1096	2375	1274	2267	2725	1799	3416	1450	1544	1769	1230	1573
ENSG00000190272	395	351	313	338	422	535	260	319	252	391	201	304
ENSG00000129140	2104	1872	2230	3163	9543	5609	9185	8310	3567	3288	3082	4527
ENSG00000214289	211	294	179	157	702	1181	1234	921	274	406	356	192
ENSG00000247054	8	8	12	9	5	5	26	5	8	6	12	10
ENSG00000178007	898	457	550	1002	480	263	663	700	552	426	369	1120
ENSG00000189445	6	6	3	5	15	11	12	20	5	14	6	6
ENSG00000137968	117	166	132	126	91	119	129	140	103	174	177	105
ENSG00000237263	170	263	232	126	50	175	105	164	188	176	155	338
ENSG00000104387	23	16	19	11	18	20	20	29	19	10	17	19
ENSG00000167133	88	219	94	92	114	80	112	79	83	146	135	151
ENSG00000199335	43	45	88	75	31	83	62	69	55	45	67	50
ENSG00000158491	176	319	213	284	344	253	229	267	177	252	227	203
ENSG00000118256	83	82	138	118	65	87	50	89	38	82	127	93
ENSG00000215029	224	419	534	551	445	622	499	569	380	423	329	515
ENSG00000210136	106	57	86	94	79	100	74	69	48	96	95	86
ENSG00000225475	562	693	586	594	644	527	1097	561	551	412	590	391
ENSG00000213075	168	156	168	189	81	128	167	119	166	179	157	177
ENSG00000146723	421	218	306	148	296	115	236	139	259	298	351	206
ENSG00000216774	100	137	135	288	263	249	256	266	405	231	163	229
ENSG00000206604	37	33	57	62	45	48	50	63	86	86	32	78
ENSG00000186897	1380	1213	656	2041	1331	1643	1469	1684	2511	963	1597	1289
ENSG00000218399	831	419	436	889	453	701	496	448	395	378	405	637
ENSG00000235491	1	0	2	2	3	1	0	3	0	2	0	1
ENSG00000240111	18	9	13	19	22	19	20	9	28	15	19	34
ENSG00000161185	2865	2870	3908	3384	4418	2662	3137	5210	4424	3856	3147	2855
ENSG00000153904	60	143	133	87	73	87	75	135	126	101	104	65
ENSG00000108676	49003	44182	43591	22344	19131	33888	32240	55296	25660	21754	23764	44848
ENSG00000230099	293	235	514	206	367	250	239	385	366	214	427	462
ENSG00000181325	444	931	232	331	294	222	553	394	411	152	350	324
ENSG00000122401	124	35	38	25	46	78	81	66	25	57	95	67
ENSG00000211468	70	91	211	91	94	106	176	77	76	164	134	108
ENSG00000239945	190	213	212	269	196	207	204	290	286	137	220	191
ENSG00000230574	749	970	632	765	1735	921	528	1393	798	828	675	753
ENSG00000187359	221	284	239	182	78	199	203	224	272	222	358	206
ENSG00000139330	159	142	149	82	111	159	122	183	195	171	156	83
ENSG00000102310	37	28	43	18	26	33	37	11	10	17	25	43
ENSG00000179962	80	63	61	70	48	58	94	83	54	106	58	46
ENSG00000213562	79	57	80	83	81	76	76	86	52	76	79	92
ENSG00000116520	101	129	86	147	113	134	110	171	97	127	253	83
ENSG00000156051	25	38	35	37	41	78	50	50	90	50	19	41
ENSG00000134378	12	24	14	19	15	8	21	25	12	18	17	32
ENSG00000145786	117	90	123	74	49	56	74	63	55	57	108	86
ENSG00000160504	0	1	2	2	1	0	2	0	1	1	1	0
ENSG00000154733	7	8	9	15	17	1	7	8	5	7	6	9
ENSG00000177141	37	44	35	21	41	29	28	35	35	40	62	21
ENSG00000135373	230	275	264	249	1225	1261	1660	1433	385	450	393	553
ENSG00000183839	44	25	70	16	167	87	330	150	47	52	49	38
ENSG00000193125	29	15	13	12	23	4	18	13	17	20	16	29
ENSG00000163074	302	639	550	470	1757	2918	2182	1753	742	905	1752	1067
ENSG00000176125	147	144	125	131	239	84	87	104	90	76	82	133
ENSG00000194663	2241	2100	1565	2503	1392	1742	1707	1552	1719	2150	2177	975
ENSG00000199255	70	91	141	40	80	102	58	81	113	127	72	91
ENSG00000217673	33	50	45	22	29	53	42	27	52	28	33	35
ENSG00000234455	31	54	17	78	46	51	74	100	59	110	87	91
ENSG00000214494	3931	3234	2966	2791	6226	5184	4075	3139	4645	3008	2078	4944
ENSG00000184497	2131	2788	2758	2749	1556	2079	3518	1157	3673	3279	3099	2471
ENSG00000178508	134	114	244	222	116	106	172	159	232	179	121	125
ENSG00000207462	869	683	387	889	792	934	715	668	1058	766	537	1019
ENSG00000242664	11	15	10	10	11	9	10	6	11	6	7	10
ENSG00000130265	573	1512	1326	1886	1658	1442	1313	1391	1676	1182	718	1403
ENSG00000216182	385	143	225	337	250	239	187	191	256	223	123	172
ENSG00000133309	99	150	128	129	161	71	77	104	82	111	74	138
ENSG00000126131	131	95	137	91	173	133	136	227	116	153	81	129
ENSG00000163688	188	293	178	323	657	1337	527	735	444	477	247	517
ENSG00000222036	64	59	34	60	63	35	32	48	56	49	39	66
ENSG00000120031	60	25	61	89	49	100	70	105	100	49	50	31
ENSG00000247577	8	13	21	13	7	13	11	18	7	13	12	6
ENSG00000141024	1671	1804	2664	983	8544	8530	10585	9445	5709	5039	2040	5568
ENSG00000167867	8	9	30	25	18	20	29	8	16	19	22	16
ENSG00000135195	79	112	146	59	100	110	63	121	140	71	44	91
ENSG00000124785	478	782	562	970	516	449	579	518	674	995	845	692
ENSG00000201470	1169	1577	1132	1513	1338	1475	1488	1345	1371	649	1440	1846
ENSG00000166141	1404	1463	1474	1155	2015	1018	1302	1384	1167	1257	1438	1941
ENSG00000103220	20	58	18	42	57	32	46	21	25	35	51	27
ENSG00000179188	57	58	23	30	66	58	50	31	51	34	76	39
ENSG00000243960	109	42	82	73	108	109	65	103	106	104	78	88
ENSG00000186027	4	5	1	4	6	2	7	3	8	2	3	3
ENSG00000100375	800	576	380	778	575	371	481	655	361	430	255	327
ENSG00000182500	6	6	6	8	1	8	2	5	2	2	5	1
ENSG00000109094	70	124	111	109	86	78	58	64	42	132	66	105
ENSG00000105582	331	674	351	452	637	480	576	709	395	916	383	989
ENSG00000168132	443	405	746	434	295	478	260	258	567	623	431	561
ENSG00000230856	42	38	23	50	23	60	33	37	30	27	60	43
ENSG00000189360	446	599	510	787	2574	2354	2175	1584	535	1008	1220	1338
ENSG00000132740	1205	248	663	920	764	1331	713	812	442	519	1113	723
ENSG00000213125	2	3	0	5	6	4	1	2	4	2	5	2
ENSG00000232882	44	52	32	89	50	82	71	79	38	23	43	63
ENSG00000172785	184	479	253	282	929	1085	1480	1428	578	706	599	440
ENSG00000180247	209	136	182	274	116	80	360	171	181	206	184	169
ENSG00000240364	58	83	45	84	56	18	52	38	55	81	54	51
ENSG00000188924	71	58	57	99	81	48	82	72	55	72	137	89
ENSG00000209196	15461	9714	6821	6433	11226	6106	4298	7840	13030	11672	4551	8240
ENSG00000127060	53	69	62	57	42	49	39	81	39	73	32	43
ENSG00000234388	412	867	931	750	709	1185	506	695	411	1031	1314	906
ENSG00000112683	9	6	16	5	10	8	27	16	12	10	16	21
ENSG00000221400	297	237	192	253	298	284	217	227	186	262	260	244
ENSG00000236946	1105	721	718	546	605	978	756	1096	984	803	834	793
ENSG00000175461	61	44	43	88	43	39	47	30	54	68	30	59
ENSG00000239499	25	38	45	60	23	31	62	37	16	51	42	22
ENSG00000233664	3366	2331	3751	3200	4617	2543	2907	3421	2690	4087	2632	2785
ENSG00000144586	41	93	82	83	321	195	166	281	64	160	204	155
ENSG00000243308	809	592	477	931	797	830	1054	942	466	776	827	693
ENSG00000121798	8	18	3	2	7	11	5	10	7	11	5	11
ENSG00000212774	2449	2784	2356	2748	2780	2737	2507	2254	2633	1042	2106	2975
ENSG00000200716	5	1	3	1	4	0	4	2	0	1	1	4
ENSG00000156935	39	29	13	27	38	23	27	23	16	20	23	21
ENSG00000204371	40	29	40	39	49	31	55	37	28	60	28	46
ENSG00000183094	148	141	183	98	75	188	64	111	109	135	65	76
ENSG00000135492	148	121	228	100	187	200	154	346	130	109	182	156
ENSG00000107073	3424	2466	1454	3117	3889	3095	1947	2256	1919	2003	2575	1797
ENSG00000221837	9716	10832	6164	8923	12275	4382	5825	7764	5116	3457	4109	5663
ENSG00000235202	3968	4367	7616	3554	3684	3313	4589	1488	2522	5152	3166	3750
ENSG00000189776	658	718	782	531	2507	2399	1402	1825	1784	1702	1336	1046
ENSG00000248229	266	156	303	220	183	208	217	450	172	180	499	191
ENSG00000192566	1	4	2	0	1	6	8	3	5	2	3	1
ENSG00000130181	136	179	131	84	102	76	143	75	143	150	116	73
ENSG00000115999	56	43	30	27	33	49	61	41	41	25	51	64
ENSG00000138941	390	394	529	370	476	387	196	364	349	417	338	346
ENSG00000149072	21	16	28	31	30	22	35	36	16	9	16	18
ENSG00000154526	47	29	30	21	43	47	22	28	30	25	30	27
ENSG00000114925	36	28	41	29	62	37	33	30	47	22	37	51
ENSG00000159396	294	466	532	627	659	332	256	523	457	447	420	411
ENSG00000160147	104	341	151	226	204	103	259	241	197	162	307	235
ENSG00000238398	4	6	20	28	9	31	30	15	31	15	24	26
ENSG00000240802	7	7	4	5	5	8	6	5	2	9	5	5
ENSG00000153820	57	44	47	41	40	47	49	36	42	50	33	92
ENSG00000214561	40	42	58	26	27	17	18	72	56	68	40	24
ENSG00000210443	28	26	35	24	62	42	91	58	28	37	64	34
ENSG00000106426	92	184	155	230	117	144	173	163	151	202	155	128
ENSG00000230954	773	450	643	470	444	312	463	598	256	842	413	674
ENSG00000102497	692	565	549	498	659	459	291	426	590	326	670	669
ENSG00000200261	38	43	36	26	53	33	58	27	66	37	38	31
ENSG00000206693	47	17	31	31	17	34	31	19	22	36	48	64
ENSG00000110772	1947	2240	2728	2233	3397	2799	4592	1930	2794	2613	3124	2233
ENSG00000222764	59	51	132	110	91	166	95	74	102	130	104	53
ENSG00000207348	430	818	598	709	494	427	366	547	442	1049	641	678
ENSG00000155421	190	192	135	178	224	184	321	95	82	261	151	153
ENSG00000225816	227	271	277	174	283	319	348	172	377	446	271	358
ENSG00000162197	3709	2462	3915	3564	2308	3599	1885	5539	2807	3012	2887	2203
ENSG00000183565	89	89	113	60	104	116	104	93	115	118	133	44
ENSG00000195986	1694	1237	1267	1223	732	887	2594	1333	1369	830	1351	1393
ENSG00000162266	336	509	331	332	379	583	441	297	548	352	375	413
ENSG00000247597	134	154	121	82	54	105	53	103	169	208	100	202
ENSG00000228050	95	60	59	72	172	254	226	182	71	189	88	85
ENSG00000141802	34	31	50	84	25	28	33	80	36	64	46	40
ENSG00000160577	1136	1364	1451	1078	864	1716	2074	1559	2487	1444	1607	896
ENSG00000194872	659	1782	596	720	905	605	802	1120	557	826	748	1096
ENSG00000240740	50	37	13	19	41	22	25	21	40	56	22	36
ENSG00000143604	203	355	432	320	303	176	261	293	443	385	374	423
ENSG00000228563	8	5	2	4	3	6	3	9	7	5	7	6
ENSG00000156301	259	183	302	120	157	149	171	261	179	223	139	134
ENSG00000122248	5409	11172	7372	11522	10094	7840	7059	8559	7878	5561	3178	10431
ENSG00000158918	28	16	9	12	27	15	29	25	25	23	15	14
ENSG00000203581	330	360	178	123	423	266	352	239	265	261	222	351
ENSG00000221049	57	48	28	52	56	71	58	65	51	49	60	42
ENSG00000186289	378	227	210	164	152	165	146	84	134	427	169	377
ENSG00000110791	25	15	7	22	30	10	24	14	18	16	28	21
ENSG00000174449	211	222	279	260	203	369	160	156	164	168	106	168
ENSG00000219268	3	2	2	5	0	2	3	1	0	2	2	3
ENSG00000180932	141	67	68	123	106	50	97	111	46	92	133	136
ENSG00000135472	122	94	143	71	97	133	77	63	52	75	89	62
ENSG00000206637	155	93	108	127	93	50	111	51	139	126	114	127
ENSG00000230370	7396	10215	8224	5280	7096	4916	9132	9867	10497	8879	9566	5535
ENSG00000200351	12	10	23	21	5	19	19	23	19	21	16	21
ENSG00000231798	46	33	29	43	51	37	61	26	61	38	49	52
ENSG00000203767	17	22	6	7	13	24	9	13	9	11	9	5
ENSG00000136215	360	599	287	363	383	463	825	513	354	291	356	415
ENSG00000126472	157	130	137	111	150	179	224	195	211	73	151	174
ENSG00000183676	19	26	15	16	27	13	24	21	18	22	10	21
ENSG00000171826	1003	1051	690	955	949	1239	1147	912	598	591	700	872
ENSG00000124653	235	258	319	290	346	137	158	141	278	179	258	316
ENSG00000113132	3224	2158	2176	1863	1332	1426	2576	2584	3361	2781	1991	2655
ENSG00000231434	828	368	712	875	792	313	446	760	942	392	451	365
ENSG00000238623	160	197	179	181	230	166	154	97	207	146	188	78
ENSG00000241141	11	23	24	33	20	34	23	42	19	24	45	42
ENSG00000167412	5	1	0	4	9	3	4	4	4	3	2	2
ENSG00000147352	40	34	56	52	50	46	39	80	19	56	21	43
ENSG00000247374	786	1446	1258	1536	2214	1590	1094	877	1504	508	830	2011
ENSG00000147035	86	61	144	86	96	78	106	103	115	94	58	64
ENSG00000241203	14	20	41	26	24	28	25	14	27	16	26	17
ENSG00000150112	158	397	178	293	152	370	193	195	251	112	229	274
ENSG00000129038	582	531	777	549	1872	2033	2658	3137	788	730	1607	1104
ENSG00000200160	51128	35471	14929	31827	25246	48963	23892	14111	43523	32401	28586	39720
ENSG00000174893	12	33	21	23	7	20	14	13	12	24	19	18
ENSG00000102465	40	91	83	47	121	73	64	95	71	76	42	83
ENSG00000196497	15	14	25	18	22	27	7	16	15	33	22	24
ENSG00000245137	49	47	19	30	44	30	27	14	39	34	54	25
ENSG00000185911	366	758	800	1045	631	485	1036	807	1361	819	1266	561
ENSG00000204233	49	125	129	138	258	394	260	387	351	457	120	228
ENSG00000130493	10	4	13	6	7	8	3	5	2	7	12	4
ENSG00000248153	1819	1394	1211	1844	1589	2161	2246	2025	2141	1955	1785	1952
ENSG00000230600	7803	3211	6032	2473	4362	10391	5540	4577	2647	4598	7359	3528
ENSG00000152983	634	938	428	822	791	848	582	629	521	631	379	577
ENSG00000133112	7	37	10	21	15	25	15	25	9	35	24	23
ENSG00000137512	26	27	23	27	56	80	53	79	38	28	76	46
ENSG00000236523	1750	1621	1171	1189	1291	1313	1354	1099	1642	1736	1665	1548
ENSG00000141706	26	27	14	40	62	44	67	75	69	40	36	37
ENSG00000236841	35	28	61	69	36	73	29	50	42	44	23	63
ENSG00000141624	6	7	9	8	6	8	8	11	4	9	8	11
ENSG00000117623	6242	5492	2779	6721	12161	27064	24145	29011	10439	13946	7329	11280
ENSG00000236260	30	37	48	28	43	33	40	37	42	21	52	45
ENSG00000205294	96	148	137	84	79	73	49	145	117	86	98	165
ENSG00000204575	19	48	50	36	40	51	40	17	27	37	29	37
ENSG00000187251	24	45	29	29	27	18	39	46	39	52	20	21
ENSG00000154986	18	19	6	19	13	19	24	13	14	16	14	5
ENSG00000197246	820	927	1101	1074	975	1040	741	1063	1528	855	1246	885
ENSG00000101298	32	20	31	68	43	74	29	48	36	28	29	45
ENSG00000190869	1999	2612	1453	1818	3432	3785	1191	1630	2222	2691	1246	2072
ENSG00000141832	7	9	15	6	16	10	19	15	12	11	18	9
ENSG00000207143	235	340	385	390	411	348	419	735	138	445	330	359
ENSG00000199990	694	1039	577	1782	510	473	841	418	1082	646	846	1093
ENSG00000172362	14	7	37	12	22	5	7	19	17	19	14	7
ENSG00000247023	257	216	294	278	155	221	126	226	86	313	220	138
ENSG00000149045	36	65	58	49	53	59	46	53	38	35	23	36
ENSG00000178528	11	12	19	14	24	7	15	21	9	8	19	13
ENSG00000211005	42	75	51	28	81	65	55	74	36	71	84	50
ENSG00000105600	4	2	2	2	4	6	6	2	1	6	3	8
ENSG00000135874	75	55	53	60	99	81	47	46	31	135	62	50
ENSG00000100365	3	2	5	13	4	5	12	10	6	7	5	5
ENSG00000185050	697	406	758	419	281	221	556	508	166	388	444	631
ENSG00000157103	2100	2834	2459	2205	1794	2580	2240	1759	2325	1941	2044	2780
ENSG00000180054	1487	1069	2533	1968	2527	1574	1876	914	2231	2598	2985	2004
ENSG00000116561	17	15	29	24	16	31	29	9	37	28	48	26
ENSG00000139471	102	96	62	69	96	75	96	99	97	74	124	142
ENSG00000151511	6022	5392	4602	3666	5018	5640	2763	7572	6334	8224	4811	4123
ENSG00000192594	1987	853	2193	1502	1127	1869	1633	1611	1781	1578	1085	1923
ENSG00000213452	279	575	348	460	240	541	439	478	272	478	437	326
ENSG00000149498	1	3	2	2	8	8	14	9	7	2	2	6
ENSG00000134084	68	90	63	90	95	124	23	62	27	59	102	87
ENSG00000244716	7801	7952	8018	4528	14389	9755	11511	7237	11973	6931	6179	13641
ENSG00000172453	337	386	294	471	424	391	487	172	337	146	380	280
ENSG00000158185	60	57	38	45	123	37	42	38	70	34	35	58
ENSG00000179829	180	123	148	116	137	147	122	174	100	89	176	156
ENSG00000149901	16635	23731	8883	11183	57838	72014	55977	64911	21711	47021	30122	23228
ENSG00000201612	1241	1452	1252	1459	967	1414	1378	1793	1747	1449	1296	1625
ENSG00000221015	6	15	4	13	11	8	8	16	4	9	17	6
ENSG00000116175	12	10	20	15	25	26	10	7	16	19	13	8
ENSG00000161209	150	121	80	101	187	118	204	77	159	128	91	78
ENSG00000133402	1296	1695	2246	1042	976	685	2223	809	2150	1942	1574	1462
ENSG00000107197	20	24	13	30	25	15	12	26	28	29	38	22
ENSG00000117319	39	25	63	33	32	11	45	46	49	52	27	31
ENSG00000145432	1	2	1	1	5	1	1	2	1	0	0	0
ENSG00000136170	33	38	43	21	37	44	18	60	62	43	25	37
ENSG00000151921	524	518	187	349	1643	881	2164	1184	1038	605	634	1240
ENSG00000247607	331	533	390	656	1609	1932	1293	901	889	924	673	1153
ENSG00000214752	6	3	6	9	9	5	6	7	5	5	9	7
ENSG00000106582	232	767	204	537	2254	4115	3161	2356	1962	1198	772	1419
ENSG00000187976	20	23	15	19	23	31	18	18	21	26	23	21
ENSG00000111176	3	11	8	5	18	22	58	19	11	14	22	9
ENSG00000180072	237	168	312	356	309	281	186	504	221	291	277	253
ENSG00000187574	5	4	6	1	4	5	5	3	4	11	7	1
ENSG00000119576	24	28	60	39	27	55	52	66	36	37	51	45
ENSG00000239643	5	14	16	19	35	47	14	32	26	17	11	16
ENSG00000159993	86	103	55	53	72	158	98	131	81	59	83	57
ENSG00000204261	109	239	174	142	196	204	184	143	183	249	92	237
ENSG00000161844	44	100	16	59	48	50	36	38	36	21	54	70
ENSG00000220526	19	46	21	7	39	17	22	7	8	31	18	23
ENSG00000200976	23	34	41	44	24	49	23	68	25	67	31	41
ENSG00000138297	0	1	1	0	1	1	0	1	0	0	3	1
ENSG00000247585	162	89	142	79	67	76	66	124	93	129	38	96
ENSG00000213810	4168	3217	5435	7417	6703	5939	5611	4525	4173	4913	5760	3336
ENSG00000201296	122	315	190	142	200	257	165	278	267	237	230	335
ENSG00000176985	653	694	1744	580	5927	4316	5286	4140	2179	2422	2800	2028
ENSG00000219082	149	115	101	87	138	67	195	172	98	182	161	115
ENSG00000204507	151	134	124	86	152	117	232	153	83	201	110	107
ENSG00000101406	349	314	304	317	239	368	237	189	274	128	325	154
ENSG00000217895	223	1003	391	545	409	333	459	388	515	545	343	409
ENSG00000150789	499	748	321	508	1802	1452	1847	1599	809	488	1013	1226
ENSG00000164191	33	19	51	29	29	42	54	33	21	25	21	29
ENSG00000235180	78	158	144	184	119	69	101	178	131	65	135	93
ENSG00000228112	3	4	5	12	4	9	5	8	7	12	3	5
ENSG00000116986	637	1109	1012	757	1112	1708	1090	769	1261	978	920	630
ENSG00000195280	156	112	117	158	145	203	141	221	139	80	119	160
ENSG00000139194	60	84	58	60	81	70	52	54	180	49	55	61
ENSG00000132536	8	7	9	13	12	20	4	10	10	11	17	24
ENSG00000117455	460	513	352	345	1315	1408	1048	1175	701	908	500	817
ENSG00000163780	746	1192	1448	776	740	908	558	795	697	1178	635	1420
ENSG00000212415	225	313	243	346	350	250	580	359	511	263	336	386
ENSG00000151158	2102	1139	1622	1003	1275	661	941	1217	1347	1304	1398	769
ENSG00000135546	42	22	30	37	20	34	30	8	16	38	21	11
ENSG00000130870	565	1021	766	351	693	808	893	1174	996	909	710	606
ENSG00000227377	157	212	137	106	129	140	36	118	112	135	152	158
ENSG00000216637	2	0	2	3	1	2	1	1	2	1	1	1
ENSG00000174046	189	227	185	142	761	940	1385	572	342	307	393	510
ENSG00000182651	24	20	14	24	25	8	33	19	7	13	17	15
ENSG00000211779	82	94	70	110	69	101	146	117	114	106	90	112
ENSG00000242247	15	25	32	38	43	26	27	13	81	44	53	58
ENSG00000152317	13	42	32	32	34	14	46	15	19	17	42	18
ENSG00000205355	1032	1879	771	628	1577	1403	678	792	490	1358	854	758
ENSG00000200533	36	53	41	31	72	64	29	49	44	39	47	65
ENSG00000147815	273	130	179	182	151	255	158	176	375	252	135	231
ENSG00000195267	932	427	504	692	463	673	611	541	708	792	375	620
ENSG00000139507	59	53	59	67	62	59	48	36	53	82	54	65
ENSG00000239368	12	21	11	18	8	14	19	13	15	14	7	11
ENSG00000246835	208	135	242	216	54	179	234	164	189	123	140	242
ENSG00000193682	151	109	43	138	67	109	103	123	91	102	212	121
ENSG00000164720	39	45	24	25	34	16	14	37	29	31	13	15
ENSG00000120558	171	112	222	197	201	141	260	328	216	283	142	192
ENSG00000178119	1870	1662	1878	2821	1736	1940	3076	1219	2332	2496	2421	2582
ENSG00000125898	535	764	832	1082	577	1748	614	1414	405	813	473	867
ENSG00000231044	3754	2409	2701	2992	2814	6124	3711	2545	4442	2381	4646	3082
ENSG00000153582	2336	1435	4265	4125	2969	2724	1910	3292	2670	2692	3132	1890
ENSG00000131748	352	126	466	195	194	434	159	213	146	249	326	234
ENSG00000184272	154	218	162	243	202	240	158	119	191	102	156	179
ENSG00000179653	8	15	17	23	9	17	12	6	24	19	23	15
ENSG00000240473	1380	2020	2253	1231	2776	1819	2218	1747	1130	799	1420	1460
ENSG00000143275	57	52	125	61	79	92	38	56	81	49	38	60
ENSG00000209762	520	899	445	640	437	657	513	434	312	377	838	592
ENSG00000125961	5106	8190	6709	3166	3491	4666	6276	4724	4724	4405	6191	2773
ENSG00000233157	204	172	273	209	170	253	83	281	192	289	262	209
ENSG00000124265	7	14	8	7	5	5	16	5	5	11	9	11
ENSG00000142039	17	22	12	14	89	193	114	145	36	36	37	40
ENSG00000115305	38	56	121	129	132	66	91	116	122	111	58	29
ENSG00000245274	3226	2364	2397	2311	5651	8233	8787	11940	6564	5319	4244	6432
ENSG00000101348	165	73	52	146	91	110	116	100	53	84	89	84
ENSG00000165505	99	133	130	208	109	151	267	97	140	110	136	45
ENSG00000217248	15	16	29	13	13	31	27	26	8	14	27	16
ENSG00000217238	363	365	295	292	999	1015	968	1216	574	804	656	548
ENSG00000122633	194	148	153	218	171	116	296	245	171	159	253	319
ENSG00000213028	471	520	856	563	997	737	736	1361	491	935	958	1207
ENSG00000230842	22	8	29	24	17	29	30	28	29	16	24	21
ENSG00000194758	398	430	483	805	277	352	653	544	318	371	540	462
ENSG00000151692	10	9	13	10	12	9	7	11	7	10	14	10
ENSG00000150840	28	28	44	66	38	34	42	56	56	52	51	62
ENSG00000147257	40	59	65	68	46	49	74	42	55	51	69	57
ENSG00000145212	128	46	191	77	76	53	87	56	173	151	90	96
ENSG00000119030	336	356	367	551	528	328	307	339	272	153	468	601
ENSG00000164637	3	2	0	2	1	5	1	0	1	0	2	2
ENSG00000221139	85	71	108	95	92	115	90	153	102	108	106	147
ENSG00000184753	99	62	70	53	56	62	80	62	88	127	57	70
ENSG00000154725	5	19	11	14	6	11	19	21	8	6	15	8
ENSG00000215617	141	66	94	61	153	80	170	73	47	68	91	81
ENSG00000177305	510	480	370	517	290	260	299	751	176	289	300	189
ENSG00000121148	50	49	39	78	44	45	74	86	37	42	117	34
ENSG00000187071	60	60	69	27	39	59	63	66	56	92	66	41
ENSG00000226436	704	579	398	640	422	451	628	607	641	658	613	418
ENSG00000176648	23	41	25	38	21	18	44	29	34	26	35	23
ENSG00000248489	1735	1743	756	1937	1068	2139	1682	1071	1279	884	1500	983
ENSG00000167720	379	285	310	138	389	255	273	277	189	211	241	322
ENSG00000112202	343	272	370	288	567	407	325	340	159	345	323	551
ENSG00000214255	687	301	496	573	199	488	660	535	560	472	525	673
ENSG00000106879	1337	2466	1427	2140	1851	1962	2584	1643	2133	1643	1592	1683
ENSG00000142505	43	46	67	31	66	57	25	26	36	34	33	25
ENSG00000237378	1642	2210	746	1797	911	1429	1560	2801	806	1064	1471	1337
ENSG00000134711	35	16	20	30	35	34	18	25	46	36	42	37
ENSG00000203556	441	262	427	174	978	1084	1488	1040	903	951	476	922
ENSG00000165109	720	654	463	576	481	870	671	524	529	700	452	289
ENSG00000144067	240	185	201	301	206	254	291	146	115	371	190	245
ENSG00000228381	25	12	18	9	9	22	4	21	21	22	6	8
ENSG00000176296	14	12	8	5	12	15	16	9	24	12	12	14
ENSG00000198855	30	10	15	26	91	41	112	48	48	30	31	38
ENSG00000243195	121	138	136	103	134	120	175	169	144	197	94	145
ENSG00000242307	267	238	357	123	157	238	444	190	210	214	181	239
ENSG00000175962	495	696	685	464	590	715	364	530	407	378	572	592
ENSG00000235443	12	9	12	10	9	7	6	9	9	6	3	5
ENSG00000211654	401	324	266	395	227	150	182	522	178	325	310	340
ENSG00000153877	1949	1601	1617	513	731	872	1105	1724	2051	1257	1457	1074
ENSG00000133222	310	191	209	195	129	235	150	309	205	252	219	315
ENSG00000169224	133	158	123	119	180	143	195	106	63	145	225	92
ENSG00000214961	999	721	520	1094	1254	792	983	381	1367	906	505	1048
ENSG00000203582	2014	1697	3792	5262	3660	6476	3521	2619	3460	3982	3147	4005
ENSG00000133356	3466	4003	3889	2201	4251	7290	3510	4406	3645	2692	2912	1427
ENSG00000232884	2192	2329	3133	3036	3711	3762	5569	5697	4354	4334	2880	2746
ENSG00000212665	7	18	16	10	16	18	3	13	14	16	15	8
ENSG00000191253	2729	1167	5233	2317	7735	14267	8645	17103	4336	6487	3677	4584
ENSG00000228764	52	68	130	137	459	260	378	447	157	303	254	239
ENSG00000143281	803	881	1363	1274	876	661	884	705	799	933	1135	875
ENSG00000160490	79	51	80	89	86	42	38	82	50	41	66	40
ENSG00000187652	325	329	301	412	1863	979	820	1711	1283	802	766	720
ENSG00000148359	31	51	55	48	56	84	61	53	60	121	62	41
ENSG00000201925	117	42	54	133	77	144	178	77	145	130	53	55
ENSG00000221046	3852	7362	7275	6719	6433	8155	6738	7340	8415	6445	5507	10985
ENSG00000145420	16	11	15	22	49	60	65	44	25	37	38	38
ENSG00000171099	1315	1140	1293	668	1136	874	1559	1117	1991	590	1120	1010
ENSG00000207822	159	200	246	258	179	334	182	182	144	128	190	174
ENSG00000247256	16	28	22	15	12	30	14	24	15	36	13	23
ENSG00000234355	2353	2676	1560	2374	3297	3753	1471	2428	2698	2675	2503	2694
ENSG00000220444	179	197	183	113	235	175	172	248	237	258	153	202
ENSG00000186775	58	51	50	41	64	92	97	49	50	25	94	84
ENSG00000216525	326	624	340	616	235	442	259	212	476	314	247	194
ENSG00000177313	46	25	56	62	22	43	41	27	50	21	46	33
ENSG00000212550	5030	4014	4490	4570	2808	6361	2587	5188	2264	7236	3294	4099
ENSG00000142971	13	14	16	3	22	20	2	10	8	6	9	4
ENSG00000242008	62	93	77	49	343	299	220	200	70	193	109	104
ENSG00000112847	3	4	2	8	1	4	1	3	2	2	2	2
ENSG00000127026	209	444	504	238	1111	986	1383	1024	371	466	523	538
ENSG00000178522	743	802	819	355	1001	1056	556	584	1154	1278	1430	853
ENSG00000218603	502	892	1065	807	1904	4351	3552	2988	2803	3152	2399	2117
ENSG00000215173	4629	4274	1839	3271	6372	5042	2615	3488	4230	3125	3319	3485
ENSG00000197745	197	163	121	189	276	171	228	138	173	145	235	146
ENSG00000129080	113	93	51	67	91	76	49	79	68	80	106	41
ENSG00000230410	1600	663	1520	1540	1160	1190	1431	1423	2224	960	1346	1079
ENSG00000159506	70	81	50	42	80	87	57	60	35	49	88	67
ENSG00000119163	255	495	251	347	309	645	337	130	411	379	419	358
ENSG00000176806	39	36	55	79	103	61	92	83	40	43	80	95
ENSG00000143996	49	62	49	35	62	39	59	39	28	49	55	48
ENSG00000186581	128	205	214	147	141	206	164	210	193	221	132	287
ENSG00000209051	2130	1484	1401	1840	1427	1842	2637	2855	2143	1923	1847	1791
ENSG00000223140	1286	714	2122	977	1107	1287	631	1822	1181	1472	953	504
ENSG00000232300	321	240	171	295	493	332	197	242	101	168	143	173
ENSG00000236579	0	2	0	2	1	2	1	2	1	6	3	1
ENSG00000144599	165	218	259	189	125	115	279	116	226	117	155	215
ENSG00000208361	379	319	645	499	482	353	511	550	253	317	544	461
ENSG00000108951	537	556	590	984	612	503	642	174	416	670	672	471
ENSG00000209090	32	75	62	40	36	36	40	53	36	45	38	65
ENSG00000169408	984	894	1862	1117	1417	1111	1113	1140	1168	1598	1330	2283
ENSG00000123860	270	305	546	595	161	462	418	277	421	223	298	376
ENSG00000248090	5	8	3	2	2	3	3	8	8	2	5	9
ENSG00000155331	515	1195	1275	528	1350	839	804	937	674	754	542	566
ENSG00000162127	4017	3139	4779	3751	4271	4679	5009	4519	5681	9965	4575	5481
ENSG00000201696	181	257	416	362	153	239	292	295	318	350	175	333
ENSG00000138284	47	48	25	41	63	27	32	56	34	30	58	72
ENSG00000238296	12823	3814	7588	7998	9955	10829	5189	4776	5899	14983	7535	5280
ENSG00000233294	1735	1867	1219	997	798	1338	1200	2351	1902	1137	2474	1270
ENSG00000203530	6	4	4	4	6	6	6	7	2	8	6	6
ENSG00000238166	2222	2210	1170	1596	1498	1314	1929	1808	2528	1318	2563	2145
ENSG00000160317	488	538	601	409	402	651	215	479	262	304	359	380
ENSG00000145320	305	548	394	458	365	540	311	190	296	296	245	310
ENSG00000127684	3	3	4	8	7	5	7	8	7	5	7	13
ENSG00000194434	12	15	2	12	6	8	6	7	6	4	16	5
ENSG00000178041	489	258	396	281	295	340	329	196	452	209	232	157
ENSG00000134421	10923	12717	9735	9353	6490	8420	9324	9816	9870	10530	5016	7503
ENSG00000213659	475	273	225	250	165	297	385	181	392	152	345	234
ENSG00000232222	316	374	304	317	233	239	341	392	233	197	326	366
ENSG00000216481	61	50	40	40	52	93	131	42	65	73	49	76
ENSG00000223117	79	59	110	123	56	56	96	45	75	134	58	70
ENSG00000138288	1442	1272	1190	1467	1609	960	1567	681	1771	2092	1614	1247
ENSG00000152169	45	24	29	43	37	54	38	44	43	49	51	40
ENSG00000233716	6838	9354	8167	5019	18080	41375	41372	17434	16276	12743	9750	23559
ENSG00000232269	522	454	538	216	610	393	513	211	517	230	607	565
ENSG00000202126	440	208	139	293	297	464	319	413	315	341	234	332
ENSG00000203941	130	74	139	116	104	128	152	126	122	119	161	220
ENSG00000119486	59	63	58	39	115	137	155	168	85	38	71	36
ENSG00000244281	68	95	158	108	164	81	100	124	30	109	73	138
ENSG00000107548	9	17	9	9	9	15	6	13	11	4	6	8
ENSG00000243974	65	115	202	90	120	182	132	120	210	260	197	209
ENSG00000233270	4	2	5	6	4	3	7	3	5	2	6	2
ENSG00000183182	11629	8216	11512	8624	14281	9785	8868	13359	7002	8310	8633	13927
ENSG00000167121	77	135	134	84	145	105	151	45	99	149	183	118
ENSG00000187232	8	6	5	4	7	6	5	4	7	5	7	6
ENSG00000146283	249	189	235	181	219	229	260	161	294	160	168	220
ENSG00000221006	197	112	174	176	307	275	151	155	271	123	271	158
ENSG00000166626	29	49	55	43	41	34	66	28	45	47	29	48
ENSG00000249126	161	299	254	211	292	222	285	121	148	258	155	395
ENSG00000107192	32	17	28	18	13	29	22	47	25	23	17	27
ENSG00000154927	105	120	83	140	120	121	129	95	77	52	144	160
ENSG00000131984	170	66	40	91	95	115	87	104	65	68	56	125
ENSG00000187983	195	434	244	184	396	726	746	339	666	518	554	385
ENSG00000218151	37	67	86	36	38	52	61	49	41	66	67	31
ENSG00000155014	164	276	249	239	334	266	357	125	324	142	161	99
ENSG00000151922	0	1	1	1	2	2	1	1	4	1	0	1
ENSG00000218787	1027	1545	1305	608	743	1083	830	1381	1794	1575	1235	960
ENSG00000168248	230	179	243	141	472	826	449	1204	294	308	554	387
ENSG00000142167	338	536	307	413	1647	1061	1115	964	822	810	1043	935
ENSG00000139807	106	65	124	55	63	84	54	96	62	124	78	37
ENSG00000157351	662	950	919	976	764	789	1121	906	751	566	1341	700
ENSG00000115336	120	127	52	99	51	206	169	133	185	94	64	89
ENSG00000247154	186	401	184	245	173	217	210	155	167	209	192	234
ENSG00000158008	224	126	160	137	189	174	103	189	180	154	97	130
ENSG00000205347	52	27	35	29	19	41	52	76	42	45	31	53
ENSG00000217835	34	15	21	21	19	32	9	10	27	29	27	21
ENSG00000120472	247	349	633	359	1793	2525	2578	1704	977	796	834	525
ENSG00000243487	711	399	623	554	559	442	659	546	876	944	385	365
ENSG00000107462	174	167	166	138	138	108	206	116	155	132	64	147
ENSG00000134287	1590	1852	1374	2148	3021	1589	1176	1622	1170	2145	2624	2902
ENSG00000131752	173	89	165	153	275	317	638	937	399	284	556	588
ENSG00000113784	363	426	439	505	570	399	455	324	399	391	233	571
ENSG00000220969	1522	2200	918	1284	1255	1900	760	429	1347	1670	2349	1144
ENSG00000198779	472	499	629	728	652	577	953	386	444	1033	853	882
ENSG00000127506	110	98	95	118	70	117	58	98	100	109	186	117
ENSG00000249077	22	41	28	19	127	43	87	99	33	43	17	32
ENSG00000136525	35	35	20	62	28	33	59	23	29	32	39	39
ENSG00000145318	27	20	7	8	23	11	17	23	23	32	13	32
ENSG00000200662	1317	979	444	419	1549	2240	3127	3477	1899	1609	955	957
ENSG00000128552	2	2	0	0	2	0	1	2	2	2	1	1
ENSG00000229921	6917	7720	9293	4415	9293	10482	12044	4608	6304	9993	7619	4069
ENSG00000136785	18	27	20	18	22	14	44	30	18	23	20	18
ENSG00000195692	1128	1196	802	1439	1182	1548	1276	1416	1826	1377	911	1392
ENSG00000121245	309	192	205	295	244	314	363	239	532	348	196	247
ENSG00000207351	620	274	276	222	661	884	446	300	704	606	770	567
ENSG00000235747	3	17	11	10	8	22	17	7	12	20	10	16
ENSG00000154895	1779	1086	1164	1104	658	916	1174	1075	1424	765	754	1332
ENSG00000189689	158	121	124	61	138	165	84	216	55	126	107	95
ENSG00000224295	375	871	747	363	2153	3569	2443	2932	1718	992	1278	1651
ENSG00000183392	35	19	29	17	14	11	30	30	34	20	24	17
ENSG00000135236	128	190	221	218	124	245	180	104	197	185	89	135
ENSG00000215396	43	52	71	68	40	23	35	36	29	25	18	20
ENSG00000195863	238	300	188	257	257	257	285	284	327	402	245	317
ENSG00000212950	556	829	545	693	461	758	588	538	469	656	449	885
ENSG00000199023	83	119	117	104	89	152	91	97	114	102	94	111
ENSG00000174740	222	209	561	219	1479	842	1809	1101	797	495	752	918
ENSG00000157801	577	401	320	424	412	628	301	562	442	840	604	477
ENSG00000157440	127	151	120	112	177	87	157	179	135	165	167	114
ENSG00000179217	77	116	89	146	112	137	67	48	56	114	128	105
ENSG00000232703	4	7	0	4	1	0	3	2	4	2	3	5
ENSG00000174684	1345	364	1823	1202	1314	1243	1070	1554	1211	612	1708	1218
ENSG00000140791	148	204	272	241	259	299	216	177	84	151	192	406
ENSG00000155559	127	137	130	81	101	103	112	119	88	121	88	81
ENSG00000131992	176	240	274	139	285	148	279	635	193	176	214	141
ENSG00000197740	49	48	83	59	51	32	104	65	79	68	50	48
ENSG00000193802	51	121	53	115	101	57	75	117	78	59	81	104
ENSG00000185221	488	298	341	308	314	364	541	441	431	223	528	257
ENSG00000203252	13	7	15	2	5	9	7	8	7	8	4	6
ENSG00000120871	53	76	43	54	96	95	95	102	76	67	46	77
ENSG00000149736	268	141	374	262	224	504	357	368	154	331	232	334
ENSG00000177616	9	6	7	1	9	8	9	6	6	14	1	21
ENSG00000235690	22	16	42	13	19	14	21	22	25	17	19	26
ENSG00000107613	1654	1435	2785	1724	8660	3445	8389	12133	5091	2667	2557	3182
ENSG00000111901	7871	10668	7144	9932	9184	17999	13392	20432	10513	16244	11712	23901
ENSG00000136859	273	126	280	165	361	359	309	296	203	291	267	264
ENSG00000146884	565	548	718	677	953	1085	1182	443	869	708	821	358
ENSG00000212008	36	13	14	28	52	48	46	15	25	24	27	31
ENSG00000141012	2823	3026	1489	4132	1853	1624	1520	3585	3057	1996	4390	1177
ENSG00000249400	197	172	216	146	153	180	60	197	219	349	137	109
ENSG00000139182	297	111	169	299	154	204	194	210	244	183	89	120
ENSG00000132985	366	529	661	325	254	654	502	355	278	384	438	379
ENSG00000138273	66	62	66	41	48	41	78	55	59	90	48	77
ENSG00000175261	35	20	65	32	26	48	37	54	43	54	50	35
ENSG00000184144	140	119	223	139	252	154	257	253	196	224	255	139
ENSG00000215507	31	23	24	30	66	55	92	60	20	37	47	20
ENSG00000106482	79	48	31	56	38	62	65	60	135	21	37	54
ENSG00000242091	3	2	0	1	1	1	2	2	0	0	2	1
ENSG00000177255	12	43	43	28	83	91	159	93	52	66	75	20
ENSG00000168123	359	632	338	187	479	234	439	173	611	351	580	280
ENSG00000193474	1783	2492	1475	2022	1361	1176	1771	1004	2092	2650	1415	984
ENSG00000243090	1048	587	409	753	559	690	481	1135	540	430	257	298
ENSG00000208636	20	28	16	42	35	22	53	38	24	27	38	31
ENSG00000209492	97	145	222	226	174	158	189	218	182	247	415	182
ENSG00000165356	38	26	22	9	26	32	12	16	38	24	45	22
ENSG00000129211	20	20	28	29	21	14	13	21	21	18	10	44
ENSG00000103243	1057	1006	1376	1127	1476	1426	1399	1606	1786	1201	855	776
ENSG00000129007	91	110	52	75	459	311	521	252	127	194	126	159
ENSG00000115966	90	82	47	163	85	129	90	87	96	82	53	88
ENSG00000109928	238	265	244	211	888	830	1039	943	330	466	619	723
ENSG00000137485	1062	632	1346	1200	2194	1117	1067	1391	752	1411	738	1142
ENSG00000231140	210	193	76	180	215	308	100	164	216	175	177	177
ENSG00000118948	128	96	121	163	152	78	92	93	113	186	89	118
ENSG00000202356	262	547	281	272	409	149	333	110	248	207	291	505
ENSG00000181446	174	174	181	168	188	115	129	150	128	246	112	114
ENSG00000130717	122	46	45	100	318	402	424	211	257	149	178	247
ENSG00000118708	0	5	2	2	7	10	6	1	4	5	9	3
ENSG00000103242	19	43	49	19	27	36	57	26	23	21	36	34
ENSG00000146425	170	112	204	195	129	211	84	191	149	100	95	200
ENSG00000238932	32	16	34	28	18	22	22	18	24	29	13	35
ENSG00000176739	7024	5980	7986	3381	28714	37255	34960	27777	5440	17880	9266	20135
ENSG00000205868	32108	15860	8289	9508	12984	25656	21352	21105	13877	13546	21994	15490
ENSG00000122831	5351	4013	3046	6396	6141	7275	4750	3239	6074	6850	9930	5375
ENSG00000217254	18	24	27	38	58	29	30	25	20	35	44	30
ENSG00000112076	227	781	364	423	1769	2652	2026	1590	623	777	1011	1362
ENSG00000142227	635	383	743	391	550	430	729	330	287	706	447	328
ENSG00000188873	229	177	524	433	283	464	357	295	224	193	160	144
ENSG00000182303	13	6	6	14	6	10	11	7	7	10	8	11
ENSG00000117360	1394	2035	1329	1138	2005	952	1310	2150	587	1056	922	1092
ENSG00000233300	7564	5002	6570	8242	8622	8349	7450	5518	5772	3385	5415	8400
ENSG00000228522	1082	1138	1109	718	666	398	1126	1465	1261	918	1196	933
ENSG00000155394	16746	9665	19611	6341	35393	31462	55176	35103	18838	13859	32139	30067
ENSG00000245943	135	91	142	52	369	680	356	355	220	210	305	294
ENSG00000245963	533	682	315	780	676	882	609	1232	878	574	1404	571
ENSG00000207366	3306	3337	2007	2211	11703	7278	11646	6377	6930	4228	3555	7030
ENSG00000191512	35	43	21	46	26	26	45	28	38	34	16	36
ENSG00000249735	169	297	124	165	100	230	105	198	126	167	105	139
ENSG00000204363	46	51	64	47	39	34	59	56	42	65	45	32
ENSG00000170150	938	1110	1254	1338	1366	1001	1676	1592	1179	915	1116	1148
ENSG00000175685	16	37	23	23	21	25	14	13	30	21	17	27
ENSG00000104614	278	513	357	315	239	452	428	352	645	279	373	229
ENSG00000177343	63	37	48	87	66	69	83	92	79	68	71	52
ENSG00000137190	1087	1157	732	1133	1135	1064	878	1689	1511	1096	948	675
ENSG00000238532	92	82	60	65	298	246	209	431	182	201	161	240
ENSG00000215412	165	206	126	188	170	151	135	124	153	140	137	176
ENSG00000100558	299	385	178	307	472	337	470	179	535	214	494	232
ENSG00000100775	37	30	61	55	27	47	47	45	73	82	47	39
ENSG00000227821	84	101	134	80	85	113	70	60	115	83	108	52
ENSG00000125299	96	176	247	110	197	172	100	162	97	187	132	74
ENSG00000164591	84	63	136	106	91	91	62	116	70	114	62	89
ENSG00000185469	522	345	368	409	696	324	429	371	327	233	396	216
ENSG00000128755	36	69	60	51	82	22	42	42	61	34	55	48
ENSG00000183283	333	209	239	262	300	395	378	270	310	202	243	266
ENSG00000210019	168	96	95	143	382	406	620	232	163	190	210	218
ENSG00000156334	56	114	77	61	72	71	49	59	26	55	55	44
ENSG00000240166	27	33	27	23	11	10	14	20	15	21	27	11
ENSG00000119866	8	1	5	4	2	7	6	11	3	6	5	5
ENSG00000183095	55	53	41	82	50	84	62	55	89	41	30	96
ENSG00000225056	473	218	597	552	420	851	700	708	859	592	530	738
ENSG00000129247	56	120	123	147	75	84	93	29	103	50	108	99
ENSG00000219306	3811	3775	3751	4688	2143	2431	5380	2144	1682	2708	3218	3867
ENSG00000242711	17	20	16	19	19	19	33	12	22	20	21	21
ENSG00000140098	87	82	89	59	41	54	117	83	61	87	35	160
ENSG00000154795	4	8	3	10	8	5	1	9	3	3	4	7
ENSG00000232868	1181	2174	1743	1704	2357	1748	1303	1295	2074	1260	1409	1229
ENSG00000245425	25	10	19	17	8	13	13	19	12	27	6	6
ENSG00000187166	227	366	338	383	376	424	353	682	414	380	296	309
ENSG00000133420	231	299	631	294	256	508	247	353	330	499	302	281
ENSG00000234012	15524	32966	24212	28594	30307	27759	19319	40783	23484	30309	27528	20208
ENSG00000150781	2176	1530	2207	1649	2589	3126	1554	1605	1198	1425	2577	2688
ENSG00000172624	646	699	1228	673	610	781	1005	817	1044	383	649	1214
ENSG00000159703	205	236	264	184	196	158	284	255	318	94	198	252
ENSG00000129389	2795	7401	5252	8611	7103	7975	5064	4989	4718	2638	8257	6221
ENSG00000230969	75	105	78	65	86	62	111	120	92	81	48	80
ENSG00000190460	13	19	20	10	11	15	11	20	9	18	15	12
ENSG00000123705	965	1786	896	1268	1039	1481	611	1099	935	698	1393	659
ENSG00000235962	147	167	125	241	146	84	95	199	71	69	66	240
ENSG00000232429	31	27	55	55	34	38	25	54	57	66	32	40
ENSG00000176784	437	312	431	488	268	204	217	317	222	357	284	231
ENSG00000129228	385	432	458	453	441	615	579	381	387	515	500	437
ENSG00000164100	7	14	12	9	11	6	12	7	9	8	4	5
ENSG00000119902	1216	1068	1054	1530	909	1781	1577	900	1057	1148	874	773
ENSG00000218682	5873	6223	8014	11445	29678	27497	43022	48930	16705	14510	6998	11107
ENSG00000154657	93	63	51	80	73	117	136	80	88	41	108	43
ENSG00000181164	15	8	9	2	10	14	8	9	9	11	8	14
ENSG00000205164	254	364	406	199	337	277	185	244	330	263	308	424
ENSG00000238802	215	159	91	197	230	143	225	57	154	193	81	227
ENSG00000249608	522	948	1008	1207	533	784	1432	837	1067	1028	1797	815
ENSG00000108978	826	1040	1615	1218	1712	652	553	701	1115	1387	597	1656
ENSG00000165970	129	106	203	251	165	65	193	173	117	114	136	192
ENSG00000231445	4198	3449	3904	3527	4469	2193	3938	3584	3056	3157	3008	2325
ENSG00000190666	4	4	3	3	2	2	1	8	3	1	4	3
ENSG00000133526	34	47	89	40	53	38	70	32	76	37	62	43
ENSG00000141795	224	192	163	206	233	208	350	274	160	323	353	254
ENSG00000191489	565	388	249	248	242	371	403	464	355	242	406	374
ENSG00000142638	166	226	175	105	138	221	110	129	153	91	130	98
ENSG00000186548	379	531	500	700	236	334	333	646	560	292	337	513
ENSG00000178788	14	13	13	10	12	15	20	16	7	19	5	15
ENSG00000225926	2	1	1	3	6	1	0	0	3	3	1	3
ENSG00000111180	943	424	596	813	1161	1328	1488	1068	296	461	703	945
ENSG00000121866	2178	3394	2493	2694	5453	8162	12116	8962	6729	5583	3753	7425
ENSG00000150576	98	166	168	217	548	694	498	361	397	318	329	288
ENSG00000109830	17	13	12	15	18	16	9	21	24	15	23	8
ENSG00000125605	47	30	31	66	54	28	24	45	52	28	39	33
ENSG00000151367	786	851	558	762	480	439	764	692	642	1018	502	321
ENSG00000207136	440	230	344	269	316	461	179	245	476	382	384	393
ENSG00000208476	2658	2789	3069	1772	2777	2268	1794	2219	2171	1883	3396	2810
ENSG00000216393	9187	4554	4372	3866	4411	6873	3783	6172	5162	4279	4624	7073
ENSG00000233698	3093	4708	1265	3890	1877	2005	1809	1842	1753	2431	3044	2544
ENSG00000241981	133	95	106	137	91	71	96	105	98	101	94	118
ENSG00000118175	2356	1350	1682	1084	1726	1866	1293	983	3306	1890	1679	1209
ENSG00000101980	438	612	468	285	342	355	311	665	338	369	322	664
ENSG00000219879	468	327	230	278	241	183	279	387	299	200	254	309
ENSG00000210332	291	270	217	226	320	295	261	308	186	215	217	258
ENSG00000183211	147	209	92	149	100	269	156	156	114	118	160	241
ENSG00000223692	15	34	41	14	15	31	17	17	14	17	32	26
ENSG00000117581	315	484	655	613	584	405	462	528	449	344	215	303
ENSG00000211154	30	29	31	72	53	63	37	33	50	68	22	39
ENSG00000114311	112	306	106	187	165	125	101	185	122	309	121	180
ENSG00000218839	459	604	1699	945	857	421	915	904	775	780	587	881
ENSG00000191048	703	844	1123	747	733	853	968	824	543	767	907	1147
ENSG00000194869	6	2	6	1	5	3	1	2	1	1	4	5
ENSG00000125154	38	70	26	28	20	71	34	6	39	23	32	43
ENSG00000224624	17	14	11	20	9	17	13	24	23	26	36	22
ENSG00000244851	171	544	216	189	282	140	342	129	373	282	221	227
ENSG00000164405	31	32	37	28	12	41	40	62	37	42	32	53
ENSG00000231619	1212	1223	1739	1091	632	666	1376	806	1088	277	834	820
ENSG00000225552	61	69	77	85	75	43	37	87	33	57	98	39
ENSG00000113803	357	682	651	322	428	383	278	579	502	602	367	295
ENSG00000125030	22	20	23	23	22	27	30	37	23	17	34	24
ENSG00000151577	38	25	58	38	36	58	25	21	46	49	54	23
ENSG00000215984	56	64	85	72	78	95	61	188	98	78	100	136
ENSG00000197728	477	355	514	573	690	619	285	200	298	432	482	444
ENSG00000232183	2	2	5	1	0	2	2	9	3	3	2	3
ENSG00000150174	246	203	282	118	186	245	220	83	181	157	235	106
ENSG00000175836	6	4	8	10	8	3	2	12	7	4	12	8
ENSG00000131135	176	171	285	317	342	209	308	92	401	287	197	220
ENSG00000214093	4	2	7	2	6	7	3	12	3	4	7	5
ENSG00000184815	81	130	112	59	93	49	54	62	78	62	69	79
ENSG00000243210	1473	1888	1935	1069	5641	7799	5225	6353	3033	2730	2701	3260
ENSG00000105846	2186	1621	2545	2782	2513	2712	1724	3634	1686	2225	3098	2648
ENSG00000182264	19	25	17	24	41	85	60	136	47	50	35	41
ENSG00000131972	6081	2618	2721	4067	8030	4904	3732	3829	4035	3338	4651	3775
ENSG00000159020	49	85	38	65	40	81	75	68	55	64	86	59
ENSG00000216977	176	98	146	164	186	137	171	168	122	139	201	82
ENSG00000171686	490	405	243	381	1659	1027	1528	1840	939	539	1027	1040
ENSG00000110254	190	300	186	233	142	165	286	388	328	70	199	237
ENSG00000183816	123	299	197	353	500	425	203	125	274	454	348	483
ENSG00000205909	315	201	126	191	178	218	264	279	130	224	263	217
ENSG00000140321	968	1100	1201	794	868	587	294	894	1349	1458	597	688
ENSG00000125464	283	257	78	93	349	115	80	139	306	277	184	228
ENSG00000158882	34	74	58	49	63	55	65	58	51	73	102	50
ENSG00000189788	15	15	10	23	17	13	18	18	8	20	13	15
ENSG00000236311	15	18	16	18	25	19	14	15	10	17	15	23
ENSG00000192666	162	144	125	112	127	247	103	183	141	202	94	146
ENSG00000236508	773	671	487	767	849	550	638	770	616	348	585	455
ENSG00000119444	350	165	344	188	312	184	311	228	173	196	355	309
ENSG00000234908	86	58	99	49	150	81	42	45	76	60	69	42
ENSG00000215627	246	168	199	345	271	488	327	384	197	401	478	238
ENSG00000217905	53	50	49	36	38	58	51	31	45	51	53	23
ENSG00000206801	227	206	262	186	181	138	173	170	196	157	196	109
ENSG00000227459	263	363	377	233	193	285	156	176	330	195	297	298
ENSG00000107829	78	86	61	45	83	59	73	47	44	92	57	69
ENSG00000159112	3282	2308	3743	3114	1484	1542	1413	1259	2203	1393	2807	626
ENSG00000197381	1542	1838	926	1272	1011	1698	1054	904	940	1046	1082	860
ENSG00000177456	69	31	70	45	103	52	50	54	81	108	80	93
ENSG00000152340	354	545	297	277	496	495	549	496	553	336	399	603
ENSG00000186440	205	283	210	258	282	195	254	213	172	286	184	172
ENSG00000202797	307	339	179	225	209	88	232	199	199	117	347	360
ENSG00000114969	170	110	245	372	251	432	178	188	160	382	213	192
ENSG00000236249	634	1759	3490	2195	1261	1357	1389	2439	1620	1517	1796	1134
ENSG00000218673	413	339	191	214	182	453	246	315	323	212	185	451
ENSG00000137270	305	208	300	333	255	92	218	218	397	277	356	232
ENSG00000101359	580	377	525	644	1802	851	809	443	684	441	1013	1239
ENSG00000197779	1023	474	421	919	4013	2549	5185	2622	1355	1809	1865	1853
ENSG00000239672	4110	2226	3806	2994	4248	2927	4097	3381	5836	4066	6477	4724
ENSG00000174072	25	39	39	35	33	43	41	50	23	24	43	23
ENSG00000180660	190	744	479	404	616	769	555	740	442	581	766	523
ENSG00000212228	4	1	6	3	6	2	2	6	4	5	2	5
ENSG00000232571	107	192	186	154	1003	673	1159	599	204	361	550	382
ENSG00000144247	8	5	14	9	19	9	8	19	19	21	2	7
ENSG00000194305	12	20	12	8	12	10	20	9	10	8	8	13
ENSG00000173336	149	112	128	131	176	110	115	69	118	81	94	82
ENSG00000104290	24	12	32	24	29	26	23	18	17	15	28	13
ENSG00000238231	31	73	89	123	58	87	83	49	72	72	61	117
ENSG00000197690	0	0	0	1	0	3	1	0	2	0	0	1
ENSG00000122789	2626	1188	1501	1453	1486	2078	2086	2387	1699	2361	1915	2066
ENSG00000236063	1	0	0	0	1	4	2	3	2	0	2	3
ENSG00000215240	36	29	25	52	28	29	24	43	58	37	43	30
ENSG00000159147	4817	4586	3705	3288	4625	5355	7079	4273	2587	4007	3748	4523
ENSG00000204464	3	12	9	13	8	10	8	8	9	15	12	2
ENSG00000111642	7398	8389	6959	4172	3391	4616	6506	5002	4413	3618	6734	3456
ENSG00000137761	777	1233	1560	805	2262	780	1140	1017	1305	1973	1752	1158
ENSG00000145439	150	133	133	112	148	82	79	150	102	130	148	185
ENSG00000226153	38	111	118	101	61	70	146	87	91	126	82	45
ENSG00000102052	99	121	125	80	116	115	158	129	77	138	69	90
ENSG00000104910	269	388	267	344	253	183	270	227	335	156	303	293
ENSG00000147209	805	836	988	833	770	847	1021	1816	950	577	1167	1181
ENSG00000178141	1994	1513	1437	1921	1868	2759	2865	2063	2836	1948	2647	1576
ENSG00000167173	1	4	2	1	5	2	3	1	9	3	3	4
ENSG00000113730	484	645	1027	712	1377	1092	689	540	1203	740	757	404
ENSG00000196677	604	412	251	960	432	558	444	272	429	468	528	472
ENSG00000232472	12	19	11	9	17	21	10	15	13	15	19	28
ENSG00000192275	797	995	1151	1551	1526	1058	644	1228	665	882	873	827
ENSG00000117971	1495	944	806	808	1506	904	815	1102	1071	1366	720	1158
ENSG00000106598	1065	809	1355	947	1164	643	1018	1029	914	777	687	488
ENSG00000163643	112	201	105	174	157	198	156	99	120	167	104	68
ENSG00000225568	269	664	504	841	969	814	726	888	652	597	920	622
ENSG00000159221	1858	2200	1050	1525	9659	5527	5115	4244	2950	3668	2941	4299
ENSG00000248374	76	62	32	66	45	48	52	34	35	54	30	65
ENSG00000175855	55	119	68	82	45	26	55	114	44	57	54	37
ENSG00000163541	97	63	32	57	57	36	49	47	66	46	39	53
ENSG00000139321	1313	1123	2128	2334	1623	1476	1660	1447	2034	3416	1044	1269
ENSG00000143097	185	164	277	245	182	171	154	185	209	221	134	139
ENSG00000106953	39	38	30	27	32	48	57	38	45	64	44	37
ENSG00000170090	46	31	23	19	26	14	17	27	25	20	25	21
ENSG00000135526	16	14	9	13	16	6	23	20	17	14	21	10
ENSG00000117127	333	285	104	360	449	197	244	271	297	386	276	351
ENSG00000239046	1181	1111	1220	811	688	1190	838	516	1479	550	1062	934
ENSG00000168781	1899	1888	1995	1619	1600	2207	3125	2915	993	2413	2339	1520
ENSG00000141776	10	31	21	23	18	21	10	24	16	21	23	18
ENSG00000155210	49	29	25	57	25	25	41	16	25	20	14	29
ENSG00000196621	31	26	29	22	32	14	38	26	22	14	28	29
ENSG00000141254	31	30	26	35	26	19	42	28	26	43	29	38
ENSG00000232479	13	7	9	6	7	3	15	13	7	4	12	15
ENSG00000113061	3468	2572	4204	2404	2133	2089	2009	2240	1402	2011	3934	3973
ENSG00000240524	354	356	290	514	491	319	347	281	493	395	393	243
ENSG00000171901	55	47	54	70	224	161	238	239	121	113	51	129
ENSG00000233335	2	1	1	3	4	0	0	3	0	6	0	2
ENSG00000104025	2005	2076	2881	2307	2085	2880	2383	3721	1440	2014	1907	2656
ENSG00000209556	814	838	550	1402	1116	1191	952	1006	365	986	573	696
ENSG00000123250	374	205	215	158	136	145	275	264	140	172	82	203
ENSG00000190063	485	727	593	666	591	414	329	393	838	629	299	504
ENSG00000208894	63	48	23	16	45	38	26	49	34	32	26	47
ENSG00000125495	223	486	301	358	967	584	474	594	458	679	828	767
ENSG00000117649	52	66	57	64	42	36	29	62	21	64	51	40
ENSG00000148161	587	419	348	372	347	439	353	407	244	200	515	535
ENSG00000176108	154	118	107	125	65	155	88	89	63	88	73	152
ENSG00000163660	6	12	10	8	29	4	7	8	13	4	5	9
ENSG00000241775	18	10	11	5	17	11	18	30	25	19	13	25
ENSG00000167327	918	1033	1558	237	1598	1761	1442	721	1343	1512	1400	1467
ENSG00000175767	758	850	945	1059	5370	3213	4087	2755	3116	1094	1035	2532
ENSG00000223996	125	100	113	77	107	76	89	84	129	60	127	58
ENSG00000131505	27	14	52	37	47	48	51	23	43	47	23	63
ENSG00000184197	64	59	53	88	47	68	85	45	52	44	30	64
ENSG00000110377	285	571	508	385	1226	783	1294	582	253	767	691	689
ENSG00000216069	10	8	13	11	10	8	10	14	6	12	7	5
ENSG00000248367	954	1168	761	1264	633	751	765	771	986	955	1554	1065
ENSG00000169632	41	29	31	45	28	19	25	21	28	22	26	22
ENSG00000184176	25	20	24	11	14	21	23	14	22	27	13	9
ENSG00000154448	92	90	118	175	865	560	561	416	407	366	141	274
ENSG00000175225	7561	7155	3153	10740	6746	7103	6515	3851	6524	5280	6101	9169
ENSG00000159082	56	30	30	59	40	45	44	56	20	54	21	38
ENSG00000236540	39	69	38	88	73	67	73	31	67	61	57	29
ENSG00000219294	14	18	10	13	10	9	19	11	15	12	14	18
ENSG00000162242	303	231	141	209	213	212	162	337	282	187	224	419
ENSG00000146812	337	134	345	352	288	234	326	293	303	163	286	175
ENSG00000181123	214	108	236	227	179	114	244	87	101	164	280	150
ENSG00000180152	40	55	85	75	56	39	70	62	42	111	52	76
ENSG00000151522	489	137	213	205	288	277	363	268	275	393	176	256
ENSG00000200279	1031	675	777	896	525	254	550	880	293	664	615	1149
ENSG00000137832	69	36	59	30	70	60	62	79	64	73	81	39
ENSG00000157683	138	78	65	217	96	74	77	67	82	109	58	62
ENSG00000242607	34	24	27	58	64	32	40	45	52	38	49	21
ENSG00000164443	48	34	45	52	46	41	33	58	32	71	26	37
ENSG00000161407	1262	1940	1251	1530	1187	1100	1781	957	1827	1406	1484	1046
ENSG00000101460	15	27	13	12	19	17	50	31	21	31	17	12
ENSG00000115569	200	276	257	199	180	109	217	179	218	157	285	171
ENSG00000195647	1422	905	1537	1276	1628	1570	796	1310	1348	1739	1332	652
ENSG00000232124	51	41	46	39	56	31	61	60	94	27	58	48
ENSG00000147580	457	504	647	298	390	335	476	432	468	281	553	387
ENSG00000100424	521	843	674	1214	1730	2779	1704	3105	1209	1169	2020	834
ENSG00000245437	7	6	6	7	12	8	3	12	3	10	4	10
ENSG00000209059	838	950	678	888	941	1155	1603	1287	787	913	627	1248
ENSG00000199037	12	22	13	19	12	16	7	18	14	20	25	20
ENSG00000144379	141	111	208	181	143	135	119	299	174	195	189	169
ENSG00000225694	5	7	2	9	5	10	11	15	9	9	4	6
ENSG00000168919	7	6	5	5	3	5	7	7	4	10	8	7
ENSG00000126122	65	84	73	73	123	50	72	63	82	58	110	57
ENSG00000249768	1977	4140	4514	1577	5042	4517	4909	3612	4106	2494	2832	3449
ENSG00000179514	29270	23022	19616	20047	15328	10885	17592	40327	12941	26137	12944	20132
ENSG00000217966	33815	26023	19594	38487	30071	31326	37268	35295	31718	23981	25999	32282
ENSG00000229018	2133	3769	1850	2382	1444	1388	1716	1992	1666	3605	2008	1614
ENSG00000141083	3305	1365	1378	729	1333	1215	1900	1492	1669	1658	2025	1395
ENSG00000215198	810	712	947	597	676	613	579	768	445	544	664	611
ENSG00000231021	525	274	469	478	1532	1168	3290	2571	1643	860	860	1584
ENSG00000217938	63	25	76	68	50	60	84	56	92	78	76	62
ENSG00000199511	32	35	79	42	41	36	27	64	45	129	46	46
ENSG00000193543	381	342	324	407	228	468	204	388	316	251	214	274
ENSG00000230542	321	425	382	256	225	465	540	373	343	479	249	168
ENSG00000107127	38	39	56	34	52	77	38	36	37	52	43	25
ENSG00000221409	10	11	11	13	39	61	29	51	62	16	36	22
ENSG00000241289	37	33	24	45	26	24	60	48	54	46	48	41
ENSG00000101354	46467	40522	85045	52874	41022	36034	63800	64595	60462	43569	82266	33448
ENSG00000239361	32	62	26	37	35	31	31	18	17	57	42	34
ENSG00000128628	3877	3106	1903	2368	4495	3779	2232	2703	2848	3275	3309	3616
ENSG00000192174	2282	1887	1537	1245	2401	1743	1740	2792	1521	2189	2348	1460
ENSG00000173514	1347	1091	1017	1584	1708	1093	961	1633	501	957	911	604
ENSG00000238527	52	51	29	50	31	29	38	13	46	57	27	24
ENSG00000139216	5640	8416	9292	8648	8412	7621	10105	6554	9281	7208	6657	6638
ENSG00000202339	291	266	297	278	390	189	275	177	307	297	349	369
ENSG00000195226	46	24	40	57	38	33	55	40	60	33	73	37
ENSG00000138936	29	43	23	58	129	204	68	161	67	69	37	79
ENSG00000174989	117	72	80	77	153	117	88	112	64	106	90	149
ENSG00000169703	5607	7131	7741	8325	7086	10019	13168	7450	13755	8359	9541	16376
ENSG00000173076	10	9	10	14	11	17	9	6	6	7	10	11
ENSG00000177731	46	17	52	34	43	27	46	28	35	25	41	41
ENSG00000228034	86	160	187	106	205	134	197	308	123	142	196	118
ENSG00000202918	350	498	675	341	406	346	353	195	280	470	375	421
ENSG00000138283	23	20	7	9	8	18	8	8	20	30	31	16
ENSG00000133300	21	16	10	14	43	30	16	28	19	20	11	33
ENSG00000125318	42	46	35	33	56	66	70	47	70	31	65	42
ENSG00000151202	951	499	408	744	3034	1826	2694	2120	1293	1271	1770	1550
ENSG00000228168	185	121	173	70	435	516	274	429	223	174	176	217
ENSG00000157796	71	127	86	133	60	75	74	103	108	129	139	120
ENSG00000188932	260	150	129	186	200	203	254	96	212	260	197	214
ENSG00000197802	225	163	487	123	295	140	224	150	236	205	209	181
ENSG00000212559	669	1079	979	1421	914	557	725	1038	975	1127	843	924
ENSG00000166820	54	31	40	24	26	56	33	38	21	39	66	50
ENSG00000232992	176	273	194	163	158	205	102	106	153	131	105	242
ENSG00000150616	43	31	53	68	38	25	48	40	33	47	27	22
ENSG00000135933	539	564	410	603	3900	1792	3717	1672	1697	795	1207	1495
ENSG00000189954	1172	634	530	645	579	1005	971	833	605	756	638	443
ENSG00000103989	87	98	127	108	96	121	82	70	59	96	84	183
ENSG00000165147	957	2035	1395	2297	5772	3477	6637	5256	2740	2312	1558	2791
ENSG00000124442	57	159	177	50	142	120	167	187	46	90	111	93
ENSG00000162815	1639	1521	2720	1985	2287	3788	2835	2350	4318	1486	2865	2154
ENSG00000230098	36	47	57	32	57	53	47	78	96	67	43	86
ENSG00000124116	64	101	49	69	93	46	59	58	42	55	40	58
ENSG00000224169	10	9	4	11	9	5	6	8	5	2	10	9
ENSG00000111328	13	20	17	19	18	20	17	10	18	14	27	24
ENSG00000160366	50	62	83	63	49	36	67	54	60	61	100	120
ENSG00000143296	1	0	2	0	4	2	0	5	1	3	2	4
ENSG00000134722	156	148	138	199	227	131	86	124	191	76	117	133
ENSG00000230808	720	626	962	1096	232	1333	1000	639	1176	880	1115	448
ENSG00000142275	446	336	242	286	357	524	386	317	493	390	372	573
ENSG00000224919	433	307	269	168	261	197	175	235	182	226	229	244
ENSG00000108626	466	690	422	612	869	561	600	396	1079	781	585	679
ENSG00000175249	40	51	43	66	220	252	160	114	94	98	117	58
ENSG00000235407	55	55	36	107	45	60	50	54	39	51	34	65
ENSG00000189613	962	642	1038	904	849	947	1563	699	1031	561	736	837
ENSG00000234196	112	113	96	117	88	69	88	110	131	111	85	85
ENSG00000215999	1573	834	1220	1447	1070	1067	1085	1017	991	609	924	1234
ENSG00000165761	43	40	38	60	74	50	57	29	53	59	79	52
ENSG00000235215	500	609	668	546	386	720	563	426	527	324	479	845
ENSG00000235008	1411	2021	2385	2222	1075	1355	2062	1926	1869	1909	1112	1914
ENSG00000228457	189	92	179	108	112	100	117	74	102	128	116	180
ENSG00000138314	6337	4100	5244	6312	12784	9756	13496	12746	9536	7356	7185	12327
ENSG00000177840	5233	4551	4308	2263	4309	2292	2277	4052	4772	2969	3369	3866
ENSG00000156459	1	3	2	1	0	1	0	6	1	1	1	1
ENSG00000159871	28660	23165	45278	37897	21687	32459	13174	16761	28845	38601	39253	31592
ENSG00000193570	7	4	7	5	9	5	8	5	4	6	3	5
ENSG00000101400	21934	16602	15198	31120	17168	9042	16555	16768	39504	10031	12103	15203
ENSG00000211786	32	50	25	34	101	69	113	78	36	40	55	58
ENSG00000240460	3	5	2	2	1	1	5	4	5	4	5	1
ENSG00000211022	10	8	11	14	4	7	15	8	13	10	5	6
ENSG00000100673	418	214	714	193	950	597	989	1396	1238	892	655	281
ENSG00000245635	15	13	22	18	56	69	84	83	39	40	43	36
ENSG00000208925	55	25	39	53	45	42	48	48	38	33	41	58
ENSG00000160752	1682	1974	1344	1590	586	2971	1783	1151	1356	2337	2416	2351
ENSG00000162296	19	19	17	29	9	16	7	15	13	11	29	12
ENSG00000132814	347	442	520	258	327	197	333	486	400	503	272	400
ENSG00000198187	2349	2850	1081	2456	1065	1850	1614	1694	2717	1889	3472	2142
ENSG00000164734	8	3	2	4	5	2	6	3	3	1	3	0
ENSG00000172230	12	22	18	22	20	15	14	24	9	20	17	18
ENSG00000185961	400	370	322	420	270	217	271	110	241	100	157	154
ENSG00000151313	103	119	132	170	107	166	68	152	50	180	132	148
ENSG00000118906	330	404	356	234	1038	1262	1069	1173	553	761	457	529
ENSG00000156728	1	3	2	5	2	1	3	4	3	3	1	1
ENSG00000210813	15	44	11	16	20	23	14	16	20	34	34	18
ENSG00000188822	283	201	449	286	397	344	183	311	154	200	192	288
ENSG00000107276	481	641	420	332	1895	2459	3191	2771	864	1050	609	1250
ENSG00000116035	1653	2056	2529	3344	8536	8856	4975	3498	4454	7190	4728	2506
ENSG00000217510	23	56	70	73	90	62	49	81	97	59	112	80
ENSG00000141897	49	27	33	23	36	28	52	41	42	29	25	19
ENSG00000174786	31	15	16	16	12	12	15	28	24	33	9	37
ENSG00000172367	41	16	38	18	26	41	26	30	35	32	24	30
ENSG00000193711	1	1	3	6	3	2	0	5	0	0	3	1
ENSG00000108471	4975	3977	7107	2870	4596	5150	3463	4710	4823	5918	6918	3978
ENSG00000205352	35	33	57	43	88	75	61	38	78	52	40	93
ENSG00000223017	47	47	43	36	43	32	26	35	26	27	24	26
ENSG00000249726	30	61	54	36	36	62	51	88	23	66	60	43
ENSG00000226349	290	402	646	329	495	321	408	241	357	454	296	493
ENSG00000246772	217	154	97	106	110	114	107	107	168	93	84	201
ENSG00000225431	44	18	47	38	25	43	13	41	25	43	40	27
ENSG00000144720	735	467	826	632	1167	950	1552	1267	1142	1263	1544	1429
ENSG00000228788	144	331	196	162	366	213	112	98	250	161	395	349
ENSG00000111689	43	122	46	160	65	147	81	70	72	98	51	101
ENSG00000106254	226	196	187	110	599	847	1023	536	354	188	295	229
ENSG00000187149	1574	881	1219	1396	856	1209	1066	772	1971	1601	1596	1271
ENSG00000249232	378	818	395	686	509	796	780	624	196	345	285	549
ENSG00000211978	117	146	74	112	62	116	152	92	113	121	69	130
ENSG00000190352	907	732	1085	781	950	732	782	1165	958	450	683	1244
ENSG00000182689	1	4	1	0	1	0	5	1	2	3	4	0
ENSG00000157611	354	864	794	738	576	508	556	455	941	641	659	522
ENSG00000185977	29	22	33	25	28	43	25	49	25	24	18	44
ENSG00000126661	51	46	17	38	36	44	38	21	41	42	27	21
ENSG00000119894	79	141	93	84	173	81	96	63	117	94	78	81
ENSG00000140045	5357	10220	3783	6105	4907	7015	4369	6538	8942	9672	7009	7210
ENSG00000196572	121	93	119	61	139	105	111	93	103	56	116	78
ENSG00000120737	82	110	148	65	121	83	70	89	118	91	87	134
ENSG00000127773	603	394	370	308	469	264	513	265	475	412	266	582
ENSG00000102127	0	5	1	6	3	1	6	8	5	2	2	2
ENSG00000101317	67	153	121	80	530	385	444	204	132	90	255	152
ENSG00000190453	739	419	1105	523	295	326	501	408	901	509	764	540
ENSG00000104508	12	26	21	16	27	16	22	11	14	19	12	20
ENSG00000205926	497	294	572	495	428	186	494	315	329	670	385	543
ENSG00000170905	32	27	8	52	79	125	119	76	69	84	62	47
ENSG00000218921	2	5	8	9	7	7	9	13	7	4	11	13
ENSG00000188200	581	900	707	673	716	956	636	1858	677	879	707	916
ENSG00000129668	219	97	120	238	110	175	277	271	249	161	219	203
ENSG00000171342	579	416	523	580	453	680	664	515	666	391	636	933
ENSG00000181350	167	217	164	254	196	138	233	173	369	280	239	141
ENSG00000194137	29	19	8	23	18	9	21	17	22	25	11	11
ENSG00000202203	1529	1700	1394	1661	1825	537	1664	1454	1612	992	1522	878
ENSG00000210863	411	253	272	223	1575	1996	1217	1631	298	532	378	551
ENSG00000120029	175	298	283	244	300	340	314	322	323	435	364	417
ENSG00000167439	43	61	50	71	324	199	183	230	106	135	270	224
ENSG00000212433	18	15	15	19	14	13	8	25	14	23	15	20
ENSG00000227660	2471	3029	2981	2262	2225	1874	3291	3415	2195	2438	1211	2923
ENSG00000190587	681	1012	568	1151	673	1489	985	1111	1313	935	755	451
ENSG00000222291	207	300	146	195	99	220	257	225	198	216	108	128
ENSG00000115446	37	34	66	32	53	34	28	60	75	65	28	58
ENSG00000236332	2901	2256	1705	2944	1988	1242	996	2878	1892	2293	1680	4139
ENSG00000106586	10	15	28	33	97	121	149	108	39	62	56	47
ENSG00000173753	26	41	38	22	58	17	24	46	28	36	22	41
ENSG00000106059	7702	20929	6114	8416	9207	7910	12009	13091	10047	9377	7289	12703
ENSG00000198680	846	721	730	513	541	180	510	578	332	427	244	486
ENSG00000216551	1411	780	803	905	1082	987	1607	1283	611	747	1486	958
ENSG00000205734	1102	788	1597	845	433	376	493	753	674	582	1046	588
ENSG00000245066	10633	22794	11788	11384	7564	12419	15443	11596	11249	8387	13191	21379
ENSG00000240718	251	302	508	364	323	298	466	214	395	277	398	320
ENSG00000130068	464	733	502	353	436	443	408	428	519	442	438	271
ENSG00000233851	11	23	27	31	12	25	26	21	41	40	16	42
ENSG00000120785	203	113	174	253	183	189	102	236	117	172	98	89
ENSG00000100090	9	12	7	9	13	15	14	9	10	4	8	5
ENSG00000133275	72	50	106	116	94	81	80	61	47	118	73	76
ENSG00000117866	134	226	214	151	84	163	117	200	166	179	173	168
ENSG00000192107	475	936	836	543	928	506	851	477	752	613	897	623
ENSG00000213454	1895	1546	2091	1843	2956	3507	1943	3848	1600	2240	2077	2794
ENSG00000220600	46	41	35	70	181	165	156	132	61	25	57	64
ENSG00000157760	18	26	13	13	18	31	23	18	15	20	16	29
ENSG00000205616	418	187	181	142	219	386	148	392	149	213	247	306
ENSG00000165729	20	31	28	17	46	41	34	38	39	20	30	39
ENSG00000122994	3862	2923	4325	4976	4781	5631	4596	4103	3938	2964	6728	8127
ENSG00000220194	2150	2226	1666	1285	1789	1746	2432	1716	3098	1653	2158	1130
ENSG00000159236	38	21	11	36	15	42	21	9	42	10	12	14
ENSG00000225404	299	301	136	164	161	296	276	231	282	154	338	242
ENSG00000179283	2240	872	1583	1294	1864	1966	1810	1850	1518	2009	3159	1594
ENSG00000191914	41	32	38	40	24	16	21	12	28	18	30	42
ENSG00000183671	106	61	58	90	66	111	49	67	73	64	22	60
ENSG00000202890	74	136	151	129	79	151	115	181	63	174	104	161
ENSG00000233647	2666	1930	2721	2387	1315	2863	3555	1660	2607	1741	2664	1798
ENSG00000176389	363	444	180	551	448	349	683	353	296	696	550	480
ENSG00000133734	66	127	102	120	96	85	137	82	63	71	68	124
ENSG00000228388	406	201	308	746	373	462	143	301	293	148	448	359
ENSG00000240781	114	165	138	155	129	170	208	186	190	138	150	102
ENSG00000198456	174	325	298	244	239	110	212	316	298	204	198	129
ENSG00000214766	348	641	464	291	543	541	338	613	377	440	351	812
ENSG00000210456	150	217	297	480	411	256	247	291	309	352	182	207
ENSG00000229347	436	520	511	736	821	688	555	559	317	424	357	620
ENSG00000143010	166	112	242	116	181	202	142	133	106	176	230	139
ENSG00000191529	132	42	64	89	83	53	87	115	40	71	139	81
ENSG00000150160	88	65	94	65	47	87	55	73	53	106	113	101
ENSG00000168435	5	8	4	8	11	7	9	5	5	5	8	5
ENSG00000247387	92	61	59	35	35	54	41	88	66	48	66	63
ENSG00000214946	5141	5904	3750	6748	10166	3368	5423	6122	4833	3012	4675	10842
ENSG00000236183	173	211	139	78	146	101	108	121	176	88	104	165
ENSG00000199242	392	543	441	285	303	366	298	389	389	404	704	506
ENSG00000178443	1146	691	698	767	1040	1428	633	310	774	1055	494	538
ENSG00000140052	47	60	33	64	56	87	36	88	82	66	41	43
ENSG00000183300	69	88	69	57	157	41	76	98	86	57	79	63
ENSG00000123508	605	463	253	400	217	556	594	677	227	360	365	357
ENSG00000248993	17	31	29	14	26	10	12	26	28	10	29	22
ENSG00000234141	534	957	368	570	972	1049	504	1018	969	637	880	873
ENSG00000240457	519	761	565	576	317	387	561	910	542	535	1087	330
ENSG00000235641	252	198	186	123	157	296	333	272	312	200	182	202
ENSG00000234999	297	340	153	180	1336	1056	637	1443	688	337	294	270
ENSG00000113070	497	468	463	514	511	306	408	553	580	796	476	833
ENSG00000171800	222	184	183	187	120	184	308	222	170	154	115	172
ENSG00000108940	2	0	1	2	0	0	0	2	0	0	3	1
ENSG00000228300	479	299	391	820	325	312	477	392	264	487	279	302
ENSG00000120491	16	28	34	18	27	26	19	8	26	29	21	22
ENSG00000180967	52	43	56	40	76	85	91	68	63	86	54	38
ENSG00000228360	80	48	76	64	84	56	62	94	77	65	70	38
ENSG00000226833	82	97	70	48	61	104	54	95	87	40	44	48
ENSG00000100381	4	1	5	3	24	23	11	20	10	18	5	9
ENSG00000182097	2	4	1	4	1	3	4	2	3	5	5	3
ENSG00000187124	71	121	145	159	142	132	90	156	104	175	209	181
ENSG00000197897	168	143	193	187	866	419	811	567	210	258	189	505
ENSG00000114882	339	403	240	349	211	239	388	285	285	253	222	286
ENSG00000161801	24	8	13	7	16	17	9	7	8	12	14	7
ENSG00000249260	104	98	70	126	163	88	79	93	102	110	87	89
ENSG00000189173	853	397	610	1140	807	1211	583	608	1002	650	757	424
ENSG00000189768	59	79	104	25	71	95	52	46	38	96	93	75
ENSG00000100132	104	47	48	59	55	43	46	38	56	47	71	33
ENSG00000137674	12177	7622	10328	11087	14437	5496	10766	9644	4193	7895	6596	10205
ENSG00000127888	12	0	6	14	5	2	5	5	4	5	8	3
ENSG00000190309	29	52	39	47	38	29	28	43	32	36	31	25
ENSG00000231555	31	18	13	17	9	13	23	20	17	17	29	22
ENSG00000116989	34	31	67	19	14	48	64	73	40	48	26	74
ENSG00000117420	49887	70770	94885	70169	37872	38626	41594	91520	39814	71683	42044	88712
ENSG00000211335	31	17	31	20	48	23	20	26	15	18	23	23
ENSG00000167546	121	98	99	102	93	114	93	139	114	90	127	69
ENSG00000193286	41	54	69	14	56	47	63	55	67	29	81	42
ENSG00000232594	29	31	33	32	20	37	55	58	47	35	48	48
ENSG00000181887	1072	1397	741	753	885	741	1623	884	974	779	1138	558
ENSG00000162598	71	65	55	100	51	46	99	74	60	91	32	56
ENSG00000160904	1612	1186	1738	1181	2038	1684	1679	1539	2326	1228	1159	1020
ENSG00000148084	3572	1681	2184	2879	2526	2518	2967	2567	2478	1970	4031	4964
ENSG00000147762	47	31	70	107	72	108	102	85	43	66	93	60
ENSG00000204074	2419	2690	3899	3624	1653	4581	4363	2369	3290	2664	2385	4445
ENSG00000178147	25	18	12	17	21	4	10	20	10	14	12	15
ENSG00000160467	201	378	349	235	342	444	350	409	266	342	411	613
ENSG00000220714	741	1364	1357	2394	2095	1792	1187	510	2091	1002	2120	1539
ENSG00000118528	26	17	35	33	15	14	17	18	23	44	23	36
ENSG00000104039	154	85	258	128	245	250	85	191	166	142	173	231
ENSG00000219635	255	499	718	457	448	334	228	465	383	422	525	576
ENSG00000131830	939	684	263	581	854	609	643	485	358	775	703	756
ENSG00000151288	238	332	345	333	255	307	391	280	574	510	158	324
ENSG00000161947	9894	11115	6065	7878	7837	4515	6333	12922	6487	9828	10680	15976
ENSG00000180711	134	105	132	137	133	139	173	98	77	199	131	160
ENSG00000243190	2441	2154	1673	2108	3135	1535	1947	1626	1749	1986	1728	1614
ENSG00000222775	17592	9336	16276	17889	39200	50157	79071	34087	15909	18217	28409	22710
ENSG00000107935	43	51	56	50	65	52	44	72	58	42	75	49
ENSG00000233736	54	151	75	112	91	96	83	88	98	104	84	100
ENSG00000229740	14	26	20	24	20	22	30	22	31	28	32	17
ENSG00000185206	887	943	755	748	502	1037	334	1571	650	720	1064	752
ENSG00000226121	3904	2564	1761	3665	3188	4028	2996	2250	4379	2415	2255	2975
ENSG00000106677	4	6	9	5	2	6	3	8	9	4	6	6
ENSG00000215640	17	43	27	50	32	30	29	17	9	30	20	33
ENSG00000173984	68	71	69	45	77	51	40	59	44	33	72	46
ENSG00000132936	31574	10728	10198	17488	18809	21625	16108	12229	22266	16092	22687	17570
ENSG00000149547	74	66	111	99	59	108	60	42	82	106	84	103
ENSG00000172353	411	445	511	316	314	394	383	445	388	280	261	318
ENSG00000232087	13	12	29	16	18	13	34	11	19	14	13	16
ENSG00000161424	995	681	928	1203	909	1466	873	591	1439	775	799	1305
ENSG00000168057	19	25	34	16	24	24	25	18	20	25	27	21
ENSG00000197858	340	79	130	200	244	250	128	106	92	82	146	100
ENSG00000163840	36	18	31	19	26	13	25	29	18	12	30	17
ENSG00000179632	145	82	164	177	151	101	91	165	142	191	227	88
ENSG00000174473	84	80	67	120	88	119	169	185	127	95	95	133
ENSG00000238178	620	215	198	295	199	199	299	341	292	252	192	358
ENSG00000229173	237	493	358	519	303	184	325	296	289	252	248	314
ENSG00000201029	4387	3835	5303	8239	26705	25521	16738	31229	8401	13262	14025	20910
ENSG00000106999	89	49	55	20	32	27	53	50	24	41	49	26
ENSG00000220631	2335	3278	2489	2491	9295	22199	13138	13412	5373	8048	5815	5883
ENSG00000102816	303	445	368	400	326	479	268	306	432	280	476	720
ENSG00000130398	128	99	72	147	157	154	147	136	63	50	87	110
ENSG00000227632	439	430	360	419	364	282	381	192	436	652	274	292
ENSG00000187859	283	371	188	297	321	248	507	291	435	273	379	458
ENSG00000187155	2040	574	854	348	1262	802	1162	622	866	1422	728	911
ENSG00000197797	1500	770	1694	818	1283	369	1575	511	1083	916	1072	1289
ENSG00000207123	632	744	615	913	1715	3744	2476	3169	1689	792	1318	1054
ENSG00000226175	361	195	493	326	275	255	299	302	356	366	218	310
ENSG00000186319	4	7	4	10	8	8	10	6	17	10	10	14
ENSG00000150344	1128	778	1419	1140	1084	741	1446	1181	858	2013	2048	774
ENSG00000244539	1699	2357	1112	1828	1430	1617	1299	2354	1170	1137	1657	1486
ENSG00000174060	380	309	338	304	284	379	565	242	650	677	597	437
ENSG00000103437	390	557	408	199	581	456	404	395	313	310	223	356
ENSG00000231328	36	30	26	37	148	138	215	89	100	42	46	79
ENSG00000178281	464	324	342	251	221	301	533	406	214	294	312	348
ENSG00000170692	793	369	1036	1220	1414	1788	1217	1141	586	938	961	734
ENSG00000123814	5	24	16	26	12	26	16	19	11	21	11	7
ENSG00000160727	84	73	45	66	126	81	57	74	87	92	45	40
ENSG00000196331	58	78	60	34	63	62	51	56	63	101	82	69
ENSG00000156885	1948	1754	3072	2020	10461	12894	10026	9098	4750	6769	5111	3105
ENSG00000192885	68	49	78	73	99	125	35	78	102	42	93	99
ENSG00000114349	9	3	4	8	8	5	7	4	4	12	5	4
ENSG00000122646	141	147	254	214	1092	1048	845	485	460	494	358	399
ENSG00000140895	2386	5529	3183	3548	1810	2334	2803	1434	2984	3742	2858	2806
ENSG00000216245	77	113	175	85	153	153	88	123	163	184	162	153
ENSG00000217862	66	93	98	101	49	54	97	63	68	52	88	122
ENSG00000140618	357	175	316	382	329	347	238	158	258	284	480	319
ENSG00000151948	6212	4165	5850	5227	7134	5132	3342	5802	4798	4781	7098	4688
ENSG00000143356	119	86	117	172	172	114	110	82	110	82	164	69
ENSG00000168344	104	89	122	66	51	103	79	112	100	106	156	73
ENSG00000113448	314	469	536	310	257	369	450	531	458	263	182	507
ENSG00000193843	37	25	25	28	51	38	41	49	7	48	29	20
ENSG00000195815	7	3	7	5	10	3	2	4	7	4	5	8
ENSG00000179693	356	262	378	287	281	246	208	327	171	112	272	261
ENSG00000134440	126	44	87	85	63	71	66	49	105	75	76	64
ENSG00000113472	342	360	251	431	519	273	357	353	152	356	602	355
ENSG00000130095	153	295	184	185	353	427	124	66	204	131	150	230
ENSG00000199711	708	583	244	493	788	354	930	503	603	459	593	511
ENSG00000204856	19	32	31	17	23	22	22	38	16	20	21	16
ENSG00000240637	255	303	333	307	369	264	621	297	275	493	321	420
ENSG00000247003	37	32	37	22	43	32	26	32	37	20	19	30
ENSG00000180111	438	532	237	437	434	361	361	303	274	330	491	405
ENSG00000128426	62	98	51	95	94	101	95	97	60	79	66	75
ENSG00000196753	3514	8377	3366	3902	5269	4380	2961	7896	4903	4600	5492	4661
ENSG00000140698	23	46	34	30	20	28	19	36	27	22	39	52
ENSG00000194948	0	1	1	0	5	1	0	4	1	1	5	1
ENSG00000131360	218	226	133	205	175	137	214	260	144	159	208	199
ENSG00000241258	86	72	68	64	296	195	212	407	155	108	146	163
ENSG00000105717	19	29	31	20	35	44	38	14	14	7	20	18
ENSG00000244972	358	340	256	207	315	229	166	235	317	436	344	392
ENSG00000187674	5557	5133	8214	2085	4550	3769	4440	4165	5289	5493	6092	3158
ENSG00000107282	68	95	74	120	149	193	128	177	157	97	194	98
ENSG00000106005	71	51	39	50	39	41	17	59	56	45	36	48
ENSG00000246405	3287	2997	1879	2538	2804	2388	3022	1490	1903	2744	1467	2964
ENSG00000137494	1287	1254	1437	1382	1385	1186	879	1299	1398	1595	2061	1041
ENSG00000100063	172	175	236	163	182	179	118	102	84	270	142	123
ENSG00000138634	51	83	60	61	64	34	61	26	61	52	38	58
ENSG00000156789	619	859	497	809	823	647	1034	904	481	883	358	526
ENSG00000142425	35	50	41	90	16	41	31	30	39	76	39	27
ENSG00000182299	46	56	70	29	51	37	57	47	58	44	50	66
ENSG00000121993	30	57	33	49	20	41	16	56	37	23	34	39
ENSG00000184758	495	549	697	485	491	440	332	481	467	609	438	316
ENSG00000179908	3879	2542	3581	2069	2778	3949	2312	2742	1774	4325	1889	3470
ENSG00000242608	181	164	88	148	355	160	98	156	183	131	136	189
ENSG00000183561	7619	4887	7341	5618	5574	4703	3608	6121	3122	6215	5631	4032
ENSG00000220038	1	6	0	6	3	1	5	5	2	1	7	1
ENSG00000214768	172	120	187	141	123	130	176	165	172	191	107	221
ENSG00000205561	5	2	6	4	5	4	6	4	5	8	10	2
ENSG00000190003	851	958	495	599	739	1340	843	960	1141	770	1100	1217
ENSG00000167923	1717	2696	1613	3013	3444	1088	1776	1509	1336	1551	3281	2357
ENSG00000121042	3	2	5	5	5	2	3	5	4	8	5	4
ENSG00000140523	26	21	26	39	80	124	145	176	48	66	86	84
ENSG00000102818	246	101	119	448	115	271	156	70	146	289	186	159
ENSG00000227301	7	3	8	4	38	35	38	20	23	7	11	16
ENSG00000102799	50	22	45	22	18	38	33	24	39	24	35	41
ENSG00000143539	28	22	23	23	21	16	20	10	11	29	39	17
ENSG00000224693	94	201	90	138	178	181	169	101	154	119	124	93
ENSG00000114399	52	23	41	50	28	46	16	28	32	50	25	33
ENSG00000194003	20	21	18	14	10	13	15	25	15	12	15	13
ENSG00000117474	50	23	59	18	19	23	15	29	31	33	11	40
ENSG00000100578	84	126	92	110	108	145	107	133	224	97	142	33
ENSG00000197561	165	93	168	197	168	81	129	253	159	87	134	192
ENSG00000104612	113	65	96	81	298	369	434	315	153	275	175	164
ENSG00000126667	1091	1426	1752	1641	1435	1188	1672	807	1724	1992	1574	1731
ENSG00000234365	52	46	50	40	56	59	62	38	23	90	31	50
ENSG00000203935	132	150	104	255	221	226	103	175	172	158	167	84
ENSG00000203360	352	550	357	375	305	401	306	469	309	566	453	584
ENSG00000169514	65	62	33	60	81	44	96	68	65	52	77	22
ENSG00000142544	2398	2864	1379	1629	2556	828	2328	2063	1018	2436	1271	2506
ENSG00000147907	644	658	701	437	946	860	599	481	439	586	603	704
ENSG00000202546	615	423	281	559	483	453	760	498	545	826	621	742
ENSG00000145050	24	33	16	18	23	24	33	19	38	36	9	27
ENSG00000170821	54	85	177	88	95	135	96	98	63	70	66	61
ENSG00000165604	244	477	473	528	237	407	341	392	314	525	275	320
ENSG00000200763	911	1020	1392	1126	587	1271	922	702	993	1077	1331	893
ENSG00000146882	49	40	64	20	17	42	39	38	84	33	43	43
ENSG00000205883	36	24	28	67	44	17	42	21	33	57	65	32
ENSG00000220615	12	20	14	11	4	10	8	16	8	10	12	10
ENSG00000155173	5	7	5	18	7	10	10	6	5	10	10	3
ENSG00000176084	1387	1411	1363	772	1211	1472	924	642	1436	1189	932	743
ENSG00000167554	132	230	216	68	128	229	116	157	118	118	170	181
ENSG00000236153	288	416	321	423	400	187	440	460	110	605	333	328
ENSG00000237855	1226	1233	522	1124	709	1250	1256	1053	1249	1137	1439	559
ENSG00000166510	189	173	85	90	154	178	109	133	226	166	187	247
ENSG00000161389	202	75	207	195	198	184	142	181	212	78	236	200
ENSG00000190113	26	17	16	9	22	22	26	20	21	14	12	17
ENSG00000125118	60	40	33	49	67	50	39	33	35	73	37	45
ENSG00000106050	277	299	277	201	217	366	347	118	422	328	548	232
ENSG00000231296	1513	2591	2786	2721	2075	2483	1890	1407	2342	2342	2805	2088
ENSG00000215273	1559	530	828	1577	1000	860	1179	738	665	1544	1190	1361
ENSG00000112343	75	28	46	32	35	55	42	47	33	44	20	35
ENSG00000177713	28	27	41	32	39	29	27	25	27	36	34	35
ENSG00000149746	669	858	427	507	673	587	1081	553	700	458	397	565
ENSG00000140534	417	414	569	436	2485	2382	2141	883	847	914	947	885
ENSG00000142563	502	391	531	453	2968	1547	2051	1956	1210	1559	1047	1066
ENSG00000213243	405	244	336	180	228	383	225	187	243	255	235	327
ENSG00000104584	1719	963	1349	2152	912	1049	1591	1774	1390	1861	1547	2708
ENSG00000208689	265	383	264	215	1045	813	982	630	460	706	578	464
ENSG00000148983	3909	2989	2563	1505	2391	1874	1704	4186	2426	1735	2660	2494
ENSG00000147647	592	523	329	488	721	558	520	251	703	590	427	592
ENSG00000117388	231	198	167	219	190	112	185	165	187	104	194	57
ENSG00000135988	17	11	13	24	31	18	23	7	14	8	20	18
ENSG00000143923	328	392	357	270	366	281	498	243	225	312	206	365
ENSG00000242314	1594	1084	934	885	719	952	1768	963	838	891	899	1148
ENSG00000100646	182	166	246	268	312	201	182	297	249	196	181	147
ENSG00000210686	23	28	38	19	17	20	25	24	20	28	18	33
ENSG00000111338	2	2	9	3	0	4	4	2	6	0	8	7
ENSG00000183295	80	93	94	78	122	107	87	93	53	126	100	92
ENSG00000109147	4298	3772	3978	6396	27847	24600	23730	15999	15603	7171	14059	12159
ENSG00000152783	20	17	20	17	57	54	98	91	35	41	40	37
ENSG00000136538	84	54	66	70	65	77	53	70	38	68	64	76
ENSG00000107516	121	345	201	272	230	250	177	269	175	278	311	78
ENSG00000161483	698	750	1089	1094	891	768	1119	820	744	1086	1408	1247
ENSG00000178719	37	25	23	13	27	23	21	47	23	28	11	14
ENSG00000213775	93	204	143	122	143	286	237	174	104	242	255	205
ENSG00000220707	391	311	136	358	307	164	231	328	256	279	164	188
ENSG00000239235	17	7	6	17	19	19	14	26	7	20	18	10
ENSG00000134494	245	649	407	355	263	269	389	374	207	266	333	329
ENSG00000147172	40	17	18	24	16	19	26	16	38	24	9	50
ENSG00000183119	206	221	204	193	273	241	124	399	315	92	206	146
ENSG00000123805	378	915	491	638	3005	1741	1230	1447	815	1644	492	938
ENSG00000138614	99	237	225	229	326	230	242	260	270	241	215	244
ENSG00000205716	19	19	21	24	26	14	14	11	10	21	11	25
ENSG00000141244	534	478	595	260	2301	2498	2657	2870	1050	1192	1375	1100
ENSG00000224110	794	425	477	361	2204	2563	1345	2859	810	1274	1595	1522
ENSG00000135250	155	195	134	199	161	196	191	156	254	155	211	228
ENSG00000129383	663	775	663	1364	3225	3492	3613	4887	2036	1768	1141	1415
ENSG00000104252	56	103	48	63	67	91	54	43	91	71	68	37
ENSG00000130655	36	55	37	40	135	94	121	182	77	86	106	42
ENSG00000228347	172	86	144	88	94	147	127	90	92	86	141	131
ENSG00000170756	398	432	230	487	418	593	506	417	217	298	421	350
ENSG00000171866	893	709	1619	595	770	552	785	1321	609	1225	303	472
ENSG00000183369	15	40	38	52	172	272	129	213	49	63	86	83
ENSG00000113669	246	229	200	246	246	147	310	201	184	103	174	108
ENSG00000126089	161	223	342	421	621	1036	935	1305	593	399	368	465
ENSG00000109627	49	37	70	57	104	234	280	325	108	82	84	103
ENSG00000159496	3	3	2	2	2	3	1	4	6	1	7	2
ENSG00000106829	2	6	9	7	5	14	5	9	11	3	2	7
ENSG00000197438	968	1270	1217	639	613	1142	1064	1123	1017	381	1036	1167
ENSG00000134346	14	4	6	10	15	14	5	7	6	10	6	11
ENSG00000115757	3	5	2	2	2	2	12	6	7	2	8	1
ENSG00000101371	15	7	12	11	10	18	9	10	5	6	4	5
ENSG00000122318	81	96	81	68	38	67	102	155	87	155	82	69
ENSG00000192379	1578	2628	1402	1882	1223	2271	1860	943	2698	2712	2275	2592
ENSG00000115059	311	466	221	253	601	1083	1025	913	694	374	539	693
ENSG00000191445	107	63	53	42	35	43	34	120	35	45	54	41
ENSG00000131679	55	105	98	73	77	50	68	90	93	58	62	71
ENSG00000212262	304	260	519	472	333	406	292	345	288	473	470	410
ENSG00000166647	227	202	146	131	181	205	109	142	176	178	290	180
ENSG00000222192	6	7	5	2	4	6	7	7	2	5	10	10
ENSG00000120968	1704	2421	932	1566	5294	6960	4727	4971	3664	3130	4300	2745
ENSG00000190605	1397	1187	962	1304	887	901	955	1095	1271	1345	1171	339
ENSG00000239960	13	20	25	17	12	25	17	13	23	43	20	24
ENSG00000190501	114	142	95	127	68	101	111	116	103	88	116	141
ENSG00000158280	454	558	298	504	663	256	391	485	403	313	279	655
ENSG00000180031	450	280	202	349	309	285	334	445	337	245	131	283
ENSG00000110071	80	115	87	64	38	70	84	72	79	208	90	59
ENSG00000121065	169	150	189	228	227	235	300	188	251	156	206	192
ENSG00000215924	7197	2224	7939	6771	5348	5036	5969	8736	5476	9806	4614	3924
ENSG00000171974	121	66	99	88	41	56	64	82	72	126	68	76
ENSG00000229221	1322	1366	1727	832	1122	1252	646	1148	792	749	1170	441
ENSG00000216495	348	289	268	359	169	350	229	236	557	324	264	195
ENSG00000120542	7	23	25	17	10	16	19	11	26	22	22	21
ENSG00000187858	229	425	808	634	678	517	590	642	800	604	480	780
ENSG00000145216	485	314	295	491	301	283	229	168	307	351	241	403
ENSG00000150564	2061	2106	2281	1547	1852	1278	960	1676	2172	1971	1029	2952
ENSG00000233161	4981	3363	6131	4916	4732	3298	2269	3601	3257	2331	3160	3080
ENSG00000160918	1407	1238	1447	1139	1373	1707	1044	1168	797	1552	990	1056
ENSG00000234695	247	235	355	282	205	286	219	287	401	310	525	266
ENSG00000152037	354	352	499	374	443	854	657	394	465	581	188	466
ENSG00000173830	1288	987	1118	965	666	1680	1245	906	1512	845	1445	1193
ENSG00000123288	44	38	54	20	42	28	51	41	31	18	56	30
ENSG00000193693	27	27	26	27	98	144	139	136	44	58	67	52
ENSG00000132351	584	713	1216	521	570	1295	1258	592	1037	849	718	587
ENSG00000131823	31	27	20	16	18	13	17	10	26	26	23	30
ENSG00000224777	126	116	82	88	89	73	121	118	88	78	164	59
ENSG00000236285	6125	7827	7530	8533	7538	4226	6456	4616	6945	5379	6074	10036
ENSG00000158069	894	431	841	1433	794	635	1196	1276	1346	911	1795	1543
ENSG00000237322	1609	1775	1420	2255	2250	2621	1255	2697	1585	2114	2724	1209
ENSG00000187061	104	183	189	189	98	139	174	329	110	152	256	161
ENSG00000187636	695	1948	2221	1569	582	2273	1473	1527	1290	2024	1554	1382
ENSG00000126597	38	30	30	38	47	36	28	18	16	32	20	23
ENSG00000122773	20	26	35	25	41	56	70	27	49	40	21	36
ENSG00000154260	173	98	108	138	105	87	96	97	97	148	65	87
ENSG00000104892	26	48	53	33	46	49	28	38	49	61	31	22
ENSG00000122581	2426	1442	1639	2367	1827	1343	3364	1949	886	1789	2070	1666
ENSG00000119173	213	109	110	115	126	148	86	92	95	128	70	134
ENSG00000170914	10	15	11	11	50	106	18	58	28	15	39	35
ENSG00000105106	889	802	868	1337	3451	3749	4773	2619	1738	1384	2329	1124
ENSG00000134467	910	518	478	659	561	446	499	817	500	947	596	516
ENSG00000152475	1218	2118	2073	1763	942	1784	1740	1978	1281	986	1746	864
ENSG00000100050	20	19	5	25	73	54	147	52	29	36	28	30
ENSG00000176617	31	35	22	28	62	20	18	26	28	47	35	35
ENSG00000211126	2	2	1	0	3	2	2	3	0	4	3	2
ENSG00000123737	323	492	352	414	1442	711	959	1027	554	604	701	624
ENSG00000155158	124	248	47	152	274	79	151	102	150	194	146	118
ENSG00000106206	58	32	60	54	43	36	53	49	46	60	41	54
ENSG00000169633	2297	3387	2805	1468	2463	2600	2516	1868	2811	2093	1690	2146
ENSG00000117817	52	34	24	28	47	22	37	57	58	43	44	35
ENSG00000161148	45	71	35	68	41	74	59	55	92	60	38	74
ENSG00000185713	27	23	25	28	20	66	26	8	23	27	14	18
ENSG00000121013	21	27	12	31	25	34	12	28	19	42	28	17
ENSG00000128761	88	183	173	160	101	87	147	156	131	180	85	108
ENSG00000110452	124	112	84	163	137	102	73	140	177	105	100	178
ENSG00000113446	58	103	61	47	87	124	71	106	70	81	97	58
ENSG00000188142	27	24	15	5	16	16	21	22	32	15	22	20
ENSG00000178986	15	23	4	6	18	19	17	3	8	16	9	16
ENSG00000193929	69	35	26	32	53	51	51	22	31	45	44	38
ENSG00000179547	156	87	58	175	138	103	197	128	171	75	103	153
ENSG00000186626	37	16	13	48	14	26	27	26	33	25	23	22
ENSG00000233407	99	73	48	40	32	58	69	66	39	100	58	61
ENSG00000128917	71	51	59	87	51	109	38	65	86	53	44	68
ENSG00000178547	9	13	29	27	31	14	36	18	32	23	35	22
ENSG00000158816	7	7	13	8	8	26	9	6	6	7	15	9
ENSG00000161735	64	61	53	56	69	67	91	149	92	105	82	55
ENSG00000183716	3153	2190	3062	4833	3538	1710	4105	3141	2873	4066	3531	3121
ENSG00000223430	328	240	353	562	253	345	167	352	361	120	236	308
ENSG00000115408	183	148	124	195	210	358	592	529	270	156	407	284
ENSG00000180043	19	28	35	51	27	11	27	30	49	28	31	32
ENSG00000201813	39	43	34	37	41	59	34	50	44	49	18	28
ENSG00000134757	992	872	835	1246	1186	1569	743	1673	1259	953	721	756
ENSG00000249169	18	25	10	16	64	54	94	48	39	32	33	35
ENSG00000116406	5655	5909	1724	4704	4303	6190	3735	3588	5949	2966	6518	5014
ENSG00000180606	185	250	233	143	141	154	180	246	163	250	165	111
ENSG00000189361	244	367	235	223	195	544	363	231	104	180	511	429
ENSG00000214010	80	34	49	86	77	78	79	37	89	117	115	106
ENSG00000150387	1060	1325	902	798	3094	2426	4279	2332	1691	1600	1990	2533
ENSG00000114861	1434	906	781	751	1410	723	898	2006	1214	920	775	714
ENSG00000128639	25	25	50	22	35	23	43	58	36	46	55	66
ENSG00000234304	4369	9007	2629	10536	5340	4267	4774	4744	5294	7300	2412	4302
ENSG00000157354	439	240	245	247	669	745	561	1241	446	290	450	491
ENSG00000226279	4	7	4	8	9	8	5	3	14	9	5	12
ENSG00000213294	316	392	462	348	524	445	251	314	454	424	226	337
ENSG00000212158	454	401	286	169	271	138	535	540	543	261	211	264
ENSG00000118644	210	227	114	298	175	314	225	223	275	513	224	307
ENSG00000189728	1075	1662	698	1083	1666	1330	902	1173	854	1068	795	999
ENSG00000247852	1538	1663	538	1820	1853	974	897	1620	1224	1448	1287	1563
ENSG00000117335	19	11	7	26	29	7	41	24	22	16	15	16
ENSG00000172225	217	92	114	146	400	517	562	399	144	302	219	342
ENSG00000127335	147	111	130	222	127	125	147	164	197	121	133	166
ENSG00000143531	164	260	127	189	90	163	206	198	225	97	229	130
ENSG00000158006	7	3	4	7	3	5	2	3	2	9	6	10
ENSG00000136349	272	405	228	224	288	618	229	162	327	336	224	288
ENSG00000167936	227	202	164	156	233	203	187	224	100	176	153	316
ENSG00000162393	7920	8038	9073	10458	5997	4111	11708	7597	6741	5126	8404	7050
ENSG00000219778	16	31	16	21	28	53	50	23	31	10	33	23
ENSG00000245507	73	69	79	30	94	52	104	60	71	59	76	35
ENSG00000141519	389	250	382	368	400	486	397	303	227	391	379	340
ENSG00000126492	162	134	315	147	187	91	196	235	161	170	226	91
ENSG00000236433	1087	628	710	941	706	1234	1037	1273	1280	1247	1062	716
ENSG00000104254	2318	3076	1696	1738	1690	2206	2533	1489	1007	1855	1606	1756
ENSG00000249293	25	22	34	36	27	28	25	28	35	26	26	26
ENSG00000104928	279	196	182	182	255	203	94	124	241	237	288	210
ENSG00000105318	415	834	384	825	400	425	787	335	924	891	534	395
ENSG00000220693	47	27	50	45	42	45	15	55	41	36	28	21
ENSG00000224527	12633	10644	16036	14446	17323	18416	17927	8167	19277	13569	14715	21778
ENSG00000195231	245	649	348	278	199	369	424	389	300	323	288	420
ENSG00000170566	196	187	158	301	303	299	151	354	296	293	197	228
ENSG00000142177	4	14	8	3	11	6	8	15	16	21	7	5
ENSG00000149157	26	39	39	29	29	41	54	74	62	41	27	100
ENSG00000195458	4	1	1	1	0	2	5	1	6	5	1	2
ENSG00000143545	438	758	387	377	1298	964	759	950	424	463	1040	841
ENSG00000187506	29	46	40	34	16	25	34	52	21	25	20	53
ENSG00000178296	159	170	206	263	210	99	120	172	161	270	154	294
ENSG00000182852	296	321	360	392	1266	1307	1473	662	673	814	658	373
ENSG00000118677	99	252	242	231	346	677	1042	1054	246	996	155	249
ENSG00000215336	73	63	31	64	294	350	521	164	176	117	210	99
ENSG00000146328	702	764	469	851	365	781	531	635	851	1039	915	811
ENSG00000150214	21	16	8	9	12	31	17	15	25	6	14	20
ENSG00000181719	8	3	6	2	4	3	8	4	9	3	6	2
ENSG00000109720	11	10	8	14	27	27	20	25	12	17	10	30
ENSG00000219091	740	671	545	679	707	631	589	430	791	584	530	763
ENSG00000129004	2318	2539	1597	3291	1542	2599	1716	3147	2026	2916	3640	1987
ENSG00000224703	74	35	36	58	48	31	48	27	31	37	32	39
ENSG00000134885	40	43	36	41	35	85	66	48	87	22	55	72
ENSG00000237150	304	298	348	317	143	310	324	343	528	279	193	282
ENSG00000192127	7	20	2	15	15	15	11	9	4	14	10	13
ENSG00000170428	52	37	41	13	42	42	52	69	54	42	98	31
ENSG00000120226	13	5	7	8	15	12	3	3	5	9	5	20
ENSG00000206012	200	209	214	104	209	133	78	109	115	127	146	262
ENSG00000223952	1	0	2	2	5	0	3	1	1	2	4	0
ENSG00000239185	2	6	3	10	3	11	5	13	16	3	10	9
ENSG00000216333	11	4	1	5	2	7	3	3	4	4	3	2
ENSG00000111947	115	89	171	102	74	97	121	115	67	109	131	102
ENSG00000139284	530	490	317	534	298	329	523	541	393	391	395	255
ENSG00000129408	129	95	90	114	163	139	88	192	157	109	185	122
ENSG00000178975	6288	10419	5063	5899	7023	6696	9450	7841	16035	7529	7700	6544
ENSG00000175780	230	189	225	80	196	144	173	139	250	93	224	245
ENSG00000123048	17	16	31	14	16	42	18	9	19	4	17	15
ENSG00000216434	54	76	59	41	57	45	48	73	36	78	51	61
ENSG00000111740	615	377	401	557	499	385	474	374	652	241	750	516
ENSG00000204389	311	279	194	185	391	375	467	405	240	301	374	612
ENSG00000197838	13859	12241	10399	6767	9822	8997	7589	7545	10398	6382	8386	10976
ENSG00000154132	200	164	134	329	298	1518	764	662	444	379	433	494
ENSG00000181582	16	13	18	30	27	37	14	29	12	21	16	12
ENSG00000131145	34	23	3	26	27	26	9	31	24	14	6	19
ENSG00000139980	610	680	621	515	697	800	615	651	669	717	631	906
ENSG00000101830	1	2	2	0	2	0	3	1	2	1	1	0
ENSG00000126891	308	333	436	268	202	326	233	406	216	201	395	254
ENSG00000127418	774	813	483	833	761	587	862	643	1521	585	587	714
ENSG00000172263	51	58	24	59	54	61	52	36	64	40	60	43
ENSG00000100422	306	322	278	277	221	226	242	163	119	262	286	213
ENSG00000153200	2044	1539	751	1404	1165	1870	1940	1969	1492	2454	1089	1602
ENSG00000148144	3077	2850	2272	2861	2746	3353	2188	1221	3203	1653	2828	3440
ENSG00000211173	2347	2253	2654	1948	1912	2852	1965	1667	1863	3395	3478	1555
ENSG00000170436	1059	1295	1405	950	684	951	865	1116	678	1094	1086	644
ENSG00000125855	80	84	55	127	93	151	119	84	56	90	147	80
ENSG00000194879	17	5	17	22	10	12	19	17	8	10	5	5
ENSG00000234720	3	1	0	2	1	2	2	3	4	3	1	1
ENSG00000146427	3833	3695	8718	5336	6035	3122	4400	9330	6259	4343	3181	6778
ENSG00000240220	1393	802	851	616	1671	788	931	1309	512	1527	891	947
ENSG00000136638	13	14	17	10	13	10	14	7	7	7	14	13
ENSG00000140917	1214	1165	725	1459	905	1112	645	1047	1142	1393	885	1512
ENSG00000203125	93	31	60	55	53	59	59	40	78	43	59	89
ENSG00000104713	39	50	40	42	32	30	48	46	57	22	68	36
ENSG00000108886	14	9	17	7	8	16	22	16	7	17	12	6
ENSG00000248222	10284	5098	3466	10088	11989	5617	4005	13738	5234	10098	6505	6623
ENSG00000142772	15	7	9	17	10	6	11	10	7	11	16	5
ENSG00000161079	13	14	14	21	108	67	88	76	27	41	36	18
ENSG00000155167	773	378	407	430	420	638	563	640	500	795	427	597
ENSG00000232850	606	606	531	860	506	1061	585	705	438	421	309	536
ENSG00000163544	334	400	388	361	342	364	498	440	191	430	488	440
ENSG00000161278	20	8	14	15	18	29	11	20	31	14	11	27
ENSG00000184565	85	37	102	107	72	122	108	47	49	78	61	155
ENSG00000222716	30	36	38	36	33	25	40	15	18	30	26	39
ENSG00000213405	118	50	43	60	50	66	60	61	47	82	54	28
ENSG00000117204	3873	4625	7663	6741	7290	6364	2284	6922	6640	7118	6397	4676
ENSG00000243567	171	220	436	193	374	364	182	281	248	345	292	352
ENSG00000126725	651	1036	763	548	888	709	770	455	669	1141	1072	337
ENSG00000154514	26	34	12	40	26	42	41	30	21	18	12	32
ENSG00000105780	74	57	49	43	30	83	55	104	49	57	71	54
ENSG00000169689	403	489	358	352	476	437	397	325	323	645	274	534
ENSG00000183423	1259	1550	2429	2556	5146	8178	9294	6628	3401	4062	2978	3616
ENSG00000209997	115	156	71	95	181	94	113	72	77	63	46	172
ENSG00000221868	1689	2383	3613	2729	4464	2330	3350	4471	2621	4992	1575	3800
ENSG00000133860	21937	15961	16598	16466	14850	27793	10718	15079	13275	17093	16691	23952
ENSG00000138206	1	7	2	3	6	6	2	2	5	4	4	1
ENSG00000208042	182	153	112	96	169	127	178	181	168	216	50	93
ENSG00000179521	791	456	385	519	529	332	558	671	636	341	489	550
ENSG00000209132	67	80	67	60	60	100	99	81	87	140	125	102
ENSG00000182582	4428	3177	4588	2453	5483	4624	5536	3562	3638	5440	4088	3164
ENSG00000138303	146	315	168	73	242	1105	1144	802	374	436	281	287
ENSG00000145408	236	260	204	323	197	323	164	159	390	306	342	403
ENSG00000102431	7	6	3	4	15	3	5	1	8	12	5	2
ENSG00000153765	1235	1639	975	805	1637	1287	841	748	1036	924	904	906
ENSG00000171818	104	102	86	74	82	124	116	59	73	63	59	160
ENSG00000159776	253	566	363	222	275	410	153	251	584	327	231	299
ENSG00000187616	155	63	71	97	79	87	25	128	88	76	119	55
ENSG00000218795	28	33	36	31	33	19	26	41	50	32	55	45
ENSG00000178958	152	103	147	78	135	164	191	162	112	114	155	147
ENSG00000248181	20	10	12	14	16	5	8	9	10	7	15	17
ENSG00000222736	128	149	101	101	385	557	289	385	76	206	277	120
ENSG00000224808	1789	1323	1713	2388	1435	1158	1369	1457	1701	1471	1366	645
ENSG00000137351	756	881	1268	1360	2500	2612	3437	6219	2396	1838	2168	2717
ENSG00000201589	29	32	23	19	29	11	19	25	19	17	27	25
ENSG00000159477	820	598	606	399	972	611	553	850	447	668	675	864
ENSG00000131155	79	66	93	87	90	52	49	72	47	39	72	95
ENSG00000119617	30	30	46	48	24	35	40	29	30	52	67	33
ENSG00000212230	290	372	610	580	908	457	486	251	401	364	603	454
ENSG00000226780	745	508	469	817	998	587	611	784	580	420	553	842
ENSG00000178016	44	62	42	19	28	40	36	32	40	55	54	36
ENSG00000211447	1204	1450	320	590	646	1581	620	847	986	514	528	1110
ENSG00000125622	186	130	137	196	58	94	188	210	211	106	162	68
ENSG00000196359	6892	10724	14748	21089	53760	44092	57837	38372	16139	21189	14207	25242
ENSG00000129516	8	9	6	17	3	20	4	9	5	6	8	15
ENSG00000133946	74	160	49	34	107	117	90	75	77	55	50	82
ENSG00000154003	95	116	132	53	78	97	72	48	90	73	49	47
ENSG00000157141	24	16	39	29	21	18	37	21	42	14	15	21
ENSG00000164587	8	14	13	13	7	12	3	10	5	6	7	6
ENSG00000246593	1994	1151	1780	1433	2452	1272	2346	1182	2782	915	1243	1400
ENSG00000185520	271	215	297	351	242	379	338	353	273	405	306	263
ENSG00000198624	3	11	12	13	4	16	10	27	10	8	10	6
ENSG00000207648	37	80	54	49	55	51	63	47	47	84	85	52
ENSG00000124990	54	64	64	52	111	102	48	76	63	96	92	94
ENSG00000245936	268	295	316	251	255	237	311	485	250	236	373	396
ENSG00000163424	23	20	25	19	12	35	16	18	13	16	27	17
ENSG00000203739	1813	1439	3215	2136	1503	2713	2231	3009	2162	1808	2369	3573
ENSG00000229448	99	306	189	168	165	165	163	131	186	174	159	98
ENSG00000140786	2990	1824	2268	2258	2970	2782	2184	3251	2168	1815	2508	1939
ENSG00000199186	223	498	589	347	450	228	240	285	580	267	502	258
ENSG00000104146	163	60	68	77	422	483	321	385	104	175	165	141
ENSG00000219335	50	74	54	111	134	114	82	203	168	55	122	154
ENSG00000232575	431	238	376	414	2663	1590	806	1377	997	727	523	625
ENSG00000199112	209	136	168	274	211	210	187	151	173	265	189	220
ENSG00000240307	141	199	523	160	204	411	180	327	309	121	242	272
ENSG00000167274	838	945	622	502	527	692	645	712	746	783	602	1195
ENSG00000114626	2861	2250	1237	2389	2482	1284	1608	885	1960	1397	1225	1227
ENSG00000152486	19	5	32	40	13	13	30	29	26	17	12	19
ENSG00000135619	5	5	3	6	29	38	16	20	8	13	12	8
ENSG00000219527	24	18	27	35	26	24	18	28	16	30	24	21
ENSG00000195580	1086	1631	2610	1086	6813	10831	4291	8407	4350	5052	3607	3669
ENSG00000197590	94	106	99	36	82	113	87	162	128	97	110	114
ENSG00000210452	37	38	57	55	26	36	61	27	41	50	43	52
ENSG00000249859	222	251	411	258	270	226	309	497	266	296	442	305
ENSG00000101296	548	767	566	535	3452	3243	1145	2594	1567	1597	2064	1696
ENSG00000118474	21	17	13	16	12	20	21	24	12	18	5	18
ENSG00000205440	25	24	15	27	108	77	74	88	48	58	39	27
ENSG00000223565	223	127	100	106	136	125	125	133	78	132	230	154
ENSG00000223370	170	113	161	145	177	124	305	154	33	55	136	160
ENSG00000120027	50	35	47	51	31	18	45	16	42	33	71	34
ENSG00000187544	22059	10423	13335	19335	9532	10760	15604	21249	10162	17443	9970	14155
ENSG00000157257	3319	2612	1367	2518	1564	1747	1693	1390	1618	2069	1689	1612
ENSG00000189708	108	70	120	71	105	47	162	148	102	76	91	111
ENSG00000238405	646	599	550	584	416	513	432	428	427	503	409	609
ENSG00000128433	13	12	13	16	10	21	16	13	6	10	7	10
ENSG00000183470	649	945	1395	760	787	1033	1028	1165	872	671	970	889
ENSG00000169363	103	146	92	91	69	42	150	87	71	115	67	91
ENSG00000212772	37	28	36	56	30	53	9	31	30	59	28	23
ENSG00000184008	9	8	8	10	11	11	13	10	10	10	10	5
ENSG00000149962	393	491	1543	707	974	1027	639	1052	803	697	724	1047
ENSG00000224089	143	128	227	192	170	138	113	161	177	310	240	259
ENSG00000137679	47	50	52	64	54	43	50	40	68	56	66	70
ENSG00000183597	1315	1473	1010	1222	2563	8293	3239	9400	1619	1903	3047	1455
ENSG00000125895	139	84	126	96	119	139	49	87	67	73	81	53
ENSG00000222810	224	234	347	262	927	876	1376	1531	538	398	684	406
ENSG00000129721	101	43	35	43	67	47	66	57	71	62	83	80
ENSG00000128707	588	310	312	381	350	341	415	408	372	419	288	215
ENSG00000176759	17	32	11	21	19	19	4	19	19	12	14	14
ENSG00000129428	62	43	63	39	66	49	56	69	80	70	114	98
ENSG00000223395	179	171	172	172	223	59	227	141	271	303	90	138
ENSG00000223703	27	20	57	30	21	9	23	34	39	16	41	60
ENSG00000186896	62	23	51	65	36	91	65	42	35	74	50	39
ENSG00000158862	713	675	990	811	537	718	626	493	334	634	307	300
ENSG00000195033	30	99	63	47	68	52	90	64	62	62	35	72
ENSG00000134779	1200	952	554	1464	1710	1200	967	1151	1103	1708	828	1485
ENSG00000201932	342	263	490	271	1284	2024	1683	1906	666	897	504	595
ENSG00000166784	305	93	193	222	76	233	267	193	265	212	113	124
ENSG00000240778	8	18	2	14	14	8	3	3	11	9	11	4
ENSG00000105968	2926	2575	3393	1633	14864	14159	16824	15116	7004	3394	8293	7482
ENSG00000216919	1558	3046	3072	4070	8595	7307	9727	10507	4773	6814	4021	5375
ENSG00000116852	239	321	192	317	314	274	338	259	310	374	328	378
ENSG00000192699	168	127	183	201	865	712	1193	904	325	359	386	307
ENSG00000232378	85	69	210	264	263	169	156	160	194	126	205	157
ENSG00000185008	69	58	41	68	29	132	94	61	45	68	67	76
ENSG00000103823	109	163	113	123	85	79	146	120	92	83	133	87
ENSG00000155279	301	376	363	257	346	391	261	282	184	378	566	236
ENSG00000172843	9	6	7	18	9	3	5	12	9	8	11	2
ENSG00000140785	171	157	148	138	159	180	118	152	147	134	141	222
ENSG00000227506	344	322	376	703	411	263	278	401	489	274	197	328
ENSG00000220732	3	3	8	1	4	7	1	0	10	5	4	8
ENSG00000166111	24	57	34	18	153	276	88	145	100	61	57	84
ENSG00000224692	8	5	10	0	27	27	44	14	12	7	12	9
ENSG00000218352	15	24	14	8	9	8	5	4	11	12	10	6
ENSG00000165903	721	635	381	364	466	478	329	509	324	537	613	728
ENSG00000244562	14	5	16	15	13	15	14	28	12	15	17	17
ENSG00000148865	41237	30789	10799	12532	37308	17109	43523	25034	38009	26204	38147	23401
ENSG00000158845	110	138	122	78	58	121	75	119	76	102	127	65
ENSG00000103480	19	38	16	24	27	34	18	29	42	35	11	30
ENSG00000166218	72	40	139	82	108	77	74	68	79	71	90	46
ENSG00000107438	210	57	123	205	105	137	118	162	105	196	215	177
ENSG00000215783	290	203	195	275	418	358	268	235	102	160	246	368
ENSG00000228463	245	321	329	248	156	324	393	277	455	188	318	160
ENSG00000177382	181	276	261	196	427	271	251	251	546	246	374	195
ENSG00000209150	1635	1475	826	1245	1404	722	1419	1211	1203	1373	1379	1416
ENSG00000219998	2565	1291	1090	1299	1517	2052	1639	1114	803	2030	803	1817
ENSG00000134784	301	127	120	235	164	239	171	119	214	148	207	206
ENSG00000156200	254	401	484	296	394	139	266	390	343	695	299	132
ENSG00000155503	57	30	44	40	40	28	18	51	45	37	35	24
ENSG00000168890	61	36	41	20	25	45	59	44	43	27	43	35
ENSG00000238895	52	46	106	32	84	84	70	74	80	46	53	26
ENSG00000183545	2196	1877	1568	2807	1587	1717	3874	1717	1344	1842	2287	1088
ENSG00000206709	34	26	40	26	154	316	187	129	149	143	105	80
ENSG00000106836	248	142	282	167	1305	1310	1411	471	356	405	320	383
ENSG00000231537	103	177	169	175	320	236	258	136	169	183	206	135
ENSG00000220819	780	374	605	837	2736	3251	2540	5539	1933	1384	1042	1807
ENSG00000152655	33	60	26	38	53	60	58	46	47	82	65	28
ENSG00000162389	70	107	166	109	257	185	256	226	159	202	121	149
ENSG00000151463	1068	1525	1518	907	1399	993	1328	1672	2259	830	1249	1204
ENSG00000148284	204	178	153	363	218	289	326	266	383	340	406	283
ENSG00000227316	43	70	70	71	41	66	29	61	68	55	101	43
ENSG00000234131	1741	1303	2923	1569	1501	751	2357	1094	1863	1471	1240	2392
ENSG00000247422	88	190	176	218	350	164	140	125	137	186	184	171
ENSG00000246865	106	68	72	62	41	46	46	47	91	106	34	61
ENSG00000139181	602	1168	1081	983	920	933	914	745	1118	752	942	1235
ENSG00000206366	4661	5843	5596	5163	17177	13841	17987	23805	16179	9446	9319	10144
ENSG00000206726	129	71	54	60	29	51	71	63	108	68	59	89
ENSG00000138459	20	31	22	35	95	32	87	120	39	53	33	33
ENSG00000137158	1	1	3	5	5	10	8	5	1	2	2	4
ENSG00000109383	7420	8571	6104	7871	3760	4407	6304	6105	9364	7462	6069	5230
ENSG00000199582	89	49	51	35	51	38	32	57	40	37	47	56
ENSG00000181085	146	121	104	60	124	74	36	125	117	86	52	68
ENSG00000144778	10	15	38	24	33	36	27	30	21	5	24	19
ENSG00000127790	133	153	79	198	119	172	87	181	68	81	129	99
ENSG00000225204	16	9	19	30	8	18	34	23	9	30	22	16
ENSG00000230710	3061	5024	4096	5411	5435	4022	3179	3671	3932	2465	3163	3084
ENSG00000142781	366	867	801	739	1041	745	445	661	411	822	288	645
ENSG00000241817	37	54	31	39	66	67	55	50	82	45	31	65
ENSG00000206262	16	22	13	10	32	20	20	7	6	12	10	14
ENSG00000208079	292	618	309	493	492	640	420	496	461	457	742	414
ENSG00000247482	19	16	13	8	9	24	18	51	23	22	47	40
ENSG00000207949	2029	1822	1848	2233	2654	2512	1158	2340	3152	1970	1506	1500
ENSG00000102808	380	320	326	258	117	320	562	170	159	248	311	364
ENSG00000161097	163	167	130	143	885	694	544	628	325	218	360	229
ENSG00000167878	6	8	13	16	11	12	22	24	11	17	16	15
ENSG00000139612	384	331	193	139	212	364	261	246	208	255	368	392
ENSG00000240384	5	9	11	13	24	16	6	10	23	11	12	20
ENSG00000134252	1360	1461	1681	2465	2138	1965	2323	2617	1204	1829	1951	1689
ENSG00000147262	6	1	1	4	4	0	8	3	7	3	4	2
ENSG00000242451	49	54	40	114	76	93	54	50	128	94	48	60
ENSG00000106150	21909	25860	12971	11736	14383	10231	18468	22141	17349	13919	16955	20953
ENSG00000243556	95	99	56	50	51	54	75	65	49	62	64	55
ENSG00000237067	964	839	903	827	488	700	512	575	657	835	865	623
ENSG00000100181	2221	1308	1237	1508	1592	1098	1482	1051	1927	1406	1163	1542
ENSG00000171373	250	204	414	431	356	229	431	254	354	484	231	364
ENSG00000144987	156	139	96	119	108	186	149	242	172	137	98	138
ENSG00000120168	948	2144	810	1691	2479	1891	548	1190	788	742	1312	708
ENSG00000205344	1033	1273	1624	2248	2067	2518	1631	1407	1539	2090	1494	1508
ENSG00000215259	29	39	45	41	358	127	192	371	142	67	97	135
ENSG00000207299	3178	4204	4952	2841	6832	3448	5323	4265	3360	2637	7540	4637
ENSG00000106094	3041	2869	1614	2663	2765	2089	1989	1429	1724	3263	4107	3051
ENSG00000136830	24	25	24	26	26	8	27	13	16	28	40	24
ENSG00000203641	660	501	523	493	490	459	496	433	586	554	525	519
ENSG00000142774	707	519	644	420	312	489	545	361	659	594	532	428
ENSG00000133292	265	279	373	116	305	188	259	454	221	339	224	296
ENSG00000228580	37	57	38	33	47	59	29	74	45	34	71	33
ENSG00000154704	11	10	9	10	27	28	20	13	32	36	12	25
ENSG00000189347	639	498	497	325	445	259	664	244	334	283	409	564
ENSG00000160813	10	6	8	2	11	3	12	5	9	7	12	9
ENSG00000234896	80	76	30	49	55	64	27	44	50	81	80	47
ENSG00000169934	4	4	4	3	6	5	20	18	2	5	11	5
ENSG00000163016	49	30	62	87	67	255	167	351	95	143	126	46
ENSG00000163487	224	123	262	260	360	113	260	281	219	220	179	247
ENSG00000236157	16	7	7	11	8	14	9	7	7	3	12	13
ENSG00000240484	989	687	953	759	462	1110	800	1136	1104	1026	984	827
ENSG00000194943	1564	1423	1670	1245	909	764	1474	832	1500	1039	2230	1304
ENSG00000239227	518	332	344	433	619	784	487	597	302	414	471	383
ENSG00000115672	628	1066	423	787	973	557	711	836	869	482	628	776
ENSG00000148638	3323	4155	2549	4365	2593	3286	2507	3996	1997	3565	2372	3001
ENSG00000219501	1042	499	1000	855	887	749	807	1414	810	927	1139	1020
ENSG00000194581	8	8	10	5	6	1	8	4	11	4	8	3
ENSG00000151308	225	183	110	184	115	166	184	109	164	146	163	97
ENSG00000191316	29	30	26	19	42	80	50	36	40	59	18	48
ENSG00000151504	205	218	169	193	209	145	141	130	209	254	193	254
ENSG00000190020	5	6	4	12	6	7	9	6	7	3	8	4
ENSG00000220951	211	170	162	128	207	245	151	127	155	135	59	277
ENSG00000158442	87	99	119	172	135	98	134	71	202	178	57	89
ENSG00000224358	526	192	402	447	680	429	840	509	810	634	330	409
ENSG00000150035	35	38	49	27	120	119	193	105	45	42	88	51
ENSG00000103475	85	72	85	136	108	124	146	98	154	112	110	142
ENSG00000148450	0	2	1	3	3	1	4	7	2	1	8	1
ENSG00000231715	145	128	245	162	86	104	110	85	189	146	160	123
ENSG00000104940	183	81	207	176	116	95	165	226	179	163	96	171
ENSG00000134804	27	7	13	19	13	13	2	12	14	16	10	8
ENSG00000248819	101	156	190	189	171	126	183	215	154	130	139	130
ENSG00000140243	14	17	6	11	6	16	16	7	16	8	15	11
ENSG00000136169	386	366	422	472	596	608	616	439	194	693	150	354
ENSG00000182868	68	21	36	53	29	29	39	33	31	27	58	49
ENSG00000221481	79	154	35	74	323	178	352	259	192	154	168	184
ENSG00000177168	5089	2935	4193	4911	5336	5272	4560	3894	7281	2698	4667	2478
ENSG00000116865	455	416	564	654	547	683	659	594	996	478	505	603
ENSG00000196685	3826	3377	2446	6225	2250	5128	3567	3234	2313	1610	1855	5512
ENSG00000103246	1496	1340	1925	864	1710	3040	962	1893	1873	1503	1615	1270
ENSG00000197547	135	94	178	163	196	194	164	142	156	129	90	137
ENSG00000102639	3041	4215	3852	3736	2353	4625	3695	2754	2448	4950	3368	5518
ENSG00000153536	333	336	176	404	255	232	274	478	405	210	422	318
ENSG00000139644	203	207	158	107	279	135	201	70	267	174	208	158
ENSG00000147994	99	35	87	77	91	57	101	105	97	119	79	88
ENSG00000137144	26	13	16	23	26	20	17	24	10	21	18	31
ENSG00000222406	458	846	443	615	644	650	446	679	774	407	601	384
ENSG00000239097	121	65	105	119	108	173	104	163	84	62	200	120
ENSG00000123390	507	356	562	483	348	206	457	457	656	365	495	721
ENSG00000146012	154	139	258	227	188	157	159	87	145	148	150	272
ENSG00000186774	669	494	522	924	722	413	640	260	662	637	366	542
ENSG00000152456	65	41	47	53	44	75	37	111	55	49	34	62
ENSG00000218626	290	377	370	401	142	196	418	279	331	256	286	248
ENSG00000121683	2082	1347	1632	1933	1533	1341	1852	1532	1744	1704	1025	1699
ENSG00000130834	3158	3866	3337	2809	2910	2557	2851	2101	3558	2409	2064	1667
ENSG00000236840	159	318	278	132	296	297	245	231	146	282	190	169
ENSG00000225178	41	14	26	34	84	35	32	36	51	27	14	57
ENSG00000212982	5941	3871	4442	2874	3390	4063	4228	2628	4255	4174	4233	4024
ENSG00000229260	3123	3220	4323	1380	2242	1883	3312	2156	1304	1079	2919	1659
ENSG00000211380	57	76	95	44	95	59	59	52	54	52	61	79
ENSG00000115811	2161	4181	3371	3009	838	1799	2396	3189	2684	1510	4076	1811
ENSG00000143214	493	629	721	854	409	372	520	737	645	589	490	478
ENSG00000176157	39	37	49	47	55	46	18	29	37	42	30	43
ENSG00000199465	368	275	526	210	329	287	371	182	293	212	298	217
ENSG00000218797	32	13	22	13	38	31	15	30	27	20	13	17
ENSG00000148879	92	81	40	118	158	110	111	159	138	69	66	137
ENSG00000219860	152	65	65	70	87	56	135	57	103	62	134	79
ENSG00000157703	201	164	138	202	177	242	159	160	189	180	153	345
ENSG00000231023	1423	2724	1508	2652	1531	1742	3357	2120	1674	2029	2261	2034
ENSG00000204521	4	13	11	10	9	16	19	7	12	5	11	20
ENSG00000172682	0	1	0	2	0	0	0	1	5	1	1	0
ENSG00000127703	883	833	1101	935	2690	4687	3660	3808	1980	2218	1632	2316
ENSG00000149886	142	112	167	216	107	169	96	61	149	93	154	169
ENSG00000223721	1580	1861	2170	1471	1013	1413	749	1012	1801	1982	1664	921
ENSG00000149369	1249	866	715	1341	1506	1391	1005	1262	963	2103	912	1180
ENSG00000103035	8176	4349	7110	6410	3425	5337	3944	8088	5687	7591	7706	7045
ENSG00000139635	6	6	5	3	13	4	4	8	5	4	5	2
ENSG00000169637	4058	6770	5502	3043	5542	4050	4245	9097	6484	5117	5419	3613
ENSG00000183464	345	311	202	86	342	181	209	172	144	352	220	181
ENSG00000181430	64	83	90	83	67	137	88	71	125	95	104	80
ENSG00000214772	4343	3290	3617	3604	4689	3439	8138	5231	8205	4033	3305	7875
ENSG00000139285	2113	2720	3095	1449	1910	2055	2636	2139	3524	1965	2549	2224
ENSG00000149410	15	12	33	4	22	17	23	20	16	6	14	14
ENSG00000229412	66	79	55	55	47	74	18	51	103	66	87	80
ENSG00000205977	4095	4543	2388	4458	5412	3810	4258	5984	5171	3101	3782	2245
ENSG00000128989	16	15	15	14	4	20	26	12	16	15	18	36
ENSG00000125438	487	630	449	479	473	375	682	279	309	542	359	276
ENSG00000184516	513	457	818	718	1044	949	686	710	475	633	816	367
ENSG00000173728	330	113	141	166	444	704	739	656	381	251	332	579
ENSG00000235312	92	71	141	39	60	105	83	98	68	74	33	56
ENSG00000182237	1432	1147	1260	1404	431	792	962	1057	718	1211	1816	1690
ENSG00000134522	164	109	230	149	171	194	86	101	171	91	183	129
ENSG00000240115	22	26	37	26	63	44	25	24	31	39	63	42
ENSG00000148397	816	640	629	1135	484	1509	636	1057	403	828	708	878
ENSG00000213489	13	8	10	13	4	10	20	22	19	10	3	14
ENSG00000173979	63	122	100	104	145	90	115	97	235	74	76	92
ENSG00000162931	539	648	1118	797	515	641	461	309	466	744	864	415
ENSG00000126698	17	8	18	10	7	19	23	12	8	14	17	12
ENSG00000151195	5500	3221	4421	7509	5219	3061	5226	2935	5067	5647	3836	4622
ENSG00000243984	636	307	738	374	329	296	611	291	519	518	245	702
ENSG00000112876	296	392	181	272	205	135	173	304	339	278	262	257
ENSG00000190345	20	38	30	36	35	27	24	40	26	64	14	29
ENSG00000162286	527	498	227	317	430	348	339	523	297	480	272	630
ENSG00000139481	114	118	195	83	539	399	268	286	117	227	271	292
ENSG00000180925	425	506	347	346	559	525	235	648	467	707	499	499
ENSG00000226480	78	94	87	93	81	64	79	90	105	38	70	79
ENSG00000187096	320	404	439	550	367	407	455	381	322	517	233	351
ENSG00000229550	8	14	4	10	7	23	7	16	11	13	13	13
ENSG00000208284	15	11	9	10	9	8	7	4	7	5	3	7
ENSG00000244578	19	74	73	45	81	46	58	49	42	60	33	32
ENSG00000191829	4	2	7	6	16	26	21	15	7	8	7	9
ENSG00000196830	99	138	114	199	121	196	116	186	181	206	74	115
ENSG00000134444	231	269	267	160	291	222	262	189	233	181	92	129
ENSG00000229849	8	3	8	13	4	7	6	6	7	9	11	8
ENSG00000234958	163	109	107	68	110	161	134	140	216	119	141	158
ENSG00000228717	66	15	58	36	46	49	36	19	51	39	52	36
ENSG00000151192	27	21	43	39	34	27	23	39	42	38	32	25
ENSG00000152092	1889	1411	2061	1606	1376	1715	1332	2565	2377	1332	1627	2636
ENSG00000246779	65	83	97	117	56	45	61	81	54	116	66	72
ENSG00000116995	123	113	124	186	153	233	131	182	103	81	71	158
ENSG00000234148	57	51	62	28	55	16	53	32	55	23	22	48
ENSG00000237157	51	41	51	61	103	47	52	36	73	47	72	50
ENSG00000169312	106	139	176	126	151	66	98	124	188	211	93	151
ENSG00000233441	81	123	103	213	232	154	164	203	364	269	61	90
ENSG00000102605	44	131	80	121	83	80	141	68	127	71	142	46
ENSG00000130061	748	1010	1569	1161	5576	4926	6541	4453	1329	2342	2554	2338
ENSG00000172288	122	197	85	54	86	134	81	98	107	153	138	138
ENSG00000116840	98	138	117	112	85	74	129	184	165	108	182	193
ENSG00000145854	4784	5171	2274	6382	6443	4378	3379	4426	4370	6355	4390	4333
ENSG00000231558	271	249	201	433	231	329	207	318	294	312	173	338
ENSG00000100748	543	861	972	621	1074	1275	653	778	847	1234	1120	1028
ENSG00000110009	627	515	883	900	755	611	605	754	680	809	630	889
ENSG00000181415	36	91	131	19	85	57	39	151	75	100	60	84
ENSG00000201068	2748	2430	3630	2176	3353	3876	3115	1213	2262	3238	1687	2449
ENSG00000170541	271	258	230	163	299	122	443	370	306	230	123	133
ENSG00000126119	259	378	192	326	164	249	283	288	369	278	249	175
ENSG00000137329	100	255	238	218	123	109	191	187	195	169	183	239
ENSG00000203008	495	295	293	417	387	473	340	542	477	389	511	566
ENSG00000123566	953	847	1246	1201	449	1055	917	693	739	957	1223	404
ENSG00000215936	3	3	2	2	17	13	14	10	1	5	11	7
ENSG00000173183	1796	1805	3656	1364	3235	2597	3539	2580	2530	1700	1535	3422
ENSG00000238534	5	3	2	3	1	4	4	8	3	5	4	3
ENSG00000119110	19	14	15	28	27	17	28	22	14	13	27	10
ENSG00000136127	458	394	444	616	935	719	442	1086	211	623	476	622
ENSG00000232859	244	64	88	163	288	216	114	183	164	141	131	148
ENSG00000106257	741	568	741	766	467	845	1120	905	460	898	912	647
ENSG00000195402	36	4	18	14	13	12	24	16	12	9	19	17
ENSG00000169264	111	156	120	121	217	195	113	120	203	351	135	211
ENSG00000182085	476	571	543	316	2846	1639	1512	1403	1209	1695	1316	913
ENSG00000188190	38	25	29	24	61	27	32	41	32	41	40	63
ENSG00000226167	41	35	52	29	54	51	52	37	37	44	17	55
ENSG00000113949	367	242	197	130	182	209	215	266	165	292	137	407
ENSG00000185573	762	715	330	269	790	488	452	506	286	490	545	694
ENSG00000188851	0	4	2	0	1	1	3	0	1	2	3	1
ENSG00000157152	68	98	138	29	94	87	38	101	76	89	101	174
ENSG00000192788	401	372	163	346	262	433	189	421	467	324	317	318
ENSG00000170533	3492	2600	4228	2552	2311	1513	4195	3614	3348	3305	3437	2575
ENSG00000213275	15	16	13	14	23	22	16	20	22	8	28	22
ENSG00000144712	265	147	94	254	279	144	273	187	277	308	391	139
ENSG00000119013	32	20	18	11	7	25	27	32	18	10	11	17
ENSG00000248000	50	29	7	15	24	34	24	38	21	13	16	40
ENSG00000130217	89	54	39	39	58	44	35	89	63	61	65	33
ENSG00000238364	4688	3114	1913	4321	3068	3838	4441	5949	7245	3826	4099	5237
ENSG00000221539	444	583	639	605	608	582	891	450	534	606	523	643
ENSG00000237983	1080	706	1224	832	418	1184	1257	1170	783	1400	793	1455
ENSG00000150145	85	92	95	138	207	175	170	118	267	113	169	96
ENSG00000186482	850	1722	1024	2936	1100	1798	924	1454	1614	1352	1024	1555
ENSG00000238694	197	338	180	178	178	338	131	283	89	176	199	154
ENSG00000204034	664	729	773	661	1056	587	928	669	503	737	967	503
ENSG00000140303	18	12	11	14	4	10	5	6	6	11	19	8
ENSG00000190567	58	17	48	25	45	52	41	24	39	38	36	47
ENSG00000127065	1173	483	661	848	774	701	507	838	480	523	719	310
ENSG00000241795	20860	10982	13141	9774	53065	90697	59144	46018	21690	26450	27300	20150
ENSG00000190320	5696	5453	3514	7533	7354	10296	6337	10154	7519	9694	9947	5968
ENSG00000144613	35	34	24	28	22	50	27	13	20	24	28	35
ENSG00000112972	185	115	93	133	160	82	96	80	74	110	154	224
ENSG00000189411	135	102	37	71	60	51	152	112	158	89	117	83
ENSG00000108301	24741	28866	22646	25937	30643	23703	48108	34332	21158	26731	22476	17483
ENSG00000109264	30	50	44	39	10	42	58	51	39	51	67	38
ENSG00000172084	323	243	318	327	240	247	289	302	442	282	315	340
ENSG00000181083	3315	2600	1428	2205	1573	2937	2721	3159	1857	1968	1805	2184
ENSG00000248876	794	1016	783	606	1553	544	826	583	835	425	735	1046
ENSG00000241467	13	7	12	12	13	20	8	18	6	8	13	15
ENSG00000159621	13344	8224	8302	6986	9476	7438	5838	7395	8688	8471	7630	6408
ENSG00000194448	3	2	3	5	0	2	4	2	2	6	1	7
ENSG00000205365	245	305	227	328	317	237	362	369	202	473	192	251
ENSG00000108274	97	59	73	82	119	24	77	81	47	81	45	44
ENSG00000118367	11	14	10	4	20	37	51	14	38	38	5	36
ENSG00000181716	64	72	78	77	128	66	55	70	54	50	56	75
ENSG00000129911	92	52	109	114	382	200	427	366	144	102	113	152
ENSG00000113418	11	41	31	21	19	9	14	16	10	16	23	19
ENSG00000163128	29	43	66	88	68	54	81	45	76	113	117	102
ENSG00000214605	148	132	114	130	108	168	109	90	81	91	100	105
ENSG00000110875	408	138	313	394	214	225	307	498	313	213	302	180
ENSG00000249835	2	2	7	3	0	5	0	4	2	1	2	2
ENSG00000178154	33	53	17	60	60	52	81	77	82	51	57	37
ENSG00000167807	155	292	123	190	137	261	297	200	222	152	146	139
ENSG00000116824	1088	923	1586	1382	1697	1655	1775	1052	1149	1543	2361	1861
ENSG00000103452	1467	1742	1126	1822	1357	1849	1090	1237	3204	2481	842	1325
ENSG00000161624	3	1	8	7	5	8	3	5	4	2	5	3
ENSG00000221047	36	44	35	23	42	39	37	40	19	40	26	36
ENSG00000130426	250	377	173	393	396	186	315	261	209	242	306	228
ENSG00000162491	744	942	664	1141	2590	2940	1661	2349	1324	1031	1929	1511
ENSG00000188651	2950	3554	5017	7949	9056	7435	6335	6090	5564	6404	5625	7077
ENSG00000210184	115	50	141	117	65	73	53	87	105	66	80	107
ENSG00000198271	13	20	2	14	52	40	51	26	23	30	19	56
ENSG00000118558	177	207	169	164	165	282	149	149	159	134	100	282
ENSG00000145438	345	344	222	80	272	397	239	302	310	216	218	315
ENSG00000118210	83	34	62	45	255	264	233	279	131	117	114	128
ENSG00000245769	11	29	50	21	36	20	24	14	46	12	25	49
ENSG00000113664	642	1191	1208	558	701	661	821	648	529	494	365	564
ENSG00000103239	11	6	8	15	11	7	10	11	7	23	14	13
ENSG00000166975	69	15	58	75	29	37	74	57	44	45	37	54
ENSG00000188726	287	208	297	323	258	212	296	234	325	256	383	274
ENSG00000195712	168	422	343	197	183	232	286	90	329	243	244	270
ENSG00000156350	177	218	240	235	235	231	179	171	296	222	132	183
ENSG00000218457	29	16	38	46	20	11	32	17	8	27	11	31
ENSG00000183321	0	1	2	0	3	8	1	5	1	3	0	1
ENSG00000200153	21	27	20	29	30	33	33	27	32	24	31	15
ENSG00000137166	471	553	365	207	579	688	574	683	394	668	669	791
ENSG00000236578	389	1423	716	1300	1107	1578	637	1154	880	761	492	710
ENSG00000115649	7083	2618	3328	3385	4383	4554	5401	3447	1630	5372	3926	4861
ENSG00000112770	591	420	535	474	247	868	638	462	427	299	538	589
ENSG00000235021	2787	3788	3205	1935	4512	4151	1378	2520	2754	1432	1879	3710
ENSG00000209909	250	180	117	72	222	160	182	124	83	183	131	105
ENSG00000194811	438	453	330	316	413	407	195	682	458	691	286	344
ENSG00000144976	11506	10880	10601	8252	21530	10337	8012	14109	10411	13993	11706	11055
ENSG00000177278	54	15	44	29	40	47	25	59	39	56	25	57
ENSG00000104332	71	63	36	46	63	48	56	38	28	42	70	31
ENSG00000178735	2799	1995	1610	2137	2683	1995	1228	2256	1233	2881	1927	1704
ENSG00000227465	1060	1657	606	1037	893	939	1010	1315	408	555	974	672
ENSG00000164633	8	2	7	3	7	17	8	6	5	7	4	13
ENSG00000121892	3003	3085	2871	2353	2220	2637	2243	3496	2753	1532	4206	4093
ENSG00000110752	19	29	31	27	150	152	79	225	70	80	57	70
ENSG00000244068	48	39	46	39	46	20	16	51	42	35	34	35
ENSG00000140296	1251	840	1694	1406	1416	1168	1768	1245	939	1030	684	1227
ENSG00000121221	580	363	526	336	466	535	426	684	360	294	810	350
ENSG00000239469	210	452	205	929	471	240	270	307	699	825	757	649
ENSG00000101766	3101	2933	5520	1296	4691	5280	4116	1905	3202	2745	3521	5917
ENSG00000161449	1017	1408	1739	1369	1773	1148	1287	1278	727	1260	1349	1400
ENSG00000203605	3	0	1	1	0	2	3	0	1	0	2	1
ENSG00000189198	190	328	272	340	288	344	293	205	292	312	301	337
ENSG00000200212	624	660	653	457	409	445	1211	901	568	906	873	970
ENSG00000223175	167	159	155	118	77	192	199	272	156	269	168	242
ENSG00000243497	157	85	102	65	79	129	74	195	125	98	130	74
ENSG00000192288	244	335	249	270	332	333	220	271	345	262	323	249
ENSG00000189946	189	190	422	350	289	325	313	301	480	254	205	285
ENSG00000235803	245	163	243	123	305	225	82	143	177	165	225	154
ENSG00000113488	79	178	98	181	206	94	108	125	103	166	93	159
ENSG00000218728	14	34	15	25	14	12	21	17	4	12	28	15
ENSG00000184755	228	129	174	248	251	379	236	201	242	94	270	403
ENSG00000149067	39	27	54	25	35	32	68	31	25	34	41	44
ENSG00000155893	696	1290	897	1179	661	546	342	517	933	941	1120	671
ENSG00000226260	38	89	96	71	93	49	43	47	61	41	53	53
ENSG00000197721	104	19	66	60	86	172	87	42	76	47	130	53
ENSG00000137501	8	10	25	10	9	10	10	15	15	13	14	11
ENSG00000139025	116	154	176	165	53	48	66	75	58	87	81	98
ENSG00000224898	615	462	761	368	314	658	627	547	467	522	335	545
ENSG00000156385	16	21	10	10	16	20	18	12	8	12	8	10
ENSG00000243763	1245	2181	1863	2802	2002	2319	2039	2902	1420	1420	2528	2804
ENSG00000220434	271	158	219	211	152	103	161	151	234	189	188	301
ENSG00000116391	147	101	91	111	555	251	455	400	171	147	280	178
ENSG00000241975	706	517	528	881	477	1062	834	810	534	732	392	754
ENSG00000109142	383	289	208	192	405	285	207	279	380	208	303	377
ENSG00000235198	5	6	9	2	4	0	0	3	7	3	3	1
ENSG00000185901	1049	1452	1402	744	1073	1803	1422	989	995	962	455	938
ENSG00000157479	598	707	199	377	319	425	681	648	569	1099	525	396
ENSG00000127669	108	119	110	154	113	138	116	141	198	96	207	137
ENSG00000242332	0	1	1	0	1	2	2	1	2	3	1	0
ENSG00000196601	2	0	0	0	1	0	0	2	0	0	3	2
ENSG00000138266	5	6	6	2	3	4	5	7	3	2	4	8
ENSG00000196365	576	838	818	979	622	578	569	861	776	790	711	525
ENSG00000152689	652	1374	1265	617	539	852	1085	1395	975	1010	745	585
ENSG00000159379	104	175	208	356	175	132	99	141	117	85	191	314
ENSG00000223811	77	105	109	158	83	203	82	179	106	157	142	138
ENSG00000229428	1	1	0	1	1	1	1	1	1	1	1	3
ENSG00000226213	125	213	192	162	196	110	78	160	245	297	128	88
ENSG00000225183	30	26	19	38	16	22	38	24	18	13	41	17
ENSG00000139005	94	116	96	49	156	98	92	168	125	87	106	131
ENSG00000198021	41	5	6	16	65	126	45	92	39	42	31	13
ENSG00000120724	412	679	445	836	445	449	1004	838	1276	375	1155	640
ENSG00000163177	89	61	82	63	86	41	76	53	78	34	66	72
ENSG00000134311	428	449	355	328	357	237	126	288	554	243	212	253
ENSG00000244963	97	130	110	86	102	107	125	171	144	102	152	75
ENSG00000216270	19	54	31	15	24	61	25	38	70	22	49	36
ENSG00000138195	5	6	2	5	2	8	5	1	8	11	4	4
ENSG00000101387	21	13	8	6	3	4	13	17	7	10	9	8
ENSG00000216214	18	15	20	32	18	15	39	23	32	20	26	39
ENSG00000148001	148	114	92	221	169	168	156	106	198	162	161	147
ENSG00000109372	13874	7887	8662	13597	11047	6607	10425	3108	6369	5754	7841	4402
ENSG00000228439	194	293	165	287	264	264	501	212	220	230	240	348
ENSG00000224746	68	52	167	65	121	125	74	140	58	94	186	146
ENSG00000145969	977	1029	1655	1001	843	1453	877	885	723	529	768	608
ENSG00000158040	13	16	16	14	9	21	8	15	19	24	12	8
ENSG00000128886	149	186	239	379	255	279	363	185	392	670	387	187
ENSG00000244642	169	217	311	249	319	208	388	282	254	254	125	297
ENSG00000130418	2	1	3	1	11	2	13	6	1	2	1	2
ENSG00000246737	284	178	205	234	352	256	368	256	381	212	341	385
ENSG00000124015	23	52	36	53	51	58	43	35	58	66	38	17
ENSG00000132802	183	135	103	141	72	109	92	86	191	133	103	93
ENSG00000122969	88	94	122	90	56	64	95	71	101	52	109	72
ENSG00000119635	225	174	234	240	241	135	128	208	182	106	181	214
ENSG00000238960	23	31	28	22	21	18	12	16	42	30	35	19
ENSG00000244713	325	804	792	935	1988	1709	3281	2376	866	1134	1477	1690
ENSG00000142859	814	763	1174	1067	2809	2356	4653	4066	1731	1374	2653	1649
ENSG00000217449	14	22	9	14	19	14	20	20	16	17	26	20
ENSG00000177901	389	140	170	267	1170	1034	1031	1779	358	300	590	357
ENSG00000129709	108	134	62	53	82	187	74	88	136	79	121	101
ENSG00000161166	2378	870	1940	626	2089	2800	1794	3090	1247	2827	1186	2158
ENSG00000158071	34	35	20	17	34	27	20	27	28	45	35	25
ENSG00000183352	221	140	127	161	243	209	290	185	306	138	214	189
ENSG00000208465	94	61	177	55	74	81	82	77	114	146	97	192
ENSG00000245085	9	9	3	4	6	9	5	5	6	15	4	6
ENSG00000106074	1603	1621	977	1348	1182	920	1609	2208	1563	2275	1390	661
ENSG00000173771	285	260	305	255	196	390	418	320	198	248	157	291
ENSG00000101230	20	8	11	13	8	10	4	10	17	22	16	10
ENSG00000122327	957	542	432	460	1159	875	661	837	873	740	624	1119
ENSG00000150196	884	647	896	1299	467	1438	1097	605	862	1096	1249	1216
ENSG00000163919	5	5	11	4	4	2	4	13	3	6	7	8
ENSG00000173455	79	124	99	115	84	56	160	82	75	68	67	76
ENSG00000165106	87	115	47	93	50	62	134	115	42	74	83	143
ENSG00000205073	102	174	50	97	134	71	127	55	48	116	49	79
ENSG00000132635	162	122	141	126	110	166	134	87	194	127	76	102
ENSG00000108968	85	87	72	59	89	41	64	75	27	80	47	64
ENSG00000116053	8	3	12	3	4	7	7	6	4	5	8	3
ENSG00000190133	125	185	78	183	904	489	784	843	158	571	339	262
ENSG00000139815	9	11	8	15	13	7	8	5	5	7	14	11
ENSG00000248833	28	29	40	50	88	22	37	43	22	51	35	35
ENSG00000231666	607	478	591	397	2040	1740	1437	1048	634	772	630	1153
ENSG00000214071	2323	6071	4631	7481	6209	6896	4506	4331	4696	4040	6714	6515
ENSG00000203532	1750	2745	3146	3340	15426	5863	11653	11247	7515	5316	6249	3405
ENSG00000100772	35	17	40	23	39	38	20	15	30	21	30	33
ENSG00000249880	89	79	110	95	115	128	243	134	101	107	125	117
ENSG00000202624	2385	2261	3335	955	4038	1491	2216	2084	1934	2574	3317	1901
ENSG00000161460	420	432	457	204	585	292	665	735	254	301	545	692
ENSG00000236695	793	1374	705	1346	1382	927	1048	765	906	902	1026	1283
ENSG00000241471	46	24	38	38	57	31	28	13	27	35	30	27
ENSG00000218283	579	562	466	680	501	339	614	569	521	601	594	646
ENSG00000178543	699	681	718	732	500	518	474	920	367	315	648	1000
ENSG00000116402	1952	1810	2268	1620	2993	4041	1874	2622	4129	4748	2904	4030
ENSG00000149318	7284	5457	7870	7237	6396	3142	7965	6522	10271	5272	5405	6322
ENSG00000178937	81	28	43	48	34	50	34	69	85	61	53	46
ENSG00000194932	4239	3168	2875	2186	24432	12593	12400	12606	5918	9934	3044	4703
ENSG00000231127	155	96	150	82	108	128	65	102	112	136	110	106
ENSG00000124690	353	345	131	112	235	143	297	315	257	184	255	292
ENSG00000165670	3721	2722	4699	2394	5723	7185	2681	3203	2121	2753	3240	4647
ENSG00000106461	499	342	414	350	480	1581	1312	776	584	906	338	711
ENSG00000141041	687	626	375	805	659	466	447	596	493	517	885	530
ENSG00000233850	5336	9276	3781	4514	6008	6596	7180	9012	5206	4895	9070	6460
ENSG00000111009	9433	20399	22886	16884	119389	77907	89564	77274	32959	41128	48620	35874
ENSG00000188524	772	889	1114	928	535	798	683	751	1089	903	954	1128
ENSG00000245889	24	28	12	20	26	8	37	28	43	35	23	16
ENSG00000242304	191	286	367	276	204	259	226	276	315	297	470	227
ENSG00000187838	82	47	86	81	83	86	79	58	63	57	109	46
ENSG00000136954	56	48	75	122	82	84	44	95	100	105	71	92
ENSG00000134441	302	386	641	339	501	561	220	526	254	282	376	442
ENSG00000188480	61	84	135	61	106	178	69	135	97	82	263	137
ENSG00000115753	91	221	184	211	105	247	286	113	76	76	155	237
ENSG00000141769	108	99	57	146	229	137	171	126	252	162	180	136
ENSG00000213558	140	149	140	119	84	119	111	108	89	119	72	73
ENSG00000133501	0	3	4	3	6	4	12	3	3	0	3	3
ENSG00000186508	50	61	116	98	84	92	122	89	106	90	92	49
ENSG00000173096	89	81	82	150	69	104	82	108	149	146	68	69
ENSG00000232814	3008	2910	4208	2744	2073	1953	3376	2829	4045	2983	1607	1948
ENSG00000205966	921	503	837	617	425	830	843	920	1161	1044	1077	1089
ENSG00000177215	387	381	254	227	315	283	352	238	146	335	200	133
ENSG00000137010	72	25	50	17	50	40	41	63	10	66	50	48
ENSG00000164241	401	425	387	365	284	391	451	607	314	391	347	337
ENSG00000207410	4	3	1	6	2	7	9	10	7	11	9	7
ENSG00000174035	466	750	593	520	522	337	349	360	518	820	553	542
ENSG00000233586	39	60	29	27	172	116	141	183	56	57	67	45
ENSG00000116259	41	39	66	15	273	137	100	243	49	64	49	96
ENSG00000202515	1046	1330	1175	1761	1077	1299	1218	406	1568	1267	1352	2030
ENSG00000208543	87	95	204	185	93	203	206	126	87	182	168	231
ENSG00000168363	67	124	97	95	107	93	74	72	135	47	94	91
ENSG00000248924	14	7	21	7	16	9	15	8	14	15	13	13
ENSG00000165371	2568	892	1465	1580	2829	1769	1098	2564	1988	1891	2614	1409
ENSG00000188086	0	0	3	1	1	0	5	0	1	2	1	1
ENSG00000129792	382	355	368	391	415	518	257	520	402	341	422	283
ENSG00000164806	182	317	193	360	624	1093	1389	596	359	873	539	401
ENSG00000176671	297	293	328	299	178	369	288	480	266	633	612	279
ENSG00000232853	18	55	13	59	36	28	53	91	26	25	65	27
ENSG00000113844	2	30	23	10	10	21	16	16	29	26	22	18
ENSG00000130354	5289	5108	4795	3694	6053	7087	7858	5706	3574	5298	8826	10929
ENSG00000146035	463	364	356	446	1147	2339	1600	1574	770	472	402	517
ENSG00000248781	820	1589	773	944	582	550	753	718	1141	1109	894	592
ENSG00000113334	5	9	1	6	2	10	7	7	6	6	4	10
ENSG00000134333	1065	1601	649	1264	1457	765	1080	696	1400	1982	1509	1079
ENSG00000124071	3207	2384	2610	2158	2986	2592	5039	2801	2839	2215	4255	3637
ENSG00000199743	891	831	1155	456	1061	767	850	1228	589	537	740	813
ENSG00000169842	3	3	8	3	10	2	4	6	3	11	4	5
ENSG00000156735	9	12	9	13	23	12	7	13	19	7	16	11
ENSG00000170272	0	1	2	0	1	0	0	1	1	2	1	0
ENSG00000214908	233	331	221	214	289	247	277	212	357	242	470	305
ENSG00000206858	1699	553	1112	975	1207	1443	812	1148	731	692	1118	1425
ENSG00000197600	264	298	269	289	284	222	236	306	259	148	182	188
ENSG00000239358	51	54	41	36	43	53	104	51	96	39	39	63
ENSG00000154827	13	11	13	20	19	14	33	28	22	24	46	25
ENSG00000118333	959	597	762	781	701	1119	1687	830	589	791	1053	897
ENSG00000221709	9	17	9	17	26	42	18	24	13	21	17	17
ENSG00000212382	8242	5637	7611	9770	2373	5876	4506	4671	10309	6024	6856	5208
ENSG00000237820	555	440	306	558	368	479	484	338	311	438	584	558
ENSG00000150495	2299	2332	1941	1702	3195	2326	2498	2276	2498	1622	3421	1258
ENSG00000235914	199	252	223	140	1018	619	1221	1140	469	360	408	307
ENSG00000243885	97	89	50	112	120	101	109	69	105	87	68	64
ENSG00000149627	806	513	202	361	238	265	257	391	310	531	169	153
ENSG00000230771	43	36	15	32	30	35	25	38	52	16	30	33
ENSG00000147541	83	167	71	141	73	99	97	75	107	38	69	80
ENSG00000226138	124	82	93	177	64	96	134	160	158	137	81	146
ENSG00000107361	10	18	28	23	29	7	21	37	8	34	29	23
ENSG00000244302	275	250	493	490	3452	2243	3306	1458	854	785	611	475
ENSG00000146127	22	20	12	18	9	10	23	25	16	15	15	15
ENSG00000233988	9	6	4	2	2	2	4	3	1	1	2	0
ENSG00000100406	88	40	67	101	67	109	45	89	65	65	48	58
ENSG00000188698	131	156	64	119	97	63	79	111	131	98	88	90
ENSG00000206164	95	58	91	46	36	103	44	61	83	53	74	83
ENSG00000118877	157	124	182	119	83	125	169	160	114	177	144	183
ENSG00000141385	150	154	160	84	144	144	133	100	106	89	175	146
ENSG00000201867	263	180	254	169	257	138	153	108	172	320	144	136
ENSG00000113901	164	155	159	130	182	145	230	171	177	145	137	71
ENSG00000171348	77	148	81	105	144	140	115	123	208	114	81	72
ENSG00000241814	5	3	9	5	3	4	7	6	9	4	6	15
ENSG00000108770	450	347	254	271	428	338	290	340	250	204	317	451
ENSG00000249986	549	689	1109	890	753	575	983	917	904	1039	1169	1020
ENSG00000107445	26	46	46	70	32	59	35	39	52	11	40	100
ENSG00000218380	28	32	25	19	23	25	23	34	23	23	35	18
ENSG00000203886	763	486	787	395	768	688	575	878	797	680	918	1051
ENSG00000175253	19	39	33	17	22	32	35	21	13	65	74	29
ENSG00000111820	139	138	203	136	239	301	150	254	225	172	148	338
ENSG00000134924	258	444	501	317	273	373	438	458	277	320	647	425
ENSG00000109681	1647	1196	1875	887	723	2239	685	2228	1299	1290	2891	1125
ENSG00000205117	54162	50039	61565	33069	66663	65379	110217	57481	71579	48792	58338	35194
ENSG00000158304	51	73	69	131	58	104	142	110	159	44	183	87
ENSG00000172636	1	1	0	1	3	5	1	5	1	3	0	0
ENSG00000148814	210	273	183	287	224	273	104	184	282	154	187	84
ENSG00000128142	29	24	19	26	25	32	30	53	31	40	13	38
ENSG00000222524	486	512	845	425	432	452	573	748	657	649	748	723
ENSG00000213950	496	327	206	289	423	307	390	325	504	334	475	251
ENSG00000117273	1377	942	1446	1117	400	901	1155	444	1124	1533	889	1294
ENSG00000178059	265	133	155	213	121	192	197	143	183	182	188	142
ENSG00000125136	609	574	930	732	864	770	877	996	847	1542	1213	1572
ENSG00000124941	74	81	45	59	65	57	56	80	41	70	43	44
ENSG00000189075	549	954	968	636	904	791	455	598	1007	905	718	881
ENSG00000208825	16	21	22	14	10	27	9	8	21	16	28	23
ENSG00000140805	22	16	13	15	105	72	152	148	52	73	41	31
ENSG00000244257	133	104	129	113	102	130	91	129	171	105	59	144
ENSG00000246239	677	507	302	933	586	418	440	617	413	552	489	485
ENSG00000226359	14	22	26	27	13	10	14	27	18	16	21	28
ENSG00000109341	145	91	87	299	149	121	213	143	265	188	155	124
ENSG00000169624	576	438	576	556	2506	3034	2138	1516	897	982	1312	1252
ENSG00000227045	781	369	350	523	1040	580	754	1147	731	525	769	497
ENSG00000243604	17	8	9	22	30	14	17	12	14	15	13	16
ENSG00000128857	6612	8949	9701	6752	8036	5676	6640	5269	4897	4318	3132	9308
ENSG00000231970	55	92	38	84	56	53	61	66	40	99	35	163
ENSG00000175535	231	153	738	423	416	477	555	344	462	562	484	395
ENSG00000236380	4519	2540	5181	4599	3195	4023	4178	5691	4000	1566	3040	4922
ENSG00000114907	17	29	31	43	22	48	25	15	22	29	31	24
ENSG00000120555	1	4	0	8	1	3	2	2	7	6	0	5
ENSG00000114054	1874	1710	2039	1487	1529	2198	1988	1977	1277	1902	1275	1982
ENSG00000187328	15	5	13	7	6	9	14	3	8	14	12	7
ENSG00000120731	213	171	208	284	201	240	208	319	267	257	213	142
ENSG00000142049	28	15	30	59	38	23	24	27	9	51	28	25
ENSG00000185990	9887	11008	4885	7969	10149	7338	11402	6727	6152	5857	9225	7071
ENSG00000186271	467	366	296	261	429	141	377	260	331	150	391	324
ENSG00000114056	8121	3758	8560	7947	5484	5445	7480	9362	3419	3058	4109	7042
ENSG00000150386	582	482	840	677	410	316	834	487	574	525	492	587
ENSG00000144959	58	44	41	58	49	63	55	44	42	43	28	69
ENSG00000132966	608	954	1012	1620	1881	1514	654	1046	1199	1037	543	1063
ENSG00000227387	20	17	27	11	22	41	22	18	13	13	16	44
ENSG00000104261	96	50	46	29	76	26	46	64	46	36	20	83
ENSG00000148713	1156	1327	1518	826	568	1337	950	885	1128	1184	1814	605
ENSG00000191610	912	492	760	426	449	800	1150	1339	776	881	1132	991
ENSG00000107918	35	6	25	31	14	32	44	18	13	23	19	16
ENSG00000141003	128	76	112	91	107	131	151	102	65	99	71	118
ENSG00000187847	118	56	142	113	79	81	87	106	106	76	187	138
ENSG00000189145	6	13	11	8	5	11	23	22	7	3	12	7
ENSG00000170500	1169	1680	1829	2221	887	1880	2729	1392	1555	1272	2351	2279
ENSG00000201799	10	18	9	10	29	13	6	16	11	21	17	3
ENSG00000191555	142	90	190	140	180	148	94	127	109	95	111	192
ENSG00000189933	168	145	185	151	60	175	80	161	84	146	136	98
ENSG00000232280	169	138	198	200	245	141	170	287	175	126	332	144
ENSG00000189889	0	0	1	0	1	3	0	0	1	2	0	0
ENSG00000247208	215	239	168	233	246	257	188	251	273	179	155	186
ENSG00000207821	34	61	27	71	32	50	49	41	27	35	23	61
ENSG00000176938	2548	1690	2760	1656	2029	2723	3168	1734	1835	2170	2705	3005
ENSG00000116588	9	18	7	6	6	9	7	9	8	4	9	4
ENSG00000100817	1880	869	1221	1216	773	901	906	618	1718	1007	1014	920
ENSG00000156097	608	883	1174	259	431	475	675	553	487	397	493	739
ENSG00000127585	21	31	33	27	104	72	128	82	97	49	52	85
ENSG00000208474	248	228	425	365	134	355	295	359	205	317	179	281
ENSG00000202480	590	609	854	1064	473	468	529	316	1209	511	904	676
ENSG00000172549	8	8	5	12	15	21	17	11	18	12	10	11
ENSG00000104208	3	6	5	2	4	4	3	3	3	3	11	2
ENSG00000215341	50	94	83	71	53	60	73	85	48	113	98	102
ENSG00000247010	590	543	366	707	547	437	1243	688	456	726	263	670
ENSG00000214082	411	286	293	385	363	257	605	369	168	327	542	233
ENSG00000140013	142	182	140	209	242	289	194	130	158	132	137	205
ENSG00000190761	52	78	51	66	28	70	52	37	78	46	41	48
ENSG00000158036	42	46	49	58	101	64	70	61	43	31	89	59
ENSG00000187454	830	691	805	953	870	940	992	1102	884	1328	701	1273
ENSG00000190672	292	524	591	362	564	598	319	574	475	718	364	336
ENSG00000191622	8577	5055	9234	5589	9300	7905	5035	5016	5112	6641	4677	5793
ENSG00000206334	672	804	480	546	295	443	1057	590	487	516	1012	827
ENSG00000141532	195	379	348	263	116	193	269	203	252	283	197	220
ENSG00000135259	65	93	97	73	59	89	107	99	104	73	96	53
ENSG00000156705	120	151	146	113	188	244	161	158	153	170	183	199
ENSG00000196689	6185	5701	4889	3187	2797	4995	6779	2886	5388	5991	4614	5076
ENSG00000238659	83	31	69	49	89	52	55	80	70	65	78	63
ENSG00000159294	155	105	126	55	88	110	88	63	74	154	87	101
ENSG00000125637	345	244	156	139	304	436	420	332	371	191	345	303
ENSG00000150118	543	391	805	726	893	561	341	592	666	555	300	531
ENSG00000185501	4459	1635	2698	2368	3168	1683	3555	4066	2015	1247	3709	2526
ENSG00000243724	102	118	144	142	137	248	166	151	90	153	84	85
ENSG00000177230	12535	19187	12304	22516	18253	19019	24358	16533	26371	13636	17705	24035
ENSG00000175558	210	197	156	281	575	920	944	580	264	697	191	464
ENSG00000184831	357	364	213	198	284	249	473	343	256	254	271	375
ENSG00000184697	463	214	404	393	346	375	280	297	512	145	202	247
ENSG00000209445	2821	4717	2466	3976	2629	2664	2396	1110	4212	4072	2595	3452
ENSG00000145588	1901	1061	1671	2100	2192	1235	1012	1600	1094	2099	1705	2221
ENSG00000157401	205	392	218	254	215	182	332	370	209	471	214	366
ENSG00000218832	41	26	32	19	14	23	28	33	18	11	38	19
ENSG00000146057	9	5	12	6	14	19	18	12	10	7	13	16
ENSG00000222167	233	267	488	358	195	196	268	267	290	335	340	322
ENSG00000136006	219	544	440	265	257	642	370	601	250	121	400	255
ENSG00000191389	123	251	162	111	116	160	100	205	246	82	136	174
ENSG00000166863	699	325	221	320	1432	1180	965	612	780	542	966	327
ENSG00000114360	62	24	80	57	35	56	22	60	35	51	43	35
ENSG00000225900	308	323	391	356	380	435	462	121	274	415	353	260
ENSG00000155206	2915	2598	3940	1486	1939	3063	2966	2631	3204	2348	2053	1689
ENSG00000125692	607	373	563	934	694	622	364	649	569	418	401	559
ENSG00000161720	323	366	135	147	174	244	205	174	147	206	196	124
ENSG00000162629	414	158	311	254	327	409	419	157	412	177	265	493
ENSG00000206380	724	1359	1250	1019	1497	1348	1959	794	1722	921	1382	955
ENSG00000123748	45	63	63	53	61	18	18	24	55	45	48	29
ENSG00000124032	104	84	125	58	80	75	68	110	118	59	105	83
ENSG00000196798	27	33	26	54	30	41	55	39	28	48	16	46
ENSG00000163024	3	4	5	2	4	6	5	7	5	2	5	6
ENSG00000100598	2147	1699	1123	3463	4219	1909	3323	2377	2363	3107	2377	2799
ENSG00000124354	499	699	783	620	3338	3968	3033	2369	1209	830	2012	2648
ENSG00000223147	17	26	33	31	31	22	55	30	27	37	57	42
ENSG00000141608	9018	8401	7786	11252	5966	7288	7127	8411	2119	6526	7995	10234
ENSG00000143083	22	36	28	39	99	194	125	75	76	63	95	58
ENSG00000145363	650	299	572	488	295	645	506	313	373	599	438	616
ENSG00000130359	39	37	43	35	31	43	45	44	33	37	40	54
ENSG00000166206	2174	2652	2792	3914	2407	1450	1659	1413	2630	2822	1313	2690
ENSG00000167524	557	405	525	455	459	668	559	530	1018	534	412	573
ENSG00000208277	893	477	972	911	3221	3170	4057	3761	1696	1022	1908	942
ENSG00000146269	662	817	691	358	1008	844	556	478	366	838	515	447
ENSG00000130672	15582	17724	24500	25687	17895	28795	24900	20282	15631	9819	14580	9239
ENSG00000192139	0	2	1	1	2	2	3	3	4	2	5	1
ENSG00000160325	46	137	76	67	74	77	57	90	74	59	99	63
ENSG00000178258	303	224	260	231	240	255	222	231	311	312	523	227
ENSG00000229481	973	377	595	647	997	552	672	510	582	667	473	591
ENSG00000123023	148	116	202	230	155	87	172	96	112	135	94	160
ENSG00000196380	167	238	163	349	263	189	238	181	169	200	151	174
ENSG00000214302	1972	901	959	603	1752	978	777	811	668	1275	1873	1538
ENSG00000247231	1095	1281	1874	1481	2370	1762	2771	2099	1251	1444	1687	1312
ENSG00000201375	74	37	69	56	62	110	56	66	88	30	49	106
ENSG00000178140	2383	2086	1984	2250	18570	9347	4914	7573	5693	7389	5645	6187
ENSG00000177724	117	174	362	136	198	288	187	348	256	138	187	249
ENSG00000124531	298	292	442	427	201	311	330	468	553	300	432	490
ENSG00000223764	9493	23161	9370	23646	13857	17936	28180	10499	23726	18495	29700	9872
ENSG00000126599	2996	5207	4416	4409	6486	5224	7358	5021	4408	4064	8588	3285
ENSG00000207345	1	7	7	9	3	6	6	4	9	5	0	1
ENSG00000143228	1836	1090	866	1343	4471	5023	5383	5698	2788	2943	4301	2897
ENSG00000188870	1280	2163	1785	1808	1670	1762	2477	1579	2758	1168	1755	1637
ENSG00000223037	433	297	629	407	487	586	266	459	257	661	455	485
ENSG00000217555	60	34	39	50	61	66	63	102	33	53	96	92
ENSG00000183383	4490	4851	3175	5333	6361	6682	5859	3911	4879	5617	4445	6457
ENSG00000156390	103	76	76	50	82	87	134	118	49	60	78	55
ENSG00000106139	326	224	132	111	259	280	243	181	154	164	160	162
ENSG00000131298	61	45	55	70	65	51	34	47	58	38	46	86
ENSG00000144556	137	113	69	160	124	196	101	201	156	152	191	207
ENSG00000244503	7	13	23	3	17	7	5	8	7	14	8	9
ENSG00000101646	2784	1379	2102	1424	3830	2657	2983	1967	1494	1643	2902	2396
ENSG00000122282	75	61	84	42	44	69	60	48	47	41	63	78
ENSG00000111221	305	288	201	222	197	269	286	210	159	330	235	150
ENSG00000133330	150	94	92	120	60	41	80	77	142	66	130	56
ENSG00000186631	3079	2950	5822	3292	3467	3795	4453	4743	5399	5305	7317	3256
ENSG00000167965	18067	12338	14808	11624	9799	14704	16925	9445	14004	8205	8556	13464
ENSG00000246429	470	732	545	634	573	587	368	624	669	453	566	994
ENSG00000202091	426	223	195	287	236	505	257	265	199	191	321	361
ENSG00000192230	304	280	133	477	279	701	387	355	263	462	375	300
ENSG00000231928	30	11	21	17	97	153	56	133	91	61	51	82
ENSG00000154303	18	23	26	38	17	43	33	17	15	41	37	38
ENSG00000212009	37	57	57	105	71	40	70	63	48	36	95	66
ENSG00000130379	172	226	324	290	151	173	201	215	259	274	229	273
ENSG00000223144	75	46	51	46	47	101	38	60	36	41	40	34
ENSG00000238414	153	108	86	95	117	111	103	154	73	108	92	178
ENSG00000173364	154	155	151	147	104	173	218	158	160	406	323	263
ENSG00000139334	454	534	543	742	550	547	716	625	324	549	825	459
ENSG00000145262	253	336	189	224	135	310	272	323	136	251	181	267
ENSG00000155225	36	37	35	55	29	45	74	21	34	35	50	37
ENSG00000218182	201	143	180	213	106	191	86	186	150	242	219	85
ENSG00000180596	20	15	5	10	16	10	5	10	5	5	5	6
ENSG00000181974	1103	1764	1675	2120	2090	1865	1522	1373	1579	1139	1791	1067
ENSG00000141151	830	807	714	1100	479	669	1262	746	1077	802	849	644
ENSG00000116169	590	393	788	511	301	266	355	362	344	344	696	649
ENSG00000195749	4	2	1	1	7	5	3	4	1	10	5	3
ENSG00000138549	76	34	121	53	107	115	138	96	98	60	55	129
ENSG00000177533	238	270	323	157	177	294	150	155	199	183	158	323
ENSG00000171270	110	57	46	57	79	78	12	84	114	77	43	39
ENSG00000183487	668	457	417	345	455	644	653	567	554	608	712	880
ENSG00000111165	8	7	11	15	22	13	19	12	26	14	25	36
ENSG00000166354	319	377	228	616	375	636	432	510	427	586	640	687
ENSG00000161334	597	1301	2148	1375	1377	1989	1042	2500	1262	1600	1269	1174
ENSG00000162700	42	83	31	92	342	271	152	149	111	125	141	69
ENSG00000196126	58	73	50	33	36	47	37	37	28	81	68	60
ENSG00000149189	6	24	22	16	18	13	20	16	6	10	11	11
ENSG00000245786	421	324	442	286	231	690	394	573	353	574	419	314
ENSG00000191603	93	101	95	106	131	68	87	79	184	118	41	114
ENSG00000208288	117	157	111	167	85	121	102	93	128	137	159	208
ENSG00000191016	44	46	39	40	31	52	39	62	72	23	15	53
ENSG00000158319	504	504	610	589	387	349	553	420	579	352	559	388
ENSG00000129809	197	69	157	219	167	216	177	177	102	106	115	166
ENSG00000110058	107	128	72	55	52	123	185	109	60	50	130	76
ENSG00000102488	48	45	117	35	52	71	79	114	57	26	118	102
ENSG00000189670	278	271	287	400	197	318	152	385	327	335	405	389
ENSG00000246222	64	92	116	80	57	62	78	99	89	98	83	55
ENSG00000247827	59	25	33	54	41	54	35	38	44	26	64	45
ENSG00000199809	34	87	60	82	78	47	51	18	75	67	69	78
ENSG00000248245	48	73	30	35	59	61	62	80	77	92	47	24
ENSG00000208659	11	6	8	10	16	10	31	19	27	9	22	9
ENSG00000162801	6408	4204	5190	4701	3731	7445	5960	2893	4541	4758	5337	4601
ENSG00000127241	3190	3840	3462	2973	3631	2613	4441	4070	2763	4220	1649	3753
ENSG00000179694	6	6	4	2	10	3	5	8	2	14	3	3
ENSG00000112153	35	39	55	26	124	191	147	137	71	57	57	80
ENSG00000224948	22	34	16	18	28	19	22	18	21	34	21	27
ENSG00000153812	2292	2443	5813	2697	2902	3553	3669	4042	3941	4919	4932	3118
ENSG00000156237	41	41	51	53	38	62	38	37	63	44	61	64
ENSG00000208812	359	237	272	313	259	388	266	305	265	453	412	412
ENSG00000120012	42	56	61	29	47	26	20	31	41	43	22	31
ENSG00000143108	84	101	30	50	98	90	66	94	84	61	103	30
ENSG00000214067	983	900	502	664	1034	1080	756	1224	860	1205	848	756
ENSG00000115602	14344	15006	17806	11568	8115	6082	10848	20663	7704	11624	8796	24427
ENSG00000211361	119	202	251	169	223	154	177	233	210	293	305	214
ENSG00000193320	1721	1778	3342	2639	1777	2956	2486	1891	1442	2019	3557	3978
ENSG00000180391	2844	5961	2862	4502	3947	4300	3181	2169	6025	5000	2370	3848
ENSG00000138405	2466	2216	1962	3694	2275	1690	1732	1546	2443	1370	2868	2201
ENSG00000105482	2022	3473	3227	2125	2818	3125	1510	1693	2419	3349	1491	2939
ENSG00000102258	26	49	45	63	134	146	150	218	113	73	53	135
ENSG00000219560	2040	1798	1072	2110	1908	2226	2285	1521	881	1371	1032	1908
ENSG00000189885	219	377	237	438	363	277	220	326	246	164	275	295
ENSG00000191172	2	6	7	4	7	0	5	4	4	5	4	0
ENSG00000162864	479	470	593	618	465	245	333	670	651	421	1024	480
ENSG00000195047	235	214	167	188	306	205	201	212	90	351	253	255
ENSG00000110346	28	24	40	26	44	15	79	47	36	38	14	54
ENSG00000160648	1058	664	801	1042	714	643	416	713	1080	545	648	661
ENSG00000225933	26	40	55	14	48	32	47	34	44	17	26	39
ENSG00000145310	60	56	136	49	333	222	277	257	168	172	148	210
ENSG00000187730	61	99	78	43	81	40	68	106	122	52	53	58
ENSG00000125600	2611	3786	3074	2519	1480	2470	3752	3803	1760	2270	4968	3277
ENSG00000171224	58	73	64	49	48	43	33	67	44	28	28	25
ENSG00000194997	6615	5665	2685	5906	23335	42345	29975	29679	8324	15588	12590	6921
ENSG00000111136	478	716	278	577	420	745	521	625	428	482	1156	560
ENSG00000249577	3174	2945	2351	1439	2535	4220	3776	3969	2442	1860	3642	2534
ENSG00000205118	406	297	288	209	235	516	199	224	223	267	337	219
ENSG00000135276	114	243	279	133	294	104	332	297	193	163	418	174
ENSG00000148607	237	201	352	512	183	261	167	335	349	371	232	480
ENSG00000139982	1509	1345	643	596	596	1575	590	1530	1353	1125	1094	1289
ENSG00000150096	454	469	332	282	274	366	650	185	278	592	356	614
ENSG00000246527	1113	1397	1105	418	875	1354	1953	842	962	689	1011	1605
ENSG00000119931	13	39	26	13	21	36	16	12	15	12	9	27
ENSG00000170720	2209	2009	2374	1194	1600	1824	2060	1846	1105	1762	2128	1293
ENSG00000208609	2647	4145	4094	5010	4195	8815	3992	3432	3457	3717	3355	3264
ENSG00000196039	834	548	1541	851	778	800	631	1060	977	871	669	890
ENSG00000230700	848	319	582	1718	970	785	411	1009	357	887	990	584
ENSG00000238187	637	693	565	347	397	568	477	505	581	1068	372	563
ENSG00000191086	65	90	43	108	77	63	116	80	50	49	78	111
ENSG00000194911	33	22	22	29	16	19	31	29	20	22	16	23
ENSG00000125129	127	118	196	101	225	170	135	167	127	208	294	181
ENSG00000236829	203	174	259	242	179	182	220	289	322	385	238	279
ENSG00000110732	178	139	106	101	155	106	156	88	157	270	98	141
ENSG00000139301	735	642	396	426	522	369	440	360	226	609	599	559
ENSG00000113190	30	63	49	48	207	214	241	226	100	130	193	123
ENSG00000133216	162	177	102	111	155	131	155	91	211	123	128	325
ENSG00000121344	21	20	13	34	28	26	43	28	14	14	25	23
ENSG00000222031	7	13	31	19	20	31	25	20	31	38	13	9
ENSG00000129746	3069	2911	2962	4426	2935	2295	5481	2801	1996	3426	3174	5418
ENSG00000121638	127	328	250	246	286	265	380	682	347	589	159	283
ENSG00000154176	151	161	112	135	129	103	82	108	208	193	93	96
ENSG00000180302	22	36	31	22	16	17	10	28	30	7	27	20
ENSG00000153533	536	485	667	461	348	626	309	452	449	386	211	246
ENSG00000135908	9144	10885	3822	6181	20101	18146	23963	32917	14547	15624	26870	21640
ENSG00000131987	33	63	64	46	35	50	35	53	63	34	40	43
ENSG00000184304	95	100	107	64	64	102	105	72	88	89	70	135
ENSG00000248719	506	327	613	486	550	494	305	505	482	428	198	377
ENSG00000150742	28	43	23	19	19	38	18	27	5	19	49	24
ENSG00000134980	1	3	2	6	2	4	1	0	6	3	3	2
ENSG00000117241	726	385	747	909	636	723	657	957	767	490	503	714
ENSG00000216382	114	102	95	97	113	105	72	156	127	153	112	94
ENSG00000130650	1933	776	1815	1635	1345	1589	1502	1275	1139	1680	1420	1947
ENSG00000103701	590	1116	1488	763	1526	1387	1650	1193	580	773	711	1106
ENSG00000224231	247	241	207	158	198	219	222	252	360	178	238	143
ENSG00000225990	20	8	10	11	8	10	15	16	6	4	9	13
ENSG00000204787	948	3446	1708	1876	2263	1166	766	1937	1317	1183	2515	2326
ENSG00000169600	588	642	550	277	628	698	409	727	564	381	332	663
ENSG00000107340	150	346	406	331	305	298	295	155	408	337	206	214
ENSG00000125844	180	240	227	139	161	206	438	250	96	494	217	175
ENSG00000111853	155	182	208	193	155	195	343	97	190	403	236	198
ENSG00000102526	738	677	782	310	2172	5016	2097	1325	879	1157	774	1172
ENSG00000167000	14	27	26	16	130	75	129	72	21	30	33	23
ENSG00000204800	275	177	237	220	414	136	253	235	134	161	222	239
ENSG00000196124	29	21	32	28	25	9	33	26	22	22	25	20
ENSG00000212825	34	49	13	29	33	17	24	23	37	33	27	48
ENSG00000202783	143	128	220	269	151	95	257	117	204	191	85	150
ENSG00000126479	56	110	52	29	47	41	73	41	31	46	67	61
ENSG00000110595	297	255	205	182	323	207	287	294	193	185	110	202
ENSG00000127613	254	162	169	150	248	135	193	48	209	92	153	113
ENSG00000127876	19	49	36	61	84	43	39	27	46	56	50	53
ENSG00000241062	843	395	557	700	875	585	435	610	391	787	948	348
ENSG00000122101	648	380	439	631	324	303	339	464	739	489	261	409
ENSG00000150262	43	107	27	89	80	90	69	145	100	114	58	105
ENSG00000101039	36	27	27	54	27	31	28	43	34	37	28	40
ENSG00000157250	3889	4644	3336	3041	1251	6079	3403	3610	3182	4461	3102	2606
ENSG00000159829	8	11	15	4	5	13	16	10	16	4	12	9
ENSG00000197031	423	223	825	352	769	491	319	627	389	488	309	399
ENSG00000219235	37	52	27	33	43	88	87	49	23	32	34	33
ENSG00000241598	650	760	528	868	1847	3429	4531	4696	2203	1376	1580	1700
ENSG00000195635	98	115	151	69	87	115	138	115	109	124	80	161
ENSG00000219727	8919	9124	10657	2726	4273	7894	4933	6131	6182	4610	3625	8178
ENSG00000121201	242	321	356	303	307	246	347	385	485	257	166	276
ENSG00000138837	97	38	63	80	41	94	81	90	115	86	100	172
ENSG00000102941	42	44	57	43	54	33	41	27	49	34	37	48
ENSG00000201606	691	278	655	605	506	565	609	424	454	420	261	405
ENSG00000238968	105	46	166	148	219	143	86	185	85	206	189	286
ENSG00000192740	8	8	12	8	5	13	6	9	9	1	5	4
ENSG00000222866	14	12	13	16	12	10	13	8	18	11	3	9
ENSG00000104636	1	6	6	4	2	7	1	7	5	4	2	6
ENSG00000225699	5174	3063	5444	4337	3379	3194	3179	3794	6092	3258	3114	4028
ENSG00000185382	1647	2922	4624	2258	1718	3157	2999	3448	1680	3248	2048	2480
ENSG00000166312	53	91	111	122	120	133	90	96	164	133	123	127
ENSG00000196364	1468	1515	2347	1875	987	1804	2349	1659	1376	3179	974	1536
ENSG00000196614	42	77	113	163	63	83	104	152	110	73	82	73
ENSG00000243297	103	73	187	104	473	432	329	290	133	170	208	336
ENSG00000123624	146	112	128	79	227	80	63	102	78	97	122	121
ENSG00000178694	663	919	526	789	623	415	451	322	524	450	953	561
ENSG00000246123	48	30	39	67	29	27	65	35	42	28	33	55
ENSG00000200129	448	404	459	284	1680	1094	355	1453	980	618	769	608
ENSG00000240121	151	86	175	116	164	167	124	93	130	125	156	191
ENSG00000190493	4	8	4	0	10	1	4	0	0	6	5	0
ENSG00000144852	4	9	7	14	10	21	12	3	9	2	8	12
ENSG00000163888	526	1004	420	628	590	982	461	631	567	488	387	528
ENSG00000135423	37	180	101	99	220	136	127	193	68	102	70	113
ENSG00000102886	79	75	85	50	64	42	64	30	61	78	69	54
ENSG00000120291	96	159	79	123	129	122	151	86	115	88	170	114
ENSG00000179406	57	67	97	77	81	93	75	69	94	94	77	76
ENSG00000214205	172	211	132	120	136	162	194	124	105	99	113	121
ENSG00000157352	909	687	372	917	620	788	956	703	1258	828	769	1069
ENSG00000225743	65	60	74	80	29	61	65	95	40	37	54	54
ENSG00000168549	284	189	332	372	220	276	371	223	366	262	264	157
ENSG00000197384	1078	998	1329	1272	1390	945	1078	1707	1855	1457	982	1216
ENSG00000128405	223	190	307	142	284	306	185	219	345	260	346	147
ENSG00000121461	1	1	3	3	3	2	3	0	2	4	2	4
ENSG00000121685	2027	1746	1590	1343	1191	2660	1362	1769	2958	1627	2428	2942
ENSG00000143919	28	15	17	14	7	4	10	20	21	31	19	18
ENSG00000215500	41	63	52	67	32	32	73	70	53	60	58	52
ENSG00000225156	537	547	538	674	543	483	531	445	284	453	466	784
ENSG00000139909	4177	3297	7672	5674	3941	7090	2821	8082	6790	6728	4437	8803
ENSG00000155324	402	829	476	503	513	662	497	826	527	769	690	527
ENSG00000136055	225	146	205	227	156	227	130	278	181	129	252	208
ENSG00000127452	133	117	40	81	64	63	58	49	85	38	74	99
ENSG00000239155	67	44	37	68	48	48	36	31	49	27	46	55
ENSG00000236777	20	19	27	21	10	27	22	15	34	22	26	23
ENSG00000160332	521	712	795	631	362	468	1021	528	674	890	753	779
ENSG00000142790	135	167	163	86	181	148	181	168	119	150	175	113
ENSG00000248686	127	245	239	110	186	161	146	193	232	153	135	216
ENSG00000101053	23	13	3	13	6	13	10	18	8	8	7	7
ENSG00000202236	212	278	264	152	293	262	123	355	205	192	404	484
ENSG00000152847	2	4	5	10	5	5	9	3	8	8	4	10
ENSG00000170096	197	220	447	272	184	433	379	423	236	196	305	497
ENSG00000188887	4400	6391	4807	8442	3971	5486	5827	5014	5670	7869	9142	5904
ENSG00000194299	19	23	27	36	13	38	17	15	13	24	21	37
ENSG00000232401	1	17	15	11	13	17	16	13	6	21	12	8
ENSG00000160452	2246	2970	1726	2059	2028	2224	1091	1726	1653	2509	1788	1734
ENSG00000186448	44	34	97	71	225	234	237	193	59	80	126	89
ENSG00000146053	2165	2167	2449	1952	1347	1275	1504	1084	2710	1951	2003	2365
ENSG00000216517	7	9	14	8	12	9	9	9	8	11	13	8
ENSG00000213459	437	285	286	379	185	186	293	228	269	172	427	258
ENSG00000170734	583	1490	611	773	445	1094	1180	1375	1086	673	647	953
ENSG00000141226	320	522	249	161	408	459	255	318	311	175	213	233
ENSG00000135392	13	10	20	17	17	7	17	30	20	20	25	15
ENSG00000177459	2	0	1	1	0	0	2	1	1	2	0	1
ENSG00000230897	111	152	149	74	170	61	115	126	144	91	154	92
ENSG00000154932	44	27	43	35	28	28	41	69	17	42	45	25
ENSG00000140309	155	182	154	224	237	174	275	155	254	156	222	274
ENSG00000215663	2230	6028	6277	6363	2075	4077	4912	6809	2622	3828	3300	1931
ENSG00000216572	3	6	6	8	7	7	1	13	5	7	11	10
ENSG00000195053	73	65	110	101	81	33	68	70	52	92	21	84
ENSG00000114899	749	854	607	591	682	492	578	599	478	664	760	588
ENSG00000205597	11610	15296	7538	8514	10734	7753	9569	6495	6778	12889	5724	5400
ENSG00000168737	69	177	262	259	183	200	163	262	102	187	137	237
ENSG00000120260	2745	890	1961	1605	1178	2239	1247	1844	1284	1483	1470	1129
ENSG00000230090	22	28	16	60	29	32	22	16	36	33	23	17
ENSG00000216080	187	165	190	223	426	664	471	499	468	369	317	334
ENSG00000200487	219	145	329	100	200	127	178	68	136	146	72	189
ENSG00000140314	713	609	564	325	1409	2085	1179	2712	1462	1762	837	924
ENSG00000153235	111	135	92	131	83	138	142	142	144	177	140	145
ENSG00000213151	128	220	88	97	157	96	161	44	79	112	180	140
ENSG00000166922	1616	1019	1415	877	1008	882	2056	1003	1683	717	1733	1210
ENSG00000187371	80	74	142	155	170	260	155	207	245	91	190	196
ENSG00000118433	91	145	168	170	73	128	144	108	122	133	140	154
ENSG00000152326	228	306	294	168	259	272	412	285	248	187	212	146
ENSG00000160906	118	140	116	63	62	78	125	104	136	170	122	91
ENSG00000233392	1498	901	1202	873	1350	580	1091	654	1794	1418	2003	701
ENSG00000187830	520	633	633	565	342	577	602	318	638	501	507	778
ENSG00000189644	13	16	42	35	21	33	28	42	13	16	34	37
ENSG00000125375	156	263	238	260	853	950	906	712	441	148	358	357
ENSG00000217698	9	3	8	1	8	6	7	9	5	6	4	9
ENSG00000146253	22	21	29	19	17	47	30	33	33	23	28	15
ENSG00000131554	159	139	205	212	181	86	314	136	232	126	75	208
ENSG00000231952	1752	1670	2323	2016	6302	6261	6792	16333	2575	3389	4359	3664
ENSG00000232154	426	409	333	383	308	407	436	323	528	419	275	425
ENSG00000215247	1157	1446	1614	1446	1913	1438	1623	1237	762	622	2022	2136
ENSG00000150618	41	43	41	41	11	47	48	44	40	52	46	64
ENSG00000189843	1159	2457	1965	2832	1897	3760	3442	2225	2406	3781	3602	1569
ENSG00000218761	514	306	392	577	713	620	583	543	630	373	904	417
ENSG00000121539	50	30	28	41	27	72	66	71	45	41	79	54
ENSG00000189924	53	102	88	82	32	71	50	72	60	65	115	64
ENSG00000208738	107	125	89	180	188	170	121	95	91	85	201	26
ENSG00000238961	10	14	8	9	10	4	14	11	10	9	6	18
ENSG00000237114	5	2	4	8	8	3	15	6	11	16	9	11
ENSG00000216853	28	30	25	24	20	32	30	38	34	25	19	20
ENSG00000207552	198	162	481	362	200	165	260	370	210	235	145	309
ENSG00000160127	109	75	199	101	109	98	85	39	87	127	154	197
ENSG00000106757	2889	4918	3790	7783	14428	25199	23093	15346	9317	11060	19354	16125
ENSG00000160407	1306	1052	873	1085	1223	979	1244	1518	1706	851	1307	988
ENSG00000159894	71	71	51	104	79	67	59	70	87	83	85	61
ENSG00000234543	1630	1645	2099	1626	4874	3847	7310	12775	1633	1659	5595	3737
ENSG00000133795	67	130	73	56	68	80	40	54	97	67	76	111
ENSG00000125183	113	107	63	102	89	80	95	93	132	122	78	108
ENSG00000159332	434	608	361	717	437	571	737	1061	539	883	479	1210
ENSG00000128948	18459	38401	23755	12410	16529	34569	32196	15428	26676	40655	22506	13242
ENSG00000120425	108	83	106	118	154	182	76	150	72	97	79	97
ENSG00000148717	6039	4343	11473	14690	10108	7891	7667	9436	8937	8297	4814	5977
ENSG00000187452	91	99	224	183	143	175	99	147	113	120	128	200
ENSG00000135271	1770	1079	1699	1139	1638	1283	1536	2139	1666	1690	1465	2079
ENSG00000171479	3291	2058	2912	2059	2523	2197	2421	1659	2026	1514	2264	2474
ENSG00000131421	783	838	721	499	373	814	635	663	613	399	833	601
ENSG00000100600	676	614	795	547	748	694	854	714	942	1061	415	1030
ENSG00000106340	103	151	140	169	145	196	123	167	171	69	114	119
ENSG00000169158	9	5	7	2	13	3	7	11	4	6	7	8
ENSG00000244869	237	237	238	276	152	250	280	243	118	212	124	194
ENSG00000208851	252	168	224	327	93	134	119	121	247	151	323	340
ENSG00000141906	9915	6579	5869	6682	7929	6990	7647	6356	9127	8957	7090	12647
ENSG00000126352	287	336	228	355	239	151	299	259	140	313	153	365
ENSG00000174564	303	389	848	618	1861	1687	1845	1228	632	435	1337	731
ENSG00000149161	956	639	860	648	426	880	590	1353	329	447	675	500
ENSG00000116354	27	50	40	57	30	71	63	32	58	28	26	79
ENSG00000167303	206	196	343	244	1128	1903	1999	1421	315	467	553	608
ENSG00000148795	2318	1173	767	1585	2269	1245	862	2462	1329	1421	2611	1470
ENSG00000102357	175	160	114	120	481	564	700	572	407	413	481	572
ENSG00000154086	21	19	15	34	32	7	26	18	13	24	19	6
ENSG00000241713	163	382	211	170	279	288	182	319	262	169	138	234
ENSG00000174461	1591	1340	1093	1644	1659	1130	654	1510	1300	1335	2268	1006
ENSG00000177679	101	239	263	159	161	65	113	114	153	251	195	117
ENSG00000221346	115	50	81	39	71	107	76	67	83	88	40	56
ENSG00000163731	1051	691	761	1028	479	1425	1507	434	737	736	1047	1083
ENSG00000202693	4	6	2	9	9	8	22	13	9	4	7	4
ENSG00000208441	271	278	260	188	141	263	250	244	183	196	356	137
ENSG00000216747	132	132	143	194	188	259	160	164	127	225	92	147
ENSG00000128473	22	52	65	56	30	36	26	43	28	51	26	36
ENSG00000178278	225	173	99	271	229	117	127	178	106	153	274	138
ENSG00000247465	1906	1707	1241	754	1951	1691	1473	1087	1351	1569	1148	1241
ENSG00000142068	1618	796	969	1688	1019	705	697	948	1000	792	787	1296
ENSG00000215392	244	220	161	282	479	242	416	261	331	365	300	259
ENSG00000158580	1383	2018	1470	1926	1482	2510	1443	1152	1147	1784	496	1274
ENSG00000163964	584	1242	291	503	422	478	680	386	583	616	621	490
ENSG00000188661	11	12	17	15	9	29	20	7	17	10	20	17
ENSG00000113156	1581	1893	2693	1280	1047	1439	1403	1065	886	1040	1637	1980
ENSG00000164549	186	116	113	107	160	174	188	199	272	102	101	241
ENSG00000229106	212	208	425	203	1100	842	1192	576	362	530	448	308
ENSG00000142294	131	188	354	242	267	132	241	408	261	356	210	225
ENSG00000244241	1105	2908	4482	2142	2495	3651	3091	1375	5300	2595	2177	2257
ENSG00000146952	78	149	63	67	53	55	66	112	69	41	97	89
ENSG00000200074	310	598	774	603	578	531	401	478	841	553	782	656
ENSG00000244153	126	109	232	205	199	172	253	196	179	137	124	108
ENSG00000185118	47	85	72	58	72	99	69	37	40	89	32	59
ENSG00000224881	8	8	7	11	24	35	23	40	20	18	9	15
ENSG00000115707	688	461	593	1035	2626	3816	2505	3570	1864	1325	957	1581
ENSG00000173187	84	47	49	46	64	76	75	85	86	44	36	79
ENSG00000136041	97	107	113	84	50	128	64	92	63	95	61	138
ENSG00000229905	215	169	218	150	166	176	119	71	109	157	193	155
ENSG00000163048	30	56	85	86	339	211	163	107	55	148	122	60
ENSG00000225904	2	11	6	8	7	4	6	8	3	5	7	1
ENSG00000120438	3182	7960	3454	4443	4831	8444	3723	2945	2475	4901	7525	4599
ENSG00000178629	548	961	462	772	633	690	813	513	439	714	352	764
ENSG00000174119	423	1055	1337	550	542	677	874	645	756	515	1020	697
ENSG00000195563	302	238	203	477	241	315	244	324	223	240	233	281
ENSG00000217774	156	111	155	149	262	236	88	105	181	137	166	178
ENSG00000175199	342	208	348	207	377	288	360	392	322	371	432	346
ENSG00000169226	352	408	187	424	2246	1237	1423	1345	865	1102	825	808
ENSG00000235333	612	537	460	593	423	535	258	539	479	374	317	228
ENSG00000183016	6723	3604	4561	6944	5572	5197	2670	4412	9248	5086	3957	6290
ENSG00000101787	18	32	44	18	11	22	15	14	27	21	11	34
ENSG00000127591	9	15	14	13	8	8	7	8	12	23	10	12
ENSG00000162573	46	109	78	60	84	48	67	86	53	62	62	46
ENSG00000103656	373	455	317	383	468	760	737	594	783	525	921	686
ENSG00000148122	347	178	290	240	304	304	495	223	242	273	395	191
ENSG00000169839	5	5	2	4	4	12	3	4	1	6	3	5
ENSG00000162155	820	622	586	354	507	577	423	404	593	602	592	748
ENSG00000104361	2984	3846	2449	3378	3726	4550	3026	3839	2295	6421	2904	4355
ENSG00000127356	62	97	49	184	70	81	62	73	59	119	138	132
ENSG00000114704	755	673	666	952	497	717	779	1160	515	710	693	1075
ENSG00000201841	407	335	325	160	166	246	165	147	224	349	188	202
ENSG00000168448	38	39	35	36	42	32	21	43	53	32	56	48
ENSG00000149587	1681	2352	2817	1985	2157	2120	1091	1452	2065	1578	1607	1237
ENSG00000212902	211	163	113	183	202	167	202	167	117	163	190	285
ENSG00000139370	5	18	10	17	10	17	11	8	20	12	11	18
ENSG00000187703	735	1187	984	607	647	525	1005	1399	1476	1162	1421	970
ENSG00000200687	2	1	1	6	0	0	2	4	2	2	0	2
ENSG00000130368	14132	12494	7593	6823	7520	3306	6045	5871	5880	9156	3816	8787
ENSG00000112298	4	2	1	0	4	0	2	0	0	1	2	2
ENSG00000159834	25	33	25	51	35	29	40	39	23	54	38	25
ENSG00000233287	1	2	2	2	2	3	3	3	2	5	7	3
ENSG00000193248	496	383	237	299	506	867	509	412	511	322	378	243
ENSG00000122158	2284	1796	1302	2622	3314	1899	3733	1872	3020	1618	2299	3532
ENSG00000179703	11	9	7	16	8	8	18	9	7	5	8	4
ENSG00000209136	417	293	247	383	396	524	396	481	245	402	453	299
ENSG00000182658	10	8	13	7	16	16	11	10	8	13	4	13
ENSG00000120712	5	10	6	10	3	4	2	2	7	8	2	3
ENSG00000103766	117	292	117	162	179	216	176	186	245	200	248	204
ENSG00000142710	1462	1500	1592	921	3864	5447	4214	8030	3488	3833	2400	2127
ENSG00000127089	173	129	138	174	103	178	104	120	247	133	153	157
ENSG00000108177	216	98	189	128	137	65	188	197	113	140	201	111
ENSG00000106642	888	968	802	905	775	816	1013	1080	670	533	1426	1327
ENSG00000126411	222	430	284	239	272	175	306	255	182	334	261	274
ENSG00000245017	1009	464	610	857	1176	716	693	714	1016	802	704	769
ENSG00000109149	796	572	1515	1285	638	447	1358	1129	685	566	937	633
ENSG00000161347	626	666	239	215	554	121	253	366	305	323	429	300
ENSG00000139576	531	338	682	511	554	689	577	503	454	421	230	709
ENSG00000147619	595	533	735	414	771	1034	793	1024	518	438	929	534
ENSG00000243418	144	230	93	87	338	936	747	395	307	348	235	115
ENSG00000126843	37	113	73	81	99	152	75	94	126	85	70	52
ENSG00000128100	36	54	27	27	30	53	26	52	74	52	46	53
ENSG00000222281	573	891	787	564	966	756	420	967	758	1115	1034	499
ENSG00000134338	53	70	37	86	53	52	45	55	52	69	24	73
ENSG00000164516	649	1299	2543	1487	1949	1073	998	2231	563	1237	1667	1621
ENSG00000135174	2430	1849	2536	1954	1825	2575	3015	1398	4228	1728	2412	2223
ENSG00000215443	116	164	234	126	196	275	136	155	180	198	238	119
ENSG00000221406	121	155	212	205	155	90	161	207	219	176	193	147
ENSG00000212645	2706	1561	3611	5924	2775	5276	5754	3574	3875	4481	3030	2759
ENSG00000192463	363	249	231	269	323	488	149	324	297	203	250	334
ENSG00000145275	8111	10649	11154	10598	4240	13182	6167	7084	12516	12665	15252	5879
ENSG00000207864	3	35	8	26	41	19	15	26	14	12	26	22
ENSG00000155988	11	13	11	11	11	11	14	11	15	11	8	12
ENSG00000233020	290	569	267	224	193	361	507	156	154	562	322	380
ENSG00000143411	166	307	298	335	180	305	193	172	292	359	181	275
ENSG00000201628	47	129	160	79	95	82	53	148	88	115	96	203
ENSG00000136544	11	13	9	15	4	15	5	2	15	11	2	6
ENSG00000244852	238	189	199	238	183	93	243	159	149	213	246	331
ENSG00000168270	90	74	58	103	85	126	79	106	111	90	51	114
ENSG00000236502	857	324	870	455	668	623	683	931	578	584	358	549
ENSG00000202066	367	166	267	263	336	267	521	396	323	479	432	220
ENSG00000226161	37	15	59	40	69	46	24	52	45	36	41	44
ENSG00000145706	93	115	142	126	85	43	107	50	71	55	64	59
ENSG00000115946	1016	1092	326	1002	949	809	1737	1157	203	1092	804	1312
ENSG00000208418	144	123	109	113	75	175	148	191	158	134	60	123
ENSG00000144579	36	51	42	64	75	39	35	78	49	22	46	21
ENSG00000187912	39	100	75	74	113	75	77	133	114	103	55	99
ENSG00000226051	3947	4059	7934	3084	5117	5545	8829	7235	3825	2890	7321	4025
ENSG00000188153	19862	16139	14199	7920	76008	95712	64543	35438	16410	24386	25369	29735
ENSG00000127983	346	693	554	665	801	642	370	382	495	461	677	481
ENSG00000234674	573	808	583	726	788	437	870	1372	604	476	768	776
ENSG00000140837	911	411	536	384	629	427	602	679	343	421	356	478
ENSG00000146167	240	263	480	296	622	130	233	398	357	273	339	344
ENSG00000148761	3	1	2	4	1	5	4	1	0	5	1	2
ENSG00000233545	13063	20766	15417	14728	9339	17223	29403	16350	18143	12739	28919	7847
ENSG00000185317	131	153	126	161	136	72	157	120	124	81	60	106
ENSG00000114517	257	1048	491	333	730	425	261	369	446	342	422	412
ENSG00000198132	394	657	656	364	668	655	516	380	615	611	527	308
ENSG00000121318	61	42	26	30	31	22	28	38	32	43	24	45
ENSG00000146749	4	5	8	8	9	5	14	10	11	20	6	20
ENSG00000140870	724	414	599	552	487	389	450	591	825	353	688	911
ENSG00000132063	319	168	371	140	335	288	524	244	445	308	243	216
ENSG00000112378	567	608	701	872	515	768	342	781	574	305	482	881
ENSG00000183212	2823	3351	5244	2946	4664	3077	5235	2356	7777	10773	4430	3836
ENSG00000149355	17	21	9	18	24	11	27	5	10	11	30	30
ENSG00000152639	58	36	34	18	42	76	27	28	32	45	72	36
ENSG00000179958	433	389	168	422	318	264	465	569	312	401	358	480
ENSG00000225769	934	1197	1836	911	2514	6469	7238	6805	2081	3348	2229	3165
ENSG00000248335	3137	2197	3172	3130	1688	2112	3377	1994	1252	2595	2795	2772
ENSG00000112753	44	30	50	51	60	37	34	27	51	45	43	50
ENSG00000188012	93	117	79	86	399	626	592	315	154	75	132	208
ENSG00000127926	98	87	70	85	76	67	55	104	53	109	135	38
ENSG00000159044	22	33	21	35	35	34	23	38	16	37	29	16
ENSG00000100142	341	496	448	458	301	152	324	328	632	196	543	563
ENSG00000166031	14	11	8	19	8	14	14	12	8	6	5	12
ENSG00000193968	608	640	904	962	540	520	492	556	615	473	863	476
ENSG00000159213	37	54	42	29	21	45	24	28	59	39	39	31
ENSG00000128830	9404	10761	6574	8430	5923	7324	7838	5443	5295	4795	4581	6195
ENSG00000140006	72	88	51	69	53	78	85	119	68	58	115	39
ENSG00000189896	1003	1330	988	911	1617	812	1485	1528	648	899	1104	784
ENSG00000109265	1446	1728	1434	1377	2181	2347	1933	1265	1996	2250	1060	1140
ENSG00000184764	65	78	59	120	38	78	85	55	65	48	146	93
ENSG00000162489	256	728	720	424	436	471	628	530	464	184	395	163
ENSG00000224200	266	423	485	414	1216	901	1636	1604	747	589	588	948
ENSG00000175356	51	56	57	21	30	40	31	40	59	28	47	68
ENSG00000135386	182	120	99	128	185	105	153	112	137	149	76	82
ENSG00000175268	13588	12261	13581	7724	9757	4213	13426	12869	10776	16194	14717	11700
ENSG00000182510	715	346	393	469	430	486	382	303	447	497	239	520
ENSG00000108852	1086	427	563	849	498	995	649	383	714	468	565	895
ENSG00000148653	3	4	4	4	8	8	8	4	6	1	8	2
ENSG00000222258	9	4	6	8	12	1	2	5	5	2	4	4
ENSG00000206843	276	1038	422	492	677	410	185	352	485	336	558	462
ENSG00000177843	121	46	142	59	102	61	59	58	71	106	67	120
ENSG00000113366	7	9	14	5	12	5	16	11	9	10	12	7
ENSG00000194763	43	58	22	31	30	36	20	9	18	41	30	32
ENSG00000208929	26	20	19	77	42	35	36	24	72	54	35	51
ENSG00000145619	4	2	6	6	2	3	3	3	0	4	3	4
ENSG00000188597	579	648	842	518	516	483	636	780	604	595	666	1029
ENSG00000173495	4	4	2	2	1	5	2	2	0	2	2	6
ENSG00000126973	8355	7198	5657	7847	51668	59538	44990	29982	17032	16410	8057	29318
ENSG00000211910	1	3	3	2	21	8	16	17	5	5	6	2
ENSG00000213116	25	33	24	46	16	45	26	22	40	24	17	35
ENSG00000210526	412	696	420	791	569	544	596	473	433	626	763	519
ENSG00000113481	293	326	117	150	1143	937	943	1201	729	651	452	597
ENSG00000123083	643	1085	688	1404	893	1052	1405	979	946	1256	805	1414
ENSG00000144496	73	26	34	36	25	33	57	42	66	28	34	11
ENSG00000207084	3	1	5	3	2	3	1	2	1	2	3	8
ENSG00000245673	857	1085	1094	1548	1013	1002	437	1106	963	1698	1059	1128
ENSG00000150948	45	26	37	46	47	44	32	41	45	44	33	57
ENSG00000156083	240	346	247	162	475	292	340	238	195	507	315	165
ENSG00000226513	4590	2390	1763	2533	3642	1697	2361	2324	2654	2789	2778	1105
ENSG00000156206	3797	2982	5005	2923	4588	4797	6643	2559	3102	4745	6722	4757
ENSG00000170281	4	6	1	1	2	0	1	2	5	4	1	6
ENSG00000215795	305	232	302	433	456	411	169	537	557	400	474	536
ENSG00000168259	5	8	11	11	6	5	2	5	9	11	4	6
ENSG00000232013	37	24	73	34	41	23	28	44	19	31	25	52
ENSG00000130195	37	9	40	13	11	12	19	15	22	14	21	17
ENSG00000249721	1434	2038	2818	2088	3733	5744	1263	2821	5116	1749	3717	2541
ENSG00000125659	284	254	160	145	148	114	314	209	293	309	240	130
ENSG00000243701	23	28	23	40	26	50	43	26	12	32	25	28
ENSG00000222467	1385	983	1248	878	519	969	1620	1265	814	998	829	1173
ENSG00000149105	30	24	34	14	35	57	76	72	73	86	102	39
ENSG00000203211	1849	5460	1677	1875	2906	2176	3539	1611	1351	2468	3745	1452
ENSG00000219098	63	86	46	52	35	78	68	27	55	71	75	54
ENSG00000185218	628	325	433	363	476	740	497	197	321	408	536	475
ENSG00000196887	2518	2392	2785	1939	5563	9019	7813	6253	2435	7270	5004	3939
ENSG00000238909	21	28	15	20	32	28	35	22	31	25	14	14
ENSG00000139253	1292	547	1156	778	669	626	648	1169	1364	721	1023	672
ENSG00000221125	573	500	356	1049	398	612	354	763	460	573	457	675
ENSG00000218494	276	449	580	425	206	440	589	649	240	537	354	492
ENSG00000112623	23	14	13	18	24	29	18	30	15	27	23	17
ENSG00000208788	673	268	436	211	280	339	157	385	339	411	414	348
ENSG00000192756	73	84	39	56	51	50	72	86	97	81	10	66
ENSG00000195409	393	403	420	324	713	823	551	396	534	654	1039	513
ENSG00000169031	1	2	5	7	3	5	7	11	5	5	8	2
ENSG00000208183	223	185	195	200	184	83	156	114	187	177	149	275
ENSG00000218199	83	26	40	37	21	24	46	36	49	19	36	32
ENSG00000179517	13	17	19	13	16	21	17	10	33	11	16	16
ENSG00000141326	1939	2703	4207	1809	2200	1950	3229	3096	2349	1606	2181	2271
ENSG00000209876	10	28	9	24	37	8	41	15	25	20	20	10
ENSG00000172344	27	69	41	67	81	71	44	80	52	21	47	73
ENSG00000120766	329	637	908	486	464	403	415	563	237	605	624	291
ENSG00000105113	30	27	20	29	33	24	30	32	52	28	21	22
ENSG00000239542	2359	3001	1350	1335	1315	1693	2120	1177	1764	2411	4059	2033
ENSG00000142299	21	32	30	21	18	12	28	56	10	16	21	29
ENSG00000190764	11	34	13	22	20	23	23	17	40	28	32	24
ENSG00000249384	65	80	70	39	85	87	41	79	62	55	79	62
ENSG00000220221	75	65	116	62	75	82	117	72	103	60	88	111
ENSG00000237818	3993	4933	6262	5366	3347	6566	4170	12256	5797	5070	6061	7414
ENSG00000193157	1001	2331	1225	659	1452	986	1464	979	855	1664	1153	2366
ENSG00000180081	90	78	96	147	69	95	52	150	95	74	145	63
ENSG00000194079	1603	1167	822	1304	1033	1461	973	1422	379	1036	1796	1003
ENSG00000216225	21	34	63	31	28	34	22	24	25	28	33	30
ENSG00000221300	370	522	366	503	512	383	341	455	651	489	451	492
ENSG00000233260	139	99	79	85	142	191	106	119	145	182	178	195
ENSG00000154157	35	63	46	78	23	63	48	61	58	33	76	74
ENSG00000154508	3210	1080	2247	2230	2090	2590	2637	1242	3213	2854	3096	3099
ENSG00000138409	248	475	472	282	243	279	591	289	575	546	502	397
ENSG00000204921	676	227	386	319	1132	1669	831	1084	648	543	698	648
ENSG00000105197	11	6	12	7	9	4	12	10	12	8	5	13
ENSG00000225345	85	147	210	129	231	83	105	71	157	234	135	171
ENSG00000221458	305	249	326	224	1598	1084	2211	1308	562	926	453	504
ENSG00000142922	3	1	2	2	1	3	2	0	0	2	4	1
ENSG00000220035	1146	1486	836	1061	1410	742	538	1064	1135	1078	937	1374
ENSG00000185923	189	167	98	103	109	165	172	89	163	99	87	128
ENSG00000241662	384	173	163	215	171	151	255	113	95	145	180	282
ENSG00000190647	20	14	23	35	18	20	32	20	14	11	23	27
ENSG00000141420	2	8	6	2	2	0	5	2	3	7	3	4
ENSG00000193085	110	96	55	44	55	55	82	69	83	75	56	60
ENSG00000195379	65	82	59	101	61	89	66	84	62	78	100	84
ENSG00000200288	49	70	86	114	110	117	134	68	118	90	94	119
ENSG00000185265	7971	5364	10263	12210	10033	7366	7410	7851	5045	9207	10602	5961
ENSG00000245266	124	81	85	131	130	182	93	75	102	77	140	140
ENSG00000191677	3910	6847	4963	9859	8002	8737	6434	5407	15230	10447	5995	6366
ENSG00000230677	97	37	50	30	52	32	73	76	58	96	51	48
ENSG00000211090	1724	1175	1390	1359	1157	979	1441	652	745	1274	1703	1002
ENSG00000117977	43	59	42	75	70	58	39	42	46	48	30	77
ENSG00000172502	128	107	111	75	133	39	111	120	57	82	124	119
ENSG00000235301	3506	9952	5004	3729	6330	7144	6485	3630	5455	5598	7257	4107
ENSG00000129550	806	772	687	545	968	612	762	776	365	429	680	565
ENSG00000215036	15	4	5	17	17	12	7	13	2	9	6	11
ENSG00000132149	566	1014	1550	1833	380	867	756	829	752	777	1013	1025
ENSG00000223342	1820	1744	964	1687	2070	1340	1386	1953	1649	903	1251	2198
ENSG00000210701	345	555	591	458	368	411	280	414	359	759	408	366
ENSG00000182883	66	31	43	63	27	65	38	24	40	29	41	11
ENSG00000121778	171	211	108	116	83	136	88	77	94	81	105	190
ENSG00000144372	343	624	380	517	684	646	585	529	679	580	210	466
ENSG00000162166	250	219	165	213	156	189	179	381	381	357	325	258
ENSG00000228761	206	184	153	319	564	618	751	641	313	219	343	450
ENSG00000134101	16	37	28	32	13	26	21	16	10	15	12	11
ENSG00000108178	3535	4847	4385	4521	4904	7087	4879	4499	2910	6839	4285	9526
ENSG00000103451	1185	854	1206	854	1702	466	815	652	970	1126	1262	541
ENSG00000245321	24	27	22	17	39	33	35	29	26	11	25	37
ENSG00000124750	11	12	18	7	7	7	11	10	5	12	4	13
ENSG00000162259	755	1019	1712	712	1628	857	1054	1366	1410	687	1077	788
ENSG00000219856	173	94	185	130	142	180	120	119	77	159	117	129
ENSG00000147199	2	3	3	2	3	2	3	1	4	0	0	2
ENSG00000130666	159	134	322	221	209	251	260	242	318	270	351	175
ENSG00000237966	273	320	203	185	1608	1154	943	1626	415	308	555	840
ENSG00000189681	34	36	36	35	46	43	17	34	51	47	25	31
ENSG00000205927	19	48	17	21	18	43	23	34	28	23	46	22
ENSG00000113609	1096	1113	1042	1164	1091	1300	804	814	1267	556	906	621
ENSG00000127357	15	30	17	23	15	21	11	16	12	18	12	15
ENSG00000171028	10	14	6	11	14	13	4	5	14	15	13	13
ENSG00000185940	2	3	2	1	12	13	18	15	13	5	4	1
ENSG00000191486	173	238	97	273	233	106	243	162	180	214	173	209
ENSG00000226459	2973	2360	2610	1973	1986	3523	1513	3679	2929	2194	1592	1838
ENSG00000164548	308	171	207	255	200	119	89	224	180	190	174	160
ENSG00000117882	6	5	5	8	10	9	6	11	6	9	8	11
ENSG00000185480	273	346	242	292	167	266	297	254	211	300	190	214
ENSG00000179071	728	413	922	858	1092	1358	779	1582	1645	1295	1023	1268
ENSG00000113683	55	67	63	50	31	55	35	80	34	63	63	44
ENSG00000186025	434	232	339	392	295	606	576	352	200	208	552	257
ENSG00000112775	92	210	95	170	165	123	113	100	135	91	107	104
ENSG00000145780	16761	14894	11162	19579	17545	13373	7682	10569	6404	14995	18033	12790
ENSG00000203783	21	26	10	29	24	24	58	33	29	35	40	32
ENSG00000137947	10	3	6	6	3	4	4	3	7	4	3	12
ENSG00000137671	136	69	101	135	60	71	217	114	44	96	117	137
ENSG00000246631	1631	1133	2777	2112	1283	2015	1455	1601	2331	1635	1618	2058
ENSG00000182108	128	123	117	290	189	98	210	265	349	202	474	175
ENSG00000120695	1184	1966	2446	1251	1408	1295	1633	1825	1056	2206	1834	2530
ENSG00000172356	419	265	383	267	249	454	285	283	377	316	264	459
ENSG00000197504	1458	1237	1563	1651	1277	2469	1766	2577	1854	2979	2661	2204
ENSG00000154544	126	107	71	135	643	608	396	348	229	227	249	159
ENSG00000228105	64	24	34	30	22	48	20	47	28	18	43	22
ENSG00000161926	38	22	22	13	22	47	45	31	25	11	56	21
ENSG00000209551	65	34	77	66	201	253	212	170	119	46	109	138
ENSG00000140295	162	230	306	328	292	241	299	430	254	259	290	493
ENSG00000212205	941	1664	1648	1043	938	1264	1297	1154	845	1155	1197	1343
ENSG00000113746	49	54	67	39	74	82	50	67	52	48	55	27
ENSG00000204080	3495	1328	2020	2826	675	1375	1135	2567	1249	2285	2110	1537
ENSG00000124747	48	34	57	68	87	72	74	77	37	55	53	24
ENSG00000212783	984	1030	1577	1117	2854	932	1241	1167	888	2235	1996	769
ENSG00000236010	44	45	32	37	37	25	36	61	87	74	36	36
ENSG00000106545	180	90	115	146	178	158	119	165	174	104	131	167
ENSG00000160953	740	865	610	372	731	1146	770	452	917	336	886	617
ENSG00000139784	150	91	132	62	86	114	188	109	121	123	112	93
ENSG00000104782	47886	78949	82037	40706	47556	89473	52373	78707	27481	74077	51275	55817
ENSG00000220181	366	288	431	485	423	413	417	396	561	380	378	474
ENSG00000148921	639	1369	1289	1367	1371	983	1106	788	888	853	842	1094
ENSG00000105766	18	17	28	30	19	22	35	15	19	22	31	27
ENSG00000165509	49	43	62	89	72	74	64	98	64	93	89	44
ENSG00000122019	2107	2863	3515	2180	1567	2837	2233	2032	1871	5109	2810	3467
ENSG00000232162	2346	1978	1331	2456	1312	2530	2074	1651	1846	2553	1497	1919
ENSG00000208928	500	444	413	295	440	612	554	397	596	284	543	430
ENSG00000149961	243	462	510	280	321	234	230	391	658	227	407	144
ENSG00000231244	49	36	88	76	59	71	31	30	64	75	45	93
ENSG00000168027	254	505	585	365	320	298	438	261	305	340	417	254
ENSG00000204519	76	36	51	64	41	51	51	34	42	54	59	92
ENSG00000150872	15	24	16	16	16	11	9	13	18	20	14	22
ENSG00000198409	137	214	141	132	123	126	224	133	121	89	172	109
ENSG00000143957	7166	6322	9615	4790	8709	1885	4595	4813	3402	8055	4116	5962
ENSG00000148013	139	186	152	123	98	100	157	89	141	130	117	82
ENSG00000242065	612	513	295	561	1695	2446	1952	1783	1928	856	770	1222
ENSG00000113231	49	32	22	23	95	69	120	147	78	98	49	80
ENSG00000138775	74	120	74	118	132	118	103	175	159	127	106	156
ENSG00000243742	1278	1795	3056	1726	1381	1837	926	2724	2608	2437	1257	2004
ENSG00000102716	451	212	307	288	331	452	331	483	306	411	288	322
ENSG00000142466	67	163	110	91	50	67	87	113	103	84	137	73
ENSG00000179808	1549	3502	3407	4138	2377	4554	3023	2299	3928	2301	2211	1938
ENSG00000139326	202	273	482	472	350	253	253	181	321	273	330	344
ENSG00000224669	2609	1197	1312	715	4864	2515	2578	3675	2514	3451	2131	2508
ENSG00000102010	11869	9185	14730	14194	27901	9368	15356	17953	23514	19332	22422	17437
ENSG00000200043	16050	14144	14873	24753	114557	77230	45102	62990	74305	28594	37447	30075
ENSG00000200724	9	26	14	9	18	21	33	6	37	49	28	9
ENSG00000119371	300	313	591	395	573	277	600	686	429	288	328	476
ENSG00000206768	16	23	32	25	30	21	27	41	19	21	49	31
ENSG00000145282	218	120	178	129	232	287	155	245	225	251	177	250
ENSG00000198444	278	301	297	391	584	498	485	403	390	356	667	326
ENSG00000176515	45	134	85	48	65	81	55	108	96	98	105	61
ENSG00000180395	1980	1374	5348	2650	3093	1931	3776	2409	6390	2279	1626	1808
ENSG00000136193	97	174	176	131	237	135	235	149	169	318	139	130
ENSG00000194115	1	5	9	10	2	5	4	2	6	4	6	5
ENSG00000143887	272	167	385	218	272	195	216	130	295	209	312	276
ENSG00000249724	33	22	5	16	12	14	7	16	22	23	25	7
ENSG00000128717	66	91	39	63	82	68	89	126	52	70	74	60
ENSG00000129641	26	34	15	34	30	36	23	21	46	45	69	30
ENSG00000199645	203	139	146	174	243	216	129	67	280	176	96	192
ENSG00000191621	8	5	4	3	16	21	37	15	16	10	12	11
ENSG00000165008	82	71	83	71	36	60	34	54	31	87	44	48
ENSG00000133460	276	189	228	466	262	323	346	208	175	271	268	203
ENSG00000140211	31	55	59	50	26	31	38	54	63	16	36	77
ENSG00000116377	4	4	7	4	10	7	7	2	1	3	1	3
ENSG00000218118	443	307	598	448	398	368	626	262	259	392	266	574
ENSG00000160330	152	105	79	96	198	96	70	99	147	110	143	155
ENSG00000240480	18	24	10	14	15	26	27	23	21	16	17	18
ENSG00000232519	18	17	10	8	8	12	18	9	12	12	5	16
ENSG00000193471	128	118	70	69	67	44	136	87	98	85	33	79
ENSG00000177053	549	622	584	486	1274	2234	2145	1352	1224	758	1217	929
ENSG00000244853	17	10	19	22	6	16	18	4	18	12	19	13
ENSG00000210611	108	33	52	63	91	63	103	29	112	40	71	72
ENSG00000173178	2948	2482	1587	3140	2404	4403	4089	3188	1550	2094	2410	3140
ENSG00000136573	170	188	99	82	201	95	132	80	101	120	115	289
ENSG00000133748	177	213	188	312	247	172	218	286	143	169	223	276
ENSG00000157833	160	140	202	155	200	254	111	148	163	179	124	108
ENSG00000147731	2638	2437	2292	3002	2941	1178	2158	1795	1536	2031	2019	3847
ENSG00000237692	25	20	25	36	25	24	67	32	12	14	18	28
ENSG00000115444	161	111	162	96	207	149	92	268	148	158	173	208
ENSG00000203811	285	142	313	336	110	233	252	178	127	109	216	206
ENSG00000207322	501	585	399	589	433	324	280	667	515	680	341	588
ENSG00000100083	156	45	178	97	164	112	123	82	149	92	84	163
ENSG00000126469	1	2	4	3	6	10	7	5	5	8	4	3
ENSG00000234883	38	27	19	25	18	18	34	25	17	20	13	36
ENSG00000246160	158	177	78	168	221	121	182	103	113	218	152	71
ENSG00000190703	2409	2607	3039	2756	2948	3503	2523	2278	1531	2548	2405	2391
ENSG00000240647	41	28	14	15	39	27	15	25	45	22	37	22
ENSG00000208743	1838	3101	3519	2978	3692	3458	1462	2415	4955	1035	2583	1914
ENSG00000132550	105	61	61	61	41	103	52	64	83	85	76	81
ENSG00000244195	590	494	748	831	457	295	607	575	454	853	358	605
ENSG00000130238	384	460	247	305	354	329	388	274	412	263	372	310
ENSG00000229067	22	17	7	21	10	22	11	30	27	32	12	24
ENSG00000200902	360	165	257	229	522	1595	1048	894	485	526	377	322
ENSG00000217075	83	60	58	95	30	46	75	30	49	78	62	59
ENSG00000247261	3180	1363	1788	1378	1596	2028	2128	2688	1667	2226	2604	2435
ENSG00000110846	3004	3133	2803	1454	1202	2186	2637	3037	2325	1764	2113	3196
ENSG00000108975	413	212	387	364	246	255	309	462	397	254	231	292
ENSG00000220995	216	199	150	201	311	190	150	310	356	188	294	344
ENSG00000138542	219	327	399	293	240	262	175	246	248	265	258	242
ENSG00000209001	2742	1424	1949	2920	2663	913	1727	3736	2776	1478	2682	2118
ENSG00000204025	329	380	141	400	170	201	165	267	326	214	254	311
ENSG00000240435	16	18	17	14	36	49	21	57	28	14	25	40
ENSG00000133808	248	501	421	497	309	291	315	285	548	261	194	453
ENSG00000180245	44310	62005	103173	45548	32907	60905	62251	48429	49967	60449	29929	61472
ENSG00000137749	35	14	19	22	20	27	27	20	12	9	18	23
ENSG00000209969	507	838	988	347	834	503	602	803	762	889	819	502
ENSG00000146929	194	341	229	223	298	106	178	313	251	229	182	101
ENSG00000103583	3685	4612	3582	2752	1675	2128	2628	3714	2347	2289	980	3317
ENSG00000196509	1441	1336	2893	2373	3518	2459	1543	2949	2784	2331	2330	1639
ENSG00000143110	112	126	103	125	456	290	387	369	255	112	178	115
ENSG00000149372	936	1153	1083	676	1465	895	1256	731	662	1008	2027	631
ENSG00000113751	12	19	13	12	16	18	12	36	33	8	20	14
ENSG00000240901	253	306	215	137	428	350	242	459	293	313	239	225
ENSG00000215374	6	9	10	9	6	8	4	14	15	5	5	11
ENSG00000162115	1238	1423	952	1202	1898	506	1147	1145	654	1567	1304	1497
ENSG00000127467	100	75	41	92	39	58	40	59	40	94	46	81
ENSG00000237632	427	323	356	473	1913	1690	2349	1256	1324	550	933	1077
ENSG00000123321	50	32	58	59	28	79	64	34	57	47	30	70
ENSG00000188364	403	679	575	1213	3073	2818	3158	3409	1129	1147	1207	1104
ENSG00000176709	112	122	185	109	515	383	599	674	329	360	419	257
ENSG00000157602	30	28	28	32	47	31	61	49	28	29	29	40
ENSG00000214833	218	296	520	599	417	307	394	657	148	304	276	165
ENSG00000159095	191	157	89	171	201	119	272	190	86	166	210	187
ENSG00000117392	30	28	23	56	25	53	51	24	43	27	50	36
ENSG00000142461	59	98	84	32	89	47	54	49	53	58	57	69
ENSG00000125492	429	650	369	359	456	293	418	511	311	455	226	270
ENSG00000195755	30	33	40	37	40	15	17	21	26	30	24	19
ENSG00000163874	534	335	479	429	337	199	428	581	451	207	215	192
ENSG00000160171	484	383	312	333	457	319	406	503	212	302	511	526
ENSG00000134716	97	93	34	125	100	137	107	80	14	57	55	96
ENSG00000245894	416	518	413	701	1827	1831	1967	775	845	483	554	637
ENSG00000153348	32	42	22	21	18	29	44	16	18	21	26	16
ENSG00000223443	283	182	142	408	282	346	107	155	274	362	205	203
ENSG00000222573	67	53	56	55	77	36	75	72	26	66	79	49
ENSG00000120559	1158	589	634	693	889	741	775	689	652	900	807	1010
ENSG00000234070	807	844	492	418	844	351	867	820	669	645	541	630
ENSG00000128175	8414	22222	16825	13148	16127	28284	20174	18933	9439	16254	29640	17274
ENSG00000198501	67	72	42	64	352	271	382	263	127	132	140	116
ENSG00000209632	582	892	1165	575	967	948	980	516	1036	608	736	410
ENSG00000192345	114	112	147	70	117	112	132	147	128	101	156	65
ENSG00000128897	603	1155	846	610	555	1603	435	928	944	704	607	973
ENSG00000212120	18462	9507	7176	5607	16439	6336	11243	10894	9911	6798	11366	5990
ENSG00000185277	2332	1809	1559	1139	998	1812	1687	2493	2511	2131	1997	1318
ENSG00000232320	113	153	116	89	927	930	944	1523	530	283	518	306
ENSG00000226396	256	196	279	227	172	203	333	167	220	128	130	287
ENSG00000135394	26	20	21	25	15	15	10	25	20	26	20	13
ENSG00000157597	4	4	8	15	6	12	10	10	9	9	6	8
ENSG00000116016	228	176	153	265	145	208	193	271	207	298	375	195
ENSG00000162123	54	54	54	50	78	27	71	31	37	56	57	39
ENSG00000221848	1065	487	740	844	2651	2551	1990	2589	1417	2898	1084	1037
ENSG00000170299	89	138	111	90	92	63	47	120	29	56	62	63
ENSG00000222887	1294	1465	1809	977	1612	1052	1082	2123	813	1382	1023	1178
ENSG00000217929	76	92	59	41	38	81	44	66	37	46	53	35
ENSG00000114658	41	48	35	38	37	31	60	39	25	51	40	41
ENSG00000207647	7678	4685	5878	3874	3629	6100	6193	6167	9872	8436	4464	6167
ENSG00000174342	49	49	54	33	25	67	62	50	35	45	36	70
ENSG00000188060	89	217	194	270	178	182	222	212	201	109	258	99
ENSG00000217775	320	233	176	267	418	249	307	354	295	228	338	394
ENSG00000189860	628	560	459	256	317	386	333	727	495	695	585	624
ENSG00000140719	3	4	1	6	3	2	1	3	2	0	2	6
ENSG00000178096	497	467	407	484	366	437	373	623	616	467	249	522
ENSG00000127632	31	31	25	28	36	25	10	20	23	23	28	10
ENSG00000206166	7	2	8	8	3	8	4	3	5	10	5	2
ENSG00000196066	1218	762	919	410	3851	2008	2780	4811	1581	1421	1811	915
ENSG00000179492	30	28	15	14	37	24	22	14	17	5	17	25
ENSG00000147887	738	793	712	652	806	595	636	678	793	665	928	539
ENSG00000116500	2378	1246	2182	1359	1802	729	2227	1951	2216	956	2229	1641
ENSG00000118768	104	86	77	121	172	137	125	148	130	146	123	128
ENSG00000227111	83	240	169	94	163	91	168	211	140	112	99	257
ENSG00000217765	4	2	7	0	5	6	6	7	7	5	5	2
ENSG00000156429	26	34	64	16	25	57	21	26	61	38	27	65
ENSG00000113207	5304	10322	7923	9468	9048	9214	7273	10869	6312	10342	6671	5057
ENSG00000128677	849	677	488	301	546	457	416	550	673	448	219	612
ENSG00000153210	589	699	996	557	814	941	395	820	598	1115	869	1141
ENSG00000180306	976	949	910	826	3489	5358	4304	3111	1891	1174	1228	1982
ENSG00000144180	541	894	396	550	2844	1654	2574	2292	881	1287	790	1076
ENSG00000179594	874	802	505	640	1274	3992	2065	1276	2059	1194	1318	1322
ENSG00000129422	1174	869	779	903	854	784	1401	873	984	1009	795	649
ENSG00000223291	13	7	17	8	4	10	13	5	12	7	9	9
ENSG00000241152	6	13	19	17	16	11	6	9	7	7	8	14
ENSG00000154380	101	53	98	54	91	87	100	27	66	34	63	56
ENSG00000239500	592	360	772	444	632	773	546	688	637	291	649	509
ENSG00000105904	21	14	26	7	19	6	15	6	20	6	22	14
ENSG00000207598	414	695	1243	462	875	561	690	328	493	739	1275	548
ENSG00000144747	18	21	29	26	31	30	21	23	22	24	13	18
ENSG00000237174	8987	10575	2942	3470	8277	10406	4411	9051	7324	3100	14959	7057
ENSG00000216667	956	709	618	567	5739	3041	3622	2455	1405	2328	2079	994
ENSG00000111300	17203	16406	25448	16205	13865	15706	13876	23808	19604	21265	19442	15990
ENSG00000249329	1028	1725	2435	973	2387	2118	2128	875	2284	3318	1232	1744
ENSG00000108585	4	5	13	16	4	7	8	10	15	10	7	15
ENSG00000198593	185	165	268	211	139	101	87	115	210	107	104	233
ENSG00000177555	452	625	569	373	566	287	324	626	186	394	360	348
ENSG00000139941	315	481	630	572	768	329	407	496	547	617	699	324
ENSG00000148541	76	62	55	84	57	42	69	39	45	48	45	82
ENSG00000213952	9	10	13	14	36	31	46	37	26	17	6	16
ENSG00000193347	18	19	25	27	21	12	16	14	18	22	45	32
ENSG00000185133	122	73	90	86	79	84	68	46	77	62	98	82
ENSG00000227707	106	122	136	95	105	109	86	101	99	178	133	156
ENSG00000217738	41	38	76	47	201	189	219	148	42	59	78	99
ENSG00000128488	52	71	85	28	56	68	38	48	52	31	62	75
ENSG00000118881	113	119	78	72	112	80	79	108	70	80	35	76
ENSG00000169327	697	536	293	575	304	517	590	337	561	520	406	512
ENSG00000217198	31	10	37	24	35	37	41	38	34	30	19	23
ENSG00000218745	98	154	122	93	136	80	142	69	165	224	92	257
ENSG00000121125	633	742	594	519	464	700	635	757	833	588	870	473
ENSG00000202057	13	46	58	23	20	51	36	33	24	20	34	28
ENSG00000211089	116	38	76	87	135	75	60	56	86	43	50	91
ENSG00000237085	3	12	10	10	15	12	3	17	12	3	14	9
ENSG00000200253	138	66	58	157	64	138	91	60	60	59	116	114
ENSG00000170245	106	93	103	241	86	109	68	159	105	110	111	145
ENSG00000169341	866	458	841	527	618	596	332	619	712	688	815	681
ENSG00000214820	190	106	286	141	172	109	178	110	164	211	169	194
ENSG00000154907	18	13	16	19	7	9	11	8	13	21	11	12
ENSG00000107299	214	210	183	362	212	220	152	105	248	206	225	152
ENSG00000181313	15	17	14	22	26	28	22	10	12	16	12	14
ENSG00000142669	39	26	29	25	28	17	44	37	45	29	46	20
ENSG00000132591	30	38	34	25	41	40	29	99	24	35	33	41
ENSG00000241075	5947	6315	8126	5967	6986	10066	8961	6339	10051	9693	7492	5800
ENSG00000240673	2666	3458	2597	2498	2431	2252	1123	3427	2782	1993	2245	2338
ENSG00000126508	13	5	11	8	5	2	3	2	8	8	13	7
ENSG00000226028	370	209	279	386	361	500	307	213	350	349	313	240
ENSG00000106486	1613	786	2192	1236	955	1536	1039	953	889	1236	769	1765
ENSG00000112694	618	566	594	1060	418	899	688	618	810	1390	1403	659
ENSG00000212164	174	130	263	167	285	142	187	182	177	87	134	145
ENSG00000195771	293	215	269	100	342	187	174	95	277	199	177	193
ENSG00000160769	139	90	148	115	109	87	202	153	75	99	90	115
ENSG00000174442	87	138	145	81	114	143	119	162	110	125	223	63
ENSG00000186755	53	41	63	68	134	61	144	68	81	81	108	40
ENSG00000150535	17	17	27	14	14	18	15	8	11	12	18	15
ENSG00000249511	845	384	1147	736	1015	491	752	660	878	853	834	1274
ENSG00000122674	48	76	44	25	70	70	66	66	74	84	48	64
ENSG00000132784	5516	11337	11338	12374	9540	5517	6987	12126	7200	10038	7624	5828
ENSG00000176300	361	213	319	137	347	183	307	263	234	172	302	266
ENSG00000139989	213	272	135	218	248	245	328	250	244	163	339	221
ENSG00000238673	1891	1804	1520	1600	2503	1629	2000	2069	2032	2171	1753	1182
ENSG00000159270	596	334	509	425	342	295	147	296	363	463	286	448
ENSG00000119849	260	377	211	131	295	367	311	202	202	189	182	297
ENSG00000132348	6	37	21	33	17	12	25	15	11	16	28	25
ENSG00000153586	11	9	18	14	11	14	11	8	21	19	23	20
ENSG00000189610	20	10	23	13	14	9	16	15	8	13	10	18
ENSG00000247347	1565	2964	1099	1621	1686	1369	2668	2416	1773	1196	900	1944
ENSG00000146722	81	48	49	93	62	81	44	55	63	82	62	64
ENSG00000236581	332	167	93	112	130	125	174	118	186	216	272	120
ENSG00000159553	119	347	191	306	341	201	231	322	238	415	215	185
ENSG00000229393	23	13	32	42	25	26	26	31	35	15	21	22
ENSG00000147391	295	249	111	144	201	159	143	99	113	181	65	170
ENSG00000248259	60	62	97	68	68	55	85	96	42	62	172	75
ENSG00000180164	16	30	14	23	14	7	19	25	31	26	16	23
ENSG00000242055	65	47	83	94	67	61	97	91	44	88	95	56
ENSG00000248205	14	21	9	25	21	24	20	13	5	14	13	21
ENSG00000120506	70	78	201	118	362	475	729	494	123	217	228	215
ENSG00000228842	78	93	141	135	58	106	110	75	78	125	83	87
ENSG00000125462	99	159	142	222	180	155	116	163	269	281	238	133
ENSG00000238991	2853	4955	3443	2475	3809	2229	3622	3264	2206	2318	2952	3574
ENSG00000148299	149	86	140	152	80	121	40	64	162	298	106	193
ENSG00000138243	3038	1461	1955	1611	2902	1333	1900	2875	2276	2195	1954	2832
ENSG00000159641	1663	1384	1310	1919	2219	1099	1738	1704	1020	913	1117	1425
ENSG00000167004	88	45	44	65	48	34	62	58	60	35	31	51
ENSG00000210912	27	21	25	23	22	33	13	27	49	44	20	28
ENSG00000245922	54	36	23	56	76	32	50	39	26	29	56	43
ENSG00000200336	512	524	504	312	844	803	770	624	745	429	997	618
ENSG00000150712	219	245	211	309	765	1155	773	441	282	484	573	609
ENSG00000144823	382	460	540	575	2290	2217	1381	1988	827	774	509	670
ENSG00000122668	774	886	583	442	536	454	491	583	772	633	712	485
ENSG00000141535	518	507	529	313	409	534	382	453	644	626	181	322
ENSG00000247022	2238	2157	2543	2688	1355	2012	2585	2498	1925	1601	2748	2262
ENSG00000131177	3	2	3	3	15	31	19	26	11	13	8	8
ENSG00000150683	142	146	122	201	100	136	131	100	65	101	50	97
ENSG00000169392	17	17	9	12	11	21	17	13	5	31	16	8
ENSG00000159285	1884	1663	2155	3054	2881	2574	2300	2637	1559	2935	3296	2368
ENSG00000242111	293	162	120	172	55	213	301	243	144	53	242	282
ENSG00000241001	163	324	235	349	306	492	217	251	326	288	248	275
ENSG00000222233	15	15	20	28	32	24	21	36	13	18	11	16
ENSG00000141792	130	156	260	161	254	267	167	267	270	206	198	279
ENSG00000176658	586	575	988	537	617	1242	715	914	471	795	478	832
ENSG00000127434	110	120	139	113	126	137	98	72	100	119	169	88
ENSG00000106393	371	290	224	423	198	302	367	526	329	330	245	224
ENSG00000154996	209	360	206	295	356	185	366	342	384	228	390	323
ENSG00000115802	33	43	21	15	56	50	97	32	31	43	33	27
ENSG00000177187	257	330	149	372	372	164	178	173	293	147	389	269
ENSG00000187213	75	131	109	99	103	199	108	86	90	96	191	168
ENSG00000106694	38	11	27	36	46	19	15	89	49	47	79	45
ENSG00000244595	2200	1691	2683	3369	3012	1502	3415	2066	2101	2425	2734	1588
ENSG00000129163	886	820	611	484	738	953	972	605	616	719	845	717
ENSG00000184705	200	99	213	199	305	217	149	188	154	152	148	324
ENSG00000147310	128	61	78	106	486	372	367	422	146	172	208	113
ENSG00000179171	1362	1318	1609	1450	1225	1497	1374	2194	1971	1487	872	964
ENSG00000176664	28	33	25	67	44	34	25	23	55	52	60	30
ENSG00000235330	522	778	390	831	368	755	1031	543	719	463	640	1028
ENSG00000153161	2285	2621	1895	1883	6407	9849	13161	6918	3285	6035	5713	4695
ENSG00000176323	12	16	8	17	10	8	17	8	20	8	8	8
ENSG00000177914	55	67	68	110	196	93	210	129	196	188	143	126
ENSG00000128151	7	5	9	15	9	12	10	10	14	7	5	6
ENSG00000108937	29351	62639	37421	67749	51115	61128	70627	28951	44651	62556	68004	46484
ENSG00000147064	141	103	105	71	74	123	136	54	152	112	181	169
ENSG00000204196	468	454	534	422	320	553	587	276	335	396	271	243
ENSG00000222186	3151	4042	3675	3416	1698	4162	3619	3471	1662	3073	2599	1775
ENSG00000116766	38	40	36	41	180	52	110	105	74	107	65	71
ENSG00000189568	421	425	542	402	472	285	355	426	296	409	289	728
ENSG00000179160	24	20	28	29	18	23	31	28	25	21	41	49
ENSG00000173333	5581	5883	7211	7034	9179	8292	5592	7189	11718	3836	5278	4264
ENSG00000104343	172	218	177	157	99	163	66	193	253	194	213	109
ENSG00000143069	374	275	501	443	465	400	296	424	668	404	415	525
ENSG00000100246	187	117	101	192	253	160	226	207	243	229	126	109
ENSG00000172853	12188	7218	11475	7331	14581	16259	8946	16185	13544	12829	6364	10396
ENSG00000246257	325	311	443	349	362	688	377	190	442	388	332	374
ENSG00000242578	101	105	43	101	442	335	304	383	279	449	282	146
ENSG00000164321	58	42	42	26	46	56	49	72	55	32	14	34
ENSG00000137985	268	575	641	566	363	551	395	630	389	465	698	718
ENSG00000200230	25	11	8	11	23	33	15	22	15	13	23	37
ENSG00000109008	249	324	254	289	186	293	280	219	170	428	468	264
ENSG00000135867	81	146	44	227	210	134	177	214	87	183	107	62
ENSG00000187788	148	104	104	118	116	227	186	237	192	163	143	259
ENSG00000182465	25	13	38	36	28	28	27	42	21	26	28	28
ENSG00000152152	69	48	71	78	43	51	32	42	48	95	35	37
ENSG00000108962	31	27	24	43	34	38	22	12	53	37	56	31
ENSG00000200356	185	112	210	188	186	200	292	128	189	267	197	197
ENSG00000228805	5021	5212	5193	2774	2637	3625	4107	3671	6157	3155	2015	5141
ENSG00000181723	920	792	834	1333	940	727	697	1320	1209	1001	940	1230
ENSG00000117031	1927	554	829	1122	708	1064	951	579	760	821	1164	1270
ENSG00000233179	3587	5525	2755	6411	4087	5480	4744	3532	5758	4387	7422	6132
ENSG00000178903	5	6	6	0	3	2	4	13	2	7	1	3
ENSG00000139106	5550	4579	3407	3593	4455	1223	2466	3019	2558	2598	3154	3401
ENSG00000235006	22	26	14	10	78	103	75	91	40	34	34	35
ENSG00000219104	1473	902	1162	1013	1512	966	527	1345	2117	1235	1453	2074
ENSG00000206080	171	192	120	118	199	193	175	234	155	201	227	179
ENSG00000219299	1016	878	697	766	599	955	533	438	488	665	440	273
ENSG00000182621	2	1	1	1	0	0	1	0	3	0	1	0
ENSG00000135984	41	14	36	8	31	24	6	16	28	32	19	32
ENSG00000148383	76	100	127	176	1038	569	406	411	212	251	377	258
ENSG00000169166	793	706	1152	497	1027	494	1256	598	1234	892	479	771
ENSG00000215637	35	14	17	32	28	36	32	41	30	30	31	19
ENSG00000118427	0	1	2	1	3	2	1	2	0	0	0	4
ENSG00000194765	27	24	31	14	24	23	13	30	21	14	14	17
ENSG00000208971	47	20	13	23	35	40	34	16	21	36	17	15
ENSG00000111036	738	1283	593	751	3520	3472	4131	3175	958	2131	1281	1216
ENSG00000192310	8	4	4	12	14	9	9	8	15	10	10	10
ENSG00000204617	1026	1774	1206	1109	929	1110	1169	1051	1700	685	1121	874
ENSG00000147098	170	193	230	170	195	168	137	134	83	154	103	209
ENSG00000103265	206	204	176	219	156	125	91	115	147	172	137	134
ENSG00000154574	392	355	404	164	1093	1370	938	1610	843	675	508	735
ENSG00000136276	1198	1216	1408	826	914	859	767	1099	1918	898	1153	772
ENSG00000140029	201	604	264	296	347	232	256	390	416	247	259	251
ENSG00000235061	67	46	47	131	106	33	33	79	102	138	41	53
ENSG00000219374	88	96	60	108	81	105	53	97	68	129	51	145
ENSG00000242665	198	192	209	156	185	128	146	250	167	168	126	164
ENSG00000124707	260	151	185	133	134	71	194	114	123	156	183	159
ENSG00000169507	46	37	25	46	27	9	41	44	70	67	51	48
ENSG00000178199	316	167	254	296	188	343	163	330	160	192	264	194
ENSG00000157763	117	135	155	65	117	101	148	89	110	157	137	64
ENSG00000202420	377	144	143	143	173	249	254	162	99	192	188	172
ENSG00000214773	42	98	176	134	216	114	176	181	94	172	102	220
ENSG00000205190	12	11	3	4	3	8	8	3	8	5	7	4
ENSG00000102187	65	37	32	60	36	67	55	48	71	36	43	42
ENSG00000172631	107	114	54	112	101	91	78	91	123	83	120	46
ENSG00000141803	30	32	41	34	32	34	25	36	39	35	31	39
ENSG00000111567	121	119	112	133	123	178	106	142	161	123	116	107
ENSG00000140043	401	567	449	417	428	502	384	807	511	250	238	418
ENSG00000209269	8296	3424	9278	10965	6162	6174	2590	8352	4242	6432	11256	9336
ENSG00000209768	1835	3955	2704	1512	1585	2093	2283	1834	3334	2309	1850	3700
ENSG00000220436	34	40	36	39	55	36	35	22	56	44	35	13
ENSG00000171127	61	116	116	36	107	79	93	89	117	44	91	149
ENSG00000217087	110	83	32	74	123	96	54	80	55	38	59	39
ENSG00000119278	27	32	32	30	30	54	26	49	39	63	41	30
ENSG00000196779	38	22	25	18	20	16	30	20	12	20	20	23
ENSG00000162367	43	50	63	57	38	55	59	44	88	71	32	64
ENSG00000214837	416	373	185	294	323	356	186	387	465	352	231	507
ENSG00000155336	2920	1508	1563	1776	1311	1173	2050	1647	1495	737	1046	1706
ENSG00000231823	14488	16277	7995	11671	6435	9926	12200	12097	16982	10302	7215	10904
ENSG00000191892	1727	1512	1809	1590	2232	1327	1541	2185	1173	1828	1788	1330
ENSG00000114908	52	40	43	37	41	46	28	52	34	32	46	111
ENSG00000140373	88	40	93	140	96	81	61	92	110	100	123	76
ENSG00000209543	723	597	715	540	696	597	876	957	751	513	667	955
ENSG00000238370	663	768	448	801	1193	937	754	602	744	1159	355	888
ENSG00000222301	1072	1089	1167	866	1166	1578	1880	1329	767	918	1072	1019
ENSG00000143093	0	4	6	11	3	6	6	9	4	6	8	8
ENSG00000103575	630	549	483	365	360	313	639	634	794	808	609	504
ENSG00000210140	52	54	88	93	78	77	82	90	69	71	114	97
ENSG00000176919	792	749	1234	781	1035	944	473	618	1306	488	913	1404
ENSG00000171350	40	40	28	61	42	22	46	56	53	41	21	35
ENSG00000156164	403	397	543	493	237	360	676	465	430	710	584	423
ENSG00000239714	40	11	24	25	39	28	61	38	27	34	42	41
ENSG00000215580	1705	1239	1715	2026	1664	1283	1908	1297	1917	1904	586	2126
ENSG00000207660	97	135	102	81	114	170	99	151	67	134	117	114
ENSG00000189507	8982	11423	7465	8115	10155	8596	6017	6502	6480	8576	7914	10480
ENSG00000119309	3	6	8	8	4	7	12	4	9	5	8	5
ENSG00000137831	13	10	8	11	9	12	7	8	10	12	6	3
ENSG00000188644	1060	1419	1100	904	2032	1713	2114	1466	1372	1061	1807	1611
ENSG00000243336	212	348	241	326	297	230	338	283	253	260	99	335
ENSG00000191744	195	167	192	125	615	764	327	420	505	328	521	182
ENSG00000189220	44	51	62	32	43	61	39	72	33	82	45	50
ENSG00000126391	375	344	363	327	533	613	704	311	293	425	579	549
ENSG00000110822	446	431	448	371	513	361	464	529	533	242	342	427
ENSG00000226733	114	70	79	159	144	105	126	180	78	150	169	88
ENSG00000236864	565	444	791	280	705	751	467	355	703	473	395	952
ENSG00000202426	6156	9792	8713	6339	5967	8202	10664	10560	11659	12573	6729	9809
ENSG00000169137	291	286	372	210	353	326	163	468	301	248	408	585
ENSG00000224546	2922	4300	5266	3705	9525	13079	11995	11576	3608	4328	6806	7579
ENSG00000180085	131	106	75	89	70	142	80	100	137	164	58	97
ENSG00000135839	79	88	113	47	82	68	46	63	50	80	54	65
ENSG00000203003	25	39	37	27	132	144	168	97	36	98	73	114
ENSG00000241785	10	11	25	14	17	12	17	10	11	25	10	18
ENSG00000134081	36	18	22	42	124	109	151	108	60	92	38	83
ENSG00000177116	59	30	43	34	56	83	63	24	31	37	70	44
ENSG00000109949	424	356	354	400	387	272	190	429	296	313	376	497
ENSG00000231789	17	12	5	7	4	10	12	11	12	6	12	13
ENSG00000243378	2743	2315	2664	2088	2719	1810	1651	1920	2499	2646	1954	1197
ENSG00000143335	3	7	6	6	11	5	10	3	11	6	5	10
ENSG00000229734	675	633	574	729	642	449	761	580	753	366	394	582
ENSG00000190606	506	527	199	359	343	192	363	160	135	448	263	261
ENSG00000189128	328	215	306	427	637	364	644	1015	678	423	1077	631
ENSG00000244485	130	105	74	54	96	98	70	134	79	113	61	74
ENSG00000120986	421	331	745	467	1013	492	649	413	736	492	596	472
ENSG00000119774	3	2	1	2	3	2	2	2	2	3	0	3
ENSG00000184844	4427	3211	3983	5985	2637	2135	8459	6452	3827	4110	3792	5085
ENSG00000118509	465	420	606	151	297	444	313	251	334	325	260	543
ENSG00000223536	464	698	563	587	1562	2008	2221	1402	724	1482	814	870
ENSG00000203847	194	172	175	154	156	164	261	218	180	212	108	184
ENSG00000102686	29	16	34	19	14	15	22	24	7	19	27	18
ENSG00000121526	47	64	110	79	74	41	56	59	47	48	58	32
ENSG00000129387	9	9	13	21	14	7	9	9	3	12	10	13
ENSG00000106699	100	151	142	91	142	99	156	189	90	166	140	146
ENSG00000110120	280	360	369	524	855	296	407	458	218	366	579	367
ENSG00000241797	6	3	9	10	7	4	6	8	7	6	8	6
ENSG00000114134	1161	838	1234	1402	1376	1285	796	888	1006	848	1577	1549
ENSG00000235518	92	128	147	154	166	213	207	125	105	248	173	160
ENSG00000193066	44	49	55	135	83	46	147	85	80	70	138	79
ENSG00000134457	627	750	869	797	845	392	541	646	485	558	958	1141
ENSG00000198705	77	84	95	105	101	92	169	97	51	90	147	48
ENSG00000117794	150	106	123	111	178	174	132	77	88	81	148	110
ENSG00000182935	186	170	138	184	144	220	129	95	173	301	153	122
ENSG00000120994	43	48	30	11	39	15	68	27	31	34	12	22
ENSG00000154442	178	242	156	136	76	99	141	132	93	91	211	157
ENSG00000177947	11	4	2	11	13	4	12	16	5	13	8	5
ENSG00000149638	78	228	123	206	252	198	125	131	199	288	194	128
ENSG00000169937	7129	7898	3944	6254	6262	5055	4472	4849	8962	5146	7193	4968
ENSG00000218816	405	284	141	254	275	509	369	234	336	387	284	333
ENSG00000115483	283	355	448	741	319	341	495	479	419	290	247	639
ENSG00000149395	446	449	1054	524	411	626	256	673	452	370	436	204
ENSG00000194158	12	14	12	12	18	19	17	19	23	25	18	7
ENSG00000187473	54	75	80	51	60	97	81	73	57	100	51	59
ENSG00000164711	216	189	224	128	167	94	142	208	172	176	144	150
ENSG00000199338	171	288	215	163	116	159	195	173	196	232	173	206
ENSG00000126475	36	44	41	39	32	36	37	37	30	18	30	34
ENSG00000181911	67	153	131	98	60	96	75	57	125	62	111	76
ENSG00000166956	51	114	137	101	306	313	421	410	303	252	153	290
ENSG00000111870	308	241	120	398	155	206	105	192	275	174	415	164
ENSG00000140777	4	6	5	3	8	3	5	4	5	9	5	4
ENSG00000216649	271	388	251	254	576	538	579	438	585	281	219	422
ENSG00000243767	317	170	349	243	267	574	177	302	436	353	288	297
ENSG00000190962	39	45	29	51	30	29	53	32	54	44	50	28
ENSG00000124901	3	3	2	1	0	2	2	1	5	7	1	0
ENSG00000122819	152	77	143	74	89	110	131	154	89	69	90	116
ENSG00000234932	10	9	15	10	6	10	12	9	13	11	12	2
ENSG00000113491	617	1050	722	729	739	352	678	611	828	790	739	788
ENSG00000103402	11	20	23	20	26	26	12	22	15	19	18	25
ENSG00000148129	994	1225	1334	1649	1254	593	2169	1070	629	726	1212	1139
ENSG00000249256	11126	4570	6907	11047	9582	6663	7744	14959	10084	10115	11445	6652
ENSG00000118922	1090	1129	872	913	1380	1033	553	681	996	1170	701	1302
ENSG00000143994	357	258	191	209	226	548	372	180	247	247	281	230
ENSG00000223129	30	29	40	19	137	107	138	177	51	92	76	80
ENSG00000182964	127	104	208	87	119	105	203	96	155	152	159	265
ENSG00000184732	105	166	106	53	181	153	188	234	191	130	130	147
ENSG00000111869	17	15	34	33	27	31	22	24	26	12	24	23
ENSG00000168785	2	0	5	1	0	0	3	0	1	2	0	0
ENSG00000216971	101	113	86	108	53	64	62	49	70	122	128	60
ENSG00000146827	427	391	377	410	246	401	724	433	628	511	226	411
ENSG00000149504	122	184	297	184	302	152	202	87	268	127	204	218
ENSG00000169407	86	49	92	75	121	118	75	69	63	104	84	107
ENSG00000235770	27	50	37	23	102	87	54	76	61	50	54	46
ENSG00000213682	338	139	202	269	201	102	235	271	149	182	164	148
ENSG00000112891	2151	1264	2634	1299	1940	1093	1136	1641	877	1001	1076	1232
