gene_id	SRR6200001	SRR6200002	SRR6200003	SRR6200004	SRR6200005	SRR6200006	SRR6200007	SRR6200008	SRR6200009	SRR6200010	SRR6200011	SRR6200012
ENSG00000075624	97.55103545004629	82.8162764494483	39.67519242468326	104.36632580357053	45.8242219505355	72.01535859257399	53.93998931007485	132.0624405495939	65.6398995112811	82.35445356815735	81.90039388375477	110.30808639983005
ENSG00000111640	314.33111422792695	250.62820504438298	219.15820577444086	174.61289124828147	75.15172399887823	191.45546552659914	184.70359975874115	240.92472262425915	133.26888688654046	186.80400443508864	270.4617658486785	163.4193872590075
ENSG00000166710	12219.893040709132	9168.633553232341	8167.421754852654	6787.825266686068	4701.565172124942	8160.569659051188	7749.378464214086	6685.214895929443	12254.770329969786	9603.33274413074	10237.549235469345	10338.31898647296
ENSG00000165704	1450.2587270240213	828.1627644944829	772.7216048426405	1131.9732260233418	863.3283415480888	1786.332187527994	725.738037990098	1290.2857367210324	453.51203298703314	1434.1726792113254	1169.461438247103	1717.946308560316
ENSG00000256269	8.671203151115225	15.25562987226679	5.667884632097609	2.007044726991741	10.997813268128521	14.0517772863559	11.441815914258301	5.353882724983537	13.923615047847509	12.051871253876685	7.618641291512072	10.213711703687968
ENSG00000073578	143.0748519934012	387.92887389478415	292.84070599170974	415.4582584872904	351.9300245801127	368.8591537668424	129.12906531805797	431.879873148672	198.90878639782156	297.27949092895824	319.98293424350703	173.63309896269544
ENSG00000112592	80.20862914781584	63.20189518510528	90.68615411356174	82.28883380666137	97.14735053513526	73.77183075336848	135.6672458404913	42.831061799868294	85.53077815106327	54.23342064244508	72.37709226936468	145.03470619236916
ENSG00000089157	294.8209071379177	708.2971012123867	270.1691674633193	262.92285923591805	447.2444062372265	237.12374170725582	346.52356768896567	464.0031694985732	465.44656017090244	371.5993636611978	428.54857264755407	218.5734304589225
ENSG00000164924	4.335601575557613	23.973132656419242	11.335769264195218	16.05635781593393	9.164844390107099	14.0517772863559	3.2690902612166575	5.353882724983537	5.967263591934647	10.043226044897237	22.855923874536213	12.256454044425562
ENSG00000196262	921.3153348059926	379.21137111063166	553.5633990681998	421.47939266826563	197.96063882631336	298.6002673350629	454.40354630911537	817.3594293474866	455.50112085101136	634.7318860375054	325.6969152121411	351.35168260686606
ENSG00000010000	264.4716961090144	588.4314379302905	542.2276298040046	429.5075715762326	346.4311179460484	330.21676622936366	148.7436068853579	326.58684622399574	184.98517134997402	666.8702093811766	630.442566872624	394.24927176235553
ENSG00000010001	8933.507046436462	8813.395314778129	2969.971547219147	7171.170809541491	5013.169881388584	10572.20593582202	8403.196516457418	3870.857210163097	8467.547036955264	5945.589818579165	7146.285531438323	5186.52280313275
ENSG00000010002	535.4467945813652	736.6289852608821	861.5184640788365	329.1553352266455	647.0380139415613	347.7814878373085	902.2689120957974	364.0640252988805	586.7809198735736	851.6655686072858	279.9850674630686	618.9509292434908
ENSG00000010003	854.1135103848497	479.4626531283849	706.5962841348352	1166.0929863822014	590.2159787228973	544.5063698462911	665.2598681575897	765.6052296726457	763.8097397676348	761.2765342032106	759.9594688283291	1107.1663486797756
ENSG00000010004	23.845808665566867	23.973132656419242	11.335769264195218	32.11271563186786	9.164844390107099	10.538832964766923	3.2690902612166575	12.492393024961586	13.923615047847509	8.03458083591779	15.237282583024143	6.128227022212781
ENSG00000010005	18404.628688242068	41198.91815790449	9191.419578384955	14896.285963732702	34875.89884211356	26424.36718699227	42313.469796057805	25648.66750782113	36300.85351760243	13146.582892770484	29316.531689738455	27084.72069583975
ENSG00000010006	13.006804726672838	8.717502784152451	5.667884632097609	12.042268361950445	5.4989066340642605	7.02588864317795	13.07636104486663	5.353882724983537	1.9890878639782152	2.0086452089794475	5.713980968634053	6.128227022212781
ENSG00000010007	2579.6829374567797	2702.42586308726	2497.6478278776794	2813.8767072424207	4085.6876291097456	1670.4050249155578	1216.1015771725965	3365.80760643965	3202.431461004927	3241.9533672928283	3715.992289935013	3170.3361128247448
ENSG00000010008	145.24265278118	209.22006681965883	170.03653896292826	136.4790414354384	599.3808231130043	620.0346727604541	375.94538003991556	617.4811409481011	188.96334707793048	102.44090565795182	327.6015755350191	267.59924663662474
ENSG00000010009	28.181410241124482	39.22876252868603	30.228718037853913	24.08453672390089	45.8242219505355	49.18122050224565	31.056357481558248	24.984786049923173	63.65081164730289	24.10374250775337	53.3304890405845	30.6411351110639
ENSG00000010010	108.39003938894031	93.71315492963885	111.46839776458631	92.32405744162008	47.65719082855692	68.50241427098501	88.26543705284975	83.87749602474209	103.4325689268672	48.20748501550674	57.13980968634054	32.6838774518015
ENSG00000010011	143.0748519934012	74.09877366529584	56.678846320976085	82.28883380666137	82.48359951096391	52.69416482383462	116.05270427319134	60.67733754981342	73.59625096719397	84.3630987771368	53.3304890405845	140.94922151089392
ENSG00000010012	552.7892008835956	551.3820510976426	799.1717331257628	455.5991530271252	738.6864578426323	507.6204544696069	454.40354630911537	672.8045957729312	580.8136562816389	608.6194983207725	754.2454878596951	484.12993475480965
ENSG00000010013	279.646301623466	464.2070232561181	96.35403874565934	351.2328272235547	152.13641687577785	233.61079738566684	147.1090617547496	201.6629159743799	304.330443188667	323.39187864569107	281.88972778594666	222.65891514039768
ENSG00000010014	5263.420312726942	6544.665215202453	5259.796938586581	6655.360314704613	8184.206040365641	4835.567858667224	7149.5004012808295	3089.1903323155007	4451.578639583246	4611.849399816812	4123.589599030909	3348.0546964689156
ENSG00000010015	8.671203151115225	6.538127088114338	0.0	4.014089453983482	5.4989066340642605	5.269416482383462	8.172725653041644	7.138510299978049	3.9781757279564305	4.017290417958895	7.618641291512072	16.34193872590075
ENSG00000010016	177.7596645978621	383.5701225027079	190.81878261395283	479.6836897510261	238.28595414278462	247.66257467202274	238.643589068816	328.3714737989903	222.77784076556014	393.6944609599717	234.27321971399618	208.35971875523452
ENSG00000010017	56.362820482248964	61.02251948906716	88.79685923619586	38.133849812843074	67.81984848679254	70.2588864317795	35.959992873383236	33.90792392489573	43.75993300752074	72.31122752326011	49.521168394828464	67.41049724434059
ENSG00000010018	1762.4220404641696	1638.8905234206609	1124.1304520326923	1276.4804463667474	1042.959291594188	1085.4997953709933	2052.988684044061	1688.2576859448086	1654.9211028298753	1120.8240266105317	1192.3173621216392	1509.5865898050815
ENSG00000010019	0.0	2.1793756960381128	0.0	4.014089453983482	7.33187551208568	1.7564721607944875	0.0	3.5692551499890244	7.956351455912861	0.0	5.713980968634053	12.256454044425562
ENSG00000010020	247.12928980678393	122.04503897813431	66.12532070780543	216.760830515108	130.14079033952083	137.00482854197003	124.22542992623299	140.98557842456646	143.2143262064315	120.51871253876685	180.94273067341172	122.5645404442556
ENSG00000010021	357.68712998350304	780.2164991816444	336.2944881711248	678.3811177232085	333.60033579989846	386.42387537478726	436.4235498724238	453.29540404860614	521.1410203622925	592.550336648937	417.1206107102859	721.0880462803705
ENSG00000010022	10.839003938894033	23.973132656419242	7.557179509463478	18.06340254292567	16.49671990219278	14.0517772863559	31.056357481558248	7.138510299978049	17.90179077580394	26.11238771673282	15.237282583024143	18.38468106663834
ENSG00000010023	3509.6694754138875	1758.7561867027573	2269.0431477164093	1635.741452498269	799.1744308173392	2685.645933854771	1170.3343135155635	3287.2839931398917	3365.5366658511407	1990.5674020986326	2822.7065985052227	1711.8180815381033
ENSG00000010024	344.6803252568302	586.2520622342523	345.7409625579541	515.8104948368774	256.6156429229988	403.98859698273213	505.07444535797356	328.3714737989903	298.3631795967323	578.4898201860809	554.2561539575032	406.5057258067811
ENSG00000010025	1441.5875238729063	1760.9355623987951	2042.3277624325046	2412.467761844073	2001.6020147993909	1459.628365620219	3012.46667571115	1466.9638666454891	1891.6225586432831	2295.8814738635083	2127.505580654746	3613.611200764803
ENSG00000010026	2972.054880044743	1789.2674464472907	1764.6014154597221	1641.7625866792441	2588.152055766245	2343.133862499846	2414.2231579085014	1900.6283673691555	2512.217972204486	1741.495396185181	2163.694126789428	2780.172325743865
ENSG00000010027	43.35601575557613	30.51125974453358	49.12166681151261	30.105670904876117	16.49671990219278	64.98946994939604	11.441815914258301	23.20015847492866	29.83631795967323	48.20748501550674	41.902527103316395	61.2822702221278
ENSG00000010028	60.69842205780658	39.22876252868603	81.23967972673239	46.16202872081004	285.94314497134155	194.96840984818812	346.52356768896567	164.18573689949514	53.705372327411816	118.5100673297874	57.13980968634054	140.94922151089392
ENSG00000010029	195.10207090009257	176.52943137908716	270.1691674633193	176.61993597527322	1361.8958763699152	681.511198388261	1021.5907066302054	1172.5003167713946	326.21040969242733	305.3140717648761	251.41516261989835	408.5484681475187
ENSG00000010030	1729.9050286474876	982.8984389131889	2021.5455187814805	754.6488173488947	793.6755241832749	1500.0272253184924	970.9198075813473	1004.7453247219104	1006.4784591729771	1078.6424772219634	843.7645230349619	1262.4147665758326
ENSG00000010031	2230.6670106243914	1939.6443694739205	1131.6876315421557	1679.896436492087	1497.5355733435001	1872.3993234069237	1059.185244634197	1811.39698861943	1738.4627931169605	1156.9796403721618	1618.9612744463152	1530.0140132124575
ENSG00000010032	93.21543387448867	117.6862875860581	58.568141198341955	100.35223634958706	186.96282555818485	391.6932918571707	163.45451306083285	173.1088747744677	125.31253543062758	168.7261975542736	152.37282583024145	185.889553007121
ENSG00000010033	112.72564096449793	117.6862875860581	86.90756435883	32.11271563186786	298.77392711749144	182.6731047226267	307.29448455436574	192.73977809940732	184.98517134997402	130.5619385836641	184.75205131916775	208.35971875523452
ENSG00000010034	41.18821496779732	43.587513920762255	47.232371934146734	22.077491996909153	49.49015970657834	28.1035545727118	52.30544417946652	55.32345482482988	73.59625096719397	68.29393710530121	51.42582871770648	69.45323958507818
ENSG00000010035	134.40364884228597	91.53377923360075	64.23602583043957	152.5353992513723	113.64407043732805	80.79771939654643	99.70725296710805	28.554041199912195	59.67263591934646	78.33716315019845	102.85165743541296	116.43631342204283
ENSG00000010036	151.74605514451645	172.1706799870109	226.71538528390434	164.57766761332275	219.9562653625704	163.35191095388734	107.8799786201497	139.20095084957197	69.61807523923754	126.54464816570518	100.94699711253494	228.78714216261045
ENSG00000010037	257.9682937456779	416.2607579432796	188.92948773658694	321.1271563186786	251.11673628893456	79.04124723575194	156.91633253839953	260.55562594919877	206.8651378537344	255.09794154038985	262.84312455716645	306.41135111063903
ENSG00000010038	22677.364040954093	20058.97390633479	12531.692921567812	13587.692801734087	14322.818812859376	17209.91423146439	11526.812261049934	15858.200631401236	13541.71017796369	10716.122189905353	7270.088452425394	19377.45384423681
ENSG00000010039	117.06124254005555	76.27814936133394	90.68615411356174	72.25361017170268	65.98687960877112	137.00482854197003	98.07270783649972	101.7237717746872	127.30162329460578	62.268001478362876	83.80505420663279	185.889553007121
ENSG00000010040	132.2358480545072	146.01817163455357	156.81147482136717	162.57062288633102	133.80672809556367	235.36726954646133	156.91633253839953	112.43153722465426	157.13794125427904	216.93368256978033	148.56350518448542	239.00085386629843
ENSG00000010041	418.3855520413096	926.234670816198	865.2970538335683	1043.6632580357052	355.5959623361555	447.9004010025943	635.8380558066398	560.3730585482768	785.6897062713952	403.7376870048689	752.3408275368171	657.763033717505
ENSG00000010042	39.02041418001851	52.305016704914706	41.56448730204912	54.190207628777	36.659377560428396	47.42474834145116	44.132718526424874	44.61568937486281	37.7926694155861	26.11238771673282	36.18854613468234	71.49598192581577
ENSG00000010043	190.76646932453494	220.1169452998494	130.361346538245	234.82423305803368	130.14079033952083	73.77183075336848	145.47451662414127	98.15451662469818	238.69054367738585	134.579229001623	102.85165743541296	89.8806629924541
ENSG00000010044	344.6803252568302	207.04069112362072	285.2835264822463	287.00739595981895	306.10580262957717	314.40851678221327	212.49086697908274	419.3874801237104	161.11611698223547	349.5042663624239	186.65671164204574	263.5137619551495
ENSG00000010045	1419.9095159951182	438.0545149036607	906.8615411356174	1274.4734016397554	1565.3554218302927	908.09610713075	1207.9288515195549	1640.0727414199566	1700.6701237013742	1331.7317735533738	1598.0100108946572	2024.3576596709552
ENSG00000010046	21.678007877788065	41.40813822472415	26.450128283122176	22.077491996909153	10.997813268128521	15.808249447150386	13.07636104486663	16.06164817495061	19.890878639782155	40.17290417958895	15.237282583024143	20.427423407375937
ENSG00000010047	4591.402068515512	5770.986843108923	3793.7041137506662	4718.5621531575825	10438.757760331986	16675.946694582864	17989.803707475265	13109.874165909687	9714.705127669604	3914.8495123009434	8230.037255155916	5889.226168346482
ENSG00000010048	247.12928980678393	111.14816049794375	102.02192337775695	254.89468032795114	153.9693857537993	121.19657909481964	86.63089192224142	103.50839934968171	129.290711158584	138.59651941958188	140.94486389297333	118.47905576278042
ENSG00000010049	405.37874731463677	505.61516148084223	258.8333981991241	421.47939266826563	491.23565930974064	114.17069045164169	277.8726722034159	287.32503957411643	825.4714635509595	433.86736513956066	350.4574994095553	357.4799096290788
ENSG00000010050	1281.1702655772744	2353.725751721162	1745.7084666860633	1085.8111973025318	932.9811589129029	776.3606950711635	1011.7834358465554	1491.9486526954124	1334.6779567293827	1582.8124246758046	1268.5037750367599	1607.638222160486
ENSG00000010051	500.7619819769043	1091.8672237150947	1655.0223125725017	1463.1356059769794	2415.8529812322317	5246.582344293134	1459.6488016332376	4168.89001518718	2555.977905212007	4400.941652873969	1683.7197254241678	1391.1075340423013
ENSG00000010052	2033.3971389365204	3702.7593075687537	2541.101610057094	2735.601962889743	4246.98889037563	2949.1167579739445	1672.1396686123203	1684.6884307948196	2935.8936872318463	2155.2763092349473	2748.42484591298	4226.433902986081
ENSG00000010053	366.35833313461825	745.3464880450347	394.86262936946673	919.2264849622173	3416.653988631927	1210.209318787402	1768.5778313182116	1659.7036447448963	922.936768885892	666.8702093811766	796.1480149630115	604.6517328583276
ENSG00000010054	433.56015755576124	213.57881821173507	440.2057064262476	401.40894539834824	932.9811589129029	1036.3185748687476	776.4089370389561	1209.9774958462792	483.3483509467064	289.24491009304046	638.061208164136	418.76217985120667
ENSG00000010055	307.82771186459047	730.0908581727679	612.1315402665417	451.5850635731417	887.1569369623674	326.7038219077747	357.965383603224	944.067987172097	463.4574723069242	542.3342064244509	649.4891701014042	441.2323455993202
ENSG00000010056	49.859418118912544	43.587513920762255	17.003653896292825	60.211341809752234	25.661564292299882	15.808249447150386	34.325447742774905	44.61568937486281	21.87996650376037	56.242065851424535	85.7097145295108	102.13711703687967
ENSG00000010057	2896.1818524724854	1784.9086950552146	2616.673405151729	3801.3427129223574	2434.1826700124457	2750.6354038041677	3275.6284417390907	3810.179872613284	1428.1650863363589	4479.278816024168	3058.884478542097	2874.1384734177936
ENSG00000010058	93.21543387448867	108.96878480190566	94.46474386829347	108.380415257554	91.648443901071	66.74594211019051	52.30544417946652	80.30824087475305	67.62898737525933	60.259356269383424	123.80292098707118	40.85484681475187
ENSG00000010059	17.34240630223045	30.51125974453358	17.003653896292825	28.098626177884373	14.66375102417136	14.0517772863559	32.690902612166575	24.984786049923173	11.934527183869294	34.146968552650605	17.141942905902162	18.38468106663834
ENSG00000010060	25042.43470042077	14641.045925984043	21048.63422873315	9017.651958373892	22224.747646009717	10749.609624062265	18524.299965184186	20000.3212329635	12077.741510075724	13206.842249039866	23301.61439008967	14854.822301843778
ENSG00000010061	147.41045356895884	305.1125974453358	326.8480137842954	299.04966432176946	188.79579443620625	249.4190468328172	140.57088123231628	274.8326465491549	135.25797475051866	279.2016840481432	287.60370875458074	126.6500251257308
ENSG00000010062	10.839003938894033	30.51125974453358	24.560833405756306	32.11271563186786	31.16047092636414	28.1035545727118	42.49817339581654	32.12329634990122	43.75993300752074	42.1815493885684	20.951263551658197	12.256454044425562
ENSG00000010063	19690.1345553949	12673.069672461626	12748.961832464889	6540.958765266085	9272.989553910364	15567.612761121542	8290.412902445443	10693.488429367117	13223.456119727176	22239.719753820442	9645.199875054283	8350.73068893528
ENSG00000010064	112.72564096449793	137.3006688504011	79.35038484936652	208.73265160714107	150.30344799775645	165.10838311468183	125.85997505684131	124.92393024961585	83.54169028708505	277.19303883916376	116.1842796955591	91.9234053331917
ENSG00000010065	2334.7214484377746	2735.1164985278315	2437.1903918019716	2269.967586227659	3607.2827519461543	3274.0641077209248	3035.3503075396666	1463.3946114955002	1997.0442154341283	2554.9967058218576	3234.1132282468743	1258.3292818943576
ENSG00000010066	43.35601575557613	54.48439240095283	62.346730953073696	54.190207628777	64.1539107307497	43.91180401986219	62.112714963116495	116.0007923746433	73.59625096719397	44.19019459754785	87.61437485238882	57.19678554065261
ENSG00000010067	121.39684411561316	281.1394647889166	222.93679552917263	160.5635781593393	230.95407863069894	63.232997788601544	215.7599572402994	219.509191724325	111.38892038278007	190.8212948530475	93.32835582102287	369.7363636735044
ENSG00000010068	15.174605514451645	23.973132656419242	7.557179509463478	4.014089453983482	12.830782146149941	17.564721607944875	9.80727078364997	5.353882724983537	11.934527183869294	8.03458083591779	9.52330161439009	16.34193872590075
ENSG00000010069	15.174605514451645	0.0	7.557179509463478	14.049313088942187	5.4989066340642605	3.512944321588975	4.903635391824985	1.7846275749945122	5.967263591934647	6.025935626938343	1.904660322878018	0.0
ENSG00000010070	36.85261339223971	26.152508352457353	30.228718037853913	34.1197603588596	14.66375102417136	35.12944321588975	44.132718526424874	74.95435814976952	19.890878639782155	82.35445356815735	39.99786678043838	49.02581617770225
ENSG00000010071	136.57144963006482	353.0588627581743	366.52320620897865	150.52835452438057	192.46173219224912	309.1391002998298	132.39815557927463	271.2633913991658	208.85422571771264	337.4523951085472	91.42369549814485	179.7613259849082
ENSG00000010072	1719.0660247085934	1111.4816049794376	1571.8933379684036	2171.6223946050636	927.4822522788386	1217.2352074305797	2136.3504857050857	1459.8253563455112	1605.19390623042	2016.6797898153654	1455.160486678806	1192.9615269907547
ENSG00000010073	39143.978824921905	32788.70734689341	49012.08770862538	56462.18225973166	44729.939530356714	34533.99915338041	21206.588524512455	31223.84405210399	38462.99202574675	31794.845012935675	33171.56418324356	27499.397391009483
ENSG00000010074	43.35601575557613	17.435005568304902	41.56448730204912	44.154983993818306	23.82859541427846	31.616498894300772	11.441815914258301	33.90792392489573	23.86905436773859	42.1815493885684	51.42582871770648	38.81210447401427
ENSG00000010075	3342.7488147549193	2198.9900773024556	2255.818083574848	2147.537857881163	1937.4481040686412	2137.6266196868914	1080.4343313321053	1490.1640251204176	2448.5671605571833	3583.4230528193343	2392.25336553479	2645.3513312551836
ENSG00000010076	210.27667641454423	58.84314379302905	94.46474386829347	46.16202872081004	102.64625716919953	86.06713587892988	91.53452731406641	66.03122027479695	69.61807523923754	156.6743263003969	30.474565166048286	116.43631342204283
ENSG00000010077	177.7596645978621	359.59698984628864	211.6010262649774	146.5142650703971	207.12548321642046	105.38832964766924	215.7599572402994	237.35546747427014	308.3086189166234	200.86452089794477	163.80078776750955	226.74439982187286
ENSG00000010078	15.174605514451645	17.435005568304902	11.335769264195218	20.070447269917413	14.66375102417136	7.02588864317795	16.345451306083287	5.353882724983537	5.967263591934647	10.043226044897237	24.760584197414232	26.555650429588713
ENSG00000010079	4.335601575557613	19.614381264343017	18.892948773658695	12.042268361950445	16.49671990219278	24.590610251122826	3.2690902612166575	19.630903324939634	11.934527183869294	4.017290417958895	7.618641291512072	12.256454044425562
ENSG00000010080	56.362820482248964	80.63690075341017	54.789551443610215	68.2395207177192	54.9890663406426	68.50241427098501	45.767263657033205	33.90792392489573	73.59625096719397	72.31122752326011	87.61437485238882	63.3250125628654
ENSG00000010081	13.006804726672838	34.870011136609804	24.560833405756306	6.021134180975222	5.4989066340642605	26.34708241191731	11.441815914258301	32.12329634990122	27.847230095695018	26.11238771673282	26.66524452029225	20.427423407375937
ENSG00000010082	420.55335282908845	372.67324402251734	362.74461645424697	439.5427952111913	339.09924243396273	331.97323839015814	156.91633253839953	107.07765449967073	385.8830456117738	313.3486526007938	264.7477848800445	222.65891514039768
ENSG00000010083	67.20182442114299	54.48439240095283	83.12897460409825	40.140894539834825	109.9781326812852	108.90127396925823	75.18907600798312	42.831061799868294	75.5853388311722	64.27664668734232	87.61437485238882	81.70969362950375
ENSG00000010084	3574.7034990472516	3319.189185066046	3415.845138277492	3189.1940711898765	3667.7707249208615	4046.911858470499	3584.5574714240647	3624.5786048138543	2832.4611183049788	4617.8753354437495	5220.673945008647	4203.9637372379675
ENSG00000010085	531.1111930058075	313.83010022948827	309.8443598880026	439.5427952111913	280.4442383372773	497.0816215048399	277.8726722034159	535.3882724983537	421.6866271633817	253.08929633141037	592.3493604150636	208.35971875523452
ENSG00000010086	353.35152840794547	398.8257523749747	415.6448730204913	333.169424680629	452.74331287129075	258.20140763678967	555.7453444068318	223.07844687431404	294.38500386877587	586.5244010219986	196.18001325643584	467.7879960289089
ENSG00000010087	2529.823519337867	4685.657746481942	1547.332504562647	5463.17574687152	2758.6181614222373	1839.0263523518283	2499.2195047001346	2925.0045954160055	2054.7277634894967	2490.720059134515	2744.615525267224	2283.7859369446296
ENSG00000010088	808.5896938414947	1196.477257124924	536.5597451719069	479.6836897510261	700.1941114041824	495.3251493440455	670.1635035494147	633.5427891230519	877.187748014393	759.2678889942312	811.3852975460356	958.0461578059313
ENSG00000010089	162.58505908341047	283.3188404849547	137.91852604770847	174.61289124828147	298.77392711749144	214.28960361692748	424.9817339581655	207.01679869936342	383.8939577477956	261.1238771673282	224.7499180996061	247.1718232292488
ENSG00000010090	323.0023173790421	237.5519508681543	122.80416702878152	176.61993597527322	434.41362409107654	326.7038219077747	120.95633966501633	255.20174322421522	135.25797475051866	160.6916167183558	123.80292098707118	251.257307910724
ENSG00000010091	346.84812604460905	235.3725751721162	60.457436075707825	313.0989774107116	584.717072088833	1271.685844415209	464.21081709276535	1017.2377177468719	501.2501417225103	524.2563995436358	672.3450939759402	592.3952788139021
ENSG00000010092	2252.3450185021798	1935.2856180818444	1645.5758381856724	2500.7777298317096	2186.7318714795542	1645.8144146644347	1971.2614275136445	1259.9470679461258	1772.2772868045902	2219.5529559222896	2489.3910420015695	4526.717027074507
ENSG00000010093	1450.2587270240213	1216.091638389267	765.1644253331772	1609.6498710473763	1814.639189241206	637.5993943683989	2056.2577743052775	1174.284944346389	1322.7434295455132	1900.1783676945572	1106.6076475921284	1417.6631844718897
ENSG00000010094	834.6033032948403	549.2026754016044	449.65218081307694	652.2895362723159	1686.3313677797066	2543.371688830418	2340.668627031127	1065.422662271724	1191.4636305229512	1389.9824846137776	1828.4739099628973	541.3267202954622
ENSG00000010095	2295.701034257756	976.3603118250745	818.0646818994215	1523.3469477867313	949.4778788150956	1487.7319201929308	964.381627058914	1711.4578444197373	1020.4020742208245	1920.2648197843519	1146.6055143725669	1456.4752889459041
ENSG00000010096	78.04082836003703	148.19754733059168	64.23602583043957	76.26769962568615	174.13204341203493	35.12944321588975	109.51452375075802	119.57004752463233	125.31253543062758	176.7607783901914	49.521168394828464	51.068558518439836
ENSG00000010097	1166.2768238249978	913.1584166399693	561.1205785776632	565.9866130116709	456.4092506273336	488.29926070086753	514.8817161416235	886.9599047722726	771.7660912235476	686.9566614709711	590.4447000921856	876.3364641764275
ENSG00000010098	10.839003938894033	26.152508352457353	15.114359018926956	26.091581450892633	69.65281736481397	77.28477507495745	21.24908669790827	62.461965124807925	35.80358155160788	24.10374250775337	28.56990484317027	26.555650429588713
ENSG00000010099	6683.32982872206	5733.937456276275	2945.4107138133904	4254.934821222491	3686.100413701076	3377.6959652077994	3687.5338146523895	3967.2270992128006	2512.217972204486	5073.8377978820845	4569.280114584365	6526.561778656611
ENSG00000010100	320.83451659126337	575.3551837540618	651.806732691225	274.96512759786856	271.27939394717015	251.17551899361172	214.12541210969107	289.109667149111	391.85030920370843	263.13252237630763	270.4617658486785	204.27423407375935
ENSG00000010101	349.0159268323878	276.7807133968403	315.5122445201002	610.1415970054892	298.77392711749144	435.6050958770329	254.98904037489928	381.91030104882566	326.21040969242733	827.5618260995324	260.93846423428846	279.85570068105034
ENSG00000010102	806.421893053716	978.5396875211128	748.1607714368843	576.0218366466297	790.009586427232	476.0039555753061	671.798048680023	1172.5003167713946	628.5517650171162	1217.238996641545	1159.938136632713	1205.2179810351802
ENSG00000010103	203.77327405120778	298.57447035722146	173.81512871766	166.5847123403145	311.6047092636414	265.2272962799676	292.5835783788909	353.3562598489134	228.7451043574948	170.73484276325303	203.79865454794793	194.06052237007137
ENSG00000010104	30.34921102890329	180.88818277116337	162.47935945346478	262.92285923591805	130.14079033952083	73.77183075336848	127.49452018744964	66.03122027479695	214.82148930964726	106.45819607591072	188.56137196492378	192.01778002933378
ENSG00000010105	6152.218635716253	3643.9161637757247	2832.0530211714386	2067.2560688014933	15701.211409131485	12384.885205761932	9498.341753964998	6192.657685230958	9032.447990325076	3800.3567353891144	6961.533480119155	8060.661276550543
ENSG00000010106	613.4876229414022	416.2607579432796	574.3456427192243	295.03557486778595	251.11673628893456	361.83326512366443	374.31083490930723	385.47955619881463	630.5408528810942	233.00284424161592	504.7349855626747	367.6936213327668
ENSG00000010107	65.03402363336419	58.84314379302905	30.228718037853913	22.077491996909153	75.15172399887823	50.93769266304014	42.49817339581654	37.47717907488476	35.80358155160788	38.16425897060951	47.61650807195045	32.6838774518015
ENSG00000010108	659.0114394847571	1329.419174583249	714.1534636442987	1055.7055263976558	500.4005036998477	286.30496220950147	763.3325759940894	317.6637083490232	743.9188611278526	474.0402693191496	666.6311130073063	663.891260739718
ENSG00000010109	10.839003938894033	17.435005568304902	1.8892948773658695	6.021134180975222	75.15172399887823	38.642387537478726	29.421812350949917	24.984786049923173	19.890878639782155	44.19019459754785	26.66524452029225	30.6411351110639
ENSG00000010110	7591.63835880138	6727.732773669654	8246.77213970202	6904.233860851589	9381.134717713627	8806.95141422356	6435.20417920499	8437.719174574055	14721.239281302773	5489.62735614083	9458.543163412236	6524.519036315874
ENSG00000010111	390.20414180018514	274.6013377008022	166.2579492081965	126.44381780047969	131.97375921754224	237.12374170725582	68.65089548554981	237.35546747427014	232.72328008545122	124.53600295672575	158.0868067988755	316.625062814327
ENSG00000010112	394.5397433757428	403.18450376705084	109.57910288722043	331.16237995363724	212.62438985048473	203.75077065216055	282.7763075952409	169.53961962447866	278.47230095695016	373.6080088701773	260.93846423428846	455.53154198448334
ENSG00000010113	25259.214779198654	17814.216939415535	26083.605076913194	18330.339491615574	17149.256822768406	27306.1162117111	21144.47580954934	16816.545639173288	31527.042644054716	31774.758560845883	37148.49493741286	36448.65158578088
ENSG00000010114	19956.77405229169	24217.22273437551	18014.42665568357	25393.129885899507	10631.219492524237	14661.273126151586	26479.63111585492	17906.953087494934	14633.719415287731	22030.820652086582	11485.10174695445	33178.22109825999
ENSG00000010115	470.4127709480009	329.0857301017551	179.4830133497576	431.51461630322433	498.56753482182626	198.4813541697771	276.2381270728076	308.74057047405057	194.93061066986513	385.6598801240539	377.12274392984756	367.6936213327668
ENSG00000010116	528.9433922180287	915.3377923360075	876.6328230977634	1043.6632580357052	943.9789721810314	858.9148866285044	478.9217232682403	803.0824087475305	718.0607188961359	558.4033680962864	923.7602565958387	819.1396786357749
ENSG00000010117	2349.8960539522263	2650.1208463823455	1583.2291072325986	3458.13806460677	1596.515892756657	3832.6222548535716	1717.9069322693535	2355.708398992756	2341.1564159023596	1460.2850669280583	2936.9862178779035	2465.5900052702755
ENSG00000010118	12751.004233714937	11622.610586971257	10047.270157831694	5296.591034531205	5638.212268793888	7357.8618815681075	6088.680611516024	7086.756100303208	5824.049265728215	9828.301007536436	6007.298658357268	4530.802511755982
ENSG00000010119	266.63949689679316	257.1663321324973	100.13262850039109	291.02148541380245	207.12548321642046	165.10838311468183	173.26178384448284	306.95594289905614	212.83240144566906	196.84723047998585	310.4596326291169	296.19763940695105
ENSG00000010120	472.58057173577976	560.099553881795	281.5049367275145	337.1835141346125	328.1014291658342	231.85432522487235	361.23447386444064	317.6637083490232	362.0139912440352	184.79535922610916	464.7371187822364	386.0783023994051
ENSG00000010121	3793.651378612911	2451.797658042877	3767.2539854675438	3446.095796244819	3713.594946871397	4452.656927614025	2775.457631772942	2759.034230941516	3828.9941381580647	2273.7863765647344	3476.0050892523827	2859.8392770326304
ENSG00000010122	442.2313607068765	618.9426976748241	908.7508360129833	586.0570602815884	526.0620679921476	259.95787979758416	397.19446673782386	249.8478604992317	656.3989951128111	261.1238771673282	554.2561539575032	437.146860917845
ENSG00000010123	1699.5558176185841	1599.6617608919748	1433.974811920695	1386.867906351293	1195.0957084699658	1322.623537078249	1315.8088301397045	1320.6244054959393	1002.5002834450206	1277.4983529109288	908.5229740128145	1922.2205426340754
ENSG00000010124	1047.0477804971633	1627.9936449404702	625.3566044081027	1226.3043281919538	1182.2649263238159	707.8582808001785	348.158112819574	785.2361329975854	777.7333548154822	329.4178142726294	455.2138171678463	913.1058263097043
ENSG00000010125	34.6848126044609	19.614381264343017	45.34307705678087	28.098626177884373	21.995626536257042	28.1035545727118	14.710906175474959	23.20015847492866	27.847230095695018	34.146968552650605	32.37922548892631	34.72661979253909
ENSG00000010126	65.03402363336419	87.17502784152451	68.0146155851713	98.34519162259531	29.32750204834272	38.642387537478726	24.51817695912493	37.47717907488476	25.8581422317168	64.27664668734232	49.521168394828464	59.23952788139021
ENSG00000010127	0.0	4.3587513920762255	0.0	2.007044726991741	0.0	0.0	1.6345451306083287	1.7846275749945122	0.0	2.0086452089794475	0.0	6.128227022212781
ENSG00000010128	184.26306696119855	254.98695643645922	177.5937184723917	192.67629379120712	177.79798116807774	223.07196442089992	80.0927113998081	148.12408872454452	204.8760499897562	190.8212948530475	64.75845097785262	169.54761428122023
ENSG00000010129	2969.8870792569646	4966.797211270859	3895.7260371284233	4176.660076869813	5238.625053385218	3049.23567113923	3115.4430189394743	4575.7851022859295	4568.934823557961	4945.2845045074	4767.364788163679	5897.397137709432
ENSG00000010130	32.51701181668209	32.6906354405717	41.56448730204912	14.049313088942187	20.16265765823562	33.372971055095256	31.056357481558248	39.26180664987927	47.73810873547718	36.15561376163006	26.66524452029225	32.6838774518015
ENSG00000010131	2137.451576749903	2253.4744697034084	1815.6123771486007	3064.7572981163885	3136.20975029465	2367.724472750969	2791.8030830790253	3296.207131014864	2729.0285493781116	2769.9217431826582	3874.0790967338885	2753.6166753142757
ENSG00000010132	2484.299702794512	1911.312485425425	2112.2316728950423	2143.5237684271797	2762.28409917828	902.8266906483665	1051.0125189811554	2152.260855443382	1519.6631280793567	2303.9160546994262	2201.787333246989	1491.201908738443
ENSG00000010133	336.009122105715	231.01382378003996	232.38326991600195	393.38076649038123	344.59814906802694	284.548490048707	199.4145059342161	167.75499204948417	286.428652412863	180.77806880815027	319.98293424350703	339.09522856244047
ENSG00000010134	370.6939347101759	163.45317720285846	300.3978855011732	315.10602213770335	196.12766994829195	231.85432522487235	171.6272387138745	271.2633913991658	356.04672765210057	327.4091690636499	281.88972778594666	241.04359620703602
ENSG00000010135	648.1724355458631	250.62820504438298	357.0767318221493	389.36667703639773	188.79579443620625	252.93199115440618	411.90537291329883	335.50998409896835	441.57750580316383	427.8414295126223	245.7011816512643	379.9500753771924
ENSG00000010136	101.88663702560389	30.51125974453358	64.23602583043957	26.091581450892633	53.15609746262118	33.372971055095256	37.59453800399156	37.47717907488476	37.7926694155861	34.146968552650605	43.80718742619441	79.66695128876614
ENSG00000010137	182.0952661734197	183.0675584672015	238.05115454809956	170.598801794298	124.64188370545656	152.81307798912042	102.97634322832471	151.69334387453353	121.33435970267115	216.93368256978033	177.13341002765569	183.8468106663834
ENSG00000010138	632.9978300314114	87.17502784152451	143.58641067980608	204.71856215315756	177.79798116807774	330.21676622936366	176.5308741056995	158.8318541745116	254.60324658921155	371.5993636611978	171.4194290590216	355.43716728834124
ENSG00000010139	732.7166662692365	1715.168672781995	682.0354507290789	810.8460697046634	1222.590241640287	602.4699511525092	993.8034394098639	942.2833595971025	674.3007858886151	1187.1093185068535	367.59944231545745	1092.8671522946124
ENSG00000010140	2653.388164241259	1776.191192271062	1180.8092983536685	1794.2979859306165	1968.6085749950053	1633.5191095388734	1158.8924976013052	2801.865292741384	1177.5400154751035	960.1324098921759	1710.3849699444602	1552.484178960571
ENSG00000010141	58.53062127002777	34.870011136609804	58.568141198341955	78.2747443526779	40.32531531647124	54.450636984629114	78.45816626919976	73.169730574775	79.56351455912862	46.19883980652729	43.80718742619441	73.53872426655336
ENSG00000010142	1049.2155812849423	2227.3219613509514	1186.4771829857661	1519.332858332748	1600.1818305126997	800.9513053222863	1412.246992845596	1354.532329420835	2512.217972204486	1520.5444231974418	1133.2728921124208	2044.7850830783311
ENSG00000010143	82.37642993559464	102.4306577137913	51.010961688878474	100.35223634958706	38.49234643844982	45.668276180656676	35.959992873383236	42.831061799868294	95.47621747095435	64.27664668734232	74.28175259224271	75.58146660729095
ENSG00000010144	275.31070004790837	215.75819390777318	207.82243651024564	224.789009423075	168.63313677797066	214.28960361692748	220.66359263212436	285.540411999122	145.20341407040974	253.08929633141037	226.65457842248412	236.95811152556084
ENSG00000010145	1018.866370256039	645.0952060272814	742.4928868047867	592.0781944625636	1147.438517641409	532.2110647207297	439.6926401336404	442.58763859863905	895.089538790197	239.02877986855424	588.5400397693076	790.5412858654487
ENSG00000010146	260.13609453345674	198.32318833946826	292.84070599170974	244.85945669299238	300.6068959955129	282.7920178879125	222.2981377627327	221.29381929931952	250.62507086125515	255.09794154038985	156.18214647599748	341.1379709031781
ENSG00000010147	240.62588744344748	357.41761415025053	202.15455187814806	180.6340254292567	1079.6186691546163	881.7490247188327	990.5343491486473	1384.8709981957415	326.21040969242733	761.2765342032106	438.0718742619441	218.5734304589225
ENSG00000010148	572.2994079736048	673.427090075777	409.9769883883937	865.0362773334404	375.75861999439115	396.9627083395542	629.2998752842065	760.2513469476622	590.75909560153	301.2967813469171	470.4510997508704	490.2581617770224
ENSG00000010149	67.20182442114299	80.63690075341017	52.90025656624435	102.35928107657878	73.31875512085679	66.74594211019051	71.91998574676647	60.67733754981342	153.15976552632262	66.28529189632177	76.18641291512073	75.58146660729095
ENSG00000010150	93.21543387448867	80.63690075341017	128.47205166087915	46.16202872081004	164.96719902192783	54.450636984629114	34.325447742774905	91.01600632472012	81.55260242310683	70.30258231428066	45.711847749072426	91.9234053331917
ENSG00000010151	255.80049295789914	217.9375696038113	130.361346538245	176.61993597527322	166.80016789994923	175.64721607944875	204.3181413260411	214.15530899934146	260.57051018114623	295.2708457199788	207.60797519370396	351.35168260686606
ENSG00000010152	1677.877809740796	2096.5594195886647	2240.703724555921	2950.355748677859	1889.7909132400841	2515.268134257706	1361.5760937967377	1251.023930071153	1259.0926178982104	1703.3311372145715	2769.376109464638	2512.57307910724
ENSG00000010153	227.61908271677464	320.3682273176026	200.26525700078219	303.06375377575284	216.29032760652757	249.4190468328172	287.6799429870659	294.4635498740945	228.7451043574948	144.62245504652023	161.89612744463153	114.39357108130523
ENSG00000010154	12425.834115548118	10537.281490344276	18704.019285922106	14773.856235386205	8486.645905239175	12151.274408376265	12121.786688591365	14833.824403354385	10965.841394111902	22671.578473751026	13721.172966013242	16728.017028300153
ENSG00000010155	505.0975835524618	459.8482718640418	510.1096168887847	600.1063733705306	531.5609746262118	389.93681969637623	356.33083847261565	431.879873148672	405.7739242515559	271.16710321222547	281.88972778594666	641.4210949916043
ENSG00000010156	0.0	2.1793756960381128	3.778589754731739	0.0	0.0	5.269416482383462	1.6345451306083287	3.5692551499890244	1.9890878639782152	0.0	1.904660322878018	0.0
ENSG00000010157	108.39003938894031	117.6862875860581	209.7117313876115	166.5847123403145	56.82203521866403	66.74594211019051	63.74726009372482	144.5548335745555	117.35618397471471	212.91639215182144	123.80292098707118	161.37664491826988
ENSG00000010158	10130.133081290362	7279.114824767297	7413.593098783672	7094.903109915805	4237.824045985523	9186.34940095517	7633.325759940894	5055.8499199594535	11309.953594580133	7251.209204415805	14025.918617673724	8487.5944257647
ENSG00000010159	294.8209071379177	257.1663321324973	77.46108997200065	433.521661030216	285.94314497134155	305.62615597824083	264.79631115854926	369.417908023864	238.69054367738585	158.68297150937636	407.59730909589587	322.75328983653975
ENSG00000010160	75.87302757225822	132.9419174583249	128.47205166087915	122.42972834649619	109.9781326812852	80.79771939654643	112.78361401197468	46.40031694985732	198.90878639782156	166.71755234529414	95.2330161439009	187.9322953478586
ENSG00000010161	67.20182442114299	67.5606465771815	18.892948773658695	48.16907344780178	25.661564292299882	56.2071091454236	52.30544417946652	26.769413624917682	25.8581422317168	44.19019459754785	34.283885811804325	49.02581617770225
ENSG00000010162	5176.70828121579	4670.402116609675	3391.284304871736	4562.012664452227	2562.4904914739454	5151.732847610232	4653.549986841912	4880.956417609991	4451.578639583246	3860.6160916584986	4653.085168790998	4344.912958748861
ENSG00000010163	3863.021003821833	1351.21293154363	1692.8082101198193	2324.157793856436	1145.6055487633873	1175.079875571512	2443.6449702594514	1413.4250393956536	2026.880533393802	1669.184168661921	1472.3024295847079	3333.7555000837524
ENSG00000010164	1207.4650387927952	1203.0153842130383	693.371219993274	1039.6491685817218	960.4756920832241	864.1843031108879	1024.859796891422	1424.1328048456207	545.0100747300311	747.2160177403546	1881.8043990034816	1203.1752386944427
ENSG00000010165	667.6826426358723	494.7182830006517	453.4307705678087	264.9299039629098	628.7083251613471	484.78631637927856	802.5616591286894	608.5580030731287	644.4644679289419	823.5445356815735	653.2984907471601	951.9179307837185
ENSG00000010166	5827.0485175494305	8464.69520341203	3219.3584710314417	5031.6611305682945	2485.5057985970457	1810.9227977791165	3940.8883098966803	3778.056576263383	2850.3629090807826	6516.045057929327	4834.0278994644095	5262.10426974004
ENSG00000010167	1497.950344355155	1893.87747985712	1738.1512871766001	656.3036257262993	5233.126146751154	4421.040428719725	6167.138777785224	6231.919491880837	3914.5249163091285	2659.4462566887887	2723.6642617155658	1695.4761428122026
ENSG00000010168	13.006804726672838	34.870011136609804	26.450128283122176	46.16202872081004	21.995626536257042	42.155331859067694	24.51817695912493	37.47717907488476	21.87996650376037	10.043226044897237	26.66524452029225	26.555650429588713
ENSG00000010169	1549.9775632618466	1512.4867330504503	1080.6766698532772	1455.1074270690124	1185.9308640798588	1257.634067128853	1162.1615878625219	1361.6708397208129	1722.5500902051347	1956.420433545982	1693.243027038558	1883.408438160061
ENSG00000010170	392.37194258796393	771.498996397492	445.87359105834526	395.387811217373	496.7345659438048	344.2685435157195	398.8290118684322	365.84865287387504	387.87213347575204	451.9451720203757	409.50196941877385	433.0613762363698
ENSG00000010171	249.29709059456272	298.57447035722146	234.27256479336782	186.65515961023192	790.009586427232	1545.695501499149	779.6780273001727	790.590015722569	459.47929657896776	606.6108531117932	474.2604203966265	610.7799598805403
ENSG00000010172	1001.5239639538086	1325.0604231911727	1456.6463504490853	559.9654788306957	839.4997461338104	1106.5774613005271	1446.572440588371	1768.5659268195616	1680.7792450615923	1894.152432067619	1826.5692496400193	1374.7655953164003
ENSG00000010173	411.88214967797325	167.8119285949347	430.75923203941824	375.3173639474556	406.91909092075525	203.75077065216055	335.08175177470736	476.4955625235348	409.7520999795124	482.0748501550674	399.9786678043838	249.2145655699864
ENSG00000010174	0.0	4.3587513920762255	0.0	2.007044726991741	1.83296887802142	0.0	3.2690902612166575	0.0	5.967263591934647	2.0086452089794475	1.904660322878018	2.0427423407375938
ENSG00000010175	5725.161880523828	5343.829206685453	3939.179819307838	5983.0003311623805	28057.254615873877	26341.812995434928	16961.674820322627	19943.213150563675	18313.53196364743	15125.09842361524	19798.944056316996	14707.744853310673
ENSG00000010176	2289.1976318944194	1606.1998879800892	2867.94962384139	1489.227187427872	2437.8486077684884	1640.5449981820514	1557.7215094697372	1811.39698861943	4113.43370270695	1586.8297150937635	1319.9296037544664	2130.5802613893097
ENSG00000010177	279.646301623466	285.49821618099276	236.1618596707337	244.85945669299238	172.29907453401347	266.98376844076205	93.16907244467473	207.01679869936342	224.76692862953837	245.0547154954926	295.2223500460928	222.65891514039768
ENSG00000010178	225.45128192899585	261.5250835245736	128.47205166087915	282.99330650583545	84.31656838898533	180.91663256183222	91.53452731406641	158.8318541745116	95.47621747095435	152.65703588243804	133.32622260146127	208.35971875523452
ENSG00000010179	494.25857961356786	642.9158303312433	360.85532157688107	455.5991530271252	410.5850286767981	173.89074391865424	390.65628621539054	401.54120437376525	465.44656017090244	449.9365268113963	620.9192652582338	414.67669516973143
ENSG00000010180	47.691617331133735	23.973132656419242	37.78589754731739	16.05635781593393	25.661564292299882	29.860026733506288	31.056357481558248	32.12329634990122	45.749020871498956	22.095097298773926	26.66524452029225	12.256454044425562
ENSG00000010181	808.5896938414947	424.97826072743203	324.95871890692956	489.71891338598476	680.0314537459468	451.41334532418324	371.04174464809057	364.0640252988805	728.0061582160268	516.2218187077181	617.1099446124778	514.7710698658735
ENSG00000010182	130.06804726672837	239.73132656419244	268.27987258595346	180.6340254292567	133.80672809556367	179.16016040103773	207.58723158725775	137.41632327457745	171.06155630212655	208.89910173386255	205.70331487082592	273.7274736588375
ENSG00000010183	182.0952661734197	187.4263098592777	88.79685923619586	96.33814689560356	73.31875512085679	145.78718934594247	83.36180166102476	123.13930267462135	103.4325689268672	192.82994006202696	232.3685593911182	104.17985937761726
ENSG00000010184	71.5374259967006	28.331884048495468	49.12166681151261	52.183162901785266	54.9890663406426	57.96358130621809	35.959992873383236	58.89270997481891	45.749020871498956	46.19883980652729	41.902527103316395	63.3250125628654
ENSG00000010185	114.89344175227674	89.35440353756263	77.46108997200065	58.20429708276049	36.659377560428396	40.39885969827321	71.91998574676647	92.80063389971464	51.7162844634336	66.28529189632177	36.18854613468234	75.58146660729095
ENSG00000010186	2577.5151366690006	2776.524636752556	3589.660266995152	2651.3060843560897	2974.9084890287645	1900.5028779796355	2571.139490446901	3849.4416792631628	2251.64746202334	4087.593000273176	2357.9694797229863	2228.6318937447145
ENSG00000010187	6134.8762294140215	2360.2638788092763	3548.095779693103	3949.864022719746	3939.0501188680323	2388.802138680503	2265.479551023144	3317.6226619147983	6637.5862020953045	4507.399848949881	7311.99097952871	5066.001005029232
ENSG00000010188	522.4399898546924	590.6108136263286	693.371219993274	883.099679876366	1019.1306961799096	1073.2044902454318	709.3925866840146	696.0047542478598	545.0100747300311	526.2650447526153	1247.5525114851018	1221.5599197610807
ENSG00000010189	342.5125244690514	350.8794870621362	141.6971158024402	256.90172505494286	181.46391892412058	179.16016040103773	140.57088123231628	296.24817744908904	344.1122004682313	411.77226784078675	97.13767646677891	288.0266700440007
ENSG00000010190	56.362820482248964	30.51125974453358	81.23967972673239	94.33110216861184	38.49234643844982	35.12944321588975	32.690902612166575	23.20015847492866	33.814493687629664	38.16425897060951	79.99573356087676	65.367754903603
ENSG00000010191	1452.4265278118003	1294.549163446639	797.2824382483969	1354.7551907194252	1031.9614783260597	1357.752980294139	1462.9178918944542	1097.5459586216252	1163.6164004272562	670.8874997991354	521.8769284685769	1429.9196385163152
ENSG00000010192	10693.761286112851	5431.004234526978	8057.842651965434	8054.270489417858	6226.595278638763	6440.983413633386	7474.774882271887	5452.037241608235	7655.999188452151	7064.405199980717	8477.643097130058	5648.182572139446
ENSG00000010193	6.503402363336419	8.717502784152451	11.335769264195218	10.035223634958706	36.659377560428396	26.34708241191731	26.15272208973326	53.538827249835364	35.80358155160788	14.060516462856134	5.713980968634053	28.598392770326306
ENSG00000010194	3600.717108500597	2497.5645476596774	4437.953666932427	2229.826691687824	2709.1280017156587	3019.375644405724	2090.5832220480524	2598.41774919201	1977.153336794346	5290.771480451865	1997.988678699041	3370.5248622170293
ENSG00000010195	0.0	2.1793756960381128	1.8892948773658695	2.007044726991741	0.0	1.7564721607944875	4.903635391824985	7.138510299978049	1.9890878639782152	2.0086452089794475	1.904660322878018	8.170969362950375
ENSG00000010196	158.24945750785284	130.7625417622868	171.9258338402941	238.83832251201719	168.63313677797066	79.04124723575194	168.35814845265784	82.09286844974757	159.12702911825724	128.55329337468464	169.5147687361436	112.35082874056764
ENSG00000010197	437.89575913131887	856.4946485429784	470.4344244641015	814.8601591586468	439.9125307251408	389.93681969637623	518.1508064028402	465.7877970735677	608.660886377334	1122.832671819511	260.93846423428846	557.6686590213629
ENSG00000010198	19.510207090009256	19.614381264343017	22.671538528390435	22.077491996909153	7.33187551208568	19.321193768739363	21.24908669790827	8.923137874972562	27.847230095695018	8.03458083591779	15.237282583024143	22.470165748113526
ENSG00000010199	8.671203151115225	17.435005568304902	0.0	24.08453672390089	10.997813268128521	10.538832964766923	13.07636104486663	17.846275749945125	17.90179077580394	8.03458083591779	22.855923874536213	16.34193872590075
ENSG00000010200	448.7347630702129	311.6507245334501	391.084039614735	280.9862617788437	392.2553398965839	358.32032080207546	325.2744809910574	460.43391434858415	507.217405314445	261.1238771673282	312.36429295199497	228.78714216261045
ENSG00000010201	2063.746349965423	2970.4890736999478	1732.4834025445025	1306.5861172716234	2164.736244943297	2822.6507623967414	1732.6178384448285	812.0055466225031	2776.7666581135886	1309.6366762545997	1024.7072537083736	1626.0229032271243
ENSG00000010202	104.0544378133827	122.04503897813431	117.13628239668391	74.26065489869443	119.14297707139231	108.90127396925823	88.26543705284975	76.73898572476404	83.54169028708505	114.4927769118285	95.2330161439009	132.77825214794356
ENSG00000010203	3479.320264384984	4186.580712089214	3497.0848180042244	6848.0366084958205	2654.138935375016	3391.7477424941553	4217.126436969488	4018.9812988876415	3930.4376192209543	4734.376757564558	2620.8126042801528	3681.021698009143
ENSG00000010204	67.20182442114299	89.35440353756263	58.568141198341955	60.211341809752234	62.32094185272828	47.42474834145116	14.710906175474959	58.89270997481891	93.48712960697614	74.31987273223956	41.902527103316395	24.512908088851123
ENSG00000010205	12369.471295065869	11350.188624966493	13489.565424392307	15909.843550863532	10436.924791453965	9678.161605977626	6023.298806291691	6106.995561631221	14957.94073711618	9498.883193263808	9090.94372109678	13418.77443630525
ENSG00000010206	535.4467945813652	427.15763642347014	258.8333981991241	126.44381780047969	383.09049550647677	391.6932918571707	474.01808787641534	421.1721076987049	417.7084514354253	257.1065867493693	531.400230082967	412.63395282899387
ENSG00000010207	403.210946526858	529.5882941372614	604.5743607570782	551.9372999227287	610.3786363811329	454.9262896457722	474.01808787641534	410.46434224873786	745.9079489918308	658.8356285452588	485.6883823338946	504.55735816218555
ENSG00000010208	1257.3244569117078	1200.8360085170002	878.5221179751293	559.9654788306957	4483.441875640394	4640.599448819036	3110.53938354765	2942.850871165951	2092.520432905083	1259.4205460301134	1563.7261250828528	3317.4135613578514
ENSG00000010209	314.33111422792695	588.4314379302905	670.6996814648836	389.36667703639773	447.2444062372265	707.8582808001785	447.86536578668205	426.5259904236885	385.8830456117738	411.77226784078675	556.1608142803813	608.7372175398028
ENSG00000010210	22146.252847948286	10036.02508025551	7096.191559386206	10119.519513492358	13344.013431995938	14165.947976807542	9421.518132826406	10688.134546642135	9438.221914576634	11314.698462181228	10313.735648384467	12025.624159922212
ENSG00000010211	29815.932035109705	20316.140238467287	44421.10115662632	15600.758662906803	68384.40290122313	37267.06983557664	102082.24704188194	76747.908862639	36416.22061371317	43093.47431344507	35194.31344614002	72633.7894096066
ENSG00000010212	1129.424210432758	1194.2978814288858	1235.5988497972787	1461.1285612499873	2916.2534849320796	7830.352892821826	3479.9465830651316	1192.1312200963341	1959.2515460185425	2532.9016085230833	864.7157865866201	1920.177800293338
ENSG00000010213	223.28348114121704	100.2512820177532	153.03288506663543	282.99330650583545	139.30563472962794	177.40368824024324	112.78361401197468	242.7093501992537	262.5595980451244	271.16710321222547	203.79865454794793	210.40246109597211
ENSG00000010214	32.51701181668209	37.04938683264792	18.892948773658695	16.05635781593393	20.16265765823562	36.88591537668424	16.345451306083287	37.47717907488476	31.825405823651444	34.146968552650605	22.855923874536213	20.427423407375937
ENSG00000010215	80.20862914781584	78.45752505737207	39.67519242468326	96.33814689560356	31.16047092636414	56.2071091454236	83.36180166102476	101.7237717746872	91.49804174299791	78.33716315019845	49.521168394828464	42.89758915548946
ENSG00000010216	385.8685402246275	623.3014490669002	349.51955231268585	160.5635781593393	219.9562653625704	158.08249447150388	259.89267576672427	240.92472262425915	336.1558490123184	345.486975944465	260.93846423428846	257.38553493293676
ENSG00000010217	292.65310635013884	416.2607579432796	219.15820577444086	178.62698070226494	256.6156429229988	193.21193768739363	178.16541923630783	235.57083989927563	214.82148930964726	277.19303883916376	285.6990484317027	373.82184835497964
ENSG00000010218	283.98190319902363	285.49821618099276	183.26160310448932	272.9580828708768	287.77611384936296	194.96840984818812	331.8126615134907	133.84706812458842	182.99608348599583	184.79535922610916	238.08254035975224	308.45409345137665
ENSG00000010219	312.1633134401481	237.5519508681543	253.1655135670265	152.5353992513723	289.60908272738436	296.8437951742684	199.4145059342161	324.80221864900125	284.4395645488848	415.78955825874567	297.12701036897084	296.19763940695105
ENSG00000010220	1023.2019718315966	778.0371234856062	891.7471821166905	722.5361017170268	551.7236322844474	1317.3541205958657	591.7053372802151	533.6036449233592	1133.7800824675828	678.9220806350534	567.5887762176493	1295.0986440276342
ENSG00000010221	30.34921102890329	50.1256410088766	9.446474386829347	30.105670904876117	14.66375102417136	14.0517772863559	17.979996436691618	23.20015847492866	21.87996650376037	10.043226044897237	13.332622260146126	22.470165748113526
ENSG00000010222	39.02041418001851	32.6906354405717	45.34307705678087	28.098626177884373	47.65719082855692	38.642387537478726	22.883631828516602	42.831061799868294	51.7162844634336	28.121032925712267	22.855923874536213	32.6838774518015
ENSG00000010223	2924.36326271361	3194.9647703918736	3104.111483512124	2510.8129534666678	2337.03531947731	2645.247074156498	2062.795954827711	1122.5307446715483	2526.1415872523335	3043.097491603863	2704.6176584867853	3382.781316261455
ENSG00000010224	1229.1430466705833	2122.711927941122	1122.2411571553264	1105.8816445724492	1339.900249833658	1024.0232697431861	1225.9088479562463	2261.1231375180473	1239.2017392584282	1393.9997750317366	1382.783394409441	2038.6568560561182
ENSG00000010225	97.55103545004629	61.02251948906716	60.457436075707825	108.380415257554	80.65063063294248	154.5695501499149	73.5545308773748	101.7237717746872	161.11611698223547	64.27664668734232	93.32835582102287	96.00889001466689
ENSG00000010226	3500.9982722627724	2127.0706793331983	4175.3416789785715	1954.8615640899557	2432.3497011344243	4777.604277361006	3811.7592445786227	2318.2312199178714	2611.672365403397	2567.048577075734	3013.1726307930244	3789.2870420682357
ENSG00000010227	95.38323466226747	89.35440353756263	32.118012915219786	112.3945047115375	172.29907453401347	293.3308508526794	114.41815914258301	276.6172741241494	133.26888688654046	164.7089071363147	154.27748615311944	163.4193872590075
ENSG00000010228	164.7528598711893	122.04503897813431	94.46474386829347	134.47199670844665	139.30563472962794	175.64721607944875	261.5272208973326	151.69334387453353	165.09429271019187	126.54464816570518	148.56350518448542	96.00889001466689
ENSG00000010229	8.671203151115225	6.538127088114338	11.335769264195218	0.0	29.32750204834272	26.34708241191731	29.421812350949917	24.984786049923173	0.0	14.060516462856134	5.713980968634053	24.512908088851123
ENSG00000010230	2560.1727303667703	1488.513600394031	1651.24372281777	1240.353641280896	1477.3729156852646	994.1632430096798	1789.8269180161199	870.898256597322	1664.8665421497662	1243.351384358278	1698.957008007192	1965.118131789565
ENSG00000010231	596.1452166391717	174.35005568304902	238.05115454809956	427.5005268492408	311.6047092636414	172.13427175785975	243.547224460641	239.14009504926466	445.5556815311203	333.4351046905883	270.4617658486785	390.16378708088035
ENSG00000010232	2503.809909884521	4027.4862862784325	2395.625904499923	2880.1091832331485	1411.3860360764936	3744.7986468138474	817.2725653041643	2628.7564179669166	2808.5920639372403	1472.336938181935	5378.760751807522	1854.8100453897348
ENSG00000010233	1305.0160742428416	2011.563767443178	1163.8056444573756	927.2546638701843	943.9789721810314	613.0087841172762	933.3252695773557	960.1296353470476	1597.237554774507	733.1555012774984	632.347227195502	1389.0647917015635
ENSG00000010234	483.4195756746738	381.39074680666977	168.1472440855624	487.71186865899307	196.12766994829195	335.4861827117471	279.50721733402423	271.2633913991658	252.61415872523338	317.3659430187527	329.5062358578971	590.3525364731645
ENSG00000010235	535.4467945813652	632.0189518510527	243.71903918019717	291.02148541380245	377.5915888724125	268.7402406015566	286.04539785645756	449.72614889861705	722.0388946240922	564.4293037232247	333.31555650365317	447.360572621533
ENSG00000010236	4244.553942470902	3787.75495971424	2174.578403848116	2707.5033367118585	2767.7830058123445	3165.1628337516663	3540.42475289764	2289.677178717959	2919.9809843200205	2267.7604409377964	4112.161637093641	2003.9302362635792
ENSG00000010237	201.605473263429	180.88818277116337	175.70442359502587	224.789009423075	196.12766994829195	187.94252120501017	168.35814845265784	267.69413624917684	308.3086189166234	323.39187864569107	161.89612744463153	134.82099448868118
ENSG00000010238	221.11568035343825	159.09442581078227	147.36500043453782	252.88763560095938	819.3370884755748	948.4949668290233	554.1107992762235	603.2041203481451	735.9625096719396	150.64839067345855	377.12274392984756	236.95811152556084
ENSG00000010239	370.6939347101759	486.0007802164992	156.81147482136717	331.16237995363724	265.7804873131059	228.34138090328338	264.79631115854926	308.74057047405057	487.32652667466283	245.0547154954926	310.4596326291169	549.4976896584127
ENSG00000010240	1497.950344355155	1826.3168332799387	2087.6708394892858	1553.4526186916075	2252.718751088325	1257.634067128853	1449.8415308495876	1151.0847858714606	2010.9678304819759	1363.870096897045	1592.296029926023	1513.6720744865568
ENSG00000010241	2763.9460044179777	1392.6210697683541	1390.52102974128	4132.505092875995	1272.0804013468655	1877.668739889307	1954.9159762075612	2369.9854195927123	1487.837722255705	1799.746107245585	1542.7748615311946	1740.4164743084295
ENSG00000010242	21875.277749475936	18866.855400601944	15785.058700391839	18284.17746289476	15571.070618791964	5506.540224090718	19903.85605541762	12130.1136272377	16650.65450936164	13323.343671160676	12793.603388771646	7263.9917636628825
ENSG00000010243	279.646301623466	241.91070226023055	275.83705209541694	236.83127778502543	260.28158067904167	289.81790653109044	287.6799429870659	169.53961962447866	260.57051018114623	224.96826340569814	354.26682005531137	226.74439982187286
ENSG00000010244	4528.535845669927	3421.619842779837	3599.1067413819815	3169.123623919959	2087.7515520663974	3017.6191722449294	3403.1229619265405	3726.3023765885414	4535.120329870331	3091.3049766193694	3982.644735137935	3021.2159219509003
ENSG00000010245	67.20182442114299	128.58316606624865	83.12897460409825	74.26065489869443	247.4507985328917	497.0816215048399	248.45085985246598	194.52440567440186	133.26888688654046	241.0374250775337	108.56563840404702	183.8468106663834
ENSG00000010246	700.1996544525545	1309.804793318906	1114.683977645863	818.8742486126303	751.5172399887823	904.5831628091611	876.1161900060641	1233.177654321208	636.508116473029	1116.8067361925728	1540.8702012083165	1070.396986546499
ENSG00000010247	242.79368823122633	509.97391287291845	279.6156418501487	256.90172505494286	592.0489476009187	349.537959998103	446.2308206560737	324.80221864900125	481.3592630827282	419.80684867670453	198.08467357931386	312.5395781328518
ENSG00000010248	12265.416857252485	10271.397655427627	9491.81746388613	11953.95839396281	10273.79056131006	9437.52491994878	7479.678517663712	6763.738509229202	10932.026900424273	6761.09977342482	6443.465872296335	13643.476093786387
ENSG00000010249	1057.8867844360575	721.3733553886153	704.7069892574693	1601.6216921394093	949.4778788150956	967.8161605977626	987.2652588874306	1209.9774958462792	1380.4269776008814	1165.0142212080796	1415.1626198983674	792.5840282061862
ENSG00000010250	127.90024647894957	126.40379037021056	100.13262850039109	202.71151742616584	181.46391892412058	129.97893989879208	148.7436068853579	142.770205999561	171.06155630212655	204.88181131590363	129.51690195570524	167.50487194048267
ENSG00000010251	845.4423072337344	1065.7147153626372	785.9466689842018	1627.713273590302	1037.4603849601237	1392.8824235100285	830.348926349031	1095.7613310466304	662.3662587047457	1249.3773199852164	963.7581233762771	837.5243597024133
ENSG00000010252	1179.2836285516707	592.7901893223667	655.5853224459568	640.2472679103654	337.2662735559413	700.8323921570005	738.8143990349646	296.24817744908904	602.6936227853993	930.0027317574842	443.7858552305782	1025.456655050272
ENSG00000010253	175.5918638100833	226.65507238796374	107.68980800985456	248.87354614697588	186.96282555818485	180.91663256183222	91.53452731406641	94.58526147470916	119.34527183869292	251.0806511224309	167.61010841326558	179.7613259849082
ENSG00000010254	134.40364884228597	309.47134883741205	147.36500043453782	216.760830515108	150.30344799775645	72.01535859257399	192.87632541178277	171.32424719947318	45.749020871498956	164.7089071363147	104.75631775829099	239.00085386629843
ENSG00000010255	69.3696252089218	47.946265312838484	62.346730953073696	50.17611817479353	47.65719082855692	40.39885969827321	6.538180522433315	30.33866877490671	21.87996650376037	78.33716315019845	70.47243194648667	85.79517831097893
ENSG00000010256	67056.58176836181	77478.98536985095	140385.9451575483	132109.70506477737	44988.38814215773	77225.05502149044	44574.04571168913	69024.04071806275	50586.482556693976	93416.06273400717	78715.80182390273	40029.57890909388
ENSG00000010257	511.6009859157983	270.242586308726	219.15820577444086	463.6273319350922	306.10580262957717	221.31549226010543	299.12175890132414	344.4331219739409	554.955514049922	375.61665407915666	396.1693471586277	437.146860917845
ENSG00000010258	1981.369920029829	3787.75495971424	2340.8363530563124	3044.686850846471	1283.078214614994	1110.0904056221161	1140.9125011646136	1449.117590895544	3047.282607614626	1050.521444296251	2830.325239796735	1820.0834255971956
ENSG00000010259	49.859418118912544	41.40813822472415	20.78224365102456	50.17611817479353	9.164844390107099	12.295305125561413	29.421812350949917	26.769413624917682	35.80358155160788	24.10374250775337	19.04660322878018	65.367754903603
ENSG00000010260	21.678007877788065	23.973132656419242	30.228718037853913	28.098626177884373	32.99343980438556	14.0517772863559	21.24908669790827	17.846275749945125	37.7926694155861	82.35445356815735	17.141942905902162	36.76936213327668
ENSG00000010261	427.0567551924249	244.09007795626863	126.58275678351325	246.86650141998413	234.62001638674175	279.2790735663235	380.84901543174055	235.57083989927563	246.6468951332987	325.4005238546705	325.6969152121411	161.37664491826988
ENSG00000010262	158.24945750785284	235.3725751721162	207.82243651024564	242.85241196600066	218.12329648454897	149.30013366753144	174.89632897509117	207.01679869936342	113.37800824675828	142.6138098375408	342.8388581180432	214.48794577744732
ENSG00000010263	1868.644279065331	2290.5238565360564	1326.2850039108403	1017.5716765848128	1041.1263227161667	1730.12507838257	1225.9088479562463	2427.0935019925364	749.8861247197873	2285.8382478186113	2156.075485497916	1158.2349071982153
ENSG00000010264	26.013609453345676	37.04938683264792	24.560833405756306	66.23247599072745	18.329688780214198	29.860026733506288	27.787267220341587	60.67733754981342	51.7162844634336	50.21613022448619	30.474565166048286	24.512908088851123
ENSG00000010265	825.9321001437252	1179.042251556619	1158.137759825278	778.7333540727955	636.0402006734328	1009.9714924568302	877.7507351366725	551.4499206733043	837.4059907348287	1235.3168035223603	748.531506891061	753.771923732172
ENSG00000010266	6349.488507404123	5999.821291192925	8214.6541267868	8341.277885377674	3959.212776526267	8265.957988698858	7958.600240931953	5669.7618057575655	7367.58144817531	3808.391316225033	5902.542340598977	3826.0564042015126
ENSG00000010267	82.37642993559464	65.3812708811434	32.118012915219786	28.098626177884373	49.49015970657834	40.39885969827321	62.112714963116495	73.169730574775	25.8581422317168	52.22477543346564	38.09320645756036	46.98307383696465
ENSG00000010268	982.0137568637991	2408.210144122115	1469.8714145906465	1615.6710052283515	2197.7296847476828	1380.5871183844672	1010.1488907159471	1213.5467509962682	1223.2890363466026	2255.70856968392	2407.4906481178145	2492.145655699864
ENSG00000010269	62.86622284558538	58.84314379302905	64.23602583043957	40.140894539834825	32.99343980438556	36.88591537668424	53.93998931007485	46.40031694985732	47.73810873547718	30.129678134691712	41.902527103316395	81.70969362950375
ENSG00000010270	958.1679481982324	250.62820504438298	802.9503228804946	658.310670453291	910.9855323766458	600.7134789917146	661.9907778963731	713.851029997805	318.2540582365145	831.5791165174913	575.2074175091615	684.3186841470938
ENSG00000010271	617.8232245169598	1109.3022292833996	721.7106431537621	738.5924595329607	2639.475184350845	2787.5213191808516	1304.3670142254462	2227.2152135931515	2315.298273670643	1414.0862271215312	706.6289797877447	2132.6230037300475
ENSG00000010272	7951.4932895726615	19841.03633673098	8195.761178013141	8963.461750745117	5563.06054479501	6651.760072928724	6878.1659095998475	6662.014737454514	4765.854522091805	11549.709951631823	3384.581393754238	10260.694777524932
ENSG00000010273	88.87983229893105	115.50691189001998	83.12897460409825	42.14793926682656	87.98250614502817	80.79771939654643	101.34179809771638	119.57004752463233	109.39983251880184	70.30258231428066	83.80505420663279	91.9234053331917
ENSG00000010274	559.292603246932	444.592641991775	487.43807836039434	437.5357504841995	256.6156429229988	389.93681969637623	225.56722802394935	387.2641837738092	441.57750580316383	397.7117513779306	232.3685593911182	367.6936213327668
ENSG00000010275	2191.6465964443732	3101.251615462235	4392.610589875647	2550.953848006503	2883.2600451276935	2538.102272348034	1706.4651163550952	3333.684310089749	1481.8704586637705	1396.0084202407159	1956.0861515957245	2565.684379966417
ENSG00000010276	39.02041418001851	17.435005568304902	51.010961688878474	16.05635781593393	36.659377560428396	40.39885969827321	27.787267220341587	30.33866877490671	45.749020871498956	34.146968552650605	38.09320645756036	20.427423407375937
ENSG00000010277	364.1905323468394	316.0094759255264	221.04750065180673	226.79605415006674	247.4507985328917	214.28960361692748	202.68359619543276	285.540411999122	208.85422571771264	349.5042663624239	175.22874970477764	431.0186338956322
ENSG00000010278	47.691617331133735	39.22876252868603	22.671538528390435	64.22543126373571	98.98031941315668	54.450636984629114	49.03635391824986	19.630903324939634	73.59625096719397	44.19019459754785	53.3304890405845	71.49598192581577
ENSG00000010279	106.22223860116151	67.5606465771815	43.453782179415	72.25361017170268	95.31438165711384	43.91180401986219	47.40180878764153	80.30824087475305	119.34527183869292	94.40632482203404	53.3304890405845	87.83792065171652
ENSG00000010280	1068.7257883749514	1133.2753619398188	757.6072458237137	790.775622434746	1541.5268264160143	1958.4664592858535	1451.476075980196	901.2369253722287	1356.557923233143	1719.400298886407	971.3767646677892	921.2767956726547
ENSG00000010281	750.0590725714669	1861.1868444165486	1069.3409005890821	1069.7548394865978	753.3502088668037	1078.4739067278153	1080.4343313321053	712.0664024228104	982.6094048052386	980.2188619819703	1081.847063394714	1052.0123054798605
ENSG00000010282	47529.032272050325	55953.291620082506	70733.31091370079	74872.8035404269	39445.49025502096	42973.84788599793	62972.48570181648	78653.89111273315	52201.62190224429	36659.783709083895	65019.38944208689	48854.22582108028
ENSG00000010283	4567.556259849945	9687.324968889412	5110.542643274676	4136.519182329978	3484.4738371187195	3848.430504300722	2517.199501136826	3228.3912831650728	4206.9208323139255	2818.1292281981646	6173.004106447656	6173.167353709007
ENSG00000010284	4058.123074721925	5838.547489686104	5222.011041039264	4881.1327760439135	4883.029091049063	2387.0456665197084	4686.240889454079	4568.646591985952	2816.5484153931534	6090.212273625685	2247.499180996061	3417.5079360539935
ENSG00000010285	140.9070512056224	246.26945365230677	145.47570555717195	295.03557486778595	487.5697215536977	193.21193768739363	245.18176959124932	224.86307444930853	173.05064416610475	295.2708457199788	232.3685593911182	212.4452034367097
ENSG00000010286	177.7596645978621	137.3006688504011	143.58641067980608	148.52130979738885	192.46173219224912	184.4295768834212	122.59088479562466	260.55562594919877	208.85422571771264	186.80400443508864	276.1757468173126	261.471019614412
ENSG00000010287	251.46489138234153	305.1125974453358	602.6850658797123	513.8034501098857	568.2203521866402	525.1851760775518	304.02539429314913	392.6180664987927	441.57750580316383	604.6022079028138	346.64817876379925	649.5920643545547
ENSG00000010288	2.1678007877788064	0.0	1.8892948773658695	8.028178907966964	5.4989066340642605	0.0	1.6345451306083287	7.138510299978049	3.9781757279564305	6.025935626938343	3.809320645756036	4.0854846814751875
ENSG00000010289	16384.23835403222	9759.244366858671	8373.354896485533	12062.338809220364	4243.322952619587	7169.919360363098	8216.858371568069	5949.948335031704	10695.325444610864	7960.26096318555	12519.332302277211	11335.177248752905
ENSG00000010290	32.51701181668209	119.86566328209622	103.91121825512282	36.12680508585134	130.14079033952083	63.232997788601544	49.03635391824986	119.57004752463233	81.55260242310683	62.268001478362876	85.7097145295108	175.67584130343303
ENSG00000010291	23.845808665566867	30.51125974453358	18.892948773658695	36.12680508585134	64.1539107307497	29.860026733506288	26.15272208973326	32.12329634990122	63.65081164730289	44.19019459754785	28.56990484317027	75.58146660729095
ENSG00000010292	149.57825435673763	143.83879593851546	154.9221799440013	144.50722034340535	190.62876331422768	108.90127396925823	127.49452018744964	87.4467511747311	190.9524349419087	130.5619385836641	133.32622260146127	169.54761428122023
ENSG00000010293	2412.7622767978114	1224.8091411734194	1192.1450676178638	1031.6209896737548	1323.4035299314653	2610.1176309406083	1706.4651163550952	1418.7789221206374	1905.5461736911304	2239.639408012084	1504.6816550736341	1918.1350579526002
ENSG00000010294	3769.8055699473443	2401.6720170340004	3274.148022475052	4417.505444108822	12592.496192007156	8121.92727151371	13460.479150559586	7873.776860875788	11562.567753305368	6536.131510019122	6033.963902877561	3247.9603217727736
ENSG00000010295	268.80729768457195	161.27380150682035	83.12897460409825	156.5494887053558	161.30126126588496	114.17069045164169	219.02904750151603	92.80063389971464	228.7451043574948	154.66568109141747	135.23088292433926	100.09437469614208
ENSG00000010296	756.5624749348034	991.6159416973413	848.2933999372755	1001.5153187688788	665.3677027217755	751.7700848200407	990.5343491486473	710.2817748478159	759.8315640396784	869.7433754881008	908.5229740128145	396.2920141030931
ENSG00000010297	283.98190319902363	294.21571896514524	268.27987258595346	274.96512759786856	610.3786363811329	974.8420492409406	1291.2906531805795	1534.7797144952806	568.8791290977696	576.4811749771015	628.5379065497459	804.8404822506118
ENSG00000010298	60.69842205780658	43.587513920762255	37.78589754731739	56.19725235576875	18.329688780214198	40.39885969827321	44.132718526424874	35.69255149989025	45.749020871498956	40.17290417958895	43.80718742619441	24.512908088851123
ENSG00000010299	212.44447720232301	655.992084507472	502.5524373793213	176.61993597527322	295.10798936144863	692.0500313530281	405.3671923908655	305.1713153240616	656.3989951128111	466.00568848323184	525.6862491143329	257.38553493293676
ENSG00000010300	667.6826426358723	172.1706799870109	323.06942402956366	357.2539614045299	364.7608067262626	237.12374170725582	331.8126615134907	248.0632329242372	228.7451043574948	480.06620494608796	396.1693471586277	210.40246109597211
ENSG00000010301	8.671203151115225	21.793756960381128	9.446474386829347	28.098626177884373	43.991253072514084	21.077665929533847	62.112714963116495	80.30824087475305	17.90179077580394	32.13832334367116	22.855923874536213	42.89758915548946
ENSG00000010302	2987.229485559195	3288.6779253215122	2002.6525700078214	2727.5737839817757	1917.2854464104053	1879.4252120501014	1456.379711372021	2428.8781295675312	1881.677119323392	3892.7544150021695	3123.6429295199496	2441.077097181424
ENSG00000010303	17.34240630223045	23.973132656419242	11.335769264195218	10.035223634958706	29.32750204834272	3.512944321588975	1.6345451306083287	16.06164817495061	7.956351455912861	4.017290417958895	19.04660322878018	14.299196385163153
ENSG00000010304	518.1043882791347	679.9652171638912	406.19839863366195	471.6555108430591	379.42455775043396	516.4028152735793	338.350842035924	490.7725831234909	726.0170703520487	297.27949092895824	588.5400397693076	717.0025615988953
ENSG00000010305	73.70522678447942	34.870011136609804	24.560833405756306	38.133849812843074	27.4945331703213	49.18122050224565	19.61454156729994	30.33866877490671	33.814493687629664	52.22477543346564	26.66524452029225	49.02581617770225
ENSG00000010306	32.51701181668209	117.6862875860581	37.78589754731739	60.211341809752234	71.48578624283539	40.39885969827321	76.82362113859143	89.23137874972562	107.41074465482363	62.268001478362876	51.42582871770648	22.470165748113526
ENSG00000010307	43.35601575557613	76.27814936133394	68.0146155851713	78.2747443526779	60.487972974706864	49.18122050224565	67.01635035494148	67.81584784979145	125.31253543062758	102.44090565795182	53.3304890405845	71.49598192581577
ENSG00000010308	1157.6056206738826	1320.7016717990964	1273.384747344596	1627.713273590302	709.3589557942895	1450.8460048162465	1312.5397398784878	977.9759110969926	1438.1105256562498	871.7520206970803	1041.8491966142758	1133.7219991093643
ENSG00000010309	23.845808665566867	17.435005568304902	37.78589754731739	28.098626177884373	38.49234643844982	98.3624410044913	98.07270783649972	51.754199674840855	35.80358155160788	66.28529189632177	78.09107323799874	30.6411351110639
ENSG00000010310	132.2358480545072	281.1394647889166	137.91852604770847	218.76787524209976	133.80672809556367	184.4295768834212	258.25813063611594	190.95515052441283	224.76692862953837	327.4091690636499	297.12701036897084	81.70969362950375
ENSG00000010311	4014.767058966349	8551.870231253555	7738.551817690602	5790.324037371172	6551.0307700485555	5395.882477960665	4354.428227940588	6206.934705830913	7230.334385560813	4537.529527084573	6449.179853264968	7545.8902066846695
ENSG00000010312	52.02721890669135	82.8162764494483	68.0146155851713	54.190207628777	163.13423014390636	254.6884633152007	364.5035641256573	346.2177495489354	181.0069956220176	138.59651941958188	123.80292098707118	179.7613259849082
ENSG00000010313	327.33791895459973	204.8613154275826	185.15089798185522	511.79640538289397	271.27939394717015	137.00482854197003	426.6162790887738	207.01679869936342	316.26497037253625	323.39187864569107	148.56350518448542	285.9839277032631
ENSG00000010314	1318.0228789695143	1906.9537340333486	1689.0296203650873	1236.3395518269124	1264.74852583478	598.9570068309202	1183.4106745604302	1302.778129745994	648.4426436568982	1588.838360302743	1815.141287702751	1211.3462080573927
ENSG00000010315	175.5918638100833	63.20189518510528	85.01826948146413	98.34519162259531	53.15609746262118	122.95305125561411	60.478169832508165	124.92393024961585	65.6398995112811	120.51871253876685	131.42156227858322	81.70969362950375
ENSG00000010316	624.3266268802962	743.1671123489965	721.7106431537621	660.3177151802828	758.8491155008679	409.2580134651156	972.5543527119556	844.1288429724043	743.9188611278526	664.8615641721972	390.4553661899937	690.4469111693066
ENSG00000010317	93.21543387448867	78.45752505737207	139.80782092507434	78.2747443526779	38.49234643844982	107.14480180846374	102.97634322832471	60.67733754981342	143.2143262064315	84.3630987771368	100.94699711253494	91.9234053331917
ENSG00000010318	897.4695261404258	2473.591415003258	995.6584003718132	965.3885136830274	1559.8565151962284	716.6406416041509	1851.9396329792364	783.4515054225909	1267.0489693541233	1100.7375745207373	1119.9402698522745	1035.67036675396
ENSG00000010319	346.84812604460905	193.96443694739207	202.15455187814806	359.26100613152164	368.4267444823054	198.4813541697771	279.50721733402423	248.0632329242372	344.1122004682313	309.33136218283494	285.6990484317027	322.75328983653975
ENSG00000010320	43.35601575557613	32.6906354405717	52.90025656624435	66.23247599072745	76.98469287689964	42.155331859067694	26.15272208973326	37.47717907488476	35.80358155160788	46.19883980652729	74.28175259224271	61.2822702221278
ENSG00000010321	4983.7740111034755	6758.244033414188	3289.262381493979	4479.723830645566	23951.4043291059	13444.037918721007	22427.593737076877	11725.003167713947	11809.214648438665	12596.214105510116	9784.240078624378	8992.151783926885
ENSG00000010322	260.13609453345674	139.48004454643922	281.5049367275145	248.87354614697588	262.11454955706307	159.83896663229837	155.2817874077912	289.109667149111	177.02881989406117	152.65703588243804	321.887594566385	245.1290808885112
ENSG00000010323	253.63269217012032	84.9956521454864	145.47570555717195	216.760830515108	102.64625716919953	172.13427175785975	119.321794534408	132.0624405495939	121.33435970267115	158.68297150937636	215.22661648521603	245.1290808885112
ENSG00000010324	21.678007877788065	32.6906354405717	60.457436075707825	38.133849812843074	168.63313677797066	189.69899336580465	93.16907244467473	123.13930267462135	79.56351455912862	78.33716315019845	106.660978081169	44.94033149622705
ENSG00000010325	106.22223860116151	152.5562987226679	64.23602583043957	144.50722034340535	109.9781326812852	126.46599557720309	106.24543348954137	69.60047542478598	159.12702911825724	204.88181131590363	125.70758130994918	149.12019087384434
ENSG00000010326	353.35152840794547	324.72697870967886	205.9331416328798	268.9439934168933	141.13860360764934	317.92146110380224	339.98538716653235	303.38668774906705	397.8175727956431	243.04607028651316	228.55923874536217	224.70165748113527
ENSG00000010327	567.9638063980473	523.0501670491471	336.2944881711248	359.26100613152164	372.09268223834823	323.1908775861857	235.37449880759934	330.1561013739848	411.74118784349065	353.5215567803828	342.8388581180432	326.838774518015
ENSG00000010328	2035.564939724299	1573.5092525395175	2365.3971864620685	2153.558992062138	2791.6116012266225	1429.7683388867129	2180.4832042315106	1798.9045955944682	3435.154741090378	2703.6364512863365	1719.9082715588502	2177.563335226275
ENSG00000010329	36.85261339223971	23.973132656419242	28.339423160488042	22.077491996909153	14.66375102417136	17.564721607944875	21.24908669790827	10.707765449967074	17.90179077580394	36.15561376163006	13.332622260146126	16.34193872590075
ENSG00000010330	145.24265278118	108.96878480190566	100.13262850039109	140.49313088942185	175.96501229005634	89.58008020051886	91.53452731406641	165.97036447448963	181.0069956220176	156.6743263003969	159.99146712175352	108.26534405909246
ENSG00000010331	2581.8507382445587	3131.7628752067685	3682.23571598608	1934.7911168200385	4184.667948522902	2039.2641786824	1642.7178562613703	2330.723612942833	3353.6021386672714	2998.9072970063153	3255.064491798533	3049.814314721227
ENSG00000010332	704.535256028112	416.2607579432796	472.3237193414674	363.27509558550514	289.60908272738436	274.00965708394006	317.1017553380157	417.6028525487159	437.5993300752074	447.9278816024168	407.59730909589587	412.63395282899387
ENSG00000010333	450.9025638579917	682.1445928599293	651.806732691225	752.6417726219029	593.8819164789402	467.2215947713337	493.6326294437153	683.5123612228982	578.8245684176608	950.0891838472786	944.7115201474969	1246.072827849932
ENSG00000010334	9334.55019217554	8599.816496566393	9858.340670095105	10153.639273851219	10777.857002765952	6038.751288811448	6163.8696875240075	7841.653564525886	7807.1698661144965	8749.658530314473	7902.435679620897	4730.991261148267
ENSG00000010335	463.90936858466455	647.2745817233196	428.8699371620524	730.5642806249937	1218.9243038842442	493.568677183251	583.5326116271734	437.2337558736555	322.23223396447094	628.7059504105671	466.64177910511444	537.241235613987
ENSG00000010336	752.2268733592457	697.4002227321961	918.1973103998125	949.3321558670935	1730.3226208522206	3656.975038774123	3309.953889481865	3674.548176913701	1565.4121489508555	1886.1178512317013	2260.8318032562074	1152.1066801760028
ENSG00000010337	433.56015755576124	281.1394647889166	151.14359018926956	268.9439934168933	225.45517199663465	126.46599557720309	325.2744809910574	224.86307444930853	258.581422317168	293.2622005109993	316.173613597751	522.942039228824
ENSG00000010338	8695.048959780792	9157.73667475215	10572.494133739405	13358.889702857028	9830.212092828877	8360.80748538176	7041.62042266068	10716.688587842045	10924.07054896836	13839.565489868393	9123.322946585706	11247.339328101189
ENSG00000010339	1138.0954135838733	1593.1236338038607	2112.2316728950423	2372.3268673042376	3656.772911652733	1245.3387620032915	2260.5759156313184	2853.619492416225	2309.3310100787085	1759.573203065996	2628.4312455716645	2238.8456054484027
ENSG00000010340	69.3696252089218	61.02251948906716	54.789551443610215	68.2395207177192	47.65719082855692	135.2483563811755	47.40180878764153	51.754199674840855	55.694460191390036	86.37174398611624	22.855923874536213	75.58146660729095
ENSG00000010341	1190.1226324905647	991.6159416973413	459.09865519990626	768.6981304378368	421.58284194492666	864.1843031108879	673.4325938106314	497.9110934234689	887.1331873342841	1169.0315116260385	668.5357733301844	1485.0736817162306
ENSG00000010342	45.523816543354926	50.1256410088766	22.671538528390435	10.035223634958706	29.32750204834272	26.34708241191731	35.959992873383236	17.846275749945125	19.890878639782155	16.06916167183558	20.951263551658197	40.85484681475187
ENSG00000010343	3984.4178479374455	3179.7091405196065	2289.825391367434	3002.5389115796447	4107.683255646002	4210.263769424387	2832.6667113442336	2664.448969466807	1611.1611698223546	1839.919011425174	2815.0879572137105	4214.177448941655
ENSG00000010344	1268.1634608506017	592.7901893223667	2221.8107757822627	987.4660056799365	4017.867780622953	5682.187440170167	5714.369776606717	2850.050237266236	1145.714609651452	1713.3743632594687	935.1882185331068	2197.990758633651
ENSG00000010345	229.7868835045535	130.7625417622868	211.6010262649774	270.95103814388506	157.63532350984212	57.96358130621809	335.08175177470736	151.69334387453353	173.05064416610475	180.77806880815027	215.22661648521603	257.38553493293676
ENSG00000010346	149.57825435673763	169.9913042909728	85.01826948146413	86.30292326064486	166.80016789994923	93.09302452210784	53.93998931007485	121.35467509962685	95.47621747095435	118.5100673297874	66.66311130073063	85.79517831097893
ENSG00000010347	10.839003938894033	6.538127088114338	9.446474386829347	6.021134180975222	0.0	3.512944321588975	3.2690902612166575	3.5692551499890244	7.956351455912861	4.017290417958895	7.618641291512072	4.0854846814751875
ENSG00000010348	1155.4378198861036	1590.9442581078224	1107.1267981363997	1643.769631406236	1479.205884563286	997.6761873312688	1194.8524904746882	1234.9622818962023	1298.8743751777747	1367.8873873150037	1312.3109624629542	2244.973832470615
ENSG00000010349	392.37194258796393	211.39944251569696	200.26525700078219	130.45790725446315	141.13860360764934	274.00965708394006	93.16907244467473	128.49318539960487	91.49804174299791	233.00284424161592	110.47029872692504	390.16378708088035
ENSG00000010350	112.72564096449793	226.65507238796374	313.62294964273434	120.42268361950447	128.3078214614994	193.21193768739363	138.93633610170795	80.30824087475305	234.71236794942942	126.54464816570518	119.99360034131513	206.31697641449693
ENSG00000010351	1547.8097624740676	1699.9130429097281	1651.24372281777	1378.839727443326	1378.3925962721078	1322.623537078249	840.156197132681	1058.2841519717458	2197.942089695928	968.1669907280938	1655.1498205809976	1601.5099951382733
ENSG00000010352	62.86622284558538	115.50691189001998	94.46474386829347	102.35928107657878	69.65281736481397	50.93769266304014	67.01635035494148	71.3851029997805	131.2797990225622	96.41497003101348	87.61437485238882	28.598392770326306
ENSG00000010353	108.39003938894031	80.63690075341017	60.457436075707825	132.4649519814549	148.47047911973505	52.69416482383462	57.209079571291504	48.18494452485183	125.31253543062758	70.30258231428066	60.94913033209657	142.99196385163154
ENSG00000010354	106.22223860116151	84.9956521454864	60.457436075707825	60.211341809752234	295.10798936144863	463.7086504497447	205.95268645664942	405.1104595237543	107.41074465482363	160.6916167183558	180.94273067341172	138.90647917015636
ENSG00000010355	19.510207090009256	34.870011136609804	24.560833405756306	14.049313088942187	18.329688780214198	10.538832964766923	16.345451306083287	10.707765449967074	17.90179077580394	18.07780688081503	11.427961937268106	26.555650429588713
ENSG00000010356	20060.828490105076	42077.206563407846	38654.973190905686	36959.72864755291	30407.12071749734	51861.597019618035	36863.896330609634	33856.1697252209	39771.81184024442	50804.66327071717	43039.609316074566	45181.37509243409
ENSG00000010357	175.5918638100833	113.32753619398187	255.05480844439236	238.83832251201719	278.6112694592559	201.99429849136607	142.2054263629246	128.49318539960487	218.7996650376037	194.8385852710064	234.27321971399618	251.257307910724
ENSG00000010358	238.4580866556687	204.8613154275826	107.68980800985456	172.60584652128972	390.42237101856244	491.81220502245645	511.6126258804069	383.69492862382015	153.15976552632262	407.7549774228279	325.6969152121411	208.35971875523452
ENSG00000010359	1101.2428001916335	1107.1228535873613	1879.8484029790402	1356.762235446417	1413.219004954515	1452.602476977041	1930.3977992484363	845.9134705473988	1859.7971528196315	1442.2072600472434	1801.808665442605	1865.0237570934228
ENSG00000010360	2.1678007877788064	0.0	1.8892948773658695	2.007044726991741	3.66593775604284	7.02588864317795	14.710906175474959	14.277020599956098	3.9781757279564305	0.0	5.713980968634053	0.0
ENSG00000010361	251.46489138234153	187.4263098592777	196.48666724605044	274.96512759786856	661.7017649657327	1129.4115993908554	733.9107636431396	631.7581615480573	787.6787941353733	476.0489145281291	653.2984907471601	259.4282772736744
ENSG00000010362	290.48530556236	178.70880707512526	262.6119879538559	301.05670904876115	298.77392711749144	205.50724281295504	145.47451662414127	290.8942947241055	212.83240144566906	295.2708457199788	182.8473909962897	449.40331496227054
ENSG00000010363	58.53062127002777	30.51125974453358	15.114359018926956	68.2395207177192	40.32531531647124	56.2071091454236	40.86362826520821	26.769413624917682	77.57442669515041	36.15561376163006	53.3304890405845	28.598392770326306
ENSG00000010364	739.2200686325729	841.2390186707116	491.2166681151261	756.6558620758864	733.187551208568	567.3405079366195	678.3362292024564	431.879873148672	787.6787941353733	604.6022079028138	1167.556777924225	537.241235613987
ENSG00000010365	2.1678007877788064	0.0	1.8892948773658695	4.014089453983482	1.83296887802142	3.512944321588975	3.2690902612166575	0.0	1.9890878639782152	4.017290417958895	3.809320645756036	12.256454044425562
ENSG00000010366	331.67352053015736	132.9419174583249	168.1472440855624	295.03557486778595	245.61782965487032	321.4344054253912	353.061748211399	521.1112518983975	240.6796315413641	188.81264964406807	150.4681655073634	96.00889001466689
ENSG00000010367	1964.0275137275983	1157.2484945962378	1535.9967352984518	1615.6710052283515	1657.0038657313637	995.9197151704743	1513.5887909433122	1202.8389855463013	1113.8892038278007	2181.3886969516802	2451.297835544009	2355.281918870445
ENSG00000010368	2.1678007877788064	0.0	1.8892948773658695	2.007044726991741	3.66593775604284	5.269416482383462	9.80727078364997	1.7846275749945122	0.0	2.0086452089794475	1.904660322878018	2.0427423407375938
ENSG00000010369	21.678007877788065	10.896878480190564	22.671538528390435	10.035223634958706	23.82859541427846	21.077665929533847	17.979996436691618	12.492393024961586	5.967263591934647	10.043226044897237	15.237282583024143	12.256454044425562
ENSG00000010370	49.859418118912544	128.58316606624865	160.59006457609888	138.48608616243013	130.14079033952083	89.58008020051886	215.7599572402994	194.52440567440186	208.85422571771264	323.39187864569107	112.37495904980305	175.67584130343303
ENSG00000010371	160.41725829563168	363.95574123836485	207.82243651024564	144.50722034340535	219.9562653625704	298.6002673350629	202.68359619543276	331.94072894897926	216.8105771736255	253.08929633141037	430.45323297043205	204.27423407375935
ENSG00000010372	34.6848126044609	56.663768096990935	62.346730953073696	94.33110216861184	53.15609746262118	87.82360803972438	91.53452731406641	78.52361329975854	97.46530533493257	44.19019459754785	39.99786678043838	49.02581617770225
ENSG00000010373	648.1724355458631	300.75384605325956	529.0025656624434	531.8668526528114	619.54348077124	333.72971055095263	431.5199144805988	474.7109349485403	367.9812548359698	241.0374250775337	668.5357733301844	443.27508794005774
ENSG00000010374	366.35833313461825	374.8526197185554	477.991603973565	397.39485594436474	405.08612204273385	330.21676622936366	403.7326472602572	348.0023771239299	334.1667611483402	377.62529928813615	285.6990484317027	424.8904068734194
ENSG00000010375	28.181410241124482	13.076254176228677	13.225064141561088	12.042268361950445	18.329688780214198	3.512944321588975	8.172725653041644	16.06164817495061	19.890878639782155	30.129678134691712	20.951263551658197	22.470165748113526
ENSG00000010376	229.7868835045535	226.65507238796374	211.6010262649774	285.0003512328272	227.2881408746561	93.09302452210784	102.97634322832471	337.29461167396283	258.581422317168	202.8731661069242	104.75631775829099	118.47905576278042
ENSG00000010377	17.34240630223045	21.793756960381128	11.335769264195218	14.049313088942187	34.826408682406985	8.782360803972438	14.710906175474959	16.06164817495061	35.80358155160788	10.043226044897237	17.141942905902162	22.470165748113526
ENSG00000010378	0.0	6.538127088114338	1.8892948773658695	4.014089453983482	1.83296887802142	7.02588864317795	1.6345451306083287	1.7846275749945122	1.9890878639782152	0.0	11.427961937268106	10.213711703687968
ENSG00000010379	2.1678007877788064	2.1793756960381128	0.0	4.014089453983482	0.0	0.0	1.6345451306083287	0.0	0.0	4.017290417958895	1.904660322878018	4.0854846814751875
ENSG00000010380	1586.830176654086	1449.2848378653453	1148.6912854384486	1515.3187688787646	1279.4122768589514	860.6713587892989	2105.2941282235274	1115.39223437157	1849.8517134997405	1526.57035882438	1222.7919272876875	1826.2116526194086
ENSG00000010381	84.54423072337345	159.09442581078227	122.80416702878152	124.43677307348794	509.5653480899548	532.2110647207297	550.8417090150068	578.219334298222	497.27196599455385	508.1872378718003	386.6460455442376	330.9242591994901
ENSG00000010382	18972.592494640114	11398.13489027933	11868.550419612391	8493.813284629046	11027.140770176862	9369.022505677796	8270.798360878143	9460.31077504591	9056.317044692814	5561.9385836640895	6117.768957084194	11578.263587300678
ENSG00000010383	21.678007877788065	15.25562987226679	13.225064141561088	6.021134180975222	10.997813268128521	8.782360803972438	8.172725653041644	8.923137874972562	5.967263591934647	8.03458083591779	22.855923874536213	22.470165748113526
ENSG00000010384	151.74605514451645	74.09877366529584	113.35769264195217	98.34519162259531	106.31219492524237	142.2742450243535	86.63089192224142	87.4467511747311	115.3670961107365	168.7261975542736	177.13341002765569	132.77825214794356
ENSG00000010385	624.3266268802962	575.3551837540618	307.95506501063676	441.549839938183	339.09924243396273	562.071091454236	214.12541210969107	246.2786053492427	220.78875290158192	156.6743263003969	820.9085991604258	232.87262684408566
ENSG00000010386	149.57825435673763	237.5519508681543	222.93679552917263	116.40859416552098	210.79142097246333	93.09302452210784	148.7436068853579	60.67733754981342	107.41074465482363	224.96826340569814	121.89826066419315	120.52179810351801
ENSG00000010387	700.1996544525545	653.8127088114338	674.4782712196154	670.3529388152415	612.2116052591543	2037.5077065216055	830.348926349031	2705.4954036916806	1090.0201494600622	1504.4752615256061	1095.1796856548604	1276.713962960996
ENSG00000010388	277.4785008356872	492.53890730461353	283.3942316048804	433.521661030216	208.95845209444187	219.55902009931094	228.83631828516602	171.32424719947318	352.0685519241442	319.3745882277322	291.4130294003367	251.257307910724
ENSG00000010389	82.37642993559464	43.587513920762255	58.568141198341955	54.190207628777	64.1539107307497	50.93769266304014	34.325447742774905	58.89270997481891	59.67263591934646	94.40632482203404	79.99573356087676	67.41049724434059
ENSG00000010390	4.335601575557613	0.0	3.778589754731739	6.021134180975222	3.66593775604284	0.0	1.6345451306083287	3.5692551499890244	3.9781757279564305	0.0	0.0	2.0427423407375938
ENSG00000010391	43.35601575557613	28.331884048495468	43.453782179415	32.11271563186786	25.661564292299882	31.616498894300772	22.883631828516602	28.554041199912195	27.847230095695018	20.086452089794474	34.283885811804325	18.38468106663834
ENSG00000010392	7318.49545954125	6673.248381268702	8815.449897789147	6261.979548214232	11303.919070758098	4282.27912801696	4068.3828300841296	8573.350870273636	7962.318719504798	4159.904227796436	5647.317857333323	7874.771723543422
ENSG00000010393	1435.0841215095697	1303.2666662307913	933.3116694187396	1643.769631406236	1132.7747666172377	1087.2562675317877	828.7143812184227	778.0976226976074	648.4426436568982	915.942215294628	878.0484088467663	984.60180823552
ENSG00000010394	4873.216170926757	3279.96042253736	3757.8075110807144	3269.475860269546	2076.753738798269	3005.323867119368	3960.5028514639803	3704.8868456886075	2943.8500386877586	2854.284841959795	2584.6240581454704	4146.766951697315
ENSG00000010395	52.02721890669135	34.870011136609804	60.457436075707825	48.16907344780178	64.1539107307497	50.93769266304014	40.86362826520821	92.80063389971464	109.39983251880184	66.28529189632177	34.283885811804325	55.15404319991502
ENSG00000010396	197.2698716878714	126.40379037021056	98.24333362302522	148.52130979738885	166.80016789994923	138.76130070276452	169.99269358326617	148.12408872454452	87.51986601504149	118.5100673297874	91.42369549814485	126.6500251257308
ENSG00000010397	43.35601575557613	28.331884048495468	41.56448730204912	34.1197603588596	62.32094185272828	14.0517772863559	47.40180878764153	26.769413624917682	39.78175727956431	32.13832334367116	45.711847749072426	44.94033149622705
ENSG00000010398	672.01824421143	486.0007802164992	487.43807836039434	325.14124577266205	1125.4428911051518	3375.939493047005	2469.7976923491847	1723.9502374446988	1374.459714008947	1158.9882855811413	1434.2092231271474	759.9001507543848
ENSG00000010399	227.61908271677464	178.70880707512526	239.94044942546543	174.61289124828147	131.97375921754224	191.45546552659914	351.42720308079066	180.24738507444573	348.0903761961877	283.2189744661021	259.0338039114105	253.3000502514616
ENSG00000010400	1047.0477804971633	673.427090075777	485.5487834830285	576.0218366466297	654.3698894536469	463.7086504497447	338.350842035924	362.279397723886	879.1768358783712	263.13252237630763	870.4297675552542	492.30090411776
ENSG00000010401	9774.613752094638	8769.807800857367	7551.511624831381	8642.334594426437	8589.292162408376	10447.496412405611	9034.130936872232	6128.411092531155	5213.399291486903	12445.565714836657	12325.056949343652	5889.226168346482
ENSG00000010402	30.34921102890329	58.84314379302905	52.90025656624435	36.12680508585134	67.81984848679254	35.12944321588975	26.15272208973326	23.20015847492866	47.73810873547718	56.242065851424535	57.13980968634054	44.94033149622705
ENSG00000010403	1430.7485199340122	773.6783720935301	1229.930965165181	1129.9661812963502	857.8294349140245	902.8266906483665	717.5653123370563	1183.2080822213618	712.0934553042011	817.5186000546352	1230.4105685791994	794.6267705469238
ENSG00000010404	10.839003938894033	6.538127088114338	7.557179509463478	14.049313088942187	12.830782146149941	28.1035545727118	6.538180522433315	16.06164817495061	7.956351455912861	16.06916167183558	13.332622260146126	8.170969362950375
ENSG00000010405	2020.3903342098472	2292.7032322320947	887.9685923619587	2368.3127778502544	10222.46743272546	10208.616198537562	8496.365588902092	7639.990648551507	5100.021283240145	4220.163584065819	5508.277653763228	5499.062381265601
ENSG00000010406	93.21543387448867	82.8162764494483	66.12532070780543	148.52130979738885	386.75643326251964	354.8073764804865	787.8507529532144	255.20174322421522	190.9524349419087	247.06336070447205	142.84952421585135	353.3944249476037
ENSG00000010407	307.82771186459047	257.1663321324973	164.36865433083065	128.45086252747143	284.1101760933201	177.40368824024324	184.70359975874115	183.81664022443476	61.661723783324675	235.01148945059538	163.80078776750955	206.31697641449693
ENSG00000010408	281.8141024112448	161.27380150682035	306.06577013327086	365.28214031249684	410.5850286767981	298.6002673350629	253.35449524429094	283.75578442412746	375.93760629188273	208.89910173386255	449.4998361992122	416.71943751046905
ENSG00000010409	5536.563211987072	6817.087177207217	4245.245589441109	6984.515649931258	6653.6770272177555	2320.299724409518	6618.273233833123	3960.0885889128226	3556.489100793049	5967.684915877939	7729.1115902389965	3950.663686986506
ENSG00000010410	301.32430950125405	311.6507245334501	141.6971158024402	202.71151742616584	247.4507985328917	138.76130070276452	184.70359975874115	351.57163227391896	141.2252383424533	265.14116758528706	205.70331487082592	142.99196385163154
ENSG00000010411	73.70522678447942	65.3812708811434	60.457436075707825	110.38745998454576	64.1539107307497	50.93769266304014	89.89998218345808	110.64690964965976	67.62898737525933	68.29393710530121	28.56990484317027	75.58146660729095
ENSG00000010412	47.691617331133735	15.25562987226679	15.114359018926956	20.070447269917413	5.4989066340642605	17.564721607944875	6.538180522433315	17.846275749945125	15.912702911825722	20.086452089794474	34.283885811804325	18.38468106663834
ENSG00000010413	468.2449701602222	577.5345594501	224.82609040653847	465.6343766620839	245.61782965487032	331.97323839015814	356.33083847261565	637.1120442730409	391.85030920370843	291.2535553020199	207.60797519370396	586.2670517916894
ENSG00000010414	58.53062127002777	28.331884048495468	35.89660266995152	22.077491996909153	25.661564292299882	33.372971055095256	21.24908669790827	48.18494452485183	45.749020871498956	36.15561376163006	19.04660322878018	51.068558518439836
ENSG00000010415	136.57144963006482	82.8162764494483	86.90756435883	62.21838653674397	93.48141277909242	165.10838311468183	62.112714963116495	69.60047542478598	77.57442669515041	112.48413170284907	64.75845097785262	73.53872426655336
ENSG00000010416	231.95468429233227	246.26945365230677	228.6046801612702	118.41563889251272	274.945331703213	207.2637149737495	189.6072351505661	224.86307444930853	214.82148930964726	303.3054265558966	432.35789329331004	218.5734304589225
ENSG00000010417	661.1792402725359	1039.5622070101797	700.9283995027376	642.2543126373572	4930.68628187762	1877.668739889307	3295.2429833063907	3910.1190168129765	1018.4129863568462	1982.5328212627148	1660.8638015496317	1480.988197034755
ENSG00000010418	86.71203151115226	63.20189518510528	37.78589754731739	66.23247599072745	53.15609746262118	31.616498894300772	45.767263657033205	35.69255149989025	31.825405823651444	40.17290417958895	43.80718742619441	85.79517831097893
ENSG00000010419	659.0114394847571	1017.7684500497987	612.1315402665417	678.3811177232085	641.539107307497	1283.9811495407705	1289.6561080499712	547.8806655233152	873.2095722864366	729.1382108595394	628.5379065497459	1090.824409953875
ENSG00000010420	7398.704088689065	6982.719730106113	7092.412969631474	7955.925297795262	5355.93506157859	7761.85047855084	5944.840640022491	6292.59682943065	12819.6712833396	5744.72529768122	8900.477688808976	5398.968006569459
ENSG00000010421	15.174605514451645	10.896878480190564	17.003653896292825	6.021134180975222	14.66375102417136	8.782360803972438	17.979996436691618	8.923137874972562	15.912702911825722	20.086452089794474	7.618641291512072	16.34193872590075
ENSG00000010422	5540.898813562629	4520.025193583046	2297.3825708768973	4487.752009553533	11437.725798853662	11956.305998528076	9436.22903900188	8005.839301425382	6428.731976377592	6210.730986164452	5315.906961152547	5405.096233591672
ENSG00000010423	25697.11053832997	17973.311365226316	15819.066008184425	16060.37190538791	15723.207035667743	15348.053741022231	6700.000490363539	8575.13549784863	27843.25191996706	19640.53285340104	21086.49443458254	21791.97529098865
ENSG00000010424	45.523816543354926	56.663768096990935	43.453782179415	104.36632580357053	62.32094185272828	35.12944321588975	75.18907600798312	51.754199674840855	63.65081164730289	106.45819607591072	62.85379065497459	40.85484681475187
ENSG00000010425	591.809615063614	1135.4547376358569	1010.7727593907402	1019.5787213118045	854.1634971579817	762.3089177848075	666.894413288198	558.5884309732822	1223.2890363466026	662.8529189632177	1468.4931089389518	917.1913109911794
ENSG00000010426	6.503402363336419	13.076254176228677	9.446474386829347	6.021134180975222	18.329688780214198	14.0517772863559	19.61454156729994	10.707765449967074	3.9781757279564305	22.095097298773926	11.427961937268106	12.256454044425562
ENSG00000010427	583.1384119124989	466.3863989521561	243.71903918019717	242.85241196600066	434.41362409107654	370.61562592763687	578.6289762353484	522.8958794733921	425.6648028913381	435.87601034854015	314.26895327487296	682.2759418063562
ENSG00000010428	184.26306696119855	126.40379037021056	102.02192337775695	88.30996798763661	109.9781326812852	177.40368824024324	114.41815914258301	69.60047542478598	131.2797990225622	144.62245504652023	110.47029872692504	296.19763940695105
ENSG00000010429	242.79368823122633	771.498996397492	383.5268601052715	555.9513893767122	405.08612204273385	305.62615597824083	341.6199322971407	526.4651346233811	455.50112085101136	453.95381722935514	377.12274392984756	406.5057258067811
ENSG00000010430	56.362820482248964	37.04938683264792	20.78224365102456	26.091581450892633	43.991253072514084	63.232997788601544	6.538180522433315	30.33866877490671	45.749020871498956	30.129678134691712	38.09320645756036	44.94033149622705
ENSG00000010431	23.845808665566867	54.48439240095283	26.450128283122176	72.25361017170268	21.995626536257042	38.642387537478726	32.690902612166575	32.12329634990122	41.77084514354252	26.11238771673282	74.28175259224271	44.94033149622705
ENSG00000010432	123.56464490339197	102.4306577137913	102.02192337775695	94.33110216861184	93.48141277909242	112.4142182908472	73.5545308773748	82.09286844974757	69.61807523923754	152.65703588243804	26.66524452029225	59.23952788139021
ENSG00000010433	54.195019694470155	93.71315492963885	68.0146155851713	36.12680508585134	25.661564292299882	35.12944321588975	44.132718526424874	44.61568937486281	55.694460191390036	106.45819607591072	57.13980968634054	53.111300859177426
ENSG00000010434	52.02721890669135	78.45752505737207	124.69346190614739	20.070447269917413	32.99343980438556	79.04124723575194	75.18907600798312	66.03122027479695	81.55260242310683	80.3458083591779	51.42582871770648	85.79517831097893
ENSG00000010435	175.5918638100833	231.01382378003996	124.69346190614739	152.5353992513723	153.9693857537993	198.4813541697771	98.07270783649972	137.41632327457745	113.37800824675828	96.41497003101348	175.22874970477764	175.67584130343303
ENSG00000010436	26.013609453345676	10.896878480190564	18.892948773658695	10.035223634958706	21.995626536257042	15.808249447150386	11.441815914258301	21.415530899934147	15.912702911825722	24.10374250775337	28.56990484317027	32.6838774518015
ENSG00000010437	325.17011816682094	213.57881821173507	185.15089798185522	272.9580828708768	106.31219492524237	149.30013366753144	209.22177671786608	219.509191724325	292.39591600479764	214.92503736080087	118.08894001843711	228.78714216261045
ENSG00000010438	641.6690331825267	549.2026754016044	801.0610280031287	549.9302551957371	557.2225389185118	674.4853097450831	545.9380736231818	405.1104595237543	320.2431461004927	841.6223425623884	575.2074175091615	377.90733303645476
ENSG00000010439	0.0	2.1793756960381128	0.0	4.014089453983482	9.164844390107099	1.7564721607944875	3.2690902612166575	8.923137874972562	0.0	6.025935626938343	5.713980968634053	6.128227022212781
ENSG00000010440	268.80729768457195	577.5345594501	251.27621868966065	307.07784322973635	141.13860360764934	331.97323839015814	364.5035641256573	299.8174325990781	242.6687194053423	216.93368256978033	219.03593713097206	251.257307910724
ENSG00000010441	39.02041418001851	71.91939796925773	71.79320533990304	38.133849812843074	49.49015970657834	52.69416482383462	14.710906175474959	35.69255149989025	33.814493687629664	44.19019459754785	72.37709226936468	40.85484681475187
ENSG00000010442	21.678007877788065	37.04938683264792	17.003653896292825	16.05635781593393	9.164844390107099	15.808249447150386	13.07636104486663	16.06164817495061	7.956351455912861	28.121032925712267	24.760584197414232	18.38468106663834
ENSG00000010443	13.006804726672838	8.717502784152451	15.114359018926956	10.035223634958706	10.997813268128521	15.808249447150386	6.538180522433315	12.492393024961586	9.945439319891078	16.06916167183558	3.809320645756036	20.427423407375937
ENSG00000010444	84.54423072337345	63.20189518510528	24.560833405756306	84.29587853365312	47.65719082855692	15.808249447150386	42.49817339581654	23.20015847492866	35.80358155160788	58.25071106040398	49.521168394828464	26.555650429588713
ENSG00000010445	34.6848126044609	34.870011136609804	62.346730953073696	42.14793926682656	20.16265765823562	21.077665929533847	35.959992873383236	41.046434224873785	49.72719659945539	86.37174398611624	28.56990484317027	42.89758915548946
ENSG00000010446	208.1088756267654	542.6645483134901	428.8699371620524	463.6273319350922	375.75861999439115	154.5695501499149	294.2181235094992	228.43232959929756	393.83939706768666	628.7059504105671	542.8281920202351	457.5742843252209
ENSG00000010447	19.510207090009256	26.152508352457353	9.446474386829347	18.06340254292567	16.49671990219278	14.0517772863559	32.690902612166575	33.90792392489573	13.923615047847509	24.10374250775337	20.951263551658197	8.170969362950375
ENSG00000010448	2573.179535093443	2277.447602359828	2588.333981991241	1730.0725546668807	1541.5268264160143	1255.8775949680587	1507.050610420879	1224.2545164462354	1378.4378897369033	1833.8930757982355	1942.7535293355784	1233.8163738055066
ENSG00000010449	65.03402363336419	37.04938683264792	34.00730779258565	58.20429708276049	29.32750204834272	36.88591537668424	9.80727078364997	58.89270997481891	51.7162844634336	12.051871253876685	22.855923874536213	26.555650429588713
ENSG00000010450	652.5080371214208	337.8032328859075	513.8882066435166	704.4726991741012	555.3895700404903	1053.8832964766923	465.8453622233737	1133.2385101215152	1036.3147771326503	930.0027317574842	1001.8513298338373	1072.4397288872365
ENSG00000010451	1400.399308905109	1850.2899659363577	1934.6379544226504	1826.4107015624845	3237.023038585828	1038.075047029542	573.7253408435234	2869.681140591176	1545.5212703110735	2259.7258601018784	674.2497542988183	2022.3149173302172
ENSG00000010452	26.013609453345676	2.1793756960381128	17.003653896292825	12.042268361950445	9.164844390107099	19.321193768739363	9.80727078364997	16.06164817495061	13.923615047847509	10.043226044897237	22.855923874536213	20.427423407375937
ENSG00000010453	2172.136389354364	1882.9806013769296	1129.79833666479	2175.6364840590472	1427.8827559786862	1220.7481517521687	1207.9288515195549	1317.05515034595	2003.011479026063	1275.4897077019493	2432.251232315229	1752.672928352855
ENSG00000010454	13650.641560643142	22063.999546689854	16323.507740441111	14302.200724543147	15992.653460736889	13575.773330780594	11412.39410190735	13166.98224830951	18826.71663255381	25529.880606128776	15982.004769269448	12581.250076602837
ENSG00000010455	71.5374259967006	108.96878480190566	56.678846320976085	96.33814689560356	69.65281736481397	84.31066371813539	58.843624701899834	76.73898572476404	117.35618397471471	66.28529189632177	78.09107323799874	91.9234053331917
ENSG00000010456	383.7007394368487	1475.4373462178025	1184.5878881084002	397.39485594436474	551.7236322844474	1810.9227977791165	585.1671567577818	572.8654515732384	811.5478485031118	809.4840192187174	1005.6606504795934	578.0960824287389
ENSG00000010457	156.08165672007405	183.0675584672015	249.38692381229478	202.71151742616584	821.1700573535962	214.28960361692748	477.287178137632	624.6196512480793	332.17767328436196	299.28813613793767	188.56137196492378	533.1557509325119
ENSG00000010458	407.54654810241556	292.03634326910714	330.6266035390272	473.66255557005087	223.62220311861324	159.83896663229837	155.2817874077912	351.57163227391896	383.8939577477956	331.42645948160884	306.6503119833609	353.3944249476037
ENSG00000010459	270.9750984723508	180.88818277116337	141.6971158024402	188.66220433722367	456.4092506273336	544.5063698462911	367.77265438687397	678.1584784979146	445.5556815311203	301.2967813469171	361.88546134682343	298.2403817476887
ENSG00000010460	41.18821496779732	74.09877366529584	94.46474386829347	70.24656544471092	75.15172399887823	66.74594211019051	102.97634322832471	99.93914419969269	79.56351455912862	74.31987273223956	81.90039388375477	63.3250125628654
ENSG00000010461	1008.0273663171449	858.6740242390165	971.097566966057	1170.107075836185	1724.8237142181563	1183.8622363754846	264.79631115854926	874.467511747311	1183.5072790670383	1436.181324420305	561.8747952490153	862.0372677912644
ENSG00000010462	1875.1476814286673	1224.8091411734194	2202.917827008604	1449.086292888037	1471.8740090512003	1041.587991351131	980.7270783649973	722.7741678727774	2259.603813479253	1556.700036959072	2171.3127680809403	1405.4067304274643
ENSG00000010463	188.59866853675615	396.6463766789365	273.9477572180511	232.81718833104196	230.95407863069894	209.020187134544	148.7436068853579	148.12408872454452	296.3740917327541	309.33136218283494	321.887594566385	185.889553007121
ENSG00000010464	7522.268733592458	6139.301335739364	3895.7260371284233	2243.8760047767664	4076.5227847196384	7199.779387096603	3777.4337968358473	4245.629000911945	5223.344730806794	3041.0888463948836	4315.960291641588	5525.61803169519
ENSG00000010465	1736.408431010824	2728.578371439717	3151.3438554462705	2880.1091832331485	2611.9806511805236	2162.217229938014	1618.1996793022454	2603.7716319169936	1732.4955295250256	2356.140830132892	3554.0961624903816	1773.100351760231
ENSG00000010466	1797.1068530686305	1893.87747985712	1073.1194903438138	1862.5375066483357	1277.5793079809298	574.3663965797974	557.3798895374401	860.1904911473549	821.493287823003	1478.3628738088732	838.0505420663279	790.5412858654487
ENSG00000010467	130.06804726672837	122.04503897813431	100.13262850039109	60.211341809752234	56.82203521866403	45.668276180656676	44.132718526424874	69.60047542478598	65.6398995112811	32.13832334367116	62.85379065497459	79.66695128876614
ENSG00000010468	14621.816313568048	14000.309471348837	5919.16085078727	15113.04679424781	13367.842027410215	11120.225249989899	11582.386795490616	21627.901581358496	15196.631280793566	14982.4846137777	8530.973586170643	14830.309393754927
ENSG00000010469	2534.1591209134244	3741.98807009744	2875.5068033508533	2115.425142249295	2076.753738798269	4489.542842990711	2729.6903681159088	4213.505704562043	5746.474839033065	3675.820732432389	4306.436990027199	6036.303616879589
ENSG00000010470	0.0	6.538127088114338	7.557179509463478	4.014089453983482	10.997813268128521	0.0	0.0	1.7846275749945122	3.9781757279564305	4.017290417958895	1.904660322878018	4.0854846814751875
ENSG00000010471	41.18821496779732	26.152508352457353	39.67519242468326	30.105670904876117	45.8242219505355	26.34708241191731	29.421812350949917	32.12329634990122	31.825405823651444	24.10374250775337	60.94913033209657	20.427423407375937
ENSG00000010472	97.55103545004629	37.04938683264792	85.01826948146413	106.37337053056228	95.31438165711384	68.50241427098501	62.112714963116495	55.32345482482988	45.749020871498956	94.40632482203404	104.75631775829099	106.22260171835485
ENSG00000010473	1560.8165672007406	3323.547936458122	1949.7523134415774	1525.3539925137231	1653.3379279753208	1622.9802765741065	1855.208723240453	2055.890966393678	1851.8408013637186	1759.573203065996	1708.4803096215821	1499.3728781013936
ENSG00000010474	3472.816862021648	3133.942250902807	4364.271166715159	4568.033798633203	2710.96097059368	3818.5704775672157	2572.774035577509	3783.410458988366	1774.2663746685682	4770.532371326188	1999.893339021919	1924.263284974813
ENSG00000010475	205.94107483898662	146.01817163455357	117.13628239668391	228.8030988770585	106.31219492524237	168.62132743627078	119.321794534408	221.29381929931952	133.26888688654046	241.0374250775337	112.37495904980305	189.9750376885962
ENSG00000010476	450.9025638579917	725.7321067806915	374.08038571844213	381.3384981284308	445.4114373592051	391.6932918571707	407.00173752147384	174.8935023494622	614.6281499692685	526.2650447526153	401.88332812726173	496.38638879923525
ENSG00000010477	1987.8733223931654	1436.2085836891163	835.0683357957143	824.8953827936056	931.1481900348814	512.8898709519904	848.3289227857226	881.6060220472891	1159.6382246992996	1120.8240266105317	803.7666562545235	929.447765035605
ENSG00000010478	21.678007877788065	8.717502784152451	35.89660266995152	26.091581450892633	16.49671990219278	26.34708241191731	26.15272208973326	16.06164817495061	31.825405823651444	16.06916167183558	32.37922548892631	40.85484681475187
ENSG00000010479	808.5896938414947	1307.6254176228676	719.8213482763963	1212.2550151030114	603.0467608690473	869.4537195932713	727.3725831207063	624.6196512480793	803.591497047199	1257.4119008211342	788.5293736714993	857.9517831097893
ENSG00000010480	108.39003938894031	176.52943137908716	287.17282135961216	180.6340254292567	544.3917567723618	507.6204544696069	418.44355343573216	424.74136284869394	515.1737567703578	166.71755234529414	605.6819826752097	351.35168260686606
ENSG00000010481	565.7960056102685	451.1307690798894	349.51955231268585	256.90172505494286	373.9256511163697	405.7450691435266	361.23447386444064	437.2337558736555	322.23223396447094	216.93368256978033	342.8388581180432	594.4380211546396
ENSG00000010482	149.57825435673763	446.77201768781316	154.9221799440013	268.9439934168933	130.14079033952083	351.2944321588975	166.7236033220495	356.9255149989025	525.1191960902488	108.46684128489017	281.88972778594666	179.7613259849082
ENSG00000010483	23.845808665566867	17.435005568304902	26.450128283122176	6.021134180975222	21.995626536257042	43.91180401986219	27.787267220341587	32.12329634990122	25.8581422317168	24.10374250775337	11.427961937268106	36.76936213327668
ENSG00000010484	80.20862914781584	37.04938683264792	39.67519242468326	42.14793926682656	36.659377560428396	45.668276180656676	27.787267220341587	28.554041199912195	17.90179077580394	28.121032925712267	32.37922548892631	34.72661979253909
ENSG00000010485	244.9614890190051	346.52073567005993	391.084039614735	268.9439934168933	186.96282555818485	172.13427175785975	186.33814488934945	239.14009504926466	513.1846689063796	359.5474924073211	417.1206107102859	369.7363636735044
ENSG00000010486	500.7619819769043	300.75384605325956	372.1910908410763	313.0989774107116	291.4420516054058	205.50724281295504	326.9090261216657	217.7245641493305	290.40682814081947	375.61665407915666	499.02100459404073	586.2670517916894
ENSG00000010487	253.63269217012032	272.4219620047641	162.47935945346478	186.65515961023192	141.13860360764934	137.00482854197003	119.321794534408	174.8935023494622	171.06155630212655	283.2189744661021	114.27961937268108	149.12019087384434
ENSG00000010488	1896.8256893064554	2839.7265319376615	2565.6624434628507	1071.7618842135898	4358.799991934937	4406.988651433368	2752.5739999444254	3135.590649265358	1921.4588766029563	2237.6307628031045	2885.5603891601972	2579.9835763515803
ENSG00000010489	125.73244569117077	207.04069112362072	143.58641067980608	154.54244397836405	181.46391892412058	131.73541205958654	68.65089548554981	69.60047542478598	161.11611698223547	68.29393710530121	165.70544809038756	183.8468106663834
ENSG00000010490	32.51701181668209	28.331884048495468	20.78224365102456	34.1197603588596	7.33187551208568	35.12944321588975	31.056357481558248	33.90792392489573	17.90179077580394	30.129678134691712	17.141942905902162	24.512908088851123
ENSG00000010491	149.57825435673763	71.91939796925773	196.48666724605044	110.38745998454576	141.13860360764934	101.87538532608028	156.91633253839953	148.12408872454452	145.20341407040974	226.97690861467757	211.41729583946	159.33390257753229
ENSG00000010492	229.7868835045535	191.78506125135394	162.47935945346478	268.9439934168933	131.97375921754224	191.45546552659914	156.91633253839953	207.01679869936342	165.09429271019187	295.2708457199788	310.4596326291169	214.48794577744732
ENSG00000010493	366.35833313461825	272.4219620047641	226.71538528390434	190.6692490642154	144.80454136369218	201.99429849136607	207.58723158725775	230.21695717429208	228.7451043574948	168.7261975542736	135.23088292433926	545.4122049769375
ENSG00000010494	3468.48126044609	1595.3030094998987	4685.451295867356	3781.27226565244	3336.0033579989845	1665.1356084331742	2906.2212422216085	1607.9494450700554	2205.8984411518413	2080.9564365027077	2710.3316394554195	3088.626419195241
ENSG00000010495	860.6169127481861	943.669676384503	729.2678226632256	293.0285301407942	815.671150719532	579.6358130621809	856.5016484387643	628.1889063980683	1000.5111955810424	865.726085070142	786.6247133486214	635.2928679693915
ENSG00000010496	2846.3224343535726	3271.2429197532074	2892.510457247146	2653.3131290830815	1574.5202662204	3486.5972391770574	2195.194110406985	3012.4513465907366	1627.0738727341802	1582.8124246758046	2557.958813625178	1997.8020092413662
ENSG00000010497	1415.5739144195604	1721.7067998701093	957.8725028244958	1152.0436732932594	870.6602170601745	1294.5199825055372	661.9907778963731	344.4331219739409	765.798827631613	1277.4983529109288	594.2540207379417	817.0969362950374
ENSG00000010498	353.35152840794547	346.52073567005993	188.92948773658694	164.57766761332275	93.48141277909242	133.49188422038102	134.03270070988296	117.78541994963781	260.57051018114623	285.2276196750816	283.79438810882465	169.54761428122023
ENSG00000010499	2694.576379209056	3528.4092518857046	1632.3507740441112	3052.715029754438	2608.314713424481	1737.150967025748	1167.0652232543468	2582.3561010170592	5036.370471592842	1448.2331956741816	2297.02034939089	1742.4592166491673
