gene_id	GSM2360001	GSM2360002	GSM2360003	GSM2360004	GSM2360005	GSM2360006
ENSMUSG00000029580	213650	13454	10576	6483	8454	6586
ENSMUSG00000057666	0	1	1	0	1	1
ENSMUSG00000060802	21100	357	269	369	538	324
ENSMUSG00000025630	2200	38	44	24	22	25
ENSMUSG00000020524	2800	30	68	64	84	40
ENSMUSG00000021577	8300	120	177	74	176	153
ENSMUSG00000027596	150	3	2	2	2	6
ENSMUSG00000069516	7550	134	111	133	159	69
ENSMUSG00000028526	1000	30	36	20	40	24
ENSMUSG00000071866	2031750	45914	64731	38348	29893	81643
ENSMUSG00000155545	18900	401	407	321	91	101
ENSMUSG00000194575	3600	50	81	44	80	104
ENSMUSG00000117855	3950	61	41	84	83	63
ENSMUSG00000108779	1650	49	35	22	16	45
ENSMUSG00000115269	1750	28	31	27	17	26
ENSMUSG00000199491	4200	54	143	73	83	79
ENSMUSG00000157292	16400	291	328	561	455	589
ENSMUSG00000160126	5400	91	158	59	77	127
ENSMUSG00000188380	72250	710	1043	627	1450	919
ENSMUSG00000173666	8450	88	55	125	91	104
ENSMUSG00000164563	8400	174	121	209	157	153
ENSMUSG00000108992	120900	5500	3213	1803	3498	3438
ENSMUSG00000194499	16300	526	466	690	340	570
ENSMUSG00000147505	1000	32	39	66	78	58
ENSMUSG00000153154	13850	180	137	139	143	102
ENSMUSG00000118118	52450	826	1343	536	899	501
ENSMUSG00000211738	180250	9199	9747	3751	6102	3348
ENSMUSG00000104300	5900	106	107	80	78	44
ENSMUSG00000159443	4300	59	129	58	65	198
ENSMUSG00000174659	51850	1377	998	1048	1611	1462
ENSMUSG00000186128	1500	27	20	32	32	25
ENSMUSG00000200513	5900	39	81	61	104	33
ENSMUSG00000153447	34850	875	855	667	1221	1576
ENSMUSG00000212202	30500	715	489	501	407	461
ENSMUSG00000108203	4800	159	95	199	155	128
ENSMUSG00000169626	38950	658	725	503	480	492
ENSMUSG00000127015	0	1	1	1	1	1
ENSMUSG00000122345	75900	767	655	685	1554	1207
ENSMUSG00000219768	2350	49	34	36	24	29
ENSMUSG00000138198	200	5	3	3	6	4
ENSMUSG00000113333	22750	775	696	355	334	200
ENSMUSG00000162944	30300	639	521	646	1032	606
ENSMUSG00000181969	2950	37	86	79	87	124
ENSMUSG00000142290	400	20	24	20	16	16
ENSMUSG00000127066	4500	95	65	124	81	116
ENSMUSG00000185872	16900	503	231	112	65	122
ENSMUSG00000182781	93800	2819	2706	2458	2201	2591
ENSMUSG00000152909	47800	784	691	406	492	1298
ENSMUSG00000146235	12100	223	150	159	155	166
ENSMUSG00000190676	121150	3466	2852	1269	1943	1418
ENSMUSG00000168236	5650	90	99	111	98	50
ENSMUSG00000111383	1300	32	17	7	29	23
ENSMUSG00000188550	25800	608	261	446	594	639
ENSMUSG00000110693	45500	688	1353	493	398	452
ENSMUSG00000120700	4900	187	125	113	64	70
ENSMUSG00000161432	1350	24	35	38	30	31
ENSMUSG00000111393	9250	263	399	227	198	197
ENSMUSG00000189493	0	0	4	0	2	0
ENSMUSG00000203154	29000	524	708	540	809	378
ENSMUSG00000216874	18450	489	273	313	427	558
ENSMUSG00000215487	200	4	11	6	10	6
ENSMUSG00000182723	8850	132	330	103	102	162
ENSMUSG00000210571	1000	25	14	20	28	29
ENSMUSG00000217964	21750	772	1386	655	266	518
ENSMUSG00000109044	150	1	2	1	5	1
ENSMUSG00000186783	1600	23	30	28	25	40
ENSMUSG00000123679	32300	485	834	465	788	443
ENSMUSG00000143120	115150	4068	2875	1148	602	1402
ENSMUSG00000103475	0	3	2	1	0	0
ENSMUSG00000123994	1650	39	83	44	79	35
ENSMUSG00000196772	10400	352	433	195	394	231
ENSMUSG00000193098	2600	52	41	41	52	22
ENSMUSG00000109483	270550	4172	2942	2648	2281	1978
ENSMUSG00000201757	550	25	13	12	10	14
ENSMUSG00000120505	16250	236	344	169	369	174
ENSMUSG00000159648	750	17	15	7	24	16
ENSMUSG00000200328	125850	1483	2485	2511	3040	2123
ENSMUSG00000208676	10600	349	202	152	91	159
ENSMUSG00000190639	2200	103	42	85	78	49
ENSMUSG00000187647	450	4	12	4	7	7
ENSMUSG00000174491	217600	3270	3742	2734	7560	3525
ENSMUSG00000100737	14300	486	554	573	960	1100
ENSMUSG00000201197	28200	760	708	681	654	718
ENSMUSG00000201509	59400	1415	1171	1255	1006	2697
ENSMUSG00000126506	12550	580	211	249	275	353
ENSMUSG00000138709	1700	24	30	48	27	28
ENSMUSG00000205945	3050	34	13	24	32	21
ENSMUSG00000119826	900	11	46	28	34	32
ENSMUSG00000150943	128500	2336	1866	2309	3670	2544
ENSMUSG00000105695	600	5	18	4	8	12
ENSMUSG00000106370	1250	21	52	57	36	46
ENSMUSG00000103624	5200	112	75	63	49	84
ENSMUSG00000120715	6150	340	295	78	341	245
ENSMUSG00000192468	15550	404	369	593	217	475
ENSMUSG00000195358	1300	31	26	14	10	11
ENSMUSG00000187532	250	6	8	5	4	3
ENSMUSG00000142663	4550	182	58	151	204	196
ENSMUSG00000109126	56200	1631	1957	1858	1717	1168
ENSMUSG00000185201	21450	980	594	823	529	512
ENSMUSG00000209948	6700	197	158	401	221	326
ENSMUSG00000212874	11350	120	119	82	31	85
ENSMUSG00000150083	10800	325	193	494	279	223
ENSMUSG00000157121	3900	184	204	144	104	65
ENSMUSG00000203462	24750	1092	1133	696	1134	1051
ENSMUSG00000113128	1200	23	44	25	13	24
ENSMUSG00000188012	6150	167	137	150	160	270
ENSMUSG00000142197	2800	143	130	52	96	134
ENSMUSG00000155785	49450	1005	792	335	356	590
ENSMUSG00000184436	16150	187	228	205	122	215
ENSMUSG00000184555	522500	11735	20399	29742	17820	22825
ENSMUSG00000149797	144900	1557	3408	2755	3170	3018
ENSMUSG00000167726	68650	2763	2450	3794	2988	2438
ENSMUSG00000143690	150	5	9	3	1	0
ENSMUSG00000118709	3800	95	71	82	154	53
ENSMUSG00000132281	2150	55	38	32	25	60
ENSMUSG00000200999	26050	298	307	374	441	321
ENSMUSG00000139634	150	1	4	0	0	0
ENSMUSG00000136460	67000	878	2294	1018	2223	2038
ENSMUSG00000146948	76800	1121	917	1161	1394	1225
ENSMUSG00000140911	350	12	13	9	9	15
ENSMUSG00000165894	750	19	18	16	22	4
ENSMUSG00000215328	1650	22	46	36	46	23
ENSMUSG00000132129	12150	338	279	133	119	150
ENSMUSG00000129618	55400	1264	1323	508	563	743
ENSMUSG00000120504	592850	10549	7057	6945	15223	7067
ENSMUSG00000183097	12450	96	120	88	97	108
ENSMUSG00000145520	44600	770	551	612	850	469
ENSMUSG00000158135	11300	246	217	186	352	206
ENSMUSG00000120158	160550	5689	8397	4964	6213	8783
ENSMUSG00000128869	28900	722	480	518	735	427
ENSMUSG00000119574	143200	2225	2212	1558	1824	4305
ENSMUSG00000120136	600	24	19	27	12	16
ENSMUSG00000156610	9250	35	87	133	85	129
ENSMUSG00000192004	950	42	42	22	12	29
ENSMUSG00000207794	168600	4365	1446	2982	2408	1891
ENSMUSG00000201301	22300	571	372	890	302	588
ENSMUSG00000174277	5450	119	92	115	146	81
ENSMUSG00000215388	3800	139	87	58	43	58
ENSMUSG00000145393	12300	431	445	337	403	448
ENSMUSG00000127754	2450	35	28	69	24	42
ENSMUSG00000169852	2450	23	14	20	26	22
ENSMUSG00000119505	23100	298	291	290	337	512
ENSMUSG00000168742	1302850	15905	13101	17818	29096	29078
ENSMUSG00000104918	15100	137	156	79	72	123
ENSMUSG00000205827	1550	71	56	26	94	61
ENSMUSG00000113339	600	16	13	17	14	19
ENSMUSG00000183354	250	14	16	9	21	4
ENSMUSG00000194091	32800	251	412	434	462	474
ENSMUSG00000146705	25050	1522	958	1083	369	611
ENSMUSG00000126448	5150	66	253	212	226	176
ENSMUSG00000175175	9650	229	226	271	431	346
ENSMUSG00000212428	8800	183	284	166	124	322
ENSMUSG00000122285	14450	200	230	269	204	252
ENSMUSG00000161482	300	6	10	6	8	6
ENSMUSG00000169632	2250	58	33	73	76	113
ENSMUSG00000198674	7050	177	303	173	212	253
ENSMUSG00000115300	1900	35	26	23	34	47
ENSMUSG00000169721	2250	51	38	43	54	43
ENSMUSG00000213618	1950	40	37	18	41	27
ENSMUSG00000114196	2300	59	104	52	100	91
ENSMUSG00000152013	36650	871	698	829	661	981
ENSMUSG00000189494	5250	85	50	139	134	68
ENSMUSG00000141562	7450	79	134	114	40	75
ENSMUSG00000179500	30550	609	916	455	893	671
ENSMUSG00000140760	20750	475	375	727	397	692
ENSMUSG00000136515	150800	2637	3036	5939	4636	2769
ENSMUSG00000125815	350	2	2	1	1	4
ENSMUSG00000218826	24800	843	530	511	907	516
ENSMUSG00000168813	2100	46	69	51	57	70
ENSMUSG00000132630	12500	183	178	264	185	169
ENSMUSG00000197549	37800	623	401	658	1174	1159
ENSMUSG00000126164	77700	968	2172	1235	2037	1061
ENSMUSG00000212626	48100	982	1793	1559	1633	1474
ENSMUSG00000198653	9450	215	294	187	158	265
ENSMUSG00000131645	146600	4456	2556	2207	6811	3827
ENSMUSG00000120237	3650	111	42	74	139	48
ENSMUSG00000168468	6350	91	121	151	136	157
ENSMUSG00000162101	22950	658	821	532	662	546
ENSMUSG00000121749	2700	51	58	31	45	73
ENSMUSG00000129554	338600	13344	17570	20432	17254	12918
ENSMUSG00000114517	96400	1345	758	1413	1121	839
ENSMUSG00000156447	555100	8490	15305	14598	12148	9993
ENSMUSG00000140883	8750	166	97	137	276	60
ENSMUSG00000146479	2750	108	62	93	54	56
ENSMUSG00000163669	5250	186	249	138	178	137
ENSMUSG00000117028	37450	1128	667	671	829	623
ENSMUSG00000191431	1800	43	50	29	72	21
ENSMUSG00000188511	19750	347	233	349	429	389
ENSMUSG00000158581	10450	165	110	114	131	101
ENSMUSG00000125372	171300	1991	3945	3819	2440	5109
ENSMUSG00000153546	1900	31	56	65	47	43
ENSMUSG00000188024	59700	1275	1253	959	1121	1197
ENSMUSG00000195978	1800	36	40	49	22	40
ENSMUSG00000139186	850	21	34	18	17	21
ENSMUSG00000208572	1300	32	41	25	58	54
ENSMUSG00000124600	700	14	15	7	12	6
ENSMUSG00000156502	14650	372	220	260	181	147
ENSMUSG00000158648	74200	793	1650	1373	929	1479
ENSMUSG00000198857	10650	283	223	159	217	179
ENSMUSG00000173482	24150	823	826	520	456	678
ENSMUSG00000149758	197100	2945	5536	3542	6164	1832
ENSMUSG00000203345	30500	231	571	215	223	287
ENSMUSG00000124351	15300	293	163	224	222	226
ENSMUSG00000168507	4950	66	121	70	79	45
ENSMUSG00000150747	300	7	5	4	1	7
ENSMUSG00000178652	96750	2013	1842	643	929	621
ENSMUSG00000153944	250	4	6	2	7	6
ENSMUSG00000198129	85450	1125	1172	642	541	290
ENSMUSG00000199890	4800	83	86	199	114	110
ENSMUSG00000194023	128350	2824	3223	1194	1678	1148
ENSMUSG00000197038	6700	119	154	158	188	309
ENSMUSG00000215627	2150	25	12	21	30	17
ENSMUSG00000102765	19450	554	364	309	223	470
ENSMUSG00000169148	2750	38	49	30	35	48
ENSMUSG00000164532	4100	54	62	73	165	132
ENSMUSG00000167046	9600	97	137	160	163	249
ENSMUSG00000192732	5400	84	77	123	119	96
ENSMUSG00000103167	4550	47	80	64	99	92
ENSMUSG00000210855	1000	34	19	29	30	35
ENSMUSG00000132189	5600	101	79	60	73	181
ENSMUSG00000144093	50	1	5	5	1	0
ENSMUSG00000172392	2950	73	91	96	82	115
ENSMUSG00000110960	1050	16	9	17	14	14
ENSMUSG00000101038	45650	1629	1367	1930	1237	1080
ENSMUSG00000215817	92800	1449	2584	582	2413	1424
ENSMUSG00000169505	300	3	2	0	5	4
ENSMUSG00000211474	8400	282	191	192	169	194
ENSMUSG00000116319	5350	91	73	58	119	196
ENSMUSG00000126062	1300	14	21	22	23	22
ENSMUSG00000104921	29450	377	752	554	350	207
ENSMUSG00000110685	1650	26	42	63	58	85
ENSMUSG00000203600	550	10	2	9	1	2
ENSMUSG00000111479	3150	127	87	82	101	95
ENSMUSG00000193144	2550	89	98	113	100	203
ENSMUSG00000201996	9700	276	284	266	205	191
ENSMUSG00000100721	900	13	17	10	14	11
ENSMUSG00000196288	26100	558	430	456	257	792
ENSMUSG00000134083	29050	822	678	673	591	739
ENSMUSG00000138879	500	15	21	20	30	33
ENSMUSG00000185957	6700	62	68	37	36	37
ENSMUSG00000219800	5300	63	95	196	109	115
ENSMUSG00000169456	1850	58	38	30	36	36
ENSMUSG00000135760	205200	6287	9178	5421	3197	6775
ENSMUSG00000190646	6700	226	220	360	197	261
ENSMUSG00000141742	1600	12	16	19	19	27
ENSMUSG00000160755	1650	20	39	24	6	49
ENSMUSG00000119975	7700	90	129	161	152	208
ENSMUSG00000107940	488550	13216	14582	13880	11520	5453
ENSMUSG00000170725	4750	47	114	108	195	104
ENSMUSG00000120347	35350	489	246	168	152	291
ENSMUSG00000171888	15150	338	260	593	406	373
ENSMUSG00000136279	10450	124	139	133	129	134
ENSMUSG00000176855	1126200	26243	12101	10714	14592	18316
ENSMUSG00000182464	3650	45	28	50	38	56
ENSMUSG00000179871	27100	642	791	527	560	823
ENSMUSG00000143588	11500	152	241	175	294	115
ENSMUSG00000128190	35200	799	263	441	516	700
ENSMUSG00000210135	900	10	8	22	8	12
ENSMUSG00000144060	230000	5753	4069	5610	2726	5269
ENSMUSG00000136463	11100	257	277	115	216	93
ENSMUSG00000178474	5350	121	278	175	200	170
ENSMUSG00000148582	950	28	40	33	15	43
ENSMUSG00000207743	1950	39	46	29	26	44
ENSMUSG00000191127	36800	735	779	382	582	341
ENSMUSG00000173944	42600	873	585	578	779	772
ENSMUSG00000113514	51500	1078	1695	1113	578	558
ENSMUSG00000111519	34700	1616	2004	2954	1574	1839
ENSMUSG00000120856	21400	590	534	540	739	361
ENSMUSG00000169037	8550	106	323	265	159	78
ENSMUSG00000218813	22500	1174	973	323	607	909
ENSMUSG00000150715	29800	403	450	262	529	450
ENSMUSG00000157135	9850	226	214	154	154	77
ENSMUSG00000190422	41850	710	624	1206	712	953
ENSMUSG00000143792	64300	3037	2503	2771	1480	2578
ENSMUSG00000212487	8400	139	166	266	204	363
ENSMUSG00000198962	2850	64	88	49	58	59
ENSMUSG00000168872	32900	343	483	791	556	512
ENSMUSG00000189414	230050	2678	7059	8763	6090	9860
ENSMUSG00000187714	3600	113	70	106	55	143
ENSMUSG00000154325	6950	141	300	152	147	173
ENSMUSG00000144840	5050	115	179	165	95	73
ENSMUSG00000193122	74400	3203	1642	1603	2233	2452
ENSMUSG00000125631	150	1	1	3	7	7
ENSMUSG00000214379	14200	257	503	379	268	310
ENSMUSG00000215861	66450	2213	1734	2286	1294	1183
ENSMUSG00000124950	1250	25	42	39	29	42
ENSMUSG00000108777	175750	2574	3381	2260	3619	2321
ENSMUSG00000179557	32300	324	401	546	465	249
ENSMUSG00000210713	3950	39	73	66	55	58
ENSMUSG00000166936	15350	201	238	352	229	195
ENSMUSG00000110186	250	16	3	4	10	3
ENSMUSG00000122045	2250	58	45	42	69	42
ENSMUSG00000145295	258250	5566	6190	6301	3074	3255
ENSMUSG00000212486	2350	36	10	34	18	32
ENSMUSG00000117280	241350	5559	7345	6224	5846	4576
ENSMUSG00000138137	5650	138	168	193	120	161
ENSMUSG00000152736	84100	2277	1688	895	1024	1333
ENSMUSG00000106745	7650	200	129	440	104	134
ENSMUSG00000160145	0	1	3	1	4	1
ENSMUSG00000156718	1650	54	63	31	17	49
ENSMUSG00000155243	21300	333	167	102	186	198
ENSMUSG00000164693	700	13	26	17	9	15
ENSMUSG00000154839	900	13	15	8	11	10
ENSMUSG00000128562	19800	252	417	327	285	221
ENSMUSG00000160998	1900	38	28	37	49	36
ENSMUSG00000216493	600	4	6	2	5	4
ENSMUSG00000125918	1000	43	37	25	34	44
ENSMUSG00000129761	33650	792	1208	832	549	1533
ENSMUSG00000202961	3400	50	53	30	47	37
ENSMUSG00000167256	53450	1137	945	777	1366	1474
ENSMUSG00000153217	127650	1876	6040	3079	7890	2324
ENSMUSG00000120680	9050	148	127	149	202	179
ENSMUSG00000105914	400	12	15	27	22	13
ENSMUSG00000158008	750	6	7	7	13	27
ENSMUSG00000207154	6500	104	168	53	123	172
ENSMUSG00000103627	27650	717	1060	1079	781	1151
ENSMUSG00000154743	8550	167	202	226	219	259
ENSMUSG00000198436	24100	177	200	674	437	346
ENSMUSG00000119173	2250	62	96	24	93	38
ENSMUSG00000119111	13900	237	188	256	322	221
ENSMUSG00000128873	2400	95	45	30	59	64
ENSMUSG00000139656	6050	86	42	80	91	82
ENSMUSG00000185556	350	17	12	11	11	19
ENSMUSG00000104694	200	8	3	5	6	10
ENSMUSG00000209294	2900	53	72	68	65	45
ENSMUSG00000212371	750	16	10	21	24	11
ENSMUSG00000180888	1050	13	25	17	6	22
ENSMUSG00000181193	23050	477	880	486	563	587
ENSMUSG00000114357	4300	131	173	110	89	174
ENSMUSG00000179576	2323100	41740	39653	56894	38144	44303
ENSMUSG00000203230	28850	471	1575	1567	747	602
ENSMUSG00000118071	2950	28	17	45	70	34
ENSMUSG00000217072	67600	1845	2302	877	599	678
ENSMUSG00000188847	11700	273	186	290	420	249
ENSMUSG00000122118	4750	87	74	33	16	36
ENSMUSG00000175922	78700	1398	1001	1202	1074	805
ENSMUSG00000157772	2650	33	27	44	13	46
ENSMUSG00000200996	50	0	1	0	1	2
ENSMUSG00000198844	44450	936	688	1022	583	820
ENSMUSG00000193343	1900	34	48	10	35	42
ENSMUSG00000193136	221850	3485	2589	1959	4281	2002
ENSMUSG00000138665	3800	39	50	47	55	34
ENSMUSG00000123199	800	13	25	14	10	26
ENSMUSG00000126768	190450	3553	1801	3942	2027	3227
ENSMUSG00000169975	950	36	21	25	29	17
ENSMUSG00000160792	11600	280	294	277	394	204
ENSMUSG00000143880	147100	2802	1593	1671	2393	2009
ENSMUSG00000119817	9750	152	155	234	247	249
ENSMUSG00000117904	4300	139	207	82	134	129
ENSMUSG00000198699	12300	137	138	139	246	229
ENSMUSG00000158108	21800	1173	746	569	934	1028
ENSMUSG00000100444	1600	17	10	24	29	34
ENSMUSG00000143339	22350	466	483	222	236	304
ENSMUSG00000123895	27300	312	368	367	434	499
ENSMUSG00000149479	597300	12645	17584	12340	14552	24170
ENSMUSG00000163817	3050	136	59	64	81	48
ENSMUSG00000165476	1700	31	10	36	24	12
ENSMUSG00000217659	45700	843	1538	850	602	654
ENSMUSG00000157742	2450	68	76	77	38	44
ENSMUSG00000158444	19250	365	211	194	210	234
ENSMUSG00000130041	8300	198	116	246	201	105
ENSMUSG00000198477	101850	1794	847	1475	1794	1759
ENSMUSG00000193223	2950	48	34	43	42	28
ENSMUSG00000211298	9850	186	103	64	101	186
ENSMUSG00000167637	100	3	1	1	1	1
ENSMUSG00000198837	1350	36	15	22	41	41
ENSMUSG00000136350	163350	2077	4232	2790	3876	3449
ENSMUSG00000135138	1100	42	26	61	46	63
ENSMUSG00000155440	2900	69	63	28	27	20
ENSMUSG00000118409	500	4	18	13	19	8
ENSMUSG00000187021	19300	599	689	315	517	419
ENSMUSG00000121171	13600	226	300	304	159	128
ENSMUSG00000152302	900	24	27	8	23	5
ENSMUSG00000118839	41400	500	709	658	697	378
ENSMUSG00000167782	9550	127	332	340	169	325
ENSMUSG00000179795	45150	1139	687	601	640	546
ENSMUSG00000156517	2100	45	28	41	43	18
ENSMUSG00000149931	216200	4315	7974	2766	4368	5518
ENSMUSG00000142792	15750	526	234	136	420	264
ENSMUSG00000157901	2650	128	77	102	111	56
ENSMUSG00000183264	1950	36	57	44	82	52
ENSMUSG00000181482	7150	77	104	33	68	119
ENSMUSG00000156676	37450	838	878	722	352	1086
ENSMUSG00000211562	4250	151	73	95	52	99
ENSMUSG00000130026	119150	3068	3758	1559	568	859
ENSMUSG00000206063	16500	461	387	246	667	440
ENSMUSG00000204680	263600	3233	5174	3049	2855	2381
ENSMUSG00000150355	27200	703	721	590	1170	713
ENSMUSG00000198362	4350	142	111	134	186	114
ENSMUSG00000158326	400	3	1	5	1	3
ENSMUSG00000154848	16550	286	405	238	285	235
ENSMUSG00000107265	31400	580	990	765	391	1272
ENSMUSG00000209051	14900	221	189	99	164	189
ENSMUSG00000144682	22650	331	252	388	478	423
ENSMUSG00000202035	3200	67	44	58	61	74
ENSMUSG00000142317	1900	91	62	68	71	58
ENSMUSG00000101354	2500	11	25	24	28	14
ENSMUSG00000103263	57350	1855	3708	1872	2381	2337
ENSMUSG00000143525	15000	202	212	172	230	146
ENSMUSG00000178431	1550	92	42	49	72	63
ENSMUSG00000112979	650	15	19	4	15	10
ENSMUSG00000210985	2150	108	123	159	105	157
ENSMUSG00000100466	176150	2445	2770	3280	3057	3116
ENSMUSG00000157487	22700	325	312	448	422	376
ENSMUSG00000177804	700	49	25	32	41	35
ENSMUSG00000208794	116700	4269	1961	2713	2367	1620
ENSMUSG00000109415	80600	2281	3532	2263	1530	2840
ENSMUSG00000145282	33600	937	1302	994	694	1519
ENSMUSG00000211783	24700	518	395	867	246	1037
ENSMUSG00000188541	99200	1627	2658	2159	2634	1046
ENSMUSG00000153410	17350	576	394	435	384	409
ENSMUSG00000184422	43350	938	867	709	944	532
ENSMUSG00000198804	750	32	33	29	39	22
ENSMUSG00000168565	101250	2698	2676	2585	3818	2635
ENSMUSG00000172127	12050	190	214	197	187	271
ENSMUSG00000213548	525500	7332	4185	14758	16005	9086
ENSMUSG00000173652	50	4	4	2	2	1
ENSMUSG00000157896	25000	838	344	799	605	494
ENSMUSG00000138019	47300	952	1447	967	1013	589
ENSMUSG00000187663	5050	64	129	62	68	93
ENSMUSG00000101051	23150	259	449	341	586	468
ENSMUSG00000209149	30550	307	587	601	845	932
ENSMUSG00000105955	60650	1127	869	634	356	452
ENSMUSG00000119432	1850	13	38	51	63	51
ENSMUSG00000108235	3400	146	107	115	103	132
ENSMUSG00000201862	57050	1235	519	834	789	1631
ENSMUSG00000209028	124200	2852	4167	1785	1643	1584
ENSMUSG00000154127	11300	135	173	94	200	97
ENSMUSG00000159919	11400	105	154	222	170	64
ENSMUSG00000150455	7400	213	114	258	190	328
ENSMUSG00000152323	42150	1604	1982	1370	1141	1821
ENSMUSG00000208909	700	27	11	24	20	25
ENSMUSG00000156508	350	13	5	10	9	19
ENSMUSG00000145507	8900	346	301	151	157	266
ENSMUSG00000143847	900	11	12	20	12	16
ENSMUSG00000183467	4700	81	129	33	50	55
ENSMUSG00000199042	9850	117	334	278	224	222
ENSMUSG00000195675	32600	759	856	281	361	316
ENSMUSG00000214846	800	18	14	10	13	22
ENSMUSG00000169468	22500	636	1384	1087	578	1326
ENSMUSG00000205018	350	6	9	12	5	4
ENSMUSG00000113401	24200	468	592	425	452	457
ENSMUSG00000150330	50	5	3	8	10	6
ENSMUSG00000102091	600	5	14	2	11	19
ENSMUSG00000136884	22800	461	591	548	624	497
ENSMUSG00000179458	8150	153	58	61	73	52
ENSMUSG00000118107	3350	17	26	47	28	36
ENSMUSG00000131328	3050	96	106	76	65	55
ENSMUSG00000120595	13600	226	271	375	600	406
ENSMUSG00000149375	4350	156	87	134	145	112
ENSMUSG00000156626	6700	131	110	127	85	174
ENSMUSG00000142930	64600	1117	1173	944	1703	1914
ENSMUSG00000139630	1700	15	48	31	39	46
ENSMUSG00000189828	2600	73	66	61	14	77
ENSMUSG00000213258	3450	54	29	52	15	35
ENSMUSG00000191192	75800	1413	2250	2219	1931	2051
ENSMUSG00000105913	41850	791	1080	1243	958	1464
ENSMUSG00000133165	168100	2582	4302	2812	1479	1690
ENSMUSG00000157544	11800	112	188	204	190	168
ENSMUSG00000148988	4900	77	182	89	84	155
ENSMUSG00000181011	27950	707	695	992	945	832
ENSMUSG00000157895	4200	163	188	52	54	127
ENSMUSG00000152043	39900	448	570	951	686	417
ENSMUSG00000185912	33950	345	427	515	226	1464
ENSMUSG00000134796	2700	30	34	55	58	47
ENSMUSG00000195357	7500	73	120	129	125	95
ENSMUSG00000197436	5600	96	49	80	120	109
ENSMUSG00000105450	99950	5770	3277	8684	5120	4893
ENSMUSG00000191246	1822650	43771	24895	16289	19565	34251
ENSMUSG00000198078	11200	81	117	52	128	92
ENSMUSG00000204046	15550	243	421	306	125	175
ENSMUSG00000151034	100	3	2	0	1	1
ENSMUSG00000186753	12150	194	185	200	175	156
ENSMUSG00000207157	12350	122	200	237	188	120
ENSMUSG00000156831	400	6	16	11	10	15
ENSMUSG00000105558	53900	461	332	452	586	475
ENSMUSG00000195546	50	5	9	11	5	6
ENSMUSG00000164190	2650	111	61	111	103	73
ENSMUSG00000155789	13750	184	176	76	200	290
ENSMUSG00000201694	750	12	22	26	16	23
ENSMUSG00000151352	43150	760	1311	627	1166	698
ENSMUSG00000148390	78700	1701	564	1885	1050	1291
ENSMUSG00000134785	700	7	4	13	4	22
ENSMUSG00000114964	500	3	5	5	4	7
ENSMUSG00000108430	30400	667	554	836	497	597
ENSMUSG00000121915	4650	141	153	146	215	209
ENSMUSG00000202771	200	12	8	18	8	9
ENSMUSG00000100484	8850	170	103	110	31	152
ENSMUSG00000150889	8250	89	98	191	84	82
ENSMUSG00000102715	9400	128	111	122	160	68
ENSMUSG00000197446	26700	600	1002	1000	1356	866
ENSMUSG00000123799	14900	222	370	270	232	330
ENSMUSG00000183308	722000	7856	13553	4174	4532	3003
ENSMUSG00000159937	101000	3707	1789	1326	1960	1989
ENSMUSG00000201420	33200	900	482	617	731	585
ENSMUSG00000145883	67300	1499	1426	728	1446	475
ENSMUSG00000218693	95050	1999	2178	1296	1981	3772
ENSMUSG00000165173	104750	894	948	803	589	767
ENSMUSG00000219147	1000	10	24	16	19	3
ENSMUSG00000147277	36100	2021	765	888	946	901
ENSMUSG00000168860	4000	105	258	199	205	203
ENSMUSG00000199631	222500	4805	3941	3741	3250	2954
ENSMUSG00000196985	5950	206	251	176	279	155
ENSMUSG00000115656	17750	620	511	242	236	763
ENSMUSG00000106973	22200	249	321	325	309	250
ENSMUSG00000181389	231450	2716	2890	7053	2942	4388
ENSMUSG00000209841	10650	208	278	175	270	59
ENSMUSG00000135132	3300	96	77	85	153	77
ENSMUSG00000104032	18500	221	447	220	300	353
ENSMUSG00000179556	2050	58	73	60	90	66
ENSMUSG00000103143	9450	193	181	124	309	174
ENSMUSG00000172155	8550	199	118	109	204	70
ENSMUSG00000191060	8100	347	321	286	345	373
ENSMUSG00000126859	627550	4978	6284	9184	5255	8995
ENSMUSG00000145247	3450	61	67	61	60	52
ENSMUSG00000150452	7950	90	190	175	236	159
ENSMUSG00000184840	5800	211	142	101	173	97
ENSMUSG00000173809	20400	702	663	331	778	679
ENSMUSG00000107919	1150	8	16	11	19	15
ENSMUSG00000158568	1500	26	46	31	40	27
ENSMUSG00000168576	4500	87	77	183	102	163
ENSMUSG00000204572	20150	572	496	462	480	191
ENSMUSG00000163768	15250	428	293	148	150	93
ENSMUSG00000198780	3150	67	62	13	36	37
ENSMUSG00000149347	950	24	14	30	19	24
ENSMUSG00000219727	14700	502	771	462	320	272
ENSMUSG00000153997	110000	2345	2346	3258	3301	2101
ENSMUSG00000192385	11100	179	278	443	237	525
ENSMUSG00000145573	13100	124	136	213	175	255
ENSMUSG00000213565	17750	217	343	196	326	306
ENSMUSG00000209669	900	31	19	17	35	20
ENSMUSG00000149329	2850	64	94	94	82	59
ENSMUSG00000128036	5950	158	151	91	149	99
ENSMUSG00000173455	12200	215	252	264	386	215
ENSMUSG00000110134	6900	116	168	125	119	131
ENSMUSG00000118620	750	2	11	19	17	8
ENSMUSG00000209790	58150	1729	1994	1014	1140	1478
ENSMUSG00000137068	194350	5514	4774	3472	5397	4017
ENSMUSG00000201101	3000	89	68	85	141	111
ENSMUSG00000145046	23950	335	773	244	342	190
ENSMUSG00000118170	14550	402	656	294	245	231
ENSMUSG00000100898	42650	485	517	1280	1316	906
ENSMUSG00000174518	400	10	6	11	1	4
ENSMUSG00000180023	210650	4508	6465	3242	3457	2475
ENSMUSG00000185549	2700	55	46	94	49	72
ENSMUSG00000193438	80450	3367	2696	1558	2121	3874
ENSMUSG00000126162	11600	142	124	113	177	180
ENSMUSG00000103114	4900	65	58	75	46	67
ENSMUSG00000136856	4550	86	110	111	104	94
ENSMUSG00000129402	27450	700	1254	863	1013	1029
ENSMUSG00000214132	2500	21	17	23	27	17
ENSMUSG00000207760	3700	65	88	96	105	44
ENSMUSG00000169751	2300	53	32	51	75	64
ENSMUSG00000172666	200	2	5	14	5	3
ENSMUSG00000146955	73250	1098	2123	2238	2465	1998
ENSMUSG00000121671	22550	522	297	788	492	455
ENSMUSG00000176879	9200	108	122	273	211	121
ENSMUSG00000160796	79050	1761	853	1249	866	2542
ENSMUSG00000126216	1150	18	39	18	14	38
ENSMUSG00000187459	7950	137	63	164	79	203
ENSMUSG00000122675	235300	4981	9102	5459	6006	3619
ENSMUSG00000144629	39750	614	626	1359	1534	818
ENSMUSG00000142186	100	2	3	2	2	1
ENSMUSG00000140522	150	0	4	3	1	1
ENSMUSG00000171968	1450	16	24	18	11	18
ENSMUSG00000126218	47150	1296	1140	570	2023	1111
ENSMUSG00000165664	2850	83	38	55	55	40
ENSMUSG00000182175	5350	108	67	87	86	82
ENSMUSG00000123653	35300	401	336	617	335	254
ENSMUSG00000147809	1900	21	16	27	30	56
ENSMUSG00000202046	16500	264	305	287	300	269
ENSMUSG00000127019	22800	718	1038	884	854	865
ENSMUSG00000158043	12400	402	485	550	285	325
ENSMUSG00000110205	9700	265	257	425	348	295
ENSMUSG00000165923	4350	28	34	52	52	57
ENSMUSG00000204065	25450	279	589	479	602	327
ENSMUSG00000188815	5900	86	101	82	52	54
ENSMUSG00000219961	65850	728	2327	2076	2185	2613
ENSMUSG00000158802	1312400	18374	21773	57884	27385	30235
ENSMUSG00000186702	1700	31	55	39	33	48
ENSMUSG00000119653	50	1	1	2	6	0
ENSMUSG00000110759	2100	48	81	90	43	29
ENSMUSG00000193861	18050	253	185	211	232	316
ENSMUSG00000194700	40250	823	1639	1179	971	2354
ENSMUSG00000171010	72100	1523	1012	1582	778	1655
ENSMUSG00000212190	1800	22	37	48	29	41
ENSMUSG00000110742	1100	27	39	41	36	42
ENSMUSG00000107323	74800	1645	1428	1344	1642	2578
ENSMUSG00000163071	950	8	11	14	14	11
ENSMUSG00000158001	58000	1440	1650	1004	1257	957
ENSMUSG00000154279	6100	60	125	114	99	72
ENSMUSG00000151197	30950	1092	598	705	803	355
ENSMUSG00000134996	19650	545	684	525	463	695
ENSMUSG00000135768	30800	592	806	453	588	678
ENSMUSG00000123277	35000	1336	636	1135	1130	639
ENSMUSG00000171039	1200	28	18	13	28	16
ENSMUSG00000138056	11050	238	240	170	166	208
ENSMUSG00000166688	4700	283	248	189	194	117
ENSMUSG00000146579	12450	281	271	239	234	172
ENSMUSG00000217841	53200	1038	1175	1471	1746	1746
ENSMUSG00000193923	6400	108	126	57	79	86
ENSMUSG00000155150	1250	36	52	26	71	25
ENSMUSG00000148122	1600	46	25	19	37	27
ENSMUSG00000115236	6050	79	96	116	94	51
ENSMUSG00000111734	47350	562	732	972	878	514
ENSMUSG00000151001	1500	20	28	31	13	33
ENSMUSG00000164659	66400	2487	1378	1266	2146	1708
ENSMUSG00000165668	12600	312	175	349	220	371
ENSMUSG00000122168	3500	72	97	142	151	97
ENSMUSG00000150374	700	13	4	11	10	10
ENSMUSG00000121216	8150	275	199	244	174	168
ENSMUSG00000194289	35800	751	466	491	377	679
ENSMUSG00000123303	200	5	6	6	6	2
ENSMUSG00000208082	48650	1795	1110	782	829	1615
ENSMUSG00000115999	132250	3241	4948	5696	1906	5405
ENSMUSG00000180700	15750	261	262	228	283	174
ENSMUSG00000116318	20450	584	491	621	399	425
ENSMUSG00000115053	693200	14673	17314	14297	20279	14936
ENSMUSG00000112275	88450	1809	2316	2478	2421	2071
ENSMUSG00000135177	1100	23	30	36	16	29
ENSMUSG00000143764	14150	388	445	137	195	204
ENSMUSG00000110956	7300	112	121	130	48	74
ENSMUSG00000134027	3950	155	106	101	134	191
ENSMUSG00000192226	200	1	4	1	0	0
ENSMUSG00000104301	31650	1267	384	701	657	821
ENSMUSG00000143607	2150	43	45	38	35	56
ENSMUSG00000186745	10550	193	441	373	254	314
ENSMUSG00000214774	8600	113	53	114	95	139
ENSMUSG00000219006	42000	638	1147	977	830	929
ENSMUSG00000111055	4650	100	47	125	57	98
ENSMUSG00000108637	2050	43	32	26	37	36
ENSMUSG00000157636	53350	422	1732	442	511	418
ENSMUSG00000163879	115150	2775	1683	2177	2659	1720
ENSMUSG00000159810	5450	83	69	90	91	79
ENSMUSG00000212993	295400	6688	4213	2314	876	2277
ENSMUSG00000194759	9300	391	251	201	363	230
ENSMUSG00000216696	2850	78	75	50	38	81
ENSMUSG00000188904	154950	3069	2233	3004	2589	2949
ENSMUSG00000145923	2400	13	53	20	40	39
ENSMUSG00000204594	48700	1520	1033	516	918	1014
ENSMUSG00000186862	4700	48	90	53	32	24
ENSMUSG00000197367	25600	171	349	340	379	568
ENSMUSG00000160456	550	22	9	14	12	5
ENSMUSG00000104046	1350	11	66	37	42	27
ENSMUSG00000176930	60400	1426	1099	987	1897	536
ENSMUSG00000169431	7800	311	242	161	279	177
ENSMUSG00000105419	9100	181	138	258	164	147
ENSMUSG00000173209	1650	52	83	68	17	52
ENSMUSG00000207405	19000	384	333	205	363	402
ENSMUSG00000180595	300	7	7	9	3	7
ENSMUSG00000155947	2450	25	17	15	14	24
ENSMUSG00000123342	6850	86	116	98	82	94
ENSMUSG00000149159	2200	20	25	19	39	29
ENSMUSG00000159039	1400	26	23	47	30	14
ENSMUSG00000143266	9800	129	129	96	91	86
ENSMUSG00000138209	2450	116	194	176	114	111
ENSMUSG00000218283	6500	194	134	94	75	97
ENSMUSG00000209328	259350	3472	6042	3749	3462	2759
ENSMUSG00000131056	152700	1806	2304	862	1276	1199
ENSMUSG00000136084	78450	1536	1421	1187	1558	1446
ENSMUSG00000108333	7400	106	70	172	248	69
ENSMUSG00000186383	2000	79	49	43	70	47
ENSMUSG00000187754	900	6	2	6	11	10
ENSMUSG00000171450	5000	105	54	71	95	86
ENSMUSG00000173215	50	3	4	0	1	2
ENSMUSG00000184386	2800	36	83	50	66	35
ENSMUSG00000130398	41150	710	735	415	444	534
ENSMUSG00000126597	216850	2497	4815	3159	2821	5283
ENSMUSG00000154385	45700	955	1371	792	1154	906
ENSMUSG00000156631	1150	19	13	21	28	27
ENSMUSG00000196591	12200	288	198	314	519	396
ENSMUSG00000110048	2400	58	56	31	28	20
ENSMUSG00000172268	32700	1064	809	1485	647	1384
ENSMUSG00000185003	5450	134	80	139	105	107
ENSMUSG00000128836	51950	538	1480	666	866	628
ENSMUSG00000219365	2602450	40655	63388	35543	14756	26961
ENSMUSG00000182099	56150	1228	1448	794	661	883
ENSMUSG00000219739	884900	17936	7457	8362	9109	20092
ENSMUSG00000124134	8100	192	184	168	195	184
ENSMUSG00000110352	6200	92	55	159	117	128
ENSMUSG00000111134	50550	2644	1367	1370	1606	2075
ENSMUSG00000103908	400150	8468	4292	7839	4345	5732
ENSMUSG00000128353	3800	122	119	36	51	45
ENSMUSG00000148041	11000	177	153	167	148	169
ENSMUSG00000179811	750	13	11	9	7	2
ENSMUSG00000141033	5450	167	126	65	65	62
ENSMUSG00000179214	50250	1148	527	1407	1105	928
ENSMUSG00000212207	9400	186	156	178	124	154
ENSMUSG00000157108	2100	79	58	55	47	69
ENSMUSG00000149409	650	13	8	5	9	10
ENSMUSG00000105488	25300	488	484	337	347	168
ENSMUSG00000113837	34350	572	952	470	707	1009
ENSMUSG00000193865	28500	504	490	378	625	326
ENSMUSG00000162457	11700	340	121	212	280	348
ENSMUSG00000213692	800	17	21	7	12	19
ENSMUSG00000213501	212950	5994	3090	3401	5713	5869
ENSMUSG00000201790	3750	165	108	92	90	114
ENSMUSG00000209334	2800	118	157	130	160	39
ENSMUSG00000101491	47250	654	654	395	530	1108
ENSMUSG00000140492	100	3	1	1	0	0
ENSMUSG00000112408	6550	158	132	175	91	187
ENSMUSG00000169061	4800	62	79	218	167	85
ENSMUSG00000105858	24900	369	315	305	321	424
ENSMUSG00000164569	93350	1664	2200	2006	1876	1798
ENSMUSG00000207792	16000	305	350	421	299	153
ENSMUSG00000154626	700	5	18	1	0	2
ENSMUSG00000177782	3200	62	91	65	91	101
ENSMUSG00000109447	11750	170	207	256	161	193
ENSMUSG00000147027	13400	349	160	354	270	202
ENSMUSG00000196223	950	12	2	22	11	9
ENSMUSG00000167705	150	1	7	10	8	11
ENSMUSG00000199778	24300	398	697	332	372	607
ENSMUSG00000138031	11650	217	335	284	323	358
ENSMUSG00000210962	4600	122	151	100	218	152
ENSMUSG00000102353	300	3	4	10	10	6
ENSMUSG00000211663	245550	4810	3124	6108	4337	4899
ENSMUSG00000100788	0	0	0	3	1	2
ENSMUSG00000211156	4550	144	41	75	86	75
ENSMUSG00000158030	406900	13135	13589	12369	13130	7327
ENSMUSG00000149339	5950	139	129	61	202	90
ENSMUSG00000155850	12150	250	246	249	194	127
ENSMUSG00000101283	650	15	10	32	13	24
ENSMUSG00000114551	101250	2260	2762	1593	2612	1734
ENSMUSG00000160448	550	17	6	18	14	21
ENSMUSG00000118091	10850	250	415	225	318	282
ENSMUSG00000187814	14900	204	133	164	249	176
ENSMUSG00000119597	1100	33	28	7	18	28
ENSMUSG00000148156	29850	1076	715	859	765	823
ENSMUSG00000132409	0	13	7	9	4	13
ENSMUSG00000203644	2050	57	26	35	34	18
ENSMUSG00000106228	9400	221	162	105	96	115
ENSMUSG00000155255	3550	87	82	52	61	76
ENSMUSG00000150798	26800	617	290	413	681	314
ENSMUSG00000193227	44650	647	567	785	1080	929
ENSMUSG00000177967	12000	62	276	137	60	93
ENSMUSG00000150821	2700	50	55	39	32	45
ENSMUSG00000163323	2650	46	21	43	53	58
ENSMUSG00000107242	4400	73	108	59	59	95
ENSMUSG00000165361	27650	1072	823	1428	695	572
ENSMUSG00000199964	2700	67	66	94	101	54
ENSMUSG00000149085	16450	645	258	346	373	232
ENSMUSG00000208176	7350	95	140	162	178	178
ENSMUSG00000180134	1300	23	16	28	48	16
ENSMUSG00000171602	50650	801	1016	1032	847	641
ENSMUSG00000161375	1100	21	15	18	32	11
ENSMUSG00000143470	14900	221	111	195	162	178
ENSMUSG00000165991	55050	2476	3214	5413	3658	2284
ENSMUSG00000129535	650	14	15	16	18	13
ENSMUSG00000206782	7050	163	141	121	39	130
ENSMUSG00000187452	250	5	2	1	3	10
ENSMUSG00000138314	2550	25	50	47	88	39
ENSMUSG00000111255	350	10	5	7	7	4
ENSMUSG00000109891	2350	113	81	53	35	73
ENSMUSG00000144890	1800	23	71	61	50	87
ENSMUSG00000148780	13800	197	124	243	349	153
ENSMUSG00000191400	191400	3191	2930	2958	6319	3702
ENSMUSG00000219008	16800	246	204	327	238	216
ENSMUSG00000129568	25300	429	545	479	272	831
ENSMUSG00000100997	6000	190	112	64	209	98
ENSMUSG00000148299	2350	20	137	122	153	125
ENSMUSG00000100569	1050	26	39	36	37	29
ENSMUSG00000128934	250	3	5	2	1	1
ENSMUSG00000186458	8100	143	158	127	182	183
ENSMUSG00000172732	227100	2427	3960	4130	3704	3105
ENSMUSG00000146574	47800	330	661	542	473	519
ENSMUSG00000158632	2000	35	59	39	75	32
ENSMUSG00000124182	211650	4628	4644	2952	4662	3334
ENSMUSG00000133417	2900	135	125	87	53	59
ENSMUSG00000119949	7000	89	84	42	63	65
ENSMUSG00000140576	800	16	10	10	18	9
ENSMUSG00000138263	1000	26	30	26	23	31
ENSMUSG00000137134	4200	104	83	96	110	80
ENSMUSG00000186479	499300	9286	5133	11116	8636	12376
ENSMUSG00000166168	7950	82	119	76	85	58
ENSMUSG00000115810	1100	30	12	15	28	19
ENSMUSG00000131213	1800	67	71	30	15	48
ENSMUSG00000172209	8700	49	101	57	118	109
ENSMUSG00000160021	350	5	9	5	6	6
ENSMUSG00000137293	9500	133	149	259	232	205
ENSMUSG00000138378	23400	835	628	588	253	680
ENSMUSG00000167605	22500	329	698	353	163	237
ENSMUSG00000202371	18500	647	524	503	673	1142
ENSMUSG00000200508	1600	22	11	6	12	8
ENSMUSG00000200271	550	5	3	1	6	4
ENSMUSG00000213748	119850	1851	923	1579	2144	859
ENSMUSG00000140614	122350	1653	1031	800	1407	1114
ENSMUSG00000188464	600	10	7	8	4	3
ENSMUSG00000188348	10600	198	275	300	315	324
ENSMUSG00000159874	6400	163	166	153	59	102
ENSMUSG00000182996	27450	352	395	383	430	344
ENSMUSG00000169144	19600	298	470	112	373	172
ENSMUSG00000136365	2750	46	50	71	64	45
ENSMUSG00000215840	7250	276	122	263	332	262
ENSMUSG00000117598	31300	257	573	333	185	275
ENSMUSG00000144778	8500	158	196	172	139	122
ENSMUSG00000121772	150	2	1	4	2	2
ENSMUSG00000138515	50	1	0	0	1	1
ENSMUSG00000142780	1200	29	21	37	21	33
ENSMUSG00000128758	900	11	14	15	3	8
ENSMUSG00000218017	11800	403	366	395	183	185
ENSMUSG00000193059	87550	1349	1278	452	322	501
ENSMUSG00000129481	11550	257	207	251	190	237
ENSMUSG00000205279	8850	205	107	26	59	57
ENSMUSG00000158060	10850	191	275	246	241	227
ENSMUSG00000186808	62850	732	2040	2643	1263	2011
ENSMUSG00000136977	2300	29	33	37	55	30
ENSMUSG00000134581	58100	1277	907	1431	670	934
ENSMUSG00000197456	25300	705	518	570	573	1022
ENSMUSG00000198961	8500	345	242	156	175	267
ENSMUSG00000168000	133850	1956	3267	5779	4753	3000
ENSMUSG00000216766	1150	43	56	33	74	49
ENSMUSG00000210661	46750	715	954	1109	844	560
ENSMUSG00000158023	3500	30	52	10	21	22
ENSMUSG00000116398	1850	39	33	14	42	22
ENSMUSG00000206578	1200	18	20	28	20	15
ENSMUSG00000144411	16700	344	328	237	371	456
ENSMUSG00000120889	1800	27	20	32	27	16
ENSMUSG00000149613	3400	219	204	170	284	160
ENSMUSG00000130422	600	17	32	26	11	23
ENSMUSG00000101768	61250	932	373	1427	1768	1216
ENSMUSG00000161618	317250	6420	5002	6759	5297	4514
ENSMUSG00000209232	22650	304	427	187	172	165
ENSMUSG00000192950	355850	2529	3955	5088	4173	4403
ENSMUSG00000106081	29650	427	560	715	516	390
ENSMUSG00000168982	1467400	12794	17565	4788	8006	14877
ENSMUSG00000185571	9900	172	174	138	233	164
ENSMUSG00000175365	300	8	10	5	6	2
ENSMUSG00000156364	67150	3241	2583	2879	4630	3184
ENSMUSG00000171045	4700	176	141	77	107	120
ENSMUSG00000134777	600	39	31	20	23	17
ENSMUSG00000171228	1250	38	51	43	41	44
ENSMUSG00000178421	150	1	6	8	5	12
ENSMUSG00000101505	7000	102	138	102	115	140
ENSMUSG00000124938	850	19	30	7	22	12
ENSMUSG00000116771	134150	2936	2860	2111	2708	3334
ENSMUSG00000132948	37350	712	595	528	394	557
ENSMUSG00000217451	450	5	2	2	5	4
ENSMUSG00000117949	550	1	4	5	4	6
ENSMUSG00000175869	1900	32	54	60	68	40
ENSMUSG00000161883	200	5	4	2	2	2
ENSMUSG00000178295	5350	151	145	223	96	82
ENSMUSG00000174992	5200	65	139	163	250	130
ENSMUSG00000160839	1300	31	38	17	20	34
ENSMUSG00000164337	4100	69	86	67	62	55
ENSMUSG00000114943	24600	455	372	440	386	177
ENSMUSG00000135931	55200	1516	2647	2797	1642	2120
ENSMUSG00000176509	89750	3317	3326	2933	3915	3394
ENSMUSG00000177000	3950	112	119	185	167	144
ENSMUSG00000219120	44700	747	1101	1380	1014	516
ENSMUSG00000121986	4300	97	90	28	33	45
ENSMUSG00000131336	24200	1114	496	332	229	358
ENSMUSG00000195437	1250	17	15	17	19	20
ENSMUSG00000157826	21900	615	640	1044	828	555
ENSMUSG00000163083	700	11	7	12	7	19
ENSMUSG00000143461	1200	15	32	18	17	22
ENSMUSG00000211052	9400	94	157	176	172	296
ENSMUSG00000190490	23850	293	591	569	252	581
ENSMUSG00000170253	150	2	12	10	2	8
ENSMUSG00000176787	1750	45	52	49	35	82
ENSMUSG00000196172	7800	251	276	145	180	165
ENSMUSG00000106738	13200	373	194	262	222	293
ENSMUSG00000210330	700	21	20	31	14	21
ENSMUSG00000218041	10700	166	141	148	156	204
ENSMUSG00000127514	4050	117	87	75	91	71
ENSMUSG00000120295	122500	2523	2894	2133	3765	1534
ENSMUSG00000137897	24950	338	559	533	477	682
ENSMUSG00000125097	400	5	7	18	16	13
ENSMUSG00000122633	200	0	1	0	2	1
ENSMUSG00000153646	9900	115	204	247	178	238
ENSMUSG00000203479	84850	2074	1816	1734	1539	2240
ENSMUSG00000148171	10900	220	175	136	278	133
ENSMUSG00000152751	48300	613	605	718	492	908
ENSMUSG00000148940	3900	62	77	83	27	83
ENSMUSG00000126019	550	7	11	16	11	6
ENSMUSG00000213691	53500	1148	1047	610	899	724
ENSMUSG00000162440	6450	145	232	183	163	229
ENSMUSG00000149452	23200	556	407	840	931	710
ENSMUSG00000136644	600	8	13	19	19	14
ENSMUSG00000130806	10900	274	302	174	244	274
ENSMUSG00000135370	2350	42	41	40	26	35
ENSMUSG00000215378	44200	663	984	477	534	901
ENSMUSG00000163417	1350	34	23	15	40	30
ENSMUSG00000171960	3750	36	30	24	47	70
ENSMUSG00000121153	2350	47	31	32	26	72
ENSMUSG00000163168	100350	2689	1618	1593	2099	1826
ENSMUSG00000168602	10650	229	134	195	214	155
ENSMUSG00000166983	550	19	28	33	54	29
ENSMUSG00000112435	850	24	5	17	12	20
ENSMUSG00000149926	1450	32	33	6	11	10
ENSMUSG00000143138	117850	1612	1137	1881	2641	3059
ENSMUSG00000129136	450	10	7	2	8	3
ENSMUSG00000144788	1400	34	28	29	30	43
ENSMUSG00000186174	62650	951	1171	710	214	581
ENSMUSG00000123687	73200	1982	877	1639	1530	1230
ENSMUSG00000211444	6500	78	71	115	84	121
ENSMUSG00000201155	21350	749	1487	507	1040	958
ENSMUSG00000186638	22050	505	928	477	976	616
ENSMUSG00000186260	58300	952	1177	1252	478	1087
ENSMUSG00000155810	11400	328	141	201	151	96
ENSMUSG00000196199	91550	4285	2659	5316	4157	4046
ENSMUSG00000142904	11950	246	209	310	309	202
ENSMUSG00000210841	158300	3914	4947	2925	2563	4597
ENSMUSG00000101872	500	22	35	27	20	6
ENSMUSG00000174808	41900	1242	1085	1343	501	985
ENSMUSG00000147430	400	8	18	12	5	6
ENSMUSG00000196936	600	8	9	8	5	5
ENSMUSG00000215590	18750	318	222	343	613	244
ENSMUSG00000113868	850	56	31	43	49	24
ENSMUSG00000116163	22350	391	315	500	322	495
ENSMUSG00000101007	750	23	13	20	8	35
ENSMUSG00000197675	155750	3509	3087	3985	2426	4624
ENSMUSG00000201202	9200	126	280	104	176	189
ENSMUSG00000163744	550	26	18	5	18	18
ENSMUSG00000113247	11100	330	205	175	410	109
ENSMUSG00000181456	26150	1206	402	723	1189	1122
ENSMUSG00000123077	1150	49	39	50	43	49
ENSMUSG00000143073	32200	420	508	484	640	536
ENSMUSG00000163878	712350	19098	12516	15865	1836	12403
ENSMUSG00000192255	46200	886	705	630	724	2278
ENSMUSG00000105267	9450	155	180	185	197	217
ENSMUSG00000125057	3500	67	73	45	73	49
ENSMUSG00000135423	19900	669	410	514	634	385
ENSMUSG00000119810	300	4	6	10	5	8
ENSMUSG00000112120	100	3	2	0	0	0
ENSMUSG00000134331	1450	31	27	19	85	35
ENSMUSG00000174963	2750	23	20	22	17	19
ENSMUSG00000134993	349700	10131	5207	6312	6707	7135
ENSMUSG00000116364	8200	197	290	84	221	211
ENSMUSG00000177731	500	22	31	9	31	19
ENSMUSG00000107537	950	13	18	18	13	20
ENSMUSG00000198572	14350	291	592	463	551	531
ENSMUSG00000125663	1250	63	21	40	38	28
ENSMUSG00000131533	2550	40	38	26	36	30
ENSMUSG00000105634	10850	421	150	119	71	277
ENSMUSG00000172171	5300	228	230	158	133	350
ENSMUSG00000123283	10800	241	191	180	153	139
ENSMUSG00000144385	11200	196	197	256	186	225
ENSMUSG00000167667	148350	1761	1645	3485	3354	2123
ENSMUSG00000155043	300200	3602	9809	4674	5101	4084
ENSMUSG00000153769	250	11	5	5	6	10
ENSMUSG00000107841	1388900	27332	27272	43245	38589	31554
ENSMUSG00000172631	13300	278	139	169	286	158
ENSMUSG00000128692	115750	2299	1724	3180	3075	1888
ENSMUSG00000107706	2250	53	19	22	27	50
ENSMUSG00000110249	27600	825	675	189	376	545
ENSMUSG00000208969	12500	272	460	247	339	367
ENSMUSG00000109077	12850	173	146	245	182	191
ENSMUSG00000209849	56300	473	919	667	1015	660
ENSMUSG00000208998	38750	396	433	450	594	613
ENSMUSG00000137275	1350	13	23	53	19	23
ENSMUSG00000196607	10150	62	103	133	103	162
ENSMUSG00000181755	31600	529	553	962	742	431
ENSMUSG00000186818	82000	1834	1469	677	834	711
ENSMUSG00000110666	4100	112	89	105	69	129
ENSMUSG00000143241	2900	63	71	63	110	102
ENSMUSG00000215891	4650	242	117	208	109	184
ENSMUSG00000132398	350	18	21	25	19	27
ENSMUSG00000110782	250	7	10	22	10	3
ENSMUSG00000115316	146800	2374	3156	4630	4263	3493
ENSMUSG00000174726	5000	42	64	50	74	74
ENSMUSG00000146205	11300	133	197	336	248	166
ENSMUSG00000134335	1750	53	36	51	94	29
ENSMUSG00000210060	106400	1707	3554	3062	895	1584
ENSMUSG00000218466	298300	7629	4225	6839	6724	6351
ENSMUSG00000126006	6450	138	135	84	71	169
ENSMUSG00000137067	27850	475	391	688	437	574
ENSMUSG00000155567	4300	46	36	22	36	39
ENSMUSG00000194733	324350	5347	7147	5235	8945	7531
ENSMUSG00000155102	73250	638	937	1156	838	1044
ENSMUSG00000118673	1350	20	18	34	26	28
ENSMUSG00000215098	235550	5049	6263	1504	1941	3810
ENSMUSG00000206252	35600	749	352	315	339	516
ENSMUSG00000175199	22300	754	365	579	500	185
ENSMUSG00000196253	15400	309	511	487	195	229
ENSMUSG00000201040	1850	97	35	38	73	30
ENSMUSG00000200551	2900	23	37	72	34	77
ENSMUSG00000131718	25000	434	492	598	703	990
ENSMUSG00000156485	15650	272	345	105	138	158
ENSMUSG00000189461	750	40	16	23	23	16
ENSMUSG00000122800	675050	8943	7365	13080	10636	11996
ENSMUSG00000172045	10300	179	245	140	108	270
ENSMUSG00000185564	2050	57	49	35	66	52
ENSMUSG00000168573	1350	72	66	46	68	67
ENSMUSG00000174477	36800	1203	474	617	734	1084
ENSMUSG00000135592	105950	865	1547	984	980	1450
ENSMUSG00000150133	15150	147	178	269	241	179
ENSMUSG00000193448	66250	1093	1589	1675	819	1156
ENSMUSG00000150749	500	7	5	7	11	12
ENSMUSG00000108292	3450	113	74	55	89	70
ENSMUSG00000214638	2550	126	56	86	82	63
ENSMUSG00000151612	21850	405	380	194	171	146
ENSMUSG00000112985	61850	1333	1059	280	393	451
ENSMUSG00000204705	150	5	3	3	3	2
ENSMUSG00000211489	3416150	86331	51663	38411	44517	69459
ENSMUSG00000166320	1650	20	47	23	39	14
ENSMUSG00000164419	27000	563	539	186	200	302
ENSMUSG00000101705	37000	801	827	1366	874	540
ENSMUSG00000130469	39750	1071	1108	771	958	974
ENSMUSG00000115436	19500	159	177	126	180	251
ENSMUSG00000201054	0	3	0	0	2	0
ENSMUSG00000192412	1650	9	20	24	16	13
ENSMUSG00000126581	47800	565	687	925	390	560
ENSMUSG00000145460	1900	20	34	24	11	22
ENSMUSG00000102339	1200	18	28	18	14	10
ENSMUSG00000157065	0	3	2	5	3	0
ENSMUSG00000108199	177150	1849	2146	1589	1742	1763
ENSMUSG00000117858	22400	490	499	420	626	339
ENSMUSG00000186111	2200	28	38	23	31	35
ENSMUSG00000128570	6050	137	154	135	180	94
ENSMUSG00000201231	8900	78	188	151	183	156
ENSMUSG00000209896	1350	15	17	29	13	20
ENSMUSG00000216797	4350	116	163	127	143	39
ENSMUSG00000192378	43100	905	588	452	431	218
ENSMUSG00000157218	25850	502	535	430	565	577
ENSMUSG00000106472	70950	2293	1412	1136	1514	3187
ENSMUSG00000133818	9150	179	156	128	247	250
ENSMUSG00000141198	3000	51	30	103	58	42
ENSMUSG00000136330	18750	776	239	243	359	355
ENSMUSG00000204662	2550	25	27	34	87	51
ENSMUSG00000122790	650	6	12	13	8	7
ENSMUSG00000187581	104250	1848	1505	2535	1068	1764
ENSMUSG00000122591	3250	107	67	46	83	65
ENSMUSG00000188608	5700	235	184	79	122	219
ENSMUSG00000147773	36250	478	241	449	715	517
ENSMUSG00000203188	1600	29	52	19	17	12
ENSMUSG00000163351	22700	437	595	517	729	657
ENSMUSG00000187294	29450	979	831	263	249	318
ENSMUSG00000115370	4200	94	151	217	138	163
ENSMUSG00000186230	21850	211	422	217	395	353
ENSMUSG00000181499	1250	43	24	41	31	41
ENSMUSG00000127696	150	2	5	0	3	1
ENSMUSG00000207596	3950	56	120	112	54	78
ENSMUSG00000129063	1450	18	32	23	35	16
ENSMUSG00000215175	35950	720	1032	861	512	1231
ENSMUSG00000187937	13100	125	163	284	135	252
ENSMUSG00000175516	2950	55	65	24	60	27
ENSMUSG00000114955	6900	119	95	155	193	274
ENSMUSG00000131285	113100	2479	3119	3174	1581	3349
ENSMUSG00000143860	57350	1929	1561	2281	1231	1998
ENSMUSG00000160641	25550	317	390	320	361	470
ENSMUSG00000207842	12900	468	446	427	317	429
ENSMUSG00000159341	3300	98	102	91	91	126
ENSMUSG00000136159	6200	104	199	110	128	104
ENSMUSG00000174222	31350	828	444	315	599	538
ENSMUSG00000206465	15050	157	201	121	174	225
ENSMUSG00000212233	11100	208	228	428	329	415
ENSMUSG00000146609	500	10	26	11	17	19
ENSMUSG00000100496	400	2	8	4	9	4
ENSMUSG00000195266	100	4	7	6	9	2
ENSMUSG00000128728	3100	134	112	55	93	36
ENSMUSG00000113431	71150	2566	3224	2788	2570	2763
ENSMUSG00000117698	111150	1066	1530	2438	1824	1316
ENSMUSG00000186172	2700	20	52	25	13	24
ENSMUSG00000149325	400	2	10	10	4	11
ENSMUSG00000196759	30500	879	581	762	434	992
ENSMUSG00000107788	21400	479	562	285	260	393
ENSMUSG00000198743	300	5	9	11	13	7
ENSMUSG00000196360	54450	1089	1400	1908	1550	1111
ENSMUSG00000109104	9500	172	236	187	122	133
ENSMUSG00000116580	153900	2777	2485	1519	2166	2693
ENSMUSG00000101969	4350	281	196	162	159	361
ENSMUSG00000209177	29400	805	854	746	1016	843
ENSMUSG00000129264	9050	287	195	231	241	215
ENSMUSG00000192377	3350	54	53	34	43	34
ENSMUSG00000119220	5850	153	93	130	71	71
ENSMUSG00000217218	900	45	22	34	67	29
ENSMUSG00000105836	28900	821	925	751	1006	803
ENSMUSG00000136024	650	22	21	21	11	38
ENSMUSG00000168904	450	9	3	9	6	10
ENSMUSG00000204783	17950	584	540	406	695	705
ENSMUSG00000107736	49750	1577	1086	1481	1777	2057
ENSMUSG00000185790	173150	3813	3689	2613	3444	2637
ENSMUSG00000117126	55550	948	1274	743	1263	1341
ENSMUSG00000211801	400	14	16	5	11	11
ENSMUSG00000161196	3100	43	121	47	28	65
ENSMUSG00000107672	1650	54	86	67	48	77
ENSMUSG00000211787	9300	180	185	132	129	166
ENSMUSG00000202341	350	4	1	0	4	5
ENSMUSG00000173623	9550	150	164	165	143	160
ENSMUSG00000183197	10900	231	197	195	330	211
ENSMUSG00000208903	1400	15	28	21	7	21
ENSMUSG00000159229	15750	177	207	190	237	198
ENSMUSG00000128372	69600	1607	2251	1271	1891	791
ENSMUSG00000160769	6200	151	146	147	123	138
ENSMUSG00000156642	108300	2157	1595	1495	749	1177
ENSMUSG00000147384	67250	1444	723	700	1573	990
ENSMUSG00000146603	33150	212	592	245	331	372
ENSMUSG00000215947	14800	414	273	246	370	415
ENSMUSG00000204909	1450	79	86	55	128	62
ENSMUSG00000179348	49550	1197	1891	1486	1379	1751
ENSMUSG00000180135	2700	32	75	77	52	61
ENSMUSG00000123287	2400	54	39	38	52	19
ENSMUSG00000159803	22200	469	667	850	682	755
ENSMUSG00000105547	1800	19	33	51	25	29
ENSMUSG00000161199	25500	720	249	283	617	384
ENSMUSG00000146299	44700	1133	934	2122	3013	2300
ENSMUSG00000160429	9700	279	108	325	181	257
ENSMUSG00000106360	8500	131	208	134	291	220
ENSMUSG00000193052	64800	839	1039	480	813	605
ENSMUSG00000168165	23750	812	786	393	349	369
ENSMUSG00000169901	350	6	3	5	14	13
ENSMUSG00000152954	800	11	10	12	12	5
ENSMUSG00000150962	110450	2609	1771	2992	1958	1211
ENSMUSG00000218504	11350	306	458	588	316	300
ENSMUSG00000111493	50	4	2	2	1	3
ENSMUSG00000129128	500	12	13	8	10	15
ENSMUSG00000156586	8300	145	274	157	152	92
ENSMUSG00000159498	1000	18	8	10	21	17
ENSMUSG00000211982	24600	296	304	340	406	331
ENSMUSG00000154736	7450	129	162	175	269	177
ENSMUSG00000144182	23350	418	340	591	414	417
ENSMUSG00000197828	850	10	27	24	13	11
ENSMUSG00000126677	13300	946	627	486	468	792
ENSMUSG00000189221	399200	8396	7682	6633	6381	6287
ENSMUSG00000153628	1000	32	25	49	28	18
ENSMUSG00000114865	118450	2520	2246	2143	2040	2995
ENSMUSG00000173748	96000	1148	1029	736	1027	869
ENSMUSG00000189416	30150	532	627	341	505	526
ENSMUSG00000163146	6150	178	97	146	129	58
ENSMUSG00000137664	950	18	12	33	6	14
ENSMUSG00000212825	1350	22	30	38	22	50
ENSMUSG00000143512	60050	1012	450	1090	478	691
ENSMUSG00000214340	66750	2679	1464	812	950	1710
ENSMUSG00000105837	98500	1185	2655	1255	3009	1284
ENSMUSG00000183747	28650	930	1219	1396	936	1009
ENSMUSG00000118705	74000	368	724	928	1007	1290
ENSMUSG00000170241	1750	83	73	35	44	68
ENSMUSG00000128804	700	16	17	15	14	14
ENSMUSG00000106371	11550	200	233	244	156	163
ENSMUSG00000205325	12450	521	510	492	379	545
ENSMUSG00000141190	10700	183	290	187	226	183
ENSMUSG00000199651	200	21	9	6	5	6
ENSMUSG00000139571	1600	74	100	69	44	67
ENSMUSG00000107156	450	8	7	7	3	8
ENSMUSG00000141169	14000	283	254	182	207	105
ENSMUSG00000188999	1000	17	26	15	10	7
ENSMUSG00000196500	6800	117	95	78	110	107
ENSMUSG00000109239	11300	261	206	240	301	239
ENSMUSG00000182430	16700	284	174	212	184	191
ENSMUSG00000125731	210900	1811	2737	2293	3036	2149
ENSMUSG00000109243	800	23	13	25	8	20
ENSMUSG00000108582	150	1	0	1	3	1
ENSMUSG00000171076	72500	999	1417	1272	698	1039
ENSMUSG00000165071	235950	3208	2838	2230	2431	3178
ENSMUSG00000170820	163000	4074	1439	3520	2451	2460
ENSMUSG00000175415	15200	237	231	235	167	309
ENSMUSG00000115266	29600	396	733	600	618	567
ENSMUSG00000200439	6000	314	236	227	215	197
ENSMUSG00000194425	600	17	7	5	26	23
ENSMUSG00000154001	1750	27	33	56	47	44
ENSMUSG00000138603	19700	433	311	538	315	627
ENSMUSG00000198950	2400	22	42	33	63	42
ENSMUSG00000144773	371150	10295	5736	7491	6313	5502
ENSMUSG00000139989	650	26	15	10	4	14
ENSMUSG00000175245	5050	64	77	94	64	37
ENSMUSG00000102275	145750	869	965	1513	1605	1134
ENSMUSG00000120340	1850	37	59	36	33	41
ENSMUSG00000185977	900	14	13	20	16	15
ENSMUSG00000192351	550	9	6	10	12	5
ENSMUSG00000126285	2350	50	49	17	28	18
ENSMUSG00000123394	157300	2508	3622	4065	4161	4202
ENSMUSG00000205222	28300	442	269	409	321	308
ENSMUSG00000214796	37600	362	517	403	340	455
ENSMUSG00000164909	5700	116	100	55	55	28
ENSMUSG00000190756	39100	634	632	465	730	1572
ENSMUSG00000117097	16050	160	216	139	155	139
ENSMUSG00000159196	850	32	18	14	20	26
ENSMUSG00000165374	3000	96	65	77	117	79
ENSMUSG00000138696	10650	261	281	253	251	245
ENSMUSG00000167696	69700	1525	1385	2219	1066	1711
ENSMUSG00000105956	5950	77	92	175	108	97
ENSMUSG00000144492	19250	747	445	544	461	398
ENSMUSG00000129150	607450	10898	11203	7748	7880	7199
ENSMUSG00000134256	2300	19	41	69	17	30
ENSMUSG00000127277	700	5	12	16	14	13
ENSMUSG00000126172	47850	1375	1194	526	1331	1073
ENSMUSG00000198080	18150	286	262	277	192	536
ENSMUSG00000194614	11650	278	191	94	145	114
ENSMUSG00000115553	10250	539	218	445	217	407
ENSMUSG00000199108	4850	46	62	88	97	112
ENSMUSG00000115898	14050	666	622	533	623	297
ENSMUSG00000138334	5350	83	101	64	71	125
ENSMUSG00000150580	18300	671	938	1195	568	580
ENSMUSG00000157801	1100	16	9	16	22	24
ENSMUSG00000189820	1350	43	30	19	27	21
ENSMUSG00000218787	15950	156	158	258	238	142
ENSMUSG00000152019	4300	66	91	43	61	29
ENSMUSG00000183482	27650	582	853	490	1104	646
ENSMUSG00000156837	9400	143	110	199	171	231
ENSMUSG00000201077	3500	46	43	46	71	50
ENSMUSG00000113714	11100	215	233	111	334	201
ENSMUSG00000167099	5000	55	62	50	56	39
ENSMUSG00000108915	300	6	4	8	9	10
ENSMUSG00000170765	900	20	10	15	19	15
ENSMUSG00000106971	750	54	50	26	38	29
ENSMUSG00000176892	3500	24	64	63	49	80
ENSMUSG00000205381	21800	277	392	176	267	150
ENSMUSG00000197774	40900	1246	781	1054	797	841
ENSMUSG00000148914	24450	408	549	826	531	786
ENSMUSG00000203714	318950	8570	6934	3812	6694	6675
ENSMUSG00000106764	105500	3065	2441	2996	2065	1898
ENSMUSG00000141690	11850	186	131	104	142	127
ENSMUSG00000217740	397350	5659	6425	4530	4081	5533
ENSMUSG00000128979	78850	1287	1925	1156	1991	2832
ENSMUSG00000212197	5150	47	96	77	64	70
ENSMUSG00000138846	14250	486	348	689	453	307
ENSMUSG00000147631	74650	1529	534	1639	2154	1709
ENSMUSG00000116299	9850	327	218	291	333	183
ENSMUSG00000167854	48450	710	1035	1256	692	1100
ENSMUSG00000106806	16250	248	302	414	312	416
ENSMUSG00000144452	62100	479	420	929	672	748
ENSMUSG00000213346	6400	72	111	76	87	121
ENSMUSG00000137211	14150	288	285	201	263	389
ENSMUSG00000118004	4350	48	79	66	90	99
ENSMUSG00000212875	17850	827	631	701	581	432
ENSMUSG00000159963	250	4	5	6	6	5
ENSMUSG00000195246	14500	332	274	405	448	181
ENSMUSG00000171586	70650	1186	2380	2066	1536	2466
ENSMUSG00000185506	26400	416	533	734	343	347
ENSMUSG00000139103	7500	106	167	288	156	143
ENSMUSG00000208549	22450	832	480	404	645	745
ENSMUSG00000190541	1350	21	48	33	38	18
ENSMUSG00000190697	1250	38	41	22	40	27
ENSMUSG00000200319	5400	87	78	90	87	91
ENSMUSG00000111193	7000	79	78	95	264	132
ENSMUSG00000113192	90150	1453	1373	693	474	976
ENSMUSG00000138763	1250	31	23	15	20	41
ENSMUSG00000156516	60200	967	775	1135	1726	1586
ENSMUSG00000176249	200	5	8	21	8	6
ENSMUSG00000208727	1850	38	44	36	61	39
ENSMUSG00000108740	10700	193	141	196	140	204
ENSMUSG00000149487	87850	1118	1648	1914	812	1830
ENSMUSG00000205571	4050	58	64	67	17	27
ENSMUSG00000208068	200	0	5	3	5	2
ENSMUSG00000178189	29100	165	363	397	532	285
ENSMUSG00000137505	7300	248	170	182	172	139
ENSMUSG00000165056	900	10	22	34	25	11
ENSMUSG00000138064	1050	18	37	39	20	4
ENSMUSG00000130208	2550	37	66	55	22	35
ENSMUSG00000219976	7000	170	149	60	153	172
ENSMUSG00000214716	93250	705	872	339	590	564
ENSMUSG00000142181	600	8	4	13	13	8
ENSMUSG00000100983	1021000	15200	19088	15922	23771	14034
ENSMUSG00000219554	4550	163	126	88	174	119
ENSMUSG00000215166	3100	149	73	41	66	70
ENSMUSG00000143664	42750	526	996	512	889	735
ENSMUSG00000176373	5700	327	158	221	126	132
ENSMUSG00000133145	889900	25073	15860	13655	15642	7125
ENSMUSG00000100539	83150	1456	1653	1407	2013	1745
ENSMUSG00000131410	3000	29	53	95	114	87
ENSMUSG00000158916	2800	66	69	69	76	99
ENSMUSG00000191686	2900	35	72	40	44	68
ENSMUSG00000215410	5150	66	70	149	103	82
ENSMUSG00000205825	48150	366	517	680	563	878
ENSMUSG00000103736	3650	26	57	55	73	42
ENSMUSG00000111895	254350	1789	4281	4255	3412	3793
ENSMUSG00000121983	19150	634	223	96	100	229
ENSMUSG00000215386	6100	133	151	169	72	196
ENSMUSG00000149124	26450	1029	1015	1296	856	704
ENSMUSG00000178033	100	2	3	6	0	6
ENSMUSG00000176909	2050	27	34	12	21	14
ENSMUSG00000216436	29050	465	1202	456	681	727
ENSMUSG00000183782	8550	142	108	216	120	192
ENSMUSG00000214738	7750	163	137	164	64	99
ENSMUSG00000144914	8600	367	335	385	536	354
ENSMUSG00000191711	2000	27	41	65	19	28
ENSMUSG00000186991	5150	125	94	66	195	191
ENSMUSG00000100277	400	4	9	13	17	14
ENSMUSG00000181698	100	5	2	7	1	9
ENSMUSG00000103616	114750	1238	2653	2584	1726	1593
ENSMUSG00000151021	1250	25	16	18	22	38
ENSMUSG00000152417	1750	40	23	64	45	53
ENSMUSG00000191868	77050	3155	2637	1934	1874	3463
ENSMUSG00000110387	54100	1349	1102	1651	2207	1067
ENSMUSG00000196914	3550	38	46	51	47	44
ENSMUSG00000157338	2450	71	60	69	56	56
ENSMUSG00000169028	2350	139	75	108	159	118
ENSMUSG00000183768	700	28	24	16	15	20
ENSMUSG00000113319	20800	614	387	432	761	383
ENSMUSG00000210012	8300	226	273	335	136	322
ENSMUSG00000127111	7250	187	236	215	276	178
ENSMUSG00000131210	40050	605	645	811	940	586
ENSMUSG00000178476	20800	378	573	735	450	587
ENSMUSG00000197426	488650	3359	8203	8595	8007	5593
ENSMUSG00000136023	246200	3893	3358	5548	3967	2957
ENSMUSG00000154982	200	7	6	4	2	8
ENSMUSG00000214088	64700	1058	1073	1303	1103	727
ENSMUSG00000160524	1250	8	17	15	20	21
ENSMUSG00000201109	500	7	14	13	6	10
ENSMUSG00000216445	37100	718	726	606	385	686
ENSMUSG00000205928	2400	38	59	72	59	18
ENSMUSG00000189264	5300	72	59	82	45	51
ENSMUSG00000106867	60600	1368	1243	1742	1668	887
ENSMUSG00000178336	1050	32	55	24	71	51
ENSMUSG00000139437	800	40	28	38	26	20
ENSMUSG00000123218	17650	410	117	130	299	195
ENSMUSG00000203535	92450	2835	777	3260	2162	2428
ENSMUSG00000120195	14700	661	484	528	487	728
ENSMUSG00000178181	300	3	9	6	8	7
ENSMUSG00000109183	4350	129	93	25	45	35
ENSMUSG00000102984	7400	105	106	167	173	40
ENSMUSG00000204371	474800	11114	6954	5128	10152	4200
ENSMUSG00000115133	45950	1090	595	946	1023	1450
ENSMUSG00000144435	38550	1223	1737	446	719	908
ENSMUSG00000200800	70750	2800	1170	2193	2074	1369
ENSMUSG00000111071	5700	56	33	90	92	101
ENSMUSG00000207123	17150	302	254	382	350	470
ENSMUSG00000218019	21900	546	530	542	540	444
ENSMUSG00000149537	1000	27	24	40	29	19
ENSMUSG00000202890	7700	151	91	149	122	180
ENSMUSG00000205570	19700	384	413	225	500	673
ENSMUSG00000166866	1400	14	23	20	12	19
ENSMUSG00000196234	56650	1346	554	682	529	706
ENSMUSG00000122288	31200	807	947	759	1133	680
ENSMUSG00000117899	85900	854	1484	1242	970	1643
ENSMUSG00000179332	2300	27	70	49	25	31
ENSMUSG00000115461	9650	214	159	300	203	268
ENSMUSG00000149757	187650	4440	3729	4357	3092	1871
ENSMUSG00000144088	57200	891	646	597	791	367
ENSMUSG00000142224	2800	47	87	49	27	27
ENSMUSG00000213248	16050	335	213	264	350	270
ENSMUSG00000103576	204750	1959	1971	2973	2743	1637
ENSMUSG00000150569	5450	124	151	129	109	106
ENSMUSG00000192512	9700	415	302	194	201	332
ENSMUSG00000219631	1719200	25147	40044	21700	31779	48442
ENSMUSG00000131161	8950	236	198	98	140	149
ENSMUSG00000114732	6150	113	92	160	159	150
ENSMUSG00000171040	950	15	15	6	33	11
ENSMUSG00000155123	2000	22	48	49	41	27
ENSMUSG00000143900	245000	2342	3748	6608	3207	4564
ENSMUSG00000156434	4500	46	134	152	92	181
ENSMUSG00000177287	300	15	8	13	18	16
ENSMUSG00000116491	600	13	13	19	30	27
ENSMUSG00000107384	7950	150	161	190	109	114
ENSMUSG00000115055	18550	947	658	915	495	414
ENSMUSG00000152112	4200	52	81	55	50	43
ENSMUSG00000208226	82100	1342	1801	758	854	541
ENSMUSG00000185675	2050	49	68	69	54	69
ENSMUSG00000147735	14150	288	327	412	303	244
ENSMUSG00000125459	18100	471	306	550	413	357
ENSMUSG00000149311	28400	636	505	537	433	594
ENSMUSG00000214327	4800	203	138	65	89	69
ENSMUSG00000150960	6150	103	58	181	154	76
ENSMUSG00000172939	19100	476	433	436	272	287
ENSMUSG00000139044	400	25	16	16	6	10
ENSMUSG00000134793	10550	101	247	261	174	346
ENSMUSG00000194927	9300	555	486	427	375	555
ENSMUSG00000178973	41250	1379	639	971	1930	1077
ENSMUSG00000167819	7850	213	119	90	116	110
ENSMUSG00000112073	7000	149	78	90	94	138
ENSMUSG00000154247	12100	214	337	135	217	183
ENSMUSG00000172291	1000	27	36	24	44	21
ENSMUSG00000213595	11450	212	228	123	171	58
ENSMUSG00000136025	11500	491	185	314	377	650
ENSMUSG00000107283	15200	422	288	110	199	370
ENSMUSG00000104817	800	14	14	27	9	34
ENSMUSG00000108226	3650	91	61	48	85	124
ENSMUSG00000130066	50	4	2	2	2	5
ENSMUSG00000145489	28200	889	713	864	658	628
ENSMUSG00000211243	1850	65	72	80	58	22
ENSMUSG00000177446	9950	242	249	224	165	248
ENSMUSG00000194003	750	16	14	23	4	15
ENSMUSG00000114121	4750	197	115	158	121	102
ENSMUSG00000122889	24650	223	558	303	277	538
ENSMUSG00000150926	35350	1873	584	1296	1639	529
ENSMUSG00000202288	650	14	11	6	11	12
ENSMUSG00000161464	45600	838	484	981	844	1018
ENSMUSG00000113597	4650	46	130	125	88	144
ENSMUSG00000122260	2100	57	59	16	46	32
ENSMUSG00000145462	21050	406	665	307	611	197
ENSMUSG00000125191	3350	96	83	84	78	102
ENSMUSG00000113455	11250	190	148	59	99	64
ENSMUSG00000185279	1500	29	27	14	25	45
ENSMUSG00000201684	11250	214	157	175	216	257
ENSMUSG00000112394	6850	140	190	239	177	153
ENSMUSG00000217050	3550	72	68	136	117	58
ENSMUSG00000149281	1150	18	20	14	12	23
ENSMUSG00000194235	1500	35	14	45	58	59
ENSMUSG00000135671	25800	268	217	316	441	355
ENSMUSG00000178829	83150	2021	1808	1210	2070	1348
ENSMUSG00000128294	14400	527	502	194	182	122
ENSMUSG00000115511	149100	1774	4423	4184	2133	3815
ENSMUSG00000174065	5800	98	126	114	110	94
ENSMUSG00000137461	300	12	11	10	7	7
ENSMUSG00000121333	25000	1085	593	627	320	909
ENSMUSG00000196921	1600	18	19	9	28	21
ENSMUSG00000218619	20350	254	231	356	212	337
ENSMUSG00000120151	76850	1261	1474	1408	598	1152
ENSMUSG00000209610	4350	106	74	66	113	61
ENSMUSG00000128848	7750	153	101	148	115	94
ENSMUSG00000209959	1114650	14259	29659	9792	16517	18991
ENSMUSG00000116332	9700	147	227	274	253	244
ENSMUSG00000154421	14600	225	216	171	306	265
ENSMUSG00000194116	40850	920	551	619	392	573
ENSMUSG00000186662	4850	66	105	131	171	163
ENSMUSG00000214565	7350	145	155	116	111	96
ENSMUSG00000210907	16500	428	211	189	295	306
ENSMUSG00000111690	150	0	0	0	3	1
ENSMUSG00000189611	162200	2017	2433	1395	1971	2275
ENSMUSG00000202022	1100	30	25	17	10	30
ENSMUSG00000166863	450	10	19	22	22	19
ENSMUSG00000119516	29550	595	341	419	479	151
ENSMUSG00000196791	14500	137	126	199	79	222
ENSMUSG00000159309	550	10	12	19	11	7
ENSMUSG00000166234	11150	195	288	186	119	201
ENSMUSG00000125170	950	38	22	14	20	14
ENSMUSG00000111920	1600	40	23	28	48	26
ENSMUSG00000183016	300	3	11	7	5	11
ENSMUSG00000140348	1350	29	26	29	36	24
ENSMUSG00000112971	20600	153	270	176	405	327
ENSMUSG00000114148	9000	184	228	259	184	154
ENSMUSG00000114107	20800	249	535	396	291	254
ENSMUSG00000130914	43650	874	973	725	1082	900
ENSMUSG00000190417	12500	122	88	91	142	168
ENSMUSG00000151872	1950	36	20	35	31	45
ENSMUSG00000187787	4150	103	96	38	83	117
ENSMUSG00000145421	257100	6026	6706	4446	3184	3946
ENSMUSG00000139218	12400	87	174	171	242	156
ENSMUSG00000156235	15500	642	530	316	321	418
ENSMUSG00000179384	4100	122	70	187	81	129
ENSMUSG00000188795	14000	168	188	248	118	306
ENSMUSG00000108183	9200	374	215	526	235	178
ENSMUSG00000212413	6500	95	175	181	184	165
ENSMUSG00000199257	8650	159	153	107	129	85
ENSMUSG00000137937	950	30	48	19	32	12
ENSMUSG00000131411	1350	27	11	33	26	30
ENSMUSG00000163544	13250	597	301	507	264	455
ENSMUSG00000198062	52500	579	353	570	668	780
ENSMUSG00000165760	48950	980	757	1269	1219	751
ENSMUSG00000177176	7100	145	133	113	168	226
ENSMUSG00000104075	900	14	28	20	19	30
ENSMUSG00000196278	36050	429	792	541	230	529
ENSMUSG00000147136	11050	587	392	577	563	224
ENSMUSG00000175192	600	16	18	14	4	8
ENSMUSG00000151383	25000	459	760	553	1289	713
ENSMUSG00000118629	42350	887	774	361	385	650
ENSMUSG00000196878	352450	7083	5177	3983	2983	2693
ENSMUSG00000169179	1050	25	15	13	18	14
ENSMUSG00000153821	600	9	17	13	8	10
ENSMUSG00000125724	21300	725	426	886	698	1279
ENSMUSG00000118079	100	3	1	6	8	4
ENSMUSG00000188572	650	50	40	54	17	32
ENSMUSG00000102714	950	8	17	12	20	16
ENSMUSG00000106946	1050	18	15	23	34	12
ENSMUSG00000108981	350	16	5	5	2	1
ENSMUSG00000165508	4500	46	115	140	85	67
ENSMUSG00000171532	62500	830	934	1258	796	823
ENSMUSG00000150832	21550	301	239	354	404	532
ENSMUSG00000108251	16100	562	257	368	657	416
ENSMUSG00000133026	5150	59	61	66	62	94
ENSMUSG00000108208	122850	2748	3040	2928	1490	3240
ENSMUSG00000124164	26300	318	533	267	713	327
ENSMUSG00000165857	104500	1877	3517	961	1180	2110
ENSMUSG00000135960	550	7	15	5	5	5
ENSMUSG00000194738	28300	351	619	333	315	206
ENSMUSG00000193890	1000	19	22	12	15	11
ENSMUSG00000145289	15950	423	507	158	309	309
ENSMUSG00000158815	13900	220	116	176	175	272
ENSMUSG00000101390	750	23	22	12	14	21
ENSMUSG00000151913	10800	203	251	142	222	212
ENSMUSG00000150240	71400	1370	1247	1143	1658	1022
ENSMUSG00000158355	23950	332	522	416	267	348
ENSMUSG00000136018	20700	268	287	530	457	431
ENSMUSG00000180321	1050	24	18	14	41	12
ENSMUSG00000203475	1450	23	62	45	56	50
ENSMUSG00000130845	1100	15	16	15	18	18
ENSMUSG00000218100	4700	214	253	184	170	200
ENSMUSG00000101435	83500	2000	1552	1650	1574	2914
ENSMUSG00000213111	19200	266	163	321	415	359
ENSMUSG00000158706	12750	184	164	173	141	141
ENSMUSG00000218117	700	14	14	24	19	8
ENSMUSG00000175806	30650	281	335	174	444	614
ENSMUSG00000132751	5900	99	36	79	56	79
ENSMUSG00000115416	300	3	2	4	2	2
ENSMUSG00000109156	550	8	7	9	1	5
ENSMUSG00000104690	4500	54	117	84	23	84
ENSMUSG00000186049	2350	29	28	18	33	13
ENSMUSG00000174623	304900	3653	2269	4164	4621	3686
ENSMUSG00000161352	9200	106	174	177	274	124
ENSMUSG00000141638	700	21	8	12	16	28
ENSMUSG00000133697	3300	47	58	71	47	67
ENSMUSG00000141361	227200	2467	3953	2941	4321	1907
ENSMUSG00000215121	1150	20	9	20	28	27
ENSMUSG00000133544	52200	475	930	462	517	731
ENSMUSG00000161336	11450	237	363	336	300	593
ENSMUSG00000198131	166300	3726	2445	3594	3672	2611
ENSMUSG00000206892	9900	613	235	391	450	391
ENSMUSG00000163354	2150	67	58	89	66	48
ENSMUSG00000170720	23900	357	420	285	377	343
ENSMUSG00000182449	8600	252	104	150	182	335
ENSMUSG00000169912	76300	1080	776	914	1303	1302
ENSMUSG00000217279	6850	94	52	132	224	246
ENSMUSG00000215815	995150	17472	17585	8102	7960	8779
ENSMUSG00000203249	9500	115	97	83	188	277
ENSMUSG00000211367	15300	154	568	316	297	294
ENSMUSG00000142821	2300	31	34	62	32	69
ENSMUSG00000135650	7100	108	239	234	183	205
ENSMUSG00000145099	5700	142	211	197	134	402
ENSMUSG00000186199	11400	169	288	209	150	244
ENSMUSG00000154544	52700	891	1102	538	659	581
ENSMUSG00000144783	2200	110	57	50	70	53
ENSMUSG00000206544	1450	17	30	55	35	27
ENSMUSG00000107364	130500	1668	1727	1316	1007	879
ENSMUSG00000121560	4250	64	77	135	96	113
ENSMUSG00000192290	2700	34	57	49	59	56
ENSMUSG00000169634	187500	3692	2419	1501	1972	1297
ENSMUSG00000107898	40700	882	443	838	1493	901
ENSMUSG00000169600	50	0	1	3	2	2
ENSMUSG00000214553	2750	58	82	100	79	99
ENSMUSG00000173637	21400	917	749	603	496	1028
ENSMUSG00000181767	47600	285	630	1248	435	940
ENSMUSG00000165866	1350	42	41	67	44	34
ENSMUSG00000110804	239400	5098	2359	5084	3417	7572
ENSMUSG00000205491	1950	16	29	34	18	33
ENSMUSG00000208453	2900	141	89	77	88	129
ENSMUSG00000191025	10600	151	173	314	120	236
ENSMUSG00000177044	6300	84	253	139	175	131
ENSMUSG00000144392	45450	559	628	654	521	734
ENSMUSG00000133966	22250	1460	1487	1389	939	1094
ENSMUSG00000152923	5850	223	122	177	116	207
ENSMUSG00000139922	204100	3056	1996	3159	2543	1393
ENSMUSG00000187460	1600	37	38	36	42	41
ENSMUSG00000189729	3550	76	141	104	64	140
ENSMUSG00000202783	134750	5354	3764	4454	4709	4371
ENSMUSG00000167063	10500	373	134	177	104	206
ENSMUSG00000172752	46950	1086	2007	919	1444	1597
ENSMUSG00000148421	2550	73	93	20	64	46
ENSMUSG00000113557	5800	84	110	138	85	89
ENSMUSG00000131531	10450	157	302	111	98	210
ENSMUSG00000200619	9650	155	342	246	235	130
ENSMUSG00000105074	2800	98	62	112	88	71
ENSMUSG00000218410	5000	137	259	105	120	293
ENSMUSG00000124668	29150	849	603	643	492	502
ENSMUSG00000159509	90500	1922	1897	3269	1483	3481
ENSMUSG00000117351	8650	120	218	102	212	255
ENSMUSG00000112258	41300	749	603	508	457	449
ENSMUSG00000180404	58900	1284	470	911	1055	737
ENSMUSG00000212838	1750	42	34	12	18	23
ENSMUSG00000171204	450	5	13	11	9	11
ENSMUSG00000126476	186100	5586	2966	2064	4642	2266
ENSMUSG00000194830	75750	2394	849	741	3346	2016
ENSMUSG00000119595	6950	231	170	244	149	65
ENSMUSG00000110209	10600	222	380	484	208	260
ENSMUSG00000102278	1700	30	18	31	24	23
ENSMUSG00000185246	300	5	9	14	4	4
ENSMUSG00000122935	8700	371	269	336	301	288
ENSMUSG00000187570	350	12	11	8	6	16
ENSMUSG00000143196	80900	1156	3073	1377	1222	1101
ENSMUSG00000172191	1950	65	29	36	42	48
ENSMUSG00000180830	10150	365	113	140	497	275
ENSMUSG00000127562	347200	8999	8995	7009	6374	4015
ENSMUSG00000189119	246600	5454	7783	9615	6317	6722
ENSMUSG00000162475	5200	101	75	105	135	70
ENSMUSG00000119481	85050	1694	1088	1836	1267	1518
ENSMUSG00000147103	700	33	25	12	21	22
ENSMUSG00000163096	4700	82	92	78	85	42
ENSMUSG00000178992	26550	158	235	303	438	438
ENSMUSG00000177670	89950	2190	3440	2130	4300	2506
ENSMUSG00000206665	2600	92	41	54	55	45
ENSMUSG00000205402	31800	481	449	263	515	229
ENSMUSG00000192794	18200	119	230	275	212	279
ENSMUSG00000163265	1000	17	17	12	14	11
ENSMUSG00000131472	5750	105	74	140	91	97
ENSMUSG00000130305	184950	2204	2566	2848	3289	3967
ENSMUSG00000117151	7750	102	103	202	67	114
ENSMUSG00000127702	20150	481	555	444	377	625
ENSMUSG00000202868	50700	751	937	695	788	1872
ENSMUSG00000125205	1950	31	46	36	47	58
ENSMUSG00000158968	95300	1153	1452	2071	1935	1198
ENSMUSG00000216367	248700	5056	3450	4723	2677	1541
ENSMUSG00000146922	244800	3682	3030	4905	3326	5062
ENSMUSG00000191281	122000	2521	1249	1365	2248	1526
ENSMUSG00000104610	2800	33	79	56	21	48
ENSMUSG00000113546	6050	98	166	27	83	48
ENSMUSG00000182239	1050	33	55	39	32	28
ENSMUSG00000177128	900	22	11	8	43	24
ENSMUSG00000185533	850	17	34	35	30	40
ENSMUSG00000204309	49150	1069	1812	1521	1398	1251
ENSMUSG00000149497	111650	2648	3082	2938	3152	1726
ENSMUSG00000168055	1850	74	41	56	68	42
ENSMUSG00000139486	24400	1073	613	965	503	1000
ENSMUSG00000152826	700	8	10	17	8	7
ENSMUSG00000153360	7100	140	103	123	145	107
ENSMUSG00000110903	750	38	20	19	15	19
ENSMUSG00000207733	250	8	8	2	1	5
ENSMUSG00000179683	11900	149	159	115	151	243
ENSMUSG00000126823	25550	575	525	122	261	297
ENSMUSG00000126664	3300	79	103	102	78	83
ENSMUSG00000109606	2450	61	50	71	46	27
ENSMUSG00000194053	1550	32	21	37	16	17
ENSMUSG00000198610	6350	131	113	88	125	128
ENSMUSG00000146998	1450	34	72	46	61	27
ENSMUSG00000208888	19100	742	795	265	289	190
ENSMUSG00000113551	300	16	14	26	17	6
ENSMUSG00000147608	9500	174	263	212	181	295
ENSMUSG00000179929	17150	324	331	439	451	222
ENSMUSG00000189932	224600	3542	3398	1878	1178	2347
ENSMUSG00000185406	75000	2532	2373	1047	1713	796
ENSMUSG00000205541	7000	147	350	217	190	284
ENSMUSG00000207865	1100	69	23	26	39	33
ENSMUSG00000150752	300	1	7	3	3	2
ENSMUSG00000153830	10350	382	253	214	318	253
ENSMUSG00000152000	153750	1643	3811	1307	3916	2223
ENSMUSG00000199026	286550	3103	2567	4564	3975	5043
ENSMUSG00000165877	0	2	1	2	2	0
ENSMUSG00000128641	2500	7	19	31	18	18
ENSMUSG00000156489	2600	63	46	85	59	101
ENSMUSG00000213974	350	12	33	14	19	12
ENSMUSG00000103955	15800	433	502	292	296	220
ENSMUSG00000190536	6750	148	169	187	79	151
ENSMUSG00000177812	3800	44	68	60	54	49
ENSMUSG00000102305	7700	98	258	253	159	68
ENSMUSG00000153323	750	8	8	4	7	6
ENSMUSG00000111454	750	28	28	24	9	23
ENSMUSG00000114950	600	20	35	17	28	26
ENSMUSG00000184849	34050	834	1357	326	1041	719
ENSMUSG00000101898	700	3	8	7	9	2
ENSMUSG00000201212	2300	86	77	137	85	168
ENSMUSG00000116568	64950	1300	1623	514	659	1001
ENSMUSG00000105627	6800	135	190	144	159	121
ENSMUSG00000145512	46950	761	988	1406	762	720
ENSMUSG00000187750	2400	21	39	52	38	37
ENSMUSG00000184970	11850	441	623	461	389	172
ENSMUSG00000150756	30050	905	778	651	1102	1285
ENSMUSG00000174241	563150	6507	18264	19456	8347	13898
ENSMUSG00000202157	24650	436	828	712	519	796
ENSMUSG00000130725	100000	1485	2814	3334	2969	3818
ENSMUSG00000117840	10450	137	259	94	128	76
ENSMUSG00000155333	8850	101	198	179	149	178
ENSMUSG00000149678	83550	1785	5478	3382	5906	3317
ENSMUSG00000102991	37850	421	418	360	654	240
ENSMUSG00000185081	386050	5225	7534	4621	2293	2401
ENSMUSG00000212521	26450	672	633	511	561	1009
ENSMUSG00000141986	431350	16254	9870	14837	11410	12638
ENSMUSG00000100493	838650	8585	19682	14776	16312	17102
ENSMUSG00000146328	1900	13	21	59	23	36
ENSMUSG00000130842	280550	7328	4265	6512	2600	5779
ENSMUSG00000202242	24200	256	516	245	240	573
ENSMUSG00000105489	27700	311	364	428	479	517
ENSMUSG00000131772	4450	133	63	104	72	149
ENSMUSG00000174747	97700	1507	1503	564	323	337
ENSMUSG00000181442	1000	15	13	24	18	18
ENSMUSG00000178309	2200	64	34	32	21	30
ENSMUSG00000154897	2650	22	34	38	18	35
ENSMUSG00000190581	30200	656	328	427	346	292
ENSMUSG00000107982	74000	1605	1304	931	1075	850
ENSMUSG00000115033	38500	375	486	579	1162	740
ENSMUSG00000169352	16400	301	431	609	259	326
ENSMUSG00000154155	2550	42	33	49	63	58
ENSMUSG00000165345	300	4	4	5	8	8
ENSMUSG00000208218	24200	389	529	359	322	547
ENSMUSG00000211777	26550	533	695	312	373	129
ENSMUSG00000100189	12900	203	237	163	368	251
ENSMUSG00000196609	83100	4319	1775	2793	2250	2136
ENSMUSG00000130517	8550	139	179	71	84	110
ENSMUSG00000142455	6300	269	298	68	119	70
ENSMUSG00000178362	100	2	4	1	0	1
ENSMUSG00000155346	14900	650	495	554	675	607
ENSMUSG00000200577	9550	125	139	191	249	150
ENSMUSG00000203736	800	50	34	46	25	41
ENSMUSG00000125092	20600	315	293	184	385	324
ENSMUSG00000127403	350	29	18	19	16	6
ENSMUSG00000188018	2650	36	30	52	25	33
ENSMUSG00000118750	318100	8027	12129	5465	7704	10468
ENSMUSG00000144827	26300	617	855	627	679	693
ENSMUSG00000135572	57100	1028	1017	586	869	668
ENSMUSG00000109674	129250	1349	1933	659	650	376
ENSMUSG00000213552	22850	431	293	567	718	384
ENSMUSG00000116675	10300	305	157	217	139	205
ENSMUSG00000213053	708250	10317	20930	17676	15277	12910
ENSMUSG00000104353	13000	375	195	118	145	152
ENSMUSG00000143824	37050	325	753	1087	785	1199
ENSMUSG00000125226	3050	82	86	142	181	123
ENSMUSG00000105497	4950	114	53	70	68	63
ENSMUSG00000162547	50	0	2	3	1	0
ENSMUSG00000132261	350	4	2	0	2	1
ENSMUSG00000146136	224500	2648	4058	4131	1647	2415
ENSMUSG00000211941	192900	4292	6588	1741	2011	4050
ENSMUSG00000203787	2650	49	71	45	90	72
ENSMUSG00000205232	12650	157	76	175	102	186
ENSMUSG00000148891	13150	592	297	570	392	288
ENSMUSG00000133278	2100	14	19	13	18	23
ENSMUSG00000122302	160150	2355	6754	7713	4840	3260
ENSMUSG00000127168	600	16	34	16	8	5
ENSMUSG00000124969	3200	21	48	19	56	19
ENSMUSG00000205603	50	1	0	1	2	2
ENSMUSG00000140977	103450	2753	2778	4454	3270	2564
ENSMUSG00000139579	8950	235	161	200	98	158
ENSMUSG00000164177	234600	4004	4855	3618	4544	1479
ENSMUSG00000187642	1900	20	20	19	12	36
ENSMUSG00000119299	11350	249	293	156	378	546
ENSMUSG00000159132	9500	150	139	182	130	97
ENSMUSG00000169235	15450	405	250	194	208	171
ENSMUSG00000213948	549450	20120	8641	6084	6998	10826
ENSMUSG00000183687	951100	16827	11520	14251	15092	20163
ENSMUSG00000159658	132300	2886	2493	2134	2729	2645
ENSMUSG00000214227	12200	143	96	109	75	41
ENSMUSG00000197416	29250	647	1217	773	782	422
ENSMUSG00000180714	207800	1625	2332	4066	3205	2431
ENSMUSG00000185422	22700	731	672	247	306	414
ENSMUSG00000207706	18600	580	494	193	399	510
ENSMUSG00000118613	26100	290	272	345	304	509
ENSMUSG00000162540	2850	38	52	33	36	20
ENSMUSG00000190783	6450	307	292	326	432	326
ENSMUSG00000158445	125100	3449	5078	1838	3416	5067
ENSMUSG00000100905	650	28	26	19	25	21
ENSMUSG00000149041	23100	197	336	185	116	149
ENSMUSG00000210695	24250	501	479	776	538	975
ENSMUSG00000179402	650	11	15	12	16	12
ENSMUSG00000139094	5350	143	68	97	85	103
ENSMUSG00000123145	250	1	10	10	8	2
ENSMUSG00000189730	3550	30	29	59	51	27
ENSMUSG00000142979	600	14	4	11	8	9
ENSMUSG00000178578	800	23	28	24	30	24
ENSMUSG00000164962	2050	59	72	57	20	33
ENSMUSG00000151842	3500	76	74	95	63	72
ENSMUSG00000183000	6850	122	121	126	111	167
ENSMUSG00000210046	150	1	1	1	1	1
ENSMUSG00000105723	264400	2524	4940	5364	2972	4113
ENSMUSG00000178462	3150	69	70	78	106	120
ENSMUSG00000197931	750	20	18	13	18	10
ENSMUSG00000194247	2550	33	44	52	52	66
ENSMUSG00000199126	9000	296	319	256	286	488
ENSMUSG00000177482	750	11	24	29	29	34
ENSMUSG00000204230	4550	43	64	50	71	87
ENSMUSG00000181240	2800	41	56	89	77	67
ENSMUSG00000209103	44900	1008	998	578	522	190
ENSMUSG00000197306	1550	27	28	33	36	30
ENSMUSG00000209411	14000	291	297	479	377	683
ENSMUSG00000101667	13550	256	242	324	296	190
ENSMUSG00000190333	6950	124	81	126	84	88
ENSMUSG00000183716	78250	2059	2619	1749	2061	1674
ENSMUSG00000125451	7300	156	150	227	185	174
ENSMUSG00000212938	1000	12	7	14	3	17
ENSMUSG00000205324	20700	352	347	381	277	224
ENSMUSG00000122646	11950	234	290	222	208	458
ENSMUSG00000208443	5750	144	208	97	131	231
ENSMUSG00000190546	26250	465	555	182	192	246
ENSMUSG00000140690	1847000	51076	21015	14515	14624	12946
ENSMUSG00000177950	13500	299	443	145	218	139
ENSMUSG00000179401	20800	336	336	445	432	274
ENSMUSG00000106631	3950	111	60	63	94	46
ENSMUSG00000148140	47250	1906	2823	2605	1653	2421
ENSMUSG00000122859	10200	134	246	102	153	129
ENSMUSG00000170871	3200	58	55	38	20	18
ENSMUSG00000164908	650	6	27	15	16	24
ENSMUSG00000148975	29500	298	247	418	375	511
ENSMUSG00000206291	18500	432	504	494	751	401
ENSMUSG00000198643	150	5	6	5	11	4
ENSMUSG00000166367	2250	30	47	34	42	37
ENSMUSG00000214303	35100	884	619	728	430	517
ENSMUSG00000167265	37650	1031	1311	695	1009	913
ENSMUSG00000124230	1050	34	21	8	15	7
ENSMUSG00000166551	1450	51	93	101	56	84
ENSMUSG00000214811	17800	718	788	474	847	1057
ENSMUSG00000179090	3050	52	28	44	44	86
ENSMUSG00000134928	4450	48	75	48	70	65
ENSMUSG00000136794	2200	44	79	61	48	74
ENSMUSG00000179284	400	13	10	16	10	14
ENSMUSG00000141276	8100	169	138	135	197	208
ENSMUSG00000107134	19600	353	156	461	263	244
ENSMUSG00000205097	1150	15	42	4	6	16
ENSMUSG00000121358	6350	98	171	226	178	161
ENSMUSG00000124886	71700	901	1146	1490	1297	2145
ENSMUSG00000197686	10950	195	143	150	201	355
ENSMUSG00000162182	61350	706	729	1158	770	2037
ENSMUSG00000173709	2750	50	68	71	90	41
ENSMUSG00000105784	174800	1532	2068	3179	2061	1643
ENSMUSG00000174526	4200	83	74	25	19	34
ENSMUSG00000104832	399950	9122	5954	7366	7640	5600
ENSMUSG00000142313	2100	49	62	76	60	30
ENSMUSG00000200197	2400	23	25	23	44	53
ENSMUSG00000125346	1200	34	35	18	16	32
ENSMUSG00000172477	2000	65	52	107	101	105
ENSMUSG00000208444	2200	48	70	51	65	79
ENSMUSG00000144694	1200	35	58	54	37	36
ENSMUSG00000202537	1550	106	61	69	91	97
ENSMUSG00000103504	22100	522	696	583	553	717
ENSMUSG00000187039	26050	735	760	1241	784	560
ENSMUSG00000217134	3650	44	164	100	87	99
ENSMUSG00000210351	119650	1400	2088	1805	3864	1887
ENSMUSG00000202615	600	27	15	11	23	18
ENSMUSG00000218871	1050	15	33	13	18	17
ENSMUSG00000197004	700	9	16	18	9	15
ENSMUSG00000152815	62650	1276	791	308	606	462
ENSMUSG00000111958	750	6	6	6	8	9
ENSMUSG00000216387	350	7	12	8	8	7
ENSMUSG00000138174	125150	1534	2587	2471	2848	2431
ENSMUSG00000209704	315100	2952	4007	6128	3860	2823
ENSMUSG00000150466	138550	1844	1263	2644	2400	3786
ENSMUSG00000173987	150	9	20	4	6	8
ENSMUSG00000172625	8000	147	235	134	143	129
ENSMUSG00000214426	62750	744	580	1084	832	992
ENSMUSG00000165786	6150	278	206	122	139	111
ENSMUSG00000109081	50	12	6	8	8	8
ENSMUSG00000159691	10750	168	62	130	61	75
ENSMUSG00000160349	550	2	1	4	3	7
ENSMUSG00000217524	700	21	13	5	8	13
ENSMUSG00000180635	780950	7343	11843	10983	11036	11762
ENSMUSG00000137739	27250	878	494	421	833	445
ENSMUSG00000163947	400	8	9	15	6	10
ENSMUSG00000205114	600	3	6	7	1	8
ENSMUSG00000110865	12150	252	140	471	466	545
ENSMUSG00000176946	4400	30	40	22	86	61
ENSMUSG00000204253	28550	329	695	469	564	1107
ENSMUSG00000208693	2200	39	30	43	32	42
ENSMUSG00000155451	5650	178	114	82	113	107
ENSMUSG00000211174	7400	215	314	268	183	98
ENSMUSG00000171415	950	16	9	17	11	14
ENSMUSG00000163722	200	2	5	0	3	2
ENSMUSG00000160036	650	17	12	14	32	9
ENSMUSG00000210314	1350	17	43	20	39	31
ENSMUSG00000194916	5750	143	91	61	72	97
ENSMUSG00000150086	4150	184	161	165	130	125
ENSMUSG00000101424	5150	97	176	79	141	118
ENSMUSG00000215479	30750	847	861	359	411	433
ENSMUSG00000185287	1650	23	26	44	42	20
ENSMUSG00000172524	277650	3096	4243	3525	2560	3938
ENSMUSG00000137856	375750	11451	7744	7570	8865	7132
ENSMUSG00000167083	7900	295	250	357	410	335
ENSMUSG00000107774	12400	262	196	159	222	104
ENSMUSG00000200511	67400	2032	1607	1031	1712	2508
ENSMUSG00000156048	35900	329	530	235	586	383
ENSMUSG00000181234	12150	228	218	198	192	219
ENSMUSG00000112832	4100	120	132	194	157	84
ENSMUSG00000185543	950	38	27	37	43	48
ENSMUSG00000162758	600	18	9	9	13	26
ENSMUSG00000198176	71600	619	960	456	391	691
ENSMUSG00000160848	98100	2473	1572	960	1705	2026
ENSMUSG00000194210	600	20	33	19	14	27
ENSMUSG00000126275	4250	254	128	93	104	130
ENSMUSG00000137912	21100	249	141	149	271	294
ENSMUSG00000182839	2250	50	53	65	93	28
ENSMUSG00000189581	1550	81	42	18	17	13
ENSMUSG00000105638	3150	77	30	113	82	44
ENSMUSG00000169220	50	3	4	5	2	4
ENSMUSG00000190908	6000	147	131	101	85	89
ENSMUSG00000177191	3850	94	74	65	120	38
ENSMUSG00000209102	802900	17264	23369	6843	6158	9904
ENSMUSG00000180892	42600	1395	712	520	782	928
ENSMUSG00000203641	3600	56	84	85	55	38
ENSMUSG00000158148	6600	251	179	215	307	120
ENSMUSG00000195827	182850	5126	6111	2887	2707	5998
ENSMUSG00000182095	213700	3547	1501	6625	3456	5405
ENSMUSG00000192668	15100	185	288	184	284	259
ENSMUSG00000103738	4450	195	94	98	160	153
ENSMUSG00000183375	200	10	10	9	5	8
ENSMUSG00000207579	3850	60	80	43	57	71
ENSMUSG00000115513	5650	151	122	59	118	136
ENSMUSG00000128448	2000	43	47	42	21	18
ENSMUSG00000197765	313650	4045	6146	3959	2610	4373
ENSMUSG00000119199	150	3	2	3	7	10
ENSMUSG00000125336	7450	131	99	98	122	149
ENSMUSG00000208762	8050	386	211	296	248	427
ENSMUSG00000150473	27950	738	739	196	710	476
ENSMUSG00000143853	133600	5769	4472	3962	4348	5485
ENSMUSG00000112812	200	10	7	8	4	15
ENSMUSG00000153953	1400	30	23	34	31	40
ENSMUSG00000153241	9550	177	238	201	269	223
ENSMUSG00000109579	10100	212	191	304	115	131
ENSMUSG00000216090	2150	60	100	59	68	35
ENSMUSG00000110704	1100	47	22	28	22	20
ENSMUSG00000163338	66650	1939	1347	1112	1472	895
ENSMUSG00000127728	850	40	7	18	17	20
ENSMUSG00000146029	7000	60	58	74	53	73
ENSMUSG00000130414	81250	2721	1960	4362	1941	2218
ENSMUSG00000217220	343800	7303	4306	2900	5973	4106
ENSMUSG00000133814	41600	719	575	1048	621	983
ENSMUSG00000126437	2350	71	44	36	36	17
ENSMUSG00000198715	1100	23	29	22	26	20
ENSMUSG00000176194	1600	17	27	21	20	15
ENSMUSG00000203996	700	13	9	16	13	22
ENSMUSG00000117680	4550	98	81	47	68	37
ENSMUSG00000168508	157450	1871	1927	2460	1274	1435
ENSMUSG00000127737	17950	254	266	279	155	328
ENSMUSG00000120287	4700	27	59	18	30	36
ENSMUSG00000123819	650	61	60	25	27	26
ENSMUSG00000216668	400	23	5	11	15	7
ENSMUSG00000109052	144850	3058	4598	1737	988	1319
ENSMUSG00000152943	350	2	4	12	3	5
ENSMUSG00000158604	21400	354	477	303	379	146
ENSMUSG00000113613	50	7	5	10	6	17
ENSMUSG00000174611	650	18	12	11	19	15
ENSMUSG00000194445	200	12	11	4	12	5
ENSMUSG00000202334	41000	1023	787	1219	1056	1131
ENSMUSG00000126744	8350	294	212	74	127	143
ENSMUSG00000109871	2437850	41494	15082	29039	24626	22030
ENSMUSG00000207897	1700	44	48	10	16	12
ENSMUSG00000101279	1150	15	7	14	20	15
ENSMUSG00000198702	20900	495	441	278	369	483
ENSMUSG00000172765	9650	324	513	425	312	313
ENSMUSG00000186912	5850	30	91	96	61	113
ENSMUSG00000187018	50	3	1	2	2	2
ENSMUSG00000172055	147400	3259	4234	1476	2509	3959
ENSMUSG00000117901	19600	304	583	519	533	722
ENSMUSG00000138376	17250	304	338	287	538	225
ENSMUSG00000203852	1950	33	51	28	79	93
ENSMUSG00000172277	25950	363	342	601	415	430
ENSMUSG00000216373	1750	32	48	76	43	30
ENSMUSG00000184381	5300	228	104	153	201	120
ENSMUSG00000170197	6350	123	92	63	105	117
ENSMUSG00000166065	70350	1595	2057	2057	1649	2175
ENSMUSG00000191417	2350	51	50	30	54	84
ENSMUSG00000137711	3700	28	50	48	30	44
ENSMUSG00000125533	75000	1341	1421	741	799	1048
ENSMUSG00000102663	14500	125	194	251	129	201
ENSMUSG00000195762	5750	87	198	150	125	110
ENSMUSG00000123041	4750	116	64	77	94	156
ENSMUSG00000176398	40250	579	1155	1277	1170	1025
ENSMUSG00000115406	2450	57	37	21	45	39
ENSMUSG00000145284	18650	406	326	564	445	302
ENSMUSG00000160139	381100	8814	7291	6466	11099	4860
ENSMUSG00000177317	9650	197	315	380	343	394
ENSMUSG00000138724	2150	19	30	45	33	18
ENSMUSG00000158586	950	11	4	6	10	17
ENSMUSG00000212676	9300	105	195	95	188	239
ENSMUSG00000215102	1200	17	10	5	12	13
ENSMUSG00000160835	350	4	11	3	12	3
ENSMUSG00000163243	1150	29	45	21	22	31
ENSMUSG00000146697	850	21	14	11	9	8
ENSMUSG00000130898	47500	614	993	713	1049	515
ENSMUSG00000137186	600	6	10	4	3	9
ENSMUSG00000169963	228250	5865	3784	4109	2715	3936
ENSMUSG00000125678	1350	33	57	30	26	34
ENSMUSG00000111661	10900	136	146	119	40	145
ENSMUSG00000145966	36450	677	288	424	549	509
ENSMUSG00000159351	7150	194	254	294	205	229
ENSMUSG00000160492	57500	1507	1300	767	887	550
ENSMUSG00000215867	900	22	9	24	16	24
ENSMUSG00000148019	100	1	1	0	1	2
ENSMUSG00000201687	4250	78	85	76	74	62
ENSMUSG00000165277	50	8	10	4	5	6
ENSMUSG00000145205	2300	66	76	55	43	80
ENSMUSG00000208584	26350	993	1266	1021	488	770
ENSMUSG00000160252	3050	165	105	97	83	97
ENSMUSG00000177879	2450	29	52	38	35	34
ENSMUSG00000150216	400	22	20	11	13	15
ENSMUSG00000147822	5200	51	74	120	41	87
ENSMUSG00000150842	8050	88	52	135	111	54
ENSMUSG00000157847	300	0	3	3	5	6
ENSMUSG00000117202	11900	218	241	320	170	151
ENSMUSG00000128354	800	15	18	35	16	12
ENSMUSG00000169614	10050	239	375	205	110	260
ENSMUSG00000208033	1350	37	57	27	58	45
ENSMUSG00000129907	22350	1104	1008	613	1305	817
ENSMUSG00000171504	19850	226	793	628	541	1028
ENSMUSG00000120477	6050	145	184	89	157	200
ENSMUSG00000176425	4550	66	75	85	110	87
ENSMUSG00000213167	30550	757	387	291	198	235
ENSMUSG00000102997	117600	2218	2392	2605	2356	2429
ENSMUSG00000153462	45900	1516	1059	978	1573	693
ENSMUSG00000168698	10250	332	193	102	223	152
ENSMUSG00000206477	13150	225	126	130	282	184
ENSMUSG00000157646	216650	3079	2799	2687	3329	3917
ENSMUSG00000143701	600	11	9	2	9	6
ENSMUSG00000117503	15300	693	366	382	443	242
ENSMUSG00000216184	1800	40	72	27	16	29
ENSMUSG00000156578	52700	3528	2007	2008	1920	2483
ENSMUSG00000180362	1650	63	49	51	68	78
ENSMUSG00000133423	7050	82	72	172	101	53
ENSMUSG00000136681	1350	28	25	13	14	16
ENSMUSG00000132553	6100	79	94	212	125	164
ENSMUSG00000197754	21000	664	1059	832	503	930
ENSMUSG00000133552	316200	2576	3224	2696	3460	3354
ENSMUSG00000110426	600	16	15	15	15	13
ENSMUSG00000212749	4650	110	107	52	68	64
ENSMUSG00000105469	3372750	33415	56786	27013	78825	54066
ENSMUSG00000105129	38650	773	1637	1222	657	1212
ENSMUSG00000202149	9600	61	140	193	198	197
ENSMUSG00000194162	18650	325	297	359	376	347
ENSMUSG00000187697	0	2	1	1	1	5
ENSMUSG00000139627	184050	3712	2577	4495	2674	6560
ENSMUSG00000217684	8400	138	173	176	168	103
ENSMUSG00000200789	350	9	4	0	10	9
ENSMUSG00000126492	67450	1801	1820	932	1902	1308
ENSMUSG00000175102	3700	22	42	16	56	29
ENSMUSG00000178681	1700	24	22	29	15	18
ENSMUSG00000130004	17200	504	610	552	381	329
ENSMUSG00000128057	39150	570	827	231	302	309
ENSMUSG00000200983	3600	33	69	37	60	72
ENSMUSG00000127694	8450	115	161	108	116	91
ENSMUSG00000189998	700	34	29	13	8	2
ENSMUSG00000106741	700	13	18	13	13	8
ENSMUSG00000162311	50200	1263	778	706	983	1150
ENSMUSG00000139773	81350	1895	1052	2424	2495	2011
ENSMUSG00000105453	14450	239	274	418	259	317
ENSMUSG00000149803	15600	342	519	315	609	177
ENSMUSG00000209364	2850	94	45	102	45	74
ENSMUSG00000203670	11550	136	114	102	147	174
ENSMUSG00000139519	750	21	34	15	24	13
ENSMUSG00000177006	169300	3298	4140	3708	3305	6350
ENSMUSG00000118939	1750	29	98	48	57	28
ENSMUSG00000210929	19350	285	356	146	542	453
ENSMUSG00000108277	4350	206	151	162	153	123
ENSMUSG00000190023	300	10	11	11	14	20
ENSMUSG00000187985	462700	3581	7262	8354	8180	9830
ENSMUSG00000219344	1500	58	48	33	61	72
ENSMUSG00000159151	1750	35	20	22	43	47
ENSMUSG00000180590	20050	145	88	162	88	200
ENSMUSG00000184305	1250	18	34	21	31	8
ENSMUSG00000165005	17600	201	329	126	70	130
ENSMUSG00000215626	900	16	28	24	16	18
ENSMUSG00000138902	15600	835	765	566	344	1010
ENSMUSG00000185027	9700	139	142	98	241	118
ENSMUSG00000186014	400	11	6	10	15	7
ENSMUSG00000135717	35250	1193	1577	1200	1488	1157
ENSMUSG00000103789	14350	194	323	173	206	274
ENSMUSG00000168744	900	30	7	16	12	17
ENSMUSG00000141750	6750	330	238	276	541	395
ENSMUSG00000140720	21750	276	160	330	234	449
ENSMUSG00000190524	225200	5861	7952	5596	6750	6138
ENSMUSG00000124325	1550	32	33	27	20	36
ENSMUSG00000165471	22150	733	1552	875	1286	1441
ENSMUSG00000136010	8900	243	163	150	114	71
ENSMUSG00000217293	16700	396	743	356	629	633
ENSMUSG00000122374	3100	53	152	151	112	165
ENSMUSG00000184240	3000	121	118	128	125	108
ENSMUSG00000169616	19150	228	306	445	509	512
ENSMUSG00000195228	1150	21	27	13	20	21
ENSMUSG00000151551	50	2	4	1	3	3
ENSMUSG00000219012	6000	157	75	150	157	141
ENSMUSG00000141342	1850	38	43	54	55	61
ENSMUSG00000121015	7300	280	143	180	222	123
ENSMUSG00000122822	19150	664	262	818	519	525
ENSMUSG00000107743	5200	122	153	76	125	63
ENSMUSG00000207845	80850	1104	1047	1350	1806	1255
ENSMUSG00000181940	3450	151	87	45	130	137
ENSMUSG00000160994	8150	211	194	149	173	121
ENSMUSG00000115895	65850	827	520	449	735	995
ENSMUSG00000199019	8950	803	649	534	881	499
ENSMUSG00000193850	3800	163	179	147	121	75
ENSMUSG00000210921	15550	433	423	79	208	374
ENSMUSG00000185436	1900	46	43	16	37	18
ENSMUSG00000165015	2400	34	44	59	43	41
ENSMUSG00000106339	8950	223	221	197	239	116
ENSMUSG00000206541	37050	1083	914	609	736	1168
ENSMUSG00000155549	3800	47	115	37	75	79
ENSMUSG00000142959	31500	754	533	882	601	534
ENSMUSG00000186809	475700	8142	7652	7611	8785	7847
ENSMUSG00000173012	534100	8859	12158	8833	9990	15158
ENSMUSG00000190916	8900	218	131	232	144	158
ENSMUSG00000187907	76350	877	1465	1152	1088	856
ENSMUSG00000142486	50100	306	405	810	469	590
ENSMUSG00000171747	36600	621	965	1021	329	1078
ENSMUSG00000197805	70300	2225	1934	990	637	845
ENSMUSG00000194858	21100	489	547	444	371	487
ENSMUSG00000211610	28300	1621	521	898	724	841
ENSMUSG00000117130	21700	387	307	184	159	150
ENSMUSG00000135972	5800	200	157	121	47	106
ENSMUSG00000152152	20150	192	214	106	296	292
ENSMUSG00000177026	20050	493	416	325	307	572
ENSMUSG00000115443	80050	2665	2144	1368	1587	2332
ENSMUSG00000127295	12550	424	293	174	463	250
ENSMUSG00000158236	68700	520	678	411	648	932
ENSMUSG00000207664	130450	1383	3855	3464	2238	2888
ENSMUSG00000186990	900	32	37	26	34	21
ENSMUSG00000187525	4350	128	113	94	63	67
ENSMUSG00000161851	21700	662	571	262	698	729
ENSMUSG00000163985	15450	153	230	190	244	125
ENSMUSG00000107718	750	34	28	19	18	10
ENSMUSG00000193546	62250	1086	1287	1623	1551	1164
ENSMUSG00000132258	6250	134	142	200	168	150
ENSMUSG00000138341	800	13	38	16	32	38
ENSMUSG00000135520	446350	8140	6346	6216	9926	6557
ENSMUSG00000147159	450	11	15	18	16	18
ENSMUSG00000127633	11950	197	158	139	91	297
ENSMUSG00000112977	2500	63	30	41	23	45
ENSMUSG00000208910	8100	242	194	216	174	202
ENSMUSG00000133935	24100	521	489	601	300	463
ENSMUSG00000163489	1350	33	33	53	24	40
ENSMUSG00000187582	5250	153	110	152	74	178
ENSMUSG00000106890	6850	291	355	39	105	156
ENSMUSG00000163689	800	18	19	22	22	18
ENSMUSG00000171861	79300	1441	1947	1289	1820	1533
ENSMUSG00000209649	7750	160	284	200	139	310
ENSMUSG00000174258	5300	109	113	119	59	99
ENSMUSG00000102983	2600	42	46	22	29	59
ENSMUSG00000142563	6100	42	104	52	55	67
ENSMUSG00000149900	15450	254	316	221	171	266
ENSMUSG00000159314	2150	61	56	71	54	68
ENSMUSG00000204617	97600	2414	1756	1675	1855	3250
ENSMUSG00000186279	0	1	4	0	3	0
ENSMUSG00000200128	50	1	2	3	4	3
ENSMUSG00000136909	4050	108	53	99	132	114
ENSMUSG00000201389	50	4	2	3	4	1
ENSMUSG00000207031	13250	285	293	137	214	149
ENSMUSG00000156268	2550	63	57	65	40	41
ENSMUSG00000130203	30050	619	587	531	383	723
ENSMUSG00000151820	48050	636	398	422	595	218
ENSMUSG00000211893	123050	4130	1959	2247	2495	2506
ENSMUSG00000183918	31350	637	1709	882	533	1174
ENSMUSG00000102134	53100	2620	2103	2153	2449	2607
ENSMUSG00000105749	22950	481	451	898	439	607
ENSMUSG00000141408	83800	1478	968	1634	1888	1286
ENSMUSG00000202366	23500	183	335	266	231	550
ENSMUSG00000214575	2950	21	25	45	35	64
ENSMUSG00000169540	1150	15	14	3	12	18
ENSMUSG00000177683	950	20	17	17	10	13
ENSMUSG00000107789	35850	348	189	439	630	607
ENSMUSG00000187509	50	4	1	3	1	1
ENSMUSG00000167100	11200	246	331	232	174	288
ENSMUSG00000196390	1350	24	45	30	28	33
ENSMUSG00000185364	67000	811	1098	1103	367	911
ENSMUSG00000210040	14550	115	171	205	114	344
ENSMUSG00000105208	2100	49	48	34	48	23
ENSMUSG00000196855	16600	172	133	117	132	138
ENSMUSG00000109847	50	3	2	1	1	1
ENSMUSG00000100631	11800	211	351	340	285	227
ENSMUSG00000177762	29350	308	425	326	398	172
ENSMUSG00000114208	250	2	2	2	8	2
ENSMUSG00000111343	24900	892	1014	1088	1022	571
ENSMUSG00000145439	8650	135	117	106	260	159
ENSMUSG00000198613	13400	179	211	245	303	271
ENSMUSG00000100218	300	9	15	15	8	9
ENSMUSG00000129180	30200	519	766	598	523	487
ENSMUSG00000211188	32100	561	423	332	674	427
ENSMUSG00000171180	6100	113	189	172	75	118
ENSMUSG00000107587	1550	21	14	18	23	16
ENSMUSG00000200142	90900	1225	1968	1266	537	741
ENSMUSG00000156066	110850	1094	2762	1788	2607	1992
ENSMUSG00000181975	17650	342	237	207	305	483
ENSMUSG00000108486	50900	1065	926	1572	2164	1566
ENSMUSG00000149977	1900	40	67	64	64	14
ENSMUSG00000193290	29300	383	725	187	179	123
ENSMUSG00000213593	42450	308	972	566	507	473
ENSMUSG00000163687	11950	231	160	274	209	247
ENSMUSG00000187583	2660200	39929	93435	29074	56903	35309
ENSMUSG00000217839	22750	420	276	322	395	316
ENSMUSG00000103069	7400	182	105	54	43	75
ENSMUSG00000119705	81800	2023	1694	919	603	1032
ENSMUSG00000211757	1350	52	57	21	18	27
ENSMUSG00000128184	14800	204	337	759	252	496
ENSMUSG00000217352	31300	779	983	1106	534	616
ENSMUSG00000134122	3650	48	67	66	54	53
ENSMUSG00000200366	3050	103	141	72	102	109
ENSMUSG00000111883	5700	53	30	28	31	20
ENSMUSG00000107401	15600	427	362	188	136	149
ENSMUSG00000120986	1700	66	29	46	41	63
ENSMUSG00000145739	335050	6654	4288	5932	5928	6878
ENSMUSG00000145424	28950	359	390	923	748	477
ENSMUSG00000136209	7250	121	161	155	109	140
ENSMUSG00000116373	500	11	4	14	12	3
ENSMUSG00000101358	351850	14814	6460	7538	9158	5832
ENSMUSG00000195931	78600	4028	2026	2905	1538	2547
ENSMUSG00000166868	51000	964	1066	511	304	335
ENSMUSG00000150493	17650	602	524	269	266	176
ENSMUSG00000120934	10950	311	220	228	330	273
ENSMUSG00000203461	4700	67	63	67	34	62
ENSMUSG00000118216	401850	9647	6488	10785	7223	16346
ENSMUSG00000143725	18100	214	306	170	165	196
ENSMUSG00000121004	700	4	18	14	10	14
ENSMUSG00000214073	1950	65	55	61	64	62
ENSMUSG00000190135	100	1	0	0	0	2
ENSMUSG00000217888	30000	820	476	809	785	1013
ENSMUSG00000148294	32400	611	1376	601	750	909
ENSMUSG00000184866	390400	5484	5506	5922	5422	7670
ENSMUSG00000129880	448500	10544	12337	18974	11564	8188
ENSMUSG00000219208	1600	77	80	42	58	25
ENSMUSG00000136206	19150	879	444	720	460	377
ENSMUSG00000119252	45450	2274	892	807	1323	996
ENSMUSG00000172389	47250	957	1161	437	934	1114
ENSMUSG00000150302	2750	51	38	72	55	69
ENSMUSG00000201378	36250	626	1107	964	511	616
ENSMUSG00000165069	30850	640	451	486	425	504
ENSMUSG00000157454	151950	1712	3242	3828	3136	1766
ENSMUSG00000128219	10150	227	137	297	304	240
ENSMUSG00000216217	8700	187	88	118	125	56
ENSMUSG00000137960	2250	79	105	84	35	58
ENSMUSG00000144880	4300	113	131	102	95	86
ENSMUSG00000133800	4850	76	114	15	46	34
ENSMUSG00000102732	3200	83	166	111	84	99
ENSMUSG00000140592	44750	1664	1187	660	596	556
ENSMUSG00000173135	30800	256	552	448	744	242
ENSMUSG00000106708	101850	1809	4222	2686	1827	3675
ENSMUSG00000114503	64850	1459	1463	1358	1761	1555
ENSMUSG00000153716	64500	638	924	393	475	643
ENSMUSG00000196139	600	25	14	22	9	18
ENSMUSG00000208279	36450	703	633	411	531	506
ENSMUSG00000168688	101000	2087	2650	2733	1581	2448
ENSMUSG00000108717	700	15	10	15	15	7
ENSMUSG00000119965	800	28	25	11	24	10
ENSMUSG00000122689	1600	13	36	16	20	22
ENSMUSG00000118557	2050	19	14	26	27	12
ENSMUSG00000148281	3600	125	121	79	97	53
ENSMUSG00000124103	1100	34	33	21	19	20
ENSMUSG00000154092	34950	494	396	540	217	436
ENSMUSG00000109335	750	24	17	15	19	29
ENSMUSG00000177452	6100	160	74	131	261	166
ENSMUSG00000188792	4100	48	37	90	38	69
ENSMUSG00000193905	1500	32	58	24	20	29
ENSMUSG00000137594	70700	1171	1191	574	1198	1518
ENSMUSG00000202919	7350	280	150	235	236	191
ENSMUSG00000216189	15450	467	619	613	658	449
ENSMUSG00000114206	2450	83	70	87	53	112
ENSMUSG00000202522	54850	1087	1561	426	578	856
ENSMUSG00000160361	21350	582	975	449	589	678
ENSMUSG00000175122	5700	273	136	107	126	108
ENSMUSG00000158741	400	4	4	11	6	4
ENSMUSG00000181055	33300	800	616	1227	397	1134
ENSMUSG00000173463	49800	947	774	625	689	888
ENSMUSG00000165563	15550	232	287	194	274	162
ENSMUSG00000159570	8750	326	411	181	285	356
ENSMUSG00000200410	27400	309	297	214	294	233
ENSMUSG00000196787	18300	543	538	129	195	236
ENSMUSG00000137519	1100	22	27	23	17	24
ENSMUSG00000208197	8050	146	80	139	209	110
ENSMUSG00000102572	22250	312	267	493	414	279
ENSMUSG00000146508	3800	119	135	66	55	56
ENSMUSG00000161929	1400	26	35	32	29	7
ENSMUSG00000159059	370250	6219	7415	10034	5088	7792
ENSMUSG00000128344	32800	559	673	599	444	443
ENSMUSG00000122164	4050	109	127	70	105	78
ENSMUSG00000127936	2800	90	104	56	43	74
ENSMUSG00000178173	50	1	0	0	0	5
ENSMUSG00000177052	150	7	12	11	15	9
ENSMUSG00000144390	4700	133	108	92	145	65
ENSMUSG00000107595	105550	2276	2565	1428	2889	1535
ENSMUSG00000140948	200	5	7	3	4	4
ENSMUSG00000133977	2300	76	25	34	33	66
ENSMUSG00000137891	427150	10300	5125	7069	8992	7405
ENSMUSG00000131477	24550	268	601	363	664	833
ENSMUSG00000202982	25050	429	402	452	330	395
ENSMUSG00000139953	80600	1679	2078	1972	2097	1196
ENSMUSG00000185815	6150	121	199	82	170	148
ENSMUSG00000197683	6350	130	65	137	125	154
ENSMUSG00000162236	134800	1057	863	830	686	540
ENSMUSG00000191371	37000	1274	1653	1200	1286	1268
ENSMUSG00000160059	3300	24	31	18	15	8
ENSMUSG00000208698	158050	3931	4246	5489	5141	7268
ENSMUSG00000169752	100	0	3	6	7	3
ENSMUSG00000192208	2050	73	12	15	67	33
ENSMUSG00000205611	3324450	27718	49380	75288	40684	42726
ENSMUSG00000122192	2750	26	45	54	71	41
ENSMUSG00000165785	34850	854	766	349	558	363
ENSMUSG00000197080	350	34	37	36	27	17
ENSMUSG00000218487	4500	163	189	117	93	81
ENSMUSG00000175548	2200	47	32	62	62	41
ENSMUSG00000100561	2950	104	52	105	117	51
ENSMUSG00000102553	42750	661	924	838	519	873
ENSMUSG00000162476	262350	8459	5283	3617	6247	4272
ENSMUSG00000147067	72650	1931	727	865	743	532
ENSMUSG00000136306	279550	3467	3405	5219	2944	2715
ENSMUSG00000162696	7250	200	97	60	90	65
ENSMUSG00000200987	189700	3883	4915	2819	2358	2755
ENSMUSG00000179597	26800	572	427	268	280	344
ENSMUSG00000189762	168400	2428	2236	3725	2904	2708
ENSMUSG00000110618	1850	40	69	46	39	84
ENSMUSG00000121785	7400	80	125	80	112	77
ENSMUSG00000159251	139350	2137	3408	2334	3393	2273
ENSMUSG00000148631	17300	785	455	451	747	524
ENSMUSG00000122406	10800	137	166	213	153	223
ENSMUSG00000190264	2300	33	40	65	59	16
ENSMUSG00000182946	8650	218	60	177	113	99
ENSMUSG00000183213	16400	591	484	424	721	549
ENSMUSG00000141109	31350	611	647	1939	865	579
ENSMUSG00000115790	1800	56	31	59	55	87
ENSMUSG00000177536	5150	94	85	90	105	83
ENSMUSG00000161030	15250	436	747	284	646	368
ENSMUSG00000182149	850	13	13	13	4	20
ENSMUSG00000114113	46650	596	572	651	839	1312
ENSMUSG00000219790	10500	363	305	119	159	174
ENSMUSG00000154685	7500	147	85	82	183	198
ENSMUSG00000120325	0	5	2	1	1	2
ENSMUSG00000200583	250	3	4	8	6	4
ENSMUSG00000118318	500	37	25	33	10	13
ENSMUSG00000139466	1700	40	25	37	22	51
ENSMUSG00000183483	600	18	15	11	12	13
ENSMUSG00000158212	12550	266	753	385	488	192
ENSMUSG00000181120	11200	272	213	266	197	203
ENSMUSG00000144739	5150	100	152	77	121	115
ENSMUSG00000138572	250	0	4	1	3	9
ENSMUSG00000207296	74400	3596	4466	1579	1444	2552
ENSMUSG00000100617	4350	108	77	121	133	121
ENSMUSG00000169112	24200	444	416	244	344	851
ENSMUSG00000151924	2150	44	47	32	46	38
ENSMUSG00000200364	10000	173	183	171	120	118
ENSMUSG00000216131	35750	1371	434	697	845	650
ENSMUSG00000188703	11250	238	327	191	138	290
ENSMUSG00000184212	97000	1842	1267	1021	1013	1204
ENSMUSG00000145186	5350	72	96	72	202	97
ENSMUSG00000193516	305100	5905	6837	6602	5466	5620
ENSMUSG00000151936	50	3	2	5	2	6
ENSMUSG00000102064	3950	66	34	43	59	52
ENSMUSG00000206294	34400	1578	960	1162	1293	356
ENSMUSG00000137353	6650	144	135	44	73	106
ENSMUSG00000182624	2250	35	85	42	30	49
ENSMUSG00000214642	250	7	7	2	7	4
ENSMUSG00000218929	46050	1484	1873	1192	914	1645
ENSMUSG00000190540	200	3	4	5	4	5
ENSMUSG00000149676	20650	370	394	348	360	343
ENSMUSG00000190390	13200	262	245	197	229	368
ENSMUSG00000121280	35700	762	796	912	828	1060
ENSMUSG00000111744	103200	3163	5035	2602	3289	3081
ENSMUSG00000195055	1550	10	32	20	64	33
ENSMUSG00000114050	1300	44	26	37	15	12
ENSMUSG00000118086	2750	80	53	40	71	59
ENSMUSG00000146203	250	6	9	5	9	5
ENSMUSG00000179774	35750	807	1150	577	613	772
ENSMUSG00000133578	3650	59	91	38	16	84
ENSMUSG00000125344	24150	468	411	305	157	158
ENSMUSG00000136449	1100	13	12	12	5	10
ENSMUSG00000116818	5200	75	167	142	156	185
ENSMUSG00000164054	3500	87	79	46	23	83
ENSMUSG00000112086	5150	135	196	78	114	115
ENSMUSG00000148183	1300	32	28	20	4	15
ENSMUSG00000143028	57800	1065	804	1048	1094	766
ENSMUSG00000213538	2300	23	23	42	40	38
ENSMUSG00000216820	150	2	1	0	4	2
ENSMUSG00000199068	23400	485	879	478	370	508
ENSMUSG00000204688	3300	70	76	92	77	38
ENSMUSG00000133527	750	18	19	27	40	13
ENSMUSG00000111376	664050	13473	18170	24799	24878	17700
ENSMUSG00000177441	6800	146	102	162	160	102
ENSMUSG00000113697	450	10	4	8	10	9
ENSMUSG00000146506	2550	33	34	19	32	55
ENSMUSG00000141989	11550	348	363	214	205	246
ENSMUSG00000196596	4950	70	25	58	92	114
ENSMUSG00000201350	72750	1158	1307	2499	1902	1412
ENSMUSG00000106325	39650	995	1318	674	736	1809
ENSMUSG00000204103	1750	23	23	12	58	36
ENSMUSG00000150947	9650	177	78	202	174	169
ENSMUSG00000203270	27250	516	501	498	580	472
ENSMUSG00000130773	3000	36	52	45	71	78
ENSMUSG00000110288	2350	53	43	39	65	83
ENSMUSG00000158876	53800	1427	2134	549	991	857
ENSMUSG00000119837	17050	250	183	322	286	317
ENSMUSG00000200937	700	8	11	6	9	10
ENSMUSG00000216519	2000	38	15	55	16	25
ENSMUSG00000165059	3000	31	44	68	56	64
ENSMUSG00000110250	9650	154	130	94	126	122
ENSMUSG00000133115	1300	37	20	38	30	25
ENSMUSG00000140435	171700	2871	1933	1932	2234	1067
ENSMUSG00000161913	850	25	22	18	25	8
ENSMUSG00000160633	600	11	0	16	15	9
ENSMUSG00000147021	9950	239	184	107	253	100
ENSMUSG00000165875	100	5	3	0	3	3
ENSMUSG00000214012	1050	8	27	29	20	16
ENSMUSG00000115530	18150	469	596	692	402	467
ENSMUSG00000160087	450	6	16	13	18	9
ENSMUSG00000190784	700	15	30	28	26	21
ENSMUSG00000184332	129550	746	509	1279	2216	2209
ENSMUSG00000200954	14650	390	241	345	365	344
ENSMUSG00000189196	5850	102	119	190	158	190
ENSMUSG00000142643	15350	153	171	235	267	258
ENSMUSG00000100948	1550	23	32	15	22	29
ENSMUSG00000136677	10500	357	329	293	192	346
ENSMUSG00000101060	2650	90	82	26	82	75
ENSMUSG00000207243	1118000	26517	10025	12220	30573	27138
ENSMUSG00000161102	12100	339	684	266	234	744
ENSMUSG00000172354	13300	186	275	69	52	89
ENSMUSG00000119695	9300	111	128	163	105	144
ENSMUSG00000197192	11350	118	169	123	95	119
ENSMUSG00000217406	800	10	38	22	3	12
ENSMUSG00000215404	1200	26	32	31	18	23
ENSMUSG00000167112	93550	3836	5303	2752	3067	1642
ENSMUSG00000212237	250	13	4	2	14	7
ENSMUSG00000112319	1800	49	64	59	60	41
ENSMUSG00000106850	122150	3672	1668	755	1142	819
ENSMUSG00000204566	182200	2495	2872	2263	1924	2768
ENSMUSG00000104372	600	16	19	12	12	26
ENSMUSG00000172095	51700	1535	3530	2114	3074	3787
ENSMUSG00000214859	3200	162	83	94	55	68
ENSMUSG00000186461	224750	5711	5385	4415	6658	3467
ENSMUSG00000145475	31000	249	620	332	633	136
ENSMUSG00000119794	3300	89	72	64	38	55
ENSMUSG00000191503	44750	510	730	932	716	895
ENSMUSG00000159894	29700	624	422	475	479	675
ENSMUSG00000138430	1950	30	26	27	50	46
ENSMUSG00000194090	476200	13687	6412	14025	9747	6451
ENSMUSG00000183288	5150	58	58	61	84	63
ENSMUSG00000116128	63350	1979	2844	1606	1818	2872
ENSMUSG00000152381	7100	54	67	43	55	29
ENSMUSG00000130287	350	6	2	3	5	4
ENSMUSG00000141034	550	28	7	13	16	11
ENSMUSG00000105870	6000	73	120	72	54	94
ENSMUSG00000102993	40500	781	242	293	360	601
ENSMUSG00000142335	346500	8349	4622	4698	4840	6683
ENSMUSG00000163694	9700	173	208	139	292	140
ENSMUSG00000178523	6250	59	112	75	113	115
ENSMUSG00000118078	150	14	14	14	17	7
ENSMUSG00000158025	4450	127	114	117	120	90
ENSMUSG00000192600	9700	347	386	168	132	355
ENSMUSG00000154207	150	1	2	4	3	0
ENSMUSG00000203422	127250	2562	2481	2192	1335	2591
ENSMUSG00000149253	44700	1764	1419	1782	784	1422
ENSMUSG00000155561	1564500	30214	45252	26289	10362	12210
ENSMUSG00000185834	2750	51	60	22	18	24
ENSMUSG00000173217	9050	154	189	131	208	121
ENSMUSG00000110615	4450	54	139	161	91	164
ENSMUSG00000168550	150	10	13	12	4	7
ENSMUSG00000150741	1050	32	43	29	36	36
ENSMUSG00000105203	500	20	13	17	19	24
ENSMUSG00000117635	37700	468	553	384	384	408
ENSMUSG00000207079	19450	267	366	343	388	370
ENSMUSG00000106155	113600	2337	2259	3122	2329	2636
ENSMUSG00000172684	4450	48	83	46	49	76
ENSMUSG00000167277	1250	13	15	6	10	7
ENSMUSG00000105314	17050	412	273	484	275	392
ENSMUSG00000143797	16350	281	456	342	279	274
ENSMUSG00000111274	23800	417	466	725	610	795
ENSMUSG00000130303	104650	3958	3245	1603	1427	1298
ENSMUSG00000206292	4150	76	103	45	42	41
ENSMUSG00000185983	51350	369	348	656	906	312
ENSMUSG00000215162	1050	14	13	22	17	20
ENSMUSG00000190551	16700	222	289	115	205	179
ENSMUSG00000149343	22250	428	676	428	571	551
ENSMUSG00000183233	4650	95	53	79	77	69
ENSMUSG00000176558	8800	293	217	309	212	196
ENSMUSG00000130644	50	6	16	5	14	16
ENSMUSG00000198180	2700	18	32	34	37	34
ENSMUSG00000154442	8500	221	217	194	148	121
ENSMUSG00000216705	1250	18	8	14	10	20
ENSMUSG00000118055	1600	29	29	28	13	19
ENSMUSG00000113821	1683750	23173	23606	25001	15977	17747
ENSMUSG00000126209	10600	172	245	278	249	200
ENSMUSG00000109419	1500	20	24	15	33	33
ENSMUSG00000190380	1050	29	27	17	10	17
ENSMUSG00000188193	109700	2395	1830	1941	1906	2569
ENSMUSG00000124079	0	0	1	0	0	0
ENSMUSG00000126657	4650	59	58	32	32	45
ENSMUSG00000206805	15750	264	444	476	489	497
ENSMUSG00000141058	1600	31	61	23	23	38
ENSMUSG00000145169	27900	756	234	562	383	313
ENSMUSG00000139508	1850	40	21	15	13	17
ENSMUSG00000122132	6750	176	116	193	152	64
ENSMUSG00000192838	7150	87	125	100	177	149
ENSMUSG00000155729	5000	198	100	157	58	144
ENSMUSG00000117764	12500	106	234	182	188	133
ENSMUSG00000213762	6750	108	138	144	79	153
ENSMUSG00000162925	32900	1271	1140	1108	1643	1036
ENSMUSG00000164595	4500	161	186	46	43	44
ENSMUSG00000143533	2300	46	48	53	57	37
ENSMUSG00000170636	2600	60	43	111	106	103
ENSMUSG00000167672	2850	50	65	39	38	59
ENSMUSG00000110689	300	3	8	4	5	2
ENSMUSG00000212352	50	4	0	2	7	2
ENSMUSG00000183431	300	26	18	12	10	2
ENSMUSG00000151035	9500	171	276	139	256	96
ENSMUSG00000179442	1550	29	33	36	33	48
ENSMUSG00000163731	2050	64	97	59	86	74
ENSMUSG00000146747	1951700	35668	13180	43849	24277	35636
ENSMUSG00000129423	75500	1670	1003	775	1324	1538
ENSMUSG00000145161	3300	55	72	62	100	103
ENSMUSG00000204872	1350	24	46	26	63	39
ENSMUSG00000187514	42550	1828	1019	2147	1176	3312
ENSMUSG00000119166	1950	26	26	26	17	24
ENSMUSG00000191123	63200	2007	1157	1549	2927	1309
ENSMUSG00000151387	22500	364	368	331	195	421
ENSMUSG00000180155	170550	1664	1589	1253	3408	1935
ENSMUSG00000180122	1050	27	32	44	27	29
ENSMUSG00000204104	45350	852	563	900	196	705
ENSMUSG00000183384	300	1	2	3	3	3
ENSMUSG00000172030	4300	54	108	71	69	111
ENSMUSG00000200939	35150	728	919	982	1155	968
ENSMUSG00000174537	18200	576	420	571	521	691
ENSMUSG00000138435	150	1	2	4	3	4
ENSMUSG00000127567	18850	628	632	351	720	537
ENSMUSG00000128345	14650	242	336	336	281	332
ENSMUSG00000135585	6050	138	125	86	121	98
ENSMUSG00000103253	1550	22	19	23	32	21
ENSMUSG00000177714	3950	115	68	46	58	60
ENSMUSG00000171250	1150	50	58	51	26	66
ENSMUSG00000132579	69100	956	396	668	494	642
ENSMUSG00000101602	16700	169	346	213	396	201
ENSMUSG00000119920	62000	911	1122	1131	1064	692
ENSMUSG00000120631	17100	323	456	445	626	321
ENSMUSG00000151571	600	7	12	5	9	11
ENSMUSG00000209034	7600	96	240	194	101	85
ENSMUSG00000192201	492050	7250	5443	7671	8234	5347
ENSMUSG00000151811	1550	25	25	22	12	11
ENSMUSG00000105154	10900	251	222	254	163	253
ENSMUSG00000171164	1800	27	28	13	10	15
ENSMUSG00000138674	1000	17	35	27	15	20
ENSMUSG00000169372	10250	282	156	136	100	156
ENSMUSG00000169003	27200	702	648	504	746	670
ENSMUSG00000171096	12800	526	407	556	457	516
ENSMUSG00000207279	9450	193	308	283	474	314
ENSMUSG00000104806	31000	565	819	940	541	309
ENSMUSG00000194992	150	5	1	6	4	2
ENSMUSG00000185072	29400	564	745	760	526	314
ENSMUSG00000191978	11150	198	175	240	250	122
ENSMUSG00000205950	6000	82	69	52	76	60
ENSMUSG00000135050	5900	119	125	200	115	91
ENSMUSG00000187522	1550	15	28	11	28	36
ENSMUSG00000195738	55950	876	1466	733	1038	1547
ENSMUSG00000117335	1250	23	28	17	15	15
ENSMUSG00000184052	1000	13	10	4	7	10
ENSMUSG00000181289	3150	91	98	109	89	114
ENSMUSG00000201508	2250	19	6	36	31	39
ENSMUSG00000104223	4100	64	98	78	146	98
ENSMUSG00000116662	118900	1911	1499	2701	1412	2671
ENSMUSG00000204338	4050	95	54	113	43	85
ENSMUSG00000156703	10700	122	159	80	145	152
ENSMUSG00000217197	313400	13017	11182	11118	19777	11202
ENSMUSG00000162098	350	2	10	19	8	6
ENSMUSG00000215764	27200	453	452	444	260	108
ENSMUSG00000114660	83900	1126	701	1594	1225	1346
ENSMUSG00000182842	265750	5254	5917	1570	3129	2281
ENSMUSG00000111379	799950	7522	7341	9806	7412	6970
ENSMUSG00000178134	4200	81	35	46	19	14
ENSMUSG00000104280	18150	303	407	322	665	243
ENSMUSG00000109032	4950	122	102	124	79	88
ENSMUSG00000198166	4000	67	48	28	38	38
ENSMUSG00000213085	1450	31	31	32	52	20
ENSMUSG00000105777	100	11	5	8	5	8
ENSMUSG00000167366	8050	193	194	342	201	182
ENSMUSG00000133916	17500	456	552	564	459	691
ENSMUSG00000177867	200	9	5	9	10	17
ENSMUSG00000101509	21600	573	369	467	481	249
ENSMUSG00000209963	2400	31	26	42	65	56
ENSMUSG00000160523	800	18	15	14	9	28
ENSMUSG00000180644	150	0	3	2	0	1
ENSMUSG00000152872	35150	1112	1024	1539	661	941
ENSMUSG00000168954	36200	805	427	466	552	559
ENSMUSG00000156481	3000	70	60	27	51	75
ENSMUSG00000205352	2000	64	75	45	53	78
ENSMUSG00000210235	800	6	8	8	8	8
ENSMUSG00000215995	18400	498	1098	293	223	298
ENSMUSG00000204864	4800	96	120	105	77	159
ENSMUSG00000194938	26200	251	339	415	380	348
ENSMUSG00000136221	6550	142	174	196	140	112
ENSMUSG00000139877	200	7	7	9	5	4
ENSMUSG00000136664	150	3	3	5	4	2
ENSMUSG00000101121	18650	504	632	339	298	288
ENSMUSG00000177515	350	4	2	2	0	4
ENSMUSG00000141827	13550	486	248	131	294	174
ENSMUSG00000189212	27650	866	817	385	609	560
ENSMUSG00000218610	350	15	12	13	9	4
ENSMUSG00000205777	19600	470	579	596	392	248
ENSMUSG00000193708	8700	133	85	152	116	163
ENSMUSG00000141701	12150	127	346	275	251	289
ENSMUSG00000209293	1350	21	43	18	29	30
ENSMUSG00000176681	8900	51	94	101	57	166
ENSMUSG00000116330	9800	243	303	115	381	325
ENSMUSG00000146007	270450	5747	4554	3580	3784	6721
ENSMUSG00000105788	41500	470	601	378	412	573
ENSMUSG00000119744	21550	584	242	428	316	166
ENSMUSG00000104585	450	13	16	10	6	5
ENSMUSG00000126604	13200	176	292	363	253	341
ENSMUSG00000211386	3700	119	54	23	38	43
ENSMUSG00000198063	6700	224	132	110	85	122
ENSMUSG00000152416	18700	304	264	274	85	269
ENSMUSG00000201112	56950	1283	552	637	1451	1047
ENSMUSG00000178446	37950	749	456	305	255	203
ENSMUSG00000127021	10700	190	339	213	157	194
ENSMUSG00000174187	5950	128	176	130	189	126
ENSMUSG00000144389	91950	1963	1771	2303	2043	1754
ENSMUSG00000215691	1400	27	40	26	22	21
ENSMUSG00000149921	10350	211	273	152	131	121
ENSMUSG00000112659	72350	2595	2867	1591	2087	2179
ENSMUSG00000149425	11300	176	117	95	83	117
ENSMUSG00000175279	35050	699	570	457	831	512
ENSMUSG00000123506	57450	761	773	706	910	1267
ENSMUSG00000167444	309000	4580	6472	7481	5495	5482
ENSMUSG00000216101	79900	1599	1019	1472	1495	720
ENSMUSG00000145935	100	12	4	5	6	3
ENSMUSG00000210640	13850	373	360	91	126	205
ENSMUSG00000124017	14050	232	274	277	251	242
ENSMUSG00000191091	21050	545	944	552	696	689
ENSMUSG00000202650	14650	286	223	252	267	373
ENSMUSG00000198687	296900	4854	6153	6391	3853	6494
ENSMUSG00000118992	64100	953	1863	1510	1268	650
ENSMUSG00000173883	100	5	8	19	17	12
ENSMUSG00000137543	7600	60	51	48	32	62
ENSMUSG00000206195	400	4	6	2	2	0
ENSMUSG00000202988	207650	1710	3761	4638	6555	6092
ENSMUSG00000154202	6250	61	94	87	90	115
ENSMUSG00000204037	4950	89	80	119	110	110
ENSMUSG00000198484	200	3	3	8	6	8
ENSMUSG00000178628	2950	26	67	59	63	52
ENSMUSG00000128430	12950	259	258	483	397	313
ENSMUSG00000138324	2050	66	45	41	40	48
ENSMUSG00000183051	5300	127	86	44	39	75
ENSMUSG00000135632	2050	51	39	23	48	41
ENSMUSG00000122241	902300	9382	15871	15154	9784	4949
ENSMUSG00000176691	1950	44	44	38	52	48
ENSMUSG00000172313	350	6	4	6	9	10
ENSMUSG00000133490	1900	30	41	55	45	23
ENSMUSG00000124241	2100	59	46	32	74	41
ENSMUSG00000103881	2850	113	78	62	70	91
ENSMUSG00000130764	1950	75	53	36	100	122
ENSMUSG00000219879	250	20	7	8	11	13
ENSMUSG00000167793	3100	62	111	84	58	29
ENSMUSG00000209265	9600	265	184	217	192	184
ENSMUSG00000119451	100	4	1	2	6	5
ENSMUSG00000174123	129200	5747	9519	7864	6010	6218
ENSMUSG00000158203	100300	4021	2508	3431	2672	5070
ENSMUSG00000134741	150	2	2	4	2	0
ENSMUSG00000142589	1600	38	60	29	49	36
ENSMUSG00000208336	55650	878	972	966	367	948
ENSMUSG00000171342	77700	1886	1729	1810	1397	891
ENSMUSG00000138746	245950	3296	2471	2647	5640	4581
ENSMUSG00000112127	100	0	1	2	3	2
ENSMUSG00000219539	550	10	15	12	4	14
ENSMUSG00000145153	4100	68	77	32	57	45
ENSMUSG00000173812	12750	268	613	389	192	202
ENSMUSG00000191131	600	10	15	20	20	12
ENSMUSG00000112042	17950	243	302	119	292	249
ENSMUSG00000214982	23750	319	399	268	491	235
ENSMUSG00000156140	17500	416	417	609	585	201
ENSMUSG00000212187	350	6	1	3	11	10
ENSMUSG00000105891	8000	185	165	101	69	160
ENSMUSG00000150065	2900	87	187	60	106	123
ENSMUSG00000209127	3400	38	56	38	36	46
ENSMUSG00000206358	101100	2416	1854	1691	2355	1036
ENSMUSG00000205151	3500	47	50	92	44	45
ENSMUSG00000156787	165600	1952	2062	1572	2308	2944
ENSMUSG00000158811	1950	30	31	48	31	28
ENSMUSG00000183700	177450	3681	1819	2269	2991	3845
ENSMUSG00000164460	154250	3449	1569	4658	2997	3071
ENSMUSG00000153445	900	6	16	29	15	12
ENSMUSG00000204106	10800	148	293	206	176	214
ENSMUSG00000178270	10850	323	229	357	243	299
ENSMUSG00000162114	950	10	14	17	17	13
ENSMUSG00000100130	38150	619	567	556	590	696
ENSMUSG00000121868	24200	564	486	106	304	220
ENSMUSG00000161994	850	23	30	29	14	38
ENSMUSG00000143071	5500	150	157	106	148	102
ENSMUSG00000148647	74850	1106	1816	998	630	646
ENSMUSG00000172861	6200	77	63	56	94	156
ENSMUSG00000130557	1000	24	34	30	58	20
ENSMUSG00000165758	294250	4738	6476	3154	3079	3304
ENSMUSG00000166091	350	18	16	24	12	28
ENSMUSG00000112762	8500	128	210	272	178	194
ENSMUSG00000100273	55650	1104	886	1032	928	723
ENSMUSG00000136649	36700	481	684	351	692	540
ENSMUSG00000106699	350	2	6	4	1	6
ENSMUSG00000218689	3000	92	50	68	101	59
ENSMUSG00000159737	5200	147	83	112	141	91
ENSMUSG00000127422	4250	58	134	78	103	41
ENSMUSG00000119447	49950	805	797	495	533	475
ENSMUSG00000168119	32700	589	457	432	556	464
ENSMUSG00000115986	9800	165	108	70	104	204
ENSMUSG00000207556	12800	405	277	397	128	165
ENSMUSG00000184793	84000	1081	837	1397	1489	1430
ENSMUSG00000102065	140600	1205	1122	1534	1527	1148
ENSMUSG00000208807	100	6	1	3	5	2
ENSMUSG00000174461	391550	13860	9434	8684	12374	9735
ENSMUSG00000218343	2800	55	37	82	61	63
ENSMUSG00000181324	47000	817	873	676	808	597
ENSMUSG00000135667	400	6	13	10	7	11
ENSMUSG00000102369	2650	35	44	32	39	65
ENSMUSG00000214154	200	18	9	12	3	5
ENSMUSG00000148753	141650	1135	3584	1668	1138	1359
ENSMUSG00000174742	28900	1017	313	1214	629	925
ENSMUSG00000156625	7700	164	121	144	154	168
ENSMUSG00000103850	5200	167	71	108	123	122
ENSMUSG00000141609	19600	293	170	295	339	400
ENSMUSG00000152122	850	35	9	12	21	28
ENSMUSG00000182397	1200	28	26	37	73	30
ENSMUSG00000212952	750	15	26	50	18	35
ENSMUSG00000175479	108100	1013	1622	786	636	800
ENSMUSG00000152108	11700	640	459	117	208	166
ENSMUSG00000108075	550	16	8	7	10	17
ENSMUSG00000204426	11550	260	389	272	276	308
ENSMUSG00000169049	25000	264	275	365	376	297
ENSMUSG00000116155	155800	3729	2095	1717	2458	1531
ENSMUSG00000111759	2450	42	70	60	33	40
ENSMUSG00000167719	15950	361	342	253	353	514
ENSMUSG00000192332	1223350	6750	10154	12146	7709	7634
ENSMUSG00000150815	3850	112	53	104	91	93
ENSMUSG00000176492	3000	80	81	58	61	87
ENSMUSG00000123721	25100	243	258	457	277	454
ENSMUSG00000214841	2100	63	55	93	64	28
ENSMUSG00000206690	5800	130	104	103	175	109
ENSMUSG00000170534	2750	40	48	60	65	77
ENSMUSG00000189280	1400	26	17	50	20	24
ENSMUSG00000140845	70650	844	748	543	687	718
ENSMUSG00000115396	1900	51	37	95	94	44
ENSMUSG00000100025	2500	43	96	17	17	6
ENSMUSG00000152452	1700	68	104	98	94	61
ENSMUSG00000209397	4550	98	94	84	148	116
ENSMUSG00000140931	18600	135	190	167	263	139
ENSMUSG00000209118	38450	1979	814	721	1383	1235
ENSMUSG00000165717	214900	8336	4884	5621	9686	2934
ENSMUSG00000208615	550	24	8	11	3	9
ENSMUSG00000202924	3450	97	62	152	92	91
ENSMUSG00000119756	550	1	5	2	3	10
ENSMUSG00000195894	7550	170	168	430	176	198
ENSMUSG00000218692	21700	313	572	341	205	464
ENSMUSG00000161949	2200	50	52	49	17	62
ENSMUSG00000184336	1100	30	14	24	30	35
ENSMUSG00000159586	1500	25	53	22	33	14
ENSMUSG00000179448	200	3	4	7	5	3
ENSMUSG00000176247	28900	776	374	685	353	661
ENSMUSG00000193703	336750	11042	7641	7479	8593	5639
ENSMUSG00000179314	500	3	13	21	13	20
ENSMUSG00000152530	228050	3406	4983	2806	2548	5595
ENSMUSG00000112578	5850	72	82	158	103	152
ENSMUSG00000121726	400	8	8	5	6	13
ENSMUSG00000208486	14950	390	219	309	607	465
ENSMUSG00000193556	23450	503	589	608	605	466
ENSMUSG00000105033	7400	226	324	201	292	524
ENSMUSG00000188066	7000	78	132	109	59	82
ENSMUSG00000153925	238500	3688	6139	5581	2767	4421
ENSMUSG00000112214	9500	300	87	83	52	60
ENSMUSG00000105564	39400	637	457	562	601	466
ENSMUSG00000212931	23950	443	664	544	391	282
ENSMUSG00000152295	1100	15	15	24	3	37
ENSMUSG00000195184	300	5	5	6	5	3
ENSMUSG00000133075	200	3	6	2	0	5
ENSMUSG00000169693	5000	166	163	66	98	38
ENSMUSG00000106876	14350	146	299	292	216	291
ENSMUSG00000178142	200	2	5	3	3	3
ENSMUSG00000104679	1200	20	14	34	12	27
ENSMUSG00000121967	138050	2626	2403	2586	3400	2939
ENSMUSG00000143088	250	1	4	0	7	8
ENSMUSG00000126094	8400	420	386	350	297	442
ENSMUSG00000201886	34750	435	482	127	448	255
ENSMUSG00000160507	43000	549	694	583	723	412
ENSMUSG00000168326	250	11	4	4	4	2
ENSMUSG00000208917	10300	182	76	435	262	341
ENSMUSG00000105576	850	11	22	5	3	9
ENSMUSG00000191508	154850	799	1726	2556	1099	1749
ENSMUSG00000130427	1000	19	17	41	26	28
ENSMUSG00000161320	13050	194	187	297	208	275
ENSMUSG00000153484	1400	20	24	39	34	34
ENSMUSG00000172258	9850	243	165	235	97	147
ENSMUSG00000216957	200	6	3	15	4	5
ENSMUSG00000212447	12000	286	242	118	381	150
ENSMUSG00000175620	10750	574	437	549	233	355
ENSMUSG00000206641	8400	101	111	116	168	131
ENSMUSG00000147677	147450	3317	3701	4038	5129	1610
ENSMUSG00000208563	39000	480	495	316	277	125
ENSMUSG00000143343	28600	917	282	566	340	634
ENSMUSG00000172007	17350	313	357	476	420	259
ENSMUSG00000142851	361500	6217	2688	11567	6889	6367
ENSMUSG00000177520	1150	30	18	34	34	25
ENSMUSG00000165238	3050	84	59	50	92	56
ENSMUSG00000132701	3500	100	76	53	51	61
ENSMUSG00000109278	35350	391	392	473	271	465
ENSMUSG00000185439	10550	189	289	208	90	262
ENSMUSG00000110389	58850	1066	2832	250	804	357
ENSMUSG00000198866	12000	353	262	155	222	77
ENSMUSG00000131651	1950	35	17	45	37	29
ENSMUSG00000219429	12300	232	152	99	139	143
ENSMUSG00000146082	20850	197	285	509	140	435
ENSMUSG00000119119	0	0	0	0	2	2
ENSMUSG00000136531	113650	1636	2201	1081	1741	2341
ENSMUSG00000157782	2400	41	45	41	50	24
ENSMUSG00000109425	2250	75	71	18	36	96
ENSMUSG00000142764	12500	203	198	150	258	208
ENSMUSG00000103371	3500	79	101	34	41	68
ENSMUSG00000188063	1100	21	16	5	9	8
ENSMUSG00000184482	3150	65	102	87	99	85
ENSMUSG00000151449	118900	3495	1957	2238	681	2148
ENSMUSG00000154150	64250	521	1404	955	1075	1074
ENSMUSG00000138505	64400	1794	1966	1292	1887	1588
ENSMUSG00000214467	2000	49	52	41	53	49
ENSMUSG00000159167	5650	56	101	90	73	88
ENSMUSG00000129268	56350	1657	1212	1801	1042	792
ENSMUSG00000201975	240100	5597	3864	4017	1991	3202
ENSMUSG00000192798	10200	136	100	224	128	127
ENSMUSG00000128139	750	19	14	27	6	21
ENSMUSG00000119101	100	0	2	4	0	1
ENSMUSG00000112085	129600	2408	1858	2493	1333	3634
ENSMUSG00000192190	750	13	11	7	6	2
ENSMUSG00000110624	22050	489	342	431	221	266
ENSMUSG00000171443	23800	1004	1139	512	689	962
ENSMUSG00000179225	3485400	24047	35674	28459	49546	43366
ENSMUSG00000178907	13900	276	165	332	239	298
ENSMUSG00000188841	6050	52	158	135	113	31
ENSMUSG00000141906	22050	261	305	240	332	462
ENSMUSG00000144850	18500	332	344	388	820	404
ENSMUSG00000110679	259150	2914	5723	2393	2159	2663
ENSMUSG00000138479	76950	1324	973	906	687	548
ENSMUSG00000141402	1200	39	30	46	19	30
ENSMUSG00000137930	100	0	2	2	0	2
ENSMUSG00000210878	15100	211	231	339	149	227
ENSMUSG00000117881	2800	63	44	43	77	67
ENSMUSG00000128260	112550	4903	2551	4455	1835	2683
ENSMUSG00000209330	500	9	10	9	13	10
ENSMUSG00000198401	9800	213	262	215	140	146
ENSMUSG00000146779	1600	29	41	25	22	43
ENSMUSG00000162778	750	23	24	29	14	22
ENSMUSG00000168612	234850	3445	2959	3769	2160	6530
ENSMUSG00000192355	8650	468	396	267	203	257
ENSMUSG00000149308	8900	88	111	66	143	97
ENSMUSG00000179035	47450	790	437	1030	656	568
ENSMUSG00000202023	700	21	21	48	14	34
ENSMUSG00000204901	3050	88	51	80	64	32
ENSMUSG00000136429	3550	23	28	52	35	48
ENSMUSG00000213351	850900	12603	15088	5149	14431	10891
ENSMUSG00000200153	17350	510	239	238	319	189
ENSMUSG00000190426	36150	468	935	461	631	642
ENSMUSG00000192165	79950	1263	632	1524	770	1417
ENSMUSG00000178393	5800	91	44	132	149	56
ENSMUSG00000174889	4750	74	75	125	77	73
ENSMUSG00000139994	50	3	8	8	1	5
ENSMUSG00000191926	19250	491	223	337	270	484
ENSMUSG00000102916	17350	134	438	326	380	408
ENSMUSG00000145759	2200	55	39	47	38	104
ENSMUSG00000180932	103800	2807	1565	2552	1471	1481
ENSMUSG00000114878	250	3	4	3	9	3
ENSMUSG00000121018	17150	345	282	495	311	462
ENSMUSG00000138601	550	6	8	10	6	7
ENSMUSG00000176580	1000	12	15	23	17	10
ENSMUSG00000218955	9500	106	182	92	57	89
ENSMUSG00000113519	219650	2535	1125	2572	1723	1747
ENSMUSG00000111164	350	12	5	18	16	14
ENSMUSG00000196221	1600	30	25	30	25	11
ENSMUSG00000127438	700	22	12	10	10	15
ENSMUSG00000118514	409600	9990	11055	8852	13021	11963
ENSMUSG00000105603	15450	452	534	311	658	490
ENSMUSG00000189368	31600	1443	425	336	426	398
ENSMUSG00000218131	584000	11921	5451	12494	7972	9187
ENSMUSG00000203899	18600	255	305	375	199	256
ENSMUSG00000101150	100	0	0	2	5	1
ENSMUSG00000102480	2250	53	91	48	55	53
ENSMUSG00000182957	650	8	15	16	9	13
ENSMUSG00000181187	602700	10078	7659	9378	8741	8256
ENSMUSG00000109592	550	10	3	5	9	7
ENSMUSG00000144948	12300	273	219	273	229	288
ENSMUSG00000212277	3100	52	85	109	47	57
ENSMUSG00000167724	3300	59	45	67	117	60
ENSMUSG00000194529	5250	93	247	275	110	164
ENSMUSG00000216939	4650	103	78	60	122	89
ENSMUSG00000100296	1100	30	24	19	38	41
ENSMUSG00000167939	500	8	8	11	9	11
ENSMUSG00000111422	2650	13	57	61	44	47
ENSMUSG00000173521	850	14	21	10	16	16
ENSMUSG00000218829	1400	25	31	38	17	12
ENSMUSG00000201254	10350	177	156	123	222	185
ENSMUSG00000127274	4800	99	125	88	87	179
ENSMUSG00000192219	19700	270	287	495	592	488
ENSMUSG00000159973	5550	41	87	112	93	103
ENSMUSG00000205083	524800	11950	8731	7936	8043	5349
ENSMUSG00000134927	850	36	43	38	20	10
ENSMUSG00000113428	250	13	17	16	10	21
ENSMUSG00000167755	38800	726	1296	1358	1174	1204
ENSMUSG00000195177	2700	16	31	39	40	70
ENSMUSG00000162256	12800	211	199	248	129	159
ENSMUSG00000178277	98400	2070	1976	1227	730	1482
ENSMUSG00000169287	7450	73	107	206	138	93
ENSMUSG00000125797	2300	38	66	101	58	76
ENSMUSG00000101981	86000	2147	1038	1285	976	844
ENSMUSG00000155761	16500	364	289	309	255	478
ENSMUSG00000107159	2400	74	28	47	49	38
ENSMUSG00000104067	550	9	15	14	7	5
ENSMUSG00000170085	5650	132	102	68	42	73
ENSMUSG00000175723	300	2	9	3	11	5
ENSMUSG00000158425	950	92	44	38	30	30
ENSMUSG00000194341	650	16	11	19	23	13
ENSMUSG00000122697	14750	304	251	118	268	478
ENSMUSG00000165502	30400	790	514	928	1057	811
ENSMUSG00000210207	2300	23	46	27	32	34
ENSMUSG00000130448	3450	41	54	45	101	36
ENSMUSG00000113103	1100	9	16	8	21	19
ENSMUSG00000218514	350	5	7	17	8	4
ENSMUSG00000104993	3050	60	29	55	44	73
ENSMUSG00000120125	16050	251	400	453	537	626
ENSMUSG00000195875	22400	369	233	330	264	293
ENSMUSG00000145604	29000	301	437	763	641	657
ENSMUSG00000152982	5400	91	23	109	86	67
ENSMUSG00000143544	0	1	1	0	3	1
ENSMUSG00000186654	49850	1009	1534	1442	875	1929
ENSMUSG00000204881	56450	1533	2326	2244	1811	1602
ENSMUSG00000192770	49150	1134	1024	744	1008	824
ENSMUSG00000164216	60900	615	1757	1328	1039	817
ENSMUSG00000219182	74750	890	1015	1877	2014	1213
ENSMUSG00000110807	1838700	34265	54305	37854	34764	40870
ENSMUSG00000108237	37100	902	821	207	201	340
ENSMUSG00000129809	246450	1883	3056	6484	2098	3407
ENSMUSG00000208289	48400	481	1225	1008	797	867
ENSMUSG00000173907	27300	748	867	588	826	593
ENSMUSG00000114225	6650	151	70	59	77	72
ENSMUSG00000179958	3000	31	99	111	87	60
ENSMUSG00000219890	950	18	19	17	9	21
ENSMUSG00000117371	37250	551	321	306	642	592
ENSMUSG00000142466	6700	118	211	69	121	74
ENSMUSG00000110010	600	2	10	12	16	27
ENSMUSG00000167122	1650	26	34	21	45	33
ENSMUSG00000157804	700	4	16	27	12	10
ENSMUSG00000151173	236950	3639	4293	2333	5445	5260
ENSMUSG00000105815	5650	79	75	80	74	166
ENSMUSG00000151539	10900	175	124	239	280	232
ENSMUSG00000208620	800	18	12	7	12	14
ENSMUSG00000154939	650	20	10	12	24	18
ENSMUSG00000165208	71350	1792	1456	1163	815	893
ENSMUSG00000153912	4800	56	119	112	87	68
ENSMUSG00000140089	17150	304	433	281	148	358
ENSMUSG00000219723	364200	5137	5178	6423	7428	6970
ENSMUSG00000149045	639350	12857	6321	9736	15756	15714
ENSMUSG00000200138	25300	422	1030	976	782	1098
ENSMUSG00000174861	37050	325	334	433	255	597
ENSMUSG00000176504	8200	292	149	291	343	219
ENSMUSG00000149901	4800	90	94	67	43	51
ENSMUSG00000106154	1033750	13100	15559	7368	12764	13549
ENSMUSG00000187264	900	5	11	17	14	15
ENSMUSG00000124837	5150	150	88	108	65	150
ENSMUSG00000177716	300	5	6	1	4	5
ENSMUSG00000159980	100	10	8	5	1	10
ENSMUSG00000104568	13950	491	258	180	389	443
ENSMUSG00000125405	12550	381	347	330	435	387
ENSMUSG00000177399	13750	370	347	192	277	460
ENSMUSG00000203596	2250	71	83	53	78	46
ENSMUSG00000147016	800	22	67	50	45	55
ENSMUSG00000147602	3200	41	63	71	59	100
ENSMUSG00000118393	1700	97	96	42	90	65
ENSMUSG00000116038	68350	2169	1792	1665	1271	1226
ENSMUSG00000131656	83850	4162	3102	2505	1684	4166
ENSMUSG00000176329	24350	212	336	308	193	288
ENSMUSG00000215185	6500	111	86	37	63	75
ENSMUSG00000165102	1350	31	16	26	20	26
ENSMUSG00000173363	28000	666	522	303	370	290
ENSMUSG00000175847	3550	93	153	130	60	83
ENSMUSG00000193674	100	6	4	4	6	2
ENSMUSG00000193686	265450	5552	2160	3793	1745	2379
ENSMUSG00000184990	5900	106	82	93	179	184
ENSMUSG00000117972	2300	83	44	96	49	69
ENSMUSG00000189606	850	27	19	29	27	29
ENSMUSG00000172638	1050	29	23	19	18	12
ENSMUSG00000139912	59750	1403	881	659	1324	557
ENSMUSG00000153966	1250	24	42	41	23	18
ENSMUSG00000158913	10950	394	175	115	128	172
ENSMUSG00000116414	29000	322	807	534	458	535
ENSMUSG00000145119	264800	7553	6928	8571	6490	5430
ENSMUSG00000150323	29750	519	533	606	364	418
ENSMUSG00000165882	5100	118	102	103	133	117
ENSMUSG00000143627	2350	56	39	37	74	55
ENSMUSG00000158280	47750	1144	1253	452	996	1341
ENSMUSG00000195665	46300	1018	744	1269	1995	1310
ENSMUSG00000197094	2600	75	71	83	46	72
ENSMUSG00000154402	28300	551	438	325	494	351
ENSMUSG00000129364	8850	118	100	92	181	140
ENSMUSG00000172290	250	3	9	9	5	7
ENSMUSG00000100832	850	19	15	20	11	18
ENSMUSG00000120358	51750	871	713	724	420	650
ENSMUSG00000175385	150450	2980	2275	2408	2060	2322
ENSMUSG00000201236	23600	384	1287	915	540	519
ENSMUSG00000169706	4150	98	126	108	41	87
ENSMUSG00000115600	1600	25	47	43	29	29
ENSMUSG00000114625	22350	530	547	593	632	398
ENSMUSG00000163953	18500	423	265	295	363	348
ENSMUSG00000212648	450	4	4	4	9	7
ENSMUSG00000119448	26050	526	813	559	820	510
ENSMUSG00000118558	1100	13	25	44	54	39
ENSMUSG00000203045	40650	431	690	572	1006	488
ENSMUSG00000154749	10250	493	581	380	497	517
ENSMUSG00000112393	43450	410	705	525	929	754
ENSMUSG00000101897	73050	813	1003	833	732	1971
ENSMUSG00000212326	42750	580	507	1217	515	609
ENSMUSG00000179677	800	14	24	12	14	18
ENSMUSG00000130587	1750	26	16	12	13	10
ENSMUSG00000111180	90800	2223	836	1219	1624	1479
ENSMUSG00000197144	30050	293	405	240	597	453
ENSMUSG00000148117	650	2	14	12	9	5
ENSMUSG00000193530	200	7	4	1	2	0
ENSMUSG00000172094	66900	1408	1157	308	612	1357
ENSMUSG00000188132	586450	26075	14907	24933	12529	20378
ENSMUSG00000205853	41450	1313	801	1116	715	746
ENSMUSG00000142346	4400	141	90	126	89	85
ENSMUSG00000129305	12200	117	246	192	334	216
ENSMUSG00000146325	100	2	1	1	0	2
ENSMUSG00000146550	550	22	6	18	11	29
ENSMUSG00000119872	76950	1186	1567	1062	1367	2551
ENSMUSG00000103335	37600	503	1025	1137	755	1067
ENSMUSG00000200773	0	1	3	1	3	3
ENSMUSG00000184398	95450	2856	1513	1782	1597	2151
ENSMUSG00000122070	17950	281	403	434	272	296
ENSMUSG00000112011	48000	1209	914	722	688	833
ENSMUSG00000139380	4000	118	126	66	55	68
ENSMUSG00000111535	10500	376	278	140	108	257
ENSMUSG00000166085	1100	11	12	11	26	12
ENSMUSG00000177599	14400	123	291	284	244	199
ENSMUSG00000213159	23100	777	620	611	847	1726
ENSMUSG00000170215	800	31	5	25	25	15
ENSMUSG00000107356	19300	270	347	187	267	443
ENSMUSG00000199449	3550	37	60	69	41	65
ENSMUSG00000169233	94250	1287	1046	934	1046	1735
ENSMUSG00000104864	67850	615	1512	1409	667	1117
ENSMUSG00000149856	100	3	1	1	1	3
ENSMUSG00000206120	18750	402	592	297	491	448
ENSMUSG00000162627	141050	2813	2142	1020	1316	1069
ENSMUSG00000184650	1750	44	36	37	42	31
ENSMUSG00000144574	3250	71	66	56	92	129
ENSMUSG00000124762	6300	67	166	152	70	105
ENSMUSG00000203572	650	22	9	17	5	16
ENSMUSG00000184294	6500	101	89	106	116	54
ENSMUSG00000137625	392150	6273	7743	3405	3510	3144
ENSMUSG00000206240	10900	196	479	312	284	700
ENSMUSG00000132591	189050	3469	4625	4388	5054	2285
ENSMUSG00000182265	78650	1434	1369	1009	850	1788
ENSMUSG00000111677	98350	1610	1571	1744	1276	968
ENSMUSG00000160987	8950	187	166	233	74	261
ENSMUSG00000180460	24900	702	323	1111	707	1193
ENSMUSG00000121919	479600	11864	7605	6938	10900	7430
ENSMUSG00000206878	253150	2716	1884	3174	2507	2027
ENSMUSG00000184565	14700	343	105	251	345	397
ENSMUSG00000113656	1350	50	31	21	30	86
ENSMUSG00000219360	1000	14	25	16	17	29
ENSMUSG00000167525	8250	261	276	350	304	290
ENSMUSG00000118252	38200	579	784	365	369	332
ENSMUSG00000168920	300	0	3	5	4	4
ENSMUSG00000188390	8250	296	265	340	177	159
ENSMUSG00000155628	12250	228	354	268	401	263
ENSMUSG00000109120	11850	141	230	262	178	339
ENSMUSG00000155686	4050	73	31	38	31	59
ENSMUSG00000193298	1055600	18641	14716	14462	24949	27277
ENSMUSG00000192845	28250	710	840	929	712	915
ENSMUSG00000209679	500	3	6	7	2	8
ENSMUSG00000106504	1600	36	29	21	45	35
ENSMUSG00000198466	35750	806	655	968	786	621
ENSMUSG00000115874	20100	306	678	388	601	572
ENSMUSG00000146052	8950	132	206	151	185	273
ENSMUSG00000192211	6150	117	136	206	117	205
ENSMUSG00000126752	9100	107	71	113	52	75
ENSMUSG00000148589	3000	19	34	72	90	83
ENSMUSG00000192247	1550	31	20	25	13	32
ENSMUSG00000166374	12100	391	260	278	641	480
ENSMUSG00000110380	50	2	0	1	0	1
ENSMUSG00000118616	1900	14	30	34	25	42
ENSMUSG00000134500	208050	4827	4189	1701	2681	1172
ENSMUSG00000156389	700	27	44	14	21	29
ENSMUSG00000127814	350	4	10	11	22	6
ENSMUSG00000149999	434250	10901	10043	5067	6063	8731
ENSMUSG00000199285	84650	1544	1654	976	1623	568
ENSMUSG00000218054	4000	114	179	79	98	135
ENSMUSG00000170019	1350	26	35	44	51	78
ENSMUSG00000100650	3950	92	85	149	55	153
ENSMUSG00000173702	3900	73	36	58	54	72
ENSMUSG00000188856	1950	95	75	111	58	67
ENSMUSG00000123915	1850	23	33	14	27	35
ENSMUSG00000131806	12800	429	340	439	282	313
ENSMUSG00000192081	2200	56	39	41	66	40
ENSMUSG00000163872	450	9	5	5	4	5
ENSMUSG00000100880	300	14	15	21	5	10
ENSMUSG00000170125	16050	540	296	227	143	137
ENSMUSG00000198958	700	18	16	20	15	25
ENSMUSG00000129845	0	0	0	1	0	2
ENSMUSG00000197019	129200	2870	3029	4318	4717	2017
ENSMUSG00000193178	37900	492	353	374	239	366
ENSMUSG00000217670	3200	46	39	37	40	28
ENSMUSG00000148094	1400	55	37	54	40	39
ENSMUSG00000162276	12900	292	421	532	443	718
ENSMUSG00000173326	215750	4018	6374	2096	1846	2072
ENSMUSG00000176375	2500	23	37	37	43	57
ENSMUSG00000135945	20300	214	111	310	178	359
ENSMUSG00000151040	1000	44	34	25	30	21
ENSMUSG00000117209	17500	189	243	328	184	229
ENSMUSG00000127707	500	5	8	15	12	14
ENSMUSG00000200121	100	7	5	0	4	0
ENSMUSG00000131766	9150	107	188	167	237	191
ENSMUSG00000148523	12850	102	131	133	59	50
ENSMUSG00000118363	30800	574	648	785	327	525
ENSMUSG00000151715	1450	24	40	40	26	52
ENSMUSG00000163772	255850	3821	4186	3043	1852	1783
ENSMUSG00000108223	7350	171	287	220	130	131
ENSMUSG00000196984	85900	3595	3020	3667	3004	1760
ENSMUSG00000173232	3500	42	74	45	89	48
ENSMUSG00000190677	111650	5643	3784	1555	3609	4327
ENSMUSG00000171683	8050	188	163	86	60	110
ENSMUSG00000112673	8750	239	162	271	202	225
ENSMUSG00000216847	33950	1028	1046	909	588	730
ENSMUSG00000209534	200	3	3	1	1	4
ENSMUSG00000105568	700	10	14	9	20	11
ENSMUSG00000181752	385000	7464	7220	4015	7563	5685
ENSMUSG00000123129	550	5	6	7	4	3
ENSMUSG00000126663	1850	64	45	68	21	39
ENSMUSG00000206959	30950	671	353	600	434	645
ENSMUSG00000154616	159050	1782	2936	1669	2734	2880
ENSMUSG00000209773	1500	33	40	34	53	74
ENSMUSG00000201869	8950	176	131	173	115	165
ENSMUSG00000189479	1400	33	16	10	11	19
ENSMUSG00000191154	5000	64	60	89	37	39
ENSMUSG00000162043	41100	1259	733	1532	814	821
ENSMUSG00000202925	12900	276	300	239	181	214
ENSMUSG00000139524	6850	126	124	130	106	59
ENSMUSG00000207118	18050	390	336	393	329	272
ENSMUSG00000140195	9800	191	117	291	182	146
ENSMUSG00000200749	8750	218	107	135	194	169
ENSMUSG00000140399	3650	94	93	45	73	43
ENSMUSG00000216725	450	14	26	41	17	15
ENSMUSG00000165980	37750	566	423	417	480	887
ENSMUSG00000196496	400	13	6	10	19	15
ENSMUSG00000175130	133650	2259	2667	1072	975	1263
ENSMUSG00000124703	691150	12984	11240	8331	20266	8867
ENSMUSG00000106039	127750	4262	3457	2317	3641	2392
ENSMUSG00000204531	963900	17461	22230	11641	20272	9168
ENSMUSG00000192012	500	7	25	14	11	21
ENSMUSG00000185023	10150	157	266	339	255	234
ENSMUSG00000185969	650	56	24	31	16	37
ENSMUSG00000202990	1250	31	22	15	38	21
ENSMUSG00000213240	100	3	3	3	4	5
ENSMUSG00000192555	650	16	8	13	9	15
ENSMUSG00000139973	36000	595	1095	614	885	705
ENSMUSG00000112510	38200	609	708	246	519	689
ENSMUSG00000168910	86050	1975	1388	968	783	1823
ENSMUSG00000172796	81000	1365	1762	1318	823	876
ENSMUSG00000170991	35750	436	646	649	280	581
ENSMUSG00000205404	1250	11	22	17	26	33
ENSMUSG00000170973	2700	163	94	188	211	84
ENSMUSG00000183899	52750	1295	1206	546	545	767
ENSMUSG00000127197	127050	1887	3311	1996	2111	1043
ENSMUSG00000191864	4200	51	64	91	104	54
ENSMUSG00000217157	3050	44	68	68	68	51
ENSMUSG00000183822	2650	47	54	69	87	85
ENSMUSG00000156870	388800	4353	10683	1948	2093	3755
ENSMUSG00000186152	13100	548	300	488	273	607
ENSMUSG00000121232	3200	71	42	97	54	89
ENSMUSG00000112901	1300	26	30	13	31	24
ENSMUSG00000206816	24650	339	229	326	339	125
ENSMUSG00000218835	0	4	4	2	3	5
ENSMUSG00000155722	3950	118	107	111	26	61
ENSMUSG00000103185	2000	52	47	78	47	60
ENSMUSG00000131872	1650	54	72	55	31	39
ENSMUSG00000151570	15000	330	242	394	215	461
ENSMUSG00000200275	17250	387	244	387	433	379
ENSMUSG00000147305	2726200	39625	68951	67005	71067	70308
ENSMUSG00000132324	8550	293	88	115	183	169
ENSMUSG00000168302	66550	844	1805	720	928	583
ENSMUSG00000136218	1300	15	27	36	23	14
ENSMUSG00000148197	150	1	9	7	3	4
ENSMUSG00000200060	64350	2397	1860	1971	1403	1507
ENSMUSG00000190849	311550	11451	5330	10847	7291	8625
ENSMUSG00000218507	900	17	18	27	9	25
ENSMUSG00000135711	7850	257	80	76	128	151
ENSMUSG00000213193	37550	1995	1588	1367	2275	2612
ENSMUSG00000219049	6500	60	221	202	223	191
ENSMUSG00000149263	100	0	1	0	0	0
ENSMUSG00000209076	36400	1529	1556	2365	1704	1576
ENSMUSG00000200029	5250	105	232	89	92	109
ENSMUSG00000186807	20450	517	419	570	554	685
ENSMUSG00000156225	1950	26	35	17	40	12
ENSMUSG00000150093	30150	1078	815	1345	816	918
ENSMUSG00000196406	50850	1336	1208	735	1267	1629
ENSMUSG00000105793	1200	26	40	19	30	28
ENSMUSG00000210788	18250	380	476	383	412	367
ENSMUSG00000117430	7650	87	60	31	48	47
ENSMUSG00000165737	4350	41	33	69	47	97
ENSMUSG00000136274	2700	67	84	25	16	11
ENSMUSG00000161484	3850	30	60	102	82	41
ENSMUSG00000101886	3550	27	65	32	69	29
ENSMUSG00000208051	73450	1519	947	1983	1724	1227
ENSMUSG00000139975	2850	91	177	75	54	126
ENSMUSG00000169389	700	15	19	15	16	22
ENSMUSG00000191227	104400	2831	2288	1945	3073	2577
ENSMUSG00000140001	57600	840	1086	807	355	738
ENSMUSG00000101142	36300	867	1163	2180	1732	1224
ENSMUSG00000141351	26750	215	415	99	131	168
ENSMUSG00000205032	21700	807	816	422	1040	660
ENSMUSG00000116091	10050	226	139	133	161	62
ENSMUSG00000209316	1400	10	28	18	29	38
ENSMUSG00000155581	11300	315	281	216	332	252
ENSMUSG00000105290	14100	226	245	183	209	271
ENSMUSG00000152065	21800	589	338	266	217	242
ENSMUSG00000112771	38600	867	841	1191	1170	431
ENSMUSG00000106779	100	4	1	5	4	2
ENSMUSG00000180461	16500	351	507	270	336	248
ENSMUSG00000192300	700	24	26	54	29	36
ENSMUSG00000199266	5050	94	51	71	116	123
ENSMUSG00000100538	15550	320	440	253	379	481
ENSMUSG00000107304	9500	94	166	225	219	179
ENSMUSG00000125528	1700	66	25	58	30	53
ENSMUSG00000213924	46700	897	785	744	550	501
ENSMUSG00000178825	5750	116	149	153	207	172
ENSMUSG00000189028	68650	812	1011	1120	483	1107
ENSMUSG00000124403	85650	1053	2404	1964	1086	1902
ENSMUSG00000147953	2900	68	91	95	83	58
ENSMUSG00000119524	1450	8	22	4	18	17
ENSMUSG00000202750	7350	122	263	209	135	308
ENSMUSG00000117128	20500	1408	953	678	975	993
ENSMUSG00000158359	21800	350	316	297	284	369
ENSMUSG00000219062	250	19	21	12	17	9
ENSMUSG00000130384	350	10	8	2	7	12
ENSMUSG00000154171	1550	31	22	27	31	27
ENSMUSG00000193425	600	41	17	25	31	13
ENSMUSG00000100319	22650	442	379	765	639	704
ENSMUSG00000201936	13800	198	144	207	147	108
ENSMUSG00000186629	127150	2433	2118	974	950	2233
ENSMUSG00000106540	9000	192	109	125	141	102
ENSMUSG00000202432	133100	3973	3352	5113	6660	4637
ENSMUSG00000204061	6450	158	237	144	116	231
ENSMUSG00000161661	30700	341	703	444	699	705
ENSMUSG00000181070	4100	81	56	72	126	30
ENSMUSG00000117656	28350	591	344	438	607	393
ENSMUSG00000142550	89800	1443	1262	1839	1544	1360
ENSMUSG00000197845	31450	988	873	735	776	958
ENSMUSG00000143635	100350	2608	2088	2446	2742	2263
ENSMUSG00000180552	7800	137	100	59	46	28
ENSMUSG00000194104	40900	708	755	542	435	434
ENSMUSG00000120051	177450	7512	3927	8187	6352	4209
ENSMUSG00000188722	14150	431	357	164	210	202
ENSMUSG00000127131	8400	147	88	95	108	69
ENSMUSG00000174417	4350	150	171	115	138	107
ENSMUSG00000143464	3700	76	73	59	93	53
ENSMUSG00000201737	8500	128	125	220	223	271
ENSMUSG00000143348	128500	3841	3267	3644	3547	2373
ENSMUSG00000142549	20850	728	592	467	430	758
ENSMUSG00000108427	9000	140	221	241	159	222
ENSMUSG00000138172	1250	45	42	22	44	38
ENSMUSG00000206994	1850	22	57	20	19	20
ENSMUSG00000141318	1213100	28239	10451	17733	18397	34849
ENSMUSG00000141278	4550	83	80	66	64	91
ENSMUSG00000146560	12050	262	214	158	261	502
ENSMUSG00000164499	2150	111	28	61	42	51
ENSMUSG00000134565	21900	479	419	207	212	193
ENSMUSG00000161488	8100	113	136	107	62	31
ENSMUSG00000131667	10850	205	131	209	194	169
ENSMUSG00000134289	150050	3871	4806	2263	4462	2451
ENSMUSG00000101591	2650	13	38	17	48	33
ENSMUSG00000162231	29100	219	497	659	695	387
ENSMUSG00000104718	9750	162	93	120	95	112
ENSMUSG00000198289	49050	592	633	872	596	387
ENSMUSG00000148245	2600	36	43	47	22	34
ENSMUSG00000123143	26300	576	191	490	613	454
ENSMUSG00000171476	3150	20	18	26	22	6
ENSMUSG00000171757	50	4	2	0	7	10
ENSMUSG00000176838	1150	14	14	5	6	12
ENSMUSG00000139917	2800	52	50	21	23	10
ENSMUSG00000200462	1150	31	12	21	17	14
ENSMUSG00000155919	6950	96	185	53	77	63
ENSMUSG00000148854	33700	1256	2396	1728	757	1500
ENSMUSG00000141718	600	4	15	23	18	27
ENSMUSG00000180232	9150	386	355	327	557	387
ENSMUSG00000153152	13800	246	112	174	259	229
ENSMUSG00000171294	1350	35	35	19	15	31
ENSMUSG00000208588	1300	35	25	37	14	46
ENSMUSG00000146562	34050	802	392	250	356	342
ENSMUSG00000114018	19300	164	394	213	442	562
ENSMUSG00000190889	4750	99	45	98	61	84
ENSMUSG00000204621	4000	150	112	149	112	105
ENSMUSG00000217636	7500	191	130	114	119	116
ENSMUSG00000108265	350	8	18	13	8	8
ENSMUSG00000112427	18450	544	378	136	219	204
ENSMUSG00000140741	20900	364	305	205	261	350
ENSMUSG00000196265	266650	8221	5272	2862	5920	4683
ENSMUSG00000197748	650	31	21	8	11	3
ENSMUSG00000211771	1000	9	31	29	30	15
ENSMUSG00000120660	7500	118	94	105	134	123
ENSMUSG00000132690	2900	74	82	44	86	13
ENSMUSG00000164369	3650	129	70	119	48	50
ENSMUSG00000139748	7950	177	221	156	267	125
ENSMUSG00000132652	5800	113	71	83	100	75
ENSMUSG00000173580	10500	189	87	115	96	100
ENSMUSG00000157229	12400	472	291	477	258	302
ENSMUSG00000101761	350	12	4	7	6	3
ENSMUSG00000210651	28200	574	365	716	503	362
ENSMUSG00000135312	200	6	0	0	0	0
ENSMUSG00000115763	541750	8747	11903	3875	5927	7489
ENSMUSG00000105326	46250	1058	608	604	1332	698
ENSMUSG00000106474	2850	45	47	20	47	31
ENSMUSG00000116956	98000	1672	478	646	1078	1044
ENSMUSG00000159123	6100	144	123	56	41	107
ENSMUSG00000187775	19650	276	324	547	346	302
ENSMUSG00000145795	49050	475	671	606	1161	684
ENSMUSG00000153006	35400	500	550	268	417	228
ENSMUSG00000101319	9700	129	85	168	146	131
ENSMUSG00000166476	19250	299	514	447	865	874
ENSMUSG00000204885	4700	116	142	71	83	71
ENSMUSG00000142187	7450	102	153	54	81	74
ENSMUSG00000214953	800	22	22	19	21	10
ENSMUSG00000186949	100	1	6	3	6	4
ENSMUSG00000175836	289500	3147	2987	2277	3425	4264
ENSMUSG00000110150	36100	586	853	492	1137	764
ENSMUSG00000147184	500	2	9	11	17	10
ENSMUSG00000123082	11500	303	271	399	209	440
ENSMUSG00000142008	26850	405	460	119	325	174
ENSMUSG00000183437	250	2	7	0	2	3
ENSMUSG00000176979	1700	25	33	53	14	27
ENSMUSG00000115788	4450	107	145	80	120	137
ENSMUSG00000134721	393500	2296	6619	4093	3745	5892
ENSMUSG00000121924	40850	1100	1397	1766	1156	1772
ENSMUSG00000143820	56900	2262	1884	3529	2636	1985
ENSMUSG00000151791	24150	483	237	371	379	334
ENSMUSG00000150114	54200	987	965	1033	1064	491
ENSMUSG00000184582	1250	8	13	9	27	10
ENSMUSG00000219307	21750	492	867	304	339	465
ENSMUSG00000182687	18200	474	296	395	536	385
ENSMUSG00000159759	900	25	9	6	11	14
ENSMUSG00000106670	14650	214	285	231	237	431
ENSMUSG00000146641	243200	5450	5278	2927	3492	3203
ENSMUSG00000127053	288750	6179	16385	9337	5433	8682
ENSMUSG00000123373	92150	2600	2811	2899	2963	2352
ENSMUSG00000102504	1800	63	63	60	51	30
ENSMUSG00000177493	4550	134	123	134	151	81
ENSMUSG00000106456	3800	36	62	55	40	36
ENSMUSG00000197036	67750	1727	2614	2105	1442	2349
ENSMUSG00000181402	2000	11	35	46	37	38
ENSMUSG00000212074	850	26	17	26	25	24
ENSMUSG00000117820	500	8	12	7	7	10
ENSMUSG00000104999	19250	224	353	301	330	364
ENSMUSG00000139183	27400	432	365	424	313	222
ENSMUSG00000126070	1400	48	44	37	39	50
ENSMUSG00000104001	2050	32	24	54	41	24
ENSMUSG00000140932	3850	94	99	195	73	112
ENSMUSG00000167998	397300	3782	3438	2280	2813	2980
ENSMUSG00000211955	550	7	9	14	10	11
ENSMUSG00000169714	9500	148	77	99	209	161
ENSMUSG00000164765	29750	419	111	217	180	238
ENSMUSG00000154423	17750	273	301	363	332	187
ENSMUSG00000109869	146500	1314	1072	2945	2092	2477
ENSMUSG00000134985	46800	1259	1365	1224	1366	739
ENSMUSG00000209598	20250	147	348	285	395	310
ENSMUSG00000170716	143850	1914	3213	3825	3882	4984
ENSMUSG00000149979	74750	1647	1013	2183	929	804
ENSMUSG00000140635	19750	258	211	175	177	222
ENSMUSG00000111448	18200	273	172	261	275	230
ENSMUSG00000187743	1300	27	9	7	24	12
ENSMUSG00000211710	7550	196	187	354	233	105
ENSMUSG00000129419	900	14	32	51	22	35
ENSMUSG00000164720	600	8	15	12	12	30
ENSMUSG00000145908	6150	74	146	119	87	134
ENSMUSG00000146241	850	13	7	5	11	7
ENSMUSG00000152710	1400	39	33	30	47	43
ENSMUSG00000211639	3600	104	96	47	66	40
ENSMUSG00000106643	10200	413	285	178	270	121
ENSMUSG00000139307	3800	84	62	60	76	48
ENSMUSG00000118701	28950	366	227	586	316	361
ENSMUSG00000159828	238250	3552	4004	4914	6059	4494
ENSMUSG00000144669	40450	1357	706	661	932	562
ENSMUSG00000113383	450	9	21	11	20	18
ENSMUSG00000219215	250	2	3	7	3	5
ENSMUSG00000133515	1650	21	26	16	25	20
ENSMUSG00000161066	1800	80	42	27	17	18
ENSMUSG00000146720	100	3	5	2	2	0
ENSMUSG00000135872	100	5	5	11	9	3
ENSMUSG00000108274	200	1	3	10	2	11
ENSMUSG00000196298	1200	48	54	53	51	39
ENSMUSG00000178169	132000	2468	1974	2646	2079	3686
ENSMUSG00000128676	195950	3465	3644	5235	4606	4808
ENSMUSG00000153869	750	30	21	19	19	11
ENSMUSG00000112980	3850	41	35	93	41	67
ENSMUSG00000209854	750	19	7	12	11	11
ENSMUSG00000129933	100	7	3	0	1	0
ENSMUSG00000120279	7900	132	117	123	88	106
ENSMUSG00000185350	6450	139	156	167	72	97
ENSMUSG00000196717	2100	48	42	45	68	59
ENSMUSG00000200538	27100	691	275	529	602	543
ENSMUSG00000190721	3000	38	54	82	60	49
ENSMUSG00000140923	48750	747	448	1191	1682	1352
ENSMUSG00000156704	3150	53	80	34	44	32
ENSMUSG00000199730	33900	513	476	742	357	712
ENSMUSG00000170888	2800	110	98	82	103	116
ENSMUSG00000145911	10300	261	88	214	96	153
ENSMUSG00000114062	15950	358	224	746	533	595
ENSMUSG00000214013	900	18	22	11	16	9
ENSMUSG00000201582	1050	28	45	30	51	57
ENSMUSG00000149908	3950	95	91	98	116	131
ENSMUSG00000217231	6050	202	273	71	56	99
ENSMUSG00000143221	12900	150	134	216	155	163
ENSMUSG00000119172	900	33	34	30	31	20
ENSMUSG00000126679	650	11	2	12	6	3
ENSMUSG00000186856	4900	55	116	68	79	99
ENSMUSG00000140146	7400	168	221	319	427	221
ENSMUSG00000103763	550	13	14	27	18	34
ENSMUSG00000214685	30500	1325	858	1074	1388	1335
ENSMUSG00000120726	22150	650	370	620	623	540
ENSMUSG00000138232	57150	395	559	563	508	589
ENSMUSG00000129678	53200	733	746	394	509	1068
ENSMUSG00000167574	1850	19	17	24	22	25
ENSMUSG00000162156	419800	7446	12521	14129	7158	14027
ENSMUSG00000161504	1350	53	27	25	32	29
ENSMUSG00000171752	32100	645	722	123	209	256
ENSMUSG00000141143	39900	674	339	482	982	532
ENSMUSG00000209602	11000	190	268	147	229	251
ENSMUSG00000168924	10750	194	177	63	172	256
ENSMUSG00000158308	3150	52	69	24	22	28
ENSMUSG00000197429	2150	45	59	100	53	76
ENSMUSG00000106040	6150	185	275	161	148	124
ENSMUSG00000169465	129200	2744	2242	1898	2141	1586
ENSMUSG00000181016	2750	43	69	34	29	34
ENSMUSG00000113918	35150	694	942	752	476	573
ENSMUSG00000187651	13200	315	211	342	334	382
ENSMUSG00000158358	13900	409	316	200	174	237
ENSMUSG00000142170	2100	36	89	64	60	40
ENSMUSG00000153771	6400	172	191	112	71	147
ENSMUSG00000157321	150	10	3	8	8	4
ENSMUSG00000173438	11500	252	286	320	108	226
ENSMUSG00000160584	22000	383	234	333	249	541
ENSMUSG00000196033	3100	50	49	47	79	73
ENSMUSG00000207820	59150	789	815	520	468	377
ENSMUSG00000141571	23150	336	266	187	228	318
ENSMUSG00000208760	1850	44	31	53	53	36
ENSMUSG00000165262	94350	2229	1631	873	1090	1286
ENSMUSG00000192631	3150	47	47	118	37	38
ENSMUSG00000186827	1080550	21859	16293	12926	22971	10675
ENSMUSG00000153330	850	10	18	21	17	23
ENSMUSG00000166160	1650	12	44	38	35	54
ENSMUSG00000163743	2250	39	56	32	41	39
ENSMUSG00000166650	18800	294	313	367	117	441
ENSMUSG00000191416	83700	1885	1324	2603	1452	1079
ENSMUSG00000202652	9000	277	236	223	284	190
ENSMUSG00000135506	2300	84	93	58	40	74
ENSMUSG00000183946	245550	8684	15140	7804	11367	9241
ENSMUSG00000189734	61500	1537	1221	1474	972	1351
ENSMUSG00000216844	5200	73	84	114	59	106
ENSMUSG00000126739	15150	436	400	123	159	246
ENSMUSG00000180870	400	6	3	13	4	8
ENSMUSG00000193167	5150	171	130	274	171	160
ENSMUSG00000169884	354850	2140	5275	4355	6931	3617
ENSMUSG00000108691	550	21	14	15	26	15
ENSMUSG00000154306	500	10	6	12	14	8
ENSMUSG00000198231	7000	277	126	165	301	353
ENSMUSG00000199913	200	1	5	0	2	1
ENSMUSG00000186927	174850	2842	2392	2672	5009	2709
ENSMUSG00000172723	400	10	10	7	2	8
ENSMUSG00000123673	2100	60	26	80	26	18
ENSMUSG00000218535	4350	165	102	123	122	98
ENSMUSG00000159595	79800	1153	2392	1209	1772	2094
ENSMUSG00000104012	13450	245	544	492	386	212
ENSMUSG00000107030	100	3	5	1	1	2
ENSMUSG00000155225	600	2	6	6	4	9
ENSMUSG00000166032	12300	275	193	242	180	282
ENSMUSG00000186992	150	3	2	3	1	2
ENSMUSG00000216059	4950	45	137	55	95	35
ENSMUSG00000181960	1800	49	14	37	16	66
ENSMUSG00000125759	36350	809	609	1182	646	1019
ENSMUSG00000160102	153550	1728	2476	1946	2179	1627
ENSMUSG00000144961	0	0	1	2	1	1
ENSMUSG00000124743	12650	351	339	426	287	498
ENSMUSG00000160595	32400	554	492	548	862	746
ENSMUSG00000158400	850	47	28	45	23	23
ENSMUSG00000211481	1800	75	64	34	51	44
ENSMUSG00000119391	550	10	7	22	10	13
ENSMUSG00000195564	3200	74	62	35	61	90
ENSMUSG00000106988	10500	371	358	233	321	334
ENSMUSG00000198956	86700	1044	3187	2466	1805	3314
ENSMUSG00000207648	181950	2709	1647	1865	3143	1897
ENSMUSG00000140190	5150	70	122	102	46	77
ENSMUSG00000201365	950	11	15	25	14	26
ENSMUSG00000108512	43750	657	972	1281	1162	1098
ENSMUSG00000180499	150	2	1	1	1	1
ENSMUSG00000141293	400	0	13	5	15	3
ENSMUSG00000174120	88650	1509	1271	568	644	681
ENSMUSG00000154111	727700	10002	12442	8267	9860	9725
ENSMUSG00000144347	1600	16	43	27	19	51
ENSMUSG00000188654	5050	252	175	126	146	95
ENSMUSG00000124867	1550	38	32	13	16	6
ENSMUSG00000171370	6800	148	75	179	196	117
ENSMUSG00000136195	5050	116	144	112	120	128
ENSMUSG00000201038	1550	35	26	39	25	25
ENSMUSG00000183091	8200	302	440	232	148	310
ENSMUSG00000157031	4350	130	163	71	94	77
ENSMUSG00000167571	24500	411	423	371	293	374
ENSMUSG00000162292	4400	126	202	74	96	120
ENSMUSG00000118070	1150	17	13	9	21	12
ENSMUSG00000210708	11100	193	232	241	113	246
ENSMUSG00000143745	65150	1815	1155	561	779	690
ENSMUSG00000209900	2200	32	28	45	42	28
ENSMUSG00000206535	125550	2255	1873	3262	2155	1121
ENSMUSG00000101108	41450	742	447	160	462	273
ENSMUSG00000149008	5000	123	93	34	81	66
ENSMUSG00000113069	12950	146	125	167	180	205
ENSMUSG00000191166	3300	78	46	90	52	75
ENSMUSG00000101364	1150	18	27	16	19	22
ENSMUSG00000187473	18050	772	676	1076	982	727
ENSMUSG00000102905	77100	767	533	678	1501	524
ENSMUSG00000105356	2900	41	37	81	56	74
ENSMUSG00000172639	4950	69	84	47	120	132
ENSMUSG00000176886	5900	104	71	103	162	59
ENSMUSG00000104240	30100	977	768	650	943	815
ENSMUSG00000134095	105150	3113	2704	1578	2653	2447
ENSMUSG00000204489	2450	52	67	85	30	55
ENSMUSG00000132441	10750	188	214	374	201	250
ENSMUSG00000179599	9050	186	94	196	158	127
ENSMUSG00000103540	26600	554	389	645	695	647
ENSMUSG00000197201	198250	4836	5916	2131	2086	3202
ENSMUSG00000180300	500	19	22	43	30	37
ENSMUSG00000203478	150	6	2	2	1	4
ENSMUSG00000193482	6800	127	100	102	73	83
ENSMUSG00000199825	100	4	4	12	7	9
ENSMUSG00000136920	154550	1838	5722	2014	3270	3589
ENSMUSG00000158423	2150	33	52	40	41	48
ENSMUSG00000150271	2450	115	75	119	48	156
ENSMUSG00000181268	16400	178	242	225	271	311
ENSMUSG00000131505	8300	326	133	257	82	260
ENSMUSG00000212013	2650	58	48	65	88	109
ENSMUSG00000165938	15400	172	150	173	241	97
ENSMUSG00000192000	34050	869	1294	1184	1140	1281
ENSMUSG00000138551	3600	87	103	78	51	32
ENSMUSG00000184135	204250	7046	6557	6962	4657	6151
ENSMUSG00000155648	19750	323	368	264	238	280
ENSMUSG00000207604	350	2	2	2	2	4
ENSMUSG00000206047	100250	3060	2260	1221	908	771
ENSMUSG00000194361	350	2	5	4	3	14
ENSMUSG00000200339	23600	295	340	427	235	268
ENSMUSG00000134780	550000	12170	11082	7496	20891	11059
ENSMUSG00000139485	71750	1036	1377	975	1946	957
ENSMUSG00000207290	2650	41	17	15	14	21
ENSMUSG00000162359	750	27	46	45	31	31
ENSMUSG00000157589	9500	168	253	189	119	113
ENSMUSG00000155803	215200	2283	2405	3311	5938	4392
ENSMUSG00000214643	1150	24	48	45	35	22
ENSMUSG00000190673	90650	1454	1749	2289	1596	1301
ENSMUSG00000192018	10400	459	268	321	399	402
ENSMUSG00000193596	6250	130	165	128	105	122
ENSMUSG00000119835	7150	67	107	118	97	133
ENSMUSG00000219820	387300	7533	10985	3729	4875	3479
ENSMUSG00000111729	500	7	11	8	2	4
ENSMUSG00000105426	650	16	12	7	26	28
ENSMUSG00000176610	24950	1236	806	1776	1271	1050
ENSMUSG00000161816	80350	1127	1577	604	680	1073
ENSMUSG00000105282	1150	14	23	15	25	20
ENSMUSG00000181405	2000	24	21	38	29	34
ENSMUSG00000193961	750	13	8	23	26	6
ENSMUSG00000154733	12950	711	359	482	813	429
ENSMUSG00000178996	3200	42	44	47	30	48
ENSMUSG00000168579	91750	2377	2272	2210	2227	3405
ENSMUSG00000116554	21150	883	572	613	550	822
ENSMUSG00000205834	13550	107	197	114	180	129
ENSMUSG00000132440	10300	336	221	218	164	135
ENSMUSG00000197782	27050	521	1048	616	381	652
ENSMUSG00000180759	54850	967	844	610	699	863
ENSMUSG00000143657	11050	258	174	180	245	264
ENSMUSG00000119303	16550	187	124	225	294	211
ENSMUSG00000213399	29000	563	633	864	833	366
ENSMUSG00000114214	8500	85	143	195	130	186
ENSMUSG00000159313	83950	1256	1291	764	1214	1465
ENSMUSG00000208469	6850	97	121	93	100	98
ENSMUSG00000211299	800	28	19	44	49	34
ENSMUSG00000120879	25050	488	415	340	239	376
ENSMUSG00000134622	271800	4722	2120	3948	2555	2617
ENSMUSG00000144814	160650	2939	3510	5430	4983	4235
ENSMUSG00000155643	250	5	8	4	8	5
ENSMUSG00000170261	19400	294	318	300	395	479
ENSMUSG00000197348	4750	163	110	59	76	31
ENSMUSG00000217720	3700	154	100	97	87	88
ENSMUSG00000138500	5450	132	96	102	117	87
ENSMUSG00000170159	6900	113	56	118	99	95
ENSMUSG00000176960	1550	50	57	90	33	50
ENSMUSG00000152999	12400	155	143	71	113	55
ENSMUSG00000138131	7700	135	224	206	286	193
ENSMUSG00000160890	600	10	25	8	12	3
ENSMUSG00000182355	850	5	4	9	18	15
ENSMUSG00000181049	750	21	21	10	20	13
ENSMUSG00000126642	600	11	6	17	16	12
ENSMUSG00000195710	36250	533	586	347	742	588
ENSMUSG00000153673	100	8	22	20	12	15
ENSMUSG00000170790	7500	141	140	170	152	69
ENSMUSG00000205420	10500	223	185	106	167	225
ENSMUSG00000137017	30550	367	864	484	683	307
ENSMUSG00000121935	6050	82	102	179	190	158
ENSMUSG00000176266	139850	3437	2324	1194	749	712
ENSMUSG00000210306	7300	105	180	146	182	165
ENSMUSG00000120674	9100	255	250	193	141	153
ENSMUSG00000194913	45700	390	803	821	670	626
ENSMUSG00000209173	1150	20	10	9	4	10
ENSMUSG00000171751	18750	238	514	286	343	323
ENSMUSG00000108442	102400	2988	3452	2449	1805	2737
ENSMUSG00000187135	5200	218	249	154	220	124
ENSMUSG00000136250	3250	146	105	165	95	105
ENSMUSG00000140554	622400	4419	7666	6710	7786	9127
ENSMUSG00000129439	13450	188	155	292	246	196
ENSMUSG00000137139	105350	1257	1833	1243	1405	2574
ENSMUSG00000169354	50	2	0	0	0	3
ENSMUSG00000176954	5650	153	225	243	172	120
ENSMUSG00000141865	2500	41	41	69	49	46
ENSMUSG00000195855	17650	241	450	298	327	324
ENSMUSG00000214747	90100	2307	4784	2008	1261	1020
ENSMUSG00000134285	9500	130	106	103	119	106
ENSMUSG00000189931	5750	113	90	191	152	112
ENSMUSG00000215253	100	1	0	0	0	0
ENSMUSG00000191448	17400	847	913	989	776	801
ENSMUSG00000211358	85750	2134	1901	4329	2235	1692
ENSMUSG00000146967	7250	216	125	104	142	212
ENSMUSG00000149970	4000	66	70	75	86	39
ENSMUSG00000119283	18050	272	358	310	334	359
ENSMUSG00000190250	49600	1163	747	926	715	934
ENSMUSG00000158641	18400	378	537	601	220	622
ENSMUSG00000152299	533250	13934	8549	9993	11841	6867
ENSMUSG00000163819	6700	71	90	35	60	46
ENSMUSG00000103788	400	5	13	11	14	3
ENSMUSG00000156863	17600	689	279	231	123	393
ENSMUSG00000181657	60950	1789	2605	2785	1993	1764
ENSMUSG00000142735	8300	80	154	81	21	63
ENSMUSG00000125971	8400	125	104	146	134	129
ENSMUSG00000166446	4200	48	57	54	65	55
ENSMUSG00000176284	1500	38	34	10	6	8
ENSMUSG00000109619	2950	31	27	33	42	39
ENSMUSG00000203492	100	2	4	0	5	1
ENSMUSG00000213230	16600	233	268	175	271	193
ENSMUSG00000212103	18150	726	183	667	356	237
ENSMUSG00000104470	32300	931	1246	983	704	552
ENSMUSG00000194764	3150	16	41	27	35	25
ENSMUSG00000122634	1150	28	17	77	23	46
ENSMUSG00000119485	300	4	3	6	2	7
ENSMUSG00000195461	350	8	14	11	2	7
ENSMUSG00000192373	34000	1034	852	717	811	733
ENSMUSG00000192452	2199050	34182	35944	47789	33224	32812
ENSMUSG00000159577	1150	46	17	14	17	15
ENSMUSG00000175475	3800	136	80	28	64	72
ENSMUSG00000111406	30300	1067	979	1034	930	868
ENSMUSG00000164783	2150	24	65	56	33	32
ENSMUSG00000177042	25100	779	484	742	586	362
ENSMUSG00000210281	3900	73	61	91	69	86
ENSMUSG00000133195	3350	47	52	115	108	80
ENSMUSG00000170970	42150	900	551	1004	740	890
ENSMUSG00000213794	12300	230	191	91	84	42
ENSMUSG00000162466	750	8	14	11	12	5
ENSMUSG00000130437	32100	652	709	796	717	1203
ENSMUSG00000210888	9350	199	157	205	120	142
ENSMUSG00000180734	3250	58	60	34	68	49
ENSMUSG00000184428	1000	29	35	12	58	18
ENSMUSG00000112005	27400	536	515	351	622	671
ENSMUSG00000124731	1050	18	33	37	30	35
ENSMUSG00000160257	16300	261	412	168	157	302
ENSMUSG00000105617	75900	899	928	1127	794	1435
ENSMUSG00000207811	5200	140	109	128	154	100
ENSMUSG00000109698	99900	2684	1749	1889	1385	952
ENSMUSG00000154567	350	8	13	7	17	9
ENSMUSG00000143094	26100	321	297	677	566	688
ENSMUSG00000150236	26750	234	387	688	365	318
ENSMUSG00000114382	673100	6844	9041	5970	5838	8080
ENSMUSG00000177687	6950	171	154	214	140	243
ENSMUSG00000136905	15900	584	850	858	834	641
ENSMUSG00000128826	4600	143	108	93	64	122
ENSMUSG00000129596	750	8	27	29	10	15
ENSMUSG00000102464	1750	22	48	48	19	40
ENSMUSG00000183450	950	40	32	46	23	37
ENSMUSG00000159968	54750	720	1138	975	286	1064
ENSMUSG00000202481	1350	28	24	47	39	60
ENSMUSG00000204951	8250	111	189	292	177	198
ENSMUSG00000174475	23450	744	917	1259	1021	895
ENSMUSG00000117740	48500	1984	1685	2141	2500	1345
ENSMUSG00000143277	37400	1068	718	711	1044	840
ENSMUSG00000135440	160400	933	2203	2191	3318	3534
ENSMUSG00000162769	650	13	13	15	19	20
ENSMUSG00000170903	4500	48	59	48	57	35
ENSMUSG00000170099	14800	125	212	213	230	222
ENSMUSG00000134620	109150	1734	1663	1073	1235	1589
ENSMUSG00000184979	20950	453	406	388	345	290
ENSMUSG00000182232	2550	42	56	24	47	19
ENSMUSG00000152422	3950	129	132	88	87	140
ENSMUSG00000153934	400	4	4	1	4	6
ENSMUSG00000193791	72250	753	813	570	744	821
ENSMUSG00000169508	150	4	2	8	5	4
ENSMUSG00000153096	11600	186	151	232	422	183
ENSMUSG00000149142	85950	969	1045	622	858	1232
ENSMUSG00000166810	32350	1595	875	1183	963	870
ENSMUSG00000218872	200	14	12	7	6	9
ENSMUSG00000133730	6350	275	258	301	197	272
ENSMUSG00000100023	3900	80	32	71	70	56
ENSMUSG00000170233	4600	109	115	100	139	69
ENSMUSG00000189664	255700	3368	4714	2363	2619	4214
ENSMUSG00000173428	10950	194	251	273	276	256
ENSMUSG00000189676	150	5	14	8	6	11
ENSMUSG00000173636	1150	34	41	14	13	20
ENSMUSG00000166792	23350	736	496	683	723	860
ENSMUSG00000157950	12750	175	248	318	325	188
ENSMUSG00000168089	400	11	18	12	11	21
ENSMUSG00000136321	750	7	9	4	3	4
ENSMUSG00000177480	4350	19	82	49	46	33
ENSMUSG00000159597	3400	49	25	72	81	37
ENSMUSG00000136404	43050	598	956	708	859	581
ENSMUSG00000139851	2600	38	60	33	22	59
ENSMUSG00000147654	31550	472	714	666	656	788
ENSMUSG00000191655	260650	4263	944	1710	1939	2023
ENSMUSG00000157253	400	10	5	10	3	4
ENSMUSG00000181806	1850	62	56	29	48	41
ENSMUSG00000142644	211050	2630	3180	2394	2280	5930
ENSMUSG00000204573	4100	101	86	28	42	151
ENSMUSG00000149554	8250	136	247	154	172	82
ENSMUSG00000115821	53150	1669	1530	1590	1317	1147
ENSMUSG00000192805	1250	31	49	36	20	24
ENSMUSG00000113292	2950	69	68	104	51	40
ENSMUSG00000212342	150	9	5	4	6	12
ENSMUSG00000199839	26500	304	439	410	573	348
ENSMUSG00000161481	2300	40	32	72	63	74
ENSMUSG00000114301	3450	66	58	36	93	80
ENSMUSG00000114381	100	2	1	0	2	1
ENSMUSG00000209750	44150	696	1184	1188	775	1839
ENSMUSG00000140396	26350	515	1163	678	624	511
ENSMUSG00000158541	4600	67	60	37	41	7
ENSMUSG00000187771	41050	1167	1113	1636	1542	1579
ENSMUSG00000130653	50	0	0	1	4	1
ENSMUSG00000104172	5700	118	156	124	117	133
ENSMUSG00000141027	300	4	7	8	5	5
ENSMUSG00000112176	1115050	21581	28539	24890	39720	47252
ENSMUSG00000157098	50	0	1	1	1	1
ENSMUSG00000219071	400	14	8	7	9	17
ENSMUSG00000176763	750	18	39	34	18	46
ENSMUSG00000103105	36400	579	785	539	749	333
ENSMUSG00000202051	50900	583	634	600	984	765
ENSMUSG00000157291	16350	319	181	297	354	527
ENSMUSG00000195598	5850	215	182	45	51	66
ENSMUSG00000117403	315800	15261	7588	8466	5977	6755
ENSMUSG00000150981	1800	41	12	22	34	23
ENSMUSG00000116655	8450	184	358	169	256	180
ENSMUSG00000161149	213450	5701	5136	3304	4838	5898
ENSMUSG00000104309	450	11	4	18	14	10
ENSMUSG00000183996	1500	27	39	39	35	16
ENSMUSG00000194757	54500	1002	1546	969	734	1315
ENSMUSG00000176331	19000	469	378	206	282	544
ENSMUSG00000124989	250	8	6	4	6	9
ENSMUSG00000219756	3800	229	168	116	120	89
ENSMUSG00000191557	301750	8104	5514	5158	6588	4547
ENSMUSG00000197909	3300	79	82	79	53	91
ENSMUSG00000107422	29800	381	694	531	586	508
ENSMUSG00000153249	7300	102	137	158	278	108
ENSMUSG00000108021	1150	42	27	37	28	35
ENSMUSG00000137517	221950	3933	4742	4736	3696	2253
ENSMUSG00000132405	39600	1424	842	981	808	760
ENSMUSG00000167629	153700	2798	2654	1972	1414	1498
ENSMUSG00000214101	5250	74	111	53	118	21
ENSMUSG00000217508	10350	170	130	188	190	147
ENSMUSG00000122246	8000	347	208	204	157	244
ENSMUSG00000161043	12100	373	387	333	472	517
ENSMUSG00000107099	3200	52	77	45	89	92
ENSMUSG00000110762	4050	26	83	68	46	39
ENSMUSG00000152813	47350	1996	1538	1769	1073	1781
ENSMUSG00000217141	650	18	7	12	8	23
ENSMUSG00000149579	1750	71	37	55	55	46
ENSMUSG00000107357	1700	76	57	53	48	59
ENSMUSG00000127885	2400	48	33	56	38	41
ENSMUSG00000112040	550	13	9	14	17	10
ENSMUSG00000122214	1200	14	32	19	26	23
ENSMUSG00000128034	41700	828	796	635	846	620
ENSMUSG00000132749	4800	80	50	125	42	37
ENSMUSG00000161818	1250	32	15	36	42	19
ENSMUSG00000112825	333500	10347	8403	2657	5452	3587
ENSMUSG00000175622	600	5	15	5	6	10
ENSMUSG00000151522	45850	1551	1367	729	932	1041
ENSMUSG00000214865	12800	184	197	220	150	286
ENSMUSG00000122298	600	9	6	9	8	11
ENSMUSG00000189718	3000	52	44	63	52	54
ENSMUSG00000214826	1900	44	74	45	68	95
ENSMUSG00000150870	190450	3030	3323	1358	1348	1543
ENSMUSG00000204434	33350	804	1308	624	812	935
ENSMUSG00000185712	7500	60	63	52	85	109
ENSMUSG00000215133	550	9	7	10	10	6
ENSMUSG00000176967	400	3	5	5	4	5
ENSMUSG00000129170	5500	68	43	115	83	119
ENSMUSG00000192460	300	5	10	4	3	5
ENSMUSG00000199174	3600	114	94	66	140	101
ENSMUSG00000187185	7050	140	168	117	126	117
ENSMUSG00000184029	10300	215	288	233	296	275
ENSMUSG00000196732	102650	2210	1869	1130	1149	925
ENSMUSG00000191534	8250	159	202	194	99	73
ENSMUSG00000107505	10600	248	412	198	291	310
ENSMUSG00000129566	11700	181	210	149	110	111
ENSMUSG00000103842	54750	1132	1544	467	837	1105
ENSMUSG00000193907	23050	1322	238	750	962	528
ENSMUSG00000211577	337800	1483	3384	4078	2234	3074
ENSMUSG00000125098	122300	1211	2306	954	2373	812
ENSMUSG00000105539	1250	33	27	31	18	27
ENSMUSG00000171928	400	4	8	9	5	3
ENSMUSG00000148799	29250	376	488	394	579	381
ENSMUSG00000130008	57650	681	747	1359	1438	1295
ENSMUSG00000164311	1900	35	37	42	35	25
ENSMUSG00000217057	139500	2193	2910	2863	3126	2221
ENSMUSG00000216165	8400	145	127	147	154	115
ENSMUSG00000211057	5200	123	37	130	80	90
ENSMUSG00000128753	11500	180	217	228	220	141
ENSMUSG00000100405	500	8	19	10	7	3
ENSMUSG00000146771	100	3	4	4	3	2
ENSMUSG00000115500	1750	38	80	39	43	50
ENSMUSG00000190683	600	10	19	11	13	13
ENSMUSG00000181165	7600	76	85	63	129	87
ENSMUSG00000192595	7600	137	107	172	158	56
ENSMUSG00000107362	50	2	0	1	2	1
ENSMUSG00000174831	2150	43	7	25	21	34
ENSMUSG00000123244	22350	487	244	390	324	305
ENSMUSG00000120849	50	0	0	2	0	0
ENSMUSG00000196462	3050	65	49	47	58	88
ENSMUSG00000122640	300	7	4	7	15	3
ENSMUSG00000117415	100	5	1	0	2	0
ENSMUSG00000128457	68650	1146	595	1105	1247	871
ENSMUSG00000120191	50600	765	986	841	731	711
ENSMUSG00000208550	2950	42	27	33	50	39
ENSMUSG00000169823	2450	25	38	46	28	24
ENSMUSG00000180536	133950	1202	1260	1907	2505	1037
ENSMUSG00000130383	55500	701	1221	1239	1993	1614
ENSMUSG00000201402	2750	110	111	55	80	96
ENSMUSG00000192024	51850	961	496	514	280	522
ENSMUSG00000172519	11050	249	144	133	158	176
ENSMUSG00000132738	9400	227	71	98	52	42
ENSMUSG00000198153	21350	282	396	391	279	357
ENSMUSG00000102192	2450	31	70	35	44	33
ENSMUSG00000176135	28000	371	353	199	462	323
ENSMUSG00000184674	3800	78	58	93	80	60
ENSMUSG00000155540	2050	23	68	59	24	50
ENSMUSG00000186806	2100	35	47	30	49	37
ENSMUSG00000209503	18050	257	188	280	366	220
ENSMUSG00000137484	54300	1049	586	905	734	752
ENSMUSG00000129595	24700	995	380	174	160	289
ENSMUSG00000164119	500	32	44	29	39	18
ENSMUSG00000197290	22950	613	416	379	671	667
ENSMUSG00000129410	1500	12	17	12	16	17
ENSMUSG00000215419	500	10	13	19	11	9
ENSMUSG00000161938	6550	80	46	26	113	83
ENSMUSG00000155529	35900	432	348	349	471	817
ENSMUSG00000113091	18450	265	428	598	752	528
ENSMUSG00000171165	20850	418	318	245	239	384
ENSMUSG00000161420	84300	1171	1976	1004	1773	2280
ENSMUSG00000150735	32350	522	704	683	387	448
ENSMUSG00000183389	3450	61	29	62	74	83
ENSMUSG00000141778	14050	345	417	644	555	465
ENSMUSG00000132625	2550	49	99	44	98	81
ENSMUSG00000102768	9400	250	277	255	109	306
ENSMUSG00000124748	24050	488	413	718	501	326
ENSMUSG00000216313	3350	98	87	51	66	103
ENSMUSG00000166506	450	11	5	6	5	1
ENSMUSG00000155376	4800	81	84	120	81	80
ENSMUSG00000125622	4350	141	154	69	73	60
ENSMUSG00000190375	4450	99	85	79	73	100
ENSMUSG00000157990	2450	28	54	64	62	56
ENSMUSG00000108055	900	13	13	15	12	6
ENSMUSG00000142079	400	10	5	5	5	6
ENSMUSG00000125431	12500	536	658	394	500	448
ENSMUSG00000150963	28850	633	578	818	466	781
ENSMUSG00000157552	14650	359	338	303	174	241
ENSMUSG00000103845	13000	292	194	155	145	167
ENSMUSG00000105077	235200	6606	6886	4512	6151	4741
ENSMUSG00000195696	28750	411	325	663	324	243
ENSMUSG00000150494	5750	111	149	176	101	85
ENSMUSG00000210080	37500	527	624	980	400	1074
ENSMUSG00000168278	5550	73	130	65	58	62
ENSMUSG00000219416	21200	563	441	563	329	291
ENSMUSG00000164698	11900	158	96	154	348	251
ENSMUSG00000174792	24300	212	220	368	287	298
ENSMUSG00000183554	9900	159	217	159	139	180
ENSMUSG00000170849	2550	41	46	79	49	65
ENSMUSG00000218187	37050	358	1176	391	547	176
ENSMUSG00000196316	69450	1915	1309	1094	1004	1069
ENSMUSG00000189426	1000	35	24	20	25	21
ENSMUSG00000155295	3750	34	45	26	54	58
ENSMUSG00000179175	550	11	10	14	25	17
ENSMUSG00000156425	53650	1023	314	705	945	777
ENSMUSG00000146122	4300	58	58	81	81	94
ENSMUSG00000191331	55100	869	901	926	442	1133
ENSMUSG00000176219	3000	19	15	24	38	38
ENSMUSG00000171897	31850	792	541	1085	394	1141
ENSMUSG00000111204	2750	38	42	72	60	42
ENSMUSG00000123953	3250	34	41	65	62	45
ENSMUSG00000120628	11850	232	289	617	260	432
ENSMUSG00000117239	4350	43	97	77	60	79
ENSMUSG00000111036	1600	39	35	58	83	72
ENSMUSG00000175423	30550	681	394	1036	419	597
ENSMUSG00000135719	3950	145	99	117	165	76
ENSMUSG00000187774	123400	1485	1136	1142	1240	1067
ENSMUSG00000162572	758300	15953	7986	10574	17162	23838
ENSMUSG00000173755	3300	75	61	42	65	41
ENSMUSG00000154881	4050	74	49	54	64	41
ENSMUSG00000185858	200	5	6	5	12	7
ENSMUSG00000135481	800	6	19	4	9	12
ENSMUSG00000124257	36150	368	175	173	187	233
ENSMUSG00000185353	10600	332	165	213	344	180
ENSMUSG00000115265	15800	334	269	241	135	264
ENSMUSG00000202973	20950	350	171	318	329	377
ENSMUSG00000117543	1500	7	19	25	22	20
ENSMUSG00000147429	250	9	6	7	4	4
ENSMUSG00000120873	54100	946	982	706	1675	1445
ENSMUSG00000107275	8700	249	258	110	334	349
ENSMUSG00000180061	57500	1586	561	941	1429	1022
ENSMUSG00000163809	6200	112	125	58	91	104
ENSMUSG00000177368	42300	711	743	447	538	349
ENSMUSG00000137485	3200	54	56	29	46	44
ENSMUSG00000101647	5450	139	156	138	138	242
ENSMUSG00000166539	3900	149	99	177	60	117
ENSMUSG00000197325	8100	317	409	198	348	396
ENSMUSG00000170362	113000	1963	3131	1376	2199	2029
ENSMUSG00000176146	22550	330	835	734	509	415
ENSMUSG00000213584	50	0	0	0	0	1
ENSMUSG00000213860	7000	86	135	181	113	191
ENSMUSG00000117926	4550	205	167	120	172	156
ENSMUSG00000108630	40850	976	841	615	537	772
ENSMUSG00000143989	7050	93	173	273	129	238
ENSMUSG00000101302	2000	27	39	32	23	35
ENSMUSG00000176606	950	17	21	15	31	45
ENSMUSG00000106825	4100	138	119	55	84	104
ENSMUSG00000176940	1250	49	24	37	41	17
ENSMUSG00000166409	123750	2697	2040	3374	1288	1241
ENSMUSG00000134754	22950	461	512	524	532	303
ENSMUSG00000145366	3600	104	254	254	226	198
ENSMUSG00000103495	39000	642	970	1081	942	1046
ENSMUSG00000156354	357750	10456	10896	7944	11335	14087
ENSMUSG00000126176	3350	40	69	77	77	137
ENSMUSG00000213482	19700	245	153	60	128	138
ENSMUSG00000131148	4050	84	41	92	74	93
ENSMUSG00000145601	950	10	9	4	16	17
ENSMUSG00000121720	1150	35	28	37	58	24
ENSMUSG00000194559	600	25	47	25	19	19
ENSMUSG00000211003	20500	310	296	578	310	321
ENSMUSG00000170196	17250	350	331	137	479	585
ENSMUSG00000144838	28150	910	407	764	1089	807
ENSMUSG00000131854	1650	33	38	10	26	41
ENSMUSG00000201143	49700	1276	1313	656	2042	862
ENSMUSG00000124013	1200	30	19	13	34	20
ENSMUSG00000211204	12300	224	122	197	103	69
ENSMUSG00000153940	101800	2294	1065	1912	1285	2372
ENSMUSG00000166125	59400	1924	957	1382	1810	1842
ENSMUSG00000113452	123700	1838	2608	1727	1358	1058
ENSMUSG00000107035	236950	7122	9893	8536	10807	8886
ENSMUSG00000150936	66000	900	1279	1373	810	1526
ENSMUSG00000166075	5600	105	81	74	62	40
ENSMUSG00000207310	4100	95	115	82	66	151
ENSMUSG00000112241	1050	22	48	17	21	26
ENSMUSG00000169336	9750	192	250	163	341	198
ENSMUSG00000110674	3650	40	89	51	39	20
ENSMUSG00000125936	900	33	50	39	46	31
ENSMUSG00000215293	3400	53	27	24	17	25
ENSMUSG00000109810	200	11	1	6	6	4
ENSMUSG00000159712	774050	20668	11185	15884	21677	18462
ENSMUSG00000217357	128500	1383	1471	1137	749	875
ENSMUSG00000121864	200	1	3	4	1	2
ENSMUSG00000111998	11100	243	387	410	512	389
ENSMUSG00000195987	2150	53	43	59	27	44
ENSMUSG00000131002	100	2	2	3	2	3
ENSMUSG00000111453	4750	80	111	66	130	75
ENSMUSG00000205594	10550	152	324	223	87	210
ENSMUSG00000215494	29350	258	276	574	624	342
ENSMUSG00000210295	57300	754	1055	795	1533	1061
ENSMUSG00000101438	1050	19	23	24	43	26
ENSMUSG00000135436	18350	278	364	97	153	90
ENSMUSG00000132343	50150	1342	1016	308	342	546
ENSMUSG00000212895	63200	933	940	367	478	353
ENSMUSG00000105669	12350	492	331	455	277	101
ENSMUSG00000163727	19050	91	115	200	193	160
ENSMUSG00000104877	110000	3263	5084	1696	1904	1388
ENSMUSG00000134709	350	15	14	10	23	14
ENSMUSG00000179544	450	15	12	12	3	13
ENSMUSG00000101094	442950	1937	3964	2343	2388	7565
ENSMUSG00000206208	7900	791	191	393	160	600
ENSMUSG00000123768	63750	1012	1548	1258	2761	1435
ENSMUSG00000177861	14150	169	245	164	106	346
ENSMUSG00000158337	3350	58	43	71	67	55
ENSMUSG00000108288	3500	36	75	83	46	52
ENSMUSG00000127899	5600	174	148	164	125	226
ENSMUSG00000137151	3050	52	56	54	68	55
ENSMUSG00000194299	7350	112	130	85	150	148
ENSMUSG00000112904	13550	139	119	60	83	281
ENSMUSG00000187423	45300	510	823	705	404	1034
ENSMUSG00000204987	30950	558	1145	861	746	770
ENSMUSG00000173479	212400	2790	5550	4809	4753	4471
ENSMUSG00000154380	3200	28	48	39	41	25
ENSMUSG00000219628	8650	123	126	213	111	103
ENSMUSG00000177610	69000	1723	1095	2086	1418	1357
ENSMUSG00000183391	16400	267	395	229	393	412
ENSMUSG00000121676	0	1	2	3	2	0
ENSMUSG00000116732	8100	252	479	340	272	514
ENSMUSG00000213790	8900	221	150	84	166	165
ENSMUSG00000179283	2350	53	37	85	29	102
ENSMUSG00000168345	2900	44	130	90	97	43
ENSMUSG00000139228	2050	40	76	42	38	28
ENSMUSG00000167686	54200	2235	2568	1325	861	2131
ENSMUSG00000116050	16500	366	523	487	360	786
ENSMUSG00000217046	19300	244	374	219	336	350
ENSMUSG00000201239	79400	1651	1379	1284	1318	1464
ENSMUSG00000188330	63550	1726	635	979	1010	921
ENSMUSG00000136694	3350	40	43	23	14	36
ENSMUSG00000120017	1250	13	14	29	25	16
ENSMUSG00000211366	1150	21	34	41	31	39
ENSMUSG00000111084	39600	710	882	725	631	1023
ENSMUSG00000166037	7650	122	192	167	209	119
ENSMUSG00000138727	67550	2184	1554	2499	1913	2617
ENSMUSG00000194887	25200	543	652	527	563	587
ENSMUSG00000117751	6850	138	115	128	139	103
ENSMUSG00000150327	500	19	14	16	10	19
ENSMUSG00000137833	7000	89	51	108	205	120
ENSMUSG00000148079	1573400	29703	28456	16018	10820	11740
ENSMUSG00000173051	7550	73	92	32	30	46
ENSMUSG00000132699	1900	62	25	40	12	10
ENSMUSG00000179686	8550	114	151	84	167	70
ENSMUSG00000171520	281150	5837	9409	4588	3718	1380
ENSMUSG00000192522	7900	193	262	170	203	140
ENSMUSG00000140079	1050	20	24	40	34	19
ENSMUSG00000113402	1900	33	29	36	81	37
ENSMUSG00000115768	3500	162	88	118	190	86
ENSMUSG00000170108	21150	135	175	217	165	191
ENSMUSG00000167281	58350	1734	1567	2167	1091	1309
ENSMUSG00000104146	1683900	38476	15134	17115	39930	30242
ENSMUSG00000213027	151000	3805	2745	3907	2332	3516
ENSMUSG00000159821	28650	646	534	500	1341	609
ENSMUSG00000113472	8100	233	150	146	186	120
ENSMUSG00000170312	2200	40	30	65	52	44
ENSMUSG00000115962	16000	561	421	688	519	693
ENSMUSG00000124429	108950	2111	2562	3812	2060	2276
ENSMUSG00000126082	33400	872	984	556	697	809
ENSMUSG00000115929	8100	133	172	103	120	60
ENSMUSG00000156060	27850	508	949	690	701	480
ENSMUSG00000115254	2700	95	104	63	125	152
ENSMUSG00000189134	8250	280	284	153	141	111
ENSMUSG00000180961	9800	99	93	95	117	190
ENSMUSG00000144746	5550	184	186	221	170	191
ENSMUSG00000157459	9550	184	129	150	151	114
ENSMUSG00000216100	73850	1555	1218	1327	989	1143
ENSMUSG00000127990	10650	140	177	223	154	253
ENSMUSG00000179668	5400	149	83	182	90	107
ENSMUSG00000130738	53850	1328	1377	1643	1576	1710
ENSMUSG00000141369	40000	709	573	974	592	668
ENSMUSG00000176717	53100	1939	1683	1256	1179	1667
ENSMUSG00000219301	1650	51	23	20	33	25
ENSMUSG00000185497	195350	2323	1951	2337	2622	1787
ENSMUSG00000183031	6300	212	243	128	159	183
ENSMUSG00000204553	850	25	23	18	11	10
ENSMUSG00000116213	6500	168	151	228	99	250
ENSMUSG00000169106	1000	12	10	14	26	32
ENSMUSG00000163435	1350	19	47	15	27	12
ENSMUSG00000126569	5850	53	113	54	159	49
ENSMUSG00000213779	51950	1262	541	1062	1305	984
ENSMUSG00000212246	950	9	15	8	13	13
ENSMUSG00000201955	23700	349	334	120	376	276
ENSMUSG00000119021	4050	93	73	60	99	80
ENSMUSG00000207588	209500	4722	4839	5417	3316	3429
ENSMUSG00000120874	24350	206	314	178	203	219
ENSMUSG00000202546	26000	585	404	498	345	1114
ENSMUSG00000160442	150750	1635	2677	3434	3485	2158
ENSMUSG00000111794	900	22	16	24	10	19
ENSMUSG00000180602	4700	68	86	104	76	106
ENSMUSG00000156883	250	16	4	9	8	5
ENSMUSG00000115988	1450	21	51	31	32	29
ENSMUSG00000129569	8000	267	244	226	416	320
ENSMUSG00000121750	5800	198	292	95	116	71
ENSMUSG00000116638	16800	551	456	201	610	450
ENSMUSG00000143843	3750	79	101	68	69	72
ENSMUSG00000119100	3150	39	82	33	30	52
ENSMUSG00000201504	5650	74	79	76	194	200
ENSMUSG00000211326	2100	28	15	41	19	25
ENSMUSG00000127896	1550	21	15	12	21	22
ENSMUSG00000166154	150	9	7	7	5	7
ENSMUSG00000162463	3600	104	92	151	144	84
ENSMUSG00000119877	13500	434	543	149	314	243
ENSMUSG00000159582	500	9	20	11	16	18
ENSMUSG00000194077	1850	65	80	96	52	49
ENSMUSG00000122036	50	3	3	1	0	3
ENSMUSG00000172730	700	19	20	17	14	14
ENSMUSG00000190615	7150	174	234	188	251	171
ENSMUSG00000142348	650	17	12	18	8	8
ENSMUSG00000120056	23900	510	467	668	479	164
ENSMUSG00000141154	2950	76	59	31	62	77
ENSMUSG00000195170	14650	286	266	329	97	238
ENSMUSG00000188107	3150	44	57	47	73	24
ENSMUSG00000137983	400	9	11	5	8	22
ENSMUSG00000122665	11950	113	80	148	155	200
ENSMUSG00000169663	22800	367	439	382	401	416
ENSMUSG00000142231	2250	50	42	35	53	51
ENSMUSG00000178231	4650	123	135	248	203	361
ENSMUSG00000194651	2900	34	27	47	27	14
ENSMUSG00000130147	1800	28	65	71	106	49
ENSMUSG00000187298	162250	3586	2403	1686	1741	1161
ENSMUSG00000117175	8250	30	122	126	100	197
ENSMUSG00000108298	2700	55	36	18	28	27
ENSMUSG00000110137	18800	347	272	522	320	365
ENSMUSG00000209554	5550	225	74	156	137	163
ENSMUSG00000169047	2150	37	70	59	21	35
ENSMUSG00000163465	29050	709	536	979	644	495
ENSMUSG00000153987	150	3	0	4	2	1
ENSMUSG00000133202	21400	367	435	605	419	359
ENSMUSG00000113368	278950	5081	6564	6888	8580	6334
ENSMUSG00000108458	23650	344	535	171	473	236
ENSMUSG00000168394	400	2	2	1	8	4
ENSMUSG00000153066	119450	3215	5061	2143	1483	1594
ENSMUSG00000201418	709500	11525	23474	18788	24514	21292
ENSMUSG00000110283	17050	405	211	355	318	382
ENSMUSG00000195248	750	7	16	10	17	14
ENSMUSG00000188403	3350	39	54	48	23	41
ENSMUSG00000120060	6600	85	57	119	65	45
ENSMUSG00000176993	7600	89	258	150	199	334
ENSMUSG00000162657	92100	1020	687	1777	1236	1298
ENSMUSG00000215986	20200	555	447	470	682	521
ENSMUSG00000216779	100	1	0	3	6	5
ENSMUSG00000173421	4600	65	116	122	33	57
ENSMUSG00000118155	7050	103	137	167	64	162
ENSMUSG00000172284	157300	5002	8257	4591	5455	4198
ENSMUSG00000160221	1450	58	52	43	57	89
ENSMUSG00000198041	450	6	15	8	12	9
ENSMUSG00000158288	7450	60	74	88	55	18
ENSMUSG00000108927	16350	154	217	139	203	176
ENSMUSG00000165928	0	3	5	3	2	2
ENSMUSG00000153250	61250	1296	866	1266	1450	1913
ENSMUSG00000122965	3600	112	141	109	200	80
ENSMUSG00000179726	45300	1726	1873	694	582	494
ENSMUSG00000167634	34050	466	369	375	623	261
ENSMUSG00000206866	28350	458	386	173	602	318
ENSMUSG00000184260	79150	857	1788	1698	1894	2716
ENSMUSG00000149942	181900	4023	2073	3228	2769	4136
ENSMUSG00000123878	4000	36	75	50	45	76
ENSMUSG00000204221	16100	251	301	75	61	94
ENSMUSG00000181258	43950	1474	379	887	1269	1236
ENSMUSG00000186738	29500	389	641	266	239	190
ENSMUSG00000151334	1950	46	31	39	33	85
ENSMUSG00000126910	21500	289	304	143	183	191
ENSMUSG00000100792	1450	31	23	23	35	34
ENSMUSG00000157272	4100	45	66	102	73	53
ENSMUSG00000168284	100	1	0	0	0	1
ENSMUSG00000182079	9600	262	132	134	164	146
ENSMUSG00000168649	323100	4422	3186	5491	3790	6216
ENSMUSG00000121154	26900	431	528	542	423	438
ENSMUSG00000159045	37000	603	728	481	422	737
ENSMUSG00000132491	20500	260	362	252	145	150
ENSMUSG00000186606	1650	42	29	18	29	21
ENSMUSG00000200075	14700	222	281	478	492	487
ENSMUSG00000199687	7600	202	113	151	193	151
ENSMUSG00000201577	7050	176	118	109	65	103
ENSMUSG00000140127	31700	758	227	255	378	199
ENSMUSG00000183951	3350	66	100	64	55	85
ENSMUSG00000157276	7900	150	194	207	133	249
ENSMUSG00000130055	24400	533	339	425	458	488
ENSMUSG00000178658	30300	820	956	910	952	1064
ENSMUSG00000174520	7150	240	157	176	241	103
ENSMUSG00000193643	38800	732	349	687	562	779
ENSMUSG00000141998	9650	190	167	223	275	133
ENSMUSG00000147948	0	1	1	1	3	1
ENSMUSG00000168130	50	7	2	2	3	6
ENSMUSG00000150251	6450	62	144	66	82	89
ENSMUSG00000129154	2350	48	34	25	34	9
ENSMUSG00000185397	23350	553	157	572	261	621
ENSMUSG00000193871	950	2	3	17	10	9
ENSMUSG00000178696	4050	63	32	95	66	56
ENSMUSG00000130333	1750	53	52	75	45	45
ENSMUSG00000175220	1350	41	44	36	45	34
ENSMUSG00000129114	3200	25	50	28	55	55
ENSMUSG00000196442	6750	132	157	119	114	84
ENSMUSG00000218135	6450	178	185	190	226	166
ENSMUSG00000218893	2000	74	43	58	63	55
ENSMUSG00000218378	21500	143	230	182	245	196
ENSMUSG00000177335	17800	611	573	532	576	441
ENSMUSG00000162436	3900	91	183	78	108	48
ENSMUSG00000197064	2500	42	44	39	41	69
ENSMUSG00000212997	2500	33	52	36	36	29
ENSMUSG00000126787	3400	101	76	80	13	53
ENSMUSG00000119894	3650	33	43	55	38	35
ENSMUSG00000135889	5050	239	185	173	134	169
ENSMUSG00000152475	1501900	44062	30288	39218	22855	14860
ENSMUSG00000137984	66100	783	863	1279	1202	1338
ENSMUSG00000101609	7850	107	206	141	158	301
ENSMUSG00000118535	46200	848	493	497	770	458
ENSMUSG00000178703	40500	867	385	393	471	890
ENSMUSG00000148047	132700	1899	1318	2905	2014	2219
ENSMUSG00000100817	70900	2415	2691	2656	975	2019
ENSMUSG00000148285	700	11	22	12	20	16
ENSMUSG00000158318	700150	16118	11064	7782	6694	9498
ENSMUSG00000173196	1100	35	19	19	19	31
ENSMUSG00000217326	16350	365	423	238	194	113
ENSMUSG00000179135	2000	18	38	20	34	35
ENSMUSG00000127739	400	7	3	2	3	3
ENSMUSG00000102252	350	5	5	3	4	6
ENSMUSG00000156948	524500	11794	12552	10256	7421	4547
ENSMUSG00000111152	148100	2826	1792	3252	2126	3298
ENSMUSG00000101003	1050	27	16	18	41	14
ENSMUSG00000163976	550	9	17	22	24	16
ENSMUSG00000127489	103150	1564	1493	2753	2796	2390
ENSMUSG00000131899	1600	16	18	24	29	32
ENSMUSG00000190260	12350	306	445	186	356	453
ENSMUSG00000130258	657900	8245	4867	7384	7319	7356
ENSMUSG00000207908	52100	1086	745	545	810	668
ENSMUSG00000117938	170950	4276	3025	2744	1956	2319
ENSMUSG00000153327	8100	335	147	168	358	280
ENSMUSG00000178434	300	8	3	6	3	8
ENSMUSG00000150950	1650	24	30	32	48	15
ENSMUSG00000211031	250	9	3	4	4	8
ENSMUSG00000106856	20450	384	354	317	319	191
ENSMUSG00000117158	700	12	13	3	22	24
ENSMUSG00000104698	9850	151	154	247	396	220
ENSMUSG00000204640	3150	58	42	49	60	56
ENSMUSG00000153736	1400	63	52	46	47	19
ENSMUSG00000146545	17700	641	449	409	502	306
ENSMUSG00000219131	3850	54	60	76	53	34
ENSMUSG00000191675	2300	43	21	35	31	24
ENSMUSG00000167114	95150	903	1585	1010	735	553
ENSMUSG00000148981	6200	121	164	253	178	230
ENSMUSG00000161767	250	6	22	8	10	5
ENSMUSG00000110626	62450	1040	771	1221	2567	1339
ENSMUSG00000143969	300	18	13	8	7	12
ENSMUSG00000172980	12550	195	375	239	177	245
ENSMUSG00000123253	22100	519	457	355	371	400
ENSMUSG00000189523	3600	68	41	69	54	42
ENSMUSG00000214830	750	50	29	23	19	23
ENSMUSG00000168989	3950	159	184	101	124	67
ENSMUSG00000217608	2200	59	31	77	135	68
ENSMUSG00000199870	800	16	22	19	10	22
ENSMUSG00000131774	38150	458	969	1008	1043	715
ENSMUSG00000110211	2750	64	84	26	38	51
ENSMUSG00000195682	1600	44	28	44	17	39
ENSMUSG00000166245	218000	3595	5558	1800	1526	4107
ENSMUSG00000142505	2050	30	40	50	53	51
ENSMUSG00000100000	1200	11	13	8	11	10
ENSMUSG00000192060	4800	131	178	148	113	74
ENSMUSG00000203496	8700	172	156	132	186	167
ENSMUSG00000133302	8500	168	79	151	117	206
ENSMUSG00000167478	524800	11598	6999	12064	6129	10586
ENSMUSG00000128512	2300	55	39	57	59	27
ENSMUSG00000102135	145850	2830	1278	2208	3387	3854
ENSMUSG00000164092	48450	1131	708	1090	446	889
ENSMUSG00000184725	117800	2199	1218	3133	2999	3378
ENSMUSG00000136565	8600	252	72	51	83	165
ENSMUSG00000214152	6200	89	107	57	96	34
ENSMUSG00000184692	5850	138	53	100	151	119
ENSMUSG00000192929	14900	183	234	266	336	165
ENSMUSG00000117720	35900	1489	1248	800	809	1091
ENSMUSG00000185001	253850	3720	3044	3192	6010	3217
ENSMUSG00000153050	100	5	3	9	3	5
ENSMUSG00000212519	47700	996	634	1462	1012	2491
ENSMUSG00000163269	17750	661	808	265	589	361
ENSMUSG00000213320	12650	127	178	171	242	280
ENSMUSG00000168699	600	22	21	24	38	13
ENSMUSG00000161852	11800	303	318	258	395	381
ENSMUSG00000198083	100	11	6	3	4	4
ENSMUSG00000171769	94300	1643	2813	1728	1739	1268
ENSMUSG00000186179	1850	19	32	26	41	29
ENSMUSG00000108379	9300	141	201	164	83	105
ENSMUSG00000123561	7200	117	177	88	188	80
ENSMUSG00000146061	37150	333	627	505	392	472
ENSMUSG00000112400	600	20	14	14	9	5
ENSMUSG00000159998	31500	1103	829	941	843	791
ENSMUSG00000141217	23200	402	345	233	466	441
ENSMUSG00000182844	160400	2765	3647	4941	5277	2137
ENSMUSG00000203733	21500	452	333	168	226	276
ENSMUSG00000141301	5900	103	144	97	137	130
ENSMUSG00000121110	50	5	1	4	4	7
ENSMUSG00000166677	3850	107	71	84	101	143
ENSMUSG00000215002	201500	5849	4247	4725	6650	3664
ENSMUSG00000189240	2000	90	55	79	82	99
ENSMUSG00000174669	2400	52	58	54	69	99
ENSMUSG00000107237	5700	59	72	161	147	129
ENSMUSG00000211170	25150	1054	906	516	807	1026
ENSMUSG00000158195	200	4	3	4	6	10
ENSMUSG00000118321	476600	8967	4553	4321	5765	3711
ENSMUSG00000114885	17250	593	205	373	481	695
ENSMUSG00000204995	58400	735	862	613	241	1366
ENSMUSG00000182323	5200	148	79	112	132	113
ENSMUSG00000197501	184950	6797	6008	6067	14702	8509
ENSMUSG00000132131	2100	57	40	75	55	67
ENSMUSG00000215944	59650	1060	982	831	1043	1102
ENSMUSG00000209165	10000	255	175	174	227	148
ENSMUSG00000210457	750	15	21	6	33	4
ENSMUSG00000138609	6900	109	134	193	103	130
ENSMUSG00000172787	84200	1443	1015	671	641	612
ENSMUSG00000146671	3400	75	64	74	56	62
ENSMUSG00000186431	1850	43	54	39	118	48
ENSMUSG00000160661	6650	175	106	116	94	278
ENSMUSG00000163635	1100	32	25	38	39	34
ENSMUSG00000102355	1450	18	13	11	10	22
ENSMUSG00000219607	14950	112	221	249	105	151
ENSMUSG00000139198	1400	27	8	22	28	10
ENSMUSG00000182211	18700	527	786	623	450	522
ENSMUSG00000198522	22550	346	968	583	874	634
ENSMUSG00000179614	112300	1978	2968	2055	3570	3152
ENSMUSG00000192264	67250	1091	628	910	662	661
ENSMUSG00000126874	5350	129	83	92	75	89
ENSMUSG00000182214	27300	226	466	574	389	448
ENSMUSG00000150904	550	17	24	19	10	15
ENSMUSG00000205456	15200	340	272	318	410	458
ENSMUSG00000115863	4450	102	69	72	53	40
ENSMUSG00000188361	100700	4545	721	3200	1448	1945
ENSMUSG00000122511	4000	95	124	32	43	38
ENSMUSG00000191277	9150	176	266	252	387	188
ENSMUSG00000213282	2750	27	25	48	19	44
ENSMUSG00000148610	32950	756	425	516	619	460
ENSMUSG00000203777	44600	387	761	502	409	633
ENSMUSG00000113176	700	42	38	31	18	15
ENSMUSG00000215042	291850	9645	9846	13377	6568	8285
ENSMUSG00000212134	30250	434	323	608	493	418
ENSMUSG00000186526	300	10	8	6	8	18
ENSMUSG00000176941	1000	43	21	52	41	15
ENSMUSG00000105924	200	5	7	4	1	3
ENSMUSG00000129946	100	2	6	2	2	3
ENSMUSG00000112549	5600	98	75	116	115	91
ENSMUSG00000164547	250	1	1	0	4	3
ENSMUSG00000192417	7350	547	459	253	216	324
ENSMUSG00000199601	400	4	5	4	8	9
ENSMUSG00000188202	2650	71	98	56	104	88
ENSMUSG00000195920	253050	6259	2443	3549	3794	3812
ENSMUSG00000135747	2850	81	78	118	90	99
ENSMUSG00000209030	7800	264	146	119	263	120
ENSMUSG00000188918	48650	1456	1990	1439	2119	1524
ENSMUSG00000193128	3750	77	85	75	145	89
ENSMUSG00000196714	13000	284	728	452	543	417
ENSMUSG00000216835	1800	55	18	18	20	33
ENSMUSG00000217726	6250	39	80	66	94	101
ENSMUSG00000183974	11600	233	211	198	179	205
ENSMUSG00000129836	8150	104	140	170	157	186
ENSMUSG00000133761	2200	61	20	17	58	21
ENSMUSG00000147248	7600	254	138	203	194	327
ENSMUSG00000109079	20950	620	759	1081	499	218
ENSMUSG00000107783	35250	259	519	460	356	297
ENSMUSG00000168337	9850	136	100	161	213	156
ENSMUSG00000168829	1400	18	28	30	14	16
ENSMUSG00000166675	13750	441	562	535	574	636
ENSMUSG00000217634	47100	698	669	872	1147	1069
ENSMUSG00000210923	650	25	22	12	22	30
ENSMUSG00000102885	0	0	4	5	2	2
ENSMUSG00000135805	4450	128	66	163	98	88
ENSMUSG00000115948	51450	1578	1491	689	2091	834
ENSMUSG00000114257	30550	776	824	676	790	1063
ENSMUSG00000200322	300	16	13	12	12	9
ENSMUSG00000185335	221250	1924	1994	2920	2203	4517
ENSMUSG00000201114	4400	58	63	23	19	23
ENSMUSG00000187916	57650	860	1066	853	563	604
ENSMUSG00000151166	2400	65	116	45	44	65
ENSMUSG00000195275	33850	508	1451	988	658	654
ENSMUSG00000135673	19150	364	700	228	360	541
ENSMUSG00000153120	12650	154	152	44	88	81
ENSMUSG00000142843	18100	659	606	872	740	476
ENSMUSG00000143341	3000	56	10	36	36	45
ENSMUSG00000210715	3800	81	88	73	59	80
ENSMUSG00000201265	7800	138	165	76	97	83
ENSMUSG00000126959	750	17	46	56	15	9
ENSMUSG00000206540	81850	1349	1458	882	811	761
ENSMUSG00000163251	23050	1244	651	1170	1124	387
ENSMUSG00000167379	7350	198	138	103	71	123
ENSMUSG00000126087	950	18	10	8	19	22
ENSMUSG00000208111	8300	426	291	438	451	378
ENSMUSG00000151740	9400	355	120	175	177	299
ENSMUSG00000215698	19700	500	343	534	498	392
ENSMUSG00000104889	2150	197	78	60	191	140
ENSMUSG00000143535	6750	122	92	103	73	78
ENSMUSG00000172159	126400	2983	3410	1323	1201	2182
ENSMUSG00000198614	3000	51	44	26	59	37
ENSMUSG00000144077	13950	219	272	120	81	103
ENSMUSG00000123627	150	11	6	2	2	2
ENSMUSG00000101770	2450	61	45	48	63	42
ENSMUSG00000212096	2200	50	101	46	31	31
ENSMUSG00000178916	5500	49	49	53	57	50
ENSMUSG00000167851	25650	453	396	490	317	568
ENSMUSG00000160405	3850	41	58	51	29	69
ENSMUSG00000141370	14350	511	350	325	414	370
ENSMUSG00000176233	2950	65	50	62	57	60
ENSMUSG00000125816	3450	57	85	80	70	66
ENSMUSG00000182210	200	2	8	5	1	4
ENSMUSG00000137511	24950	211	336	268	247	340
ENSMUSG00000206817	23150	430	301	669	1029	723
ENSMUSG00000164674	950	32	17	17	31	24
ENSMUSG00000210662	1650	32	33	40	76	58
ENSMUSG00000122554	0	2	2	2	3	3
ENSMUSG00000156269	9800	76	145	71	79	62
ENSMUSG00000197729	750	16	20	10	19	18
ENSMUSG00000166652	15100	210	246	160	286	196
ENSMUSG00000101730	3450	135	90	93	49	73
ENSMUSG00000196350	22550	392	273	528	299	479
ENSMUSG00000116492	2900	43	49	15	17	21
ENSMUSG00000156664	550	2	2	8	8	8
ENSMUSG00000210161	8600	84	200	96	132	89
ENSMUSG00000119009	1650	30	16	54	37	22
ENSMUSG00000186144	189800	5235	4340	3254	3168	4477
ENSMUSG00000106677	8400	232	188	172	242	272
ENSMUSG00000162327	97800	1262	2043	1104	1369	2211
ENSMUSG00000207570	16300	348	327	408	254	373
ENSMUSG00000126857	4850	56	68	53	67	54
ENSMUSG00000139835	150	1	5	5	3	13
ENSMUSG00000177849	3700	78	91	75	72	34
ENSMUSG00000156125	27800	332	247	333	416	301
ENSMUSG00000103907	11550	117	104	132	56	262
ENSMUSG00000119259	6300	284	178	162	323	281
ENSMUSG00000181099	15150	274	118	198	178	392
ENSMUSG00000135651	150	8	16	11	9	8
ENSMUSG00000160762	10650	341	339	181	273	227
ENSMUSG00000148461	1650	70	33	25	22	10
ENSMUSG00000119737	3600	165	161	116	89	86
ENSMUSG00000126754	81250	1745	2279	1985	2446	1554
ENSMUSG00000140262	150	7	6	9	2	3
ENSMUSG00000127849	4700	128	64	83	46	134
ENSMUSG00000101839	14650	454	386	218	270	258
ENSMUSG00000152296	40350	1264	1241	917	1167	1423
ENSMUSG00000120782	7100	92	229	173	118	185
ENSMUSG00000122943	1250	32	19	38	10	19
ENSMUSG00000166862	18750	359	273	761	671	380
ENSMUSG00000197053	19400	313	423	334	630	454
ENSMUSG00000115967	300	8	7	6	2	4
ENSMUSG00000217151	9000	113	106	91	199	150
ENSMUSG00000182565	300	4	3	3	4	4
ENSMUSG00000103808	0	1	0	0	1	0
ENSMUSG00000114215	950	9	17	15	38	13
ENSMUSG00000175258	350	25	10	13	20	24
ENSMUSG00000219793	100	1	0	0	3	1
ENSMUSG00000208246	493000	7446	4321	2597	3293	3603
ENSMUSG00000163235	900	20	25	6	4	11
ENSMUSG00000144334	8300	367	325	390	334	247
ENSMUSG00000128640	21200	380	521	342	589	612
ENSMUSG00000153030	341750	13188	9615	12113	8784	11709
ENSMUSG00000203609	2400	74	54	48	50	92
ENSMUSG00000157032	253600	3485	4095	3232	3512	5087
ENSMUSG00000104943	300	9	13	14	22	13
ENSMUSG00000101694	11200	438	234	140	126	98
ENSMUSG00000204720	4200	56	63	71	56	53
ENSMUSG00000216521	1950	19	23	19	14	37
ENSMUSG00000119686	18750	414	310	436	313	289
ENSMUSG00000164733	215950	6705	2717	3732	7111	6322
ENSMUSG00000141961	546750	12637	7292	12094	19506	10323
ENSMUSG00000213987	43000	919	1295	782	320	276
ENSMUSG00000173203	650	13	14	18	19	19
ENSMUSG00000114017	1050	29	14	23	29	22
ENSMUSG00000185536	48750	359	473	486	467	149
ENSMUSG00000192767	9750	379	421	210	243	222
ENSMUSG00000116392	13850	386	639	425	337	489
ENSMUSG00000154907	3650	70	70	62	87	49
ENSMUSG00000193841	1400	48	15	12	16	41
ENSMUSG00000154904	22750	367	286	532	454	273
ENSMUSG00000186081	6300	164	169	85	175	122
ENSMUSG00000177214	138650	2189	2224	2131	2634	3019
ENSMUSG00000172315	2000	97	65	22	38	69
ENSMUSG00000186298	37850	831	722	877	576	1407
ENSMUSG00000120198	131650	2250	3242	1854	3211	2633
ENSMUSG00000209114	433550	4761	7793	10082	8372	9445
ENSMUSG00000186212	506150	10165	7802	7510	10192	14323
ENSMUSG00000156504	900	8	23	19	16	27
ENSMUSG00000103096	850	28	31	9	18	12
ENSMUSG00000156944	10050	159	189	76	255	208
ENSMUSG00000163786	2650	27	24	48	41	32
ENSMUSG00000208244	50	2	0	3	1	2
ENSMUSG00000189748	182800	2159	1751	1646	1404	1739
ENSMUSG00000209007	20600	216	413	144	393	797
ENSMUSG00000214370	32150	1218	932	1471	760	903
ENSMUSG00000117136	23600	247	178	214	195	155
ENSMUSG00000124964	84250	1212	1120	737	1447	1146
ENSMUSG00000125547	10550	241	194	217	274	350
ENSMUSG00000109434	7900	192	178	173	122	224
ENSMUSG00000172969	393250	7837	4134	5338	6860	7168
ENSMUSG00000111012	800	16	23	13	11	13
ENSMUSG00000112060	41550	812	795	578	616	337
ENSMUSG00000163209	350	6	2	6	4	3
ENSMUSG00000133470	125850	3304	2579	5973	3077	2859
ENSMUSG00000137546	3950	139	144	83	88	103
ENSMUSG00000154114	500	22	22	17	16	15
ENSMUSG00000114399	450	10	13	4	7	3
ENSMUSG00000168392	5150	108	63	185	109	60
ENSMUSG00000211288	389300	10068	5013	12851	8565	5376
ENSMUSG00000206459	55100	713	630	543	358	558
ENSMUSG00000145296	350	7	4	6	4	12
ENSMUSG00000135148	250	4	4	1	0	7
ENSMUSG00000157610	2016900	63907	39354	19912	52037	44409
ENSMUSG00000189983	3050	19	47	34	71	48
ENSMUSG00000181239	500	10	10	10	15	10
ENSMUSG00000191532	6000	416	126	300	170	368
ENSMUSG00000164475	30650	532	383	409	480	339
ENSMUSG00000168943	115400	3256	3674	5238	3589	3887
ENSMUSG00000128270	8250	149	128	107	56	71
ENSMUSG00000164401	1250	33	38	36	41	33
ENSMUSG00000198536	35800	639	529	923	169	688
ENSMUSG00000133480	1200	18	31	24	32	39
ENSMUSG00000115778	13950	215	481	198	393	354
ENSMUSG00000216615	13200	229	120	183	162	172
ENSMUSG00000130592	42200	646	641	1066	876	1561
ENSMUSG00000154540	700	25	31	30	39	38
ENSMUSG00000159939	1250	22	38	48	66	49
ENSMUSG00000145667	10400	437	142	317	240	313
ENSMUSG00000160742	20450	345	325	604	473	538
ENSMUSG00000144481	300	13	6	4	8	6
ENSMUSG00000197753	1000	27	41	21	38	35
ENSMUSG00000140237	6750	136	170	232	146	130
ENSMUSG00000131704	3400	61	49	103	39	96
ENSMUSG00000180492	917000	9871	10578	17317	13179	11520
ENSMUSG00000205745	33250	747	384	749	375	437
ENSMUSG00000151125	117500	2219	1904	2264	2415	1604
ENSMUSG00000102705	6250	90	100	162	163	109
ENSMUSG00000114468	10900	176	116	200	121	138
ENSMUSG00000209415	20300	176	420	209	209	134
ENSMUSG00000136172	82750	938	1130	624	1974	2443
ENSMUSG00000123356	2800	67	28	81	94	143
ENSMUSG00000219741	124350	3103	2561	3425	3553	3445
ENSMUSG00000200204	1500	28	36	25	39	66
ENSMUSG00000182168	58750	1075	1006	685	1151	998
ENSMUSG00000153545	11900	352	202	435	195	232
ENSMUSG00000180370	2900	92	125	158	70	34
ENSMUSG00000181085	204600	3022	2408	4552	3255	3626
ENSMUSG00000218845	56550	1371	917	997	1216	745
ENSMUSG00000102136	4800	82	107	129	89	108
ENSMUSG00000100754	1500	13	29	30	29	38
ENSMUSG00000114378	63250	415	608	1317	573	1077
ENSMUSG00000139503	750	32	16	14	13	33
ENSMUSG00000201627	14400	416	318	209	419	292
ENSMUSG00000122042	1100	13	32	15	22	29
ENSMUSG00000163707	7800	224	207	177	96	91
ENSMUSG00000104531	1600	19	18	20	26	8
ENSMUSG00000127742	4400	80	121	140	96	129
ENSMUSG00000183852	176500	2940	5382	5975	3934	3794
ENSMUSG00000214230	295900	3071	4868	5178	3773	2874
ENSMUSG00000198887	3400	129	120	51	56	59
ENSMUSG00000126967	4100	113	56	49	78	61
ENSMUSG00000169660	250	7	16	4	5	3
ENSMUSG00000171719	24300	144	236	257	175	205
ENSMUSG00000142322	118250	3851	3019	1210	1072	899
ENSMUSG00000194748	1150	19	35	13	14	34
ENSMUSG00000173754	2300	27	53	23	18	13
ENSMUSG00000140471	9100	290	256	203	267	175
ENSMUSG00000218102	3700	154	118	25	43	36
ENSMUSG00000191103	15000	254	200	132	243	107
ENSMUSG00000194991	185200	3786	2747	2529	2235	4157
ENSMUSG00000162416	11950	367	380	288	528	494
ENSMUSG00000149012	23400	345	741	564	598	529
ENSMUSG00000108553	299900	7510	11637	6720	5496	7434
ENSMUSG00000158193	36950	544	434	351	241	189
ENSMUSG00000164678	28550	677	786	461	344	562
ENSMUSG00000204074	6650	183	225	160	248	160
ENSMUSG00000119129	1650	35	21	44	27	28
ENSMUSG00000164960	76500	3252	3652	3386	2645	4204
ENSMUSG00000128032	500	9	11	7	9	4
ENSMUSG00000121419	8100	158	103	104	120	167
ENSMUSG00000157449	1100	30	21	12	10	9
ENSMUSG00000112455	3500	43	81	25	23	25
ENSMUSG00000205661	600	13	14	8	4	8
ENSMUSG00000150052	4650	59	198	64	79	132
ENSMUSG00000163750	22700	361	272	660	373	586
ENSMUSG00000205856	157900	2485	2839	1136	2150	2914
ENSMUSG00000148492	100	5	2	2	4	0
ENSMUSG00000127686	9950	274	140	90	135	108
ENSMUSG00000182623	2200	62	94	56	77	44
ENSMUSG00000162928	2350	48	33	55	67	39
ENSMUSG00000137265	5300	111	62	55	80	111
ENSMUSG00000190833	19550	353	403	175	141	164
ENSMUSG00000117865	4900	105	127	139	103	147
ENSMUSG00000103872	7350	46	206	106	324	133
ENSMUSG00000113798	615500	12671	16420	14952	13293	14681
ENSMUSG00000130619	9250	178	117	183	58	223
ENSMUSG00000128265	29800	230	582	157	242	324
ENSMUSG00000202543	350	13	13	21	14	21
ENSMUSG00000154669	71650	1334	1149	528	743	1559
ENSMUSG00000131896	4750	65	50	77	27	69
ENSMUSG00000181465	6600	106	96	176	142	142
ENSMUSG00000117619	1050	28	25	28	26	30
ENSMUSG00000167647	8550	134	72	94	141	156
ENSMUSG00000115017	750	26	13	16	9	24
ENSMUSG00000100840	500	8	9	19	27	13
ENSMUSG00000133805	1150	8	10	8	1	7
ENSMUSG00000185130	2150	78	47	40	44	47
ENSMUSG00000139658	6650	269	77	183	168	136
ENSMUSG00000167609	63000	569	550	286	730	710
ENSMUSG00000203241	270550	5136	4655	3860	3288	8750
ENSMUSG00000106820	619100	11071	22609	3371	5140	5108
ENSMUSG00000131480	4250	19	71	48	49	58
ENSMUSG00000211409	1500	27	20	25	47	24
ENSMUSG00000178206	50750	698	598	700	698	431
ENSMUSG00000110784	1900	17	13	19	12	14
ENSMUSG00000172495	81000	1584	636	1249	1932	1498
ENSMUSG00000212144	67550	1591	900	1470	915	1231
ENSMUSG00000195459	1500	45	29	18	31	13
ENSMUSG00000175627	48450	436	773	1197	481	498
ENSMUSG00000190601	418050	8309	8754	2702	2230	1649
ENSMUSG00000119138	54600	717	777	263	590	547
ENSMUSG00000212507	4000	47	124	109	126	96
ENSMUSG00000141643	5050	129	158	163	124	130
ENSMUSG00000124610	16550	345	234	567	619	458
ENSMUSG00000213886	1250	37	42	48	44	31
ENSMUSG00000108070	22650	488	314	488	255	322
ENSMUSG00000180801	3000	143	83	85	116	195
ENSMUSG00000177924	2350	31	24	26	56	28
ENSMUSG00000115494	450	25	20	22	35	16
ENSMUSG00000155655	16600	729	431	409	424	428
ENSMUSG00000177525	1150	30	26	11	28	21
ENSMUSG00000128530	19150	140	305	324	172	442
ENSMUSG00000198736	50	4	5	2	5	1
ENSMUSG00000215883	3150	61	142	101	89	102
ENSMUSG00000189484	8800	252	185	133	196	338
ENSMUSG00000157388	16250	195	365	190	262	480
ENSMUSG00000178999	93550	2027	1607	805	2167	1591
ENSMUSG00000199810	31700	350	645	588	620	393
ENSMUSG00000108192	22600	316	681	427	600	421
ENSMUSG00000111571	4700	200	81	77	87	94
ENSMUSG00000153843	1550	27	40	21	17	15
ENSMUSG00000216365	900	24	16	28	18	16
ENSMUSG00000130923	1700	50	59	42	49	40
ENSMUSG00000207925	16800	218	311	228	278	307
ENSMUSG00000196488	53300	651	958	781	1131	743
ENSMUSG00000191261	11200	336	365	401	241	388
ENSMUSG00000215561	12850	124	140	194	186	181
ENSMUSG00000131762	37650	371	755	1061	863	481
ENSMUSG00000163954	3050	128	137	95	99	111
ENSMUSG00000169543	12600	281	261	418	294	168
ENSMUSG00000121226	8600	125	194	112	156	200
ENSMUSG00000148104	12600	380	142	485	469	134
ENSMUSG00000125886	4400	150	55	138	76	102
ENSMUSG00000139741	450	8	16	10	19	11
ENSMUSG00000212973	3000	88	142	53	70	76
ENSMUSG00000216417	1850	40	42	36	23	28
ENSMUSG00000157125	176100	5147	6466	3266	5174	5383
ENSMUSG00000189520	112750	2637	3371	1848	1827	3316
ENSMUSG00000186589	1650	38	61	26	48	37
ENSMUSG00000148060	1150	39	25	19	44	46
ENSMUSG00000167244	6150	208	130	147	254	153
ENSMUSG00000183277	800	11	6	1	10	8
ENSMUSG00000162865	93000	1013	1755	2294	1870	1802
ENSMUSG00000214546	8900	106	88	99	148	119
ENSMUSG00000107903	3800	48	51	61	53	71
ENSMUSG00000104408	34250	1620	1186	1848	712	1274
ENSMUSG00000121090	113950	3442	2068	999	1489	845
ENSMUSG00000113225	12050	227	186	305	254	199
ENSMUSG00000214732	78800	1311	741	1147	1207	1015
ENSMUSG00000184104	500	1	7	10	7	4
ENSMUSG00000216277	1500	32	29	29	27	34
ENSMUSG00000142878	1500	46	43	23	44	65
ENSMUSG00000179734	250	7	7	12	4	12
ENSMUSG00000203637	47450	723	454	442	614	746
ENSMUSG00000145626	1414000	17329	15867	16738	26219	23005
ENSMUSG00000182531	450	17	9	38	17	13
ENSMUSG00000206896	1650	33	49	29	32	62
ENSMUSG00000107024	44100	1397	2253	817	1169	706
ENSMUSG00000180816	5650	52	80	57	75	127
ENSMUSG00000159695	7000	162	60	141	149	69
ENSMUSG00000132428	1050	22	45	30	23	38
ENSMUSG00000199945	12800	455	375	159	449	170
ENSMUSG00000105330	1150	16	24	41	15	19
ENSMUSG00000177220	31500	1162	848	573	450	508
ENSMUSG00000122267	20700	234	362	679	456	488
ENSMUSG00000202279	36550	305	494	336	173	360
ENSMUSG00000102791	1900	13	35	35	35	46
ENSMUSG00000207473	4300	87	155	80	177	68
ENSMUSG00000113731	19650	350	504	198	434	493
ENSMUSG00000158562	1050	22	48	15	42	35
ENSMUSG00000145591	1050	10	31	22	28	22
ENSMUSG00000129062	150	2	2	1	2	1
ENSMUSG00000113184	3200	50	63	54	56	78
ENSMUSG00000125498	6450	129	68	81	105	151
ENSMUSG00000212554	27000	862	1333	674	1476	815
ENSMUSG00000195692	450	18	14	19	19	14
ENSMUSG00000195510	400	7	5	5	7	4
ENSMUSG00000140738	91750	1250	1856	2380	2246	978
ENSMUSG00000106940	47650	1387	521	1201	1639	1376
ENSMUSG00000174167	350	17	4	6	11	13
ENSMUSG00000145158	3350	74	55	52	60	38
ENSMUSG00000176345	400	6	3	4	9	5
ENSMUSG00000122949	2950	151	97	120	85	267
ENSMUSG00000194498	95550	1822	1381	1569	2549	1560
ENSMUSG00000161823	42800	944	791	680	436	658
ENSMUSG00000202428	450	21	15	16	15	14
ENSMUSG00000197747	12100	319	304	197	172	287
ENSMUSG00000205319	3200	47	70	21	39	31
ENSMUSG00000179934	9650	268	358	232	253	314
ENSMUSG00000172219	2550	63	22	103	79	48
ENSMUSG00000100745	32400	607	390	612	464	420
ENSMUSG00000192853	114650	1470	761	1573	2398	1882
ENSMUSG00000200103	11850	233	522	251	338	153
ENSMUSG00000117660	18800	350	283	239	320	383
ENSMUSG00000211455	20000	348	176	197	217	415
ENSMUSG00000215132	40250	784	779	890	889	923
ENSMUSG00000208680	1950	67	78	65	49	98
ENSMUSG00000122645	5350	70	125	100	80	103
ENSMUSG00000172963	3900	171	139	132	104	77
ENSMUSG00000125202	114950	4098	2895	1233	2393	1174
ENSMUSG00000132855	10050	332	264	161	237	190
ENSMUSG00000126849	23450	802	639	442	441	176
ENSMUSG00000119207	5450	80	104	56	74	60
ENSMUSG00000139540	900	11	12	3	6	10
ENSMUSG00000192664	6250	162	84	159	69	102
ENSMUSG00000147836	24250	258	376	341	392	657
ENSMUSG00000196192	4500	55	92	47	53	49
ENSMUSG00000194114	1650	34	45	92	72	54
ENSMUSG00000129616	2000	46	90	75	98	94
ENSMUSG00000209992	30250	403	334	324	517	264
ENSMUSG00000118639	17650	413	293	288	281	390
ENSMUSG00000150337	4200	167	199	96	278	215
ENSMUSG00000103045	1400	27	19	22	29	35
ENSMUSG00000183198	2900	48	37	78	31	37
ENSMUSG00000215820	2281400	47782	43734	63379	83076	35048
ENSMUSG00000157844	4150	133	141	92	62	64
ENSMUSG00000131386	36050	436	540	382	370	313
ENSMUSG00000191670	18200	398	145	267	405	339
ENSMUSG00000135444	300	5	4	11	11	14
ENSMUSG00000208834	147250	2241	2333	1199	1903	3238
ENSMUSG00000123428	11900	236	148	218	192	154
ENSMUSG00000128200	700	51	33	29	22	46
ENSMUSG00000173002	38300	663	934	921	534	491
ENSMUSG00000113930	3450	33	43	73	35	52
ENSMUSG00000193526	14550	319	312	336	275	295
ENSMUSG00000180105	1150	22	18	8	10	13
ENSMUSG00000152685	4050	95	130	147	71	62
ENSMUSG00000211544	35150	500	720	233	491	395
ENSMUSG00000126955	2350	97	90	62	35	54
ENSMUSG00000115990	350	5	9	6	10	7
ENSMUSG00000122622	900	18	18	17	17	37
ENSMUSG00000124249	19450	541	469	493	751	427
ENSMUSG00000175585	300	4	4	8	12	7
ENSMUSG00000219850	450	13	4	10	5	9
ENSMUSG00000216420	47400	846	902	803	892	485
ENSMUSG00000207578	10800	91	280	314	172	236
ENSMUSG00000197397	8850	224	106	225	162	143
ENSMUSG00000156596	3050	75	65	60	60	47
ENSMUSG00000105901	9950	471	386	326	334	485
ENSMUSG00000109454	29850	595	432	1524	579	489
ENSMUSG00000131106	24800	350	440	442	351	251
ENSMUSG00000219069	150	11	4	0	4	3
ENSMUSG00000169116	31200	636	434	624	374	482
ENSMUSG00000147060	500	17	9	5	5	5
ENSMUSG00000119467	236000	7750	2889	5806	6951	6303
ENSMUSG00000147879	3350	70	72	78	67	114
ENSMUSG00000160713	24950	449	685	729	354	209
ENSMUSG00000114479	20050	273	433	169	470	391
ENSMUSG00000209625	3050	47	32	30	33	35
ENSMUSG00000191717	250900	2978	3921	892	2301	1444
ENSMUSG00000131726	6150	165	463	196	236	255
ENSMUSG00000121849	284650	10914	8108	14999	16569	9109
ENSMUSG00000122837	21450	626	976	446	964	794
ENSMUSG00000132985	21200	372	264	493	342	225
ENSMUSG00000179542	944350	14527	8627	22817	17368	17855
ENSMUSG00000202449	183850	2336	1828	945	2305	1943
ENSMUSG00000211177	5800	243	129	132	135	119
ENSMUSG00000124681	2550	33	27	39	42	27
ENSMUSG00000190558	288250	7030	8339	7743	9981	6125
ENSMUSG00000140540	104250	1672	1770	2327	1778	1783
ENSMUSG00000119122	118350	1291	2820	3124	2346	1939
ENSMUSG00000183478	6300	117	77	72	63	121
ENSMUSG00000161157	2350	65	29	89	46	40
ENSMUSG00000125571	1750	17	34	21	29	17
ENSMUSG00000149477	236850	2787	1779	1312	1002	955
ENSMUSG00000111936	9250	313	322	188	268	154
ENSMUSG00000218441	29350	730	899	628	409	748
ENSMUSG00000207545	50	1	4	3	3	1
ENSMUSG00000130565	38450	1440	723	1047	1236	853
ENSMUSG00000169272	2300	29	41	33	45	26
ENSMUSG00000190300	0	0	2	1	5	1
ENSMUSG00000139376	900	12	13	8	13	12
ENSMUSG00000133034	42600	745	816	324	318	388
ENSMUSG00000107447	81100	3519	2423	3078	3347	3265
ENSMUSG00000210999	0	2	2	1	1	2
ENSMUSG00000155338	450	12	9	11	3	13
ENSMUSG00000163665	4800	139	396	160	285	113
ENSMUSG00000217066	600	8	7	8	5	14
ENSMUSG00000129342	4500	57	33	115	83	44
ENSMUSG00000141381	950	26	17	21	11	10
ENSMUSG00000100870	5200	189	410	263	233	198
ENSMUSG00000194617	450	4	11	10	8	9
ENSMUSG00000219318	5000	73	65	85	53	73
ENSMUSG00000196613	1100	39	32	18	28	21
ENSMUSG00000215602	24800	400	225	204	172	152
ENSMUSG00000201759	6600	109	89	171	298	177
ENSMUSG00000152612	73150	1862	899	466	1354	1286
ENSMUSG00000121886	12800	141	153	178	184	138
ENSMUSG00000129770	304650	4271	5658	4174	3599	3447
ENSMUSG00000150223	300	4	11	7	10	9
ENSMUSG00000110653	4950	82	81	119	82	99
ENSMUSG00000179639	36200	644	544	597	859	747
ENSMUSG00000103861	11600	286	223	230	140	192
ENSMUSG00000215469	50	0	0	2	0	1
ENSMUSG00000122691	11450	398	183	286	221	222
ENSMUSG00000154704	2450	82	35	53	67	52
ENSMUSG00000177942	1312800	17327	17896	13507	29530	22486
ENSMUSG00000199025	10450	345	219	85	106	105
ENSMUSG00000150732	16050	567	417	385	547	489
ENSMUSG00000120094	900	12	16	23	25	19
ENSMUSG00000104596	27750	320	912	522	537	389
ENSMUSG00000184957	50	0	0	2	1	1
ENSMUSG00000116370	800	19	17	18	18	7
ENSMUSG00000187953	9650	181	161	55	62	56
ENSMUSG00000111518	300	4	10	5	12	7
ENSMUSG00000177836	63200	666	1048	822	1113	1105
ENSMUSG00000113017	3000	143	151	187	205	338
ENSMUSG00000174798	172150	3566	9577	2788	3505	6223
ENSMUSG00000174431	500	10	4	11	13	11
ENSMUSG00000155370	1550	13	31	23	38	37
ENSMUSG00000159331	40500	774	652	470	740	455
ENSMUSG00000115158	3600	65	51	63	49	43
ENSMUSG00000136019	110450	958	1304	671	931	648
ENSMUSG00000143468	30200	381	500	701	321	686
ENSMUSG00000203248	2050	39	27	29	42	42
ENSMUSG00000208642	13200	347	188	122	278	205
ENSMUSG00000119825	35400	368	509	327	485	466
ENSMUSG00000192701	11950	290	273	186	341	399
ENSMUSG00000189100	3500	105	128	78	145	129
ENSMUSG00000175584	2750	60	44	60	69	48
ENSMUSG00000197498	3650	50	125	60	42	119
ENSMUSG00000186170	78250	978	531	893	635	1151
ENSMUSG00000199793	474450	13110	13216	8824	11297	10181
ENSMUSG00000199007	450	13	14	4	16	10
ENSMUSG00000112686	1800	26	46	14	21	13
ENSMUSG00000195038	3900	98	94	130	61	81
ENSMUSG00000105131	181400	3214	1879	3897	3634	2186
ENSMUSG00000171094	1300	32	6	24	20	17
ENSMUSG00000150100	1303500	36176	12448	16750	23613	13768
ENSMUSG00000118520	760050	17878	20825	14924	11158	11125
ENSMUSG00000165403	0	1	1	2	1	1
ENSMUSG00000143356	15500	582	729	670	687	598
ENSMUSG00000181585	26400	386	256	452	603	487
ENSMUSG00000130105	3750	76	71	93	84	103
ENSMUSG00000181233	100	2	2	3	3	3
ENSMUSG00000159863	12050	584	445	317	266	223
ENSMUSG00000104913	2600	46	87	118	94	40
ENSMUSG00000218420	41200	1251	1544	1862	2665	1617
ENSMUSG00000103748	59150	1050	676	552	332	467
ENSMUSG00000212703	1400	36	16	16	32	18
ENSMUSG00000131880	437100	8479	6967	5080	7153	15914
ENSMUSG00000148084	342500	6055	9485	8428	8926	6838
ENSMUSG00000162974	183050	3431	2474	1954	2154	4106
ENSMUSG00000126606	11400	86	131	285	208	189
ENSMUSG00000151405	60300	1963	655	973	1041	913
ENSMUSG00000126812	9350	225	292	232	210	245
ENSMUSG00000130965	1250	43	43	43	97	45
ENSMUSG00000209218	200	5	2	7	7	5
ENSMUSG00000191263	20450	220	326	254	323	398
ENSMUSG00000208750	200	3	4	3	4	2
ENSMUSG00000199405	33100	740	1313	996	195	706
ENSMUSG00000126406	1050	8	12	8	7	10
ENSMUSG00000195936	7100	249	173	160	280	172
ENSMUSG00000182253	5600	124	192	51	81	55
ENSMUSG00000218080	750	30	10	11	26	7
ENSMUSG00000215964	1150	19	19	22	39	29
ENSMUSG00000176853	1900	67	72	64	38	65
ENSMUSG00000198373	94450	3708	4040	2516	2693	5284
ENSMUSG00000219456	31200	684	328	204	477	314
ENSMUSG00000163541	4350	166	141	71	139	90
ENSMUSG00000182033	32000	1313	976	505	905	655
ENSMUSG00000130736	450	12	14	24	19	13
ENSMUSG00000113133	450	10	4	3	7	5
ENSMUSG00000154634	1050	24	4	21	26	33
ENSMUSG00000189184	46750	1157	876	1169	1388	665
ENSMUSG00000132206	5800	115	160	57	122	94
ENSMUSG00000102967	10950	244	96	117	149	265
ENSMUSG00000162010	11700	216	151	140	195	165
ENSMUSG00000147736	2750	181	98	70	57	59
ENSMUSG00000189892	111700	1544	1449	2065	2272	1415
ENSMUSG00000173858	35700	951	738	898	643	808
ENSMUSG00000105585	1050	23	30	14	32	31
ENSMUSG00000196454	800	18	36	18	22	28
ENSMUSG00000123867	8600	61	178	155	68	128
ENSMUSG00000213105	1300	16	16	25	8	43
ENSMUSG00000207805	9450	259	151	209	214	121
ENSMUSG00000120471	57700	831	318	612	807	668
ENSMUSG00000205041	7500	208	176	133	111	168
ENSMUSG00000129259	12000	141	246	244	276	257
ENSMUSG00000102877	6000	106	102	54	59	52
ENSMUSG00000184599	1950	35	15	65	13	31
ENSMUSG00000204070	1050	19	13	14	10	28
ENSMUSG00000166814	127750	3133	2016	1776	1650	1247
ENSMUSG00000145450	1550	21	45	31	55	31
ENSMUSG00000122873	12950	224	223	128	217	211
ENSMUSG00000102946	6000	155	198	165	218	218
ENSMUSG00000193112	12050	259	217	379	311	298
ENSMUSG00000183614	4500	124	58	124	109	99
ENSMUSG00000155871	200	9	10	8	5	2
ENSMUSG00000115557	582000	11490	8237	12481	8221	11157
ENSMUSG00000204634	700	14	15	19	25	25
ENSMUSG00000191780	24800	548	398	558	245	495
ENSMUSG00000105993	1150	10	9	8	18	15
ENSMUSG00000124563	30400	476	511	643	717	792
ENSMUSG00000186559	950	25	25	26	25	7
ENSMUSG00000117086	241900	3479	6462	4047	5816	7754
ENSMUSG00000177068	18850	183	386	545	439	394
ENSMUSG00000180540	300	7	6	2	9	7
ENSMUSG00000141218	351700	2850	3424	3196	6006	4737
ENSMUSG00000128599	50	2	2	4	2	3
ENSMUSG00000136446	5200	74	59	92	63	104
ENSMUSG00000181584	128400	1965	3923	1227	1755	1845
ENSMUSG00000133563	2550	98	71	72	43	77
ENSMUSG00000116718	105650	1793	2881	2398	2251	1417
ENSMUSG00000155504	10300	182	82	121	93	144
ENSMUSG00000212700	2050	48	34	32	28	36
ENSMUSG00000218972	66200	1492	1640	2394	1502	938
ENSMUSG00000189168	3850	163	189	112	302	139
ENSMUSG00000130456	6950	129	137	41	36	37
ENSMUSG00000111654	39700	1277	525	1484	896	1151
ENSMUSG00000177979	6000	84	59	60	119	150
ENSMUSG00000152916	600	9	5	20	6	5
ENSMUSG00000150997	1700	45	29	46	46	57
ENSMUSG00000173532	1020850	31956	15773	26154	19580	18556
ENSMUSG00000111070	469650	11063	25090	21273	25273	11983
ENSMUSG00000133948	450	6	9	4	5	11
ENSMUSG00000158618	33600	730	687	498	605	958
ENSMUSG00000200854	90400	2090	1504	1801	1578	1939
ENSMUSG00000219634	2800	63	67	81	77	74
ENSMUSG00000180936	41800	450	870	409	508	644
ENSMUSG00000216758	1050	13	27	23	13	27
ENSMUSG00000212879	3650	54	86	68	100	76
ENSMUSG00000198585	140850	2040	1718	784	1353	942
ENSMUSG00000142104	4400	157	153	126	101	95
ENSMUSG00000103723	8450	114	318	109	91	68
ENSMUSG00000156322	3350	145	51	87	78	66
ENSMUSG00000177367	250	9	7	16	11	8
ENSMUSG00000136996	1450	37	29	18	23	17
ENSMUSG00000217303	2900	47	26	38	59	56
ENSMUSG00000121198	1850	182	69	118	69	81
ENSMUSG00000159282	1800	15	40	31	22	24
ENSMUSG00000149000	183100	5109	10724	8741	7200	5193
ENSMUSG00000150061	50	3	6	4	3	3
ENSMUSG00000137444	900	12	4	8	22	17
ENSMUSG00000123618	950	47	49	51	51	41
ENSMUSG00000146833	23600	679	417	692	381	807
ENSMUSG00000208737	350	9	10	7	7	6
ENSMUSG00000131300	7850	207	286	132	259	283
ENSMUSG00000204685	1500	26	16	19	19	27
ENSMUSG00000197311	1100	34	25	27	41	7
ENSMUSG00000204525	16100	445	377	388	387	593
ENSMUSG00000149046	24350	677	1147	637	963	936
ENSMUSG00000192384	61100	860	1169	1338	1282	685
ENSMUSG00000198898	750	15	6	8	18	5
ENSMUSG00000138251	53600	1798	1142	1539	1069	1681
ENSMUSG00000214540	67050	1159	713	1126	894	795
ENSMUSG00000104871	19350	114	242	225	226	420
ENSMUSG00000133481	23550	235	300	391	326	207
ENSMUSG00000175618	7950	91	269	148	144	190
ENSMUSG00000200813	5500	76	143	63	96	159
ENSMUSG00000178744	34350	698	1158	645	226	634
ENSMUSG00000161126	124550	7904	5071	4966	5150	2832
ENSMUSG00000169479	6200	91	46	94	108	76
ENSMUSG00000190411	20400	312	422	326	373	315
ENSMUSG00000152665	66250	777	1094	1076	1491	954
ENSMUSG00000132639	450	4	10	5	5	3
ENSMUSG00000113329	231700	4026	4079	4391	4997	5089
ENSMUSG00000151548	18750	184	376	209	316	230
ENSMUSG00000175744	237050	1664	2622	2822	2728	4350
ENSMUSG00000138400	3000	63	133	49	118	52
ENSMUSG00000101717	2650	34	56	35	17	26
ENSMUSG00000204496	9100	46	124	37	125	120
ENSMUSG00000219345	14400	319	354	317	209	297
ENSMUSG00000136561	1000	60	36	28	23	27
ENSMUSG00000189738	28350	423	1056	647	1031	692
ENSMUSG00000109110	12700	153	378	232	396	237
ENSMUSG00000183569	1050	11	33	22	18	22
ENSMUSG00000147753	20150	528	459	321	301	448
ENSMUSG00000217635	5550	106	141	136	172	89
ENSMUSG00000105691	5750	202	95	170	104	175
ENSMUSG00000135986	2050	69	101	62	133	55
ENSMUSG00000121947	1950	29	29	58	24	84
ENSMUSG00000150464	700	13	10	14	14	15
ENSMUSG00000125145	13950	240	99	222	330	186
ENSMUSG00000130567	11050	213	264	177	225	245
ENSMUSG00000180511	19150	367	280	560	450	560
ENSMUSG00000167674	1350	51	33	25	42	33
ENSMUSG00000173485	45300	672	383	404	236	574
ENSMUSG00000167796	37150	933	913	1049	825	1202
ENSMUSG00000202581	700	4	16	26	13	26
ENSMUSG00000149198	16100	180	166	361	227	317
ENSMUSG00000112576	448850	21300	11611	14210	8475	14146
ENSMUSG00000123831	3900	50	39	41	33	44
ENSMUSG00000138017	5200	77	57	51	161	106
ENSMUSG00000110401	10050	159	237	144	138	251
ENSMUSG00000215259	1150	72	38	27	65	53
ENSMUSG00000151413	39100	785	1053	1605	947	502
ENSMUSG00000158838	4700	89	98	133	108	236
ENSMUSG00000196402	5350	108	130	167	133	110
ENSMUSG00000117803	1400	18	49	45	34	46
ENSMUSG00000114825	36100	758	2022	539	737	434
ENSMUSG00000212175	5500	91	124	135	174	141
ENSMUSG00000103591	4350	50	74	88	64	52
ENSMUSG00000136375	5150	71	77	77	103	54
ENSMUSG00000214737	255200	2677	4338	2429	2864	3293
ENSMUSG00000126317	15500	95	135	150	154	171
ENSMUSG00000188081	11200	285	315	223	304	197
ENSMUSG00000199746	96500	1541	3141	2603	1680	1723
ENSMUSG00000193538	13650	138	131	93	197	75
ENSMUSG00000184187	51050	1418	1412	1652	1097	1045
ENSMUSG00000167367	400	12	18	29	24	25
ENSMUSG00000131532	25850	827	369	643	442	553
ENSMUSG00000182849	150	0	2	0	0	2
ENSMUSG00000217677	11000	522	247	237	411	294
ENSMUSG00000103802	1450	90	56	67	46	35
ENSMUSG00000198624	1450	33	19	38	44	21
ENSMUSG00000119690	127750	1992	2276	1326	1052	1929
ENSMUSG00000119383	32350	613	891	677	711	524
ENSMUSG00000172416	85100	900	1021	715	1095	1194
ENSMUSG00000100891	119100	3008	3058	4000	3051	2630
ENSMUSG00000182001	31300	605	624	525	314	476
ENSMUSG00000178389	35950	323	272	477	540	490
ENSMUSG00000195057	8800	121	123	124	159	104
ENSMUSG00000141922	234750	4810	8756	6226	9173	5660
ENSMUSG00000140789	54750	1193	928	1015	1091	584
ENSMUSG00000106885	2400	35	38	33	45	28
ENSMUSG00000129163	1600	55	18	14	16	23
ENSMUSG00000195220	1850	53	29	35	44	20
ENSMUSG00000135725	1800	24	26	36	29	22
ENSMUSG00000152210	120000	2510	2064	1678	1355	1583
ENSMUSG00000150518	12850	462	249	294	219	294
ENSMUSG00000124338	57750	1249	1403	1374	799	1606
ENSMUSG00000139529	3050	26	37	36	40	34
ENSMUSG00000199460	2750	37	27	22	28	32
ENSMUSG00000163929	133800	1985	922	1859	2572	2383
ENSMUSG00000135971	100	3	1	2	1	4
ENSMUSG00000148441	550	15	13	10	6	7
ENSMUSG00000136532	50	1	1	2	5	1
ENSMUSG00000114244	1750	37	52	45	28	31
ENSMUSG00000109030	1579950	35708	23674	23400	19582	35351
ENSMUSG00000129899	850	31	34	40	30	14
ENSMUSG00000181504	75550	1705	1026	2714	1709	513
ENSMUSG00000153437	342450	2981	2481	5350	4932	3184
ENSMUSG00000202154	1650	48	31	46	14	18
ENSMUSG00000175718	1200	36	28	36	34	18
ENSMUSG00000200824	10700	305	428	205	219	166
ENSMUSG00000194796	61700	840	1253	645	773	607
ENSMUSG00000163013	200	5	1	12	11	9
ENSMUSG00000169453	1900	26	26	10	18	26
ENSMUSG00000150056	210050	3235	4997	4405	4498	4898
ENSMUSG00000147498	1400	29	22	34	37	21
ENSMUSG00000100828	18550	680	288	151	296	237
ENSMUSG00000133979	42050	1626	817	985	1240	877
ENSMUSG00000219786	5950	78	73	56	70	59
ENSMUSG00000203646	4400	84	64	48	88	77
ENSMUSG00000176238	1700	48	23	64	45	23
ENSMUSG00000173028	1550	45	34	52	44	21
ENSMUSG00000207560	1500	54	49	32	34	40
ENSMUSG00000176527	350	6	5	5	7	2
ENSMUSG00000102428	1950	66	52	40	83	28
ENSMUSG00000104538	3550	67	102	143	81	97
ENSMUSG00000169009	18200	779	553	588	662	304
ENSMUSG00000160819	4800	60	50	68	67	45
ENSMUSG00000164217	1700	32	28	9	26	44
ENSMUSG00000190881	180950	6754	6326	8461	6470	5709
ENSMUSG00000189387	4500	152	83	146	174	180
ENSMUSG00000167242	3950	100	84	146	69	96
ENSMUSG00000176688	2100	32	25	53	63	63
ENSMUSG00000127611	9650	99	90	73	66	178
ENSMUSG00000210123	1450	40	15	20	31	17
ENSMUSG00000215858	3950	105	48	75	46	39
ENSMUSG00000194981	900	15	19	25	18	13
ENSMUSG00000143471	350	20	9	6	12	11
ENSMUSG00000190168	3250	37	23	68	15	74
ENSMUSG00000181412	550	7	6	7	5	5
ENSMUSG00000184414	260400	6975	4548	5278	4105	3709
ENSMUSG00000142886	700	12	10	23	25	12
ENSMUSG00000183732	206950	7719	10488	4494	5327	3925
ENSMUSG00000198916	11800	130	284	330	315	315
ENSMUSG00000205595	29550	850	705	1421	1425	720
ENSMUSG00000174805	108250	2582	1808	3682	4464	3539
ENSMUSG00000213132	300	4	9	1	4	5
ENSMUSG00000159515	131600	4447	3144	5082	5612	3708
ENSMUSG00000195976	8000	374	486	510	342	434
ENSMUSG00000167906	2050	24	105	45	62	66
ENSMUSG00000115243	2050	15	21	20	24	18
ENSMUSG00000178820	13000	371	415	546	292	379
ENSMUSG00000201076	450	5	1	5	1	3
ENSMUSG00000138425	234000	7159	5220	6238	8809	7935
ENSMUSG00000202011	3600	144	122	71	103	97
ENSMUSG00000115816	28450	819	542	764	1009	686
ENSMUSG00000164644	7600	246	219	148	147	131
ENSMUSG00000132025	3600	72	68	79	96	34
ENSMUSG00000140946	3500	98	86	33	94	63
ENSMUSG00000154086	2400	35	24	17	26	11
ENSMUSG00000135984	120950	1758	2878	2042	1558	2869
ENSMUSG00000114220	4650	176	174	204	100	166
ENSMUSG00000169653	15150	357	247	368	376	459
ENSMUSG00000214177	24100	393	861	536	939	356
ENSMUSG00000133416	21300	779	654	817	886	807
ENSMUSG00000133428	16150	582	419	712	607	510
