gene_id	GSM4280001	GSM4280002	GSM4280003	GSM4280004	GSM4280005	GSM4280006
ENSG00000075624	1250	31	14	18	44	19
ENSG00000111640	850	10	8	18	12	5
ENSG00000166710	2650	52	54	93	68	57
ENSG00000165704	17400	380	344	454	224	319
ENSG00000256269	62100	1386	730	1216	1180	1265
ENSG00000073578	9450	227	198	126	255	188
ENSG00000112592	1450	30	36	35	46	22
ENSG00000089157	1850	24	39	44	27	19
ENSG00000164924	28250	416	563	763	577	512
ENSG00000196262	144500	3450	4214	5607	1901	3811
ENSG00000109373	11700	185	261	133	347	236
ENSG00000139648	400	8	19	8	7	21
ENSG00000137940	1100	16	13	25	18	21
ENSG00000113793	84100	4274	5151	1874	6501	4718
ENSG00000216504	8350	143	218	144	209	140
ENSG00000226771	350	2	5	10	3	2
ENSG00000208319	9050	144	62	74	153	90
ENSG00000186442	1000	15	4	10	17	20
ENSG00000138679	2800	54	34	39	31	30
ENSG00000183643	2700	46	60	64	68	90
ENSG00000221870	1900	33	33	18	11	15
ENSG00000241656	23400	353	430	299	795	487
ENSG00000146972	4850	116	96	67	45	137
ENSG00000195349	1600	41	24	26	49	49
ENSG00000149512	12200	302	364	207	441	253
ENSG00000138503	30350	725	1002	386	704	869
ENSG00000119021	500	1	10	13	4	7
ENSG00000214608	4150	83	43	70	62	41
ENSG00000101713	1050	26	28	27	14	4
ENSG00000165887	2650	114	74	91	73	104
ENSG00000143587	500	6	8	16	17	5
ENSG00000156457	10000	326	268	89	170	134
ENSG00000128438	7000	144	80	138	98	198
ENSG00000210036	3500	49	99	106	63	65
ENSG00000183427	1300	7	38	14	13	21
ENSG00000194920	5650	45	70	79	65	66
ENSG00000247684	800	24	18	9	33	7
ENSG00000237598	300	9	5	8	12	9
ENSG00000125239	8050	387	236	151	321	166
ENSG00000213296	1250	10	18	22	27	29
ENSG00000149610	78100	1556	1415	1003	792	1649
ENSG00000201759	21650	650	877	393	550	675
ENSG00000106945	50	2	5	4	2	3
ENSG00000178906	19600	235	376	123	227	342
ENSG00000146753	1050	23	14	22	9	9
ENSG00000121397	7600	114	192	71	188	153
ENSG00000161657	8150	113	248	245	198	126
ENSG00000213765	150	3	7	0	5	4
ENSG00000142787	4350	85	89	131	117	73
ENSG00000157552	3200	81	55	101	54	80
ENSG00000112461	19900	813	787	1015	1121	890
ENSG00000132060	650	10	17	18	16	12
ENSG00000108566	51050	936	597	310	644	797
ENSG00000243849	400	23	27	11	17	12
ENSG00000197862	5700	48	77	92	87	98
ENSG00000225172	1550	36	18	23	22	17
ENSG00000114452	137150	3631	2182	1543	2956	1853
ENSG00000216566	10300	249	346	663	381	253
ENSG00000137925	629200	18062	15310	25694	19043	12841
ENSG00000113983	12950	632	623	749	738	463
ENSG00000226338	50200	657	785	558	575	994
ENSG00000210167	26200	712	700	986	911	853
ENSG00000228913	1700	76	75	68	65	47
ENSG00000170559	5800	92	100	66	116	115
ENSG00000243106	157750	2043	1978	1292	2420	1106
ENSG00000223018	2750	53	37	79	37	57
ENSG00000245946	16150	133	143	214	230	187
ENSG00000154370	12500	160	153	165	185	74
ENSG00000111148	24800	392	222	358	797	493
ENSG00000185034	3100	54	47	49	80	100
ENSG00000119294	6900	80	114	129	102	75
ENSG00000138743	16500	305	142	219	253	113
ENSG00000154075	7400	109	158	243	211	89
ENSG00000127620	1250	18	25	28	29	19
ENSG00000217374	39950	603	694	631	795	921
ENSG00000122398	700	9	4	7	7	11
ENSG00000210656	750	7	11	10	8	16
ENSG00000217360	550	8	12	14	4	7
ENSG00000108910	48100	762	1593	830	1063	950
ENSG00000211087	3700	98	96	73	36	43
ENSG00000189281	1300	15	10	37	26	28
ENSG00000221310	1150	18	12	23	13	16
ENSG00000169230	18050	311	241	363	169	210
ENSG00000136361	700	11	19	17	25	8
ENSG00000201811	550	4	4	5	12	7
ENSG00000174746	16750	446	238	508	325	444
ENSG00000239533	500	11	15	5	15	17
ENSG00000249259	3600	77	64	78	87	62
ENSG00000186042	2500	126	178	143	128	124
ENSG00000121962	2750	46	76	55	40	102
ENSG00000198557	4050	112	123	104	104	149
ENSG00000100047	215300	1879	1252	1427	1510	3170
ENSG00000172904	2450	41	28	30	40	42
ENSG00000240765	650	4	7	8	11	17
ENSG00000184062	100	2	5	2	0	2
ENSG00000205598	4500	57	164	76	161	115
ENSG00000144960	5300	66	35	92	43	78
ENSG00000239788	15950	333	256	286	305	219
ENSG00000246601	2850	43	95	45	51	75
ENSG00000207496	2150	40	62	74	61	72
ENSG00000144824	2550	41	43	25	36	42
ENSG00000147955	3650	46	28	39	50	31
ENSG00000128723	15600	213	87	135	248	219
ENSG00000192858	3350	63	109	54	108	64
ENSG00000157022	7200	272	244	101	159	74
ENSG00000188555	239400	3942	12323	6280	5703	7436
ENSG00000156663	7450	335	126	445	383	335
ENSG00000197310	250	3	6	5	5	15
ENSG00000225427	382700	7016	4073	3734	4651	3502
ENSG00000128582	9850	354	247	310	334	326
ENSG00000138390	1350	19	19	27	26	37
ENSG00000169130	55550	911	864	1235	920	905
ENSG00000166674	8450	99	173	139	284	222
ENSG00000161916	1450	42	70	57	41	53
ENSG00000209480	2900	40	31	42	48	47
ENSG00000157421	1400	13	19	37	12	30
ENSG00000140093	12400	193	218	145	177	163
ENSG00000112246	53650	1472	2058	792	1251	730
ENSG00000100153	5200	73	62	74	101	73
ENSG00000232958	22800	436	361	458	467	264
ENSG00000171611	395250	5305	8737	6393	5871	4216
ENSG00000119217	450	13	14	8	16	9
ENSG00000220741	9950	353	281	263	258	344
ENSG00000195709	4300	119	82	106	74	55
ENSG00000168339	750	22	13	5	12	21
ENSG00000168766	850	19	20	19	26	30
ENSG00000146351	4650	187	171	204	133	138
ENSG00000203731	23200	345	209	323	217	261
ENSG00000236226	2450	61	33	84	56	70
ENSG00000108020	9450	197	142	126	130	198
ENSG00000107496	31100	484	546	1166	441	687
ENSG00000197408	11750	174	454	194	423	173
ENSG00000183207	35750	477	899	417	1214	923
ENSG00000211737	19500	294	326	576	431	183
ENSG00000192753	14750	494	228	366	294	255
ENSG00000219805	200250	5491	6562	5858	6650	8311
ENSG00000109039	25600	274	343	767	610	372
ENSG00000133475	7400	145	125	116	116	109
ENSG00000174463	22200	515	518	887	364	659
ENSG00000168975	1250	14	31	26	20	11
ENSG00000237123	3400	127	101	87	70	48
ENSG00000203415	27850	1198	307	920	781	878
ENSG00000247640	29750	562	406	329	343	408
ENSG00000190424	114700	2280	4314	2117	1591	2956
ENSG00000232521	6700	146	108	139	122	193
ENSG00000211801	300	4	14	5	13	4
ENSG00000158867	520800	5006	8177	7632	11282	11113
ENSG00000173245	76400	1954	1433	789	1197	1029
ENSG00000154014	850	17	21	10	16	18
ENSG00000192819	104750	2324	1738	2159	1466	1360
ENSG00000136100	10850	106	206	70	151	277
ENSG00000231455	100	2	2	2	1	2
ENSG00000216836	4300	59	37	51	63	79
ENSG00000112841	850	83	29	39	30	45
ENSG00000213819	255950	5108	2416	3909	3001	3401
ENSG00000223375	2000	26	47	34	20	22
ENSG00000205768	3700	82	32	74	100	77
ENSG00000190595	6600	74	76	50	80	100
ENSG00000133877	2950	57	57	65	72	48
ENSG00000143659	1300	13	27	20	15	10
ENSG00000164921	9550	144	204	141	140	207
ENSG00000193130	84000	2005	908	1125	946	1675
ENSG00000215670	22300	596	684	436	647	484
ENSG00000186114	1400	16	65	19	15	23
ENSG00000123581	350	11	12	10	5	17
ENSG00000222967	12950	200	196	202	138	283
ENSG00000111520	1650	23	26	50	32	49
ENSG00000211491	2900	53	50	31	45	25
ENSG00000150629	250	3	6	4	4	7
ENSG00000112835	316900	7075	3568	6901	6815	6148
ENSG00000142970	21000	732	778	804	1032	1162
ENSG00000201650	1200	29	24	14	24	19
ENSG00000224912	58700	917	1053	589	1171	1251
ENSG00000245860	141250	1175	2277	1389	3500	3023
ENSG00000153699	100	2	1	4	2	2
ENSG00000157130	3150	40	15	47	84	56
ENSG00000216987	2550	92	81	76	116	46
ENSG00000222500	25000	493	708	468	500	573
ENSG00000213433	4400	147	114	97	60	201
ENSG00000155532	6750	71	105	65	64	31
ENSG00000248098	2250	134	108	136	151	159
ENSG00000215673	221200	4860	4379	5694	6666	6950
ENSG00000116074	671700	9387	3943	9115	21079	11057
ENSG00000243789	2300	57	30	60	50	52
ENSG00000182288	1400	33	32	19	36	37
ENSG00000228499	1828550	35545	21265	26553	22362	29878
ENSG00000211949	1450	25	7	13	23	10
ENSG00000181144	1700	29	48	45	44	30
ENSG00000122183	8800	206	116	76	150	136
ENSG00000129402	28900	242	310	271	411	381
ENSG00000218857	83000	1167	1479	654	788	948
ENSG00000199416	9400	200	226	175	335	291
ENSG00000107853	1400	41	33	29	39	13
ENSG00000213124	17550	600	313	218	336	461
ENSG00000189720	20900	240	195	283	245	203
ENSG00000122506	345050	6970	8476	8335	5070	4699
ENSG00000111926	4100	202	124	75	106	115
ENSG00000183544	300	9	10	8	8	6
ENSG00000134825	450	8	21	11	23	11
ENSG00000136275	161950	2063	3158	1490	2596	3505
ENSG00000219675	3700	43	45	48	18	71
ENSG00000235390	150	4	1	0	6	1
ENSG00000122737	3650	28	30	56	43	44
ENSG00000205426	9950	134	261	91	118	122
ENSG00000198485	68100	1249	1071	1249	1692	1285
ENSG00000248078	450	15	8	11	9	10
ENSG00000161076	14850	429	571	711	423	647
ENSG00000163460	33800	503	316	588	571	455
ENSG00000175100	1150	46	36	44	34	38
ENSG00000100642	5600	95	82	105	61	121
ENSG00000173879	307550	6846	5987	3423	3399	6575
ENSG00000110153	258300	3623	5307	5769	5275	3140
ENSG00000114971	64000	518	814	862	1171	815
ENSG00000127428	7250	244	219	217	552	124
ENSG00000200086	104250	1092	1111	869	1125	1413
ENSG00000246543	3700	110	153	109	97	120
ENSG00000231277	6550	114	74	144	114	60
ENSG00000103143	1800	26	37	20	27	30
ENSG00000217435	6950	164	172	196	155	100
ENSG00000207797	6200	113	118	179	114	99
ENSG00000114597	924150	27199	50721	23579	33784	40145
ENSG00000227057	5850	108	81	150	148	120
ENSG00000151958	81800	2057	1985	1526	1424	2591
ENSG00000203466	111450	1658	1726	1441	2357	2362
ENSG00000119104	4350	118	90	56	161	89
ENSG00000199113	64650	1402	1619	1565	2260	1039
ENSG00000162633	0	0	1	1	2	5
ENSG00000117832	5900	245	173	147	160	215
ENSG00000216087	30700	646	878	1068	539	622
ENSG00000235852	50	1	3	1	0	4
ENSG00000203705	500	13	13	12	11	15
ENSG00000151660	55600	1688	558	1050	955	1577
ENSG00000177692	8050	91	29	99	104	36
ENSG00000122375	1150	9	9	14	12	21
ENSG00000195326	3900	41	121	77	43	48
ENSG00000142980	1950	32	37	38	60	34
ENSG00000133195	45400	665	805	971	550	498
ENSG00000246142	13550	199	218	394	483	289
ENSG00000176263	2750	44	117	38	68	107
ENSG00000241149	2050	29	23	27	42	51
ENSG00000141991	7850	149	80	68	66	132
ENSG00000103487	96900	2088	2711	3166	2274	1415
ENSG00000239334	9550	326	218	195	271	370
ENSG00000238263	33700	363	242	418	395	449
ENSG00000239168	5700	54	59	91	141	110
ENSG00000179382	800	2	11	6	16	16
ENSG00000126539	1200	50	35	41	31	32
ENSG00000197052	20000	706	403	703	487	524
ENSG00000151599	9000	148	167	150	216	169
ENSG00000220757	1400	26	25	20	24	30
ENSG00000111276	50	9	2	11	4	6
ENSG00000233582	4000	130	118	96	197	100
ENSG00000190817	3100	86	90	95	45	52
ENSG00000122698	2000	57	73	116	48	96
ENSG00000223042	2900	53	78	46	116	91
ENSG00000239107	13900	110	272	238	252	359
ENSG00000207106	8000	427	313	190	393	255
ENSG00000130055	37650	731	1341	1201	981	689
ENSG00000235902	54650	1178	487	721	1002	1429
ENSG00000204193	64950	2743	1859	992	1191	2309
ENSG00000198289	39700	800	553	564	643	528
ENSG00000164002	3500	33	71	58	136	68
ENSG00000126202	8800	119	90	171	109	132
ENSG00000213889	21350	220	368	371	391	443
ENSG00000169768	4350	110	120	66	46	79
ENSG00000159701	17200	537	523	392	462	272
ENSG00000237497	70150	1506	1661	1246	1758	2064
ENSG00000242047	1600	27	14	21	30	32
ENSG00000172961	200	2	6	2	1	6
ENSG00000109798	71300	2084	1618	1916	2765	1652
ENSG00000204450	9700	140	140	249	102	147
ENSG00000220073	25400	521	450	560	261	277
ENSG00000152777	200	14	14	2	8	9
ENSG00000244641	201850	4604	3879	5349	7129	8681
ENSG00000224483	40650	664	278	524	392	377
ENSG00000104547	7000	28	142	113	110	98
ENSG00000121939	2300	99	47	41	83	41
ENSG00000181104	5050	166	195	132	297	148
ENSG00000110984	8300	104	87	73	109	105
ENSG00000242437	5150	89	55	41	70	111
ENSG00000156050	200	16	24	5	10	12
ENSG00000198932	111800	1588	2506	1845	1065	1567
ENSG00000167601	5750	90	95	60	146	191
ENSG00000121415	7550	106	106	155	158	152
ENSG00000246738	12100	129	138	161	205	115
ENSG00000165605	0	1	1	0	3	1
ENSG00000118523	22550	541	309	446	347	500
ENSG00000182711	6400	89	70	66	68	66
ENSG00000143463	3850	67	67	69	74	44
ENSG00000106298	7050	101	169	118	201	161
ENSG00000170785	850	16	27	16	15	15
ENSG00000111874	31050	633	1105	955	606	1034
ENSG00000107097	2200	34	19	31	41	33
ENSG00000102220	1100	15	24	17	21	23
ENSG00000124794	2050	7	37	23	21	39
ENSG00000154772	10900	195	130	158	97	137
ENSG00000157376	30950	1989	663	362	359	775
ENSG00000172149	2200	48	47	44	38	79
ENSG00000122691	650	3	3	7	5	7
ENSG00000222511	68750	1177	1608	1144	1794	1183
ENSG00000184861	600	8	14	14	4	15
ENSG00000187816	83300	1855	590	1065	2218	1785
ENSG00000148155	6000	96	143	245	125	100
ENSG00000178972	1400	51	22	32	15	35
ENSG00000116900	1550	32	62	47	71	49
ENSG00000117233	14550	481	275	361	414	366
ENSG00000129086	34100	601	570	1274	652	777
ENSG00000190215	3700	94	104	65	128	91
ENSG00000176788	48250	800	714	727	999	781
ENSG00000121994	329900	11038	9547	10983	9182	5571
ENSG00000244210	3300	68	68	130	82	119
ENSG00000131138	600	15	12	10	20	10
ENSG00000119297	600	22	20	13	35	22
ENSG00000181944	350	20	8	12	5	8
ENSG00000194820	1400	23	19	50	28	39
ENSG00000211653	1950	20	23	19	33	41
ENSG00000111233	250	8	1	7	17	8
ENSG00000175980	19350	551	342	396	423	432
ENSG00000186849	100	3	4	0	1	1
ENSG00000176230	300	10	8	6	17	6
ENSG00000100309	460050	12038	4784	5870	8038	4937
ENSG00000143441	55650	1693	2677	1344	947	1155
ENSG00000114605	19400	301	423	449	477	508
ENSG00000134335	18900	159	224	381	413	491
ENSG00000130186	144750	3765	2824	6007	4720	4337
ENSG00000147422	23250	440	180	405	506	567
ENSG00000198610	11850	225	162	157	157	205
ENSG00000190877	550	15	25	11	14	13
ENSG00000221601	5450	164	132	116	106	138
ENSG00000243037	1700	21	31	31	37	36
ENSG00000173893	1150	39	46	25	25	49
ENSG00000112290	2600	14	27	27	28	38
ENSG00000212687	9050	247	80	110	130	90
ENSG00000121231	2850	34	118	69	117	82
ENSG00000100623	62150	426	1240	601	734	803
ENSG00000240360	150	18	9	10	12	7
ENSG00000179801	4300	62	44	132	89	138
ENSG00000102483	385400	7435	5649	5953	4073	4351
ENSG00000137668	7900	100	212	77	119	41
ENSG00000200906	80000	1016	1352	1471	1058	1565
ENSG00000214059	63000	1708	1511	1425	918	935
ENSG00000200143	48550	1798	1380	1673	814	2457
ENSG00000190891	37350	791	570	918	550	525
ENSG00000109807	600	15	10	7	12	9
ENSG00000108927	3950	58	106	85	84	121
ENSG00000114264	2600	57	40	54	94	103
ENSG00000146975	50	4	2	10	9	6
ENSG00000223369	2150	39	53	75	54	65
ENSG00000181411	1000	7	7	10	6	16
ENSG00000106075	100	7	4	5	4	5
ENSG00000162185	7250	319	227	181	259	364
ENSG00000131331	9550	159	150	75	114	142
ENSG00000125528	1600	54	60	22	41	41
ENSG00000231421	600	17	16	16	25	13
ENSG00000220644	1200	52	67	26	30	45
ENSG00000137652	4900	68	55	39	80	52
ENSG00000164011	2300	50	59	63	54	72
ENSG00000220344	7000	110	170	117	202	57
ENSG00000240243	2350	53	35	64	19	73
ENSG00000170196	20000	309	372	243	493	662
ENSG00000104565	15000	360	501	372	303	588
ENSG00000223660	18900	380	275	294	220	501
ENSG00000220802	2250	45	42	27	60	32
ENSG00000146245	2000	44	54	43	26	60
ENSG00000125509	24500	358	303	384	213	618
ENSG00000222630	4200	61	28	71	99	71
ENSG00000181108	4400	192	73	145	167	97
ENSG00000235847	100	0	2	0	1	2
ENSG00000105576	50	2	0	0	2	0
ENSG00000208830	9550	269	285	221	352	258
ENSG00000118572	14050	346	481	204	384	280
ENSG00000222022	123050	1780	2092	2120	2371	1325
ENSG00000154577	40850	890	467	465	333	627
ENSG00000126268	5000	196	212	252	205	187
ENSG00000198945	4600	158	176	134	165	164
ENSG00000160162	1000	8	7	6	9	7
ENSG00000121707	23850	1213	709	570	1188	812
ENSG00000180001	1250	70	52	75	79	40
ENSG00000248334	23700	462	578	265	873	538
ENSG00000124839	6950	262	151	289	291	107
ENSG00000165584	13650	223	264	259	118	224
ENSG00000104510	38000	822	539	946	834	1501
ENSG00000129355	1650	77	93	59	50	45
ENSG00000225845	1750	42	66	47	53	65
ENSG00000245642	1350	22	40	34	17	17
ENSG00000219524	3550	92	58	33	96	56
ENSG00000229404	201500	3064	3735	2424	4828	4418
ENSG00000231057	4100	36	68	73	84	83
ENSG00000245443	59900	807	1107	1419	2000	2261
ENSG00000226976	50950	562	1165	796	881	1277
ENSG00000142868	33850	766	620	1073	840	885
ENSG00000244885	43450	725	432	406	637	1699
ENSG00000165990	850	21	19	10	21	14
ENSG00000182916	14900	361	276	178	268	329
ENSG00000165524	145250	4544	4947	4967	4239	2865
ENSG00000233578	1500	42	31	53	35	31
ENSG00000212921	5100	170	140	149	190	143
ENSG00000100862	1250	29	41	39	44	26
ENSG00000223146	7650	125	237	430	359	204
ENSG00000235937	500	10	11	28	14	12
ENSG00000102391	126150	4006	4111	4319	2306	3746
ENSG00000241268	5550	94	62	59	108	89
ENSG00000142303	500	13	4	0	5	7
ENSG00000174111	167800	3443	5133	3450	5513	6879
ENSG00000188913	50950	1275	579	805	991	1092
ENSG00000227418	23300	614	575	353	306	513
ENSG00000135137	30500	426	314	427	247	384
ENSG00000148117	2800	58	114	100	56	53
ENSG00000139745	3050	48	98	82	91	88
ENSG00000146688	24400	696	670	469	421	562
ENSG00000223348	51050	690	358	824	588	843
ENSG00000130385	65100	859	807	830	818	1113
ENSG00000209139	14450	234	241	213	215	383
ENSG00000171850	3150	44	35	70	53	63
ENSG00000241200	6350	116	90	94	37	160
ENSG00000133351	105050	1642	1444	2107	704	1520
ENSG00000231575	193150	2631	2172	1654	2350	2648
ENSG00000110180	3600	98	65	28	73	78
ENSG00000136935	4450	78	74	37	96	83
ENSG00000219482	86700	1371	1296	2101	917	2023
ENSG00000247301	30000	632	367	1099	638	990
ENSG00000105935	47200	474	805	322	338	514
ENSG00000196693	750	3	5	11	15	19
ENSG00000197854	1550	42	29	71	70	59
ENSG00000106165	2350	36	59	25	50	32
ENSG00000175068	18650	339	202	230	171	221
ENSG00000187725	300	5	4	7	3	9
ENSG00000180197	88850	2375	2454	2357	2323	2858
ENSG00000140976	19750	315	321	254	234	347
ENSG00000241229	20400	236	424	366	360	562
ENSG00000244726	400	12	5	6	14	7
ENSG00000187482	3500	236	133	167	108	131
ENSG00000142281	154300	1082	1789	1139	1989	1737
ENSG00000125669	500	4	16	5	4	7
ENSG00000113179	5850	292	180	197	219	219
ENSG00000247920	54400	573	1072	598	511	787
ENSG00000242271	1300	39	23	27	49	7
ENSG00000163143	62100	573	733	945	569	718
ENSG00000193202	3050	57	120	106	80	23
ENSG00000100449	110700	1574	2638	1475	823	1360
ENSG00000223215	19450	464	451	237	520	197
ENSG00000168793	12450	177	279	253	206	132
ENSG00000158743	249100	11292	8459	9861	11682	9932
ENSG00000214079	27800	678	523	1126	691	932
ENSG00000185267	79850	2144	2269	610	2140	2415
ENSG00000239059	850	10	10	12	13	12
ENSG00000162132	2650	23	23	40	26	46
ENSG00000144467	58450	702	725	596	760	365
ENSG00000150179	56600	1072	659	451	811	837
ENSG00000165031	7750	170	112	110	151	104
ENSG00000240648	20650	1104	830	565	531	620
ENSG00000143928	900	18	13	17	11	17
ENSG00000187263	15300	136	282	221	237	235
ENSG00000133727	700	14	9	14	12	13
ENSG00000106282	17600	442	301	380	171	330
ENSG00000222298	1650	19	35	57	29	74
ENSG00000183614	3200	40	25	44	42	74
ENSG00000145384	10550	269	177	76	143	80
ENSG00000173939	250050	4385	6249	2892	6354	7168
ENSG00000157499	1150	8	16	27	17	15
ENSG00000118424	1700	27	35	27	46	24
ENSG00000239846	39350	843	1025	1390	1192	1286
ENSG00000200030	5450	41	54	24	53	79
ENSG00000148691	533800	6079	3744	4200	4263	5752
ENSG00000237873	10600	164	351	152	228	227
ENSG00000100688	6600	137	196	150	192	192
ENSG00000138167	9050	299	101	377	418	186
ENSG00000233617	288450	5338	3490	4565	3003	5060
ENSG00000200319	35950	839	749	518	743	343
ENSG00000237889	26850	584	227	395	226	365
ENSG00000202163	12550	123	324	134	222	334
ENSG00000239489	250	8	5	6	1	6
ENSG00000174869	900	17	15	16	36	11
ENSG00000221383	151700	2716	1932	2336	2340	3108
ENSG00000222907	19200	590	696	473	1071	280
ENSG00000119236	14700	165	447	431	475	615
ENSG00000153977	17000	542	715	387	606	592
ENSG00000168945	3350	42	38	24	40	40
ENSG00000166516	8100	531	369	196	270	209
ENSG00000171497	1400	24	24	32	17	27
ENSG00000123596	19600	300	224	339	347	342
ENSG00000148507	1200	18	42	37	25	26
ENSG00000157921	3900	97	67	104	100	109
ENSG00000238635	17700	219	473	227	221	429
ENSG00000221483	3650	94	64	61	61	39
ENSG00000126433	22150	431	470	418	498	248
ENSG00000200993	28800	432	238	535	324	391
ENSG00000190600	6100	296	320	151	225	230
ENSG00000214926	77400	1907	1478	867	1066	1956
ENSG00000130343	250	2	8	2	11	7
ENSG00000153485	0	6	4	8	6	8
ENSG00000196351	26800	402	619	546	394	332
ENSG00000150679	49100	1750	1001	966	822	1301
ENSG00000244298	449050	11986	4627	3784	9386	6445
ENSG00000143482	25250	535	876	517	767	250
ENSG00000109582	22150	485	1154	1139	330	763
ENSG00000211113	1350	12	27	32	20	18
ENSG00000146707	27850	668	640	883	611	713
ENSG00000210969	25200	589	482	759	482	383
ENSG00000247015	700	15	17	16	14	11
ENSG00000210675	1150	24	23	21	19	25
ENSG00000235760	8050	126	74	202	102	122
ENSG00000145400	10250	337	194	210	260	256
ENSG00000219720	0	0	3	2	2	0
ENSG00000220701	11400	186	182	124	201	188
ENSG00000159511	14500	350	203	113	218	275
ENSG00000153655	6700	93	155	94	76	94
ENSG00000216832	11150	248	363	222	262	154
ENSG00000215518	16100	363	476	406	254	366
ENSG00000228736	350	20	13	12	10	19
ENSG00000234039	18000	387	205	219	336	444
ENSG00000200373	4100	81	55	52	103	83
ENSG00000246177	1350	33	14	17	16	33
ENSG00000178393	10300	154	128	263	131	206
ENSG00000101821	192700	1736	2040	1941	3139	1911
ENSG00000233902	150	4	13	11	5	11
ENSG00000236421	400	6	5	2	2	3
ENSG00000207207	200	7	3	4	5	5
ENSG00000157131	558050	6245	7807	7475	9518	8705
ENSG00000165132	6050	77	91	69	97	74
ENSG00000181679	6550	128	136	138	130	250
ENSG00000206978	2050	26	33	39	37	29
ENSG00000232032	600	26	15	18	11	22
ENSG00000162933	100	1	3	1	3	3
ENSG00000127235	13150	224	172	196	222	283
ENSG00000171964	8900	304	246	162	277	161
ENSG00000233999	150	3	2	3	2	3
ENSG00000164675	600	16	11	21	29	16
ENSG00000100362	1800	49	25	21	39	25
ENSG00000183426	7500	108	194	122	141	124
ENSG00000161123	10300	248	294	233	210	214
ENSG00000171659	82400	2053	1450	684	1762	1030
ENSG00000179722	121250	2034	2295	1682	2882	4326
ENSG00000211879	63950	849	1079	914	966	2664
ENSG00000242138	120450	1154	1787	2424	789	2210
ENSG00000244727	600	13	29	14	16	11
ENSG00000142408	2700	33	61	24	39	97
ENSG00000129664	33900	1724	2058	1785	1291	1228
ENSG00000226376	16050	160	357	237	335	181
ENSG00000183943	6150	136	97	129	124	84
ENSG00000234205	150	5	3	3	2	4
ENSG00000204333	100	2	4	0	2	5
ENSG00000213309	52100	872	479	361	550	886
ENSG00000205663	15800	140	208	440	246	224
ENSG00000143564	3000	101	92	85	56	72
ENSG00000212700	5850	42	45	40	73	59
ENSG00000122734	400	5	7	4	7	5
ENSG00000103657	33650	172	314	323	260	334
ENSG00000104199	88900	864	841	1164	1769	1511
ENSG00000228031	123000	2199	4179	2527	3507	7104
ENSG00000220094	7000	74	112	92	96	122
ENSG00000214097	2800	51	78	99	140	124
ENSG00000133707	1150	10	16	14	9	19
ENSG00000146007	68250	1943	961	1359	1904	1881
ENSG00000117128	214150	4757	2852	2431	4651	3024
ENSG00000116542	2050	31	28	29	47	36
ENSG00000192056	14650	143	147	230	306	227
ENSG00000104437	10950	134	237	243	155	115
ENSG00000200266	1900	46	24	29	80	48
ENSG00000236661	50	0	1	2	0	0
ENSG00000149951	3500	50	81	125	43	69
ENSG00000189265	24450	676	308	339	454	310
ENSG00000125569	350	7	12	8	11	8
ENSG00000153207	1650	34	17	32	26	48
ENSG00000133065	50	0	2	0	0	0
ENSG00000207731	45900	2197	800	1996	1648	2753
ENSG00000193266	13750	299	286	287	610	364
ENSG00000161362	6750	149	151	304	77	133
ENSG00000171118	5150	67	68	81	76	76
ENSG00000189235	1300	29	36	54	30	58
ENSG00000118705	4600	167	170	96	124	122
ENSG00000111445	3950	56	80	130	65	99
ENSG00000137958	3600	77	81	93	75	111
ENSG00000165839	8650	121	90	110	148	100
ENSG00000187722	7950	224	260	220	146	132
ENSG00000226612	112700	2222	2257	2729	4218	1495
ENSG00000212087	300	6	18	3	6	6
ENSG00000241645	10300	96	158	357	463	325
ENSG00000151070	1550	34	56	48	42	28
ENSG00000171856	400	23	23	31	18	9
ENSG00000124135	100	1	2	1	1	1
ENSG00000198946	34450	436	487	489	585	537
ENSG00000158961	650	11	11	16	10	13
ENSG00000204816	900	34	13	45	48	19
ENSG00000165334	17150	507	200	353	427	313
ENSG00000179381	250	14	18	5	15	16
ENSG00000117537	7900	150	74	72	151	129
ENSG00000223757	8450	132	90	81	94	114
ENSG00000239557	69850	658	572	920	565	748
ENSG00000196633	41400	826	826	970	1393	586
ENSG00000131578	2900	29	12	36	23	21
ENSG00000212840	63750	521	444	957	1321	1041
ENSG00000145219	4500	120	141	81	121	85
ENSG00000232165	8050	199	175	190	321	186
ENSG00000188662	5950	91	125	54	76	60
ENSG00000110081	17000	497	465	347	667	865
ENSG00000105112	1250	8	12	15	2	14
ENSG00000135681	14150	214	164	227	215	255
ENSG00000125792	67650	778	1959	718	677	1973
ENSG00000114157	5300	74	64	99	77	38
ENSG00000119622	357950	5438	4786	11130	8722	10330
ENSG00000234849	1850	22	28	52	22	21
ENSG00000185645	9000	249	217	209	228	124
ENSG00000100045	5000	41	82	45	60	52
ENSG00000120974	1350	34	12	28	39	28
ENSG00000235605	900	16	17	6	7	15
ENSG00000177388	3800	36	46	37	41	51
ENSG00000159908	3600	137	106	108	125	112
ENSG00000226693	800	28	22	27	26	43
ENSG00000230996	57450	781	659	993	708	665
ENSG00000133401	137850	2520	3079	2839	4252	3549
ENSG00000124841	200	3	8	3	5	0
ENSG00000129281	32500	801	618	458	574	627
ENSG00000192261	5350	287	148	133	257	201
ENSG00000156787	12000	147	160	249	230	269
ENSG00000242443	1501900	13858	19952	16760	7424	20382
ENSG00000242637	84850	1977	1454	2188	1919	1828
ENSG00000110596	18900	447	448	373	280	216
ENSG00000194826	9100	154	152	172	114	332
ENSG00000238650	100	2	1	2	3	2
ENSG00000205323	32050	754	521	363	864	929
ENSG00000166033	1500	29	34	19	46	50
ENSG00000233381	14400	214	254	213	260	262
ENSG00000109821	8100	137	137	235	161	142
ENSG00000135061	46150	863	1677	787	1008	779
ENSG00000230337	535000	5625	3919	9624	8055	12196
ENSG00000244776	90250	634	1164	1005	469	805
ENSG00000237821	58400	2351	1325	1699	3634	1888
ENSG00000178077	5150	123	171	50	45	126
ENSG00000236051	25050	465	369	228	188	472
ENSG00000166181	31950	502	868	612	513	568
ENSG00000129172	400	11	6	14	14	6
ENSG00000126159	456500	9037	7392	11465	8352	9723
ENSG00000212646	1000	46	34	43	47	50
ENSG00000126524	1050	3	17	24	14	21
ENSG00000188056	176050	4827	4750	4471	6819	2473
ENSG00000212348	651000	10128	9560	6729	11600	6766
ENSG00000138191	2050	23	17	25	45	31
ENSG00000222648	800	73	39	29	29	42
ENSG00000138997	2235600	74224	37858	45389	78904	53084
ENSG00000155304	7750	180	273	113	171	220
ENSG00000167077	100	5	4	1	0	4
ENSG00000193451	1200	41	44	43	38	67
ENSG00000106347	383400	7924	11990	8113	8898	5830
ENSG00000127130	31100	460	576	624	436	408
ENSG00000229134	46300	767	553	835	843	687
ENSG00000147968	36450	1658	1379	1485	1955	973
ENSG00000213704	40750	241	703	742	477	502
ENSG00000135844	3850	55	66	41	55	72
ENSG00000247584	0	4	12	9	7	12
ENSG00000121516	12400	313	481	384	236	170
ENSG00000105991	700	9	26	26	28	17
ENSG00000111894	5700	40	88	154	220	128
ENSG00000220155	366650	4866	4670	5677	6133	2376
ENSG00000204067	19550	558	442	614	437	232
ENSG00000176201	11500	206	189	120	160	81
ENSG00000220001	7100	100	268	149	149	93
ENSG00000168498	39050	723	835	830	1131	459
ENSG00000114587	70850	867	818	500	1441	1188
ENSG00000142140	500	15	8	10	6	3
ENSG00000244954	21250	199	182	140	154	238
ENSG00000102022	250850	3635	4668	3174	3968	6875
ENSG00000169961	33900	566	554	479	792	487
ENSG00000236696	2300	18	17	15	26	24
ENSG00000145534	2350	47	48	35	30	18
ENSG00000235473	150	0	3	4	4	2
ENSG00000122833	1250	32	23	18	32	21
ENSG00000230588	163100	2393	2049	4414	4338	3627
ENSG00000213948	5100	206	66	126	118	161
ENSG00000154734	1200	46	25	16	26	22
ENSG00000114604	2400	36	55	45	40	72
ENSG00000160400	4400	102	111	73	103	131
ENSG00000236662	6800	109	126	108	171	146
ENSG00000138097	4300	106	57	94	54	93
ENSG00000228692	1350	22	23	61	35	52
ENSG00000157085	36900	451	438	335	561	497
ENSG00000216036	106350	2575	3604	2839	1084	3290
ENSG00000104848	1900	46	43	58	72	24
ENSG00000148221	2600	32	19	37	18	40
ENSG00000192794	75100	2268	2009	1412	1543	1025
ENSG00000101073	400	7	3	7	6	5
ENSG00000147468	1800	56	45	46	37	28
ENSG00000117189	4950	50	62	74	41	105
ENSG00000122608	6850	193	210	173	158	197
ENSG00000163454	3000	103	60	56	150	58
ENSG00000197082	400	39	19	14	19	16
ENSG00000201336	21850	256	348	87	197	342
ENSG00000198372	350	10	13	20	9	16
ENSG00000102704	350	1	5	6	1	6
ENSG00000100182	50	4	5	4	0	0
ENSG00000163372	22600	689	443	438	1107	755
ENSG00000189559	150	9	10	4	6	3
ENSG00000108603	16500	283	487	317	456	663
ENSG00000204504	13600	347	321	347	396	858
ENSG00000225870	33650	901	608	1349	671	387
ENSG00000161999	5750	88	82	67	93	72
ENSG00000161236	2150	43	55	54	49	36
ENSG00000214840	10000	231	187	177	146	126
ENSG00000249318	2100	52	80	32	31	73
ENSG00000229402	200	14	12	16	14	6
ENSG00000207851	70650	2433	1394	1695	2648	1014
ENSG00000115776	600	22	35	29	24	19
ENSG00000121834	396900	6630	5976	4384	3966	4319
ENSG00000176893	22100	624	393	267	310	215
ENSG00000247389	2550	49	69	72	49	69
ENSG00000118281	18600	254	417	435	462	185
ENSG00000221062	71200	1603	1607	1696	1575	1636
ENSG00000224208	250	10	8	2	8	10
ENSG00000158274	1400	28	25	12	17	28
ENSG00000150725	900	11	20	28	16	10
ENSG00000185518	11150	174	303	123	166	189
ENSG00000229897	19000	218	251	332	286	161
ENSG00000211914	11350	132	171	207	157	193
ENSG00000226848	1350	49	27	24	14	25
ENSG00000164128	3800	56	74	22	49	23
ENSG00000107904	69500	855	2013	1419	1351	1377
ENSG00000142122	54600	1427	1353	1427	1207	1177
ENSG00000168626	4950	156	237	202	164	156
ENSG00000102550	750	16	7	17	3	11
ENSG00000130521	21100	611	341	431	382	559
ENSG00000103081	8950	260	251	238	180	253
ENSG00000215570	6600	269	304	148	223	288
ENSG00000162106	186200	6130	3375	5276	3596	3863
ENSG00000117049	59050	353	876	918	778	1076
ENSG00000177670	1350	18	21	24	11	24
ENSG00000144731	1100	24	16	19	25	16
ENSG00000192790	190400	2515	3155	2143	1518	2184
ENSG00000235426	10100	241	320	341	223	147
ENSG00000164540	48350	860	820	716	499	642
ENSG00000225316	3400	66	137	188	125	141
ENSG00000178383	1550	24	21	14	19	32
ENSG00000226756	11250	538	336	282	117	232
ENSG00000205874	298850	5566	6348	4521	5691	1565
ENSG00000147076	9150	247	350	365	221	387
ENSG00000142760	800	33	2	23	16	24
ENSG00000156903	5200	70	108	143	81	109
ENSG00000182473	2300	39	54	33	72	29
ENSG00000242842	6250	157	193	258	213	183
ENSG00000229635	45800	1267	1724	1401	987	1451
ENSG00000242988	337050	9354	10919	7544	4085	11976
ENSG00000208564	16250	316	187	198	228	194
ENSG00000245364	2600	73	69	72	105	46
ENSG00000217781	6200	255	167	120	175	154
ENSG00000135769	10050	208	152	99	255	167
ENSG00000121713	3250	52	66	88	79	63
ENSG00000248907	15050	218	205	108	247	172
ENSG00000129965	6250	109	285	158	168	233
ENSG00000247381	350	20	20	12	18	19
ENSG00000121558	23300	491	254	809	390	569
ENSG00000227659	1750	78	34	116	78	111
ENSG00000145511	1950	32	23	17	29	12
ENSG00000177445	31300	360	447	758	193	377
ENSG00000228854	2800	67	69	50	70	100
ENSG00000139969	257150	5536	3970	4236	8177	4964
ENSG00000113647	12950	396	699	564	374	496
ENSG00000240951	8250	385	206	181	163	293
ENSG00000245370	1800	41	21	43	32	24
ENSG00000174311	1750	37	84	44	120	109
ENSG00000217900	23550	619	364	528	934	633
ENSG00000123139	2350	29	28	24	53	61
ENSG00000231143	30300	696	544	1063	730	848
ENSG00000130391	200	1	2	2	2	3
ENSG00000246893	11700	312	400	179	177	235
ENSG00000228124	36500	683	634	1235	1016	1364
ENSG00000241217	19250	443	225	194	245	527
ENSG00000112850	6200	204	191	180	160	190
ENSG00000131161	65200	1852	743	1179	1109	1052
ENSG00000210219	1100	52	24	27	31	24
ENSG00000181687	1200	24	20	18	26	25
ENSG00000115576	10200	342	297	214	195	254
ENSG00000183768	81050	3095	1368	3122	1463	1694
ENSG00000231731	17100	431	493	490	449	353
ENSG00000186430	4350	75	61	122	119	84
ENSG00000236466	25500	218	215	187	281	182
ENSG00000103379	16800	329	347	313	372	495
ENSG00000175065	650	20	13	15	13	12
ENSG00000200227	50	0	0	0	0	1
ENSG00000208840	1100	17	19	18	8	21
ENSG00000111864	700	7	11	17	10	12
ENSG00000186864	4200	58	24	68	68	43
ENSG00000248096	1050	10	13	12	12	17
ENSG00000224614	1600	3	31	20	19	40
ENSG00000134651	27550	628	529	326	275	437
ENSG00000190163	7350	153	229	246	214	238
ENSG00000181571	15400	153	149	153	148	95
ENSG00000209846	256600	5111	2895	4240	4397	7525
ENSG00000110996	1950	68	63	81	57	65
ENSG00000231557	4450	74	110	66	78	120
ENSG00000102048	55150	1380	2928	3334	2061	1983
ENSG00000209351	700	24	19	20	16	27
ENSG00000123758	200	6	5	2	1	4
ENSG00000125347	120000	1284	3109	2665	2253	2395
ENSG00000148008	18600	273	443	411	251	481
ENSG00000147433	36900	230	301	524	653	1161
ENSG00000128453	31650	315	450	664	693	605
ENSG00000112574	71600	1646	1441	1043	529	1474
ENSG00000204444	2700	61	38	50	71	34
ENSG00000175263	6250	81	123	200	72	164
ENSG00000206122	700	21	12	8	18	17
ENSG00000167258	11750	184	158	164	241	361
ENSG00000172591	26450	183	333	100	251	578
ENSG00000148495	4450	82	125	58	71	86
ENSG00000183215	35800	1209	403	774	861	803
ENSG00000196383	2688350	82403	38293	51017	39399	59057
ENSG00000109871	1100	19	20	10	23	14
ENSG00000248950	60950	459	1052	1012	714	1184
ENSG00000212478	80750	1230	770	1091	1108	1087
ENSG00000223547	85150	1059	1328	2939	1490	1222
ENSG00000157766	1950	48	30	36	41	20
ENSG00000199748	69000	1722	1248	2722	1850	2339
ENSG00000132980	17400	577	404	545	589	568
ENSG00000131584	5700	187	188	165	94	142
ENSG00000206566	5800	128	114	147	64	117
ENSG00000106864	10600	209	355	308	192	279
ENSG00000105746	46700	1219	1608	1188	2113	1578
ENSG00000142921	76500	1372	1297	844	987	1095
ENSG00000166486	911000	22516	23745	15978	11895	26185
ENSG00000183963	5000	141	93	109	84	98
ENSG00000175111	39800	740	662	638	595	353
ENSG00000100079	6150	90	70	55	105	83
ENSG00000180293	55800	975	707	1107	944	941
ENSG00000180945	11350	180	244	191	266	165
ENSG00000172188	3650	46	47	108	87	41
ENSG00000233865	200	14	18	17	28	14
ENSG00000189204	1550	42	33	38	53	29
ENSG00000203251	11200	509	191	381	169	489
ENSG00000117017	255550	4546	3059	2884	3466	2682
ENSG00000140244	48900	1286	901	778	929	1241
ENSG00000109096	300	20	19	5	8	13
ENSG00000192035	2650	47	70	110	77	49
ENSG00000112291	13700	168	182	157	123	248
ENSG00000180958	9500	386	141	212	149	243
ENSG00000240753	9100	233	131	246	196	96
ENSG00000117328	40000	576	678	621	1208	799
ENSG00000174941	9100	219	231	276	312	219
ENSG00000162451	900	44	38	45	63	35
ENSG00000147316	50	4	5	6	1	1
ENSG00000199476	2550	87	91	86	43	81
ENSG00000225034	150	3	5	9	11	6
ENSG00000155925	3750	112	98	100	95	155
ENSG00000183153	16050	350	297	366	312	396
ENSG00000201252	300	14	3	3	10	8
ENSG00000231082	2800	153	77	137	33	85
ENSG00000188389	3650	160	100	83	77	103
ENSG00000231399	334950	5959	7729	7572	3307	4268
ENSG00000138142	25150	168	538	271	413	382
ENSG00000104722	200	2	1	0	2	1
ENSG00000149675	10000	147	274	131	467	460
ENSG00000108947	13350	462	250	349	380	356
ENSG00000123347	2300	54	111	117	109	94
ENSG00000206038	3800	49	37	57	105	69
ENSG00000103875	23750	318	311	747	446	147
ENSG00000124830	13250	440	643	381	357	395
ENSG00000233637	15800	355	412	113	397	285
ENSG00000197973	1050	12	26	6	21	14
ENSG00000208709	3250	148	81	62	73	85
ENSG00000115192	150	6	6	3	11	8
ENSG00000178075	400	5	7	3	6	5
ENSG00000249788	2550	43	28	15	35	58
ENSG00000196771	550	20	11	22	9	15
ENSG00000153852	2750	79	52	32	44	37
ENSG00000129795	760450	23245	10116	17309	10115	15518
ENSG00000229208	12350	445	321	373	215	375
ENSG00000246056	450	24	14	10	10	13
ENSG00000117734	250	1	2	3	0	0
ENSG00000173661	2800	21	22	29	36	33
ENSG00000243463	300	5	9	6	9	9
ENSG00000207601	100	1	4	3	2	5
ENSG00000162333	35700	399	896	313	530	408
ENSG00000137324	1950	36	41	27	51	58
ENSG00000160718	13150	307	265	372	303	178
ENSG00000245483	3887000	45181	56386	80910	43051	43981
ENSG00000186900	7850	189	196	236	191	232
ENSG00000108467	5000	109	138	113	174	91
ENSG00000109334	4300	237	177	195	236	262
ENSG00000236430	3950	35	55	53	68	55
ENSG00000126723	900	18	18	17	14	13
ENSG00000174122	3850	53	39	64	71	87
ENSG00000120642	33300	516	1238	681	1002	1099
ENSG00000139482	3950	54	80	83	81	52
ENSG00000217076	150	9	13	7	4	6
ENSG00000116036	400	2	15	12	19	7
ENSG00000127606	400	16	8	5	10	14
ENSG00000131169	6650	114	81	81	60	89
ENSG00000170492	21650	286	389	394	495	235
ENSG00000137075	12600	458	264	369	258	402
ENSG00000162311	75800	2143	1031	1027	1431	1577
ENSG00000101263	5950	73	25	125	74	71
ENSG00000235493	35750	729	594	478	410	1050
ENSG00000144671	9900	217	108	375	276	206
ENSG00000107562	28250	335	873	627	446	545
ENSG00000222334	100	1	3	4	1	1
ENSG00000199320	84450	1309	1691	877	1977	1752
ENSG00000172654	300	2	6	3	4	6
ENSG00000134169	1500	13	16	21	10	20
ENSG00000180911	23300	926	662	856	857	937
ENSG00000139204	3450	28	80	78	62	34
ENSG00000130594	191650	5773	2930	4572	2509	3316
ENSG00000112699	7900	234	217	160	122	300
ENSG00000115210	1250	18	14	19	21	15
ENSG00000172395	12200	301	109	246	179	143
ENSG00000103259	4600	42	46	78	76	72
ENSG00000181148	117850	2721	1698	2121	2832	3567
ENSG00000108269	206150	4238	2496	4699	2726	3582
ENSG00000220355	50050	824	343	966	640	533
ENSG00000146853	1900	27	88	96	63	67
ENSG00000137072	8650	167	159	124	139	220
ENSG00000139914	44900	1308	888	1537	1499	1377
ENSG00000111866	1500	42	39	45	18	8
ENSG00000184520	600	36	19	30	28	25
ENSG00000211091	44150	672	820	393	1279	764
ENSG00000102284	24850	465	578	725	565	628
ENSG00000135977	5500	126	129	99	51	53
ENSG00000211629	3750	102	52	52	47	106
ENSG00000140424	50	1	2	9	1	2
ENSG00000229082	46550	1274	1596	1923	1137	1721
ENSG00000192053	7350	59	100	96	105	161
ENSG00000216801	350	10	6	7	5	8
ENSG00000205125	500	13	11	12	11	22
ENSG00000192362	1350	25	27	26	37	14
ENSG00000135840	175400	5374	3752	4274	3908	3439
ENSG00000246720	38350	861	633	822	641	925
ENSG00000191210	200	14	11	8	7	6
ENSG00000162299	380750	5043	10253	6463	5287	5821
ENSG00000165337	117550	2786	1612	2866	1875	3517
ENSG00000183240	750	15	15	12	13	21
ENSG00000187158	50	4	0	1	1	1
ENSG00000188886	42700	983	736	888	1207	753
ENSG00000128057	1400	54	37	54	40	48
ENSG00000111489	6450	144	103	115	86	122
ENSG00000241873	1500	27	52	73	49	108
ENSG00000105685	90450	1550	2023	2333	1115	3099
ENSG00000192184	142850	2928	1573	2052	2121	2837
ENSG00000157872	39600	826	992	741	972	596
ENSG00000198990	4250	144	179	116	53	66
ENSG00000203259	9400	259	239	174	276	391
ENSG00000234757	9950	544	408	374	311	533
ENSG00000166216	750	8	7	4	3	4
ENSG00000164879	51150	2215	1427	2123	1280	1463
ENSG00000165593	2050	84	126	73	58	83
ENSG00000163125	23000	210	304	171	551	247
ENSG00000117105	13500	218	137	165	259	135
ENSG00000220175	17450	519	800	941	1419	849
ENSG00000130752	58300	1546	1573	1926	567	1642
ENSG00000186904	391550	14010	8405	14787	20000	8606
ENSG00000193954	2250	51	112	52	56	71
ENSG00000225937	1300	29	23	16	16	21
ENSG00000237828	7150	114	266	156	243	163
ENSG00000109987	850	60	58	29	29	49
ENSG00000112256	50950	734	623	1149	524	830
ENSG00000246489	1800	30	64	29	39	39
ENSG00000230426	9050	156	154	171	198	139
ENSG00000171401	60250	1493	628	1033	1095	1150
ENSG00000109738	26000	538	824	1435	932	1256
ENSG00000232450	17850	220	300	186	197	265
ENSG00000183779	147200	4237	2889	2219	2444	1894
ENSG00000116634	142600	2696	2123	670	1458	2109
ENSG00000122103	200	4	1	2	4	10
ENSG00000108346	27950	175	168	238	173	364
ENSG00000218110	7700	279	155	401	196	143
ENSG00000131266	3600	49	99	55	63	47
ENSG00000112520	1900	31	47	73	28	59
ENSG00000113314	12000	125	246	217	140	265
ENSG00000114910	10000	250	499	394	380	379
ENSG00000194526	15500	357	358	95	374	339
ENSG00000187010	162650	1638	3210	2038	1648	1898
ENSG00000234637	91550	1035	1169	932	1238	1355
ENSG00000155979	1000	47	35	46	60	52
ENSG00000128394	1650	42	34	39	49	44
ENSG00000113175	31350	739	1009	1061	906	568
ENSG00000143798	1050	25	31	28	57	63
ENSG00000101739	9700	265	219	141	268	250
ENSG00000174959	17300	634	507	350	792	390
ENSG00000240534	41650	1663	822	1331	965	1104
ENSG00000201371	20400	520	513	479	362	326
ENSG00000112782	157650	3421	4075	1551	1305	3711
ENSG00000109282	2750	27	67	102	88	55
ENSG00000165253	45050	681	502	724	886	788
ENSG00000221942	950	30	18	58	26	46
ENSG00000234871	18650	199	298	98	270	210
ENSG00000142796	12600	238	150	119	142	171
ENSG00000113637	700	18	18	29	21	36
ENSG00000176210	0	3	1	1	0	0
ENSG00000130196	73450	1554	753	1166	1688	661
ENSG00000212312	17150	221	210	100	420	331
ENSG00000208530	10100	178	129	235	110	245
ENSG00000189702	1850	48	33	48	52	35
ENSG00000183579	5450	58	69	59	76	93
ENSG00000192319	34600	431	386	639	328	309
ENSG00000100038	8200	101	224	186	116	222
ENSG00000213171	95350	1333	1372	1777	1180	1303
ENSG00000223388	7100	212	141	60	191	175
ENSG00000161326	850	24	42	38	16	47
ENSG00000140457	22150	622	467	246	838	529
ENSG00000208172	2100	40	44	66	47	50
ENSG00000113590	13750	242	265	162	267	308
ENSG00000125315	250	6	6	4	7	7
ENSG00000168788	1550	77	62	81	115	85
ENSG00000209047	20400	503	659	475	469	573
ENSG00000148812	1750	32	63	31	47	72
ENSG00000166360	6700	137	168	216	152	101
ENSG00000239696	22750	505	799	726	481	546
ENSG00000167989	9300	143	135	190	252	192
ENSG00000126523	242350	8248	6758	4218	4243	5363
ENSG00000217152	4450	112	91	105	113	68
ENSG00000219673	7650	46	116	55	145	96
ENSG00000150987	11050	95	146	99	83	96
ENSG00000176967	100	4	7	3	9	5
ENSG00000242668	1000	7	3	4	9	6
ENSG00000107014	31400	384	377	285	554	402
ENSG00000156382	3350	113	65	75	40	72
ENSG00000104507	116650	2292	2960	3100	2498	2595
ENSG00000238837	4950	177	89	152	120	95
ENSG00000148726	4100	92	88	204	82	103
ENSG00000158940	51800	1163	1601	1241	1125	839
ENSG00000222607	12950	235	291	147	130	389
ENSG00000175509	228000	5425	5144	4540	4224	3470
ENSG00000119557	700	15	29	11	23	20
ENSG00000102464	25750	371	304	707	328	196
ENSG00000218087	36500	776	543	453	595	597
ENSG00000233222	31850	545	707	842	587	854
ENSG00000178953	80550	1984	1555	2046	1460	1582
ENSG00000118148	110400	1101	1369	1363	1266	810
ENSG00000111719	9950	157	81	207	146	178
ENSG00000124721	2250	25	46	59	51	43
ENSG00000223231	79950	1781	1615	900	1183	1285
ENSG00000110877	7000	133	244	89	118	184
ENSG00000163219	62200	1228	753	1109	716	667
ENSG00000233437	69000	2219	2449	2450	2425	3126
ENSG00000104372	13450	255	293	116	274	239
ENSG00000145177	1050	20	32	24	23	24
ENSG00000144281	4400	71	49	93	93	57
ENSG00000168418	38800	643	1665	1116	971	678
ENSG00000124232	5800	82	105	75	108	57
ENSG00000138156	61450	1150	763	1501	1671	1059
ENSG00000242090	6900	241	249	86	325	159
ENSG00000191841	9350	190	188	229	161	242
ENSG00000191494	2000	53	29	36	51	61
ENSG00000242225	10000	117	161	260	124	170
ENSG00000182348	57250	1581	1431	1439	945	1310
ENSG00000144383	5350	137	71	113	89	52
ENSG00000189111	4950	145	69	45	53	120
ENSG00000226494	1900	25	37	66	49	34
ENSG00000155962	30200	652	552	704	1396	938
ENSG00000165177	550	6	16	8	9	5
ENSG00000232189	3450	53	39	49	80	48
ENSG00000218923	41000	1041	864	1896	733	1241
ENSG00000234512	180300	3533	2250	3526	2437	2367
ENSG00000236287	4250	134	62	119	144	121
ENSG00000207180	53800	647	770	1091	981	1070
ENSG00000202009	50	0	7	3	2	7
ENSG00000237730	21250	1176	789	1053	933	502
ENSG00000161127	15650	258	284	269	279	365
ENSG00000221442	600	19	6	13	9	14
ENSG00000120670	200	5	6	3	3	2
ENSG00000138529	2800	75	65	87	50	73
ENSG00000218778	15100	307	341	501	268	144
ENSG00000143684	26250	421	357	234	126	475
ENSG00000147357	6100	113	214	207	206	209
ENSG00000137178	29250	401	965	916	655	494
ENSG00000180907	17550	329	355	446	693	700
ENSG00000162243	650	3	8	8	10	7
ENSG00000128050	4150	83	61	117	73	37
ENSG00000113365	2300	86	44	35	51	52
ENSG00000121714	50000	1203	968	1531	861	1325
ENSG00000168158	800	39	49	45	109	83
ENSG00000139022	124350	867	918	1163	1078	1772
ENSG00000230720	13450	139	212	99	160	140
ENSG00000204754	322800	14417	12981	8844	24158	21100
ENSG00000194564	5500	165	92	78	180	151
ENSG00000231805	6950	159	281	181	97	145
ENSG00000212579	3950	94	123	104	106	173
ENSG00000146893	9950	148	354	170	144	248
ENSG00000132261	1010950	23375	25924	28546	29377	12118
ENSG00000163000	3900	56	72	54	45	74
ENSG00000168814	1000	39	22	33	25	43
ENSG00000209686	8200	130	111	135	78	91
ENSG00000219503	20150	875	1017	649	460	722
ENSG00000248878	500	20	28	30	16	22
ENSG00000206292	26650	860	533	672	528	628
ENSG00000186511	44450	622	926	331	771	749
ENSG00000100220	7450	93	98	135	132	112
ENSG00000204607	5250	42	63	101	91	62
ENSG00000239224	1700	52	28	30	28	23
ENSG00000116866	2950	68	108	107	100	73
ENSG00000145913	1800	63	15	36	34	31
ENSG00000248076	107350	2078	2323	1119	1055	1821
ENSG00000131841	233900	3720	2630	5137	3438	4719
ENSG00000219628	2700	69	69	94	103	53
ENSG00000114947	10200	124	193	83	105	69
ENSG00000195948	150	0	1	2	7	1
ENSG00000109812	2300	74	31	61	51	36
ENSG00000189176	27250	219	384	287	396	262
ENSG00000101586	8450	189	223	304	206	251
ENSG00000106739	11650	194	221	121	211	194
ENSG00000182114	60500	1229	1327	716	829	672
ENSG00000109192	10150	110	165	198	144	234
ENSG00000166092	3100	63	55	103	51	58
ENSG00000230952	124650	3554	4362	3234	4966	3416
ENSG00000231973	150	9	10	0	0	5
ENSG00000208598	1350	15	7	17	16	27
ENSG00000204043	2300	29	37	55	48	30
ENSG00000192332	1850	29	48	13	50	21
ENSG00000108076	2000	15	32	41	29	33
ENSG00000113045	3050	94	55	121	77	59
ENSG00000249562	2450	24	39	15	41	10
ENSG00000148355	7950	166	145	210	85	47
ENSG00000155485	21750	431	417	563	509	866
ENSG00000224558	8350	197	198	84	136	183
ENSG00000108074	8650	448	247	154	268	353
ENSG00000236397	500	37	19	17	30	15
ENSG00000220586	1250	11	15	11	23	5
ENSG00000189446	4050	73	74	112	84	113
ENSG00000104072	73500	591	475	1124	485	536
ENSG00000129615	12300	302	427	350	314	176
ENSG00000127924	82450	1390	1259	1199	479	1623
ENSG00000169656	50900	438	1388	1103	1020	668
ENSG00000192099	53850	1255	1216	1085	1262	1172
ENSG00000191578	1750	38	15	48	3	43
ENSG00000234688	72250	2046	2784	1086	818	1205
ENSG00000185333	30700	971	562	370	1066	629
ENSG00000240282	474500	9354	9230	15558	4836	11087
ENSG00000120919	21700	144	491	597	308	467
ENSG00000205274	9100	252	141	159	256	402
ENSG00000218759	6150	92	72	55	60	160
ENSG00000150984	9700	243	236	120	101	122
ENSG00000244113	450	7	1	9	10	13
ENSG00000185991	5700	90	90	50	129	64
ENSG00000241816	5950	79	120	124	198	98
ENSG00000222498	28650	2015	1385	1074	829	743
ENSG00000127860	850	38	41	42	43	43
ENSG00000234642	12750	239	235	156	282	138
ENSG00000223978	284200	6071	5327	5688	3100	3103
ENSG00000140918	2150	74	51	37	27	56
ENSG00000153400	21950	500	759	1013	598	656
ENSG00000149114	3200	70	60	48	50	38
ENSG00000234166	6250	149	121	56	70	136
ENSG00000197784	16450	335	307	319	318	508
ENSG00000169959	36600	1004	451	1152	936	647
ENSG00000118395	2900	50	61	54	64	67
ENSG00000114086	750	22	16	19	12	24
ENSG00000131146	135200	3319	4550	3003	5089	1960
ENSG00000117668	9100	298	274	110	151	302
ENSG00000146962	63250	896	564	528	694	664
ENSG00000151212	37850	631	860	649	721	750
ENSG00000245116	28700	1583	889	598	629	934
ENSG00000120557	6200	81	104	137	63	78
ENSG00000105262	5350	107	94	91	59	97
ENSG00000164713	600	4	6	8	3	6
ENSG00000111089	9450	223	336	194	252	169
ENSG00000219850	2250	60	70	49	45	28
ENSG00000150265	3200	150	81	244	179	150
ENSG00000233522	595800	3432	5430	12731	6324	4531
ENSG00000124997	20350	519	746	555	692	579
ENSG00000237885	6700	188	206	102	131	160
ENSG00000175736	600	9	6	6	20	9
ENSG00000211127	41000	582	630	1197	679	279
ENSG00000139497	107150	3664	3346	1743	3559	2408
ENSG00000151466	1700	28	31	50	23	31
ENSG00000167226	19450	295	477	289	651	483
ENSG00000218470	3250	62	51	69	70	31
ENSG00000109773	5900	111	170	82	121	97
ENSG00000187801	2250	61	59	57	95	112
ENSG00000212804	500	5	4	5	5	1
ENSG00000115316	2850	35	51	27	78	30
ENSG00000103007	300	5	10	9	6	12
ENSG00000131385	109950	1245	4683	1796	1752	1864
ENSG00000244809	48000	1218	1186	709	1489	2107
ENSG00000122719	6200	258	101	259	129	168
ENSG00000109216	15400	203	256	233	224	231
ENSG00000208224	9350	201	140	114	187	132
ENSG00000123455	7800	184	229	177	133	205
ENSG00000179336	5650	124	246	231	205	291
ENSG00000200330	6600	78	66	91	99	101
ENSG00000159403	6400	81	64	93	73	80
ENSG00000132790	700	5	4	13	21	8
ENSG00000224196	800	14	31	28	20	34
ENSG00000174963	3150	42	78	41	29	59
ENSG00000106526	10450	119	241	291	179	107
ENSG00000233122	2150	43	53	67	44	76
ENSG00000127828	388400	6771	5504	5385	4325	11458
ENSG00000208114	5650	132	63	153	87	102
ENSG00000184668	4400	74	91	112	109	91
ENSG00000164935	20850	396	159	263	288	314
ENSG00000138954	53700	1363	1433	743	1270	1231
ENSG00000193455	151400	5065	4633	8717	5527	5378
ENSG00000215003	34400	810	1584	874	694	1076
ENSG00000209936	2000	70	18	69	70	33
ENSG00000135181	3700	120	116	116	112	170
ENSG00000155473	67400	815	1062	924	1450	1688
ENSG00000154318	6750	101	210	158	247	196
ENSG00000173948	41050	463	927	547	520	753
ENSG00000182698	5500	136	141	151	128	124
ENSG00000169462	189550	3313	4799	3358	3383	3247
ENSG00000160850	80350	1693	4050	1733	1937	2242
ENSG00000149630	54950	1430	626	712	1103	1115
ENSG00000182021	11300	214	244	174	133	282
ENSG00000201566	250	2	4	12	4	6
ENSG00000110135	350	4	17	8	11	13
ENSG00000180549	9750	246	298	253	187	273
ENSG00000195485	12950	468	479	297	847	366
ENSG00000128235	50	0	1	2	0	3
ENSG00000234879	3200	104	94	80	52	51
ENSG00000246898	68400	1170	1649	1593	1865	1409
ENSG00000186118	42850	842	1192	592	731	1117
ENSG00000209577	1850	31	101	62	31	97
ENSG00000191302	16450	731	636	457	488	607
ENSG00000103050	11150	156	136	224	132	158
ENSG00000208871	3800	75	114	172	54	77
ENSG00000129677	45250	1343	1443	2808	1437	2245
ENSG00000231433	40200	1731	833	1148	628	2379
ENSG00000229219	2650	89	44	74	65	60
ENSG00000117809	1300	33	17	20	21	29
ENSG00000123929	750	9	13	12	10	9
ENSG00000207205	550	8	8	8	12	14
ENSG00000143885	95000	1666	1546	1928	1650	2090
ENSG00000136731	176900	7288	7500	7217	8408	5718
ENSG00000133042	7950	102	312	255	139	221
ENSG00000197182	99550	1028	1348	866	964	1317
ENSG00000241023	2500	39	43	43	26	36
ENSG00000220548	5450	136	112	195	95	93
ENSG00000103739	34900	1012	1334	456	1761	1056
ENSG00000112489	16850	374	202	361	289	276
ENSG00000181726	8400	116	82	186	114	191
ENSG00000226624	200	6	6	2	9	10
ENSG00000119081	1350	15	2	14	9	11
ENSG00000143572	2350	78	36	50	78	84
ENSG00000210322	3100	56	34	47	81	50
ENSG00000218146	7350	62	220	100	110	168
ENSG00000112865	2300	26	69	61	58	46
ENSG00000185839	7850	74	142	104	81	68
ENSG00000143475	4450	156	194	161	163	134
ENSG00000106071	10650	384	321	423	500	470
ENSG00000108775	7300	358	138	168	159	218
ENSG00000211754	1650	66	32	47	44	77
ENSG00000115729	3000	112	128	63	66	91
ENSG00000101303	46050	695	958	813	1082	1091
ENSG00000159353	7050	117	103	74	144	116
ENSG00000189141	1050	28	10	20	22	19
ENSG00000236191	700	34	18	24	7	32
ENSG00000159096	12150	195	289	266	389	276
ENSG00000172518	16300	440	724	451	495	659
ENSG00000198567	76650	1450	1091	1588	896	974
ENSG00000192112	6550	130	120	100	98	105
ENSG00000189876	110050	2515	1546	1927	2890	2364
ENSG00000131956	2850	98	116	122	71	120
ENSG00000196318	5600	122	82	123	82	79
ENSG00000171308	3300	33	31	73	65	46
ENSG00000165300	18700	812	391	407	366	416
ENSG00000161269	23750	1327	1036	1177	2022	1376
ENSG00000239665	8550	178	210	223	104	91
ENSG00000126562	2400	46	97	69	64	49
ENSG00000228521	350	5	3	9	5	7
ENSG00000159277	4200	204	161	228	223	236
ENSG00000154121	4000	93	46	59	59	61
ENSG00000203686	3100	120	110	75	99	132
ENSG00000213426	1350	63	29	38	39	50
ENSG00000130008	1750	21	15	29	13	22
ENSG00000121505	3450	43	63	121	36	108
ENSG00000196692	16400	337	554	232	308	345
ENSG00000188556	63750	1112	920	569	1089	1293
ENSG00000178912	5750	108	236	99	169	87
ENSG00000149297	13700	429	213	375	260	240
ENSG00000223903	6100	145	76	131	70	103
ENSG00000105505	6500	98	65	92	169	107
ENSG00000116797	350	9	7	9	7	11
ENSG00000237273	39750	1099	490	523	510	1153
ENSG00000152907	13200	164	451	454	420	439
ENSG00000236293	211900	3237	4188	3389	2391	1570
ENSG00000227763	2300	24	50	40	42	17
ENSG00000208496	12100	221	251	80	198	236
ENSG00000176410	1150	23	26	15	18	5
ENSG00000101939	13300	142	248	325	226	221
ENSG00000238196	6450	82	102	135	106	110
ENSG00000107436	29900	559	765	439	419	776
ENSG00000206391	7650	67	150	141	71	140
ENSG00000131636	12450	474	602	384	604	380
ENSG00000197907	4550	58	26	84	69	76
ENSG00000168690	23250	527	445	559	782	548
ENSG00000221151	2800	112	102	50	92	53
ENSG00000241908	2750	53	37	42	43	29
ENSG00000181181	10300	133	137	162	152	158
ENSG00000199570	12350	181	277	214	394	251
ENSG00000228892	200	9	7	12	14	16
ENSG00000177329	350	2	2	10	12	5
ENSG00000191548	9550	210	120	359	234	218
ENSG00000138556	8100	102	95	190	129	66
ENSG00000141186	300	1	3	0	4	4
ENSG00000133468	300	4	2	10	10	4
ENSG00000223947	1650	30	50	43	21	30
ENSG00000212699	8950	335	143	222	261	190
ENSG00000241742	7350	197	314	184	324	177
ENSG00000176698	58600	915	904	705	983	686
ENSG00000168966	61900	1742	1849	1963	2098	867
ENSG00000199616	680100	22193	9503	20093	16701	19996
ENSG00000167825	100	14	8	4	18	10
ENSG00000240743	5000	101	235	128	154	189
ENSG00000182682	62000	850	676	857	1185	1099
ENSG00000132842	500	19	20	9	8	13
ENSG00000194627	750	16	20	7	8	3
ENSG00000101843	5350	225	152	290	199	197
ENSG00000179599	45150	660	992	1202	792	562
ENSG00000223334	86350	1140	1250	2069	1875	2706
ENSG00000210668	200	6	5	6	5	5
ENSG00000222512	350	20	12	9	9	13
ENSG00000161607	3350	185	120	103	105	220
ENSG00000115160	2900	41	24	40	55	59
ENSG00000211490	14350	277	235	277	330	284
ENSG00000223738	15500	86	235	266	172	211
ENSG00000155332	229000	4954	4207	3923	1855	4683
ENSG00000145811	3700	152	149	96	76	102
ENSG00000236738	9600	214	129	124	151	314
ENSG00000135738	8550	163	144	175	120	99
ENSG00000189672	80850	1376	1264	1920	1650	1225
ENSG00000130415	650	17	8	22	21	18
ENSG00000110364	14400	223	365	616	504	203
ENSG00000167797	1700	31	14	40	21	24
ENSG00000194842	550	3	7	10	1	8
ENSG00000124751	84050	1396	1467	1143	1868	1490
ENSG00000154654	14500	564	293	643	238	631
ENSG00000149086	107900	4016	2470	1048	1647	3184
ENSG00000145072	15400	283	110	127	259	356
ENSG00000237103	33500	273	448	612	356	445
ENSG00000164614	11150	249	131	190	275	169
ENSG00000228513	16950	632	438	644	614	531
ENSG00000192111	1800	49	79	85	56	66
ENSG00000224809	170650	3926	4217	6581	3679	4792
ENSG00000115509	1250	22	39	32	17	36
ENSG00000122117	298150	3507	2565	4388	4828	3408
ENSG00000124430	5600	47	98	108	146	149
ENSG00000142679	31350	844	1092	524	757	610
ENSG00000157655	18650	354	104	191	228	125
ENSG00000175522	11600	332	684	235	380	507
ENSG00000177897	80850	3245	2580	4370	1239	2594
ENSG00000130306	13400	229	123	183	123	245
ENSG00000238749	1650	9	38	17	19	14
ENSG00000244538	15650	348	309	197	279	243
ENSG00000204117	21050	633	543	406	332	354
ENSG00000126329	150	1	1	3	0	0
ENSG00000169628	59800	1494	906	857	1709	785
ENSG00000218297	97050	981	1117	1964	1080	2095
ENSG00000234307	200	3	8	7	4	4
ENSG00000168861	8800	145	103	78	94	197
ENSG00000205273	47250	1005	786	906	573	1193
ENSG00000191337	650	8	16	15	13	17
ENSG00000146533	6150	51	93	67	36	64
ENSG00000141580	3350	41	73	40	73	63
ENSG00000106894	26650	419	546	389	383	314
ENSG00000165212	81000	874	1298	1027	631	1440
ENSG00000167992	8300	166	109	115	99	174
ENSG00000123535	13700	115	187	172	80	84
ENSG00000130384	83450	1845	1042	608	728	528
ENSG00000206192	21800	578	511	479	375	462
ENSG00000237059	7900	205	141	56	74	125
ENSG00000223866	163000	2298	6490	2481	2657	1893
ENSG00000215485	450	8	15	8	16	19
ENSG00000120051	19250	369	189	149	164	237
ENSG00000129740	3250	79	77	73	41	58
ENSG00000132596	2100	93	40	69	62	45
ENSG00000155191	12600	262	146	213	211	206
ENSG00000103197	12500	176	157	169	91	113
ENSG00000153316	479250	29724	26835	28362	18763	24810
ENSG00000116140	21000	485	667	668	740	723
ENSG00000211100	11350	304	256	276	339	187
ENSG00000209891	152950	3039	3689	6153	5610	6123
ENSG00000223250	51550	1850	1281	890	895	1869
ENSG00000225994	500	5	3	4	2	4
ENSG00000193614	18750	123	189	149	226	118
ENSG00000133674	31050	695	562	493	432	660
ENSG00000206539	2400	48	41	27	38	41
ENSG00000172326	29750	408	290	158	151	206
ENSG00000101516	4800	41	45	62	58	88
ENSG00000209425	12950	219	375	291	278	233
ENSG00000216886	200	7	10	9	12	8
ENSG00000131734	100	3	2	2	5	7
ENSG00000123126	1150	51	31	48	44	46
ENSG00000249718	11950	267	199	222	197	273
ENSG00000174150	99850	1801	1527	929	1694	1262
ENSG00000110518	3400	87	58	155	126	54
ENSG00000246014	2400	41	23	25	31	24
ENSG00000188665	35000	984	990	563	637	832
ENSG00000200756	10900	179	161	82	123	109
ENSG00000186945	207200	3433	2673	5175	4389	5645
ENSG00000184260	6000	86	101	99	54	170
ENSG00000125309	100	6	0	5	4	6
ENSG00000249729	1250	54	36	29	54	24
ENSG00000205458	1900	24	31	22	15	16
ENSG00000122653	150	10	17	17	7	19
ENSG00000145150	1050	54	40	44	17	35
ENSG00000233940	1850	65	15	38	50	54
ENSG00000205812	3500	100	74	82	96	107
ENSG00000236344	2550	67	41	72	51	46
ENSG00000131047	14400	710	423	385	358	344
ENSG00000196556	16200	411	281	499	467	259
ENSG00000174147	16550	241	265	177	183	219
ENSG00000145538	14950	193	166	189	110	126
ENSG00000220250	150	1	1	6	4	4
ENSG00000191102	150	2	3	9	4	5
ENSG00000106121	1850	21	24	38	20	14
ENSG00000176881	8300	243	338	220	279	210
ENSG00000134758	500	7	11	20	15	6
ENSG00000173843	1600	96	60	38	59	78
ENSG00000171951	17100	351	254	377	250	321
ENSG00000232969	333800	6411	7595	6428	10280	9905
ENSG00000204962	5400	229	252	328	219	284
ENSG00000152274	2000	67	49	24	81	64
ENSG00000162809	46100	1244	525	2204	727	851
ENSG00000207076	6000	266	137	157	124	316
ENSG00000246514	5100	53	62	46	64	83
ENSG00000225736	46900	825	1249	1338	953	1751
ENSG00000237532	450	26	13	43	22	32
ENSG00000144056	4950	162	181	273	373	216
ENSG00000156410	8300	171	150	240	107	198
ENSG00000214464	24800	649	1739	811	1014	1575
ENSG00000109938	500	15	11	19	27	8
ENSG00000229581	350	14	16	13	11	7
ENSG00000204735	5000	77	78	45	121	66
ENSG00000108735	5000	67	47	92	73	21
ENSG00000107039	4450	170	217	181	181	67
ENSG00000172450	4550	73	114	66	46	60
ENSG00000193457	11600	260	178	278	552	322
ENSG00000180068	24900	666	584	309	462	445
ENSG00000135502	13150	219	256	242	236	167
ENSG00000167786	950	18	14	15	18	12
ENSG00000158568	116600	1831	1170	1921	841	1513
ENSG00000171079	600	2	5	11	8	3
ENSG00000174293	3850	153	113	62	53	74
ENSG00000204271	25300	674	1386	833	677	895
ENSG00000245991	1550	39	58	39	64	30
ENSG00000133174	142200	1265	2087	1406	1335	2026
ENSG00000204368	273950	12076	11130	7593	4117	5502
ENSG00000173223	179900	2300	3937	2876	2255	2864
ENSG00000118663	22350	211	205	311	462	404
ENSG00000115709	41300	655	1335	1049	1394	1027
ENSG00000136332	2950	27	23	64	49	76
ENSG00000107001	12150	281	404	273	263	173
ENSG00000162487	24200	485	294	383	365	295
ENSG00000164179	6750	155	160	127	127	200
ENSG00000222487	10500	188	135	189	173	231
ENSG00000166276	2500	169	83	92	107	89
ENSG00000213826	250	1	5	5	4	3
ENSG00000120989	19100	283	336	260	220	306
ENSG00000242489	15450	195	262	208	434	338
ENSG00000156340	294600	3925	7832	10388	5775	8826
ENSG00000130458	45150	693	875	1080	633	576
ENSG00000238230	7200	233	182	141	215	244
ENSG00000200019	33050	933	852	757	656	974
ENSG00000173143	18300	394	563	691	413	222
ENSG00000148437	5000	165	111	89	151	118
ENSG00000154835	4700	68	67	39	71	88
ENSG00000146866	300	4	16	7	4	7
ENSG00000139120	6600	226	247	129	167	282
ENSG00000146107	156100	5379	4030	2947	5037	5403
ENSG00000119079	150	4	2	3	4	4
ENSG00000103684	650	20	17	24	20	15
ENSG00000136546	28950	704	665	556	747	640
ENSG00000178373	16000	144	374	144	242	106
ENSG00000242009	14200	421	196	239	322	400
ENSG00000122988	150	3	4	4	4	4
ENSG00000154676	3200	59	45	46	81	42
ENSG00000102230	19400	347	310	340	315	574
ENSG00000243944	24000	644	235	521	364	614
ENSG00000151485	11900	237	265	285	154	245
ENSG00000140322	1250	25	27	13	42	31
ENSG00000206449	26100	501	637	265	365	420
ENSG00000167201	750	8	9	5	7	9
ENSG00000120859	700	30	5	39	19	18
ENSG00000210503	550	14	8	9	10	10
ENSG00000122996	121000	3517	638	2283	1741	3275
ENSG00000158439	2150	68	53	79	67	49
ENSG00000241664	7000	224	187	186	193	144
ENSG00000167881	0	0	2	1	0	0
ENSG00000218054	36000	997	1677	987	2182	1222
ENSG00000208881	14350	312	249	362	302	195
ENSG00000154186	300	8	2	10	3	4
ENSG00000122473	350	4	2	7	8	3
ENSG00000176311	198450	3852	3778	3335	3087	3069
ENSG00000244670	1300	12	33	27	10	16
ENSG00000140092	387150	5469	4054	6251	5726	8943
ENSG00000218351	3100	68	83	30	95	46
ENSG00000225011	150	0	0	3	0	0
ENSG00000114773	67500	1085	1383	1411	1135	1127
ENSG00000158327	19850	246	333	325	395	547
ENSG00000248045	27500	450	488	976	554	682
ENSG00000236902	3050	82	59	34	53	46
ENSG00000219291	4850	59	75	106	103	102
ENSG00000108634	49100	819	811	1085	630	733
ENSG00000146372	450	16	41	35	22	32
ENSG00000197358	150	2	2	3	3	2
ENSG00000160831	40650	707	625	474	648	1127
ENSG00000167571	1900	41	40	50	27	24
ENSG00000185427	146000	1976	2020	1005	2202	1542
ENSG00000234280	3050	56	61	42	99	60
ENSG00000178650	3950	84	70	64	59	42
ENSG00000130517	4500	78	77	60	80	58
ENSG00000153227	0	2	1	2	2	2
ENSG00000174593	74950	1119	1349	1171	875	1547
ENSG00000152350	1300	22	57	16	52	42
ENSG00000196749	6100	101	59	138	50	41
ENSG00000205953	113500	2027	2630	2108	2317	4625
ENSG00000210849	10150	189	93	110	81	160
ENSG00000173383	46250	388	916	831	665	720
ENSG00000169787	6850	342	396	130	245	183
ENSG00000171213	26300	1025	784	770	442	545
ENSG00000191534	18500	248	137	245	199	155
ENSG00000217735	54800	758	1387	1509	2007	2040
ENSG00000141760	5750	125	92	67	121	83
ENSG00000169398	12500	311	262	290	522	428
ENSG00000210037	2550	34	22	24	57	44
ENSG00000131097	37200	1809	1073	1766	1552	1946
ENSG00000192222	0	4	0	4	0	2
ENSG00000162630	11500	258	196	314	274	175
ENSG00000186035	15550	224	220	284	161	307
ENSG00000147578	15400	235	246	240	225	317
ENSG00000221683	7300	116	94	161	158	107
ENSG00000203968	91450	1789	1700	2711	1435	2387
ENSG00000212484	463100	9516	12373	4425	9117	6844
ENSG00000191496	1700	54	40	23	44	39
ENSG00000221389	200	2	4	4	3	6
ENSG00000136000	400	22	18	6	17	13
ENSG00000123630	1200	22	31	40	32	33
ENSG00000205259	4900	52	102	38	92	140
ENSG00000115111	5200	79	88	118	153	116
ENSG00000222529	43850	1008	754	1005	455	704
ENSG00000152468	2950	63	62	54	59	35
ENSG00000236348	5550	122	165	191	129	159
ENSG00000143264	11850	152	256	114	101	231
ENSG00000191953	1600	26	21	20	15	28
ENSG00000149753	4800	67	92	57	100	85
ENSG00000193725	687250	30583	33689	39298	44598	42948
ENSG00000193274	6500	82	164	129	115	115
ENSG00000158498	1150	12	17	31	47	16
ENSG00000215745	50	1	2	0	2	2
ENSG00000207032	58800	1013	836	1093	932	718
ENSG00000199799	1750	75	45	60	79	69
ENSG00000210719	2000	28	57	46	36	46
ENSG00000205158	1084350	22619	17431	24674	19602	11605
ENSG00000160043	141850	1364	3352	2223	2050	1912
ENSG00000230046	50	12	0	3	8	3
ENSG00000227573	2350	61	31	61	53	51
ENSG00000162550	54100	1848	972	824	1349	1229
ENSG00000200309	39400	718	635	1114	619	704
ENSG00000210775	600	27	18	17	1	13
ENSG00000247652	171150	2493	3511	6092	2456	3609
ENSG00000171400	159150	4806	4575	5814	5824	3709
ENSG00000207952	550	15	13	19	21	16
ENSG00000126690	100	8	2	4	3	5
ENSG00000108065	400	7	12	8	17	5
ENSG00000136814	28300	736	637	636	438	322
ENSG00000178254	42900	930	305	1948	956	1051
ENSG00000136331	5800	155	178	218	160	159
ENSG00000155247	1900	45	36	33	42	54
ENSG00000222668	4150	135	119	136	147	174
ENSG00000179913	16700	522	384	607	578	318
ENSG00000101042	650	14	4	23	12	20
ENSG00000127410	100	1	5	8	6	8
ENSG00000208281	4700	118	71	88	80	142
ENSG00000107344	103400	1746	1955	1725	2422	2081
ENSG00000234776	12300	280	293	229	102	189
ENSG00000120875	5150	183	267	324	245	270
ENSG00000241004	1600	43	24	36	36	38
ENSG00000209334	54800	803	903	714	1265	1081
ENSG00000181496	200	3	3	4	5	6
ENSG00000214283	4100	185	133	85	148	103
ENSG00000160521	1700	49	24	53	34	38
ENSG00000218378	3700	109	100	175	119	70
ENSG00000184838	650	24	16	2	25	23
ENSG00000127915	65900	588	293	613	577	333
ENSG00000136262	8300	115	73	67	72	92
ENSG00000186125	1700	50	63	61	40	40
ENSG00000206534	31900	258	418	429	235	403
ENSG00000161666	5000	229	147	150	93	156
ENSG00000101926	3850	32	40	49	28	88
ENSG00000242250	3150	57	87	57	57	41
ENSG00000177319	18400	750	442	875	185	813
ENSG00000225325	750	7	33	21	16	16
ENSG00000127502	2950	110	99	104	58	118
ENSG00000178390	3500	99	58	119	63	61
ENSG00000140585	14050	208	232	326	187	281
ENSG00000225446	2250	89	122	65	132	109
ENSG00000141538	597500	11574	7793	8624	12386	13282
ENSG00000236539	250	7	3	9	1	3
ENSG00000187617	21600	293	587	223	290	324
ENSG00000177229	4250	139	229	119	91	100
ENSG00000193217	36150	1124	1268	1179	656	1571
ENSG00000153932	200	8	6	7	9	5
ENSG00000156532	33850	1088	2810	1054	972	1642
ENSG00000246785	750	7	11	6	3	15
ENSG00000174527	31800	528	499	402	428	309
ENSG00000131963	19300	453	339	476	200	379
ENSG00000101464	6400	165	165	261	127	109
ENSG00000142447	1750	43	36	30	20	41
ENSG00000151985	1650	34	16	59	30	12
ENSG00000159048	6050	57	132	155	76	129
ENSG00000116081	1700	23	48	51	22	24
ENSG00000137937	200	4	1	3	4	2
ENSG00000247631	100	4	4	6	5	1
ENSG00000150469	28050	344	669	1041	854	484
ENSG00000166740	51950	543	657	1017	1154	766
ENSG00000113429	27950	169	214	472	97	260
ENSG00000116161	6550	200	202	129	152	234
ENSG00000150157	14350	201	138	373	335	227
ENSG00000107103	26400	275	354	360	267	195
ENSG00000221510	9350	240	132	163	247	205
ENSG00000225586	1200	24	31	27	16	23
ENSG00000235705	2000	46	24	74	28	52
ENSG00000115986	600	6	18	11	11	19
ENSG00000244018	14450	224	210	126	139	144
ENSG00000215291	450	21	17	28	17	10
ENSG00000204103	4100	67	127	165	106	154
ENSG00000228953	118450	1491	1531	1868	753	1522
ENSG00000217507	3200	53	47	48	90	72
ENSG00000170925	27450	1022	860	791	650	898
ENSG00000166654	158900	2159	2862	4165	3526	2090
ENSG00000100155	50	3	1	2	7	0
ENSG00000172693	450	8	8	12	6	7
ENSG00000145645	23800	286	456	282	264	205
ENSG00000235742	2000	39	46	24	39	15
ENSG00000171030	15600	502	319	270	550	301
ENSG00000103233	34750	578	637	617	667	404
ENSG00000175618	2100	43	57	93	40	56
ENSG00000142902	42500	764	1100	473	589	603
ENSG00000237376	148100	4319	3841	5452	5059	3492
ENSG00000235197	31850	624	1208	618	770	757
ENSG00000203447	1100	33	17	18	20	20
ENSG00000205446	5450	97	86	107	129	113
ENSG00000130795	1350	63	55	28	83	45
ENSG00000168717	143400	2718	2615	1436	2267	3240
ENSG00000110638	5000	111	71	159	50	75
ENSG00000104494	2000	26	37	21	21	43
ENSG00000221833	12850	132	88	138	94	253
ENSG00000239506	13000	703	324	450	375	363
ENSG00000154742	3650	83	87	76	91	54
ENSG00000232156	7950	113	164	106	260	130
ENSG00000123046	4600	77	119	174	92	162
ENSG00000111981	27700	882	459	892	672	840
ENSG00000207062	31600	1223	1227	1837	681	1601
ENSG00000186433	21950	359	162	184	289	361
ENSG00000171364	3150	76	52	50	48	83
ENSG00000228170	19400	287	245	431	301	440
ENSG00000144191	2800	33	24	27	29	28
ENSG00000175027	59500	1246	1231	1450	765	1148
ENSG00000155794	17550	196	292	319	197	364
ENSG00000143226	10850	241	256	255	232	128
ENSG00000176308	200	0	3	3	1	2
ENSG00000192708	561500	15146	10903	17217	7674	15688
ENSG00000110296	141000	1478	2660	1868	2325	1975
ENSG00000187704	57700	825	2077	1698	628	1113
ENSG00000184484	7850	285	154	206	278	200
ENSG00000203371	36200	372	637	566	332	479
ENSG00000130106	2738950	30376	49508	50589	30155	38345
ENSG00000159616	2050	36	69	44	65	24
ENSG00000228399	42700	675	607	704	1026	605
ENSG00000141677	23100	325	700	802	535	291
ENSG00000178183	10200	186	249	120	200	223
ENSG00000219332	24550	173	244	264	177	266
ENSG00000243818	1400	14	11	26	28	18
ENSG00000173636	58250	754	322	324	733	315
ENSG00000170908	1000	9	14	11	6	11
ENSG00000199887	430600	6905	7867	5114	6607	5270
ENSG00000123729	35350	881	1026	606	691	672
ENSG00000173050	3050	28	35	48	39	23
ENSG00000198732	150	2	4	2	0	0
ENSG00000169991	13650	229	146	180	235	405
ENSG00000145640	27550	698	563	376	292	273
ENSG00000201362	250	8	25	23	9	22
ENSG00000134163	279600	6572	1875	5615	3807	4956
ENSG00000185788	4550	455	380	199	220	250
ENSG00000159036	3250	102	49	103	47	100
ENSG00000147381	250	9	7	19	6	15
ENSG00000117548	4150	148	136	87	170	256
ENSG00000156833	4650	119	96	81	113	163
ENSG00000184286	33450	358	347	851	678	479
ENSG00000213320	80800	882	1901	683	1012	1918
ENSG00000156422	8350	151	215	133	174	102
ENSG00000208424	22550	362	527	706	590	327
ENSG00000236052	115450	2686	3506	2837	2849	3533
ENSG00000112666	54500	658	790	938	615	363
ENSG00000203078	4150	140	115	101	90	114
ENSG00000232317	23500	518	302	466	614	931
ENSG00000104354	2550	94	59	61	47	79
ENSG00000197895	25500	322	490	383	272	560
ENSG00000241169	8100	290	174	135	130	205
ENSG00000162942	1450	7	24	12	15	18
ENSG00000169968	17250	832	324	366	340	583
ENSG00000113489	8800	269	236	196	152	181
ENSG00000164200	29250	639	698	578	689	452
ENSG00000124940	400	7	13	17	22	11
ENSG00000235934	105300	1319	660	988	2022	1248
ENSG00000192854	88850	2231	1756	1464	883	749
ENSG00000164256	4200	117	57	34	109	46
ENSG00000153888	11650	172	86	235	96	114
ENSG00000151497	9950	278	176	224	231	152
ENSG00000141798	9900	245	215	100	119	243
ENSG00000213547	37050	565	579	861	859	558
ENSG00000224046	1600	62	42	54	19	50
ENSG00000210937	1150	11	20	17	11	18
ENSG00000170197	4400	124	119	175	93	77
ENSG00000228586	317600	7418	2441	5010	12732	7904
ENSG00000230744	3850	159	97	108	56	86
ENSG00000152823	800	27	16	19	38	19
ENSG00000212979	1050	42	40	40	21	17
ENSG00000243065	15500	162	181	180	233	456
ENSG00000205830	74400	1138	1959	812	1705	2406
ENSG00000230663	1300	41	24	25	20	31
ENSG00000190989	12400	447	279	236	192	179
ENSG00000153914	15300	185	171	329	217	235
ENSG00000201194	21700	432	166	369	652	421
ENSG00000183345	7700	150	262	257	269	207
ENSG00000232375	49450	2197	2095	1345	1426	1704
ENSG00000244832	24250	899	724	629	674	660
ENSG00000189039	2000	52	61	39	51	30
ENSG00000227926	761300	16150	12283	24086	12014	23528
ENSG00000222070	300	9	9	9	9	11
ENSG00000135088	400	3	22	7	7	15
ENSG00000172716	57050	998	972	761	825	964
ENSG00000157474	7350	385	373	145	114	423
ENSG00000172047	3650	94	96	76	123	67
ENSG00000167124	13250	208	282	423	251	209
ENSG00000207296	37600	476	362	692	727	519
ENSG00000217102	3900	53	74	51	70	39
ENSG00000175331	1050	54	29	59	42	50
ENSG00000132535	1350	15	27	21	26	36
ENSG00000207512	1850	36	34	37	10	31
ENSG00000136714	1050	16	22	36	31	51
ENSG00000140018	64000	2180	1707	1294	1336	1828
ENSG00000126654	13400	295	228	172	200	159
ENSG00000102360	28950	340	199	665	695	519
ENSG00000135215	1950	51	28	48	63	23
ENSG00000200452	83850	2026	995	1152	1351	2097
ENSG00000223680	550	9	4	7	2	7
ENSG00000144773	27150	362	618	462	512	362
ENSG00000202729	34400	740	484	411	740	640
ENSG00000122330	2900	35	37	56	59	41
ENSG00000126289	1250	18	17	12	23	16
ENSG00000196297	19050	372	290	468	409	242
ENSG00000176195	1350	43	29	59	36	51
ENSG00000236133	1100	20	26	22	43	30
ENSG00000235231	11150	135	108	167	147	132
ENSG00000132828	1350	14	13	14	17	9
ENSG00000217225	5250	164	143	123	183	83
ENSG00000219692	691300	4020	7733	6891	11486	7966
ENSG00000231262	3800	46	68	71	64	100
ENSG00000180667	30900	1396	590	492	891	1296
ENSG00000137621	1050	19	10	15	31	20
ENSG00000212977	6550	79	259	236	187	192
ENSG00000225641	4250	49	76	46	96	43
ENSG00000234003	7050	138	171	144	96	144
ENSG00000101719	19450	511	633	1013	593	1014
ENSG00000158144	422200	13319	9932	10503	9170	8377
ENSG00000121547	4250	91	100	100	103	117
ENSG00000239179	89650	1364	1217	2076	1970	3469
ENSG00000151429	26100	218	463	338	371	277
ENSG00000135177	48450	460	466	406	707	441
ENSG00000165564	1450	75	41	73	12	105
ENSG00000129065	1750	16	15	51	30	48
ENSG00000223651	4400	46	65	101	226	129
ENSG00000191846	2050	19	51	33	26	23
ENSG00000245497	9500	94	159	84	90	154
ENSG00000211065	650	20	19	12	16	11
ENSG00000186991	6250	155	128	181	45	141
ENSG00000207674	7850	198	115	149	196	277
ENSG00000207428	188150	6004	7726	3908	3778	11883
ENSG00000186948	173800	5560	7654	5774	4715	4358
ENSG00000218251	16150	405	352	289	480	316
ENSG00000113744	2800	55	41	33	63	51
ENSG00000171674	21650	324	592	685	424	515
ENSG00000184656	25600	1044	1411	500	1114	992
ENSG00000202531	6700	54	92	66	141	107
ENSG00000222127	1050	10	25	39	28	20
ENSG00000222016	200	3	3	1	2	1
ENSG00000230774	3750	179	102	126	114	210
ENSG00000147600	401900	5837	8108	6345	6481	12391
ENSG00000120528	3400	138	140	122	105	161
ENSG00000214851	15900	277	428	306	248	115
ENSG00000223936	24850	239	387	443	141	479
ENSG00000222208	18000	333	315	418	474	270
ENSG00000239940	34900	568	509	830	775	919
ENSG00000248439	150	1	2	3	0	2
ENSG00000182707	4800	106	99	131	58	63
ENSG00000122579	26600	329	362	431	372	344
ENSG00000202743	4800	100	108	74	186	137
ENSG00000149941	86100	1803	1728	2476	1769	1505
ENSG00000116701	4450	104	42	80	88	106
ENSG00000108917	27600	696	320	1002	1234	1400
ENSG00000129295	216200	5954	4185	1969	9137	6173
ENSG00000211818	6050	108	104	57	62	123
ENSG00000162430	7050	278	207	131	189	254
ENSG00000177969	6950	54	85	98	111	94
ENSG00000152801	64800	670	683	526	413	765
ENSG00000170578	150	0	0	4	1	1
ENSG00000154305	200	11	12	5	10	8
ENSG00000228029	4600	90	79	112	101	89
ENSG00000159450	41450	789	1218	735	993	552
ENSG00000173533	17350	511	238	377	533	601
ENSG00000176337	850	29	44	28	35	26
ENSG00000140810	163600	4287	2794	3607	2825	2331
ENSG00000121000	9250	142	168	270	281	156
ENSG00000106763	2050	42	46	66	31	42
ENSG00000222545	20550	538	247	336	481	220
ENSG00000112062	96350	2751	2556	2948	2558	2681
ENSG00000156093	5000	154	138	103	161	144
ENSG00000164998	300	4	9	12	13	7
ENSG00000119659	2000	83	45	43	46	62
ENSG00000189445	11350	179	148	110	243	156
ENSG00000125629	77800	1213	1181	552	1531	903
ENSG00000202599	1650	22	15	31	29	10
ENSG00000212125	12350	249	209	502	279	206
ENSG00000106183	750	8	4	15	19	19
ENSG00000227618	8600	189	105	174	164	120
ENSG00000198590	650	15	12	4	8	6
ENSG00000218715	3650	54	59	80	43	83
ENSG00000204369	200	2	7	3	4	7
ENSG00000219648	1150	13	17	13	12	30
ENSG00000192496	350	5	16	7	6	2
ENSG00000211513	150	3	3	7	4	1
ENSG00000147312	80450	1577	1848	1567	2937	1917
ENSG00000211485	63000	1941	1115	966	1908	888
ENSG00000115469	11250	460	283	550	336	719
ENSG00000122937	3500	105	38	46	69	43
ENSG00000161185	135700	3533	2632	2205	2624	3761
ENSG00000138863	6000	72	139	176	66	53
ENSG00000152595	10350	578	238	356	420	360
ENSG00000206459	92250	1356	954	1697	1204	1089
ENSG00000208229	8650	235	156	227	181	208
ENSG00000171487	183400	3820	3203	2746	2754	1820
ENSG00000113437	6550	100	107	129	163	199
ENSG00000206703	6050	81	147	113	135	137
ENSG00000230365	7200	317	287	250	320	202
ENSG00000150623	850	20	8	16	14	11
ENSG00000107523	900	29	16	12	18	20
ENSG00000227880	36550	427	639	862	541	1216
ENSG00000141505	350	7	3	8	10	6
ENSG00000160931	61450	3082	897	2321	1323	1150
ENSG00000182308	11600	416	213	281	157	347
ENSG00000166070	62900	2350	1060	1554	1493	1881
ENSG00000178415	58450	768	902	516	666	680
ENSG00000107827	17450	591	470	363	899	649
ENSG00000179729	256900	5385	2985	4592	5088	3163
ENSG00000234455	5600	119	87	140	131	167
ENSG00000100135	5450	136	117	93	133	57
ENSG00000229724	77100	2169	2067	1590	1428	1613
ENSG00000127400	1000	49	69	50	45	45
ENSG00000138151	77450	2319	2305	1620	1476	1516
ENSG00000218960	22850	640	473	862	868	787
ENSG00000245386	2400	45	50	62	60	53
ENSG00000241170	300	7	8	15	12	6
ENSG00000126131	50	4	2	5	3	2
ENSG00000150867	159400	8075	12855	7039	2969	6945
ENSG00000238098	150	5	3	6	11	4
ENSG00000140477	300	14	8	16	6	13
ENSG00000169372	32050	702	887	656	1315	824
ENSG00000104026	16800	397	285	300	395	280
ENSG00000211182	9200	208	162	270	184	164
ENSG00000240315	13800	231	246	97	219	178
ENSG00000108253	3200	54	39	63	67	125
ENSG00000209427	1000	23	30	9	27	37
ENSG00000169128	900	28	23	54	27	64
ENSG00000178264	34200	217	602	645	459	552
ENSG00000170733	42950	1861	788	1294	2026	1219
ENSG00000245234	116200	972	2333	2208	2162	1680
ENSG00000239255	4400	213	102	145	149	122
ENSG00000235680	50	3	0	4	2	4
ENSG00000217789	23500	642	236	264	371	703
ENSG00000136666	6400	139	63	115	165	109
ENSG00000197593	100	0	1	2	0	0
ENSG00000207341	90450	2729	2279	2824	3099	1406
ENSG00000143352	20300	268	204	331	240	358
ENSG00000217446	13450	65	104	177	97	75
ENSG00000242218	4400	466	317	285	185	268
ENSG00000230024	5250	408	119	252	333	120
ENSG00000227684	14900	336	224	319	159	246
ENSG00000187487	5250	251	264	138	140	280
ENSG00000161762	5950	134	84	98	286	251
ENSG00000244310	21700	298	592	470	469	742
ENSG00000167687	21250	202	378	401	300	393
ENSG00000243441	454650	22914	17291	13047	18373	34342
ENSG00000224616	7250	207	253	256	288	177
ENSG00000216805	3900	59	64	74	58	68
ENSG00000166527	3650	24	33	62	23	84
ENSG00000204371	17250	479	363	459	168	413
ENSG00000185444	9200	287	210	173	88	249
ENSG00000104046	6750	179	304	341	168	322
ENSG00000122545	7050	188	170	138	110	66
ENSG00000179592	8400	138	61	126	76	69
ENSG00000157078	39850	661	573	996	840	1028
ENSG00000140999	128100	1274	5147	4193	3071	3983
ENSG00000114925	28000	426	307	253	333	279
ENSG00000213610	7500	87	78	161	112	164
ENSG00000186001	800	16	15	25	12	24
ENSG00000149280	400	13	12	13	11	11
ENSG00000195111	10850	140	139	220	151	174
ENSG00000170414	5450	104	59	160	125	88
ENSG00000101139	8250	162	78	128	173	178
ENSG00000119899	1000	29	21	19	15	18
ENSG00000198872	6750	154	113	136	169	45
ENSG00000191123	100	5	10	3	3	6
ENSG00000249899	400	21	12	5	10	22
ENSG00000170459	1500	35	35	34	41	32
ENSG00000237892	19050	311	475	698	674	560
ENSG00000110593	1500	48	33	49	36	41
ENSG00000166103	2050	29	24	15	12	21
ENSG00000125650	17000	181	245	262	255	196
ENSG00000132864	2950	134	104	152	103	91
ENSG00000201145	32000	471	748	1118	948	1183
ENSG00000142131	12150	194	331	284	157	401
ENSG00000139003	3900	165	278	137	362	323
ENSG00000178910	3250	108	138	129	58	53
ENSG00000205422	28350	416	389	558	550	619
ENSG00000217545	2600	41	35	24	21	23
ENSG00000237374	300	7	4	9	7	4
ENSG00000241068	21050	792	607	701	891	857
ENSG00000222862	1900	67	67	56	33	36
ENSG00000249202	5800	166	76	112	178	178
ENSG00000131703	25150	388	579	529	469	256
ENSG00000134407	27550	1115	1191	814	1190	680
ENSG00000180267	0	2	3	1	0	1
ENSG00000146070	400	22	24	18	10	15
ENSG00000163348	70550	1627	2302	1355	2174	1346
ENSG00000211834	150	7	8	7	3	7
ENSG00000226858	11050	302	300	367	424	312
ENSG00000141802	2450	88	47	58	55	106
ENSG00000134893	1050	22	34	18	24	14
ENSG00000206789	9050	182	105	87	135	147
ENSG00000205353	100	4	6	11	5	6
ENSG00000113148	24550	244	253	226	668	245
ENSG00000143604	81400	765	2157	1534	983	2107
ENSG00000239591	350	9	19	4	9	2
ENSG00000184999	1750	20	44	20	30	29
ENSG00000158918	83800	1027	1762	1517	2337	1644
ENSG00000190122	18100	242	356	258	250	285
ENSG00000204797	3250	74	39	56	52	52
ENSG00000225880	134200	3255	2388	2788	3618	2759
ENSG00000142342	350	5	10	2	6	3
ENSG00000243843	2050	70	60	43	28	118
ENSG00000144204	9250	154	171	114	159	94
ENSG00000180728	4500	59	41	79	64	97
ENSG00000234794	34800	487	1038	680	399	722
ENSG00000187894	150	5	3	4	7	8
ENSG00000240190	12350	153	156	136	202	211
ENSG00000168700	700	28	12	22	32	32
ENSG00000242652	107950	1041	1191	1823	1239	2010
ENSG00000230370	56150	985	1470	1202	1342	1790
ENSG00000243756	1400	22	27	23	40	15
ENSG00000170546	750	11	8	5	9	18
ENSG00000247636	5850	102	133	176	138	64
ENSG00000199170	1050	8	19	27	24	29
ENSG00000139222	1600	30	62	43	58	25
ENSG00000198024	16650	393	170	482	414	483
ENSG00000244458	1700	88	36	85	100	28
ENSG00000194697	198000	4526	6786	5898	4389	4783
ENSG00000179923	6900	281	155	96	220	124
ENSG00000126842	3700	53	21	60	43	17
ENSG00000132144	500	14	13	25	12	13
ENSG00000123389	3700	100	36	50	52	29
ENSG00000121126	75050	724	721	408	1017	550
ENSG00000225691	21000	632	522	438	550	614
ENSG00000242506	95400	2486	2759	1610	2239	2085
ENSG00000195548	50500	1752	1897	2696	1297	2497
ENSG00000105539	24250	360	399	615	596	283
ENSG00000174744	1300	44	25	31	74	31
ENSG00000235206	6300	108	117	156	112	71
ENSG00000183247	7550	134	195	251	60	241
ENSG00000143979	300	4	1	6	7	9
ENSG00000201784	10700	268	310	325	196	214
ENSG00000132369	800	20	14	13	20	10
ENSG00000129038	5100	70	118	110	115	135
ENSG00000124368	4250	43	44	52	81	50
ENSG00000223210	12800	535	836	352	516	466
ENSG00000242778	1342600	49896	26351	22793	20938	28633
ENSG00000156208	650	11	11	11	26	11
ENSG00000167656	4700	145	115	215	143	212
ENSG00000111225	348000	3956	8285	10964	6060	8838
ENSG00000198614	1300	24	13	20	36	19
ENSG00000146969	3500	75	84	135	39	72
ENSG00000204233	8600	139	59	166	85	142
ENSG00000138591	4500	290	364	207	402	288
ENSG00000151705	250	3	3	0	4	5
ENSG00000208119	5500	562	311	336	362	162
ENSG00000212246	27950	364	305	364	809	501
ENSG00000238847	1248350	17888	32245	18716	29296	16094
ENSG00000204505	9100	199	156	94	85	64
ENSG00000136247	3500	47	42	64	36	56
ENSG00000228778	8250	174	253	93	145	434
ENSG00000101946	0	0	1	0	1	0
ENSG00000209266	12550	320	237	154	296	288
ENSG00000203379	216900	2937	3316	2824	3719	1685
ENSG00000177063	8300	117	156	115	145	169
ENSG00000211516	5700	91	137	123	157	133
ENSG00000134622	3350	79	122	125	74	103
ENSG00000110665	4800	153	215	157	281	224
ENSG00000198115	750	10	9	9	15	8
ENSG00000186874	146600	2049	1683	3269	3751	4405
ENSG00000106625	2950	82	36	63	73	31
ENSG00000116020	3600	87	44	51	61	64
ENSG00000180761	196750	2071	5382	3467	4912	3819
ENSG00000138824	8750	172	159	160	155	159
ENSG00000106081	3200	21	60	89	92	59
ENSG00000130037	130900	4338	3983	1881	5578	3616
ENSG00000230502	12050	145	205	136	160	169
ENSG00000173751	66600	858	1028	1165	1205	1653
ENSG00000185741	1450	38	50	41	49	31
ENSG00000128013	150	5	5	9	3	7
ENSG00000120617	10000	221	106	176	180	172
ENSG00000191139	133400	2489	3201	2092	2472	2920
ENSG00000244120	2900	56	71	35	88	75
ENSG00000246774	19450	225	293	204	508	474
ENSG00000152887	22150	575	761	940	774	903
ENSG00000169033	9400	315	157	253	486	191
ENSG00000193643	15450	104	156	312	184	101
ENSG00000173153	43950	663	1014	741	1085	479
ENSG00000171358	9200	248	144	195	147	279
ENSG00000234112	3550	27	34	71	51	59
ENSG00000145180	64250	1243	1629	1151	1718	894
ENSG00000170254	36850	726	386	845	683	623
ENSG00000113527	15100	186	256	492	452	252
ENSG00000154336	31450	625	664	529	761	610
ENSG00000123486	0	0	1	2	2	0
ENSG00000101457	9250	150	180	190	119	128
ENSG00000157928	8350	96	125	120	88	198
ENSG00000140123	150	1	1	1	5	2
ENSG00000108339	462900	9324	4153	14915	14908	13616
ENSG00000172453	13250	588	261	360	175	140
ENSG00000195156	3000	51	58	97	75	72
ENSG00000116175	2200	53	95	46	61	59
ENSG00000191989	10350	264	112	135	412	213
ENSG00000201240	6150	133	164	184	130	143
ENSG00000247146	100	3	4	6	4	3
ENSG00000230971	2200	59	86	68	79	70
ENSG00000215362	12400	474	326	217	277	317
ENSG00000143164	18850	316	246	637	325	377
ENSG00000165659	45550	1341	644	856	1068	631
ENSG00000142014	600	11	16	26	10	15
ENSG00000214752	2650	34	11	48	60	83
ENSG00000189812	9050	355	181	266	389	268
ENSG00000159302	1700	30	34	29	54	23
ENSG00000179467	8100	329	183	151	297	210
ENSG00000185230	1050	32	34	22	24	20
ENSG00000177844	31550	524	450	469	523	397
ENSG00000184510	10500	172	237	274	133	139
ENSG00000210553	36150	339	562	382	608	559
ENSG00000218376	7650	144	145	190	138	382
ENSG00000155585	1650	30	40	20	33	32
ENSG00000246312	550	16	12	16	18	8
ENSG00000131302	6600	245	248	202	103	225
ENSG00000109880	2800	44	34	41	48	69
ENSG00000203895	250	6	9	8	12	4
ENSG00000235331	2350	34	39	47	29	38
ENSG00000141404	38250	697	1374	714	946	1088
ENSG00000143361	78450	908	2180	2979	1496	2405
ENSG00000141338	43100	810	640	722	550	798
ENSG00000211366	109100	2426	2387	2203	2109	2829
ENSG00000155402	4350	169	26	101	86	62
ENSG00000247392	5850	174	95	70	111	131
ENSG00000201296	900	27	22	49	23	30
ENSG00000176985	1600	52	38	48	18	19
ENSG00000163109	235500	6647	4166	5773	6390	4410
ENSG00000173926	20000	299	554	529	258	306
ENSG00000141347	24550	502	750	597	538	463
ENSG00000101406	1504100	39321	22872	19708	31084	18942
ENSG00000187156	506600	8757	12763	7888	7607	6034
ENSG00000212027	1350	24	21	36	21	60
ENSG00000171555	72800	1323	1162	1057	1058	1554
ENSG00000239394	1150	30	43	27	39	31
ENSG00000231763	55600	1682	942	1143	857	553
ENSG00000177866	200	3	5	3	5	2
ENSG00000116986	1500	28	26	23	35	20
ENSG00000139476	1300	26	20	18	26	12
ENSG00000237403	550150	13953	8977	12403	10857	10425
ENSG00000144878	200	7	6	4	4	10
ENSG00000129132	77500	1545	2135	1553	1565	2639
ENSG00000171015	51000	1302	1496	409	1769	1360
ENSG00000249897	9950	177	217	315	123	171
ENSG00000183264	43900	767	739	622	864	1054
ENSG00000223620	862700	34900	21769	9530	33518	33993
ENSG00000102640	13250	337	287	153	202	307
ENSG00000134992	4300	83	73	88	93	87
ENSG00000220388	211450	1591	2356	2305	2096	2142
ENSG00000172604	51800	787	844	761	1022	775
ENSG00000247504	350	16	15	6	23	18
ENSG00000240479	8800	215	254	235	379	233
ENSG00000124227	12050	271	262	377	348	253
ENSG00000214346	800	24	18	23	23	13
ENSG00000110750	1200	24	17	20	25	21
ENSG00000105129	1800	32	39	46	48	54
ENSG00000182651	750	17	21	10	11	19
ENSG00000215671	25350	742	447	394	510	299
ENSG00000231733	14200	504	262	259	307	180
ENSG00000224211	100	2	2	0	1	2
ENSG00000196315	3000	85	88	96	114	98
ENSG00000185733	11150	226	318	162	146	205
ENSG00000128357	400	22	12	10	19	8
ENSG00000226187	5550	77	96	89	150	95
ENSG00000204116	16150	413	381	257	285	275
ENSG00000132325	350	8	3	1	6	4
ENSG00000148686	6850	98	66	101	50	119
ENSG00000174418	0	1	1	2	0	0
ENSG00000200234	31750	974	573	1118	663	517
ENSG00000117823	1100	60	45	24	53	26
ENSG00000231044	350	11	8	18	5	7
ENSG00000219888	300	6	0	2	1	1
ENSG00000159592	300	7	4	14	3	2
ENSG00000131748	60150	1329	2770	1144	2363	1898
ENSG00000220856	600	9	55	30	61	42
ENSG00000127161	2100	39	19	52	67	21
ENSG00000142398	4500	77	87	88	113	80
ENSG00000115257	200	10	13	5	3	3
ENSG00000179653	35950	1045	398	590	705	462
ENSG00000232627	0	1	3	2	0	0
ENSG00000148641	53350	611	502	1461	666	731
ENSG00000174655	950	29	9	17	40	30
ENSG00000125961	7200	245	222	265	264	240
ENSG00000236783	17450	239	327	188	224	173
ENSG00000209812	43400	803	568	677	869	480
ENSG00000169383	800	13	4	17	10	11
ENSG00000115305	28850	826	556	506	361	556
ENSG00000206981	15400	187	70	121	84	116
ENSG00000230157	7300	71	209	121	98	92
ENSG00000187684	5850	138	120	60	96	68
ENSG00000177877	67500	1360	1614	1075	2711	1645
ENSG00000217238	16400	608	305	400	373	234
ENSG00000227857	98300	1808	2373	2156	1942	1853
ENSG00000213093	35300	806	650	1022	847	776
ENSG00000164307	50	1	2	1	0	6
ENSG00000240623	8450	92	85	80	97	139
ENSG00000242990	106000	1195	804	799	928	858
ENSG00000213028	2100	33	27	31	20	17
ENSG00000170939	150	4	13	9	6	2
ENSG00000237377	50	1	1	3	0	0
ENSG00000120811	386650	8165	8909	10995	8560	5416
ENSG00000121148	1200	11	20	21	28	20
ENSG00000183564	11950	150	124	169	177	483
ENSG00000202600	450	12	14	14	11	14
ENSG00000224845	8950	334	268	256	349	300
ENSG00000242635	262500	4317	2283	4636	3972	6292
ENSG00000203556	250	4	4	7	13	12
ENSG00000139031	9150	168	144	197	97	171
ENSG00000244110	1500	25	32	20	29	36
ENSG00000213860	150	1	2	3	3	6
ENSG00000235771	1500	25	29	20	21	20
ENSG00000208802	7900	86	136	190	164	115
ENSG00000223965	112250	1824	1464	1672	1567	1504
ENSG00000166416	102900	1791	1588	2094	1968	2556
ENSG00000138784	2650	180	135	127	98	154
ENSG00000236707	500	8	7	4	4	8
ENSG00000159593	35250	343	1042	544	829	702
ENSG00000167774	6450	95	115	195	204	143
ENSG00000165958	7000	152	121	204	109	110
ENSG00000243195	350	10	22	7	13	12
ENSG00000194598	6550	95	76	85	118	135
ENSG00000173351	583400	11877	12581	7551	4831	9126
ENSG00000151557	189950	4007	1453	4175	2386	2606
ENSG00000116607	53000	2174	2191	2846	2215	2838
ENSG00000228099	27050	614	394	297	425	984
ENSG00000166263	3050	46	59	46	54	82
ENSG00000128418	8150	327	143	72	191	156
ENSG00000159984	5800	202	288	181	270	159
ENSG00000178030	8100	349	625	300	340	247
ENSG00000193632	4700	98	91	34	53	49
ENSG00000194302	850	21	25	23	20	19
ENSG00000160546	61450	1782	926	1199	938	1376
ENSG00000143281	2100	51	64	57	94	57
ENSG00000172924	23300	565	454	464	554	724
ENSG00000196559	6200	99	59	52	85	110
ENSG00000214225	16550	352	695	581	567	660
ENSG00000221046	29050	323	456	159	708	520
ENSG00000137932	37350	448	757	752	664	391
ENSG00000120672	12600	782	677	816	745	610
ENSG00000181398	750	21	14	30	20	22
ENSG00000171099	100	30	3	13	15	8
ENSG00000163197	6550	76	105	144	229	145
ENSG00000163611	278500	3636	2338	3659	2373	3106
ENSG00000168021	2100	27	35	17	38	31
ENSG00000193578	850	11	15	9	16	13
ENSG00000131510	836350	19519	24055	8120	6008	13664
ENSG00000135558	150	11	4	2	6	8
ENSG00000211399	2950	46	60	31	28	46
ENSG00000177313	3600	46	37	41	53	49
ENSG00000219410	800	24	19	25	29	56
ENSG00000179480	2800	36	59	38	21	45
ENSG00000104780	68450	997	684	676	1590	1291
ENSG00000137982	11800	224	235	246	357	137
ENSG00000133533	9800	344	216	143	223	187
ENSG00000146527	150	3	5	9	1	6
ENSG00000100084	23900	1198	730	685	540	460
ENSG00000178522	5400	248	200	147	236	366
ENSG00000199560	6650	121	163	139	236	141
ENSG00000238294	53150	1242	1184	773	772	512
ENSG00000223781	11250	354	214	286	180	262
ENSG00000138096	4050	259	147	140	126	133
ENSG00000230410	19300	254	250	335	208	405
ENSG00000214252	1800	22	56	30	50	26
ENSG00000127537	1100	22	18	14	33	17
ENSG00000201440	400	9	8	14	10	19
ENSG00000204045	43950	789	1584	1231	1321	748
ENSG00000193140	3550	42	36	34	34	22
ENSG00000192228	14150	268	159	275	305	161
ENSG00000215916	46000	1102	1087	881	1455	1579
ENSG00000198638	145800	6001	6108	6591	6049	5574
ENSG00000118790	2500	100	63	71	64	79
ENSG00000184458	11900	161	123	422	161	204
ENSG00000158490	8050	160	197	210	288	156
ENSG00000150853	400	16	11	8	19	8
ENSG00000123860	1250	29	53	24	33	43
ENSG00000151991	2704750	49130	53463	14059	26694	20126
ENSG00000154582	8100	120	188	124	127	139
ENSG00000112469	158250	3895	3588	3940	3696	4890
ENSG00000205392	30350	706	659	413	306	356
ENSG00000217302	278600	3713	8192	7018	5936	2747
ENSG00000169717	184850	1370	2268	1807	1521	1891
ENSG00000189508	13100	286	206	222	250	163
ENSG00000114541	500	7	12	4	10	16
ENSG00000210206	136000	2654	2493	2491	1986	2378
ENSG00000162194	41150	413	399	570	283	796
ENSG00000217313	17500	261	280	366	295	446
ENSG00000140873	47400	459	744	762	1335	1312
ENSG00000221089	1450	31	19	26	26	30
ENSG00000101105	10300	297	177	96	168	140
ENSG00000144320	5450	228	124	171	164	85
ENSG00000182917	450	5	2	6	14	9
ENSG00000218310	1100	7	9	8	8	4
ENSG00000174541	6250	107	136	92	131	131
ENSG00000149593	100	0	1	0	0	1
ENSG00000103182	19150	1017	471	559	715	495
ENSG00000235251	26050	676	550	578	595	748
ENSG00000130461	10550	95	126	96	210	86
ENSG00000247367	9650	222	223	254	189	224
ENSG00000118279	150	2	0	1	5	2
ENSG00000202778	4800	151	308	247	178	296
ENSG00000132309	21550	161	297	360	377	763
ENSG00000234687	22350	372	290	382	353	202
ENSG00000246955	57800	903	585	961	1040	758
ENSG00000236702	5100	172	89	116	122	61
ENSG00000232579	284150	6619	7813	8516	5552	11221
ENSG00000206050	21250	370	346	194	326	393
ENSG00000167971	39750	706	566	690	705	852
ENSG00000185557	67450	1642	752	1573	1263	1465
ENSG00000205321	1650	46	35	43	32	33
ENSG00000167771	600	19	16	6	22	13
ENSG00000103282	27550	550	748	1432	634	802
ENSG00000148163	500	5	17	9	4	4
ENSG00000156293	1600	40	29	42	42	60
ENSG00000221618	56750	1217	922	1030	635	528
ENSG00000191629	450	6	12	17	7	15
ENSG00000178614	600	13	12	26	18	27
ENSG00000114503	900	13	14	10	10	18
ENSG00000220106	750	8	19	16	10	28
ENSG00000244281	335900	8132	6096	8219	7750	5157
ENSG00000163936	39000	497	268	603	311	618
ENSG00000129825	48250	915	819	967	1215	600
ENSG00000119641	200	6	2	1	4	2
ENSG00000117334	0	0	0	2	1	2
ENSG00000148193	500	10	16	12	11	17
ENSG00000233270	51400	1003	757	1279	800	780
ENSG00000164272	81550	1423	1496	647	1292	452
ENSG00000174601	150	2	6	4	4	7
ENSG00000117326	100	3	5	1	8	5
ENSG00000225634	29850	476	540	384	305	641
ENSG00000126388	16150	149	145	263	162	184
ENSG00000205289	16350	319	291	299	258	252
ENSG00000111865	7950	307	538	589	630	444
ENSG00000242943	600	11	17	10	28	14
ENSG00000127399	5650	215	270	80	128	185
ENSG00000157351	2150	46	91	79	82	86
ENSG00000115336	124600	1955	1351	1972	1850	2341
ENSG00000180990	2600	82	71	34	100	45
ENSG00000216727	350	0	5	9	5	2
ENSG00000244696	72600	1954	1260	2607	2860	1681
ENSG00000205347	302550	1962	4844	5381	4514	4780
ENSG00000105967	43650	619	1131	348	1294	470
ENSG00000183623	3850	67	59	56	64	94
ENSG00000102760	1000	11	15	29	19	12
ENSG00000131782	42050	1114	551	1318	1241	537
ENSG00000204773	1450	32	74	51	74	23
ENSG00000203162	10000	319	292	430	305	375
ENSG00000137099	43700	515	470	192	927	758
ENSG00000134287	4100	80	86	78	68	136
ENSG00000136500	0	2	5	2	2	2
ENSG00000198779	21800	318	200	440	236	474
ENSG00000113039	450	7	18	22	11	12
ENSG00000235542	50	4	4	4	10	5
ENSG00000102976	8650	152	60	64	67	78
ENSG00000174991	8000	129	107	153	129	169
ENSG00000227971	5600	66	174	157	125	104
ENSG00000181734	38850	394	559	495	461	424
ENSG00000121544	150	5	7	1	3	3
ENSG00000201286	21450	343	270	467	436	399
ENSG00000207351	250400	3933	2380	2036	2292	3955
ENSG00000214106	2700	98	100	132	123	81
ENSG00000172943	2150	46	42	56	72	86
ENSG00000190767	4700	69	41	137	108	44
ENSG00000205047	102050	1916	1505	903	1708	1957
ENSG00000171855	3150	113	65	86	30	60
ENSG00000158338	1150	25	15	15	28	23
ENSG00000223900	100	7	3	0	2	2
ENSG00000117590	149300	1568	1704	2385	3652	2056
ENSG00000114532	157950	2840	2647	2851	3487	1751
ENSG00000229286	5200	106	125	129	100	151
ENSG00000236730	506200	12463	11910	10515	5695	7627
ENSG00000153654	4450	103	33	65	67	22
ENSG00000211747	33150	597	576	431	382	810
ENSG00000249368	400	12	9	7	3	7
ENSG00000242740	800	16	9	21	29	17
ENSG00000121466	5950	145	70	167	105	146
ENSG00000172902	17600	414	397	460	412	413
ENSG00000245575	30200	735	501	419	263	306
ENSG00000100348	450	29	17	24	20	35
ENSG00000249951	1500	72	52	44	60	21
ENSG00000191528	6800	58	122	136	66	90
ENSG00000101194	3050	104	33	72	43	59
ENSG00000129694	2600	108	82	83	73	95
ENSG00000146711	34750	681	726	724	503	572
ENSG00000120871	60750	1225	843	1680	1517	1419
ENSG00000111303	450	1	2	3	6	1
ENSG00000134756	77900	1176	2223	2560	2339	2844
ENSG00000136787	11350	158	313	157	101	414
ENSG00000107613	13300	262	284	414	186	324
ENSG00000117505	11300	334	325	238	259	228
ENSG00000206180	37900	1202	588	980	932	1193
ENSG00000194752	20250	934	472	780	570	436
ENSG00000192741	150	4	5	10	7	2
ENSG00000139182	23450	712	696	1067	706	1212
ENSG00000118683	350	12	15	10	10	17
ENSG00000125389	6650	236	538	317	322	242
ENSG00000199044	7000	145	120	260	187	200
ENSG00000155496	300	6	6	4	7	7
ENSG00000141888	4500	224	156	159	218	83
ENSG00000133994	5950	60	52	69	119	93
ENSG00000132985	1800	38	18	44	22	29
ENSG00000224541	488950	8766	7160	7231	7491	9129
ENSG00000171628	8150	251	248	147	164	151
ENSG00000239093	3200	35	58	83	64	74
ENSG00000245890	190500	3311	4505	4502	4000	5519
ENSG00000136400	10450	182	93	152	204	74
ENSG00000231532	4650	126	154	68	158	91
ENSG00000137163	150	4	1	1	2	2
ENSG00000241263	33550	305	578	627	296	237
ENSG00000150215	43550	1112	830	385	1470	779
ENSG00000212864	357550	5684	5984	5820	4260	3899
ENSG00000243479	1050	20	18	27	28	14
ENSG00000147595	66250	1512	1168	1663	1330	1087
ENSG00000175591	132150	2619	2514	1794	1965	3313
ENSG00000234389	13200	1219	489	599	809	864
ENSG00000189810	4800	119	78	82	197	139
ENSG00000223828	200	6	7	2	13	12
ENSG00000220950	12700	276	267	250	280	259
ENSG00000175815	4500	16	28	62	83	68
ENSG00000120276	350	8	5	3	4	4
ENSG00000104251	17500	710	456	830	345	387
ENSG00000119611	8250	185	92	79	124	66
ENSG00000219244	6800	129	78	91	104	95
ENSG00000181589	317800	9167	5658	9166	7161	5219
ENSG00000217708	2750	30	83	50	48	28
ENSG00000224738	0	3	1	4	0	2
ENSG00000205868	0	1	1	1	2	1
ENSG00000245927	25050	655	543	364	567	316
ENSG00000147683	6900	114	82	124	65	83
ENSG00000146460	750	27	12	14	17	30
ENSG00000247790	50	2	1	9	3	5
ENSG00000193557	1200	25	17	28	28	14
ENSG00000147238	1350	27	9	10	15	24
ENSG00000168349	6050	161	99	62	173	180
ENSG00000160895	1550	15	10	14	25	9
ENSG00000229438	700	22	37	26	32	17
ENSG00000100283	7750	96	121	151	131	126
ENSG00000149707	1450	42	4	18	22	23
ENSG00000204363	8850	466	154	269	173	350
ENSG00000199111	200	0	3	1	0	2
ENSG00000130160	650	10	7	16	4	15
ENSG00000134875	80350	1313	1846	1174	1536	1323
ENSG00000147488	7200	181	158	182	160	209
ENSG00000109059	950	6	15	15	16	7
ENSG00000184152	6250	62	60	142	92	162
ENSG00000122778	2900	33	61	30	11	35
ENSG00000244745	3000	43	65	57	64	27
ENSG00000244436	181200	2007	1844	2497	1734	2693
ENSG00000158022	4200	47	63	93	46	37
ENSG00000220894	8150	159	322	210	185	156
ENSG00000179956	1500	41	23	38	24	30
ENSG00000180903	2000	22	33	20	19	49
ENSG00000116215	300	6	7	4	7	9
ENSG00000113948	900	39	30	41	47	44
ENSG00000237845	2950	75	28	93	52	38
ENSG00000193238	3400	58	61	90	92	99
ENSG00000209808	8200	224	163	97	147	159
ENSG00000175046	10250	297	122	120	92	229
ENSG00000152753	12350	592	552	510	617	319
ENSG00000245591	3050	64	104	153	61	81
ENSG00000109693	79650	1268	902	2599	1842	2713
ENSG00000201647	22650	576	609	720	499	619
ENSG00000104226	56850	2758	4202	1297	2162	3509
ENSG00000204738	6900	79	87	103	53	102
ENSG00000107684	97600	2080	1721	1198	803	1986
ENSG00000236874	5050	234	102	128	208	71
ENSG00000190798	250	7	6	3	3	5
ENSG00000109716	2850	175	162	149	77	145
ENSG00000155342	4450	61	95	52	65	88
ENSG00000143677	400	3	10	6	6	0
ENSG00000175777	1050	15	13	37	13	17
ENSG00000115123	2600	45	46	55	47	41
ENSG00000204085	588550	14037	16563	11248	12313	24953
ENSG00000138876	18550	223	203	216	310	248
ENSG00000242044	311500	6293	7096	3629	7163	5171
ENSG00000101658	75500	1014	1150	684	662	983
ENSG00000123966	76600	1685	1618	1678	707	1016
ENSG00000246368	71150	733	620	1013	527	411
ENSG00000237716	300	2	7	3	7	7
ENSG00000112954	102000	857	2142	1637	2732	2787
ENSG00000190346	850	13	9	33	15	10
ENSG00000145042	19950	322	231	425	518	513
ENSG00000212021	4300	66	153	98	87	85
ENSG00000232200	159100	4247	3682	1905	5280	3144
ENSG00000115798	87400	1374	1243	1760	1674	1445
ENSG00000122906	239050	6026	7652	8013	2583	4621
ENSG00000132938	26150	255	467	418	453	417
ENSG00000215895	7800	195	199	168	105	134
ENSG00000118117	38650	906	517	420	1030	960
ENSG00000240102	772400	19006	13285	24471	12576	14853
ENSG00000153117	20200	443	477	286	416	219
ENSG00000104124	7450	191	55	107	79	204
ENSG00000234490	400	11	16	8	10	13
ENSG00000181164	600	18	13	38	37	10
ENSG00000227011	4950	206	164	111	156	99
ENSG00000214463	11050	350	402	439	554	317
ENSG00000208725	21250	264	714	426	376	440
ENSG00000104428	3350	113	85	117	73	98
ENSG00000232645	15300	244	251	168	126	222
ENSG00000214520	217350	3301	4470	2749	4026	3283
ENSG00000127510	235250	6589	7671	6107	4554	3564
ENSG00000112816	70550	1740	1456	1804	1609	702
ENSG00000165970	203450	2607	4142	6693	3555	4170
ENSG00000132450	72950	1094	2264	1377	2287	1665
ENSG00000178594	199350	9600	2903	6057	2318	4855
ENSG00000220471	1200	8	14	6	10	8
ENSG00000118425	1450	58	82	64	55	21
ENSG00000130243	8050	214	114	247	463	306
ENSG00000196829	15100	210	378	353	207	198
ENSG00000182411	82800	2773	1459	3606	1816	1711
ENSG00000142638	50	2	3	1	5	4
ENSG00000186548	14050	155	302	204	121	173
ENSG00000113858	16250	155	133	150	384	285
ENSG00000156991	2200	42	49	26	21	11
ENSG00000225926	5050	179	230	77	184	106
ENSG00000116283	62550	1360	1203	1087	765	1196
ENSG00000118096	16150	326	288	276	563	249
ENSG00000148895	4200	96	114	149	97	94
ENSG00000216393	7600	233	448	205	136	177
ENSG00000174233	4050	66	98	97	101	118
ENSG00000126695	62250	1958	441	603	492	1573
ENSG00000231504	4550	224	78	69	135	103
ENSG00000155027	18200	1729	1488	894	1084	1622
ENSG00000242124	3300	39	34	37	106	47
ENSG00000117800	6650	162	82	105	149	136
ENSG00000165140	1550	23	15	24	9	13
ENSG00000248678	5100	125	93	128	93	119
ENSG00000211154	58150	624	841	699	940	1273
ENSG00000140554	900	17	17	37	26	23
ENSG00000241854	2550	59	149	67	89	38
ENSG00000114213	9650	143	170	191	219	171
ENSG00000106172	4450	35	89	79	82	120
ENSG00000189069	45650	791	618	686	1119	784
ENSG00000140380	450	9	21	22	11	20
ENSG00000117665	64700	1379	753	832	714	692
ENSG00000135144	101550	3542	2197	1499	3600	2847
ENSG00000137731	152750	5465	4603	4734	4791	5092
ENSG00000222746	10250	71	168	173	152	97
ENSG00000171791	1350	29	32	32	14	36
ENSG00000118464	400	5	3	7	7	8
ENSG00000234761	30700	498	591	373	500	485
ENSG00000231783	46050	908	966	930	567	1125
ENSG00000152338	9850	266	230	392	311	237
ENSG00000137224	14650	410	329	238	256	180
ENSG00000154432	53850	720	335	359	405	928
ENSG00000178542	5250	48	103	99	38	80
ENSG00000133591	350	14	9	9	9	5
ENSG00000158540	750	10	13	13	8	3
ENSG00000194673	1850	45	15	46	34	39
ENSG00000121385	850	22	37	14	27	38
ENSG00000225109	100	4	11	5	4	3
ENSG00000119060	1750	64	65	60	19	73
ENSG00000217288	750	6	15	12	14	9
ENSG00000232493	24350	580	659	318	332	733
ENSG00000222159	6700	119	66	114	109	170
ENSG00000100015	31550	736	832	655	447	603
ENSG00000205823	500	8	26	9	9	3
ENSG00000201288	1100	24	15	10	13	11
ENSG00000159562	250	10	4	9	11	7
ENSG00000171101	15700	575	187	221	434	158
ENSG00000229711	1521750	52743	37467	52560	62734	40547
ENSG00000191675	7600	181	212	190	260	150
ENSG00000133259	3650	31	95	103	43	56
ENSG00000109899	19450	198	151	308	243	187
ENSG00000219432	7250	164	223	213	94	63
ENSG00000204631	52350	1035	995	1105	782	763
ENSG00000134858	5250	164	294	101	223	146
ENSG00000240611	1150	17	21	22	16	13
ENSG00000201343	200	5	1	2	2	6
ENSG00000159657	17000	363	300	471	346	343
ENSG00000235833	30900	622	1434	919	1175	784
ENSG00000112093	12150	120	280	186	304	107
ENSG00000218673	550	23	20	9	16	17
ENSG00000109228	3000	95	60	81	52	70
ENSG00000114160	2950	91	103	44	93	96
ENSG00000168755	33800	253	429	284	297	450
ENSG00000105354	11400	263	315	135	187	91
ENSG00000174072	73550	1656	1983	2227	1317	1412
ENSG00000138524	5300	99	109	70	129	114
ENSG00000104290	1650	31	45	21	38	22
ENSG00000155738	309850	6612	3787	5463	6118	4434
ENSG00000144495	500	10	13	21	23	13
ENSG00000242204	1200	33	48	32	32	19
ENSG00000175826	331400	9739	11483	4909	4931	8501
ENSG00000199080	10700	334	230	306	309	261
ENSG00000233072	297550	3613	7621	6239	8540	6547
ENSG00000225025	100	0	1	2	2	0
ENSG00000182039	87500	1437	2299	1466	4466	1168
ENSG00000119155	8600	189	54	151	231	192
ENSG00000132890	6500	253	279	160	225	124
ENSG00000180174	13750	488	711	462	537	148
ENSG00000173682	0	1	1	4	2	0
ENSG00000113001	1000	19	30	38	29	17
ENSG00000216964	18350	325	210	244	403	438
ENSG00000151573	2164300	58516	30941	51944	41488	74059
ENSG00000186979	1800	10	25	33	29	42
ENSG00000184761	1001050	16836	14688	19057	18931	29632
ENSG00000113730	36000	512	550	436	552	684
ENSG00000157568	84700	782	1618	689	1586	1234
ENSG00000198840	1100	28	40	7	13	16
ENSG00000246614	22600	380	310	615	739	468
ENSG00000218926	800	18	20	37	23	38
ENSG00000159221	650	24	7	15	11	16
ENSG00000242261	113500	2471	1578	3113	2341	2306
ENSG00000207972	1850	43	49	40	48	44
ENSG00000112044	2350	57	56	43	71	54
ENSG00000113851	46550	826	567	436	1335	516
ENSG00000218320	1700	36	22	19	15	37
ENSG00000200649	750	10	11	18	4	9
ENSG00000164766	8450	262	207	159	113	263
ENSG00000148862	15200	264	187	146	156	371
ENSG00000229668	168000	1547	2789	3236	802	3349
ENSG00000157105	850	15	21	18	13	12
ENSG00000178901	32350	399	331	505	473	603
ENSG00000143075	44450	389	558	1075	642	502
ENSG00000170090	2450	67	76	71	71	55
ENSG00000227267	5250	55	200	143	85	52
ENSG00000128876	5950	188	81	141	117	152
ENSG00000102831	800	9	10	29	9	29
ENSG00000165416	450	8	4	7	13	9
ENSG00000206232	30450	609	279	723	407	824
ENSG00000125371	650	12	13	15	15	17
ENSG00000106774	1550	9	18	21	15	26
ENSG00000171901	43250	753	853	842	654	725
ENSG00000160388	2200	80	61	50	45	69
ENSG00000125519	1650	86	44	104	26	38
ENSG00000161152	400	10	8	14	20	11
ENSG00000104025	650	10	8	14	8	26
ENSG00000108998	250	5	8	3	2	10
ENSG00000113993	400	12	1	8	13	6
ENSG00000179424	162200	1571	2479	1333	2592	1460
ENSG00000176199	1650	12	21	12	22	32
ENSG00000200127	200	0	1	1	0	3
ENSG00000242337	500	2	11	10	21	13
ENSG00000100560	22850	811	446	638	694	431
ENSG00000162392	600	12	7	13	9	10
ENSG00000149387	5750	165	89	104	126	177
ENSG00000154100	1100	25	19	17	16	16
ENSG00000227941	150	8	7	2	2	3
ENSG00000154886	1450	45	44	47	45	27
ENSG00000218039	900	26	27	21	31	8
ENSG00000174424	5300	170	142	93	84	156
ENSG00000172769	20300	401	415	422	233	671
ENSG00000222015	5550	103	98	144	73	107
ENSG00000163660	1258700	16926	26196	43785	22497	19464
ENSG00000202690	600	21	23	18	16	27
ENSG00000117218	58250	1429	2561	2236	1602	1766
ENSG00000178779	10250	352	316	279	230	251
ENSG00000164421	89300	2617	3131	1090	1454	2468
ENSG00000215181	15300	294	313	409	356	375
ENSG00000225838	50	3	2	2	2	0
ENSG00000139976	4550	72	92	60	100	53
ENSG00000106802	53350	795	575	939	840	1018
ENSG00000149271	6650	115	213	109	115	229
ENSG00000216069	400	11	13	10	12	5
ENSG00000203236	2000	30	37	25	49	32
ENSG00000215729	12850	327	222	228	218	297
ENSG00000147509	55350	1939	1264	772	1574	1671
ENSG00000145651	4200	26	53	57	42	30
ENSG00000218216	7550	159	270	162	221	134
ENSG00000124701	1750	21	16	7	13	17
ENSG00000129413	650	9	13	9	9	15
ENSG00000140506	1800	38	55	40	26	37
ENSG00000165336	87800	2754	2018	1769	2040	1157
ENSG00000198254	19800	529	367	888	775	340
ENSG00000155882	3150	51	127	92	70	43
ENSG00000173622	6750	95	115	102	97	197
ENSG00000137885	18150	365	461	389	465	283
ENSG00000190350	3650	61	137	65	105	51
ENSG00000246854	2950	58	48	25	9	63
ENSG00000234841	3350	89	55	87	70	80
ENSG00000155708	13800	362	392	535	946	454
ENSG00000216084	3950	51	47	46	45	47
ENSG00000122149	36500	474	810	756	836	545
ENSG00000127880	150	1	3	1	1	1
ENSG00000190194	2000	12	45	45	21	31
ENSG00000249434	1500	40	44	60	29	49
ENSG00000137832	27150	247	245	251	268	648
ENSG00000240421	1200	14	13	10	17	27
ENSG00000106131	1500	20	49	78	30	28
ENSG00000122878	15100	257	286	189	145	118
ENSG00000212427	6200	88	47	119	92	106
ENSG00000147580	2300	40	63	37	29	41
ENSG00000168602	2100	39	24	29	43	105
ENSG00000245437	650	19	14	27	11	14
ENSG00000205287	23850	809	675	454	493	289
ENSG00000191672	14150	320	324	437	229	191
ENSG00000148178	21000	707	554	491	412	680
ENSG00000245262	657650	12325	11183	11084	11707	11960
ENSG00000123835	100700	1335	1115	2174	1733	1323
ENSG00000146443	20150	403	289	196	320	369
ENSG00000197158	5550	74	36	119	58	74
ENSG00000160903	682050	11663	4283	10312	10356	11422
ENSG00000133723	12000	184	247	160	161	137
ENSG00000211122	2350	44	75	84	65	110
ENSG00000159389	101700	822	1997	1575	2448	1820
ENSG00000141083	18500	335	313	190	512	436
ENSG00000221585	2200	102	103	79	74	62
ENSG00000133711	9600	336	466	415	290	221
ENSG00000188820	390250	7750	5664	11352	8016	5702
ENSG00000204552	12250	156	305	199	260	120
ENSG00000160877	23700	224	389	476	318	88
ENSG00000179884	1200	22	40	23	32	29
ENSG00000102320	4200	53	15	83	64	72
ENSG00000164091	31450	1039	1836	642	906	895
ENSG00000192875	7200	271	172	112	126	117
ENSG00000155874	11750	150	216	326	102	248
ENSG00000108761	126100	1408	1428	1529	820	916
ENSG00000191692	5200	95	89	85	106	108
ENSG00000100720	178600	3801	5165	6053	2670	3844
ENSG00000204458	1500	35	66	46	47	54
ENSG00000205838	1750	36	45	22	37	34
ENSG00000226398	1550	11	23	42	21	35
ENSG00000210085	550	5	8	5	6	8
ENSG00000175894	32200	253	547	516	269	505
ENSG00000122992	12600	115	169	221	221	134
ENSG00000185391	145100	2495	2554	1976	1600	907
ENSG00000175474	3500	38	28	41	44	38
ENSG00000115691	27250	651	1124	339	676	461
ENSG00000157217	83300	3804	1712	2071	3112	2136
ENSG00000228168	2700	116	202	52	142	76
ENSG00000127319	5400	48	166	117	90	149
ENSG00000228707	0	0	2	4	1	3
ENSG00000180820	400700	4573	7933	5967	8629	9292
ENSG00000175944	11350	70	110	121	158	107
ENSG00000232281	11750	456	782	654	846	631
ENSG00000173231	4000	63	76	62	18	70
ENSG00000144306	11750	829	341	315	303	333
ENSG00000125956	1200	9	9	15	12	23
ENSG00000148374	45500	796	777	607	1032	256
ENSG00000240004	9950	169	219	199	136	294
ENSG00000219435	4500	76	65	84	50	80
ENSG00000159351	17650	215	437	417	562	506
ENSG00000146500	0	4	8	2	7	4
ENSG00000142378	11600	112	115	200	173	162
ENSG00000207632	2900	56	65	86	90	92
ENSG00000111328	165650	1908	2317	2657	1321	4426
ENSG00000190515	32600	548	1299	878	642	648
ENSG00000134722	5450	123	143	87	72	112
ENSG00000197568	4000	52	87	68	92	117
ENSG00000126531	2390450	39391	53303	47687	63881	80730
ENSG00000238832	1200	28	21	15	42	16
ENSG00000196848	402750	3294	7165	5771	10672	4677
ENSG00000228898	55050	600	853	851	767	485
ENSG00000175249	29550	629	868	743	884	526
ENSG00000137768	150	0	1	1	6	2
ENSG00000175240	33400	945	661	996	1073	846
ENSG00000154703	2350	63	80	85	96	42
ENSG00000155241	2000	17	8	33	19	19
ENSG00000188306	16100	415	712	217	501	494
ENSG00000199971	1250	26	28	49	25	30
ENSG00000126594	31200	607	527	329	394	596
ENSG00000197811	700	19	22	26	10	19
ENSG00000227482	27150	801	462	563	429	603
ENSG00000231875	10100	498	321	299	369	392
ENSG00000121488	2150	30	38	24	41	25
ENSG00000244934	950	13	22	36	13	12
ENSG00000213705	1200	20	24	27	35	31
ENSG00000162461	3150	73	33	57	24	20
ENSG00000161839	2350	56	51	62	44	41
ENSG00000188266	410900	6327	4426	6065	9901	4968
ENSG00000245502	23000	212	197	482	163	248
ENSG00000208896	1800	86	38	71	61	56
ENSG00000106850	2500	75	125	132	48	97
ENSG00000234867	1550	34	6	29	36	26
ENSG00000187048	15900	184	343	299	252	385
ENSG00000196193	7250	119	117	121	113	126
ENSG00000229704	1800	33	50	40	77	11
ENSG00000233419	800	53	32	52	6	40
ENSG00000208925	4750	46	62	46	52	49
ENSG00000135728	900	13	10	20	22	16
ENSG00000106431	8450	89	112	223	291	99
ENSG00000191671	1050	30	22	17	16	32
ENSG00000136997	15850	402	404	588	395	413
ENSG00000218124	1650	84	68	104	110	68
ENSG00000203696	33500	256	356	265	402	358
ENSG00000121963	3700	56	67	38	56	37
ENSG00000107276	500	2	6	4	3	9
ENSG00000244248	750	13	14	8	5	4
ENSG00000244626	2850	98	69	150	46	87
ENSG00000134598	9950	137	291	328	277	180
ENSG00000203815	10200	331	469	170	174	438
ENSG00000121851	12550	458	259	197	447	542
ENSG00000138961	20350	290	770	252	242	761
ENSG00000107288	18150	177	363	366	231	263
ENSG00000108471	10700	163	369	233	252	317
ENSG00000115101	5800	71	158	128	115	90
ENSG00000205692	25000	426	266	549	493	596
ENSG00000105632	5650	173	74	85	113	125
ENSG00000213531	6450	104	74	78	89	184
ENSG00000221063	8600	220	201	359	160	147
ENSG00000232716	619350	19153	14919	13600	17407	16509
ENSG00000239930	300	3	4	8	5	11
ENSG00000249726	3000	43	60	45	64	107
ENSG00000225812	7200	92	87	52	53	71
ENSG00000129124	10850	329	335	364	247	289
ENSG00000209941	9150	191	159	138	190	215
ENSG00000228788	322450	3306	4500	5792	4056	2401
ENSG00000132055	850	5	12	14	5	8
ENSG00000209946	209500	5148	3656	4162	4662	6455
ENSG00000151927	500	10	12	14	18	19
ENSG00000107968	1500	37	42	38	49	27
ENSG00000209287	20650	423	314	287	434	357
ENSG00000107426	12650	155	115	237	162	172
ENSG00000190352	7750	135	164	76	202	119
ENSG00000130610	8500	182	166	102	127	82
ENSG00000158969	14150	377	236	262	367	407
ENSG00000246237	46250	428	879	1083	721	1149
ENSG00000234773	10250	209	293	559	282	314
ENSG00000157611	650	22	5	29	8	13
ENSG00000161341	1850	41	26	29	17	35
ENSG00000147500	74000	2626	2482	1842	1896	1549
ENSG00000204884	338900	6180	6199	13115	10900	4954
ENSG00000146359	77600	1502	1832	943	778	1849
ENSG00000238636	50850	1463	1346	1880	1640	1661
ENSG00000140045	9750	151	266	249	282	248
ENSG00000145777	359350	10875	9804	7279	12526	6493
ENSG00000122761	2300	64	25	81	29	48
ENSG00000185258	2700	97	75	80	64	44
ENSG00000162618	1550	37	40	17	30	28
ENSG00000175568	143750	1521	3559	2768	3289	3551
ENSG00000232601	4800	35	47	51	65	23
ENSG00000145134	15050	334	456	201	441	319
ENSG00000164027	400	7	5	5	9	6
ENSG00000146010	800	13	11	10	3	2
ENSG00000206052	46500	845	1496	1156	901	1227
ENSG00000237285	59650	818	944	687	682	540
ENSG00000213850	41150	1027	519	1456	1074	504
ENSG00000117928	6900	103	280	262	245	263
ENSG00000175121	4500	57	57	85	61	154
ENSG00000131920	2650	58	116	94	22	54
ENSG00000167640	1500	12	27	20	11	20
ENSG00000211893	4150	58	41	92	54	105
ENSG00000215667	105100	4202	2111	2701	2712	2486
ENSG00000195886	3300	144	139	52	202	153
ENSG00000129668	750	11	24	8	8	10
ENSG00000113028	5500	87	71	100	122	118
ENSG00000128467	1350	19	26	13	18	22
ENSG00000145260	950	19	16	7	27	14
ENSG00000170314	7700	138	84	181	154	78
ENSG00000110721	1200	29	32	58	23	30
ENSG00000181350	500	10	10	9	15	9
ENSG00000185456	133000	2574	2204	3863	2518	2257
ENSG00000183304	257450	5198	9117	4050	3802	7402
ENSG00000234706	16550	200	208	191	267	191
ENSG00000130718	189450	1976	2877	2697	1873	1688
ENSG00000202203	4950	38	58	23	40	72
ENSG00000210863	9850	175	239	105	136	140
ENSG00000214297	110400	1021	1098	1428	1668	1784
ENSG00000161202	15600	395	583	241	438	321
ENSG00000185547	44250	1120	804	916	570	547
ENSG00000175327	0	1	0	3	1	1
ENSG00000122140	18900	185	256	242	196	155
ENSG00000196263	4250	41	24	38	86	20
ENSG00000240151	3150	40	149	111	88	56
ENSG00000141828	300	17	10	3	4	4
ENSG00000146635	2450	49	24	34	47	35
ENSG00000148379	16700	436	723	380	232	540
ENSG00000171473	22150	544	481	602	713	499
ENSG00000161046	40350	879	260	816	750	670
ENSG00000150587	35400	683	1504	856	516	789
ENSG00000216551	24900	930	1248	1068	972	1001
ENSG00000223489	15400	216	348	497	226	252
ENSG00000235120	3550	53	84	86	93	107
ENSG00000245066	3100	52	54	48	34	39
ENSG00000127877	3100	82	57	44	59	79
ENSG00000123334	1350	17	19	20	15	40
ENSG00000105041	1050	15	9	19	20	11
ENSG00000199923	8050	55	115	175	114	47
ENSG00000240685	50	1	1	1	1	2
ENSG00000128376	450	14	6	7	10	13
ENSG00000143615	1300	40	30	19	21	38
ENSG00000134841	19900	517	674	396	290	369
ENSG00000108841	55100	1554	1930	855	609	1168
ENSG00000128155	16100	166	377	334	244	297
ENSG00000157760	8000	95	188	125	172	128
ENSG00000170574	2100	45	62	61	51	43
ENSG00000166087	75150	1846	1177	653	2812	1066
ENSG00000202042	22100	515	275	516	695	804
ENSG00000221211	1400	39	42	31	24	34
ENSG00000143510	3150	161	97	146	69	294
ENSG00000178581	16600	349	279	230	483	214
ENSG00000196930	62150	666	1437	891	599	678
ENSG00000149118	3300	38	38	110	127	93
ENSG00000219966	223650	3690	3394	1145	3884	3449
ENSG00000225404	73150	1294	1389	1786	997	1427
ENSG00000171482	2000	36	105	53	82	72
ENSG00000117414	4800	91	47	89	95	74
ENSG00000167542	800	16	46	15	16	36
ENSG00000115236	1050	19	5	26	23	34
ENSG00000184214	9850	378	327	466	628	342
ENSG00000203761	115000	2619	2315	3195	2138	1681
ENSG00000108488	105900	2959	2072	2309	2094	3384
ENSG00000212677	10500	370	151	228	179	118
ENSG00000220914	4800	124	78	58	41	61
ENSG00000232993	1450	54	39	49	46	49
ENSG00000133530	11250	559	458	477	462	275
ENSG00000127749	2050	75	100	78	36	31
ENSG00000138484	36050	419	839	664	686	332
ENSG00000153950	10300	117	128	121	114	180
ENSG00000164976	16500	212	165	291	319	322
ENSG00000236183	3200	64	33	28	40	64
ENSG00000131339	352050	6227	15153	12849	13274	8702
ENSG00000236447	49500	956	1939	802	1065	1214
ENSG00000115653	4450	170	293	208	232	155
ENSG00000187835	1950	29	31	29	58	17
ENSG00000145574	33850	499	508	316	378	437
ENSG00000182553	34000	696	733	1140	751	646
ENSG00000149923	1200	12	12	23	13	5
ENSG00000235641	10100	225	289	203	233	217
ENSG00000107175	631450	6743	11508	13106	11919	10108
ENSG00000204826	16950	165	217	254	327	276
ENSG00000122526	2450	72	43	104	104	43
ENSG00000191838	22500	540	414	825	696	717
ENSG00000247306	284600	6419	5514	9296	8524	6801
ENSG00000236018	5050	69	80	51	71	49
ENSG00000193492	3250	70	38	60	32	97
ENSG00000237876	4550	84	105	64	168	127
ENSG00000104287	6100	169	137	166	135	182
ENSG00000247499	110450	1377	1306	2101	2441	2422
ENSG00000217655	5800	405	279	320	186	255
ENSG00000224233	100	2	0	2	0	3
ENSG00000215694	30350	347	441	446	343	309
ENSG00000219464	14850	389	309	196	389	254
ENSG00000185779	27650	699	552	573	690	663
ENSG00000228300	26700	98	224	261	360	403
ENSG00000201485	6000	86	86	63	81	148
ENSG00000211604	18600	381	642	460	778	503
ENSG00000243289	3100	53	60	52	48	39
ENSG00000191182	300	3	5	8	6	2
ENSG00000228360	6750	60	69	92	100	123
ENSG00000156645	600	13	19	23	16	10
ENSG00000214200	171450	4349	3413	4820	2605	4067
ENSG00000191345	3550	130	110	171	133	128
ENSG00000138025	291300	3522	6307	5209	2513	5009
ENSG00000118292	400	16	9	9	9	15
ENSG00000229356	500	22	15	22	11	12
ENSG00000108911	20350	344	390	264	446	574
ENSG00000206488	250	3	5	6	7	4
ENSG00000209115	1000	51	60	42	59	46
ENSG00000249676	400	2	1	8	4	4
ENSG00000162446	20450	243	545	324	534	572
ENSG00000115327	300	2	4	4	3	5
ENSG00000137674	4200	95	66	78	75	60
ENSG00000114813	100	3	6	2	10	10
ENSG00000103882	26000	312	843	374	777	489
ENSG00000230346	43900	1693	1391	1882	810	710
ENSG00000189807	11600	198	138	247	184	260
ENSG00000236189	650	15	20	29	28	9
ENSG00000118491	15500	234	354	332	342	225
ENSG00000181970	82200	1287	629	1548	802	1218
ENSG00000241716	34000	998	739	605	951	539
ENSG00000105449	95750	886	979	2598	2492	1073
ENSG00000179499	169750	7867	6949	5706	6808	6105
ENSG00000130533	10300	302	199	237	294	279
ENSG00000162598	3650	79	52	118	107	75
ENSG00000198887	1000	32	46	45	29	68
ENSG00000207080	5400	124	103	187	220	91
ENSG00000215646	2900	140	103	98	154	68
ENSG00000155181	2850	41	40	35	40	33
ENSG00000178421	6350	332	357	341	595	369
ENSG00000200064	358950	8623	9982	5589	6618	5128
ENSG00000154255	2150	21	36	51	27	30
ENSG00000208159	3850	54	77	56	37	89
ENSG00000120680	4100	114	42	67	55	60
ENSG00000137720	350	20	12	32	10	21
ENSG00000205453	64600	1667	1125	1977	638	1828
ENSG00000167204	2700	128	88	80	126	133
ENSG00000231744	25700	479	337	485	330	673
ENSG00000109086	200	8	7	3	5	10
ENSG00000224271	26550	257	490	342	355	485
ENSG00000238264	8800	88	104	113	127	124
ENSG00000180711	250	10	4	8	8	7
ENSG00000132751	31600	473	601	866	1073	931
ENSG00000244633	26250	996	1002	707	1494	1261
ENSG00000107935	12350	327	136	248	324	226
ENSG00000166538	17500	333	437	285	309	486
ENSG00000199981	1600	38	27	22	34	35
ENSG00000199487	52850	872	360	741	1250	656
ENSG00000177299	5500	106	134	147	77	102
ENSG00000132670	16500	232	360	489	422	388
ENSG00000229181	20250	621	300	607	531	457
ENSG00000213416	12200	432	309	545	344	405
ENSG00000133733	2400	43	29	22	45	39
ENSG00000133814	7450	187	250	123	96	214
ENSG00000123148	9250	175	185	154	206	251
ENSG00000157747	83250	1864	1705	2298	2542	1363
ENSG00000202256	1550	27	30	41	56	19
ENSG00000125763	23750	655	1570	1338	1466	508
ENSG00000221906	23000	446	935	401	376	359
ENSG00000190998	9000	124	172	161	110	241
ENSG00000170478	444600	8438	7630	3375	2319	7212
ENSG00000129484	27900	841	770	436	684	694
ENSG00000189661	2450	17	49	55	61	75
ENSG00000228647	19000	327	328	233	359	414
ENSG00000163840	1750	41	21	33	18	23
ENSG00000178884	1050	12	16	10	12	15
ENSG00000156608	1850	40	59	40	42	65
ENSG00000238178	2150	77	36	55	69	48
ENSG00000165464	106100	6730	2846	3313	8001	5837
ENSG00000134489	44150	279	536	457	723	440
ENSG00000112377	50	1	1	0	2	3
ENSG00000125963	8000	146	73	84	118	120
ENSG00000225579	2100	36	48	37	58	26
ENSG00000178563	5650	131	64	107	52	58
ENSG00000183559	5900	210	184	199	149	116
ENSG00000205585	3850	121	172	131	180	183
ENSG00000179390	15300	321	347	397	351	385
ENSG00000167432	1600	53	36	29	29	7
ENSG00000238448	117100	1837	2028	1797	2133	1610
ENSG00000171003	4150	134	69	115	80	99
ENSG00000182743	98950	1346	1550	2059	2381	1903
ENSG00000215759	6100	105	114	70	130	55
ENSG00000124986	11200	389	261	267	393	305
ENSG00000168803	1650	23	21	9	16	18
ENSG00000160552	58850	555	1313	1410	1306	921
ENSG00000225504	7400	169	268	233	393	211
ENSG00000199183	2900	31	82	60	42	68
ENSG00000140105	18150	376	241	211	284	551
ENSG00000238049	27500	437	635	312	565	299
ENSG00000145267	250	4	2	8	10	3
ENSG00000151694	2050	34	57	34	34	22
ENSG00000123365	850	11	13	14	21	30
ENSG00000127379	31500	371	712	724	1011	475
ENSG00000146004	11700	225	234	146	230	264
ENSG00000154870	1000	30	55	30	40	23
ENSG00000195696	1850	31	25	37	15	33
ENSG00000170692	5550	156	103	99	127	140
ENSG00000215234	50	3	2	1	4	0
ENSG00000235463	6250	50	163	88	139	105
ENSG00000192885	202850	2766	2090	3057	2925	1898
ENSG00000235950	500	7	12	13	14	7
ENSG00000154940	1000	16	5	18	11	12
ENSG00000148671	1000	18	15	10	14	18
ENSG00000132096	8900	326	249	224	320	397
ENSG00000139695	1400	52	23	32	46	33
ENSG00000227187	280150	5609	2731	2561	3934	5366
ENSG00000150371	4050	91	111	58	108	102
ENSG00000208913	3450	89	43	31	84	71
ENSG00000201737	400	14	14	22	8	22
ENSG00000240492	31150	596	277	641	354	532
ENSG00000135637	65250	874	1147	992	799	888
ENSG00000207273	19350	164	208	190	186	195
ENSG00000100358	101800	1773	1914	1800	1520	1904
ENSG00000245577	117050	950	2277	1301	1608	1324
ENSG00000201102	9700	490	319	248	181	233
ENSG00000131512	5050	147	236	198	97	152
ENSG00000167522	3000	48	56	51	36	27
ENSG00000124561	9800	189	261	295	276	277
ENSG00000215054	4650	75	39	49	25	117
ENSG00000207155	180200	3812	2645	1827	1623	2208
ENSG00000202331	27100	800	458	357	381	883
ENSG00000141224	4100	122	107	63	92	107
ENSG00000154080	4050	61	51	36	71	57
ENSG00000153880	24550	347	186	330	411	235
ENSG00000101100	55850	970	1205	716	1051	1481
ENSG00000223890	14450	182	273	349	331	331
ENSG00000244148	45700	1631	665	425	1117	1468
ENSG00000109590	3800	61	74	27	36	36
ENSG00000156730	4900	252	325	200	143	382
ENSG00000205665	20450	393	775	673	269	509
ENSG00000138634	7300	379	112	150	154	182
ENSG00000219418	21550	134	406	194	255	185
ENSG00000200078	47950	1180	1019	731	1023	2397
ENSG00000212768	9750	110	29	189	66	84
ENSG00000242580	59500	1101	681	752	1630	1759
ENSG00000185533	2900	29	42	64	72	28
ENSG00000164515	14950	786	653	566	457	397
ENSG00000207687	1300	55	49	43	42	46
ENSG00000190486	6400	44	35	50	55	32
ENSG00000170965	23750	381	294	572	374	704
ENSG00000135335	161650	2684	1043	2216	1267	3630
ENSG00000136652	7350	167	101	102	150	189
ENSG00000203425	5850	194	325	280	273	128
ENSG00000195602	133450	2903	2232	2003	1764	2233
ENSG00000150406	1550	26	40	35	56	46
ENSG00000182370	57050	1231	1626	1045	1275	987
ENSG00000191638	1250	17	19	19	34	15
ENSG00000244814	50	5	7	0	5	10
ENSG00000190003	8950	591	292	241	346	179
ENSG00000167923	3400	51	40	45	98	160
ENSG00000191543	1650	45	94	65	71	49
ENSG00000248558	100	2	1	3	2	1
ENSG00000214472	13750	262	356	556	277	286
ENSG00000221919	4150	71	82	68	50	33
ENSG00000122079	450	37	22	13	17	16
ENSG00000182541	4950	141	191	205	115	81
ENSG00000247675	500	13	9	23	20	9
ENSG00000112025	2150	32	22	55	44	37
ENSG00000139491	1550	24	35	43	35	33
ENSG00000127814	60400	897	1349	1428	681	1794
ENSG00000148544	5400	151	75	85	187	115
ENSG00000228479	92000	1913	2112	2537	1822	1369
ENSG00000147962	2500	26	40	23	15	45
ENSG00000167006	650	18	19	16	4	14
ENSG00000231862	287850	3728	8356	5270	6197	3478
ENSG00000159791	250	10	16	9	11	14
ENSG00000125072	106700	2468	1862	1106	1348	2086
ENSG00000207733	1250	28	19	19	34	11
ENSG00000202318	45700	748	411	506	457	646
ENSG00000176590	1600	32	64	29	57	38
ENSG00000190953	161450	5176	2734	2169	1774	2823
ENSG00000120125	319100	12439	9552	7712	9948	9146
ENSG00000211825	65800	1939	814	1143	1693	927
ENSG00000230161	21350	390	276	250	648	385
ENSG00000219911	2800	52	60	85	66	90
ENSG00000170821	21300	830	843	686	329	591
ENSG00000198065	484250	12982	7084	7146	10302	5611
ENSG00000239259	1950	78	71	61	75	69
ENSG00000234297	1000	15	13	19	14	23
ENSG00000136404	312850	7295	4213	4116	3566	6654
ENSG00000146882	3350	96	106	84	112	112
ENSG00000111809	38250	512	509	699	1351	860
ENSG00000175008	7600	173	443	301	326	191
ENSG00000231345	12650	133	277	341	358	166
ENSG00000176084	7650	50	87	84	70	97
ENSG00000179816	7400	121	112	114	164	170
ENSG00000113780	400	9	2	5	8	4
ENSG00000133107	3600	45	68	60	25	79
ENSG00000237855	900	32	30	42	32	40
ENSG00000127644	108300	1409	1396	1698	1912	2801
ENSG00000135339	1650	84	41	65	94	34
ENSG00000152087	9000	314	276	196	268	314
ENSG00000100693	200	6	4	7	2	2
ENSG00000204819	9450	209	244	180	133	102
ENSG00000105862	128500	2452	3915	2555	3083	4731
ENSG00000221461	8250	300	137	185	333	245
ENSG00000238938	48450	1951	1182	893	854	717
ENSG00000168452	5100	47	125	54	58	108
ENSG00000180729	2750	49	34	61	34	15
ENSG00000209365	38350	1109	1423	1759	970	1840
ENSG00000131643	1150	54	101	79	35	85
ENSG00000183970	650	12	11	12	20	37
ENSG00000166620	7450	201	201	155	75	114
ENSG00000176980	2250	48	89	62	62	116
ENSG00000246491	119950	807	1548	1040	2032	1591
ENSG00000239161	51800	685	771	584	1192	841
ENSG00000191760	350	10	12	13	15	9
ENSG00000244024	24900	340	788	887	371	443
ENSG00000148466	850	17	16	3	10	9
ENSG00000106288	8300	248	256	256	196	247
ENSG00000210686	10200	639	525	504	638	764
ENSG00000241388	2200	87	80	84	45	75
ENSG00000227709	2450	62	41	56	35	35
ENSG00000128335	19000	679	569	563	875	633
ENSG00000120003	3350	75	60	117	56	83
ENSG00000112449	1300	8	29	20	19	12
ENSG00000212757	157450	4704	5079	5866	5026	2093
ENSG00000161483	40000	831	858	1205	1189	718
ENSG00000100716	9450	213	431	446	414	530
ENSG00000103629	12950	283	234	396	188	238
ENSG00000153044	42350	1908	1457	1183	1125	831
ENSG00000236279	8000	205	242	137	187	112
ENSG00000103824	43650	1076	578	896	679	634
ENSG00000212868	15750	287	353	335	455	253
ENSG00000123805	800	24	43	47	42	51
ENSG00000228380	90950	1320	1226	914	1468	1062
ENSG00000202603	15450	387	175	269	275	187
ENSG00000147919	750	44	28	28	35	48
ENSG00000228347	4800	93	41	58	77	61
ENSG00000166283	50	2	2	3	3	1
ENSG00000123902	550	5	9	1	4	10
ENSG00000138619	650	10	5	7	11	9
ENSG00000112752	24250	635	830	524	1000	885
ENSG00000129376	23750	458	876	1618	350	687
ENSG00000106829	82800	1403	1268	2360	1091	1352
ENSG00000186765	16350	362	332	389	400	265
ENSG00000147559	223500	6314	4385	5478	3747	5458
ENSG00000102688	2600	53	96	35	82	46
ENSG00000121603	3150	41	33	28	43	59
ENSG00000245013	1250	28	34	37	18	21
ENSG00000226000	11100	412	229	236	142	238
ENSG00000100094	3800	31	26	77	47	61
ENSG00000244449	2150	20	30	11	12	26
ENSG00000114168	2900	38	66	80	54	77
ENSG00000234274	15450	204	228	202	172	202
ENSG00000102327	700	24	20	9	11	14
ENSG00000117525	10700	144	158	156	141	160
ENSG00000177435	8900	192	136	240	110	108
ENSG00000190605	147350	3126	3702	6372	2945	5321
ENSG00000174716	9800	202	167	186	321	164
ENSG00000110758	600	9	5	14	15	9
ENSG00000151972	11550	243	287	146	351	217
ENSG00000218532	13000	104	261	165	152	231
ENSG00000171974	350	24	14	12	11	17
ENSG00000242117	0	0	1	0	0	2
ENSG00000230442	42650	732	709	766	903	825
ENSG00000114451	4450	78	116	88	132	129
ENSG00000234172	1150	26	32	41	12	43
ENSG00000145607	4550	158	78	131	91	74
ENSG00000176819	84400	2050	1553	1262	1502	1245
ENSG00000127034	213750	4221	5172	6409	6411	5322
ENSG00000209354	4100	68	24	55	55	61
ENSG00000126660	138450	2470	1164	3220	2514	3694
ENSG00000104496	5600	139	171	108	91	88
ENSG00000192081	6700	156	108	114	91	152
ENSG00000183460	6300	153	140	115	205	121
ENSG00000101474	6550	99	155	75	106	202
ENSG00000122773	4300	134	86	94	139	91
ENSG00000146340	1450	43	26	31	45	62
ENSG00000104892	8200	82	201	151	123	227
ENSG00000235218	900	11	8	29	17	19
ENSG00000151968	27700	753	890	198	321	496
ENSG00000174800	1450	59	45	35	23	54
ENSG00000202424	21200	313	199	242	652	351
ENSG00000239116	3200	93	181	54	61	129
ENSG00000106195	250	12	2	0	2	2
ENSG00000128620	43150	793	1868	1039	749	1121
ENSG00000199903	15350	238	368	306	164	473
ENSG00000214186	5450	164	141	117	106	108
ENSG00000112459	3000	66	116	55	130	97
ENSG00000164131	249950	8645	4024	5214	7119	7208
ENSG00000106644	4450	60	94	63	93	45
ENSG00000230373	52000	729	829	921	1318	1075
ENSG00000224834	6800	201	202	96	187	328
ENSG00000106099	750	13	7	7	6	7
ENSG00000248037	28550	638	923	528	505	503
ENSG00000199494	250	3	8	8	5	13
ENSG00000108464	31000	393	312	329	218	649
ENSG00000122672	13500	225	301	712	249	197
ENSG00000196012	7600	283	219	166	209	237
ENSG00000125582	1900	29	73	33	43	27
ENSG00000243271	98250	4334	3451	3772	2277	1171
ENSG00000161919	223650	4546	5360	4763	7216	6928
ENSG00000203172	1150	20	48	13	22	28
ENSG00000140395	5700	60	51	83	61	51
ENSG00000198107	170750	3041	1629	3476	3789	4398
ENSG00000186750	2450	100	38	78	44	43
ENSG00000180043	38050	797	803	878	954	1259
ENSG00000163311	1400	27	16	29	20	22
ENSG00000116808	2200	34	52	29	39	15
ENSG00000106000	16150	235	368	209	144	228
ENSG00000116406	11000	263	476	454	480	274
ENSG00000180606	400	3	5	14	8	3
ENSG00000223365	1150	15	11	11	11	17
ENSG00000241321	27950	380	438	392	704	542
ENSG00000138172	103100	1525	743	2557	1975	1740
ENSG00000121300	18150	447	415	250	424	332
ENSG00000224339	12350	250	268	238	349	137
ENSG00000137125	20850	523	403	275	373	298
ENSG00000203801	1850	10	9	15	12	10
ENSG00000196084	8550	219	268	470	384	173
ENSG00000173367	44650	1150	1150	1113	992	1413
ENSG00000208485	34300	218	484	372	537	324
ENSG00000238791	800	13	27	16	11	16
ENSG00000238777	900	25	28	15	20	26
ENSG00000243470	63550	1324	994	1427	1768	1045
ENSG00000118613	350	10	7	7	7	13
ENSG00000123836	1000	14	5	23	21	26
ENSG00000104389	193650	3900	3795	4297	3770	3312
ENSG00000126877	500	31	17	27	24	18
ENSG00000111754	1200	57	30	34	39	40
ENSG00000140574	27650	683	574	439	730	839
ENSG00000215519	30350	584	866	507	975	1067
ENSG00000143389	4200	71	100	175	177	129
ENSG00000183175	500	9	14	12	3	11
ENSG00000126492	3000	85	42	40	44	73
ENSG00000164063	8350	145	172	198	232	248
ENSG00000157235	1000	13	25	33	14	24
ENSG00000151720	500	12	12	22	9	21
ENSG00000185863	98150	1032	963	1418	2201	2484
ENSG00000212081	23600	554	338	358	550	238
ENSG00000249293	30050	462	1046	323	402	279
ENSG00000195971	40350	685	644	378	917	465
ENSG00000239503	750	27	7	9	24	8
ENSG00000161262	19300	660	511	233	278	273
ENSG00000115989	86900	1481	1194	2074	1857	2104
ENSG00000203939	30200	452	561	784	296	730
ENSG00000244312	1450	11	10	9	11	11
ENSG00000220693	200	4	2	7	11	6
ENSG00000178808	850	17	27	36	20	29
ENSG00000202857	22400	414	477	245	564	469
ENSG00000117168	4050	89	89	100	119	124
ENSG00000107465	10600	264	233	193	164	183
ENSG00000209268	550	20	12	8	12	13
ENSG00000155072	51650	791	696	585	906	923
ENSG00000148689	3550	35	40	48	30	25
ENSG00000188917	58300	1132	1449	698	2161	2160
ENSG00000195458	5300	90	118	143	191	151
ENSG00000189625	0	0	3	0	0	3
ENSG00000123305	3750	73	107	67	132	81
ENSG00000130425	550	41	25	18	22	26
ENSG00000239700	1500	31	22	12	20	33
ENSG00000224701	6100	87	120	84	85	144
ENSG00000102353	72300	1341	1806	1659	841	1263
ENSG00000136472	36700	528	1022	587	671	876
ENSG00000129004	141850	2796	1399	2477	2688	1978
ENSG00000232207	7850	218	183	114	168	180
ENSG00000124947	200	2	2	11	3	7
ENSG00000202727	3000	47	109	41	54	37
ENSG00000135120	1000	37	17	25	38	18
ENSG00000203306	1950	18	35	38	48	29
ENSG00000136669	1205650	28538	36821	26975	15491	28314
ENSG00000204590	28450	667	440	547	636	576
ENSG00000179930	550	25	20	13	12	27
ENSG00000175017	81950	1323	1567	1416	1406	1175
ENSG00000146038	3300	93	80	67	109	83
ENSG00000173529	250	8	5	5	8	12
ENSG00000108495	108900	1614	1530	1987	1015	1293
ENSG00000177590	2400	58	42	26	67	65
ENSG00000244076	8900	178	274	166	224	172
ENSG00000169150	826050	19418	15522	10200	15822	15853
ENSG00000203991	800	10	10	15	23	14
ENSG00000116922	43500	896	1351	1270	806	1476
ENSG00000154132	3300	98	54	76	57	103
ENSG00000139662	550	14	14	11	16	11
ENSG00000117961	7900	93	117	71	134	34
ENSG00000178469	13100	162	178	194	133	188
ENSG00000156342	8300	245	192	184	183	207
ENSG00000181582	350	6	7	7	6	9
ENSG00000163367	45350	1133	884	649	551	616
ENSG00000120203	1500	21	29	19	25	17
ENSG00000189506	14900	153	396	489	334	172
ENSG00000182580	6700	291	197	237	189	134
ENSG00000230414	3250	50	78	40	50	39
ENSG00000135757	24200	788	254	855	351	487
ENSG00000127418	2050	25	23	17	39	45
ENSG00000205006	400	14	33	13	22	24
ENSG00000196937	0	15	14	1	11	13
ENSG00000122549	250	5	4	1	2	7
ENSG00000153587	2000	29	55	21	45	62
ENSG00000148144	0	2	1	1	3	1
ENSG00000222656	2600	68	60	73	63	44
ENSG00000170436	3600	32	56	51	44	39
ENSG00000107439	273300	2676	4765	5860	5562	3226
ENSG00000103545	550	20	17	18	11	10
ENSG00000155691	46300	1185	956	1306	1143	1245
ENSG00000145568	10200	228	212	235	200	301
ENSG00000121920	18800	243	257	280	203	143
ENSG00000170826	1550	29	34	46	47	43
ENSG00000113927	800	16	34	40	34	24
ENSG00000241314	3700	86	67	51	66	58
ENSG00000116901	8650	88	61	169	84	140
ENSG00000159571	35550	474	299	294	497	288
ENSG00000203041	2800	47	64	25	50	50
ENSG00000118008	126600	2979	2728	3373	2609	3429
ENSG00000203125	142900	4124	4100	2722	3858	6413
ENSG00000160311	0	1	1	0	0	1
ENSG00000243595	9850	266	126	210	167	114
ENSG00000124784	5900	73	74	125	79	180
ENSG00000154869	700	17	17	17	36	18
ENSG00000101748	0	3	0	1	0	2
ENSG00000247097	200	5	8	5	2	3
ENSG00000134551	2300	103	73	118	144	86
ENSG00000179794	20000	747	705	699	582	673
ENSG00000111396	15700	404	417	193	258	389
ENSG00000214287	25450	318	325	273	371	420
ENSG00000103053	2650	116	106	100	104	109
ENSG00000178677	29050	1305	1690	2436	1221	896
ENSG00000212697	14750	381	430	391	343	189
ENSG00000233847	42300	1014	980	753	1361	2444
ENSG00000209997	4550	108	107	152	121	67
ENSG00000123022	2700	37	44	51	37	23
ENSG00000216215	300	12	6	4	5	4
ENSG00000216082	122050	3073	3491	3932	4044	5170
ENSG00000186337	2150	35	32	46	37	35
ENSG00000222166	1000	34	16	25	19	17
ENSG00000220490	100	1	0	3	0	2
ENSG00000167027	14250	382	559	365	462	311
ENSG00000114805	300	21	3	8	9	3
ENSG00000135191	8800	99	194	360	128	92
ENSG00000196985	11900	231	312	281	131	279
ENSG00000226509	69700	2395	1700	2988	2256	3084
ENSG00000132872	2050	31	27	25	52	23
ENSG00000118106	100	3	1	3	4	7
ENSG00000182102	68700	485	649	841	1038	738
ENSG00000163208	15350	149	322	398	119	197
ENSG00000130675	3150	31	30	21	75	39
ENSG00000137579	4950	105	149	122	175	89
ENSG00000138303	369650	5328	6643	6701	8178	3762
ENSG00000241588	8600	126	161	134	154	178
ENSG00000179931	2450	28	40	64	56	21
ENSG00000203423	7000	64	110	114	158	159
ENSG00000127538	22350	541	595	404	561	441
ENSG00000137656	17600	117	352	418	281	547
ENSG00000205454	9550	281	593	189	148	110
ENSG00000155419	10500	357	185	434	342	246
ENSG00000130488	1050	10	20	21	21	8
ENSG00000166950	24500	470	540	575	390	417
ENSG00000186928	57000	1454	1043	1230	1020	1145
ENSG00000190518	10550	768	394	360	310	566
ENSG00000222736	6250	105	121	147	204	172
ENSG00000154943	8550	83	169	142	81	128
ENSG00000142795	9400	152	162	193	68	125
ENSG00000235267	11350	208	110	77	121	112
ENSG00000224808	50	3	3	8	6	8
ENSG00000154418	5950	51	63	99	53	50
ENSG00000213911	117000	2494	1559	2020	1816	1484
ENSG00000248187	2050	126	105	76	71	74
ENSG00000234457	2600	45	31	36	58	27
ENSG00000187243	24250	243	560	389	456	748
ENSG00000234454	7800	158	197	288	140	159
ENSG00000230062	700	35	49	52	52	31
ENSG00000230892	15800	166	296	134	166	306
ENSG00000216150	238650	5137	3726	3283	4685	4619
ENSG00000200803	441850	3403	3704	5562	4619	4501
ENSG00000195968	9800	171	180	245	232	120
ENSG00000148585	3600	92	61	178	38	173
ENSG00000125622	32800	1852	1394	1981	877	2671
ENSG00000156226	19300	411	306	301	472	238
ENSG00000230790	18550	552	443	329	419	435
ENSG00000166448	8100	171	184	101	190	148
ENSG00000241680	500	14	7	13	16	6
ENSG00000175527	700	6	9	6	12	8
ENSG00000163803	7950	111	135	78	157	151
ENSG00000139820	800	6	17	28	28	25
ENSG00000199186	24350	562	931	869	325	705
ENSG00000222531	47000	644	1212	504	386	886
ENSG00000247763	121650	3137	2286	1684	2120	2694
ENSG00000113355	9350	105	155	195	187	135
ENSG00000160537	322250	6469	6904	8321	6039	15226
ENSG00000239445	117650	1660	1299	2349	2086	2580
ENSG00000129236	11350	399	324	606	176	338
ENSG00000114411	35100	547	1000	941	442	335
ENSG00000106069	1000	70	28	44	31	35
ENSG00000155373	0	2	0	1	0	2
ENSG00000226631	35500	1530	2199	1469	1778	1691
ENSG00000122372	17050	687	375	340	478	243
ENSG00000177262	154200	3431	5061	4099	6566	2346
ENSG00000158369	34500	336	418	260	499	362
ENSG00000163050	3550	144	84	236	75	168
ENSG00000205503	2500	63	93	54	67	80
ENSG00000188284	2450	30	58	70	46	21
ENSG00000135619	19000	297	168	176	232	221
ENSG00000195580	100	6	2	7	2	1
ENSG00000151626	800	10	17	13	16	25
ENSG00000210452	23550	1079	1067	875	845	1220
ENSG00000200130	200	1	2	4	1	1
ENSG00000249859	600	4	2	5	6	5
ENSG00000152236	2150	63	43	18	49	33
ENSG00000107896	3100	41	68	45	38	70
ENSG00000130829	8900	208	244	163	271	122
ENSG00000120027	55550	684	1028	448	553	429
ENSG00000222987	13800	155	281	281	191	292
ENSG00000145225	28650	512	282	485	385	423
ENSG00000204658	1200	56	62	29	43	15
ENSG00000248281	8250	199	183	328	187	213
ENSG00000157257	2150	23	39	76	31	43
ENSG00000153136	5800	97	47	147	91	54
ENSG00000235033	12200	341	637	394	261	447
ENSG00000196984	21550	393	338	414	519	164
ENSG00000236756	350	8	5	4	7	4
ENSG00000212387	850	17	19	22	12	25
ENSG00000152376	564950	14362	4152	5500	4721	8773
ENSG00000132074	100	1	1	3	2	7
ENSG00000172125	8550	219	108	143	189	212
ENSG00000179161	650	18	9	9	4	12
ENSG00000176081	2950	105	51	78	144	83
ENSG00000133629	3350	54	35	59	45	58
ENSG00000183412	10400	114	251	207	239	111
ENSG00000218406	950	7	34	9	15	16
ENSG00000169597	98150	1014	1039	1170	1579	1737
ENSG00000129428	662000	17148	12560	9887	12695	13238
ENSG00000246843	0	0	2	2	2	1
ENSG00000158862	1750	43	21	17	16	18
ENSG00000181421	350	4	7	3	5	5
ENSG00000225484	9200	201	158	236	144	164
ENSG00000224325	130550	2548	2463	3785	2296	2094
ENSG00000122194	89500	1267	2676	1858	3706	2434
ENSG00000247658	152900	1243	1416	2907	1610	2386
ENSG00000134779	11950	207	228	144	247	402
ENSG00000211518	5300	59	57	17	56	43
ENSG00000214938	99300	1808	1228	1328	2037	1205
ENSG00000177084	2200	55	43	55	51	53
ENSG00000232378	1600	31	34	37	23	13
ENSG00000246385	8150	153	136	135	127	172
ENSG00000135116	650	10	16	16	10	18
ENSG00000116814	6600	90	41	150	109	88
ENSG00000159586	800	27	25	28	15	22
ENSG00000104888	10200	174	172	138	211	140
ENSG00000120963	41050	997	881	768	900	1674
ENSG00000204033	2150	56	42	42	52	64
ENSG00000165903	28600	338	433	458	517	365
ENSG00000238921	76600	791	1163	873	1010	1536
ENSG00000190685	800	20	22	29	33	15
ENSG00000105158	8050	152	183	134	124	73
ENSG00000118134	3900	41	53	78	73	64
ENSG00000107438	411350	6865	4337	5414	2934	7285
ENSG00000135798	4200	30	33	64	55	52
ENSG00000226650	6450	189	124	289	164	187
ENSG00000180809	550	8	17	10	7	9
ENSG00000240593	1800	24	24	33	26	26
ENSG00000155754	17150	642	575	426	558	391
ENSG00000157074	4050	123	99	100	99	55
ENSG00000107849	34850	1026	406	566	358	619
ENSG00000155503	5750	278	133	162	168	137
ENSG00000133649	2184900	34768	31313	30746	17946	20094
ENSG00000168890	3300	140	92	58	81	122
ENSG00000197753	70700	1167	1587	793	1230	1481
ENSG00000128800	3050	52	44	46	32	51
ENSG00000192940	3500	61	94	45	18	54
ENSG00000129421	300	10	6	5	5	7
ENSG00000159074	2081300	33714	18866	29624	27564	42634
ENSG00000197087	200	0	2	4	1	3
ENSG00000110663	9250	84	172	150	180	274
ENSG00000213431	2750	56	89	48	93	47
ENSG00000152895	37100	529	420	803	1074	468
ENSG00000224741	2400	55	61	50	28	56
ENSG00000218718	307100	7566	5670	6223	9979	4182
ENSG00000223519	66700	1420	699	1141	936	1169
ENSG00000193429	17300	620	417	545	470	232
ENSG00000113842	27550	488	549	595	432	249
ENSG00000148701	119950	1096	2249	1049	1229	1264
ENSG00000136696	31650	270	575	353	392	303
ENSG00000249468	133000	4195	3625	5648	4227	4939
ENSG00000201040	28650	585	769	531	980	1348
ENSG00000153822	11800	132	113	127	174	130
ENSG00000243792	22750	382	341	578	350	240
ENSG00000134256	10550	296	359	269	385	297
ENSG00000246071	88650	1438	1680	1455	1790	1645
ENSG00000159130	3350	110	103	68	70	83
ENSG00000134000	11600	212	359	190	333	144
ENSG00000195154	350	15	7	24	17	13
ENSG00000191484	32600	737	717	640	646	747
ENSG00000142781	8300	207	230	377	157	222
ENSG00000208079	3300	33	59	56	38	32
ENSG00000229743	162700	5553	4214	8581	3314	3882
ENSG00000150940	7750	141	193	219	134	286
ENSG00000167878	600	14	9	16	27	17
ENSG00000155972	73800	2115	963	1268	931	1616
ENSG00000191972	8150	144	116	78	142	175
ENSG00000228083	50	1	0	0	3	0
ENSG00000192969	34500	282	459	201	491	288
ENSG00000135188	14400	138	134	184	191	230
ENSG00000242934	9800	260	159	296	162	268
ENSG00000185366	9050	96	154	61	120	89
ENSG00000176040	1300	47	39	45	52	17
ENSG00000241112	12150	134	170	167	126	131
ENSG00000221425	500	8	4	4	3	5
ENSG00000215469	7800	102	69	78	62	120
ENSG00000173173	35350	518	1666	819	1219	806
ENSG00000144987	45350	875	1724	1650	1430	874
ENSG00000158949	2800	89	54	44	92	92
ENSG00000135782	426150	7405	15035	11419	6036	8548
ENSG00000207299	14700	240	625	359	261	325
ENSG00000126389	2550	55	56	125	56	97
ENSG00000158909	9050	221	242	237	119	232
ENSG00000114992	1250	35	43	24	61	54
ENSG00000190298	24800	1016	1287	995	586	1531
ENSG00000133292	1300	28	21	34	19	24
ENSG00000228580	1300	24	76	20	35	32
ENSG00000189347	850	26	28	17	13	21
ENSG00000193517	1800	49	32	15	18	62
ENSG00000206676	4650	114	94	83	64	102
ENSG00000249480	375550	9658	4845	5799	7110	7380
ENSG00000230993	15700	244	298	205	184	239
ENSG00000233868	57950	1787	1750	1021	1743	2142
ENSG00000127854	3600	179	196	243	323	201
ENSG00000151861	35400	1317	1031	663	847	662
ENSG00000194064	700	24	14	14	13	13
ENSG00000100347	1250	21	22	21	20	9
ENSG00000151308	260350	10154	8507	5829	7370	6367
ENSG00000199975	16450	509	486	352	356	354
ENSG00000124573	350	9	9	4	6	4
ENSG00000139592	22050	412	439	385	535	361
ENSG00000220840	4900	107	146	145	142	254
ENSG00000247706	5500	123	55	144	90	72
ENSG00000102246	84250	772	1020	1589	464	710
ENSG00000158442	550	23	10	18	10	10
ENSG00000154304	87600	1389	2855	1581	1918	2096
ENSG00000224358	10900	520	201	253	482	151
ENSG00000206606	3700	60	37	72	60	126
ENSG00000119047	800	8	11	13	12	11
ENSG00000148450	306900	7047	7447	4651	4950	5340
ENSG00000237426	1950	79	91	83	66	74
ENSG00000185488	650	4	16	5	2	9
ENSG00000232357	4900	122	109	136	123	128
ENSG00000111764	23500	282	396	487	280	297
ENSG00000176705	33450	718	492	691	283	447
ENSG00000100967	218900	3633	4613	2490	2567	1992
ENSG00000141194	30600	618	347	618	619	284
ENSG00000227708	13400	188	126	267	184	130
ENSG00000136169	609400	13111	12954	20402	15301	9025
ENSG00000198637	634900	10913	8314	9715	13243	11079
ENSG00000134725	700	18	18	12	27	19
ENSG00000106434	52550	1382	1390	2158	776	2002
ENSG00000104167	2550	42	58	41	61	46
ENSG00000214505	127750	2659	6464	6139	2301	2926
ENSG00000149518	1050	34	14	15	30	21
ENSG00000227872	7950	393	399	337	252	346
ENSG00000125255	270250	2184	3953	5361	2039	2624
ENSG00000247911	21800	172	326	199	410	322
ENSG00000209933	50450	1298	1417	1699	1845	2804
ENSG00000180777	1900	52	49	25	46	30
ENSG00000226154	1250	22	13	15	17	5
ENSG00000128741	600	17	27	10	18	23
ENSG00000200035	30800	528	715	676	331	766
ENSG00000115333	850	42	32	46	50	31
ENSG00000238385	131000	3036	4282	2948	1892	2782
ENSG00000199075	4050	100	65	90	84	106
ENSG00000166085	130050	2341	2042	2790	2682	1883
ENSG00000215354	26400	242	589	346	271	278
ENSG00000101305	500	18	28	24	14	17
ENSG00000118135	7100	199	218	166	219	65
ENSG00000243087	22050	410	453	341	450	258
ENSG00000125236	9850	541	364	357	396	628
ENSG00000171554	9400	118	148	131	147	149
ENSG00000114275	77600	1638	1289	485	2566	2094
ENSG00000113046	42350	1534	1015	1231	1031	1364
ENSG00000235838	26850	1075	1271	1581	841	1142
ENSG00000152719	3450	16	14	31	16	33
ENSG00000215664	150	1	2	4	3	3
ENSG00000135266	26700	601	525	540	361	1001
ENSG00000131289	2500	33	47	16	34	27
ENSG00000157587	3250	34	75	102	38	61
ENSG00000119732	2950	72	104	88	93	83
ENSG00000109595	11250	475	445	326	223	356
ENSG00000105925	400	5	8	8	2	4
ENSG00000156917	4650	150	84	108	177	84
ENSG00000221357	76500	2886	3188	3745	3737	1431
ENSG00000220568	700	13	8	19	7	17
ENSG00000177848	4400	66	108	84	71	152
ENSG00000166073	187900	2950	4051	2218	3654	2257
ENSG00000186932	41450	941	1206	775	910	953
ENSG00000152650	40600	497	294	398	492	661
ENSG00000237183	15550	193	318	158	298	200
ENSG00000158470	400	8	15	7	6	10
ENSG00000158030	9750	142	349	212	303	183
ENSG00000152094	1400	19	28	13	17	44
ENSG00000106427	9850	278	155	248	196	308
ENSG00000123352	800	26	35	42	40	35
ENSG00000152368	900	15	7	13	23	9
ENSG00000131253	6150	167	263	169	205	164
ENSG00000154030	49100	796	1681	1266	969	2422
ENSG00000184977	2950	50	59	43	75	90
ENSG00000207886	11650	242	354	221	346	292
ENSG00000212250	25850	554	779	385	602	811
ENSG00000115806	21750	371	329	401	407	543
ENSG00000121681	50	17	16	14	20	14
ENSG00000164499	2900	72	54	19	36	46
ENSG00000196152	11250	238	306	209	563	174
ENSG00000146746	5550	237	203	229	286	274
ENSG00000180155	276000	6216	8235	5992	3634	2756
ENSG00000136118	34350	481	538	732	504	383
ENSG00000128390	450	17	14	22	23	33
ENSG00000206608	40100	711	702	533	917	394
ENSG00000233775	82900	2428	896	1493	1864	1252
ENSG00000214718	23200	218	919	492	1112	933
ENSG00000205977	20850	259	367	868	403	970
ENSG00000236428	600	6	4	15	4	7
ENSG00000195642	7150	211	248	172	147	130
ENSG00000159865	32400	640	784	375	652	773
ENSG00000169723	4400	99	66	67	75	66
ENSG00000123544	5100	76	166	100	118	66
ENSG00000147494	18000	296	341	170	214	402
ENSG00000144068	1850	26	52	39	26	68
ENSG00000109127	700	35	34	37	35	26
ENSG00000233017	5650	176	98	154	78	227
ENSG00000118920	4600	133	127	140	73	167
ENSG00000213489	36950	722	1060	663	922	600
ENSG00000162931	3750	94	93	128	163	213
ENSG00000226407	600	11	22	9	11	9
ENSG00000177433	16150	511	436	393	337	514
ENSG00000229515	1900	43	38	39	28	35
ENSG00000178506	24650	254	725	900	768	584
ENSG00000128470	3550	60	50	31	69	68
ENSG00000133770	24700	481	797	478	314	426
ENSG00000196750	8650	289	381	366	167	258
ENSG00000131587	6950	99	116	122	149	84
ENSG00000141996	550	2	11	15	12	21
ENSG00000233627	7400	95	60	77	75	85
ENSG00000129546	198650	1891	3910	1527	1966	2234
ENSG00000229718	22400	301	115	405	265	419
ENSG00000131210	90950	1444	1785	2252	976	2429
ENSG00000180925	5550	219	210	170	244	146
ENSG00000192207	5150	131	241	181	152	138
ENSG00000121479	1350	49	45	16	14	56
ENSG00000136734	20700	356	378	230	651	205
ENSG00000145554	1350	25	24	20	27	37
ENSG00000213671	1700	22	28	32	26	53
ENSG00000115830	38900	891	1451	1471	1148	1824
ENSG00000239863	950	11	15	17	10	29
ENSG00000162737	294950	12253	30734	25028	15487	17208
ENSG00000158016	13350	191	248	140	189	106
ENSG00000101676	2150	39	79	79	70	66
ENSG00000126829	78650	2054	1259	2662	921	2645
ENSG00000189731	2150	32	19	18	53	42
ENSG00000131120	4900	273	176	182	152	292
ENSG00000100129	10050	159	187	199	140	143
ENSG00000211863	85400	1673	1100	1227	973	653
ENSG00000107322	231650	6527	6726	5195	7339	5937
ENSG00000210363	16200	405	237	411	228	376
ENSG00000201839	650	12	9	9	11	19
ENSG00000170113	850	14	5	17	24	8
ENSG00000237630	4350	54	69	61	36	64
ENSG00000171709	35100	850	830	800	809	385
ENSG00000199958	10250	229	101	246	165	214
ENSG00000208386	10650	263	243	258	367	266
ENSG00000134140	5900	75	40	96	63	165
ENSG00000135045	114050	2507	2139	2731	3683	1494
ENSG00000117402	950	25	16	29	25	5
ENSG00000177734	282100	8316	7300	7892	4711	8459
ENSG00000231355	58350	2056	1406	2297	2367	1572
ENSG00000203008	30400	532	998	718	946	629
ENSG00000211656	8300	156	135	221	112	246
ENSG00000195917	6450	63	120	181	113	51
ENSG00000181317	6000	257	134	138	134	153
ENSG00000113049	1400	45	59	60	44	58
ENSG00000148552	2400	37	56	75	61	75
ENSG00000223715	1550	22	45	32	16	35
ENSG00000104443	22750	938	681	679	447	783
ENSG00000151749	8250	186	197	140	155	130
ENSG00000156394	16300	301	257	243	233	360
ENSG00000106691	2400	33	26	27	32	48
ENSG00000145454	700	15	18	21	13	16
ENSG00000210047	1400	28	11	13	20	6
ENSG00000211281	12550	115	424	372	343	211
ENSG00000149039	600	17	21	13	19	15
ENSG00000128605	34300	353	553	401	900	281
ENSG00000227691	1200	8	33	30	35	26
ENSG00000154191	3950	44	53	72	54	43
ENSG00000188851	7600	371	346	210	161	395
ENSG00000219523	400	14	8	22	10	20
ENSG00000244124	50	7	1	1	2	4
ENSG00000168134	76000	1776	1461	2022	799	1135
ENSG00000151556	5800	80	75	82	187	137
ENSG00000171556	1500	42	54	42	44	63
ENSG00000141444	239100	5147	4622	3660	2848	4607
ENSG00000223434	533200	13431	9446	15174	11985	8005
ENSG00000129631	5300	102	231	138	105	131
ENSG00000130036	8850	340	250	161	109	389
ENSG00000145919	1590600	27653	14137	28309	16054	36801
ENSG00000156913	2700	60	45	33	53	51
ENSG00000235036	90750	1829	1864	1022	1098	2063
ENSG00000195710	46500	937	1283	877	1218	1923
ENSG00000249323	3300	44	26	59	65	35
ENSG00000167341	1800	27	10	8	35	18
ENSG00000200278	2250	18	49	38	40	40
ENSG00000204759	11600	290	276	199	277	120
ENSG00000207478	10950	333	338	230	373	384
ENSG00000167252	1344200	14150	41270	39375	26134	27254
ENSG00000190567	600	9	13	24	19	14
ENSG00000169285	14150	88	176	137	239	203
ENSG00000147702	600	27	41	41	31	48
ENSG00000198634	60450	1413	796	787	886	1158
ENSG00000230990	13700	388	198	451	473	382
ENSG00000180669	650	10	8	9	11	14
ENSG00000209016	3200	78	78	96	58	74
ENSG00000181860	8650	133	227	220	133	166
ENSG00000101155	28400	767	333	734	995	520
ENSG00000204182	22400	564	492	429	171	440
ENSG00000108274	26600	676	887	1180	463	658
ENSG00000141648	4050	174	181	233	129	107
ENSG00000208196	21700	682	605	544	533	615
ENSG00000113418	12250	140	299	217	221	198
ENSG00000216613	43450	500	776	1276	1615	782
ENSG00000137568	28200	635	266	665	522	499
ENSG00000157892	600	41	31	36	33	14
ENSG00000157134	4200	117	136	179	128	121
ENSG00000243046	1100	33	31	51	54	30
ENSG00000185381	7150	128	166	130	79	142
ENSG00000110875	21350	1014	374	668	551	652
ENSG00000116718	10950	143	194	187	205	133
ENSG00000233758	5750	129	153	173	57	148
ENSG00000176042	2800	34	31	45	111	35
ENSG00000178154	198250	4508	3032	4056	2383	4615
ENSG00000116824	6700	190	236	198	254	192
ENSG00000162491	1300	24	20	19	17	26
ENSG00000110374	4100	35	51	32	97	92
ENSG00000198271	64700	1270	1236	1213	1016	1188
ENSG00000216116	526550	12784	15125	14799	9294	5592
ENSG00000212815	130550	1414	1560	2252	1056	3210
ENSG00000144635	4100	136	67	83	86	58
ENSG00000145438	41950	684	1222	799	957	713
ENSG00000118210	150	10	7	14	3	8
ENSG00000140965	32300	1123	1211	1082	1022	1279
ENSG00000241002	2850	80	90	125	64	88
ENSG00000184452	18550	205	368	216	292	174
ENSG00000124783	600	4	7	18	18	10
ENSG00000122666	17150	389	201	531	477	372
ENSG00000114853	450	5	6	14	19	10
ENSG00000178735	600	10	4	10	4	6
ENSG00000219833	159450	2224	2598	2719	1851	2478
ENSG00000216909	1150	15	13	10	38	13
ENSG00000138329	29850	709	1144	926	540	1189
ENSG00000201714	2950	48	39	76	57	55
ENSG00000180384	7350	123	143	124	166	96
ENSG00000239469	14650	225	167	197	158	75
ENSG00000142024	69150	937	1528	1386	989	1488
ENSG00000119689	32750	230	251	397	228	459
ENSG00000203019	1050	28	35	31	28	23
ENSG00000204152	1850	69	92	58	60	52
ENSG00000193231	82600	2768	2285	1818	4351	2440
ENSG00000105580	180300	3278	2153	1717	1689	2703
ENSG00000225333	3450	56	50	52	43	45
ENSG00000151251	28750	796	1027	1013	1055	741
ENSG00000125151	9750	60	137	136	141	114
ENSG00000195214	107850	1266	1112	915	1595	1404
ENSG00000207320	2250	56	27	15	27	18
ENSG00000130838	55800	440	1036	794	681	789
ENSG00000113522	1200	51	33	23	30	57
ENSG00000191480	450	8	15	7	13	14
ENSG00000160261	20400	455	373	487	452	405
ENSG00000139025	23450	541	553	848	404	453
ENSG00000182162	350	14	11	7	5	7
ENSG00000227072	50	4	1	1	0	1
ENSG00000127829	7450	89	106	106	108	80
ENSG00000229874	23350	328	384	295	613	502
ENSG00000204056	3550	57	71	68	62	33
ENSG00000118751	5250	132	182	229	199	73
ENSG00000127669	3550	110	53	56	118	112
ENSG00000226233	2950	70	79	41	43	44
ENSG00000117616	20100	465	298	765	176	362
ENSG00000137836	88750	2462	1427	1422	1099	1789
ENSG00000170413	14100	301	271	302	247	461
ENSG00000134638	2300	120	100	49	69	85
ENSG00000192283	2150	81	37	29	43	59
ENSG00000159379	12650	117	256	221	227	349
ENSG00000145054	0	3	3	1	0	3
ENSG00000226213	9400	203	117	90	107	318
ENSG00000185419	8950	148	88	122	108	145
ENSG00000112767	11700	170	129	143	216	159
ENSG00000236725	4200	161	102	88	85	85
ENSG00000235290	7050	63	157	129	91	103
ENSG00000188155	500	4	13	3	8	7
ENSG00000167135	19300	443	530	535	311	906
ENSG00000105691	3250	59	52	91	105	55
ENSG00000144506	10250	188	94	119	123	152
ENSG00000110560	4900	62	60	70	52	64
ENSG00000128969	200	8	6	3	8	3
ENSG00000126789	14950	719	392	499	385	698
ENSG00000126305	4750	71	105	45	187	98
ENSG00000190221	4750	138	102	69	110	67
ENSG00000103548	12200	296	414	361	315	315
ENSG00000198085	136400	2997	7681	5082	4227	5647
ENSG00000189489	7500	133	113	102	150	152
ENSG00000235675	23800	344	549	581	450	239
ENSG00000163772	157200	5296	5414	7881	5968	3449
ENSG00000228922	2950	114	53	76	80	89
ENSG00000135158	64800	1279	2206	2452	1197	1931
ENSG00000215268	5450	168	217	151	173	175
ENSG00000191963	49350	1266	306	1298	650	1523
ENSG00000148422	8200	262	203	209	209	177
ENSG00000216401	68350	1450	917	1406	1051	1392
ENSG00000154452	1150	23	17	21	24	51
ENSG00000242924	1850	56	65	58	54	66
ENSG00000167723	2300	20	61	58	31	69
ENSG00000112148	5700	78	97	74	70	44
ENSG00000159295	92450	674	567	706	1783	1022
ENSG00000158576	18100	345	448	548	345	408
ENSG00000158931	29900	396	401	541	718	356
ENSG00000222745	5900	89	65	72	150	57
ENSG00000243594	12750	160	217	255	256	142
ENSG00000246298	17400	401	360	609	379	382
ENSG00000142863	17950	307	250	232	222	206
ENSG00000145875	2650	44	46	67	67	73
ENSG00000134121	1650	61	83	37	134	49
ENSG00000163919	1200	19	22	25	11	20
ENSG00000165106	44450	966	537	793	631	1128
ENSG00000215080	75800	1241	1338	1450	1423	1421
ENSG00000137203	306400	6142	5523	6609	5646	5121
ENSG00000187966	50	1	0	1	1	0
ENSG00000116053	38100	962	943	911	862	1459
ENSG00000178939	23750	291	434	463	555	572
ENSG00000123870	1256050	9590	66120	48727	17996	34582
ENSG00000241518	1750	65	78	34	96	118
ENSG00000114096	1450	33	54	32	24	35
ENSG00000101770	8700	340	107	325	262	478
ENSG00000217082	700	6	7	9	12	9
ENSG00000120730	250	13	3	7	13	7
ENSG00000159990	22550	619	469	479	543	551
ENSG00000136704	450	5	4	2	6	8
ENSG00000113249	1100	15	20	23	24	22
ENSG00000150706	81950	1273	1142	1177	1376	1554
ENSG00000102846	27900	480	380	346	437	327
ENSG00000162897	700	8	9	12	8	10
ENSG00000200213	112550	2471	1926	1892	1824	3569
ENSG00000120924	5800	96	173	174	150	112
ENSG00000153349	5650	74	72	84	87	78
ENSG00000208018	3000	250	212	208	167	185
ENSG00000178543	5500	127	107	119	127	71
ENSG00000162855	72500	1381	1198	1662	1179	1438
ENSG00000213002	23250	392	256	484	472	353
ENSG00000218854	950	34	29	20	15	49
ENSG00000194237	3050	76	36	34	53	50
ENSG00000193687	43950	786	683	912	621	522
ENSG00000169139	2350	35	59	61	37	23
ENSG00000150038	950	21	9	21	8	27
ENSG00000124690	0	1	1	1	1	1
ENSG00000173921	29900	875	510	771	698	629
ENSG00000148098	11500	129	88	170	90	77
ENSG00000158220	7650	75	107	69	121	97
ENSG00000212716	1650	17	37	25	31	25
ENSG00000120403	2350	16	58	37	62	61
ENSG00000187838	11000	153	71	90	88	152
ENSG00000178424	950	21	11	8	10	20
ENSG00000200784	5850	125	154	148	84	204
ENSG00000213198	195900	2607	6124	8346	3998	2998
ENSG00000216489	3600	42	58	53	77	42
ENSG00000153701	7850	143	156	49	180	72
ENSG00000152570	193100	2179	1767	4920	3961	3132
ENSG00000168079	4750	200	243	135	152	210
ENSG00000208543	151550	2710	2154	6494	3576	4932
ENSG00000235858	64550	585	896	550	1178	589
ENSG00000166054	70450	1165	1813	652	1097	1331
ENSG00000110610	3800	50	66	135	75	93
ENSG00000193060	3900	57	88	52	66	61
ENSG00000165018	123050	2692	2036	3281	2282	2232
ENSG00000130354	11800	219	165	283	232	299
ENSG00000114577	7150	89	192	184	73	83
ENSG00000247038	100	2	3	1	1	2
ENSG00000113334	5500	92	71	133	156	89
ENSG00000190382	756850	13526	21660	21166	26312	18254
ENSG00000141276	20150	157	300	651	416	456
ENSG00000222257	382750	5006	1934	5567	6085	4876
ENSG00000171658	11400	385	232	273	419	309
ENSG00000134333	350	5	7	4	11	14
ENSG00000195006	8250	178	285	349	95	163
ENSG00000121916	236000	3108	4501	3284	5495	5363
ENSG00000150666	9700	251	391	331	222	369
ENSG00000141914	6000	117	107	78	145	85
ENSG00000169842	8500	106	89	100	119	140
ENSG00000134413	200	11	14	9	21	18
ENSG00000197600	3250	62	52	83	65	65
ENSG00000244415	13950	215	180	138	168	156
ENSG00000238243	41450	1191	924	820	782	712
ENSG00000215821	50050	841	1032	557	612	669
ENSG00000157228	350	9	12	14	26	20
ENSG00000203115	200	2	2	4	3	1
ENSG00000147632	3750	141	55	56	78	58
ENSG00000226138	1700	47	29	49	15	25
ENSG00000233988	28300	1043	800	695	601	1133
ENSG00000170179	1400	13	21	9	15	22
ENSG00000123292	10550	495	299	380	566	422
ENSG00000233427	2500	75	49	83	82	61
ENSG00000225564	48800	727	1848	831	745	1927
ENSG00000222140	3200	212	133	259	116	111
ENSG00000210903	50	4	1	4	0	2
ENSG00000241504	300	1	0	0	1	1
ENSG00000223149	14800	242	319	242	289	262
ENSG00000113626	900	27	33	30	12	8
ENSG00000117948	63600	889	819	1352	747	1113
ENSG00000174328	9100	201	198	164	144	165
ENSG00000106127	177250	4985	6867	4738	4051	5269
ENSG00000117172	7750	83	135	130	146	60
ENSG00000140349	2750	32	51	42	21	20
ENSG00000111820	200	4	1	1	2	2
ENSG00000127070	21950	349	376	384	294	366
ENSG00000180968	4850	92	112	91	85	74
ENSG00000151304	4250	59	71	84	61	63
ENSG00000131717	924550	26908	32253	27933	27960	24629
ENSG00000215406	34450	1512	720	933	895	845
ENSG00000183040	750	12	19	31	20	17
ENSG00000237683	18450	651	428	973	630	822
ENSG00000118034	450	9	2	10	10	15
ENSG00000173271	2050	43	21	48	44	66
ENSG00000140358	28500	888	701	1249	987	863
ENSG00000172590	650	5	12	23	10	18
ENSG00000151058	5300	110	165	192	133	217
ENSG00000161706	6400	199	106	236	192	96
ENSG00000125344	13500	190	160	215	213	215
ENSG00000138848	700	20	39	12	15	17
ENSG00000237445	450	8	15	15	2	13
ENSG00000137121	7500	132	150	189	136	121
ENSG00000198690	25650	767	748	615	503	463
ENSG00000142130	1100	14	14	22	18	18
ENSG00000111278	47200	737	709	561	791	1147
ENSG00000138487	83650	2229	1206	1250	1874	1377
ENSG00000187027	10900	158	215	460	222	206
ENSG00000107988	68800	1916	1176	1529	1339	586
ENSG00000179738	44500	1388	1171	869	914	773
ENSG00000157121	145150	1330	1100	1934	3169	1451
ENSG00000230654	12350	230	278	140	211	310
ENSG00000175535	13600	280	122	142	317	229
ENSG00000182876	26150	392	349	259	234	237
ENSG00000212910	57300	1736	1194	1616	933	855
ENSG00000108619	1100	41	43	46	53	51
ENSG00000220727	136550	3804	3131	1560	4483	3545
ENSG00000204949	900	20	22	29	22	44
ENSG00000235038	512700	9992	6563	7767	5433	8698
ENSG00000180272	21950	423	605	918	564	294
ENSG00000184283	2024200	31300	47990	22769	51375	22606
ENSG00000141383	16300	149	368	220	240	325
ENSG00000129895	42500	489	513	703	528	1003
ENSG00000120230	100	12	1	2	3	4
ENSG00000128397	6750	114	101	75	86	49
ENSG00000115667	8950	180	134	394	345	307
ENSG00000219610	13650	534	440	324	303	306
ENSG00000132966	23600	258	705	1014	773	541
ENSG00000157292	8150	285	154	223	324	208
ENSG00000104261	5900	176	137	57	137	140
ENSG00000103604	61150	885	1330	1293	967	716
ENSG00000239934	300	3	9	10	7	11
ENSG00000189742	3350	50	64	70	48	34
ENSG00000114772	40200	387	663	737	824	579
ENSG00000189145	10550	134	97	108	131	129
ENSG00000246762	79200	1710	1631	1561	2730	721
ENSG00000224439	2100	41	53	44	36	44
ENSG00000247402	4700	116	64	38	67	85
ENSG00000137634	20150	430	646	730	656	430
ENSG00000152382	287550	6178	5569	6906	5086	6108
ENSG00000201799	400	9	9	15	8	11
ENSG00000239083	350	6	4	10	7	1
ENSG00000149180	1300	13	10	8	19	8
ENSG00000207821	800	21	9	14	7	13
ENSG00000224961	12950	210	346	396	265	172
ENSG00000149363	64800	1195	1241	1429	1229	833
ENSG00000240335	8200	161	159	114	182	112
ENSG00000143457	16800	255	294	168	236	354
ENSG00000140234	31850	358	638	222	385	679
ENSG00000192135	17400	512	363	155	575	349
ENSG00000225631	13450	214	231	203	192	361
ENSG00000130132	8400	230	126	177	126	214
ENSG00000194939	34200	1662	1070	1133	1187	1142
ENSG00000109500	300	20	14	23	18	16
ENSG00000223185	1550	74	58	74	41	67
ENSG00000218130	9350	357	433	219	199	254
ENSG00000229303	2234050	28508	38181	28773	31578	43559
ENSG00000241219	1150	11	20	27	22	23
ENSG00000192801	37100	713	1171	500	666	534
ENSG00000181140	1350	29	45	49	30	17
ENSG00000122408	5800	90	110	229	98	119
ENSG00000243168	1850	17	27	31	16	40
ENSG00000147906	228250	4727	4225	6900	6645	8353
ENSG00000161000	11150	222	331	369	329	449
ENSG00000168952	2600	52	31	65	76	76
ENSG00000104998	74100	1920	1506	871	1246	1060
ENSG00000247178	1000	26	25	50	51	40
ENSG00000148357	12550	335	284	243	159	176
ENSG00000141056	200	2	9	7	17	3
ENSG00000150118	2400	86	155	58	58	107
ENSG00000177230	18050	336	475	156	238	283
ENSG00000237506	19500	332	395	291	182	370
ENSG00000206114	1050	26	40	21	17	30
ENSG00000222059	1350	49	19	41	28	40
ENSG00000221315	100	4	4	2	9	4
ENSG00000190773	300	1	3	2	5	5
ENSG00000239071	4200	140	123	66	90	208
ENSG00000204859	80400	1684	1274	1646	2064	1708
ENSG00000128104	12050	226	567	391	412	522
ENSG00000119352	32250	485	375	621	490	287
ENSG00000161057	7300	192	149	219	205	128
ENSG00000199413	5800	101	104	252	99	181
ENSG00000236050	5600	90	116	135	89	127
ENSG00000119206	157050	3673	4245	2584	3353	4874
ENSG00000114364	1950	94	99	50	77	51
ENSG00000169177	119400	2214	1858	1280	1832	1321
ENSG00000189475	300	6	14	8	12	9
ENSG00000135919	650	19	10	8	25	11
ENSG00000238614	5800	162	230	81	91	113
ENSG00000129129	100	6	8	5	6	13
ENSG00000203791	87100	4175	1732	3167	4069	4207
ENSG00000204003	14400	198	215	215	237	178
ENSG00000179932	13450	365	532	456	436	430
ENSG00000241466	3850	60	39	37	60	43
ENSG00000106772	13900	369	244	353	515	361
ENSG00000106543	2350	30	34	24	31	31
ENSG00000189527	74250	1512	1325	3722	2896	2908
ENSG00000185539	139200	1412	1787	1487	3067	1676
ENSG00000138669	2600	53	33	65	45	32
ENSG00000110865	1250	14	18	29	24	32
ENSG00000209105	650	16	8	6	7	16
ENSG00000190089	400	6	9	13	7	11
ENSG00000177219	92050	1305	2272	3487	1664	3172
ENSG00000103462	49150	604	577	1104	558	837
ENSG00000111624	208950	4859	3429	2143	5039	3638
ENSG00000204894	17500	773	436	371	617	350
ENSG00000195960	54650	1438	634	847	333	610
ENSG00000123023	49100	408	835	543	710	1231
ENSG00000116361	4950	82	38	102	75	96
ENSG00000216803	9800	221	468	257	361	201
ENSG00000158211	47250	1578	1426	1583	1365	1125
ENSG00000114800	8700	296	236	226	146	354
ENSG00000152733	1750	11	18	20	45	28
ENSG00000237267	2200	20	22	41	15	37
ENSG00000228950	3499600	48837	40854	55896	62807	31903
ENSG00000178137	1700	52	29	42	17	24
ENSG00000176730	2200	100	36	50	69	24
ENSG00000237138	13050	189	196	142	295	282
ENSG00000124531	9300	216	136	112	207	99
ENSG00000206759	109650	1470	1647	1832	1221	1430
ENSG00000249965	4000	43	114	107	117	47
ENSG00000223764	69300	858	606	604	544	462
ENSG00000172272	13000	141	143	210	127	198
ENSG00000145658	12000	170	200	261	182	182
ENSG00000188870	5800	184	224	137	95	133
ENSG00000128606	2150	26	23	21	25	66
ENSG00000213910	3700	79	90	33	42	50
ENSG00000136598	700	34	27	21	18	16
ENSG00000192808	6600	111	76	66	106	108
ENSG00000211990	15950	211	363	322	184	230
ENSG00000143514	25800	348	279	359	330	299
ENSG00000245076	1950	15	22	15	15	25
ENSG00000122282	1050	45	36	57	37	31
ENSG00000198258	3150	103	104	103	65	95
ENSG00000131229	115900	958	2931	2754	1795	2905
ENSG00000187709	15100	391	162	186	260	296
ENSG00000220270	19850	340	401	495	662	345
ENSG00000212009	120550	1405	1932	1375	2152	1350
ENSG00000223946	26350	445	402	567	371	597
ENSG00000169935	3900	76	29	73	42	112
ENSG00000200068	211450	6247	6862	3849	3981	3997
ENSG00000137677	6500	79	167	136	272	103
ENSG00000239043	101500	1097	1594	2188	3072	1564
ENSG00000189831	19100	365	697	401	239	435
ENSG00000155225	47850	406	970	1193	641	626
ENSG00000177757	124800	1310	1326	1989	1566	3153
ENSG00000172834	1550	84	94	71	93	109
ENSG00000228802	700	5	8	23	9	19
ENSG00000103263	14750	610	278	287	288	261
ENSG00000213020	12650	135	137	192	185	132
ENSG00000138577	7750	59	154	92	97	162
ENSG00000110341	8650	148	178	247	205	170
ENSG00000215989	300	9	4	3	8	23
ENSG00000185285	12850	185	128	148	195	185
ENSG00000105695	2650	93	91	95	125	119
ENSG00000158101	10800	307	326	295	336	276
ENSG00000156444	5500	113	67	200	115	110
ENSG00000150274	6600	60	57	58	100	136
ENSG00000226764	24250	1161	416	841	717	1282
ENSG00000111165	74500	1439	1321	1807	618	1950
ENSG00000144415	7450	102	125	235	264	100
ENSG00000218311	1850	41	50	40	38	69
ENSG00000195360	2650	51	48	42	49	46
ENSG00000163774	142000	1690	1661	2737	2183	2275
ENSG00000155864	400	8	6	6	4	11
ENSG00000130107	7800	144	125	167	133	153
ENSG00000175471	10900	208	309	301	373	298
ENSG00000167597	19800	372	478	419	543	291
ENSG00000186710	100	2	4	1	2	1
ENSG00000141078	12550	223	221	328	257	204
ENSG00000246222	0	2	3	0	2	3
ENSG00000108365	2050	38	38	80	42	65
ENSG00000148659	1400	9	18	13	21	32
ENSG00000171211	150	1	1	0	3	2
ENSG00000127241	179550	4834	5317	4398	4236	5729
ENSG00000186017	1950	69	72	75	80	44
ENSG00000112153	200	10	2	4	5	6
ENSG00000214343	600	7	16	11	13	8
ENSG00000167279	4400	56	55	79	108	60
ENSG00000202230	24200	259	476	256	363	362
ENSG00000192846	5300	93	124	97	68	144
ENSG00000197517	400	10	14	9	14	15
ENSG00000114674	90900	1322	1985	3015	1194	1769
ENSG00000215597	9150	85	265	112	95	228
ENSG00000115104	184400	3616	1512	1412	1196	1968
ENSG00000193320	97600	2230	2330	1939	1412	2607
ENSG00000105482	8700	72	201	139	126	331
ENSG00000161070	107400	1833	1697	2138	2294	2175
ENSG00000176997	6000	127	71	154	129	47
ENSG00000235110	45250	1151	942	1214	629	1059
ENSG00000191266	200	8	3	4	3	9
ENSG00000138412	150	5	4	5	3	4
ENSG00000139037	600	6	10	10	11	11
ENSG00000242223	18750	409	336	237	262	435
ENSG00000191172	8700	238	187	223	219	203
ENSG00000139868	900	44	40	33	13	41
ENSG00000181959	2900	37	26	42	39	62
ENSG00000221653	2200	34	35	37	54	40
ENSG00000225933	7400	203	109	164	161	119
ENSG00000198543	60750	1016	1029	1469	567	1097
ENSG00000191755	32400	1331	611	870	461	610
ENSG00000222371	5800	129	63	63	98	102
ENSG00000202770	3950	173	134	148	217	65
ENSG00000238195	20100	400	517	333	271	417
ENSG00000211346	650	8	16	11	11	35
ENSG00000105234	6650	179	187	110	78	168
ENSG00000199143	25500	332	371	717	336	728
ENSG00000173005	20250	645	372	253	322	323
ENSG00000121738	2700	74	36	53	56	57
ENSG00000148607	1100	45	24	20	25	36
ENSG00000150096	550	21	21	13	24	11
ENSG00000198962	190100	2113	2536	2359	2074	2237
ENSG00000112691	9950	115	134	156	81	178
ENSG00000208609	500	9	11	11	5	13
ENSG00000106666	200	1	3	7	2	2
ENSG00000104294	7050	227	123	118	95	246
ENSG00000157885	190800	4542	1933	1795	2959	3398
ENSG00000158328	2750	86	71	76	127	83
ENSG00000111949	1450	20	17	20	47	17
ENSG00000187007	33500	678	994	1039	597	352
ENSG00000223696	2500	68	84	47	92	51
ENSG00000210999	5400	172	108	56	105	119
ENSG00000242521	10850	238	298	213	127	250
ENSG00000220726	2950	44	74	50	37	46
ENSG00000240469	23300	582	838	560	509	648
ENSG00000129893	35450	660	639	593	599	471
ENSG00000207940	3900	54	69	109	89	113
ENSG00000207899	3050	63	25	33	61	17
ENSG00000221915	10500	376	135	152	331	360
ENSG00000211476	50	1	1	0	2	2
ENSG00000224706	3650	40	39	126	57	44
ENSG00000236829	2350	24	38	93	26	34
ENSG00000191185	36300	842	479	525	537	503
ENSG00000175646	650	16	15	18	8	16
ENSG00000244896	92450	932	1979	877	704	1715
ENSG00000110732	3950	122	112	135	98	84
ENSG00000129746	19450	308	291	281	308	268
ENSG00000218840	118550	2157	1088	2202	1439	1612
ENSG00000227651	12350	200	165	105	235	232
ENSG00000223887	1450	29	23	38	58	62
ENSG00000216958	10800	473	249	318	159	173
ENSG00000213563	8650	241	156	259	76	87
ENSG00000176706	116850	6569	13262	9145	5355	6716
ENSG00000135908	6250	108	109	94	150	86
ENSG00000125452	39850	1312	885	765	574	1033
ENSG00000191300	117250	1454	2079	1970	1993	1628
ENSG00000223539	40850	965	902	881	1616	847
ENSG00000167072	2300	68	24	76	31	85
ENSG00000209897	500	14	11	10	8	28
ENSG00000207367	85700	1257	1311	1241	811	1294
ENSG00000142827	177850	5325	6492	3734	4319	2997
ENSG00000142253	20300	731	535	486	591	276
ENSG00000129710	70050	1051	1973	2280	1515	1662
ENSG00000123396	6800	138	243	236	170	323
ENSG00000140118	35650	805	967	896	276	596
ENSG00000105105	97950	2528	2227	1944	1053	2593
ENSG00000243624	4450	156	118	137	206	130
ENSG00000162033	116000	1999	3884	714	1373	1204
ENSG00000205205	7850	120	194	209	143	76
ENSG00000176551	550	16	19	43	32	35
ENSG00000168686	14200	308	231	381	172	267
ENSG00000117609	5400	140	98	119	125	126
ENSG00000103826	12800	447	740	602	331	468
ENSG00000132582	30750	313	388	417	340	530
ENSG00000128489	5050	75	111	128	99	98
ENSG00000215529	25600	299	418	344	429	361
ENSG00000156114	8550	102	66	102	66	60
ENSG00000243059	26650	1324	789	839	752	1194
ENSG00000224338	1700	24	52	22	57	26
ENSG00000101727	800	13	11	12	20	12
ENSG00000124677	67900	657	1015	653	1006	941
ENSG00000173235	350	0	2	0	6	3
ENSG00000207790	6850	65	105	111	82	99
ENSG00000110595	5250	97	134	104	69	59
ENSG00000127876	29900	557	745	626	772	752
ENSG00000228670	2150	125	89	71	107	95
ENSG00000210537	3950	92	58	124	68	123
ENSG00000183098	550	3	1	1	7	4
ENSG00000244612	61600	1776	737	632	899	973
ENSG00000170409	850	23	19	11	23	19
ENSG00000159829	6750	256	140	137	148	217
ENSG00000246860	600	19	32	34	37	13
ENSG00000203117	89350	1072	1035	614	1650	554
ENSG00000235703	850	18	12	24	30	19
ENSG00000182011	200	7	4	11	5	8
ENSG00000102262	70050	2204	1276	2327	2427	3020
ENSG00000126425	3000	45	45	46	30	43
ENSG00000138837	11800	170	219	268	261	241
ENSG00000102941	18000	322	574	328	368	413
ENSG00000175998	350	12	6	11	3	7
ENSG00000124976	60150	893	932	799	1023	701
ENSG00000112167	600	20	11	17	11	21
ENSG00000113187	3050	158	264	172	160	130
ENSG00000139622	11000	275	240	422	333	215
ENSG00000114748	7800	126	87	116	79	107
ENSG00000230131	950	18	19	31	30	11
ENSG00000148964	48900	622	1388	758	1980	1351
ENSG00000102749	650	13	15	25	39	31
ENSG00000129381	300	7	5	11	24	15
ENSG00000196241	97100	1486	1338	1478	2056	1190
ENSG00000228609	110750	1986	1534	934	961	2108
ENSG00000136165	150	2	7	1	4	5
ENSG00000174965	3700	58	63	76	97	75
ENSG00000100058	4250	127	79	135	237	196
ENSG00000148732	0	0	1	0	1	1
ENSG00000120053	2300	49	31	19	62	37
ENSG00000160582	44500	1271	1089	853	1296	919
ENSG00000107096	800	16	21	10	27	13
ENSG00000214205	103700	1098	1935	2346	2378	2143
ENSG00000217355	454150	3541	5647	7166	6556	7607
ENSG00000131095	6500	106	196	126	71	156
ENSG00000181517	1400	40	39	34	26	56
ENSG00000121685	4900	223	147	234	135	314
ENSG00000187509	400	8	8	12	10	10
ENSG00000108291	72750	1716	4091	1350	1990	2239
ENSG00000159531	14850	616	680	460	227	225
ENSG00000213516	400	1	11	13	8	9
ENSG00000169653	1750	29	24	27	40	31
ENSG00000177640	2200	91	50	81	41	46
ENSG00000175577	41150	824	1462	1533	810	661
ENSG00000144469	61050	1062	855	774	726	713
ENSG00000108792	1250	68	32	27	49	46
ENSG00000172513	4600	172	234	238	123	184
ENSG00000185422	2600	62	43	55	58	69
ENSG00000192544	32300	412	628	359	553	471
ENSG00000228095	4800	80	55	154	81	97
ENSG00000160234	468300	10388	9862	5487	12231	8342
ENSG00000160332	17550	203	426	590	369	213
ENSG00000157980	2350	90	109	96	105	59
ENSG00000133758	600	25	26	18	17	28
ENSG00000160085	200	5	8	14	12	15
ENSG00000162641	34350	745	657	723	531	794
ENSG00000192585	33850	546	1085	797	637	1058
ENSG00000170096	126150	3353	4092	3340	3532	1902
ENSG00000119800	1250	16	8	28	17	19
ENSG00000192704	20650	433	731	554	484	953
ENSG00000182168	600	34	11	10	12	4
ENSG00000174137	73050	649	642	621	1279	617
ENSG00000120363	13850	569	673	367	514	284
ENSG00000122470	11150	215	240	328	135	242
ENSG00000194861	4050	78	81	50	79	40
ENSG00000127127	2300	77	40	39	37	56
ENSG00000216517	2800	43	53	123	76	83
ENSG00000157470	250	3	2	5	3	1
ENSG00000175537	42500	511	567	423	663	670
ENSG00000144764	300	19	20	16	17	16
ENSG00000130967	8950	299	212	201	114	227
ENSG00000172697	6100	131	83	57	111	83
ENSG00000216572	28100	737	436	751	681	1087
ENSG00000225299	8450	111	147	194	55	90
ENSG00000156891	6850	83	216	204	90	75
ENSG00000235070	12500	217	355	298	277	269
ENSG00000201274	41350	1169	619	1209	1235	674
ENSG00000182230	1500	37	69	95	85	63
ENSG00000225005	1800	9	23	18	26	12
ENSG00000150779	6250	188	106	168	196	160
ENSG00000216080	5950	114	124	135	92	76
ENSG00000102842	75850	738	722	787	623	566
ENSG00000146113	14100	434	371	254	512	588
ENSG00000200487	13050	188	270	203	308	137
ENSG00000155631	127500	1028	1046	1492	1847	1708
ENSG00000173369	16250	533	467	380	277	225
ENSG00000172342	18700	412	601	514	446	469
ENSG00000166922	6100	28	94	91	74	68
ENSG00000158890	161700	5516	3727	2365	2038	4089
ENSG00000167741	23400	412	574	1126	838	305
ENSG00000190476	1150	26	17	18	16	38
ENSG00000214330	2500	10	33	21	52	18
ENSG00000104424	331050	5019	5201	5305	3699	4776
ENSG00000241089	15250	252	305	235	165	145
ENSG00000108769	255850	4466	7414	6820	3781	2459
ENSG00000233392	1019400	25225	17055	19308	29524	15690
ENSG00000129423	10550	169	193	289	299	142
ENSG00000197764	19200	226	283	171	327	145
ENSG00000112103	49850	575	1231	1273	868	656
ENSG00000166202	1850	11	29	19	30	17
ENSG00000182642	400	5	4	3	2	5
ENSG00000144115	561100	3919	5323	8353	5970	8251
ENSG00000214685	1950	48	38	34	23	63
ENSG00000213165	3300	133	99	117	120	128
ENSG00000246457	144800	4819	4232	1869	3719	2923
ENSG00000131373	6550	153	164	201	135	232
ENSG00000229268	62900	873	1030	1003	1030	1505
ENSG00000130193	12100	170	388	260	525	367
ENSG00000167746	800	10	14	10	14	10
ENSG00000227999	600	33	40	27	46	27
ENSG00000162599	5000	276	177	245	171	235
ENSG00000194221	700	13	8	13	15	14
ENSG00000134802	55900	937	1574	859	1143	1472
ENSG00000124391	21900	496	288	478	296	230
ENSG00000229600	300	6	5	6	8	2
ENSG00000111834	21550	358	481	527	527	278
ENSG00000234543	2500	76	82	70	26	94
ENSG00000242986	5150	89	59	70	91	82
ENSG00000107393	26250	779	555	1092	472	833
ENSG00000125183	400	12	5	5	7	1
ENSG00000245517	1000	27	26	16	39	11
ENSG00000143481	10350	400	446	166	390	509
ENSG00000210720	200	9	4	11	10	5
ENSG00000180033	47350	2125	2852	3387	2054	2311
ENSG00000188769	150	3	1	0	0	0
ENSG00000145767	111800	1591	1505	1022	965	1781
ENSG00000146761	14650	704	904	533	525	655
ENSG00000140960	1500	58	31	42	32	38
ENSG00000226075	8500	161	84	138	146	180
ENSG00000116297	1750	57	37	25	48	54
ENSG00000120057	457650	7899	6774	5225	5972	4460
ENSG00000141906	9900	146	238	187	122	104
ENSG00000161167	31300	593	364	322	626	531
ENSG00000176592	7400	177	207	416	244	300
ENSG00000121108	500	19	10	16	11	7
ENSG00000165665	150	1	2	4	1	4
ENSG00000147164	11500	141	194	373	209	146
ENSG00000177240	204950	1639	3413	2705	2906	1737
ENSG00000227026	20700	495	616	443	352	556
ENSG00000239919	4900	80	153	138	87	102
ENSG00000154086	17450	371	274	332	249	346
ENSG00000187182	5500	92	93	48	61	55
ENSG00000110048	96150	984	2012	1935	1911	1694
ENSG00000124614	29050	535	451	500	411	273
ENSG00000231017	14650	344	125	333	211	315
ENSG00000201123	423300	11715	10172	10011	9537	10893
ENSG00000222152	3750	23	28	83	32	50
ENSG00000187242	1600	20	12	32	21	37
ENSG00000200119	4450	136	66	141	121	111
ENSG00000198561	1550	36	82	114	28	69
ENSG00000153651	2500	50	63	51	68	38
ENSG00000144401	20550	374	556	523	270	564
ENSG00000204569	10050	519	401	441	410	499
ENSG00000200074	50	5	6	0	6	2
ENSG00000121269	1600	34	24	37	72	37
ENSG00000229016	3050	49	48	34	44	68
ENSG00000109169	350	4	2	2	4	0
ENSG00000177321	10400	325	501	654	587	234
ENSG00000175541	8950	98	243	167	296	270
ENSG00000221933	16650	543	295	310	382	758
ENSG00000232745	1800	29	30	43	35	46
ENSG00000206040	3100	50	20	52	24	28
ENSG00000160786	8200	172	367	220	131	208
ENSG00000119347	6600	118	141	206	149	123
ENSG00000139406	5000	34	56	49	32	27
ENSG00000149604	20500	246	367	496	339	543
ENSG00000124964	1350	36	52	37	44	43
ENSG00000142925	37050	1157	729	874	936	1060
ENSG00000147205	23350	325	319	312	281	397
ENSG00000119653	1650	32	55	16	32	39
ENSG00000217774	450	10	13	9	2	7
ENSG00000199365	12700	199	235	155	239	495
ENSG00000183016	78200	947	1161	1098	1134	1310
ENSG00000227203	6200	101	161	116	168	160
ENSG00000224450	116900	3865	2118	1460	3319	2221
ENSG00000145768	38000	621	607	1165	788	452
ENSG00000101448	66150	1639	1591	1577	1767	1692
ENSG00000139535	50	3	1	3	7	7
ENSG00000168064	2400	43	32	46	27	60
ENSG00000120381	17300	96	172	137	169	158
ENSG00000192050	13350	242	180	168	287	200
ENSG00000234607	4800	91	117	155	54	135
ENSG00000127083	3350	67	55	53	80	67
ENSG00000148593	50	3	0	1	1	0
ENSG00000142749	65750	1169	978	1598	1159	969
ENSG00000170165	49450	452	1031	745	1106	358
ENSG00000173451	2800	28	81	90	72	46
ENSG00000118947	12550	209	241	133	115	126
ENSG00000231914	1950	34	31	23	46	61
ENSG00000194374	33350	873	1754	1285	1152	539
ENSG00000202952	4600	76	85	105	116	82
ENSG00000134158	97100	881	1308	2013	1783	1185
ENSG00000169404	2850	60	38	36	38	57
ENSG00000197207	1200	25	15	25	14	7
ENSG00000104839	150	7	3	4	4	3
ENSG00000219983	18550	540	294	411	484	468
ENSG00000110763	2200	36	36	34	24	51
ENSG00000150938	10250	424	233	454	655	446
ENSG00000125013	61500	885	1309	936	1019	1021
ENSG00000240862	15850	198	151	202	366	539
ENSG00000209136	137700	2047	2023	2517	2955	2302
ENSG00000131055	2100	54	36	60	69	54
ENSG00000152384	1250	30	14	32	29	25
ENSG00000197397	9800	358	395	320	209	193
ENSG00000202716	4800	96	64	94	106	117
ENSG00000247546	151200	2786	998	2390	4315	4319
ENSG00000202278	150	2	6	4	5	5
ENSG00000245017	400	19	20	5	4	24
ENSG00000143595	65000	1733	2716	1432	1994	1999
ENSG00000110242	1450	38	42	29	22	25
ENSG00000108166	4950	79	107	70	88	66
ENSG00000209381	1850	74	38	70	36	75
ENSG00000117894	6000	62	106	108	174	76
ENSG00000205370	459400	10151	12043	6780	12744	10366
ENSG00000118525	83650	870	1117	1738	848	761
ENSG00000213688	7000	120	193	136	243	58
ENSG00000192947	168850	5729	6733	12400	3845	2665
ENSG00000202156	900	31	13	23	18	36
ENSG00000237954	11550	222	147	189	214	196
ENSG00000107793	387900	5965	5649	12148	6276	4622
ENSG00000125597	900	1	8	2	8	10
ENSG00000129522	600	17	25	14	16	16
ENSG00000233745	1850	23	10	22	28	24
ENSG00000143512	3600	73	34	42	107	57
ENSG00000248197	35050	612	953	577	625	626
ENSG00000187573	271350	1755	2543	5001	1601	2795
ENSG00000113888	55200	1333	1058	1341	1660	1844
ENSG00000145561	165900	2074	2848	2041	2744	2436
ENSG00000153796	16650	295	219	167	365	379
ENSG00000135174	2250	55	19	46	78	29
ENSG00000119959	1150	48	16	11	29	17
ENSG00000193309	8250	133	280	71	172	165
ENSG00000125317	1000	17	19	19	27	20
ENSG00000207864	1050	20	10	11	11	7
ENSG00000164384	23950	461	389	417	293	531
ENSG00000196854	1300	13	34	31	13	25
ENSG00000183032	3250	56	70	67	51	86
ENSG00000192202	650150	9461	9663	16956	5437	5483
ENSG00000223747	12100	424	251	277	543	340
ENSG00000138424	10850	215	300	398	514	438
ENSG00000113181	7300	63	72	105	95	64
ENSG00000202066	1300	19	19	20	26	44
ENSG00000176064	25100	494	547	311	732	423
ENSG00000115946	3300	71	24	64	55	37
ENSG00000140428	4050	132	118	163	97	81
ENSG00000135258	1050	49	35	44	54	30
ENSG00000194341	7300	235	265	310	205	453
ENSG00000219500	10900	223	135	473	202	359
ENSG00000234055	100	1	4	2	2	5
ENSG00000136536	1550	11	23	19	18	13
ENSG00000136781	2500	57	68	106	87	73
ENSG00000137048	207650	8968	8649	5592	5419	4840
ENSG00000231693	950	22	29	18	17	10
ENSG00000135725	13100	273	270	260	194	285
ENSG00000193609	81800	1356	1140	1127	1045	915
ENSG00000242698	69750	1220	1256	1779	1110	942
ENSG00000233280	3350	43	35	30	56	39
ENSG00000203498	29400	1582	940	782	1228	288
ENSG00000231630	13100	204	193	140	185	189
ENSG00000152639	7050	160	116	89	93	92
ENSG00000198597	1650	41	33	51	47	111
ENSG00000136808	100	2	4	4	3	5
ENSG00000187041	2600	46	50	32	113	54
ENSG00000197180	350	14	0	5	4	8
ENSG00000117413	36050	1249	1217	313	775	706
ENSG00000135194	20400	171	276	363	247	258
ENSG00000239560	119750	4920	4397	4089	3132	5604
ENSG00000227441	450	3	7	6	10	8
ENSG00000103494	200	5	4	4	6	2
ENSG00000147667	6050	75	79	40	86	137
ENSG00000117091	6600	214	148	120	194	241
ENSG00000233027	37950	721	587	488	685	774
ENSG00000102429	450	12	22	8	25	11
ENSG00000166031	200	2	4	4	5	3
ENSG00000159793	850	10	17	13	12	20
ENSG00000171336	2824900	47322	51314	48598	62895	27639
ENSG00000198700	500	10	11	7	12	23
ENSG00000107803	2100	35	26	16	32	26
ENSG00000198040	36300	710	575	716	837	944
ENSG00000230454	20100	645	585	564	516	464
ENSG00000147471	2350	32	48	47	45	44
ENSG00000101389	100	3	1	1	1	2
ENSG00000206843	15250	262	478	430	412	321
ENSG00000165550	1950	23	47	29	23	54
ENSG00000235030	62200	1454	1888	1569	648	1355
ENSG00000168730	8150	133	105	187	127	268
ENSG00000228193	23850	498	129	274	427	343
ENSG00000243062	100	0	0	1	3	1
ENSG00000213116	7350	187	153	131	136	130
ENSG00000130800	3550	176	186	148	145	83
ENSG00000243051	1750	34	39	35	41	59
ENSG00000185763	10950	299	224	591	531	186
ENSG00000104901	18500	409	488	382	347	455
ENSG00000207084	3200	70	56	62	57	40
ENSG00000101755	24150	365	635	350	853	442
ENSG00000135747	158450	2245	1586	3212	3049	3980
ENSG00000248167	23050	336	454	365	467	486
ENSG00000150948	4400	209	69	124	79	112
ENSG00000132770	8350	264	181	224	291	189
ENSG00000229501	3300	57	50	106	69	103
ENSG00000181813	5650	451	278	251	197	207
ENSG00000157014	29200	323	495	889	651	962
ENSG00000231821	3900	81	77	99	72	52
ENSG00000160796	18100	517	303	699	759	294
ENSG00000141507	197800	3149	7719	3484	9054	2624
ENSG00000209983	5500	123	58	68	80	80
ENSG00000219098	1650	46	40	26	30	17
ENSG00000203368	2600	44	39	42	40	68
ENSG00000219150	23600	532	582	424	649	695
ENSG00000171553	8750	361	358	207	338	354
ENSG00000221125	3250	34	45	37	37	44
ENSG00000246045	0	1	0	1	1	0
ENSG00000153611	27300	341	342	487	521	367
ENSG00000171828	21850	234	408	330	381	463
ENSG00000212988	10000	243	220	400	128	503
ENSG00000249447	1850	51	38	40	24	27
ENSG00000151097	0	2	0	4	2	4
ENSG00000192756	4150	52	54	62	64	85
ENSG00000180770	1200	34	45	25	41	31
ENSG00000111645	20600	323	318	522	840	565
ENSG00000116720	142300	1954	2204	3094	2319	1063
ENSG00000226469	25650	687	942	545	568	929
ENSG00000243797	2650	71	107	55	58	84
ENSG00000240550	55450	436	719	743	961	364
ENSG00000154381	3150	65	58	108	65	72
ENSG00000176447	33000	539	398	1067	740	417
ENSG00000125303	10050	186	320	91	95	205
ENSG00000231778	1500	72	100	47	58	55
ENSG00000230812	11850	331	365	188	351	145
ENSG00000232400	10450	305	135	249	154	169
ENSG00000190764	102550	1549	2331	1911	1011	3229
ENSG00000172114	8250	179	177	86	150	102
ENSG00000198388	8100	134	193	76	95	154
ENSG00000208276	152000	3507	3945	2899	3430	1880
ENSG00000180081	17050	282	143	528	503	292
ENSG00000107387	7750	109	131	504	169	223
ENSG00000230702	513550	10197	7023	8232	6840	8448
ENSG00000224061	0	0	0	5	0	2
ENSG00000105378	450	14	15	14	7	9
ENSG00000115337	2450	42	59	38	77	34
ENSG00000155362	119950	1515	1454	2776	1981	2819
ENSG00000154157	231250	4615	2372	6666	2585	4774
ENSG00000153412	12600	330	400	263	230	353
ENSG00000132167	2150	96	44	24	39	46
ENSG00000157846	300	16	12	13	16	16
ENSG00000226652	32650	425	788	928	570	766
ENSG00000127458	33000	742	791	373	424	752
ENSG00000249506	5150	67	158	48	79	69
ENSG00000158662	100000	2232	1376	1020	1754	1602
ENSG00000107121	351850	2864	6072	8184	5214	5010
ENSG00000244781	1000	25	41	32	51	24
ENSG00000127652	13900	437	384	405	263	704
ENSG00000238885	1650	21	7	29	32	26
ENSG00000204259	20100	323	357	818	359	341
ENSG00000200418	1200	12	18	17	26	17
ENSG00000230677	12750	183	307	198	185	238
ENSG00000122239	615300	11335	11654	8794	10161	11771
ENSG00000128738	5700	124	65	73	114	62
ENSG00000127515	173600	7752	4692	3122	3529	3908
ENSG00000110435	212050	5416	2041	2653	3401	4080
ENSG00000182883	164700	1708	2227	2300	2066	2067
ENSG00000119431	5750	137	93	147	114	161
ENSG00000187455	250	7	9	23	7	6
ENSG00000144372	6050	126	502	344	275	289
ENSG00000150818	33650	819	1451	1403	637	1139
ENSG00000108907	4000	89	57	98	54	51
ENSG00000172739	1900	50	27	24	22	21
ENSG00000168337	500	21	28	10	24	15
ENSG00000108178	1555600	40868	44458	62229	52080	20321
ENSG00000103451	0	0	3	4	2	9
ENSG00000109648	48250	474	1701	1318	513	691
ENSG00000147207	5150	128	58	86	56	63
ENSG00000180741	89550	1810	2787	2743	1386	2355
ENSG00000220945	130750	3322	1979	1563	2468	3441
ENSG00000157759	950	17	34	19	24	36
ENSG00000125372	5450	230	126	129	147	136
ENSG00000141789	3850	114	48	105	71	214
ENSG00000186964	17200	1168	574	737	607	658
ENSG00000175850	5200	137	159	178	119	202
ENSG00000206070	54500	1017	741	906	797	1213
ENSG00000202982	22250	480	336	480	331	289
ENSG00000229144	2150	26	45	49	64	77
ENSG00000200589	73150	1574	1368	1611	1318	1790
ENSG00000149306	21100	563	696	334	401	469
ENSG00000102985	20000	650	400	583	863	531
ENSG00000114405	3650	138	120	47	96	122
ENSG00000106525	45600	618	700	1072	843	1275
ENSG00000222538	5600	97	74	64	74	36
ENSG00000209756	200300	1628	2351	2117	2218	3304
ENSG00000234780	28750	371	419	648	408	727
ENSG00000151156	150	3	4	2	1	4
ENSG00000232364	42900	701	1194	426	563	654
ENSG00000143556	22800	564	383	874	221	460
ENSG00000240574	10150	127	238	223	233	149
ENSG00000185480	53000	654	1024	794	849	1230
ENSG00000128659	700	6	8	11	16	10
ENSG00000114924	37800	400	509	551	501	490
ENSG00000170221	2700	53	50	41	27	78
ENSG00000145780	8650	225	456	456	547	528
ENSG00000203783	2050	58	66	67	42	35
ENSG00000151440	300	20	14	13	11	15
ENSG00000146095	3700	93	60	71	88	157
ENSG00000233540	650	4	5	15	5	9
ENSG00000161926	16100	272	314	103	175	143
ENSG00000157212	51300	681	726	470	756	1193
ENSG00000160339	71500	3023	3505	1995	2025	1535
ENSG00000150703	32250	595	450	382	469	300
ENSG00000175673	5750	69	33	106	99	75
ENSG00000164911	5100	45	106	85	144	115
ENSG00000235079	13650	111	336	155	157	224
ENSG00000163292	111450	1458	2278	1374	1856	1906
ENSG00000206875	900	26	22	43	14	34
ENSG00000212783	3500	58	61	108	60	44
ENSG00000151182	250	8	6	4	5	1
ENSG00000132930	52250	1558	1822	1897	1863	2099
ENSG00000160953	550	19	22	14	9	11
ENSG00000115778	650	16	12	27	13	13
ENSG00000149790	200	7	4	2	9	1
ENSG00000204032	15450	238	368	285	81	302
ENSG00000203563	7350	38	95	73	146	107
ENSG00000132994	3500	63	79	56	36	51
ENSG00000143253	500	14	5	6	5	10
ENSG00000131179	5050	60	23	64	65	63
ENSG00000152684	78600	1685	522	1615	1477	1854
ENSG00000167113	700	8	9	5	9	11
ENSG00000182115	7500	156	199	303	294	149
ENSG00000133072	112250	2999	3526	2345	3035	4014
ENSG00000160313	1550	15	11	27	21	15
ENSG00000106689	21400	920	798	394	640	369
ENSG00000130268	27400	472	512	756	681	385
ENSG00000141559	2000	35	33	29	33	27
ENSG00000237523	10350	100	149	207	135	75
ENSG00000114635	20700	575	532	801	540	502
ENSG00000161479	55550	712	1016	555	671	546
ENSG00000150323	2450	47	60	51	60	55
ENSG00000223598	500	2	15	7	3	9
ENSG00000157514	9500	231	244	156	263	228
ENSG00000160326	9200	304	314	214	189	130
ENSG00000195068	20100	635	777	629	834	407
ENSG00000144684	99700	2823	3175	2578	2087	2704
ENSG00000164385	31600	2202	1755	2433	1369	2147
ENSG00000166379	81150	872	1238	721	740	1308
ENSG00000106915	4400	78	104	93	51	91
ENSG00000127311	85850	1583	1470	4329	2284	2007
ENSG00000171426	77900	3040	2227	1378	1860	2178
ENSG00000216937	3700	57	75	54	138	69
ENSG00000165171	5050	50	57	57	31	42
ENSG00000175931	500	10	7	11	13	12
ENSG00000148918	2950	53	61	102	55	44
ENSG00000160617	6650	210	207	162	201	161
ENSG00000118122	4450	87	63	85	97	78
ENSG00000186134	28950	377	499	426	656	576
ENSG00000119050	7150	178	247	167	192	187
ENSG00000241597	1750	37	15	26	33	29
ENSG00000189800	128800	1564	3060	2095	3120	4126
ENSG00000189669	150	6	9	4	4	6
ENSG00000144360	55200	1271	794	1286	1605	1081
ENSG00000115021	10250	126	169	262	140	166
ENSG00000128717	13550	357	422	425	240	222
ENSG00000180321	3350	25	73	51	44	53
ENSG00000118443	11450	280	223	173	363	129
ENSG00000230548	268900	4002	5102	4143	3954	4179
ENSG00000155938	2150	54	72	47	47	59
ENSG00000165008	16050	349	386	362	350	438
ENSG00000188675	11550	179	218	280	223	118
ENSG00000200478	50	2	1	1	0	2
ENSG00000125879	2850	72	120	49	59	48
ENSG00000244087	13300	250	391	258	510	357
ENSG00000111784	3050	19	75	40	46	72
ENSG00000105520	10050	90	116	168	76	98
ENSG00000232519	450	11	7	15	16	26
ENSG00000197727	107350	4691	2557	5553	3944	4584
ENSG00000177306	15000	480	297	391	254	254
ENSG00000205569	5950	94	109	64	141	39
ENSG00000245330	2150	47	61	53	43	18
ENSG00000157833	61700	1271	986	807	1127	1524
ENSG00000242738	13850	137	199	292	174	122
ENSG00000183398	34300	959	687	681	888	935
ENSG00000100083	21800	450	596	746	609	459
ENSG00000185904	550	7	8	12	6	13
ENSG00000175088	20100	788	558	508	498	609
ENSG00000181568	0	0	1	2	1	0
ENSG00000248753	0	0	0	1	0	1
ENSG00000221452	3150	93	129	137	105	183
ENSG00000107531	195200	4042	5607	3620	4590	3087
ENSG00000199924	29850	353	406	580	455	346
ENSG00000198778	35350	484	349	369	386	466
ENSG00000165187	850	31	49	20	30	31
ENSG00000181149	6950	122	102	188	92	122
ENSG00000142433	26000	344	375	445	377	370
ENSG00000122482	150	1	5	4	1	6
ENSG00000168483	1150	30	27	18	26	16
ENSG00000184981	4050	77	56	60	81	70
ENSG00000117592	36650	1440	1247	430	477	1324
ENSG00000148655	55350	1324	984	1568	2364	1940
ENSG00000249181	1000	34	19	55	20	54
ENSG00000124845	138300	4933	3125	2970	3022	4095
ENSG00000138542	8200	269	242	342	145	110
ENSG00000230097	3850	91	106	82	72	105
ENSG00000165857	100000	1508	2878	1844	1780	2402
ENSG00000235961	1200	28	32	22	45	22
ENSG00000103982	1600	59	33	42	50	25
ENSG00000216560	450	12	5	8	8	16
ENSG00000209321	1550	33	39	21	26	38
ENSG00000107455	200	2	2	1	0	0
ENSG00000209969	719700	17657	21544	35582	26642	15525
ENSG00000108091	42850	677	432	373	503	860
ENSG00000130410	307300	5488	5205	7232	5349	6155
ENSG00000189420	300	11	7	10	7	3
ENSG00000205822	200	6	2	1	3	2
ENSG00000215374	95700	3350	2506	3078	3573	2842
ENSG00000198589	4700	76	57	114	68	102
ENSG00000244693	5150	70	51	75	104	120
ENSG00000117857	1500	51	63	45	41	39
ENSG00000158555	250	16	7	17	6	12
ENSG00000131065	1650	34	42	39	29	17
ENSG00000159202	597000	12145	10462	6982	7867	9679
ENSG00000242245	700	20	18	10	18	21
ENSG00000201305	201500	2705	3676	2169	2318	2157
ENSG00000122927	13900	240	307	249	489	296
ENSG00000176154	55600	1373	766	535	676	556
ENSG00000231724	93050	1252	850	1646	2816	1248
ENSG00000223443	850	37	16	27	26	20
ENSG00000208300	22950	1020	604	938	662	419
ENSG00000213869	19850	505	378	287	408	240
ENSG00000163110	1617200	30047	43896	25967	26864	24877
ENSG00000200025	18800	421	343	243	522	269
ENSG00000209632	28050	1253	1039	1616	1096	1058
ENSG00000189024	14750	318	296	252	159	134
ENSG00000117405	13900	329	286	344	148	266
ENSG00000230687	22850	248	316	310	144	320
ENSG00000192308	6950	232	154	138	97	26
ENSG00000179223	61850	1317	1512	1567	1309	1440
ENSG00000102120	9350	342	283	215	216	310
ENSG00000135394	19150	575	367	922	547	473
ENSG00000153008	75700	747	743	584	1348	912
ENSG00000149897	1650	25	27	38	50	32
ENSG00000164552	5350	122	74	78	53	69
ENSG00000165856	16800	424	250	92	242	334
ENSG00000116016	9700	405	586	491	486	559
ENSG00000156194	123100	5004	5523	4908	3414	8202
ENSG00000170299	50	2	1	8	1	1
ENSG00000127782	1900	34	25	41	12	42
ENSG00000119277	1100	25	13	18	9	18
ENSG00000106708	11750	186	126	118	196	194
ENSG00000192472	3500	101	88	34	141	61
ENSG00000154522	250	3	4	5	2	4
ENSG00000192770	550	20	30	24	8	21
ENSG00000193783	1850	13	19	21	44	12
ENSG00000168955	50	7	2	4	2	6
ENSG00000205816	900	25	15	34	19	11
ENSG00000164211	2600	17	35	29	34	46
ENSG00000196066	117100	983	1334	892	1107	733
ENSG00000190664	9300	202	95	97	168	136
ENSG00000126886	1850	61	52	64	64	72
ENSG00000213365	800	13	39	31	41	36
ENSG00000164400	5000	91	44	64	49	127
ENSG00000116500	100400	1294	2254	1736	1716	1521
ENSG00000239569	57750	2362	1740	951	1115	1200
ENSG00000122597	600	25	39	27	36	31
ENSG00000107226	2850	81	34	48	97	38
ENSG00000182828	8450	254	168	130	225	155
ENSG00000175881	14250	185	296	176	162	347
ENSG00000157610	700	14	25	22	19	12
ENSG00000164448	19650	316	617	338	495	572
ENSG00000217116	47800	641	616	586	794	460
ENSG00000142507	52800	1084	910	1051	600	715
ENSG00000133074	415000	6607	9593	9519	4730	4221
ENSG00000127350	59150	630	736	905	1137	652
ENSG00000172492	4300	138	152	114	72	128
ENSG00000184563	650	3	9	5	9	13
ENSG00000185596	8200	184	131	132	90	149
ENSG00000228782	1650	43	38	35	44	56
ENSG00000110149	50250	865	1189	1523	2120	1835
ENSG00000154500	5250	113	99	122	92	111
ENSG00000117278	850	6	18	10	10	11
ENSG00000179043	1900	42	13	74	112	27
ENSG00000131656	137000	2381	3286	3280	2896	3292
ENSG00000164053	1250	37	52	46	45	74
ENSG00000225376	11350	255	220	236	290	184
ENSG00000100680	33950	1102	1401	1013	1229	1677
ENSG00000115315	9750	409	564	195	337	671
ENSG00000215044	100	8	4	14	6	8
ENSG00000157353	250	7	10	8	4	6
ENSG00000236635	1300	25	21	40	11	21
ENSG00000152882	18950	376	377	261	401	273
ENSG00000147344	9150	256	200	182	226	365
ENSG00000217198	1200	32	24	22	28	29
ENSG00000248214	4050	85	56	125	116	179
ENSG00000191382	5350	128	232	222	199	260
ENSG00000107501	200	1	14	3	1	7
ENSG00000169950	300	8	7	17	26	8
ENSG00000222469	11350	231	226	155	100	219
ENSG00000223918	98650	1167	1336	2402	903	884
ENSG00000166473	7900	129	92	58	67	47
ENSG00000123978	4800	144	152	219	173	277
ENSG00000221989	118350	1518	2758	3962	1510	3784
ENSG00000211852	1800	34	14	26	17	46
ENSG00000241075	8350	180	142	240	136	91
ENSG00000126508	6100	151	88	46	121	63
ENSG00000203215	344950	5245	4547	2417	7670	7424
ENSG00000205473	1600	24	38	33	68	31
ENSG00000211084	750	22	19	27	27	25
ENSG00000158249	30050	968	713	887	670	1269
ENSG00000179583	2434450	50883	63086	34710	47819	39957
ENSG00000221549	51350	832	1623	678	884	783
ENSG00000103890	201900	1725	852	1340	1811	1479
ENSG00000114595	229050	1830	2955	2314	1080	1340
ENSG00000112822	15500	589	351	448	511	689
ENSG00000100076	6300	90	128	84	120	153
ENSG00000141437	324200	5272	7629	4537	2657	10171
ENSG00000139496	11000	418	300	624	636	224
ENSG00000161546	1050	47	14	10	27	12
ENSG00000233844	2950	70	47	67	34	58
ENSG00000117467	8500	159	125	128	191	119
ENSG00000217675	1250	45	36	21	47	42
ENSG00000143597	6850	163	162	169	174	163
ENSG00000133039	2000	46	71	101	26	155
ENSG00000170361	4100	122	74	33	93	61
ENSG00000139989	400	23	6	6	5	13
ENSG00000117099	191150	4054	2553	3994	2419	3770
ENSG00000203437	800	19	7	13	16	12
ENSG00000101109	950	10	19	15	10	11
ENSG00000153586	20850	630	387	529	709	677
ENSG00000195315	4150	59	106	99	68	109
ENSG00000210132	3350	96	139	144	61	76
ENSG00000172418	211100	5131	5045	3073	5692	9722
ENSG00000226263	1800	28	36	32	44	54
ENSG00000203723	400	17	7	5	13	8
ENSG00000248205	1000	26	33	21	28	32
ENSG00000124021	2900	19	73	39	57	22
ENSG00000119420	15800	319	130	331	314	280
ENSG00000125490	28250	249	418	227	510	521
ENSG00000210912	62900	1643	1257	1727	1455	1599
ENSG00000245922	3950	38	79	76	66	85
ENSG00000197659	15450	353	429	526	546	351
ENSG00000206483	1250	15	20	29	23	27
ENSG00000207463	3150	37	76	44	72	84
ENSG00000108451	7550	193	144	134	173	335
ENSG00000235529	450	10	17	18	14	8
ENSG00000223534	202250	2300	2278	3839	2674	4471
ENSG00000118607	2400	51	56	73	87	38
ENSG00000231502	1600	17	21	35	50	30
ENSG00000179214	1450	21	21	28	29	24
ENSG00000205192	16500	155	231	225	163	295
ENSG00000161255	316350	6326	6583	3402	6535	3281
ENSG00000139183	500	6	5	12	12	11
ENSG00000106393	10750	160	294	106	228	334
ENSG00000214410	750	35	17	19	65	18
ENSG00000154996	51450	840	486	498	543	607
ENSG00000186549	2250	57	34	38	22	21
ENSG00000191376	0	3	0	2	0	2
ENSG00000144694	350	5	27	16	11	15
ENSG00000230939	2050	60	77	91	82	59
ENSG00000173428	4650	67	97	50	49	58
ENSG00000150956	125500	3976	1605	1984	3203	3432
ENSG00000145622	16100	349	600	265	408	550
ENSG00000149249	1700	15	7	13	27	7
ENSG00000157024	54750	365	1045	557	898	601
ENSG00000228336	5400	93	93	92	130	156
ENSG00000184506	303400	8965	8165	13699	5539	12903
ENSG00000240824	3000	76	126	40	47	52
ENSG00000161241	2000	34	54	31	31	40
ENSG00000230493	17650	281	427	206	226	443
ENSG00000245852	266050	4111	4730	4242	7650	8812
ENSG00000227383	6200	101	35	106	100	54
ENSG00000113952	126750	3442	4728	3375	2902	4584
ENSG00000176323	9750	184	235	118	162	189
ENSG00000158765	21350	194	140	149	172	259
ENSG00000182111	92150	2599	2161	1023	1817	1425
ENSG00000248856	55950	916	1771	819	1333	1093
ENSG00000134309	36700	352	352	326	502	468
ENSG00000119587	261550	4399	6272	5801	3482	6782
ENSG00000107495	2450	67	59	51	74	34
ENSG00000192251	0	1	2	0	1	2
ENSG00000230620	35300	614	833	594	521	519
ENSG00000184970	13550	364	195	273	241	144
ENSG00000118701	3700	103	84	86	45	77
ENSG00000102824	102250	3077	1952	1020	1915	1788
ENSG00000156890	50	3	4	2	0	1
ENSG00000220695	3800	72	61	91	95	89
ENSG00000226990	74800	1084	2832	1673	2297	1193
ENSG00000247728	20700	383	320	170	262	376
ENSG00000204853	137250	1588	1732	2343	1680	720
ENSG00000238505	14100	262	200	195	366	168
ENSG00000122339	550	18	13	13	5	14
ENSG00000201458	150	10	13	4	6	10
ENSG00000235750	10750	186	181	273	126	103
ENSG00000149467	250	9	14	7	21	9
ENSG00000228134	275600	4836	2983	2636	3964	1913
ENSG00000130748	1000	21	13	28	27	10
ENSG00000226551	500	4	4	5	4	2
ENSG00000143622	3800	91	41	84	42	60
ENSG00000239348	23200	434	394	474	412	789
ENSG00000183520	9000	103	167	138	96	99
ENSG00000169869	3000	147	89	99	63	59
ENSG00000187516	3450	45	36	70	57	34
ENSG00000227925	150	2	6	2	5	6
ENSG00000165137	13900	174	167	381	270	180
ENSG00000216465	46700	834	548	605	619	741
ENSG00000132043	450	11	20	11	12	32
ENSG00000151023	22300	383	215	413	387	207
ENSG00000112251	300	3	4	3	6	2
ENSG00000236057	9550	224	143	174	267	235
ENSG00000194884	300	13	25	28	16	28
ENSG00000117031	31000	483	938	489	590	714
ENSG00000187771	150	8	10	4	13	16
ENSG00000204062	350	8	7	12	8	12
ENSG00000165989	3600	85	41	73	54	82
ENSG00000115153	4550	150	169	218	112	66
ENSG00000215070	2850	109	79	54	39	49
ENSG00000200436	27250	325	677	330	556	862
ENSG00000135456	7050	173	70	264	189	159
ENSG00000133010	3550	68	44	79	115	56
ENSG00000244358	150150	2922	2137	2937	2432	8988
ENSG00000209160	32600	548	851	478	1081	643
ENSG00000246479	8450	269	247	180	157	151
ENSG00000244285	13750	331	282	245	233	382
ENSG00000162016	250	4	0	4	2	3
ENSG00000220398	700	8	6	7	9	4
ENSG00000192751	437150	9605	9939	8747	9284	7588
ENSG00000196849	250	9	10	5	5	3
ENSG00000213299	44400	1902	890	922	1827	888
ENSG00000246532	11200	220	123	209	728	463
ENSG00000219453	2850	67	66	54	18	52
ENSG00000194308	746450	30266	24389	21001	23863	19585
ENSG00000204617	6200	46	59	123	74	63
ENSG00000125339	127050	3167	1816	3372	1983	2279
ENSG00000176947	2400	19	47	24	26	48
ENSG00000226211	9600	367	401	157	228	241
ENSG00000174243	6750	235	321	201	163	233
ENSG00000149287	15200	298	240	97	201	170
ENSG00000213571	87150	1185	1242	834	993	1648
ENSG00000207677	9450	190	183	347	206	306
ENSG00000129854	800	12	5	10	12	20
ENSG00000242665	14650	218	199	245	180	111
ENSG00000212667	300	2	2	7	4	5
ENSG00000157763	105350	1955	1592	3460	1383	1567
ENSG00000205061	63850	1319	1029	1066	926	861
ENSG00000242755	79350	1250	757	726	520	1131
ENSG00000154354	5200	87	98	89	84	65
ENSG00000135662	12850	450	410	286	344	302
ENSG00000155450	50	1	1	0	1	1
ENSG00000234482	1750	35	31	89	40	29
ENSG00000125770	8750	44	259	428	190	174
ENSG00000106207	0	0	1	3	0	1
ENSG00000209768	7800	158	267	144	189	198
ENSG00000193278	2700	69	100	106	62	81
ENSG00000164284	8400	261	280	381	189	213
ENSG00000187494	800	55	15	38	34	37
ENSG00000133618	132300	1252	2507	2120	2664	2265
ENSG00000162353	3300	125	146	89	149	78
ENSG00000144510	86800	1507	1555	1352	1770	1521
ENSG00000187678	39150	1330	1140	692	1412	721
ENSG00000132434	650	9	12	13	4	18
ENSG00000191064	50	1	3	2	8	3
ENSG00000137938	3950	57	59	78	46	96
ENSG00000168364	13750	208	199	368	264	233
ENSG00000246109	12700	299	218	163	219	534
ENSG00000127362	3400	70	60	58	27	36
ENSG00000132672	524600	10136	15138	15130	10670	6899
ENSG00000114908	3800	63	113	93	67	132
ENSG00000221280	109000	2121	3229	2163	2935	2992
ENSG00000123144	400	3	6	4	1	4
ENSG00000215149	21600	338	346	335	332	454
ENSG00000108535	3400	136	106	122	101	111
ENSG00000249828	93900	1798	575	1110	1608	1528
ENSG00000249047	1565250	11391	23093	33307	34450	19066
ENSG00000115875	2200	29	18	52	42	35
ENSG00000106447	2500	61	32	33	28	39
ENSG00000114276	7500	76	98	93	107	86
ENSG00000118315	3050	67	60	85	60	43
ENSG00000120881	7250	139	170	192	104	99
ENSG00000210066	8650	101	93	199	112	88
ENSG00000146718	900	51	29	45	44	58
ENSG00000140379	5950	225	95	157	98	117
ENSG00000215580	4700	131	101	62	79	48
ENSG00000162485	66200	1239	3948	2090	1776	2926
ENSG00000207660	4650	16	22	46	32	30
ENSG00000117873	29000	836	442	631	1088	607
ENSG00000214043	26300	282	385	343	578	333
ENSG00000125040	14200	198	317	250	204	225
ENSG00000137831	53150	2024	1667	1138	1098	886
ENSG00000160728	100	1	1	3	4	3
ENSG00000243336	27600	343	281	205	543	368
ENSG00000208367	1700	43	13	22	28	49
ENSG00000119727	50	1	0	3	0	0
ENSG00000105248	3650	68	61	33	44	74
ENSG00000127321	23150	144	138	142	215	215
ENSG00000156679	100	3	3	2	0	2
ENSG00000134740	14650	304	254	201	274	227
ENSG00000202503	1100	11	18	8	27	15
ENSG00000148266	1400	14	9	21	46	47
ENSG00000223409	146950	2416	2087	2167	3968	2619
ENSG00000234864	132100	1704	1288	972	1935	756
ENSG00000115191	23100	271	444	702	411	662
ENSG00000137266	10300	286	350	258	441	270
ENSG00000232866	2400	11	17	29	27	25
ENSG00000129117	204750	5725	2817	8105	4225	5895
ENSG00000189466	78750	1192	1971	1270	1053	1280
ENSG00000236806	16000	546	717	704	748	455
ENSG00000135378	61950	3918	2787	2313	2218	1385
ENSG00000194844	13100	237	134	220	173	278
ENSG00000127135	12700	184	233	112	235	121
ENSG00000162673	41300	702	528	1375	735	405
ENSG00000174649	49100	664	869	362	767	569
ENSG00000159462	200750	3934	3096	3824	3387	4048
ENSG00000102686	3100	70	38	60	58	82
ENSG00000119718	278300	3808	5079	4970	7854	4577
ENSG00000121526	11100	146	163	301	247	217
ENSG00000164878	36550	1560	797	1096	712	1277
ENSG00000245382	12550	251	248	159	326	267
ENSG00000141964	100	2	5	5	4	2
ENSG00000139269	7550	210	74	94	226	85
ENSG00000170259	4850	124	47	55	103	88
ENSG00000212022	3550	43	80	104	36	60
ENSG00000122677	2050900	41706	18530	23899	21401	36644
ENSG00000134457	4900	135	37	32	36	76
ENSG00000147999	10900	603	552	541	510	407
ENSG00000142097	27050	695	632	538	397	952
ENSG00000142599	4100	88	35	56	101	82
ENSG00000139968	250	6	7	9	8	10
ENSG00000124106	1200	18	29	17	28	20
ENSG00000240406	98550	3288	3571	5771	3373	3967
ENSG00000172861	2700	60	15	28	27	33
ENSG00000169937	9300	402	169	222	471	510
ENSG00000144133	12450	155	591	391	401	328
ENSG00000151937	950	39	6	33	27	15
ENSG00000248191	34450	1186	670	708	1111	667
ENSG00000126232	19400	496	388	269	369	275
ENSG00000198922	400	10	11	10	10	10
ENSG00000181911	1100	19	8	29	22	8
ENSG00000113130	3350	40	41	36	31	47
ENSG00000240538	38450	763	835	1738	1034	1608
ENSG00000124162	1050	16	24	23	25	44
ENSG00000237508	0	1	0	4	1	5
ENSG00000132157	377550	4149	5298	5474	5124	3819
ENSG00000152076	1350	14	20	12	20	21
ENSG00000186116	3100	44	49	21	50	50
ENSG00000184714	2550	33	44	37	25	25
ENSG00000199656	50	1	2	2	4	1
ENSG00000129966	92400	2332	1926	2877	1917	1699
ENSG00000120949	39000	1109	927	682	1418	586
ENSG00000143221	70950	739	822	1192	1856	1032
ENSG00000146827	14600	231	452	220	231	374
ENSG00000194411	1553300	26058	33544	59988	36717	48183
ENSG00000119478	450	8	11	8	6	11
ENSG00000238323	8350	248	227	101	215	194
ENSG00000233926	2750	45	82	51	57	82
ENSG00000166832	0	0	0	1	2	0
ENSG00000110185	1000	33	30	32	21	21
ENSG00000217897	3450	65	102	118	41	74
ENSG00000114125	3150	140	50	118	108	81
ENSG00000204600	3600	33	61	70	49	90
ENSG00000198184	4400	143	154	53	173	125
