gene_id	GSM4280001	GSM4280002	GSM4280003	GSM4280004	GSM4280005	GSM4280006
ENSG00000075624	5.040434364471793	6.143683312547205	2.795227428688258	3.5577320090927724	8.968935277309287	3.8243457852690224
ENSG00000111640	3.427495367840819	1.9818333266281307	1.59727281639329	3.5577320090927724	2.446073257447987	1.0064067855971113
ENSG00000166710	10.6857208526802	10.30553329846628	10.781591510654707	18.38161538031266	13.861081792205262	11.473037355807069
ENSG00000165704	70.16284635344735	75.30966641186896	68.68273110491148	89.73390734045104	45.660034139029094	64.20875292109571
ENSG00000256269	250.40877922695864	274.6820990706589	145.75114449588773	240.34456239204508	240.53053698238543	254.6209167560691
ENSG00000073578	38.105683795406755	44.987616514458566	39.53250220573393	24.904124063649405	51.97905672076973	37.84089513845138
ENSG00000112592	5.846903862787279	5.945499979884391	7.187727673769805	6.917812239902613	9.376614153550618	4.42818985662729
ENSG00000089157	7.459842859418253	4.756399983907513	7.786704979917289	8.696678244449	5.503664829257971	3.8243457852690224
ENSG00000164924	113.91381663706251	82.44426638773024	112.40807445367778	150.80830682987695	117.61535579562405	103.05605484514419
ENSG00000196262	582.6742125329392	683.7324976867051	841.3634560351657	1108.2335208323987	387.49877186738536	767.0832519821181
ENSG00000109373	47.17846565145598	36.66391654262041	52.11102563483109	26.287686511629932	70.73228502787096	47.50240028018364
ENSG00000139648	1.6129389966309737	1.5854666613025044	3.793522938934064	1.5812142262634545	1.4268760668446592	4.226908499507867
ENSG00000137940	4.435582240735178	3.1709333226050087	2.5955683266390963	4.941294457073295	3.669109886171981	4.226908499507867
ENSG00000113793	339.12042404166226	847.035563800863	1028.4440346552296	370.3994325022142	1325.1601872224471	949.6454428894342
ENSG00000216504	33.670101554671575	28.340216570782268	43.525684246717155	28.46185607274218	42.602442567219114	28.179389996719117
ENSG00000226771	1.4113216220521019	0.3963666653256261	0.9982955102458063	1.9765177828293181	0.6115183143619968	0.4025627142388445
ENSG00000208319	36.492744798775774	28.53839990344508	12.378864327048	14.626231592936954	31.187434032461837	18.115322140748003
ENSG00000186442	4.032347491577434	2.9727499899421956	0.798636408196645	1.9765177828293181	3.4652704480513155	4.025627142388445
ENSG00000138679	11.290572976416815	10.701899963791904	6.788409469671484	7.70841935303434	6.319022581740634	6.038440713582667
ENSG00000183643	10.887338227259072	9.116433302489401	11.979546122949674	12.649713810107636	13.861081792205262	18.115322140748003
ENSG00000221870	7.661460233997124	6.5400499778728305	6.588750367622321	3.5577320090927724	2.2422338193273217	3.0192203567913336
ENSG00000241656	94.35693130291196	69.95871642997301	85.85341388113935	59.09788170659661	162.05235330592916	98.02402091715862
ENSG00000146972	19.556885334150554	22.989266588886316	19.16727379671948	13.24266914495643	9.172774715429952	27.575545925360846
ENSG00000195349	6.451755986523895	8.125516639175336	4.79181844917987	5.138946235356227	9.988132467912616	9.86278649885169
ENSG00000149512	49.19463939724469	59.851366464169544	72.67591314589471	40.91391810456688	89.89319221121355	50.92418335121383
ENSG00000138503	122.38174636937512	143.68291618053945	200.05842025325958	76.29358641721167	143.5029644369486	174.91349933677793
ENSG00000119021	2.016173745788717	0.19818333266281304	1.9965910204916126	2.5694731176781134	0.8153577524826625	1.4089694998359557
ENSG00000214608	16.734242090046354	16.449216611013483	8.585341388113935	13.835624479805226	12.638045163481268	8.252535641896312
ENSG00000101713	4.233964866156306	5.15276664923314	5.590454857376516	5.336598013639159	2.8537521336893183	0.805125428477689
ENSG00000165887	10.6857208526802	22.59289992356069	14.774773551637933	17.986311823746792	14.88027898280859	20.933261140419916
ENSG00000143587	2.016173745788717	1.1890999959768782	1.59727281639329	3.162428452526909	3.4652704480513155	1.0064067855971113
ENSG00000156457	40.32347491577434	64.60776644807706	53.50863934917522	17.591008267180932	34.65270448051316	26.97170185400258
ENSG00000128438	28.22643244104204	28.53839990344508	15.972728163932901	27.275945403044588	19.97626493582523	39.8537087096456
ENSG00000210036	14.11321622052102	9.710983300477839	19.766251102866963	20.95108849799077	12.841884601601933	13.083288212762445
ENSG00000183427	5.242051739050664	1.3872833286396915	7.587045877868128	2.7671248959610453	2.649912695568653	4.226908499507867
ENSG00000194920	22.782763327412503	8.918249969826588	13.976137143441289	15.614490484351613	13.249563477843264	13.284569569881867
ENSG00000247684	3.2258779932619475	4.756399983907513	3.5938638368849025	1.7788660045463862	6.7267014579819655	1.4089694998359557
ENSG00000237598	1.2097042474732302	1.7836499939653174	0.9982955102458063	1.5812142262634545	2.446073257447987	1.8115322140748
ENSG00000125239	32.46039730719834	76.69694974050864	47.119548083602055	29.845418520722703	65.43245963673365	33.41270528182409
ENSG00000213296	5.040434364471793	1.9818333266281307	3.5938638368849025	4.3483391222245	5.503664829257971	5.837159356463245
ENSG00000149610	314.9263390921976	308.3732656233371	282.5176293995632	198.2447336177806	161.44083499156716	331.91295788992727
ENSG00000201759	87.30032319265146	128.8191662308285	175.10103249711443	77.6771488651922	112.11169096636608	135.86491605561
ENSG00000106945	0.20161737457887172	0.3963666653256261	0.9982955102458063	0.7906071131317273	0.40767887624133126	0.6038440713582667
ENSG00000178906	79.03401083491771	46.57308317576107	75.07182237048463	24.31116872880061	46.271552453391095	68.8382241348424
ENSG00000146753	4.233964866156306	4.558216651244701	2.795227428688258	4.3483391222245	1.8345549430859904	1.8115322140748
ENSG00000121397	30.645840935988495	22.59289992356069	38.33454759343896	14.033276258088158	38.32181436668513	30.796047639271606
ENSG00000161657	32.86363205635609	22.394716590897875	49.515457308192	48.424685679318294	40.36020874789179	25.361450997047204
ENSG00000213765	0.6048521237366151	0.5945499979884391	1.397613714344129	0.0	1.0191971906033281	0.805125428477689
ENSG00000142787	17.540711588361837	16.84558327633911	17.76966008237535	25.892382955064065	23.849214260117876	14.693539069717824
ENSG00000157552	12.90351197304779	16.052849945687857	10.981250612703871	19.962829606576115	11.007329658515943	16.10250856955378
ENSG00000112461	80.24371508239093	161.12304945486702	157.13171331268993	200.6165549571758	228.50401013326615	179.1404078362858
ENSG00000132060	2.621025869525332	1.9818333266281307	3.394204734835742	3.5577320090927724	3.26143100993065	2.4153762854330667
ENSG00000108566	205.85133944502803	185.49959937239302	119.19648392334928	61.27205126770886	131.27259814970864	160.42124162417952
ENSG00000243849	1.6129389966309737	4.558216651244701	5.390795755327353	2.17416956111225	3.4652704480513155	2.4153762854330667
ENSG00000197862	22.984380701991373	9.512799967815026	15.373750857785415	18.183963602029728	17.734031116497906	19.72557299770338
ENSG00000225172	6.250138611945023	7.13459997586127	3.5938638368849025	4.545990900507432	4.484467638654643	3.421783071030178
ENSG00000114452	553.0364584698451	719.6036808986743	435.6561606712699	304.97669389056375	602.5493790846875	372.9743547422894
ENSG00000216566	41.53317916324757	49.34764983304046	69.0820493090098	131.0431290015838	77.6628259239736	50.92418335121383
ENSG00000137925	2537.1530417005215	3579.5873545557292	3056.780852372659	5078.46479120165	3881.714420131835	2584.6539067705007
ENSG00000113983	52.21890001592777	125.25186624289786	124.38762057662747	148.0411819339159	150.43350533305124	93.1932683462925
ENSG00000226338	202.42384407718717	130.20644955946818	156.7323951085916	110.28969228187594	117.20767691938272	200.0736689767057
ENSG00000210167	105.64750427932877	141.1065328559229	139.7613714344129	194.88465338697077	185.69772812792638	171.69299762286715
ENSG00000228913	6.854990735681638	15.061933282373792	14.974432653687096	13.440320923239362	13.249563477843264	9.460223784612845
ENSG00000170559	23.387615451149117	18.232866604978803	19.965910204916128	13.045017366673498	23.64537482199721	23.147356068733558
ENSG00000243106	636.1028167963402	404.88854863012705	394.925703853241	255.3660975415479	493.29144025201083	222.617180974081
ENSG00000223018	11.088955601837945	10.503716631129091	7.387386775818967	15.614490484351613	7.542059210464627	11.473037355807069
ENSG00000245946	65.12241198897556	26.358383244154137	28.551251593030063	42.297480552547405	46.88307076775309	37.63961378133195
ENSG00000154370	50.404343644717926	31.70933322605009	30.54784261352167	32.61254341668375	37.71029605232314	14.894820426837246
ENSG00000111148	100.00221779112037	77.68786640382271	44.3243206549138	70.75933662528958	162.4600321821705	99.23170905987517
ENSG00000185034	12.500277223890047	10.701899963791904	9.383977796310578	9.684937135863658	16.30715504965325	20.128135711942225
ENSG00000119294	27.823197691884296	15.854666613025046	22.761137633604385	25.497079398498204	20.791622688307893	15.096101783956668
ENSG00000138743	66.53373361102766	60.44591646215798	28.3515924909809	43.285739443962065	51.5713778445284	22.744793354494714
ENSG00000154075	29.839371437673012	21.601983260246623	31.54613812376748	48.02938212275243	43.01012144346044	17.91404078362858
ENSG00000127620	5.040434364471793	3.567299987930635	4.991477551229032	5.5342497919220905	5.911343705499302	3.8243457852690224
ENSG00000217374	161.09228228851848	119.50454959567628	138.56341682211792	124.71827209652997	162.05235330592916	185.3801299069879
ENSG00000122398	2.8226432441042038	1.7836499939653174	0.798636408196645	1.3835624479805226	1.4268760668446592	2.214094928313645
ENSG00000210656	3.024260618683076	1.3872833286396915	2.196250122540774	1.9765177828293181	1.630715504965325	3.220501713910756
ENSG00000217360	2.217791120367589	1.5854666613025044	2.395909224589935	2.7671248959610453	0.8153577524826625	1.4089694998359557
ENSG00000108910	193.95591434487457	151.01569948906354	318.05694956431387	164.0509759748334	216.68132272226754	191.2172892634511
ENSG00000211087	14.919685718836506	19.421966600955678	19.16727379671948	14.428579814654022	7.338219772343962	8.655098356135156
ENSG00000189281	5.242051739050664	2.9727499899421956	1.9965910204916126	7.313115796468477	5.299825391137306	5.635877999343823
ENSG00000221310	4.637199615314049	3.567299987930635	2.395909224589935	4.545990900507432	2.649912695568653	3.220501713910756
ENSG00000169230	72.78387222297269	61.635016458134864	48.117843593847866	71.74759551670424	34.448865042392484	42.26908499507867
ENSG00000136361	2.8226432441042038	2.180016659290944	3.793522938934064	3.3600802308098405	5.0959859530166405	1.610250856955378
ENSG00000201811	2.217791120367589	0.7927333306512522	0.798636408196645	0.9882588914146591	2.446073257447987	1.4089694998359557
ENSG00000174746	67.54182048392202	88.38976636761463	47.518866287700384	100.40710336772935	66.24781738921632	89.36892256102348
ENSG00000239533	2.016173745788717	2.180016659290944	2.9948865307374186	0.9882588914146591	3.057591571809984	3.421783071030178
ENSG00000249259	14.516450969678763	15.260116615036607	12.77818253114632	15.41683870606868	17.734031116497906	12.47944414140418
ENSG00000186042	10.080868728943585	24.971099915514447	35.5393201647507	28.264204294459248	26.0914480794452	24.95888828280836
ENSG00000121962	11.088955601837945	9.116433302489401	15.174091755736256	10.87084780556125	8.153577524826625	20.53069842618107
ENSG00000198557	16.331007340888608	22.196533258235064	24.558069552046835	20.555784941424907	21.199301564549224	29.990922210793915
ENSG00000100047	868.1644149366216	372.3864820734257	249.9731957655499	282.04908760974365	307.7975515622051	638.0619020685684
ENSG00000172904	9.879251354364714	8.125516639175336	5.590454857376516	5.929553348487954	8.153577524826625	8.453816999015734
ENSG00000240765	2.621025869525332	0.7927333306512522	1.397613714344129	1.5812142262634545	2.2422338193273217	3.421783071030178
ENSG00000184062	0.40323474915774343	0.3963666653256261	0.9982955102458063	0.39530355656586363	0.0	0.4025627142388445
ENSG00000205598	18.145563712098454	11.296449961780345	32.74409273606244	15.021535149502817	32.81814953742716	23.147356068733558
ENSG00000144960	21.3714417053604	13.080099955745661	6.988068571720644	18.183963602029728	8.765095839188621	15.699945855314935
ENSG00000239788	64.31594249066008	65.99504977671674	51.11273012458528	56.528408588918495	62.17102862680301	44.08061720915347
ENSG00000246601	11.492190350995687	8.52188330450096	18.96761469467032	8.89433002273193	10.395811344153946	15.096101783956668
ENSG00000207496	8.669547106891482	7.927333306512523	12.378864327048	14.626231592936954	12.434205725360602	14.4922577125984
ENSG00000144824	10.282486103522459	8.125516639175336	8.585341388113935	4.941294457073295	7.338219772343962	8.453816999015734
ENSG00000147955	14.718068344257635	9.116433302489401	5.590454857376516	7.70841935303434	10.191971906033281	6.23972207070209
ENSG00000128723	62.90462086860797	42.21304985717918	17.370341878277028	26.682990068195792	50.55218065392507	44.08061720915347
ENSG00000192858	13.508364096784405	12.485549957757224	21.762842123358578	10.673196027278317	22.014659317031885	12.882006855643024
ENSG00000157022	29.032901939357526	53.905866484285156	48.71682089999535	19.962829606576115	32.41047066118583	14.894820426837246
ENSG00000188555	965.3439894836378	781.2386973568091	2460.399114551814	1241.2531676168119	1162.496315602156	1496.7281715400238
ENSG00000156663	30.040988812251882	66.39141644204237	25.15704685819432	87.95504133590465	78.07050480021492	67.42925463500644
ENSG00000197310	1.0080868728943586	0.5945499979884391	1.1979546122949676	0.9882588914146591	1.0191971906033281	3.0192203567913336
ENSG00000225427	1543.179385026684	1390.4542619622964	813.2115226462338	738.0317401084674	948.0572266992157	704.8873126322168
ENSG00000128582	39.71862279203772	70.15689976263583	49.31579820614283	61.27205126770886	68.08237233230231	65.61772242093164
ENSG00000138390	5.443669113629536	3.765483320593448	3.793522938934064	5.336598013639159	5.299825391137306	7.447410213418623
ENSG00000169130	223.99690315712647	180.54501605582269	172.5054641704753	244.09994617942075	187.53228307101236	182.15962819307714
ENSG00000166674	34.07333630382932	19.620149933618496	34.5410246545049	27.47359718132752	57.89040042626903	44.68446128051174
ENSG00000161916	5.846903862787279	8.323699971838147	13.976137143441289	11.266151362127111	8.357416962947289	10.667911927329378
ENSG00000209480	11.693807725574558	7.927333306512523	6.189432163524	8.301374687883136	9.784293029791948	9.460223784612845
ENSG00000157421	5.6452864882084075	2.57638332461657	3.793522938934064	7.313115796468477	2.446073257447987	6.038440713582667
ENSG00000140093	50.001108895560186	38.24938320392292	43.525684246717155	28.65950785102511	36.079580547357814	32.80886121046582
ENSG00000112246	216.33544292312934	291.72586567966084	410.8984320171739	156.54020840008198	255.00313708895266	146.93539069717824
ENSG00000100153	20.968206956202657	14.467383284385354	12.378864327048	14.626231592936954	20.587783250187226	14.693539069717824
ENSG00000232958	91.9375228079655	86.40793304098649	72.07693583974721	90.52451445358277	95.19301760235085	53.13827827952747
ENSG00000171611	1593.7853460459808	1051.3625797762234	1744.421574603522	1263.587818562783	1196.7413412064277	848.6022016154841
ENSG00000119217	1.8145563712098454	2.57638332461657	2.795227428688258	1.5812142262634545	3.26143100993065	1.8115322140748
ENSG00000220741	40.12185754119547	69.95871642997301	56.104207675814315	51.98241768841106	52.59057503513172	69.24078684908125
ENSG00000195709	17.339094213782964	23.583816586874754	16.37204636803122	20.95108849799077	15.084118420929254	11.070474641568223
ENSG00000168339	3.024260618683076	4.360033318581888	2.5955683266390963	0.9882588914146591	2.446073257447987	4.226908499507867
ENSG00000168766	3.427495367840819	3.765483320593448	3.9931820409832253	3.7553837873757043	5.299825391137306	6.038440713582667
ENSG00000146351	18.75041583583507	37.06028320794604	34.14170645040657	40.320962769718086	27.11064527004853	27.77682728248027
ENSG00000203731	93.55046180459647	68.3732497686705	41.7287523282747	63.841524385386975	44.23315807218444	52.5344342081692
ENSG00000236226	9.879251354364714	12.089183292431597	6.588750367622321	16.602749375766273	11.415008534757273	14.089694998359558
ENSG00000108020	38.105683795406755	39.04211653457417	28.3515924909809	24.904124063649405	26.499126955686528	39.8537087096456
ENSG00000107496	125.40600698805821	95.92073300880152	109.01386971884205	230.46197347789848	89.89319221121355	138.28029234104307
ENSG00000197408	47.380083026034846	34.48389988332947	90.64523233031922	38.344444986888774	86.22408232504155	34.82167478166005
ENSG00000183207	144.15642282389328	94.53344968016182	179.49353274219598	82.42079154398257	247.46107787848803	185.78269262122674
ENSG00000211737	78.63077608575998	58.26589980286704	65.08886726802658	113.84742429096872	87.85479783000689	36.83448835285427
ENSG00000192753	59.47712550076715	97.90256633542965	45.52227526720877	72.34055085155305	59.92879480747569	51.326746065452674
ENSG00000219805	807.4775851883812	1088.2246796515067	1310.1630276465962	1157.8441171814145	1355.5322635024263	1672.8493590195183
ENSG00000109039	103.22809578438232	54.30223314961078	68.48307200286231	151.5989139430087	124.34205725360601	74.87666484842507
ENSG00000133475	29.839371437673012	28.73658323610789	24.957387756145156	22.92760628082009	23.64537482199721	21.939667926017023
ENSG00000174463	89.51811431301904	102.06441632134873	103.42341486146553	175.3171273369605	74.19755547592229	132.64441434169925
ENSG00000168975	5.040434364471793	2.774566657279383	6.189432163524	5.138946235356227	4.076788762413313	2.214094928313645
ENSG00000237123	13.709981471363276	25.16928324817726	20.165569306965285	17.195704710615065	14.268760668446593	9.661505141732267
ENSG00000203415	112.30087764043154	237.42363253005004	61.2953443290925	181.83963602029726	159.19860117223985	176.72503155085272
ENSG00000247640	119.96233787442867	111.37903295650094	81.06159543195947	65.02743505508457	69.9169272753883	82.12279370472427
ENSG00000190424	462.5102572839317	451.85799847121376	861.3293662400816	418.42881462496666	324.308546049979	594.9876916450122
ENSG00000232521	27.01672819356881	28.93476656877071	21.563183021309413	27.47359718132752	24.868411450721204	38.847301924048494
ENSG00000211801	1.2097042474732302	0.7927333306512522	2.795227428688258	0.9882588914146591	2.649912695568653	0.805125428477689
ENSG00000158867	2100.046573613528	992.1057633100422	1632.6124774559917	1508.4783718553356	2299.7165408773494	2236.839721668139
ENSG00000173245	308.07134835651595	387.25023202313673	286.1114932364481	155.94725306523318	243.99580743043674	207.11851647588549
ENSG00000154014	3.427495367840819	3.3691166552678222	4.192841143032387	1.9765177828293181	3.26143100993065	3.6230644281496
ENSG00000192819	422.3883997427362	460.5780651083776	347.0075193614423	426.73018931284975	298.8286162848958	273.74264568241426
ENSG00000136100	43.75097028361516	21.007433262258182	41.12977502212722	13.835624479805226	30.779755156220507	55.754935922079966
ENSG00000231455	0.40323474915774343	0.3963666653256261	0.3993182040983225	0.39530355656586363	0.20383943812066563	0.4025627142388445
ENSG00000216836	17.339094213782964	11.69281662710597	7.387386775818967	10.080240692429522	12.841884601601933	15.901227212434355
ENSG00000112841	3.427495367840819	16.449216611013483	5.7901139594256765	7.70841935303434	6.115183143619968	9.057661070374001
ENSG00000213819	1032.0793404692445	1012.3204632416492	482.3763905507736	772.6208013079804	611.7221538001174	684.5578955631551
ENSG00000223375	8.064694983154869	5.15276664923314	9.383977796310578	6.720160461619681	4.076788762413313	4.42818985662729
ENSG00000205768	14.919685718836506	16.251033278350672	6.38909126557316	14.626231592936954	20.383943812066562	15.498664498195513
ENSG00000190595	26.613493444411066	14.665566617048167	15.174091755736256	9.88258891414659	16.30715504965325	20.128135711942225
ENSG00000133877	11.895425100153432	11.296449961780345	11.380568816802192	12.847365588390566	14.676439544687923	9.661505141732267
ENSG00000143659	5.242051739050664	2.57638332461657	5.390795755327353	3.9530355656586362	3.057591571809984	2.0128135711942226
ENSG00000164921	38.508918544564494	28.53839990344508	40.7304568180289	27.868900737893384	28.537521336893185	41.665240923720404
ENSG00000193130	338.7171892925045	397.3575819889402	181.29046466063843	222.3582505682983	192.83210846214968	337.14627317503226
ENSG00000215670	89.92134906217679	118.11726626703658	136.5668258016263	86.17617533135827	131.88411646407064	97.42017684580036
ENSG00000186114	5.6452864882084075	3.1709333226050087	12.977841633195482	3.7553837873757043	3.057591571809984	4.6294712137467116
ENSG00000123581	1.4113216220521019	2.180016659290944	2.395909224589935	1.9765177828293181	1.0191971906033281	3.421783071030178
ENSG00000222967	52.21890001592777	39.636666532562614	39.13318400163561	39.92565921315223	28.129842460651854	56.9626240647965
ENSG00000111520	6.653373361102767	4.558216651244701	5.191136653278193	9.88258891414659	6.5228620198613	9.86278649885169
ENSG00000211491	11.693807725574558	10.503716631129091	9.982955102458064	6.127205126770886	9.172774715429952	5.032033927985556
ENSG00000150629	1.0080868728943586	0.5945499979884391	1.1979546122949676	0.7906071131317273	0.8153577524826625	1.4089694998359557
ENSG00000112835	1277.850920080889	1402.1470785894023	712.3836761114073	1363.9949219305122	1389.1657707923362	1237.477783570208
ENSG00000142970	84.67929732312612	145.07019950917916	155.33478139424744	158.91202973947716	210.36230014052688	233.88893697276865
ENSG00000201650	4.838816989892921	5.747316647221579	4.79181844917987	2.7671248959610453	4.892146514895974	3.8243457852690224
ENSG00000224912	236.6987977555954	181.73411605179956	210.2410344577668	116.41689740864683	238.69598203929945	251.80297775639724
ENSG00000245860	569.5690831853126	232.86541587880535	454.6237753659402	274.5383200349923	713.4380334223296	608.4735425720135
ENSG00000153699	0.40323474915774343	0.3963666653256261	0.19965910204916126	0.7906071131317273	0.40767887624133126	0.4025627142388445
ENSG00000157130	12.701894598468918	7.927333306512523	2.9948865307374186	9.289633579297794	17.122512802135912	11.271755998687645
ENSG00000216987	10.282486103522459	18.232866604978803	16.172387265982064	15.021535149502817	23.64537482199721	9.258942427493423
ENSG00000222500	100.80868728943585	97.70438300276685	141.35864425080618	92.50103223641209	101.9197190603328	115.33421762942893
ENSG00000213433	17.74232896294071	29.13294990143352	22.761137633604385	19.172222493444387	12.230366287239937	40.45755278100387
ENSG00000155532	27.21834556814768	14.071016619059726	20.964205715161935	12.847365588390566	13.0457240397226	6.23972207070209
ENSG00000248098	9.072781856049227	26.55656657681695	21.563183021309413	26.880641846478724	30.779755156220507	32.00373578198814
ENSG00000215673	891.9552651369285	963.1709967412716	874.3072078732771	1125.4292255430137	1358.793694512357	1398.9054319799845
ENSG00000116074	2708.5278100925625	1860.346943705826	787.2558393798428	1801.5959590489233	4296.731516145511	2225.567965669452
ENSG00000243789	9.274399230628099	11.296449961780345	5.989773061474837	11.859106696975909	10.191971906033281	10.466630570209958
ENSG00000182288	5.6452864882084075	6.5400499778728305	6.38909126557316	3.7553837873757043	7.338219772343962	7.447410213418623
ENSG00000228499	7373.349005723918	7044.42655949969	4245.750805075414	5248.247668746689	4558.257515254324	6013.884388014098
ENSG00000211949	5.846903862787279	4.954583316570327	1.397613714344129	2.5694731176781134	4.688307076775309	2.0128135711942226
ENSG00000181144	6.854990735681638	5.747316647221579	9.58363689835974	8.89433002273193	8.968935277309287	6.038440713582667
ENSG00000122183	35.48465792588142	40.82576652853949	23.160455837702706	15.021535149502817	30.575915718099843	27.374264568241426
ENSG00000129402	116.53484250658785	47.96036650440076	61.89432163524	53.56363191467452	83.77800906759357	76.68819706249987
ENSG00000218857	334.6848418009271	231.27994921750283	295.29581193070953	129.2642629970374	160.6254772390845	190.81472654921228
ENSG00000199416	37.90406642082788	39.636666532562614	45.12295706311044	34.58906119951307	68.28621177042298	58.57287492175187
ENSG00000107853	5.6452864882084075	8.125516639175336	6.588750367622321	5.7319015702050224	7.949738086705959	2.6166576425524894
ENSG00000213124	70.76769847718397	118.90999959768783	62.49329894138747	43.08808766567913	68.49005120854365	92.79070563205366
ENSG00000189720	84.27606257396837	47.56399983907513	38.933524899586445	55.9354532540697	49.94066233956307	40.86011549524272
ENSG00000122506	1391.3615019687936	1381.337828659807	1692.310548968691	1647.4275719882367	1033.4659512717747	945.8210971041651
ENSG00000111926	16.53262471546748	40.03303319788824	24.757728654096	14.823883371219884	21.606980440790554	23.147356068733558
ENSG00000183544	1.2097042474732302	1.7836499939653174	1.9965910204916126	1.5812142262634545	1.630715504965325	1.2076881427165334
ENSG00000134825	1.8145563712098454	1.5854666613025044	4.192841143032387	2.17416956111225	4.688307076775309	2.214094928313645
ENSG00000136275	653.0386762609655	408.8522152833833	630.5234442712513	294.50114964156836	529.1671813612479	705.4911567035749
ENSG00000219675	14.919685718836506	8.52188330450096	8.984659592212257	9.487285357580726	3.669109886171981	14.29097635547898
ENSG00000235390	0.6048521237366151	0.7927333306512522	0.19965910204916126	0.0	1.2230366287239935	0.20128135711942224
ENSG00000122737	14.718068344257635	5.549133314558766	5.989773061474837	11.068499583844181	8.765095839188621	8.85637971325458
ENSG00000205426	40.12185754119547	26.55656657681695	52.11102563483109	17.986311823746792	24.053053698238543	24.556325568569513
ENSG00000198485	274.6028641764233	247.5309824958535	213.8348982946517	246.8670710753818	344.8963293001662	258.6465438984576
ENSG00000248078	1.8145563712098454	2.9727499899421956	1.59727281639329	2.17416956111225	1.8345549430859904	2.0128135711942226
ENSG00000161076	59.8803602499249	85.0206497123468	114.00534727007107	140.5304143591645	86.22408232504155	130.22903805626618
ENSG00000163460	136.2933452153173	99.68621632939497	63.09227624753496	116.2192456303639	116.39231916690007	91.58301748933712
ENSG00000175100	4.637199615314049	9.116433302489401	7.187727673769805	8.696678244449	6.930540896102631	7.648691570538045
ENSG00000100642	22.58114595283363	18.82741660296724	16.37204636803122	20.75343671970784	12.434205725360602	24.35504421145009
ENSG00000173879	1240.14847103464	1356.763095409618	1195.3590439683285	676.5620370624755	692.8502501721424	1323.4249230602013
ENSG00000110153	1041.5553570744512	718.0182142373717	1059.590854574899	1140.2531089142335	1075.2530360865112	632.0234613549858
ENSG00000114971	258.0702394609558	102.65896631933717	162.52250906801729	170.3758328798872	238.69598203929945	164.04430605232915
ENSG00000127428	29.2345193139364	48.35673316972639	43.725343348766316	42.8904358873962	112.51936984260742	24.95888828280836
ENSG00000200086	420.3722259969475	216.41619926779185	221.82126237661817	171.75939532786774	229.31936788574882	284.4105576097436
ENSG00000246543	14.919685718836506	21.800166592909434	30.54784261352167	21.544043832839566	19.772425497704564	24.15376285433067
ENSG00000231277	26.411876069832193	22.59289992356069	14.774773551637933	28.46185607274218	23.23769594575588	12.076881427165334
ENSG00000103143	7.2582254848393815	5.15276664923314	7.387386775818967	3.9530355656586362	5.503664829257971	6.038440713582667
ENSG00000217435	28.024815066463166	32.502066556701344	34.34136555245574	38.73974854345463	31.59511290870317	20.128135711942225
ENSG00000207797	25.000554447780093	22.394716590897875	23.559774041801028	35.37966831264479	23.23769594575588	19.9268543548228
ENSG00000114597	3726.4939343412857	5390.388465095853	10126.909315035507	4660.431280133249	6886.511577468566	8080.440081559205
ENSG00000227057	23.58923282572799	21.40379992758381	16.172387265982064	29.647766742439767	30.16823684185851	24.15376285433067
ENSG00000151958	329.8460248110341	407.66311528740647	396.3233175675851	301.6166136597539	290.26735988382785	521.519996296423
ENSG00000203466	449.40512793630506	328.58796555494405	344.61161013685233	284.81621250570475	480.44955565040885	475.42656551607536
ENSG00000119104	17.540711588361837	23.38563325421194	17.969319184424513	11.068499583844181	32.81814953742716	17.91404078362858
ENSG00000199113	260.69126533048114	277.8530323932639	323.24808621759206	309.32503301278825	460.67713015270425	209.1313300470797
ENSG00000162633	0.0	0.0	0.19965910204916126	0.19765177828293182	0.40767887624133126	1.0064067855971113
ENSG00000117832	23.790850200306863	48.554916502389204	34.5410246545049	29.054811407590975	32.6143100993065	43.27549178067578
ENSG00000216087	123.79306799142724	128.02643290017724	175.30069159916357	211.09209920617116	109.86945714703876	125.19700412828062
ENSG00000235852	0.20161737457887172	0.19818333266281304	0.5989773061474838	0.19765177828293182	0.0	0.805125428477689
ENSG00000203705	2.016173745788717	2.57638332461657	2.5955683266390963	2.3718213393951815	2.2422338193273217	3.0192203567913336
ENSG00000151660	224.19852053170533	334.53346553482845	111.40977894343199	207.5343671970784	194.66666340523565	317.4207001773289
ENSG00000177692	32.46039730719834	18.034683272315988	5.7901139594256765	19.567526050010247	21.199301564549224	7.2461288562992
ENSG00000122375	4.637199615314049	1.7836499939653174	1.7969319184424513	2.7671248959610453	2.446073257447987	4.226908499507867
ENSG00000195326	15.726155217151993	8.125516639175336	24.158751347948513	15.219186927785747	8.765095839188621	9.661505141732267
ENSG00000142980	7.863077608575996	6.341866645210017	7.387386775818967	7.510767574751409	12.230366287239937	6.843566142060356
ENSG00000133195	183.06857611761552	131.7919162207707	160.7255771495748	191.9198767127268	112.11169096636608	100.23811584547228
ENSG00000246142	54.63830851087423	39.4384831998998	43.525684246717155	77.87480064347513	98.4544486122815	58.17031220751303
ENSG00000176263	11.088955601837945	8.720066637163775	23.36011493975187	7.510767574751409	13.861081792205262	21.53710521177818
ENSG00000241149	8.26631235773374	5.747316647221579	4.592159347130709	5.336598013639159	8.561256401067956	10.265349213090534
ENSG00000141991	31.65392780888286	29.529316566759146	15.972728163932901	13.440320923239362	13.453402915963931	26.569139139763735
ENSG00000103487	390.7344719338534	413.80679859995365	541.2758256552762	625.765530043762	463.5308822863936	284.81312032398245
ENSG00000239334	38.508918544564494	64.60776644807706	43.525684246717155	38.5420967651717	55.24048773070038	74.47410213418624
ENSG00000238263	135.8901104661595	71.94054975660114	48.317502695897026	82.61844332226549	80.51657805766293	90.37532934662059
ENSG00000239168	22.984380701991373	10.701899963791904	11.779887020900514	17.986311823746792	28.741360775013852	22.140949283136447
ENSG00000179382	3.2258779932619475	0.3963666653256261	2.196250122540774	1.1859106696975907	3.26143100993065	3.220501713910756
ENSG00000126539	4.838816989892921	9.909166633140654	6.988068571720644	8.103722909600203	6.319022581740634	6.441003427821512
ENSG00000197052	80.64694983154868	139.91743285994602	80.46261812581199	138.94920013290107	99.26980636476415	105.47143113057724
ENSG00000151599	36.29112742419691	29.331133234096335	33.34307004220993	29.647766742439767	44.02931863406377	34.016549353182356
ENSG00000220757	5.6452864882084075	5.15276664923314	4.991477551229032	3.9530355656586362	4.892146514895974	6.038440713582667
ENSG00000111276	0.20161737457887172	1.7836499939653174	0.3993182040983225	2.17416956111225	0.8153577524826625	1.2076881427165334
ENSG00000233582	16.129389966309738	25.763833246165696	23.559774041801028	18.97457071516145	40.15636930977112	20.128135711942225
ENSG00000190817	12.500277223890047	17.04376660900192	17.969319184424513	18.77691893687852	9.172774715429952	10.466630570209958
ENSG00000122698	8.064694983154869	11.296449961780345	14.57511444958877	22.92760628082009	9.784293029791948	19.323010283464534
ENSG00000223042	11.693807725574558	10.503716631129091	15.573409959834578	9.091981801014864	23.64537482199721	18.316603497867426
ENSG00000239107	56.04963013292633	21.800166592909434	54.30727575737187	47.04112323133777	51.36753840640773	72.26000720587258
ENSG00000207106	32.258779932619476	84.62428304702118	62.49329894138747	37.55383787375704	80.10889918142158	51.326746065452674
ENSG00000130055	151.8178830578904	144.87201617651633	267.7428558479253	237.3797857178011	199.96648879637297	138.68285505528192
ENSG00000235902	220.3677904147068	233.4599658767938	97.23398269794153	142.50693214199384	204.24711699690693	287.63105932365437
ENSG00000204193	261.90096957795436	543.6168814940962	371.1662707093908	196.07056405666836	242.77277080171277	464.758653588746
ENSG00000198289	160.08419541562415	158.54666613025046	110.41148343318618	111.47560295157353	131.068758711588	106.27655655905494
ENSG00000164002	14.11321622052102	6.5400499778728305	14.17579624549045	11.463803140410045	27.722163584410524	13.687132284120713
ENSG00000126202	35.48465792588142	23.583816586874754	17.969319184424513	33.79845408638134	22.218498755152552	26.569139139763735
ENSG00000213889	86.09061894517822	43.60033318581887	73.47454955409134	73.32880974296769	79.70122030518026	89.16764120390405
ENSG00000169768	17.540711588361837	21.800166592909434	23.95909224589935	13.045017366673498	9.376614153550618	15.901227212434355
ENSG00000159701	69.35637685513186	106.42444963993061	104.42171037171134	77.47949708690926	94.17382041174751	54.74852913648285
ENSG00000237497	282.869176534157	298.4640989901965	331.6337685036568	246.27411574053303	358.3497322161301	415.44472109448753
ENSG00000242047	6.451755986523895	5.350949981895952	2.795227428688258	4.150687343941568	6.115183143619968	6.441003427821512
ENSG00000172961	0.8064694983154869	0.3963666653256261	1.1979546122949676	0.39530355656586363	0.20383943812066563	1.2076881427165334
ENSG00000109798	287.506376149471	413.0140652693024	323.0484271155429	378.7008071900973	563.6160464036404	332.5168019612856
ENSG00000204450	39.11377066830111	27.745666572793827	27.952274286882577	49.215292792450015	20.791622688307893	29.588359496555068
ENSG00000220073	102.42162628606683	103.2535163173256	89.84659592212257	110.68499583844181	53.20209334949373	55.754935922079966
ENSG00000152777	0.8064694983154869	2.774566657279383	2.795227428688258	0.39530355656586363	1.630715504965325	1.8115322140748
ENSG00000244641	813.9293411749051	912.4360635795913	774.4776568486965	1057.2393620354023	1453.1713543622252	1747.3234611537046
ENSG00000224483	163.91492553262268	131.59373288810787	55.505230369666826	103.56953182025626	79.90505974330092	75.88307163402219
ENSG00000104547	28.22643244104204	5.549133314558766	28.3515924909809	22.334650945971294	22.422338193273216	19.72557299770338
ENSG00000121939	9.274399230628099	19.620149933618496	9.383977796310578	8.103722909600203	16.918673364015245	8.252535641896312
ENSG00000181104	20.363354832466044	32.898433222026966	38.933524899586445	26.090034733346997	60.540313121837684	29.78964085367449
ENSG00000110984	33.46848418009271	20.61106659693256	17.370341878277028	14.428579814654022	22.218498755152552	21.134542497539336
ENSG00000242437	20.766589581623784	17.63831660699036	10.981250612703871	8.103722909600203	14.268760668446593	22.34223064025587
ENSG00000156050	0.8064694983154869	3.1709333226050087	4.79181844917987	0.9882588914146591	2.0383943812066563	2.4153762854330667
ENSG00000198932	450.81644955835714	314.71513226854717	500.34570973519817	364.6675309320092	217.08900159850887	315.4078866061347
ENSG00000167601	23.185998076570247	17.836499939653176	18.96761469467032	11.859106696975909	29.76055796561718	38.44473920980965
ENSG00000121415	30.44422356140963	21.007433262258182	21.163864817211092	30.63602563385443	32.206631223065166	30.59476628215218
ENSG00000246738	48.79140464808695	25.565649913502885	27.552956082784256	31.821936303552018	41.78708481473645	23.147356068733558
ENSG00000165605	0.0	0.19818333266281304	0.19965910204916126	0.0	0.6115183143619968	0.20128135711942224
ENSG00000118523	90.92943593507114	107.21718297058187	61.69466253319084	88.15269311418758	70.73228502787096	100.64067855971112
ENSG00000182711	25.80702394609558	17.63831660699036	13.976137143441289	13.045017366673498	13.861081792205262	13.284569569881867
ENSG00000143463	15.524537842573121	13.278283288408476	13.377159837293805	13.637972701522294	15.084118420929254	8.85637971325458
ENSG00000106298	28.42804981562091	20.01651659894412	33.74238824630825	23.32290983738595	40.971727062253784	32.40629849622698
ENSG00000170785	3.427495367840819	3.1709333226050087	5.390795755327353	3.162428452526909	3.057591571809984	3.0192203567913336
ENSG00000111874	125.20438961347932	125.45004957556066	220.6233077643232	188.75744826019988	123.52669950112336	208.12492326148262
ENSG00000107097	8.871164481470355	6.7382333105356444	3.793522938934064	6.127205126770886	8.357416962947289	6.642284784940934
ENSG00000102220	4.435582240735178	2.9727499899421956	4.79181844917987	3.3600802308098405	4.280628200533978	4.6294712137467116
ENSG00000124794	8.26631235773374	1.3872833286396915	7.387386775818967	4.545990900507432	4.280628200533978	7.8499729276574675
ENSG00000154772	43.952587658194034	38.64574986924854	25.955683266390963	31.228980968703226	19.772425497704564	27.575545925360846
ENSG00000157376	124.80115486432157	394.18664866633515	132.3739846585939	71.54994373842132	73.17835828531896	155.99305176755223
ENSG00000172149	8.871164481470355	9.512799967815026	9.383977796310578	8.696678244449	7.745898648585293	15.901227212434355
ENSG00000122691	2.621025869525332	0.5945499979884391	0.5989773061474838	1.3835624479805226	1.0191971906033281	1.4089694998359557
ENSG00000222511	277.2238900459486	233.26178254413097	321.0518360950513	226.11363435567398	365.68795198847414	238.1158454722765
ENSG00000184861	2.4194084949464605	1.5854666613025044	2.795227428688258	2.7671248959610453	0.8153577524826625	3.0192203567913336
ENSG00000187816	335.8945460484003	367.6300820895182	117.79887020900514	210.49914387132236	452.1158737516363	359.2872224581687
ENSG00000148155	24.194084949464607	19.02559993563005	28.551251593030063	48.424685679318294	25.4799297650832	20.128135711942225
ENSG00000178972	5.6452864882084075	10.107349965803467	4.392500245081548	6.324856905053818	3.057591571809984	7.044847499179779
ENSG00000116900	6.250138611945023	6.341866645210017	12.378864327048	9.289633579297794	14.472600106567258	9.86278649885169
ENSG00000117233	58.670656002451665	95.32618301081308	54.906253063519344	71.35229196013837	84.38952738195556	73.66897670570854
ENSG00000129086	137.5030494627905	119.10818293035065	113.80568816802192	251.80836553245513	132.90331365467398	156.39561448179109
ENSG00000190215	14.919685718836506	18.62923327030443	20.76454661311277	12.847365588390566	26.0914480794452	18.316603497867426
ENSG00000176788	194.56076646861118	158.54666613025046	142.55659886310116	143.69284281169143	203.63559868254495	157.20073991026877
ENSG00000121994	1330.2714374713955	2187.5476259321304	1906.1454472633427	2170.80948088144	1871.6537208239515	1121.3384405123013
ENSG00000244210	13.306746722205533	13.476466621071289	13.576818939342967	25.694731176781133	16.714833925894578	23.952481497211245
ENSG00000131138	2.4194084949464605	2.9727499899421956	2.395909224589935	1.9765177828293181	4.076788762413313	2.0128135711942226
ENSG00000119297	2.4194084949464605	4.360033318581888	3.9931820409832253	2.5694731176781134	7.134380334223296	4.42818985662729
ENSG00000181944	1.4113216220521019	3.9636666532562614	1.59727281639329	2.3718213393951815	1.0191971906033281	1.610250856955378
ENSG00000194820	5.6452864882084075	4.558216651244701	3.793522938934064	9.88258891414659	5.707504267378637	7.8499729276574675
ENSG00000211653	7.863077608575996	3.9636666532562614	4.592159347130709	3.7553837873757043	6.7267014579819655	8.252535641896312
ENSG00000111233	1.0080868728943586	1.5854666613025044	0.19965910204916126	1.3835624479805226	3.4652704480513155	1.610250856955378
ENSG00000175980	78.02592396202334	109.19901629721	68.28341290081315	78.27010420004099	86.22408232504155	86.9535462755904
ENSG00000186849	0.40323474915774343	0.5945499979884391	0.798636408196645	0.0	0.20383943812066563	0.20128135711942224
ENSG00000176230	1.2097042474732302	1.9818333266281307	1.59727281639329	1.1859106696975907	3.4652704480513155	1.2076881427165334
ENSG00000100309	1855.0814635001987	2385.7309585949433	955.1691442031874	1160.2159385208097	1638.4614036139103	993.7260600985877
ENSG00000143441	224.40013790628421	335.5243821981425	534.4874161856047	265.64399001226036	193.03594790027034	232.47996747293269
ENSG00000114605	78.22754133660221	59.65318313150673	84.45580016679521	88.74564844903638	97.23141198355749	102.25092941666651
ENSG00000134335	76.21136759081351	31.511149893387277	44.72363885901213	75.30532752579703	84.18568794383489	98.82914634563632
ENSG00000130186	583.6822994058336	746.1602474754912	563.8373041868314	1187.2942321455714	962.1221479295417	872.9572458269342
ENSG00000147422	93.75207917917535	87.20066637163774	35.93863836884903	80.04897020458738	103.1427556890568	114.12652948671241
ENSG00000198610	47.78331777519259	44.59124984913294	32.34477453196413	31.031329190420294	32.002791784944506	41.262678209481564
ENSG00000190877	2.217791120367589	2.9727499899421956	4.991477551229032	2.17416956111225	2.8537521336893183	2.6166576425524894
ENSG00000221601	21.976293829097017	32.502066556701344	26.355001470489285	22.92760628082009	21.606980440790554	27.77682728248027
ENSG00000243037	6.854990735681638	4.161849985919074	6.189432163524	6.127205126770886	7.542059210464627	7.2461288562992
ENSG00000173893	4.637199615314049	7.72914997384971	9.184318694261417	4.941294457073295	5.0959859530166405	9.86278649885169
ENSG00000112290	10.484103478101328	2.774566657279383	5.390795755327353	5.336598013639159	5.707504267378637	7.648691570538045
ENSG00000212687	36.492744798775774	48.95128316771483	15.972728163932901	21.7416956111225	26.499126955686528	18.115322140748003
ENSG00000121231	11.492190350995687	6.7382333105356444	23.559774041801028	13.637972701522294	23.849214260117876	16.505071283792624
ENSG00000100623	250.61039660153753	84.42609971435836	247.57728654096	118.78871874804202	149.61814758056855	161.62892976689605
ENSG00000240360	0.6048521237366151	3.567299987930635	1.7969319184424513	1.9765177828293181	2.446073257447987	1.4089694998359557
ENSG00000179801	17.339094213782964	12.28736662509441	8.785000490163096	26.090034733346997	18.14170999273924	27.77682728248027
ENSG00000102483	1554.066723253943	1473.4930783480152	1127.874267475712	1176.621036118293	830.2380314654711	875.7751848266062
ENSG00000137668	31.85554518346173	19.818333266281307	42.327729634422184	15.219186927785747	24.25689313635921	8.252535641896312
ENSG00000200906	322.5877993261947	201.35426598541807	269.939105970466	290.7457658541927	215.6621255316642	315.00532389189584
ENSG00000214059	254.03789196937834	338.4971321880847	301.6849031962827	281.65378405317784	187.12460419477102	188.1980689066598
ENSG00000200143	195.77047071608445	356.33363212773787	275.52956082784254	330.6714250673449	165.9253026302218	494.54829444242046
ENSG00000190891	150.60817881041717	156.76301613628513	113.80568816802192	181.44433246373137	112.11169096636608	105.67271248769667
ENSG00000109807	2.4194084949464605	2.9727499899421956	1.9965910204916126	1.3835624479805226	2.446073257447987	1.8115322140748
ENSG00000108927	15.927772591730864	11.494633294443158	21.163864817211092	16.800401154049204	17.122512802135912	24.35504421145009
ENSG00000114264	10.484103478101328	11.296449961780345	7.9863640819664505	10.673196027278317	19.160907183342566	20.731979783300492
ENSG00000146975	0.20161737457887172	0.7927333306512522	0.3993182040983225	1.9765177828293181	1.8345549430859904	1.2076881427165334
ENSG00000223369	8.669547106891482	7.72914997384971	10.581932408605546	14.823883371219884	11.007329658515943	13.083288212762445
ENSG00000181411	4.032347491577434	1.3872833286396915	1.397613714344129	1.9765177828293181	1.2230366287239935	3.220501713910756
ENSG00000106075	0.40323474915774343	1.3872833286396915	0.798636408196645	0.9882588914146591	0.8153577524826625	1.0064067855971113
ENSG00000162185	29.2345193139364	63.22048311943737	45.32261616515961	35.77497186921066	52.794414473252395	73.2664139914697
ENSG00000131331	38.508918544564494	31.511149893387277	29.94886530737419	14.823883371219884	23.23769594575588	28.58195271095796
ENSG00000125528	6.451755986523895	10.701899963791904	11.979546122949674	4.3483391222245	8.357416962947289	8.252535641896312
ENSG00000231421	2.4194084949464605	3.3691166552678222	3.19454563278658	3.162428452526909	5.0959859530166405	2.6166576425524894
ENSG00000220644	4.838816989892921	10.30553329846628	13.377159837293805	5.138946235356227	6.115183143619968	9.057661070374001
ENSG00000137652	19.758502708729427	13.476466621071289	10.981250612703871	7.70841935303434	16.30715504965325	10.466630570209958
ENSG00000164011	9.274399230628099	9.909166633140654	11.779887020900514	12.452062031824703	11.007329658515943	14.4922577125984
ENSG00000220344	28.22643244104204	21.800166592909434	33.94204734835741	23.12525805910302	41.17556650037445	11.473037355807069
ENSG00000240243	9.47601660520697	10.503716631129091	6.988068571720644	12.649713810107636	3.8729493242926467	14.693539069717824
ENSG00000170196	80.64694983154868	61.23864979280924	74.273185962288	48.02938212275243	100.49284299348815	133.24825841305753
ENSG00000104565	60.48521237366151	71.3459997586127	100.02921012662979	73.52646152125064	61.76334975056168	118.35343798622027
ENSG00000223660	76.21136759081351	75.30966641186896	54.906253063519344	58.10962281518195	44.84467638654643	100.84195991683055
ENSG00000220802	9.072781856049227	8.918249969826588	8.385682286064775	5.336598013639159	12.230366287239937	6.441003427821512
ENSG00000146245	8.064694983154869	8.720066637163775	10.781591510654707	8.499026466166066	5.299825391137306	12.076881427165334
ENSG00000125509	98.79251354364715	70.94963309328708	60.496707920895865	75.8982828606458	43.417800319701776	124.39187869980294
ENSG00000222630	16.935859464625224	12.089183292431597	5.590454857376516	14.033276258088158	20.180104373945895	14.29097635547898
ENSG00000181108	17.74232896294071	38.0511998712601	14.57511444958877	28.65950785102511	34.04118616615116	19.524291640583957
ENSG00000235847	0.40323474915774343	0.0	0.3993182040983225	0.0	0.20383943812066563	0.4025627142388445
ENSG00000105576	0.20161737457887172	0.3963666653256261	0.0	0.0	0.40767887624133126	0.0
ENSG00000208830	38.508918544564494	53.31131648629672	56.90284408401096	43.68104300052793	71.7514822184743	51.93059013681094
ENSG00000118572	56.65448225666295	68.57143310133331	96.03602808564656	40.320962769718086	78.27434423833559	56.35877999343823
ENSG00000222022	496.1803588386033	352.7663321398073	417.68684148684537	419.0217699598154	483.30330778409814	266.69779818323445
ENSG00000154577	164.7213950309382	176.38316606990364	93.2408006569583	91.90807690156329	67.87853289418165	126.20341091387773
ENSG00000126268	20.16173745788717	38.843933201911355	42.327729634422184	49.80824812729881	41.78708481473645	37.63961378133195
ENSG00000198945	18.548798461256197	31.312966560724465	35.140001960652384	26.48533828991286	33.63350728990983	33.01014256758525
ENSG00000160162	4.032347491577434	1.5854666613025044	1.397613714344129	1.1859106696975907	1.8345549430859904	1.4089694998359557
ENSG00000121707	96.1714876741218	240.39638251999224	141.55830335285532	112.66151362127113	242.16125248735074	163.44046198097087
ENSG00000180001	5.040434364471793	13.872833286396913	10.382273306556385	14.823883371219884	16.103315611532583	8.05125428477689
ENSG00000248334	95.56663555038519	91.56069969021964	115.4029609844152	52.377721244976925	177.95182947934106	108.28937013024917
ENSG00000124839	28.024815066463166	51.92403315765702	30.14852440942335	57.12136392376729	59.31727649311369	21.53710521177818
ENSG00000165584	55.04154326003197	44.19488318380731	52.71000294097857	51.191810575279334	24.053053698238543	45.08702399475058
ENSG00000104510	153.22920467994248	162.90669944883234	107.61625600449793	186.9785822556535	170.00209139263512	302.1233170362528
ENSG00000129355	6.653373361102767	15.260116615036607	18.568296490572	11.661454918692975	10.191971906033281	9.057661070374001
ENSG00000225845	7.05660811026051	8.323699971838147	13.177500735244642	9.289633579297794	10.803490220395277	13.083288212762445
ENSG00000245642	5.443669113629536	4.360033318581888	7.9863640819664505	6.720160461619681	3.4652704480513155	3.421783071030178
ENSG00000219524	14.314833595099891	18.232866604978803	11.580227918851353	6.522508683336749	19.568586059583897	11.271755998687645
ENSG00000229404	812.5180195528529	607.2337312788592	745.7267461536173	479.10791055782664	984.1368072465737	889.2610357536074
ENSG00000231057	16.53262471546748	7.13459997586127	13.576818939342967	14.428579814654022	17.122512802135912	16.706352640912044
ENSG00000245443	241.5376147454883	159.93394945889014	221.02262596842152	280.46787338348025	407.6788762413312	455.0971484470137
ENSG00000226976	205.44810469587028	111.37903295650094	232.60285388727286	157.3308155132137	179.5825449843064	257.0362930415022
ENSG00000142868	136.49496258989615	151.8084328197148	123.78864327048	212.08035809758584	171.22512802135913	178.13400105068868
ENSG00000244885	175.20549850903953	143.68291618053945	86.25273208523765	80.24662198287031	129.845722082864	341.9770257458984
ENSG00000165990	3.427495367840819	4.161849985919074	3.793522938934064	1.9765177828293181	4.280628200533978	2.8179389996719113
ENSG00000182916	60.081977624503764	71.54418309127551	55.10591216556851	35.182016534361864	54.62896941633838	66.22156649228991
ENSG00000165524	585.6984731516224	900.5450636198225	987.7135778372007	981.7363827313224	864.0753781935016	576.6710881471447
ENSG00000233578	6.048521237366152	8.323699971838147	6.189432163524	10.475544248995385	7.134380334223296	6.23972207070209
ENSG00000212921	20.564972207044917	33.69116655267822	27.952274286882577	29.45011496415684	38.729493242926466	28.78323406807738
ENSG00000100862	5.040434364471793	5.747316647221579	8.18602318401561	7.70841935303434	8.968935277309287	5.233315285104979
ENSG00000223146	30.847458310567372	24.772916582851632	47.319207185651216	84.99026466166067	73.17835828531896	41.06139685236214
ENSG00000235937	2.016173745788717	1.9818333266281307	2.196250122540774	5.5342497919220905	2.8537521336893183	2.4153762854330667
ENSG00000102391	508.6806360624933	793.9224306472291	820.7985685241019	853.6580304039825	470.0537443062549	753.9999637693558
ENSG00000241268	22.37952857825476	18.62923327030443	12.378864327048	11.661454918692975	22.014659317031885	17.91404078362858
ENSG00000142303	2.016173745788717	2.57638332461657	0.798636408196645	0.0	1.0191971906033281	1.4089694998359557
ENSG00000174111	676.6279090866934	682.3452143580654	1024.8501708183448	681.8986350761147	1123.7668223592295	1384.6144556245056
ENSG00000188913	205.44810469587028	252.68374914508664	115.60262008646437	159.10968151776012	202.00488317757961	219.79924197440909
ENSG00000227418	93.95369655375421	121.68456625496721	114.80398367826773	69.77107773387493	62.374868064923675	103.25733620226362
ENSG00000135137	122.98659849311174	84.42609971435836	62.69295804343663	84.39730932681188	50.3483412158044	77.29204113385813
ENSG00000148117	11.290572976416815	11.494633294443158	22.761137633604385	19.76517782829318	11.415008534757273	10.667911927329378
ENSG00000139745	12.298659849311173	9.512799967815026	19.566592000817806	16.207445819200405	18.54938886898057	17.71275942650916
ENSG00000146688	98.38927879448939	137.93559953331788	133.77159837293803	92.698684014695	85.81640344880023	113.1201227011153
ENSG00000223348	205.85133944502803	136.746499537341	71.47795853359973	162.8650653051358	119.85758961495138	169.68018405167294
ENSG00000130385	262.505821701691	170.23948275735643	161.12489535367314	164.0509759748334	166.74066038270445	224.02615047391697
ENSG00000209139	58.267421253293925	46.374899843098255	48.117843593847866	42.09982877426447	43.82547919594311	77.09075977673872
ENSG00000171850	12.701894598468918	8.720066637163775	6.988068571720644	13.835624479805226	10.803490220395277	12.680725498523602
ENSG00000241200	25.605406571516706	22.989266588886316	17.969319184424513	18.579267158595588	7.542059210464627	32.20501713910756
ENSG00000133351	423.5981039902095	325.417032232339	288.30774335898883	416.4522968421373	143.5029644369486	305.9476628215218
ENSG00000231575	778.8479179981814	521.4203482358612	433.6595696507782	326.9160412799692	479.0226795835642	532.9930336522301
ENSG00000110180	14.516450969678763	19.421966600955678	12.977841633195482	5.5342497919220905	14.88027898280859	15.699945855314935
ENSG00000136935	17.94394633751958	15.45829994769942	14.774773551637933	7.313115796468477	19.568586059583897	16.706352640912044
ENSG00000219482	349.60452751976356	271.7093490807167	258.758196255713	415.2663861724397	186.92076475665039	407.19218545259116
ENSG00000247301	120.97042474732302	125.25186624289786	73.27489045204219	217.21930433294207	130.04956152098467	199.26854354822802
ENSG00000105935	190.3268016024549	93.93889968217339	160.7255771495748	63.643872607104036	68.89773008478497	103.45861755938304
ENSG00000196693	3.024260618683076	0.5945499979884391	0.9982955102458063	2.17416956111225	3.057591571809984	3.8243457852690224
ENSG00000197854	6.250138611945023	8.323699971838147	5.7901139594256765	14.033276258088158	14.268760668446593	11.87560007004591
ENSG00000106165	9.47601660520697	7.13459997586127	11.779887020900514	4.941294457073295	10.191971906033281	6.441003427821512
ENSG00000175068	75.20328071791914	67.18414977269362	40.33113861393057	45.459909005074316	34.85654391863382	44.48317992339231
ENSG00000187725	1.2097042474732302	0.9909166633140654	0.798636408196645	1.3835624479805226	0.6115183143619968	1.8115322140748
ENSG00000180197	358.274074626655	470.68541507418104	489.9634364286418	465.86524141287026	473.5190147543062	575.2621186473087
ENSG00000140976	79.63886295865433	62.427749788786116	64.09057175778076	50.203551683864674	47.69842852023575	69.84463092043951
ENSG00000241229	82.25988882817967	46.77126650842388	84.65545926884437	72.34055085155305	73.38219772343962	113.1201227011153
ENSG00000244726	1.6129389966309737	2.3781999919537564	0.9982955102458063	1.1859106696975907	2.8537521336893183	1.4089694998359557
ENSG00000187482	14.11321622052102	46.77126650842388	26.55466057253845	33.00784697324961	22.014659317031885	26.36785778264431
ENSG00000142281	622.1912179503981	214.43436594116375	357.1901335659495	225.12537546425932	405.4366424220039	349.62571731643646
ENSG00000125669	2.016173745788717	0.7927333306512522	3.19454563278658	0.9882588914146591	0.8153577524826625	1.4089694998359557
ENSG00000113179	23.58923282572799	57.86953313754142	35.93863836884903	38.93740032173756	44.640836948425765	44.08061720915347
ENSG00000247920	219.35970354181242	113.55904961579188	214.03455739670088	118.19576341319322	104.16195287966012	158.4084280529853
ENSG00000242271	5.242051739050664	7.72914997384971	4.592159347130709	5.336598013639159	9.988132467912616	1.4089694998359557
ENSG00000163143	250.40877922695864	113.55904961579188	146.3501218020352	186.78093047737056	115.98464029065873	144.52001441174517
ENSG00000193202	12.298659849311173	11.296449961780345	23.95909224589935	20.95108849799077	16.30715504965325	4.6294712137467116
ENSG00000100449	446.380867317622	311.94056561126774	526.7007112056874	291.5363729673244	167.75985757330778	273.74264568241426
ENSG00000223215	78.4291587111811	91.95706635554527	90.04625502417173	46.84347145305484	105.99650782274611	39.65242735252618
ENSG00000168793	50.20272627013906	35.078449881317916	55.704889471715994	50.00589990558175	41.99092425285711	26.569139139763735
ENSG00000158743	1004.4577601519388	2237.886192428485	1688.9163442338552	1949.0441856479906	2381.252316125616	1999.1264389101018
ENSG00000214079	112.09926026585266	134.36829954538723	104.42171037171134	222.5559023465812	140.85305174137991	187.59422483530153
ENSG00000185267	321.98294720245815	424.9050652290712	453.0265025495469	120.5675847525884	436.2163975782244	486.0944774434047
ENSG00000239059	3.427495367840819	1.9818333266281307	1.9965910204916126	2.3718213393951815	2.649912695568653	2.4153762854330667
ENSG00000162132	10.6857208526802	4.558216651244701	4.592159347130709	7.9060711313172725	5.299825391137306	9.258942427493423
ENSG00000144467	235.69071088270104	139.1246995292948	144.75284898564192	117.80045985662736	154.91797297170586	73.46769534858912
ENSG00000150179	228.2308680232828	212.4525326145356	131.57534825039727	89.14095200560224	165.3137843158598	168.47249590895643
ENSG00000165031	31.250693059725116	33.69116655267822	22.361819429506063	21.7416956111225	30.779755156220507	20.933261140419916
ENSG00000240648	83.26797570107401	218.79439925974563	165.71705470080386	111.67325472985647	108.23874164207344	124.79444141404178
ENSG00000143928	3.6291127424196907	3.567299987930635	2.5955683266390963	3.3600802308098405	2.2422338193273217	3.421783071030178
ENSG00000187263	61.694916621134745	26.952933242142578	56.303866777863476	43.68104300052793	48.309946834597746	47.30111892306422
ENSG00000133727	2.8226432441042038	2.774566657279383	1.7969319184424513	2.7671248959610453	2.446073257447987	2.6166576425524894
ENSG00000106282	70.96931585176284	87.59703303696338	60.097389716797544	75.10767574751408	34.85654391863382	66.42284784940934
ENSG00000222298	6.653373361102767	3.765483320593448	6.988068571720644	11.266151362127111	5.911343705499302	14.894820426837246
ENSG00000183614	12.90351197304779	7.927333306512523	4.991477551229032	8.696678244449	8.561256401067956	14.894820426837246
ENSG00000145384	42.541266036141934	53.31131648629672	35.339661062701545	15.021535149502817	29.14903965125518	16.10250856955378
ENSG00000173939	1008.2884902689374	869.0339137264353	1247.6697287052086	571.6089427942387	1295.1957898187093	1442.7847678320186
ENSG00000157499	4.637199615314049	1.5854666613025044	3.19454563278658	5.336598013639159	3.4652704480513155	3.0192203567913336
ENSG00000118424	6.854990735681638	5.350949981895952	6.988068571720644	5.336598013639159	9.376614153550618	4.830752570866133
ENSG00000239846	158.67287379357202	167.06854943475142	204.6505796003903	274.7359718132752	242.9766102398334	258.847825255577
ENSG00000200030	21.976293829097017	8.125516639175336	10.781591510654707	4.743642678790363	10.803490220395277	15.901227212434355
ENSG00000148691	2152.4670910040345	1204.7564792572407	747.5236780720599	830.1374687883136	868.9675247083975	1157.7703661509167
ENSG00000237873	42.7428834107208	32.502066556701344	70.0803448192556	30.043070299005635	46.47539189151176	45.69086806610885
ENSG00000100688	26.613493444411066	27.15111657480539	39.13318400163561	29.647766742439767	39.13717211916779	38.64602056692907
ENSG00000138167	36.492744798775774	59.25681646618111	20.165569306965285	74.51472041266528	85.20488513443823	37.43833242421253
ENSG00000233617	1163.130633945511	1057.902629754096	696.8102661515728	902.2803678615836	612.1298326763589	1018.4836670242764
ENSG00000200319	144.96289232220877	166.27581610410016	149.54466743482178	102.38362115055867	151.45270252365455	69.03950549196183
ENSG00000237889	108.26853014885411	115.73906627508283	45.32261616515961	78.07245242175806	46.06771301527043	73.46769534858912
ENSG00000202163	50.60596101929679	24.376549917526006	64.68954906392825	26.48533828991286	45.252355262787766	67.22797327788703
ENSG00000239489	1.0080868728943586	1.5854666613025044	0.9982955102458063	1.1859106696975907	0.20383943812066563	1.2076881427165334
ENSG00000174869	3.6291127424196907	3.3691166552678222	2.9948865307374186	3.162428452526909	7.338219772343962	2.214094928313645
ENSG00000221383	611.7071144722968	538.2659315122003	385.7413851589796	461.7145540689287	476.9842852023575	625.5824579271643
ENSG00000222907	77.42107183828674	116.92816627105971	138.96273502621622	93.48929112782675	218.31203822723288	56.35877999343823
ENSG00000119236	59.275508126188285	32.70024988936415	89.24761861597509	85.1879164399436	96.82373310731616	123.78803462844468
ENSG00000153977	68.54990735681638	107.41536630324468	142.75625796515033	76.4912381954946	123.52669950112336	119.15856341469797
ENSG00000168945	13.508364096784405	8.323699971838147	7.587045877868128	4.743642678790363	8.153577524826625	8.05125428477689
ENSG00000166516	32.662014681777215	105.23534964395373	73.67420865614051	38.73974854345463	55.03664829257971	42.06780363795925
ENSG00000171497	5.6452864882084075	4.756399983907513	4.79181844917987	6.324856905053818	3.4652704480513155	5.4345966422244
ENSG00000123596	79.03401083491771	59.454999798843915	44.72363885901213	67.00395283791389	70.73228502787096	68.8382241348424
ENSG00000148507	4.838816989892921	3.567299987930635	8.385682286064775	7.313115796468477	5.0959859530166405	5.233315285104979
ENSG00000157921	15.726155217151993	19.223783268292866	13.377159837293805	20.555784941424907	20.383943812066562	21.939667926017023
ENSG00000238635	71.37255060092059	43.402149853156054	94.43875526925328	44.86695367022552	45.0485158246671	86.34970220423213
ENSG00000221483	14.718068344257635	18.62923327030443	12.77818253114632	12.056758475258839	12.434205725360602	7.8499729276574675
ENSG00000126433	89.31649693844017	85.41701637767243	93.83977796310579	82.61844332226549	101.51204018409148	49.91777656561672
ENSG00000200993	116.1316077574301	85.61519971033523	47.518866287700384	105.74370138136852	66.04397795109566	78.7010106336941
ENSG00000190600	24.597319698622346	58.66226646819267	63.890912655731604	29.845418520722703	45.86387357714976	46.294712137467116
ENSG00000214926	312.10369584809337	377.9356153879845	295.0961528286603	171.36409177130187	217.29284103662954	393.7063345255899
ENSG00000130343	1.0080868728943586	0.3963666653256261	1.59727281639329	0.39530355656586363	2.2422338193273217	1.4089694998359557
ENSG00000153485	0.0	1.1890999959768782	0.798636408196645	1.5812142262634545	1.2230366287239935	1.610250856955378
ENSG00000196351	108.06691277427524	79.66969973045086	123.58898416843083	107.91787094248076	80.31273861954224	66.82541056364818
ENSG00000150679	197.98826183645204	346.8208321599229	199.85876115121042	190.93161782131213	167.55601813518714	261.8670456123683
ENSG00000244298	1810.725641092847	2375.4254252964774	923.8226651814692	747.914329022614	1913.2369662005674	1297.2583466346764
ENSG00000143482	101.81677416233022	106.028082974605	174.90137339506526	102.18596937227574	156.34484903855054	50.32033927985556
ENSG00000109582	89.31649693844017	96.11891634146433	230.4066037647321	225.12537546425932	67.26701457981966	153.57767548211916
ENSG00000211113	5.443669113629536	2.3781999919537564	5.390795755327353	6.324856905053818	4.076788762413313	3.6230644281496
ENSG00000146707	112.30087764043154	132.38646621875913	127.78182531146321	174.52652022382878	124.5458966917267	143.51360762614806
ENSG00000210969	101.61515678775135	116.7299829383969	96.23568718769573	150.01769971674526	98.25060917416083	77.09075977673872
ENSG00000247015	2.8226432441042038	2.9727499899421956	3.394204734835742	3.162428452526909	2.8537521336893183	2.214094928313645
ENSG00000210675	4.637199615314049	4.756399983907513	4.592159347130709	4.150687343941568	3.8729493242926467	5.032033927985556
ENSG00000235760	32.46039730719834	24.971099915514447	14.774773551637933	39.92565921315223	20.791622688307893	24.556325568569513
ENSG00000145400	41.3315617886687	66.787783107368	38.733865797537284	41.50687343941568	52.998253911373055	51.528027422572094
ENSG00000219720	0.0	0.0	0.5989773061474838	0.39530355656586363	0.40767887624133126	0.0
ENSG00000220701	45.96876140398275	36.86209987528323	36.337956572947355	24.508820507083545	40.971727062253784	37.84089513845138
ENSG00000159511	58.4690386278728	69.36416643198457	40.53079771597974	22.334650945971294	44.436997510305105	55.35237320784112
ENSG00000153655	27.01672819356881	18.431049937641614	30.94716081762	18.579267158595588	15.491797297170587	18.92044756922569
ENSG00000216832	44.960674531088394	49.14946650037764	72.47625404384553	43.87869477881086	53.40593278761439	30.997328996391026
ENSG00000215518	64.92079461439668	71.94054975660114	95.03773257540077	80.24662198287031	51.775217282649066	73.66897670570854
ENSG00000228736	1.4113216220521019	3.9636666532562614	2.5955683266390963	2.3718213393951815	2.0383943812066563	3.8243457852690224
ENSG00000234039	72.58225484839382	76.69694974050864	40.93011592007806	43.285739443962065	68.49005120854365	89.36892256102348
ENSG00000200373	16.53262471546748	16.052849945687857	10.981250612703871	10.277892470712453	20.995462126428556	16.706352640912044
ENSG00000246177	5.443669113629536	6.5400499778728305	2.795227428688258	3.3600802308098405	3.26143100993065	6.642284784940934
ENSG00000178393	41.53317916324757	30.520233230073213	25.55636506229264	51.98241768841106	26.702966393807195	41.463959566600984
ENSG00000101821	777.0333616269716	344.04626550264345	407.304568180289	383.6421016471706	639.8519962607694	384.64867345521594
ENSG00000233902	0.6048521237366151	0.7927333306512522	2.5955683266390963	2.17416956111225	1.0191971906033281	2.214094928313645
ENSG00000236421	1.6129389966309737	1.1890999959768782	0.9982955102458063	0.39530355656586363	0.40767887624133126	0.6038440713582667
ENSG00000207207	0.8064694983154869	1.3872833286396915	0.5989773061474838	0.7906071131317273	1.0191971906033281	1.0064067855971113
ENSG00000157131	2250.251517674787	1237.6549124792675	1558.738609697802	1477.4470426649152	1940.1437720324952	1752.1542137245708
ENSG00000165132	24.395702324043476	15.260116615036607	18.168978286473678	13.637972701522294	19.772425497704564	14.894820426837246
ENSG00000181679	26.411876069832193	25.36746658084007	27.153637878685934	27.275945403044588	26.499126955686528	50.32033927985556
ENSG00000206978	8.26631235773374	5.15276664923314	6.588750367622321	7.70841935303434	7.542059210464627	5.837159356463245
ENSG00000232032	2.4194084949464605	5.15276664923314	2.9948865307374186	3.5577320090927724	2.2422338193273217	4.42818985662729
ENSG00000162933	0.40323474915774343	0.19818333266281304	0.5989773061474838	0.19765177828293182	0.6115183143619968	0.6038440713582667
ENSG00000127235	53.02536951424326	44.39306651647013	34.34136555245574	38.73974854345463	45.252355262787766	56.9626240647965
ENSG00000171964	35.88789267503916	60.24773312949517	49.11613910409367	32.019588081834954	56.463524359424376	32.40629849622698
ENSG00000233999	0.6048521237366151	0.5945499979884391	0.3993182040983225	0.5929553348487954	0.40767887624133126	0.6038440713582667
ENSG00000164675	2.4194084949464605	3.1709333226050087	2.196250122540774	4.150687343941568	5.911343705499302	3.220501713910756
ENSG00000100362	7.2582254848393815	9.710983300477839	4.991477551229032	4.150687343941568	7.949738086705959	5.032033927985556
ENSG00000183426	30.242606186830756	21.40379992758381	38.733865797537284	24.113516950517678	28.741360775013852	24.95888828280836
ENSG00000161123	41.53317916324757	49.14946650037764	58.69977600245341	46.052864339923104	42.80628200533978	43.07421042355636
ENSG00000171659	332.26543330598054	406.87038195675524	289.50569797128384	135.19381634552536	359.1650899686128	207.3197978330049
ENSG00000179722	488.9221333537639	403.10489863616175	458.21763920282507	332.4502910718913	587.4652606637583	870.7431508986207
ENSG00000211879	257.8686220863769	168.2576494307283	215.432171111045	180.65372535059967	196.908897224563	536.2135353661408
ENSG00000242138	485.69625536050194	228.70356589288625	356.7908153618512	479.10791055782664	160.82931667720516	444.83179923392316
ENSG00000244727	2.4194084949464605	2.57638332461657	5.7901139594256765	2.7671248959610453	3.26143100993065	2.214094928313645
ENSG00000142408	10.887338227259072	6.5400499778728305	12.179205224998837	4.743642678790363	7.949738086705959	19.524291640583957
ENSG00000129664	136.69657996447503	341.6680655106897	410.8984320171739	352.80842423503327	263.1567146137793	247.1735065426505
ENSG00000226376	64.71917723981782	31.70933322605009	71.27829943155058	46.84347145305484	68.28621177042298	36.431925638615425
ENSG00000183943	24.79893707320122	26.952933242142578	19.366932898768642	25.497079398498204	25.276090326962535	16.907633998031468
ENSG00000234205	0.6048521237366151	0.9909166633140654	0.5989773061474838	0.5929553348487954	0.40767887624133126	0.805125428477689
ENSG00000204333	0.40323474915774343	0.3963666653256261	0.798636408196645	0.0	0.40767887624133126	1.0064067855971113
ENSG00000213309	210.0853043111843	172.81586608197298	95.63670988154824	71.35229196013837	112.11169096636608	178.3352824078081
ENSG00000205663	63.71109036692346	27.745666572793827	41.52909322622554	86.96678244449	50.14450177768374	45.08702399475058
ENSG00000143564	12.097042474732303	20.01651659894412	18.368637388522835	16.800401154049204	11.415008534757273	14.4922577125984
ENSG00000212700	23.58923282572799	8.323699971838147	8.984659592212257	7.9060711313172725	14.88027898280859	11.87560007004591
ENSG00000122734	1.6129389966309737	0.9909166633140654	1.397613714344129	0.7906071131317273	1.4268760668446592	1.0064067855971113
ENSG00000103657	135.68849309158065	34.08753321800384	62.69295804343663	63.841524385386975	52.998253911373055	67.22797327788703
ENSG00000104199	358.4756920012339	171.23039942067047	167.91330482334462	230.06666992133262	360.59196603545746	304.136130607447
ENSG00000228031	495.9787414640244	435.8051485255259	834.3753874634449	499.4660437209686	714.8649094891742	1429.9027609763757
ENSG00000220094	28.22643244104204	14.665566617048167	22.361819429506063	18.183963602029728	19.568586059583897	24.556325568569513
ENSG00000214097	11.290572976416815	10.107349965803467	15.573409959834578	19.567526050010247	28.537521336893185	24.95888828280836
ENSG00000133707	4.637199615314049	1.9818333266281307	3.19454563278658	2.7671248959610453	1.8345549430859904	3.8243457852690224
ENSG00000146007	275.2077163001599	385.07021536384576	191.87239706924396	268.6087666865043	388.11029018174736	378.61023274163324
ENSG00000117128	863.5272153213076	942.7581134770016	569.4277590442078	480.4914730058072	948.0572266992157	608.6748239291328
ENSG00000116542	8.26631235773374	6.143683312547205	5.590454857376516	5.7319015702050224	9.580453591671283	7.2461288562992
ENSG00000192056	59.07389075160941	28.340216570782268	29.349888001226706	45.459909005074316	62.374868064923675	45.69086806610885
ENSG00000104437	44.1542050327729	26.55656657681695	47.319207185651216	48.02938212275243	31.59511290870317	23.147356068733558
ENSG00000200266	7.661460233997124	9.116433302489401	4.79181844917987	5.7319015702050224	16.30715504965325	9.661505141732267
ENSG00000236661	0.20161737457887172	0.0	0.19965910204916126	0.39530355656586363	0.0	0.0
ENSG00000149951	14.11321622052102	9.909166633140654	16.172387265982064	24.706472285366477	8.765095839188621	13.888413641240135
ENSG00000189265	98.59089616906826	133.97193288006162	61.49500343114166	67.00395283791389	92.54310490678219	62.39722070702089
ENSG00000125569	1.4113216220521019	1.3872833286396915	2.395909224589935	1.5812142262634545	2.2422338193273217	1.610250856955378
ENSG00000153207	6.653373361102767	6.7382333105356444	3.394204734835742	6.324856905053818	5.299825391137306	9.661505141732267
ENSG00000133065	0.20161737457887172	0.0	0.3993182040983225	0.0	0.0	0.0
ENSG00000207731	185.08474986340423	435.4087818602003	159.72728163932902	394.5129494527319	335.9273940228569	554.1275761497694
ENSG00000193266	55.44477800918972	59.25681646618111	57.102503186060126	56.72606036720143	124.34205725360601	73.2664139914697
ENSG00000161362	27.21834556814768	29.529316566759146	30.14852440942335	60.08614059801127	15.69563673529125	26.77042049688316
ENSG00000171118	20.766589581623784	13.278283288408476	13.576818939342967	16.009794040917477	15.491797297170587	15.29738314107609
ENSG00000189235	5.242051739050664	5.747316647221579	7.187727673769805	10.673196027278317	6.115183143619968	11.67431871292649
ENSG00000118705	18.548798461256197	33.09661655468978	33.94204734835741	18.97457071516145	25.276090326962535	24.556325568569513
ENSG00000111445	15.927772591730864	11.098266629117532	15.972728163932901	25.694731176781133	13.249563477843264	19.9268543548228
ENSG00000137958	14.516450969678763	15.260116615036607	16.172387265982064	18.38161538031266	15.287957859049921	22.34223064025587
ENSG00000165839	34.87980580214481	23.98018325220038	17.969319184424513	21.7416956111225	30.16823684185851	20.128135711942225
ENSG00000187722	32.0571625580406	44.39306651647013	51.911366532781926	43.483391222245	29.76055796561718	26.569139139763735
ENSG00000226612	454.4455623007768	440.36336517677057	450.630593324957	539.3917029341209	859.7947499929676	300.9156288935363
ENSG00000212087	1.2097042474732302	1.1890999959768782	3.5938638368849025	0.5929553348487954	1.2230366287239935	1.2076881427165334
ENSG00000241645	41.53317916324757	19.02559993563005	31.54613812376748	70.56168484700665	94.37765984986818	65.41644106381223
ENSG00000151070	6.250138611945023	6.7382333105356444	11.180909714753032	9.487285357580726	8.561256401067956	5.635877999343823
ENSG00000171856	1.6129389966309737	4.558216651244701	4.592159347130709	6.127205126770886	3.669109886171981	1.8115322140748
ENSG00000124135	0.40323474915774343	0.19818333266281304	0.3993182040983225	0.19765177828293182	0.20383943812066563	0.20128135711942224
ENSG00000198946	138.91437108484263	86.40793304098649	97.23398269794153	96.65171958035366	119.24607130058938	108.08808877312974
ENSG00000158961	2.621025869525332	2.180016659290944	2.196250122540774	3.162428452526909	2.0383943812066563	2.6166576425524894
ENSG00000204816	3.6291127424196907	6.7382333105356444	2.5955683266390963	8.89433002273193	9.784293029791948	3.8243457852690224
ENSG00000165334	69.154759480553	100.47894966004623	39.931820409832255	69.77107773387493	87.03944007752422	63.00106477837915
ENSG00000179381	1.0080868728943586	2.774566657279383	3.5938638368849025	0.9882588914146591	3.057591571809984	3.220501713910756
ENSG00000117537	31.85554518346173	29.727499899421957	14.774773551637933	14.23092803637109	30.779755156220507	25.96529506840547
ENSG00000223757	34.07333630382932	26.160199911491322	17.969319184424513	16.009794040917477	19.160907183342566	22.946074711614138
ENSG00000239557	281.6594722866838	130.404632892131	114.20500637212025	181.83963602029726	115.16928253817606	150.5584551253278
ENSG00000196633	166.9391861513058	163.6994327794836	164.9184182926072	191.72222493444383	283.9483373020872	117.95087527198143
ENSG00000131578	11.693807725574558	5.747316647221579	2.395909224589935	7.115464018185545	4.688307076775309	4.226908499507867
ENSG00000212840	257.06215258806145	103.2535163173256	88.6486413098276	189.15275181676574	269.27189775739924	209.53389276131855
ENSG00000145219	18.145563712098454	23.781999919537565	28.151933388931738	16.009794040917477	24.664572012600537	17.10891535515089
ENSG00000232165	32.46039730719834	39.4384831998998	34.94034285860322	37.55383787375704	65.43245963673365	37.43833242421253
ENSG00000188662	23.992467574885733	18.034683272315988	24.957387756145156	10.673196027278317	15.491797297170587	12.076881427165334
ENSG00000110081	68.54990735681638	98.49711633341809	92.84148245285998	68.58516706417733	135.96090522648396	174.10837390830022
ENSG00000105112	5.040434364471793	1.5854666613025044	2.395909224589935	2.964776674243977	0.40767887624133126	2.8179389996719113
ENSG00000135681	57.0577170058207	42.411233189841994	32.74409273606244	44.86695367022552	43.82547919594311	51.326746065452674
ENSG00000125792	272.78830780521344	154.18663281166855	391.1321809143069	141.91397680714505	137.9992996076906	397.1281175966201
ENSG00000114157	21.3714417053604	14.665566617048167	12.77818253114632	19.567526050010247	15.69563673529125	7.648691570538045
ENSG00000119622	1443.3787846101427	1077.7209630203772	955.5684624072858	2199.864292289031	1777.8875792884455	2079.236419043632
ENSG00000234849	7.459842859418253	4.360033318581888	5.590454857376516	10.277892470712453	4.484467638654643	4.226908499507867
ENSG00000185645	36.29112742419691	49.34764983304046	43.326025144667994	41.309221661132746	46.47539189151176	24.95888828280836
ENSG00000100045	20.16173745788717	8.125516639175336	16.37204636803122	8.89433002273193	12.230366287239937	10.466630570209958
ENSG00000120974	5.443669113629536	6.7382333105356444	2.395909224589935	5.5342497919220905	7.949738086705959	5.635877999343823
ENSG00000235605	3.6291127424196907	3.1709333226050087	3.394204734835742	1.1859106696975907	1.4268760668446592	3.0192203567913336
ENSG00000177388	15.322920467994248	7.13459997586127	9.184318694261417	7.313115796468477	8.357416962947289	10.265349213090534
ENSG00000159908	14.516450969678763	27.15111657480539	21.163864817211092	21.346392054556635	25.4799297650832	22.54351199737529
ENSG00000226693	3.2258779932619475	5.549133314558766	4.392500245081548	5.336598013639159	5.299825391137306	8.655098356135156
ENSG00000230996	231.6583633911236	154.781182809657	131.57534825039727	196.26821583495126	144.31832218943126	133.85210248441578
ENSG00000133401	555.8591017139494	499.4219983102889	614.7503752093676	561.1333985452434	866.7252908890702	714.3475364168295
ENSG00000124841	0.8064694983154869	0.5945499979884391	1.59727281639329	0.5929553348487954	1.0191971906033281	0.0
ENSG00000129281	131.0512934762666	158.74484946291327	123.38932506638167	90.52451445358277	117.00383748126207	126.20341091387773
ENSG00000192261	21.573059079939274	56.87861647422734	29.549547103275867	26.287686511629932	52.38673559701106	40.45755278100387
ENSG00000156787	48.38816989892921	29.13294990143352	31.945456327865802	49.215292792450015	46.88307076775309	54.144685065124584
ENSG00000242443	6056.1826976001485	2746.4246240412635	3983.5984040848657	3312.643804021937	1513.3039886078213	4102.5166208080645
ENSG00000242637	342.1446846603453	391.8084486743814	290.30433437948045	432.46209088305477	391.1678817535573	367.94232081430386
ENSG00000110596	76.21136759081351	88.58794970027745	89.44727771802425	73.72411329953356	57.07504267378637	43.4767731377952
ENSG00000194826	36.694362173354655	30.520233230073213	30.348183511472513	33.996105864664266	23.23769594575588	66.82541056364818
ENSG00000238650	0.40323474915774343	0.3963666653256261	0.19965910204916126	0.39530355656586363	0.6115183143619968	0.4025627142388445
ENSG00000205323	129.23673710505676	149.43023282776105	104.02239216761302	71.74759551670424	176.11727453625508	186.99038076394328
ENSG00000166033	6.048521237366152	5.747316647221579	6.788409469671484	3.7553837873757043	9.376614153550618	10.064067855971112
ENSG00000233381	58.06580387871505	42.411233189841994	50.713411920486955	42.09982877426447	52.998253911373055	52.73571556528862
ENSG00000109821	32.662014681777215	27.15111657480539	27.35329698073509	46.448167896488975	32.81814953742716	28.58195271095796
ENSG00000135061	186.09283673629858	171.0322160880077	334.82831413644345	155.55194950866732	205.47015362563093	156.7981771960299
ENSG00000230337	2157.3059079939276	1114.7812462283237	782.464020930663	1902.2007141949355	1641.9266740619616	2454.827431428474
ENSG00000244776	363.9193611148634	125.64823290822348	232.40319478522372	198.64003717434645	95.60069647859217	162.0314924811349
ENSG00000237821	235.48909350812215	465.9290150902735	264.54831021513866	335.8103713027011	740.7525181304989	380.01920224146915
ENSG00000178077	20.766589581623784	24.376549917526006	34.14170645040657	9.88258891414659	9.172774715429952	25.361450997047204
ENSG00000236051	101.01030466401473	92.15524968820807	73.67420865614051	45.064605448508445	38.32181436668513	95.00480056036729
ENSG00000166181	128.83350235589904	99.48803299673216	173.30410057867198	120.96288830915427	104.56963175590145	114.32781084383184
ENSG00000129172	1.6129389966309737	2.180016659290944	1.1979546122949676	2.7671248959610453	2.8537521336893183	1.2076881427165334
ENSG00000126159	1840.7666299050989	1790.9827772738417	1475.8800823474	2266.077638013813	1702.4669871837993	1957.0586352721425
ENSG00000212646	4.032347491577434	9.116433302489401	6.788409469671484	8.499026466166066	9.580453591671283	10.064067855971112
ENSG00000126524	4.233964866156306	0.5945499979884391	3.394204734835742	4.743642678790363	2.8537521336893183	4.226908499507867
ENSG00000188056	709.8947758922073	956.6309467633987	948.380734733516	883.7011007029881	1389.9811285448188	497.7687961563312
ENSG00000212348	2625.0582170169096	2007.2007932089705	1908.7410155899815	1329.9988160658481	2364.537482199721	1361.8696622700108
ENSG00000138191	8.26631235773374	4.558216651244701	3.394204734835742	4.941294457073295	9.172774715429952	6.23972207070209
ENSG00000222648	3.2258779932619475	14.467383284385354	7.786704979917289	5.7319015702050224	5.911343705499302	8.453816999015734
ENSG00000138997	9014.716052170512	14709.959683564637	7558.694285377147	8971.216564483992	16083.747025472998	10684.81956132741
ENSG00000155304	31.250693059725116	35.67299987930635	54.50693485942102	22.334650945971294	34.85654391863382	44.28189856627289
ENSG00000167077	0.40323474915774343	0.9909166633140654	0.798636408196645	0.19765177828293182	0.0	0.805125428477689
ENSG00000193451	4.838816989892921	8.125516639175336	8.785000490163096	8.499026466166066	7.745898648585293	13.48585092700129
ENSG00000106347	1546.0020282707883	1570.4047280201305	2393.9126335694436	1603.5488772094257	1813.7633203976827	1173.4703120062316
ENSG00000127130	125.40600698805821	91.164333024894	115.00364278031688	123.33470964854943	88.87399502061021	82.12279370472427
ENSG00000229134	186.69768886003519	152.00661615237763	110.41148343318618	165.03923486624805	171.8366463357211	138.28029234104307
ENSG00000147968	146.97906606799748	328.58796555494405	275.3299017257934	293.5128907501537	398.5061015259013	195.84676047719785
ENSG00000213704	164.31816028178045	47.762183171737945	140.36034874056037	146.65761948593538	97.23141198355749	101.04324127394997
ENSG00000135844	15.524537842573121	10.900083296454717	13.177500735244642	8.103722909600203	11.211169096636608	14.4922577125984
ENSG00000247584	0.0	0.7927333306512522	2.395909224589935	1.7788660045463862	1.4268760668446592	2.4153762854330667
ENSG00000121516	50.001108895560186	62.03138312346049	96.03602808564656	75.8982828606458	48.106107396477086	34.21783071030178
ENSG00000105991	2.8226432441042038	1.7836499939653174	5.191136653278193	5.138946235356227	5.707504267378637	3.421783071030178
ENSG00000111894	22.984380701991373	7.927333306512523	17.570000980326192	30.438373855571495	44.84467638654643	25.764013711286047
ENSG00000220155	1478.4602077868662	964.3600967372483	932.4080065695831	1122.0691453122038	1250.147273994042	478.2445045157472
ENSG00000204067	78.83239346033884	110.58629962584969	88.24932310572927	121.35819186572013	89.07783445873088	46.69727485170596
ENSG00000176201	46.37199615314049	40.82576652853949	37.73557028729148	23.718213393951817	32.6143100993065	16.3037899266732
ENSG00000220001	28.629667190199783	19.818333266281307	53.50863934917522	29.45011496415684	30.372076279979176	18.719166212106266
ENSG00000168498	157.4631695460988	143.28654951521384	166.71535021104964	164.0509759748334	230.54240451447282	92.38814291781482
ENSG00000114587	285.6918197782612	171.82494941865892	163.3211454762139	98.82588914146591	293.73263033187914	239.1222522578736
ENSG00000142140	2.016173745788717	2.9727499899421956	1.59727281639329	1.9765177828293181	1.2230366287239935	0.6038440713582667
ENSG00000244954	85.68738419602047	39.4384831998998	36.337956572947355	27.671248959610452	31.3912734705825	47.90496299442249
ENSG00000102022	1011.5143682621995	720.3964142293254	932.0086883654848	627.3467442700256	808.8348904628011	1383.8093301960278
ENSG00000169961	136.69657996447503	112.17176628715218	110.61114253523535	94.67520179752432	161.44083499156716	98.02402091715862
ENSG00000236696	9.274399230628099	3.567299987930635	3.394204734835742	2.964776674243977	5.299825391137306	4.830752570866133
ENSG00000145534	9.47601660520697	9.314616635152214	9.58363689835974	6.917812239902613	6.115183143619968	3.6230644281496
ENSG00000235473	0.6048521237366151	0.0	0.5989773061474838	0.7906071131317273	0.8153577524826625	0.4025627142388445
ENSG00000122833	5.040434364471793	6.341866645210017	4.592159347130709	3.5577320090927724	6.5228620198613	4.226908499507867
ENSG00000230588	657.6758758762795	474.2527150621117	409.1015000987314	872.434949340861	884.2554825674474	730.0474822721445
ENSG00000213948	20.564972207044917	40.82576652853949	13.177500735244642	24.904124063649405	24.053053698238543	32.40629849622698
ENSG00000154734	4.838816989892921	9.116433302489401	4.991477551229032	3.162428452526909	5.299825391137306	4.42818985662729
ENSG00000114604	9.677633979785842	7.13459997586127	10.981250612703871	8.89433002273193	8.153577524826625	14.4922577125984
ENSG00000160400	17.74232896294071	20.214699931606933	22.1621603274569	14.428579814654022	20.995462126428556	26.36785778264431
ENSG00000236662	27.419962942726553	21.601983260246623	25.15704685819432	21.346392054556635	34.85654391863382	29.387078139435648
ENSG00000138097	17.339094213782964	21.007433262258182	11.380568816802192	18.579267158595588	11.007329658515943	18.719166212106266
ENSG00000228692	5.443669113629536	4.360033318581888	4.592159347130709	12.056758475258839	7.134380334223296	10.466630570209958
ENSG00000157085	148.7936224392073	89.3806830309287	87.45068669753263	66.21334572478214	114.35392478569341	100.03683448835285
ENSG00000216036	428.8401557292601	510.3220816067436	719.5714037851772	561.1333985452434	220.96195092280152	662.2156649228991
ENSG00000104848	7.661460233997124	9.116433302489401	8.585341388113935	11.463803140410045	14.676439544687923	4.830752570866133
ENSG00000148221	10.484103478101328	6.341866645210017	3.793522938934064	7.313115796468477	3.669109886171981	8.05125428477689
ENSG00000192794	302.8292966174653	449.47979847926	401.11513601676495	279.08431093549973	314.5242530201871	206.3133910474078
ENSG00000101073	1.6129389966309737	1.3872833286396915	0.5989773061474838	1.3835624479805226	1.2230366287239935	1.0064067855971113
ENSG00000147468	7.2582254848393815	11.098266629117532	8.984659592212257	9.091981801014864	7.542059210464627	5.635877999343823
ENSG00000117189	19.9601200833083	9.909166633140654	12.378864327048	14.626231592936954	8.357416962947289	21.134542497539336
ENSG00000122608	27.621580317305426	38.24938320392292	41.92841143032387	34.193757642947205	32.206631223065166	39.65242735252618
ENSG00000163454	12.097042474732303	20.412883264269745	11.979546122949674	11.068499583844181	30.575915718099843	11.67431871292649
ENSG00000197082	1.6129389966309737	7.72914997384971	3.793522938934064	2.7671248959610453	3.8729493242926467	3.220501713910756
ENSG00000201336	88.10679269096694	50.73493316168014	69.48136751310811	17.195704710615065	40.15636930977112	68.8382241348424
ENSG00000198372	1.4113216220521019	1.9818333266281307	2.5955683266390963	3.9530355656586362	1.8345549430859904	3.220501713910756
ENSG00000102704	1.4113216220521019	0.19818333266281304	0.9982955102458063	1.1859106696975907	0.20383943812066563	1.2076881427165334
ENSG00000100182	0.20161737457887172	0.7927333306512522	0.9982955102458063	0.7906071131317273	0.0	0.0
ENSG00000163372	91.13105330965001	136.5483162046782	88.44898220777844	86.57147888792413	225.6502579995768	151.96742462516377
ENSG00000189559	0.6048521237366151	1.7836499939653174	1.9965910204916126	0.7906071131317273	1.2230366287239935	0.6038440713582667
ENSG00000108603	66.53373361102766	56.08588314357609	97.23398269794153	62.655613715689384	92.95078378302352	133.44953977017693
ENSG00000204504	54.839925885453106	68.76961643399612	64.09057175778076	68.58516706417733	80.72041749578358	172.69940440846426
ENSG00000225870	135.68849309158065	178.56318272919455	121.39273404589005	266.632248903675	136.7762629789666	77.8958852052164
ENSG00000161999	23.185998076570247	17.44013327432755	16.37204636803122	13.24266914495643	18.957067745221902	14.4922577125984
ENSG00000161236	8.669547106891482	8.52188330450096	10.981250612703871	10.673196027278317	9.988132467912616	7.2461288562992
ENSG00000214840	40.32347491577434	45.78034984510982	37.33625208319316	34.984364756078925	29.76055796561718	25.361450997047204
ENSG00000249318	8.467929732312612	10.30553329846628	15.972728163932901	6.324856905053818	6.319022581740634	14.693539069717824
ENSG00000229402	0.8064694983154869	2.774566657279383	2.395909224589935	3.162428452526909	2.8537521336893183	1.2076881427165334
ENSG00000207851	284.8853502799457	482.18004836862417	278.3247882565308	335.0197641895694	539.7668321435225	204.09929611909416
ENSG00000115776	2.4194084949464605	4.360033318581888	6.988068571720644	5.7319015702050224	4.892146514895974	3.8243457852690224
ENSG00000121834	1600.4387194070837	1313.9554955544506	1193.1627938457877	866.5053959923731	808.4272115865598	869.3341813987847
ENSG00000176893	89.1148795638613	123.66639958159536	78.46602710532038	52.77302480154279	63.19022581740634	43.27549178067578
ENSG00000247389	10.282486103522459	9.710983300477839	13.776478041392128	14.23092803637109	9.988132467912616	13.888413641240135
ENSG00000118281	75.00166334334028	50.33856649635452	83.25784555450025	85.97852355307533	94.17382041174751	37.23705106709312
ENSG00000221062	287.1031414003133	317.6878822584893	320.85217699300216	335.21741596785233	321.0471150400483	329.2963002473748
ENSG00000224208	1.0080868728943586	1.9818333266281307	1.59727281639329	0.39530355656586363	1.630715504965325	2.0128135711942226
ENSG00000158274	5.6452864882084075	5.549133314558766	4.991477551229032	2.3718213393951815	3.4652704480513155	5.635877999343823
ENSG00000150725	3.6291127424196907	2.180016659290944	3.9931820409832253	5.5342497919220905	3.26143100993065	2.0128135711942226
ENSG00000185518	44.960674531088394	34.48389988332947	60.496707920895865	24.31116872880061	33.83734672803049	38.0421764955708
ENSG00000229897	76.61460233997124	43.203966520493246	50.11443461433947	65.62039038993336	58.29807930251036	32.40629849622698
ENSG00000211914	45.76714402940388	26.160199911491322	34.14170645040657	40.91391810456688	32.002791784944506	38.847301924048494
ENSG00000226848	5.443669113629536	9.710983300477839	5.390795755327353	4.743642678790363	2.8537521336893183	5.032033927985556
ENSG00000164128	15.322920467994248	11.098266629117532	14.774773551637933	4.3483391222245	9.988132467912616	4.6294712137467116
ENSG00000107904	280.2481506646317	169.44674942670517	401.9137724249616	280.46787338348025	275.3870809010192	277.16442875344444
ENSG00000142122	220.1661730401279	282.80761570983424	270.1387650725152	282.04908760974365	246.0342018116434	236.90815732955997
ENSG00000168626	19.9601200833083	30.91659989539884	47.319207185651216	39.92565921315223	33.429667851789155	31.39989171062987
ENSG00000102550	3.024260618683076	3.1709333226050087	1.397613714344129	3.3600802308098405	0.6115183143619968	2.214094928313645
ENSG00000130521	85.08253207228387	121.09001625697877	68.083753798764	85.1879164399436	77.86666536209427	112.51627862975704
ENSG00000103081	36.089510049618035	51.52766649233139	50.11443461433947	47.04112323133777	36.69109886171981	50.92418335121383
ENSG00000215570	26.613493444411066	53.31131648629672	60.696367022945026	29.252463185873907	45.45619470090843	57.9690308503936
ENSG00000162106	750.8231029317183	1214.863829223044	673.8494694159192	1042.8107822207483	733.0066194819135	777.5498825523281
ENSG00000117049	238.1101193776475	69.95871642997301	174.90137339506526	181.44433246373137	158.58708285787782	216.57874026049834
ENSG00000177670	5.443669113629536	3.567299987930635	4.192841143032387	4.743642678790363	2.2422338193273217	4.830752570866133
ENSG00000144731	4.435582240735178	4.756399983907513	3.19454563278658	3.7553837873757043	5.0959859530166405	3.220501713910756
ENSG00000192790	767.7589623963435	498.4310816469748	629.9244669651038	423.56776086032284	309.4282670671704	439.59848394881817
ENSG00000235426	40.72670966493209	47.762183171737945	63.890912655731604	67.39925639447974	45.45619470090843	29.588359496555068
ENSG00000164540	194.96400121776895	170.43766609001923	163.72046368031224	141.51867325057916	101.71587962221214	129.2226312706691
ENSG00000225316	13.709981471363276	13.080099955745661	27.35329698073509	37.158534317191176	25.4799297650832	28.380671353838537
ENSG00000178383	6.250138611945023	4.756399983907513	4.192841143032387	2.7671248959610453	3.8729493242926467	6.441003427821512
ENSG00000226756	45.36390928024613	106.62263297259344	67.0854582885182	55.73780147578677	23.849214260117876	46.69727485170596
ENSG00000205874	1205.0670478579161	1103.0884296012175	1267.4359798080757	893.5836896171346	1160.050242344708	315.00532389189584
ENSG00000147076	36.89597954793352	48.95128316771483	69.88068571720645	72.14289907327012	45.0485158246671	77.8958852052164
ENSG00000142760	3.2258779932619475	6.5400499778728305	0.3993182040983225	4.545990900507432	3.26143100993065	4.830752570866133
ENSG00000156903	20.968206956202657	13.872833286396913	21.563183021309413	28.264204294459248	16.510994487773914	21.939667926017023
ENSG00000182473	9.274399230628099	7.72914997384971	10.781591510654707	6.522508683336749	14.676439544687923	5.837159356463245
ENSG00000242842	25.202171822358963	31.11478322806165	38.53420669548812	50.99415879699641	43.417800319701776	36.83448835285427
ENSG00000229635	184.68151511424648	251.09828248378415	344.212291932754	276.9101413743875	201.18952542509695	292.05924918028165
ENSG00000242988	1359.102722036174	1853.8068937279534	2180.077735274792	1491.0850153664376	832.684104722919	2410.5455328622006
ENSG00000208564	65.5256467381333	62.62593312144893	37.33625208319316	39.135052100020495	46.47539189151176	39.048583281167915
ENSG00000245364	10.484103478101328	14.467383284385354	13.776478041392128	14.23092803637109	21.40314100266989	9.258942427493423
ENSG00000217781	25.000554447780093	50.53674982901733	33.34307004220993	23.718213393951817	35.67190167111648	30.997328996391026
ENSG00000135769	40.525092290353214	41.22213319386512	30.348183511472513	19.567526050010247	51.97905672076973	33.613986638943516
ENSG00000121713	13.10512934762666	10.30553329846628	13.177500735244642	17.393356488898	16.103315611532583	12.680725498523602
ENSG00000248907	60.686829748240385	43.203966520493246	40.93011592007806	21.346392054556635	50.3483412158044	34.62039342454062
ENSG00000129965	25.202171822358963	21.601983260246623	56.90284408401096	31.228980968703226	34.245025604271824	46.89855620882538
ENSG00000247381	1.4113216220521019	3.9636666532562614	3.9931820409832253	2.3718213393951815	3.669109886171981	3.8243457852690224
ENSG00000121558	93.95369655375421	97.30801633744122	50.713411920486955	159.90028863089182	79.49738086705959	114.52909220095125
ENSG00000227659	7.05660811026051	15.45829994769942	6.788409469671484	22.92760628082009	15.899476173411918	22.34223064025587
ENSG00000145511	7.863077608575996	6.341866645210017	4.592159347130709	3.3600802308098405	5.911343705499302	2.4153762854330667
ENSG00000177445	126.21247648637369	71.3459997586127	89.24761861597509	149.8200479384623	39.34101155728846	75.88307163402219
ENSG00000228854	11.290572976416815	13.278283288408476	13.776478041392128	9.88258891414659	14.268760668446593	20.128135711942225
ENSG00000139969	1036.9181574591373	1097.142929621333	792.6466351351702	837.2529328064991	1666.7950855126826	999.1606567408119
ENSG00000113647	52.21890001592777	78.48059973447398	139.5617123323637	111.47560295157353	76.23594985712894	99.83555313123344
ENSG00000240951	33.26686680551383	76.30058307518303	41.12977502212722	35.77497186921066	33.225828413668495	58.975437635990716
ENSG00000245370	7.2582254848393815	8.125516639175336	4.192841143032387	8.499026466166066	6.5228620198613	4.830752570866133
ENSG00000174311	7.05660811026051	7.332783308524084	16.77136457212955	8.696678244449	24.460732574479874	21.939667926017023
ENSG00000217900	94.96178342664858	122.67548291828128	72.67591314589471	104.36013893338799	190.3860352047017	127.41109905659427
ENSG00000123139	9.47601660520697	5.747316647221579	5.590454857376516	4.743642678790363	10.803490220395277	12.278162784284756
ENSG00000231143	122.18012899479626	137.93559953331788	108.61455151474374	210.1038403147565	148.8027898280859	170.68659083727005
ENSG00000130391	0.8064694983154869	0.19818333266281304	0.3993182040983225	0.39530355656586363	0.40767887624133126	0.6038440713582667
ENSG00000246893	47.17846565145598	61.83319979079768	79.86364081966451	35.37966831264479	36.079580547357814	47.30111892306422
ENSG00000228124	147.18068344257637	135.35921620870133	126.58387069916824	244.09994617942075	207.10086913059627	274.5477711108919
ENSG00000241217	77.62268921286561	87.79521636962619	44.92329796106129	38.344444986888774	49.94066233956307	106.07527520193551
ENSG00000112850	25.000554447780093	40.42939986321387	38.1348884913898	35.57732009092772	32.6143100993065	38.24345785269023
ENSG00000131161	262.9090564508487	367.0355320915298	148.34671282252683	233.0314465955766	226.05793687581814	211.7479876896322
ENSG00000210219	4.435582240735178	10.30553329846628	4.79181844917987	5.336598013639159	6.319022581740634	4.830752570866133
ENSG00000181687	4.838816989892921	4.756399983907513	3.9931820409832253	3.5577320090927724	5.299825391137306	5.032033927985556
ENSG00000115576	41.129944414089834	67.77869977068207	59.298753308600894	42.297480552547405	39.748690433529795	51.125464708333254
ENSG00000183768	326.82176419235105	613.3774145914064	273.1336516032526	617.068851799313	298.2170979705338	340.97061896030124
ENSG00000231731	68.95314210597412	85.41701637767243	98.4319373102365	96.84937135863659	91.52390771617885	71.05231906315605
ENSG00000186430	17.540711588361837	14.863749949710979	12.179205224998837	24.113516950517678	24.25689313635921	16.907633998031468
ENSG00000236466	102.82486103522457	43.203966520493246	42.92670694056967	36.960882538908244	57.27888211190703	36.63320699573485
ENSG00000103379	67.7434378585009	65.2023164460655	69.28170841105896	61.865006602557656	75.82827098088761	99.63427177411401
ENSG00000175065	2.621025869525332	3.9636666532562614	2.5955683266390963	2.964776674243977	2.649912695568653	2.4153762854330667
ENSG00000200227	0.20161737457887172	0.0	0.0	0.0	0.0	0.20128135711942224
ENSG00000208840	4.435582240735178	3.3691166552678222	3.793522938934064	3.5577320090927724	1.630715504965325	4.226908499507867
ENSG00000111864	2.8226432441042038	1.3872833286396915	2.196250122540774	3.3600802308098405	2.0383943812066563	2.4153762854330667
ENSG00000186864	16.935859464625224	11.494633294443158	4.79181844917987	13.440320923239362	13.861081792205262	8.655098356135156
ENSG00000248096	4.233964866156306	1.9818333266281307	2.5955683266390963	2.3718213393951815	2.446073257447987	3.421783071030178
ENSG00000224614	6.451755986523895	0.5945499979884391	6.189432163524	3.9530355656586362	3.8729493242926467	8.05125428477689
ENSG00000134651	111.09117339295831	124.4591329122466	105.6196649840063	64.43447972023577	56.05584548318304	87.95995306118752
ENSG00000190163	29.637754063094143	30.3220498974104	45.72193436925793	48.62233745760122	43.621639757822436	47.90496299442249
ENSG00000181571	62.098151370292484	30.3220498974104	29.749206205325027	30.240722077288567	30.16823684185851	19.121728926345114
ENSG00000209846	1034.7003663387695	1012.9150132396376	578.013100432322	838.0435399196308	896.2820094165667	1514.6422123236525
ENSG00000110996	7.863077608575996	13.476466621071289	12.57852342909716	16.009794040917477	11.61884797287794	13.083288212762445
ENSG00000231557	17.94394633751958	14.665566617048167	21.962501225407742	13.045017366673498	15.899476173411918	24.15376285433067
ENSG00000102048	222.38396416049548	273.492999074682	584.6018507999441	658.9710287952946	420.1130819666918	399.1409311678143
ENSG00000209351	2.8226432441042038	4.756399983907513	3.793522938934064	3.9530355656586362	3.26143100993065	5.4345966422244
ENSG00000123758	0.8064694983154869	1.1890999959768782	0.9982955102458063	0.39530355656586363	0.20383943812066563	0.805125428477689
ENSG00000125347	483.8816989892921	254.46739913905196	620.7401482708424	526.7419891240132	459.25025408585964	482.06885030101625
ENSG00000148008	75.00166334334028	54.10404981694796	88.44898220777844	81.23488087428497	51.16369896828707	96.81633277444209
ENSG00000147433	148.7936224392073	45.582166512447	60.097389716797544	103.56953182025626	133.10715309279465	233.68765561564922
ENSG00000128453	127.6237981084258	62.427749788786116	89.84659592212257	131.24078077986672	141.26073061762128	121.77522105725046
ENSG00000112574	288.7160803969443	326.2097655629903	287.7087660528414	206.15080474909786	107.8310627658321	296.6887203940284
ENSG00000204444	10.887338227259072	12.089183292431597	7.587045877868128	9.88258891414659	14.472600106567258	6.843566142060356
ENSG00000175263	25.202171822358963	16.052849945687857	24.558069552046835	39.53035565658636	14.676439544687923	33.01014256758525
ENSG00000206122	2.8226432441042038	4.161849985919074	2.395909224589935	1.5812142262634545	3.669109886171981	3.421783071030178
ENSG00000167258	47.380083026034846	36.465733209957605	31.54613812376748	32.41489163840081	49.125304587080414	72.66256992011144
ENSG00000172591	106.65559115222314	36.26754987729479	66.4864809823707	19.76517782829318	51.16369896828707	116.34062441502606
ENSG00000148495	17.94394633751958	16.251033278350672	24.957387756145156	11.463803140410045	14.472600106567258	17.31019671227031
ENSG00000183215	144.35804019847214	239.603649189341	80.46261812581199	152.9824763909892	175.50575622189308	161.62892976689605
ENSG00000196383	10840.361378982194	16330.901161413783	7645.545994768532	10083.600772660331	8031.0700225161045	11887.073107401719
ENSG00000109871	4.435582240735178	3.765483320593448	3.9931820409832253	1.9765177828293181	4.688307076775309	2.8179389996719113
ENSG00000248950	245.77157961164463	90.9661496922312	210.04137535571766	200.023599622327	145.54135881815523	238.31712682939593
ENSG00000212478	325.6120599448778	243.76549917526006	153.7375085778542	215.6380901066786	225.8540974376975	218.79283518881198
ENSG00000223547	343.35438890781853	209.87614928991903	265.14728752128616	580.8985763735365	303.72076279979177	245.965818399934
ENSG00000157766	7.863077608575996	9.512799967815026	5.989773061474837	7.115464018185545	8.357416962947289	4.025627142388445
ENSG00000199748	278.231976918843	341.2716988453641	249.17455935735325	538.0081404861404	377.10296052323133	470.7970943023286
ENSG00000132980	70.16284635344735	114.35178294644312	80.66227722786114	107.72021916419784	120.06142905307205	114.32781084383184
ENSG00000131584	22.984380701991373	37.06028320794604	37.53591118524231	32.61254341668375	19.160907183342566	28.58195271095796
ENSG00000206566	23.387615451149117	25.36746658084007	22.761137633604385	29.054811407590975	13.0457240397226	23.549918782972405
ENSG00000106864	42.7428834107208	41.42031652652793	70.87898122745224	60.87674771114299	39.13717211916779	56.157498636318806
ENSG00000105746	188.31062785666617	241.58548251596912	321.0518360950513	234.81031260012298	430.7127327489664	317.6219815344483
ENSG00000142921	308.47458310567373	271.9075324133795	258.9578553577621	166.81810087079444	201.18952542509695	220.40308604576737
ENSG00000166486	3673.4685648270424	4462.295918235898	4740.905378157335	3158.080113404684	2424.670116445317	5270.552336172072
ENSG00000183963	20.16173745788717	27.94384990545664	18.568296490572	21.544043832839566	17.122512802135912	19.72557299770338
ENSG00000175111	160.48743016478187	146.65566617048165	132.17432555654477	126.1018345445105	121.28446568179604	71.05231906315605
ENSG00000100079	24.79893707320122	17.836499939653176	13.976137143441289	10.87084780556125	21.40314100266989	16.706352640912044
ENSG00000180293	225.00499003002082	193.22874934624272	141.158985148757	218.8005185592055	192.42442958590834	189.40575704937632
ENSG00000180945	45.76714402940388	35.67299987930635	48.71682089999535	37.75148965203997	54.22129054009706	33.21142392470467
ENSG00000172188	14.718068344257635	9.116433302489401	9.383977796310578	21.346392054556635	17.734031116497906	8.252535641896312
ENSG00000233865	0.8064694983154869	2.774566657279383	3.5938638368849025	3.3600802308098405	5.707504267378637	2.8179389996719113
ENSG00000189204	6.250138611945023	8.323699971838147	6.588750367622321	7.510767574751409	10.803490220395277	5.837159356463245
ENSG00000203251	45.16229190566726	100.87531632537184	38.1348884913898	75.30532752579703	34.448865042392484	98.42658363139748
ENSG00000117017	1030.4664014726131	900.9414302851482	610.7571931683842	570.0277285679754	706.507492526227	539.8365997942905
ENSG00000140244	197.18179233813652	254.86376580437758	179.8928509462943	153.77308350412093	189.36683801409836	249.79016418520297
ENSG00000109096	1.2097042474732302	3.9636666532562614	3.793522938934064	0.9882588914146591	1.630715504965325	2.6166576425524894
ENSG00000192035	10.6857208526802	9.314616635152214	13.976137143441289	21.7416956111225	15.69563673529125	9.86278649885169
ENSG00000112291	55.24316063461085	33.29479988735259	36.337956572947355	31.031329190420294	25.07225088884187	49.91777656561672
ENSG00000180958	38.30730116998562	76.49876640784584	28.151933388931738	41.90217699598154	30.372076279979176	48.911369780019605
ENSG00000240753	36.694362173354655	46.17671651043544	26.155342368440127	48.62233745760122	39.95252987165046	19.323010283464534
ENSG00000117328	161.29389966309736	114.15359961378032	135.36887118933134	122.74175431370064	246.23804124976405	160.82380433841837
ENSG00000174941	36.694362173354655	43.402149853156054	46.12125257335625	54.551890806089176	63.59790469364767	44.08061720915347
ENSG00000162451	3.6291127424196907	8.720066637163775	7.587045877868128	8.89433002273193	12.841884601601933	7.044847499179779
ENSG00000147316	0.20161737457887172	0.7927333306512522	0.9982955102458063	1.1859106696975907	0.20383943812066563	0.20128135711942224
ENSG00000199476	10.282486103522459	17.241949941664735	18.168978286473678	16.998052932332133	8.765095839188621	16.3037899266732
ENSG00000225034	0.6048521237366151	0.5945499979884391	0.9982955102458063	1.7788660045463862	2.2422338193273217	1.2076881427165334
ENSG00000155925	15.121303093415378	22.196533258235064	19.566592000817806	19.76517782829318	19.364746621463233	31.198610353510446
ENSG00000183153	64.71917723981782	69.36416643198457	59.298753308600894	72.34055085155305	63.59790469364767	79.7074174192912
ENSG00000201252	1.2097042474732302	2.774566657279383	0.5989773061474838	0.5929553348487954	2.0383943812066563	1.610250856955378
ENSG00000231082	11.290572976416815	30.3220498974104	15.373750857785415	27.07829362476166	6.7267014579819655	17.10891535515089
ENSG00000188389	14.718068344257635	31.70933322605009	19.965910204916128	16.40509759748334	15.69563673529125	20.731979783300492
ENSG00000231399	1350.6347923038616	1180.974479337703	1543.1651997379674	1496.6192651583594	674.0970218650411	859.0688321856941
ENSG00000138142	101.41353941317247	33.29479988735259	107.41659690244876	53.56363191467452	84.18568794383489	76.8894784196193
ENSG00000104722	0.8064694983154869	0.3963666653256261	0.19965910204916126	0.0	0.40767887624133126	0.20128135711942224
ENSG00000149675	40.32347491577434	29.13294990143352	54.70659396147018	25.892382955064065	95.19301760235085	92.58942427493423
ENSG00000108947	53.83183901255875	91.56069969021964	49.91477551229031	68.9804706207432	77.45898648585293	71.65616313451432
ENSG00000123347	9.274399230628099	10.701899963791904	22.1621603274569	23.12525805910302	22.218498755152552	18.92044756922569
ENSG00000206038	15.322920467994248	9.710983300477839	7.387386775818967	11.266151362127111	21.40314100266989	13.888413641240135
ENSG00000103875	95.76825292496406	63.02229978677455	62.09398073728915	147.64587837735007	90.91238940181687	29.588359496555068
ENSG00000124830	53.428604263401006	87.20066637163774	128.38080261761067	75.30532752579703	72.77067940907762	79.50613606217179
ENSG00000233637	63.71109036692346	70.35508309529864	82.25955004425444	22.334650945971294	80.92425693390425	57.365186779035334
ENSG00000197973	4.233964866156306	2.3781999919537564	5.191136653278193	1.1859106696975907	4.280628200533978	2.8179389996719113
ENSG00000208709	13.10512934762666	29.331133234096335	16.172387265982064	12.254410253541772	14.88027898280859	17.10891535515089
ENSG00000115192	0.6048521237366151	1.1890999959768782	1.1979546122949676	0.5929553348487954	2.2422338193273217	1.610250856955378
ENSG00000178075	1.6129389966309737	0.9909166633140654	1.397613714344129	0.5929553348487954	1.2230366287239935	1.0064067855971113
ENSG00000249788	10.282486103522459	8.52188330450096	5.590454857376516	2.964776674243977	7.134380334223296	11.67431871292649
ENSG00000196771	2.217791120367589	3.9636666532562614	2.196250122540774	4.3483391222245	1.8345549430859904	3.0192203567913336
ENSG00000153852	11.088955601837945	15.656483280362233	10.382273306556385	6.324856905053818	8.968935277309287	7.447410213418623
ENSG00000129795	3066.3986499700595	4606.77156774709	2019.7514763293152	3421.1546302992665	2061.8359165905326	3123.4840997791944
ENSG00000229208	49.79949152098131	88.19158303495182	64.09057175778076	73.72411329953356	43.82547919594311	75.48050891978333
ENSG00000246056	1.8145563712098454	4.756399983907513	2.795227428688258	1.9765177828293181	2.0383943812066563	2.6166576425524894
ENSG00000117734	1.0080868728943586	0.19818333266281304	0.3993182040983225	0.5929553348487954	0.0	0.0
ENSG00000173661	11.290572976416815	4.161849985919074	4.392500245081548	5.7319015702050224	7.338219772343962	6.642284784940934
ENSG00000243463	1.2097042474732302	0.9909166633140654	1.7969319184424513	1.1859106696975907	1.8345549430859904	1.8115322140748
ENSG00000207601	0.40323474915774343	0.19818333266281304	0.798636408196645	0.5929553348487954	0.40767887624133126	1.0064067855971113
ENSG00000162333	143.95480544931442	79.07514973246242	178.8945554360485	61.865006602557656	108.03490220395277	82.12279370472427
ENSG00000137324	7.863077608575996	7.13459997586127	8.18602318401561	5.336598013639159	10.395811344153946	11.67431871292649
ENSG00000160718	53.02536951424326	60.842283127483604	52.90966204302774	73.52646152125064	61.76334975056168	35.82808156725716
ENSG00000245483	15673.734699761486	8954.121153038557	11257.978128144008	15992.005380872011	8775.491650532775	8852.55536746931
ENSG00000186900	31.65392780888286	37.456649873271665	39.13318400163561	46.6458196747719	38.93333268104713	46.69727485170596
ENSG00000108467	20.16173745788717	21.601983260246623	27.552956082784256	22.334650945971294	35.46806223299581	18.316603497867426
ENSG00000109334	17.339094213782964	46.96944984108669	35.339661062701545	38.5420967651717	48.106107396477086	52.73571556528862
ENSG00000236430	15.927772591730864	6.936416643198457	10.981250612703871	10.475544248995385	13.861081792205262	11.070474641568223
ENSG00000126723	3.6291127424196907	3.567299987930635	3.5938638368849025	3.3600802308098405	2.8537521336893183	2.6166576425524894
ENSG00000174122	15.524537842573121	10.503716631129091	7.786704979917289	12.649713810107636	14.472600106567258	17.511478069389735
ENSG00000120642	134.27717146952855	102.26259965401154	247.17796833686165	134.60086101067657	204.24711699690693	221.20821147424505
ENSG00000139482	15.927772591730864	10.701899963791904	15.972728163932901	16.40509759748334	16.510994487773914	10.466630570209958
ENSG00000217076	0.6048521237366151	1.7836499939653174	2.5955683266390963	1.3835624479805226	0.8153577524826625	1.2076881427165334
ENSG00000116036	1.6129389966309737	0.3963666653256261	2.9948865307374186	2.3718213393951815	3.8729493242926467	1.4089694998359557
ENSG00000127606	1.6129389966309737	3.1709333226050087	1.59727281639329	0.9882588914146591	2.0383943812066563	2.8179389996719113
ENSG00000131169	26.815110818989936	22.59289992356069	16.172387265982064	16.009794040917477	12.230366287239937	17.91404078362858
ENSG00000170492	87.30032319265146	56.680433141564535	77.66739069712372	77.87480064347513	100.90052186972947	47.30111892306422
ENSG00000137075	50.80757839387567	90.76796635956838	52.71000294097857	72.93350618640184	52.59057503513172	80.91510556200774
ENSG00000162311	305.65193986156953	424.7068818964084	205.84853421268525	202.98837629657098	291.69423595067246	317.4207001773289
ENSG00000101263	23.992467574885733	14.467383284385354	4.991477551229032	24.706472285366477	15.084118420929254	14.29097635547898
ENSG00000235493	144.15642282389328	144.4756495111907	118.59750661720179	94.47755001924139	83.5741696294729	211.34542497539334
ENSG00000144671	39.9202401666166	43.00578318783043	21.563183021309413	74.11941685609943	56.25968492130371	41.463959566600984
ENSG00000107562	113.91381663706251	66.39141644204237	174.3023960889178	123.92766498339823	90.91238940181687	109.69833963008512
ENSG00000222334	0.40323474915774343	0.19818333266281304	0.5989773061474838	0.7906071131317273	0.20383943812066563	0.20128135711942224
ENSG00000199320	340.5317456637143	259.4219824556223	337.62354156513175	173.3406095541312	402.9905691645559	352.6449376732278
ENSG00000172654	1.2097042474732302	0.3963666653256261	1.1979546122949676	0.5929553348487954	0.8153577524826625	1.2076881427165334
ENSG00000134169	6.048521237366152	2.57638332461657	3.19454563278658	4.150687343941568	2.0383943812066563	4.025627142388445
ENSG00000180911	93.95369655375421	183.5177660457649	132.17432555654477	169.18992221018962	174.69039846941044	188.60063162089867
ENSG00000139204	13.911598845942148	5.549133314558766	15.972728163932901	15.41683870606868	12.638045163481268	6.843566142060356
ENSG00000130594	772.7993967608153	1144.1123794624198	585.0011690040425	903.6639303095642	511.43315024475004	667.4489802080042
ENSG00000112699	31.85554518346173	46.374899843098255	43.326025144667994	31.62428452526909	24.868411450721204	60.38440713582667
ENSG00000115210	5.040434364471793	3.567299987930635	2.795227428688258	3.7553837873757043	4.280628200533978	3.0192203567913336
ENSG00000172395	49.19463939724469	59.65318313150673	21.762842123358578	48.62233745760122	36.48725942359914	28.78323406807738
ENSG00000103259	18.548798461256197	8.323699971838147	9.184318694261417	15.41683870606868	15.491797297170587	14.4922577125984
ENSG00000181148	475.21215188240063	539.2568481755143	339.0211552794758	419.21942173809833	577.273288757725	717.9706008449791
ENSG00000108269	831.268435388688	839.9009638250018	498.3491187147065	928.7657061514966	555.6663083169345	720.9898212017704
ENSG00000220355	201.81899195345056	163.30306611415796	68.48307200286231	190.93161782131213	130.457240397226	107.28296334465205
ENSG00000146853	7.661460233997124	5.350949981895952	17.570000980326192	18.97457071516145	12.841884601601933	13.48585092700129
ENSG00000137072	34.87980580214481	33.09661655468978	31.74579722581664	24.508820507083545	28.333681898772518	44.28189856627289
ENSG00000139914	181.0524023718268	259.22379912295946	177.2972826196552	303.79078322086616	305.5553177428777	277.16442875344444
ENSG00000111866	6.048521237366152	8.323699971838147	7.786704979917289	8.89433002273193	3.669109886171981	1.610250856955378
ENSG00000184520	2.4194084949464605	7.13459997586127	3.793522938934064	5.929553348487954	5.707504267378637	5.032033927985556
ENSG00000211091	178.02814175314373	133.17919954941036	163.72046368031224	77.6771488651922	260.71064135633134	153.7789568392386
ENSG00000102284	100.20383516569925	92.15524968820807	115.4029609844152	143.29753925512554	115.16928253817606	126.40469227099716
ENSG00000135977	22.17791120367589	24.971099915514447	25.756024164341806	19.567526050010247	10.395811344153946	10.667911927329378
ENSG00000211629	15.121303093415378	20.214699931606933	10.382273306556385	10.277892470712453	9.580453591671283	21.335823854658756
ENSG00000140424	0.20161737457887172	0.19818333266281304	0.3993182040983225	1.7788660045463862	0.20383943812066563	0.4025627142388445
ENSG00000229082	187.70577573292957	252.48556581242383	318.65592687046137	380.0843696380778	231.7654411431968	346.4052156025257
ENSG00000192053	29.637754063094143	11.69281662710597	19.965910204916128	18.97457071516145	21.40314100266989	32.40629849622698
ENSG00000216801	1.4113216220521019	1.9818333266281307	1.1979546122949676	1.3835624479805226	1.0191971906033281	1.610250856955378
ENSG00000205125	2.016173745788717	2.57638332461657	2.196250122540774	2.3718213393951815	2.2422338193273217	4.42818985662729
ENSG00000192362	5.443669113629536	4.954583316570327	5.390795755327353	5.138946235356227	7.542059210464627	2.8179389996719113
ENSG00000135840	707.273750022682	1065.0372297299573	749.1209508884531	844.7637003812505	796.6045241755612	692.2065871336931
ENSG00000246720	154.6405263019946	170.63584942268204	126.38421159711909	162.46976174856994	130.66107983534664	186.18525533546557
ENSG00000191210	0.8064694983154869	2.774566657279383	2.196250122540774	1.5812142262634545	1.4268760668446592	1.2076881427165334
ENSG00000162299	1535.316307418108	999.4385466185662	2047.1047733100502	1277.4234430425884	1077.6991093439592	1171.658779792157
ENSG00000165337	474.0024476349274	552.1387647985972	321.85047250324794	566.4699965588825	382.198946476248	707.9065329890079
ENSG00000183240	3.024260618683076	2.9727499899421956	2.9948865307374186	2.3718213393951815	2.649912695568653	4.226908499507867
ENSG00000187158	0.20161737457887172	0.7927333306512522	0.0	0.19765177828293182	0.20383943812066563	0.20128135711942224
ENSG00000188886	172.18123789035644	194.81421600754524	146.94909910818268	175.51477911524344	246.0342018116434	151.56486191092495
ENSG00000128057	5.6452864882084075	10.701899963791904	7.387386775818967	10.673196027278317	8.153577524826625	9.661505141732267
ENSG00000111489	26.008641320674453	28.53839990344508	20.56488751106361	22.729954502537158	17.530191678377243	24.556325568569513
ENSG00000241873	6.048521237366152	5.350949981895952	10.382273306556385	14.428579814654022	9.988132467912616	21.7383865688976
ENSG00000105685	364.7258306131789	307.18416562736024	403.91036344545324	461.1215987340799	227.28097350454215	623.7709257130896
ENSG00000192184	576.0208391718365	580.2807980367166	314.0637675233306	405.5814490365761	432.34344825393174	571.0352101478009
ENSG00000157872	159.6809606664664	163.6994327794836	198.061829232768	146.45996770765248	198.131933853287	119.96368884317566
ENSG00000198990	17.137476839204094	28.53839990344508	35.738979266799866	22.92760628082009	10.803490220395277	13.284569569881867
ENSG00000203259	37.90406642082788	51.329483159668584	47.718525389749544	34.39140942123013	56.25968492130371	78.7010106336941
ENSG00000234757	40.12185754119547	107.81173296857031	81.4609136360578	73.92176507781649	63.394065255526996	107.28296334465205
ENSG00000166216	3.024260618683076	1.5854666613025044	1.397613714344129	0.7906071131317273	0.6115183143619968	0.805125428477689
ENSG00000164879	206.25457419418575	438.9760818481309	284.91353862415315	419.61472529466425	260.914480794452	294.4746254657147
ENSG00000165593	8.26631235773374	16.647399943676294	25.15704685819432	14.428579814654022	11.822687410998604	16.706352640912044
ENSG00000163125	92.74399230628099	41.61849985919074	60.696367022945026	33.79845408638134	112.31553040448675	49.71649520849729
ENSG00000117105	54.43669113629536	43.203966520493246	27.35329698073509	32.61254341668375	52.794414473252395	27.172983211122002
ENSG00000220175	70.36446372802622	102.85714965199998	159.72728163932902	185.9903233642388	289.24816269322446	170.88787219438947
ENSG00000130752	235.0858587589644	306.391432296709	314.0637675233306	380.67732497292667	115.5769614144174	330.50398839009137
ENSG00000186904	1578.8656603271443	2776.548490606011	1678.1347527232003	2922.6768454697126	4076.788762413312	1732.2273593697478
ENSG00000193954	9.072781856049227	10.107349965803467	22.361819429506063	10.277892470712453	11.415008534757273	14.29097635547898
ENSG00000225937	5.242051739050664	5.747316647221579	4.592159347130709	3.162428452526909	3.26143100993065	4.226908499507867
ENSG00000237828	28.831284564778656	22.59289992356069	53.1093211450769	30.83367741213736	49.53298346332175	32.80886121046582
ENSG00000109987	3.427495367840819	11.890999959768783	11.580227918851353	5.7319015702050224	5.911343705499302	9.86278649885169
ENSG00000112256	205.44810469587028	145.46656617450478	124.38762057662747	227.10189324708864	106.81186557522878	167.06352640912047
ENSG00000246489	7.2582254848393815	5.945499979884391	12.77818253114632	5.7319015702050224	7.949738086705959	7.8499729276574675
ENSG00000230426	36.492744798775774	30.91659989539884	30.74750171557083	33.79845408638134	40.36020874789179	27.978108639599693
ENSG00000171401	242.9489363675404	295.8877156655799	125.38591608687327	204.17428696626854	223.20418474212883	231.47356068733558
ENSG00000109738	104.84103478101328	106.62263297259344	164.51910008850888	283.63030183600716	189.97835632846036	252.80938454199432
ENSG00000232450	71.97740272465721	43.60033318581887	59.89773061474838	36.76323076062532	40.15636930977112	53.33955963664689
ENSG00000183779	593.5615507601983	839.702780492339	576.8151458200269	438.58929600982566	498.1835867669068	381.2268903841857
ENSG00000116634	575.012752298942	534.302264858944	423.87627365036934	132.4266914495643	297.1979007799305	424.5023821648615
ENSG00000122103	0.8064694983154869	0.7927333306512522	0.19965910204916126	0.39530355656586363	0.8153577524826625	2.0128135711942226
ENSG00000108346	112.70411238958928	34.682083215992286	33.5427291442591	47.04112323133777	35.26422279487515	73.2664139914697
ENSG00000218110	31.049075685146242	55.293149812924845	30.94716081762	79.25836309145566	39.95252987165046	28.78323406807738
ENSG00000131266	14.516450969678763	9.710983300477839	19.766251102866963	10.87084780556125	12.841884601601933	9.460223784612845
ENSG00000112520	7.661460233997124	6.143683312547205	9.383977796310578	14.428579814654022	5.707504267378637	11.87560007004591
ENSG00000113314	48.38816989892921	24.772916582851632	49.11613910409367	42.8904358873962	28.537521336893185	53.33955963664689
ENSG00000114910	40.32347491577434	49.545833165703264	99.62989192253147	77.87480064347513	77.45898648585293	76.28563434826103
ENSG00000194526	62.50138611945023	70.75144976062427	71.47795853359973	18.77691893687852	76.23594985712894	68.23438006348414
ENSG00000187010	655.8613195050697	324.6242989016878	640.9057175778076	402.814324140615	335.9273940228569	382.0320158126634
ENSG00000234637	369.1614128539141	205.11974930601153	233.4014902954695	184.21145735969242	252.353224393384	272.73623889681716
ENSG00000155979	4.032347491577434	9.314616635152214	6.988068571720644	9.091981801014864	12.230366287239937	10.466630570209958
ENSG00000128394	6.653373361102767	8.323699971838147	6.788409469671484	7.70841935303434	9.988132467912616	8.85637971325458
ENSG00000113175	126.41409386095255	146.45748283781884	201.45603396760373	209.70853675819066	184.67853093732305	114.32781084383184
ENSG00000143798	4.233964866156306	4.954583316570327	6.189432163524	5.5342497919220905	11.61884797287794	12.680725498523602
ENSG00000101739	39.11377066830111	52.51858315564546	43.725343348766316	27.868900737893384	54.62896941633838	50.32033927985556
ENSG00000174959	69.75961160428962	125.64823290822348	101.22716473892476	69.17812239902614	161.44083499156716	78.49972927657467
ENSG00000240534	167.94727302420014	329.5788822182581	164.11978188441054	263.07451689458225	196.7050577864423	222.21461825984215
ENSG00000201371	82.25988882817967	103.05533298466278	102.42511935121972	94.67520179752432	73.78987659968095	65.61772242093164
ENSG00000112782	635.6995820471825	677.9851810394836	813.6108408503321	306.5579081168272	266.0104667474686	746.955116270176
ENSG00000109282	11.088955601837945	5.350949981895952	13.377159837293805	20.160481384859043	17.937870554618573	11.070474641568223
ENSG00000165253	181.6572544955634	134.9628495433757	100.22886922867895	143.09988747684264	180.60174217490973	158.60970941010473
ENSG00000221942	3.830730116998562	5.945499979884391	3.5938638368849025	11.463803140410045	5.299825391137306	9.258942427493423
ENSG00000234871	75.20328071791914	39.4384831998998	59.498412410650054	19.369874271727316	55.03664829257971	42.26908499507867
ENSG00000142796	50.80757839387567	47.16763317374951	29.94886530737419	23.520561615668885	28.945200213134516	34.4191120674212
ENSG00000113637	2.8226432441042038	3.567299987930635	3.5938638368849025	5.7319015702050224	4.280628200533978	7.2461288562992
ENSG00000176210	0.0	0.5945499979884391	0.19965910204916126	0.19765177828293182	0.0	0.0
ENSG00000130196	296.1759232563626	307.9768989580115	150.34330384301842	230.46197347789848	344.08097154768353	133.0469770559381
ENSG00000212312	69.154759480553	43.79851651848169	41.92841143032387	19.76517782829318	85.61256401067956	66.62412920652876
ENSG00000208530	40.72670966493209	35.27663321398072	25.756024164341806	46.448167896488975	22.422338193273216	49.313932494258445
ENSG00000189702	7.459842859418253	9.512799967815026	6.588750367622321	9.487285357580726	10.599650782274612	7.044847499179779
ENSG00000183579	21.976293829097017	11.494633294443158	13.776478041392128	11.661454918692975	15.491797297170587	18.719166212106266
ENSG00000192319	139.51922320857923	85.41701637767243	77.06841339097625	126.29948632279341	66.85933570357831	62.19593934990147
ENSG00000100038	33.06524943093496	20.01651659894412	44.72363885901213	36.76323076062532	23.64537482199721	44.68446128051174
ENSG00000213171	384.48433332190837	264.1783824395298	273.93228801144926	351.2272100087698	240.53053698238543	262.26960832660717
ENSG00000223388	28.629667190199783	42.014866524516364	28.151933388931738	11.859106696975909	38.93333268104713	35.22423749589889
ENSG00000161326	3.427495367840819	4.756399983907513	8.385682286064775	7.510767574751409	3.26143100993065	9.460223784612845
ENSG00000140457	89.31649693844017	123.27003291626973	93.2408006569583	48.62233745760122	170.81744914511776	106.47783791617437
ENSG00000208172	8.467929732312612	7.927333306512523	8.785000490163096	13.045017366673498	9.580453591671283	10.064067855971112
ENSG00000113590	55.44477800918972	47.96036650440076	52.90966204302774	32.019588081834954	54.42512997821772	61.99465799278205
ENSG00000125315	1.0080868728943586	1.1890999959768782	1.1979546122949676	0.7906071131317273	1.4268760668446592	1.4089694998359557
ENSG00000168788	6.250138611945023	15.260116615036607	12.378864327048	16.009794040917477	23.441535383876545	17.10891535515089
ENSG00000209047	82.25988882817967	99.68621632939497	131.57534825039727	93.8845946843926	95.60069647859217	115.33421762942893
ENSG00000148812	7.05660811026051	6.341866645210017	12.57852342909716	6.127205126770886	9.580453591671283	14.4922577125984
ENSG00000166360	27.01672819356881	27.15111657480539	33.5427291442591	42.69278410911327	30.983594594341174	20.32941706906165
ENSG00000239696	91.73590543338663	100.0825829947206	159.52762253727985	143.49519103340847	98.04676973604016	109.89962098720454
ENSG00000167989	37.50083167167014	28.340216570782268	26.95397877663677	37.55383787375704	51.36753840640773	38.64602056692907
ENSG00000126523	977.2394145837911	1634.6161278028821	1349.2962116482317	833.6952007974063	864.8907359459841	1079.4719182314614
ENSG00000217152	17.94394633751958	22.196533258235064	18.168978286473678	20.75343671970784	23.033856507635214	13.687132284120713
ENSG00000219673	30.847458310567372	9.116433302489401	23.160455837702706	10.87084780556125	29.556718527496514	19.323010283464534
ENSG00000150987	44.55743978193065	18.82741660296724	29.15022889917754	19.567526050010247	16.918673364015245	19.323010283464534
ENSG00000176967	0.40323474915774343	0.7927333306512522	1.397613714344129	0.5929553348487954	1.8345549430859904	1.0064067855971113
ENSG00000242668	4.032347491577434	1.3872833286396915	0.5989773061474838	0.7906071131317273	1.8345549430859904	1.2076881427165334
ENSG00000107014	126.61571123553144	76.1023997425202	75.2714814725338	56.33075681063556	112.92704871884875	80.91510556200774
ENSG00000156382	13.508364096784405	22.394716590897875	12.977841633195482	14.823883371219884	8.153577524826625	14.4922577125984
ENSG00000104507	470.3733348925077	454.2361984631675	590.9909420655173	612.7205126770885	509.1909164254227	522.3251217249007
ENSG00000238837	19.9601200833083	35.078449881317916	17.76966008237535	30.043070299005635	24.460732574479874	19.121728926345114
ENSG00000148726	16.53262471546748	18.232866604978803	17.570000980326192	40.320962769718086	16.714833925894578	20.731979783300492
ENSG00000158940	208.8756000637111	230.48721588685157	319.65422238070715	245.28585684911837	229.31936788574882	168.87505862319526
ENSG00000222607	52.21890001592777	46.57308317576107	58.10079869630593	29.054811407590975	26.499126955686528	78.29844791945526
ENSG00000175509	919.375228079655	1075.144579695761	1027.0464209408854	897.3390734045104	861.0177866216916	698.4463092043952
ENSG00000119557	2.8226432441042038	2.9727499899421956	5.7901139594256765	2.17416956111225	4.688307076775309	4.025627142388445
ENSG00000102464	103.83294790811894	73.52601641790365	60.696367022945026	139.7398072460328	66.85933570357831	39.45114599540676
ENSG00000218087	147.18068344257637	153.79026614634293	108.41489241269456	89.53625556216811	121.28446568179604	120.16497020029507
ENSG00000233222	128.43026760674127	108.00991630123312	141.158985148757	166.42279731422857	119.65375017683071	171.89427897998658
ENSG00000178953	324.8055904465623	393.19573200302113	310.4699036864458	404.39553836687844	297.6055796561718	318.42710696292596
ENSG00000118148	445.17116307014874	218.19984926175718	273.33331070530176	269.399373799636	258.06072866076266	163.037899266732
ENSG00000111719	40.12185754119547	31.11478322806165	16.172387265982064	40.91391810456688	29.76055796561718	35.82808156725716
ENSG00000124721	9.072781856049227	4.954583316570327	9.184318694261417	11.661454918692975	10.395811344153946	8.655098356135156
ENSG00000223231	322.38618195161587	352.96451547247005	322.44944980939545	177.88660045463863	241.14205529674743	258.6465438984576
ENSG00000110877	28.22643244104204	26.358383244154137	48.71682089999535	17.591008267180932	24.053053698238543	37.03576970997369
ENSG00000163219	250.81201397611642	243.36913250993442	150.34330384301842	219.19582211577136	145.94903769439657	134.25466519865464
ENSG00000233437	278.231976918843	439.7688151787822	488.96514091839595	484.2468567931829	494.31063744261405	629.205522355314
ENSG00000104372	54.235073761716485	50.53674982901733	58.50011690040425	22.92760628082009	55.85200604506238	48.10624435154191
ENSG00000145177	4.233964866156306	3.9636666532562614	6.38909126557316	4.743642678790363	4.688307076775309	4.830752570866133
ENSG00000144281	17.74232896294071	14.071016619059726	9.783296000408903	18.38161538031266	18.957067745221902	11.473037355807069
ENSG00000168418	156.45508267320443	127.43188290218879	332.4324049118535	220.5793845637519	197.9280944151663	136.46876012696828
ENSG00000124232	23.387615451149117	16.251033278350672	20.964205715161935	14.823883371219884	22.014659317031885	11.473037355807069
ENSG00000138156	247.7877533574333	227.91083256223502	152.33989486351004	296.6753192026806	340.61570109963225	213.15695718946816
ENSG00000242090	27.823197691884296	47.762183171737945	49.71511641024115	16.998052932332133	66.24781738921632	32.00373578198814
ENSG00000191841	37.70244904624901	37.65483320593448	37.53591118524231	45.262257226791384	32.81814953742716	48.71008842290018
ENSG00000191494	8.064694983154869	10.503716631129091	5.7901139594256765	7.115464018185545	10.395811344153946	12.278162784284756
ENSG00000242225	40.32347491577434	23.187449921549128	32.145115429914966	51.389462353562266	25.276090326962535	34.21783071030178
ENSG00000182348	230.8518938928081	313.3278489399074	285.71217503234976	284.42090894913883	192.62826902402898	263.67857782644313
ENSG00000144383	21.573059079939274	27.15111657480539	14.17579624549045	22.334650945971294	18.14170999273924	10.466630570209958
ENSG00000189111	19.9601200833083	28.73658323610789	13.776478041392128	8.89433002273193	10.803490220395277	24.15376285433067
ENSG00000226494	7.661460233997124	4.954583316570327	7.387386775818967	13.045017366673498	9.988132467912616	6.843566142060356
ENSG00000155962	121.77689424563852	129.21553289615412	110.21182433113702	139.146851911184	284.5598556164492	188.80191297801807
ENSG00000165177	2.217791120367589	1.1890999959768782	3.19454563278658	1.5812142262634545	1.8345549430859904	1.0064067855971113
ENSG00000232189	13.911598845942148	10.503716631129091	7.786704979917289	9.684937135863658	16.30715504965325	9.661505141732267
ENSG00000218923	165.3262471546748	206.3088493019884	172.5054641704753	374.7477716244387	149.4143081424479	249.79016418520297
ENSG00000234512	727.0322527314114	700.1817142977186	449.2329796106128	696.9201702256175	496.75671070006206	476.43297230167246
ENSG00000236287	17.137476839204094	26.55656657681695	12.378864327048	23.520561615668885	29.352879089375847	24.35504421145009
ENSG00000207180	216.94029504686594	128.22461623284005	153.7375085778542	215.6380901066786	199.96648879637297	215.3710521177818
ENSG00000202009	0.20161737457887172	0.0	1.397613714344129	0.5929553348487954	0.40767887624133126	1.4089694998359557
ENSG00000237730	85.68738419602047	233.06359921146816	157.53103151678823	208.12732253192718	190.182195766581	101.04324127394997
ENSG00000161127	63.106238243186844	51.13129982700577	56.7031849819618	53.16832835810866	56.87120323566571	73.46769534858912
ENSG00000221442	2.4194084949464605	3.765483320593448	1.1979546122949676	2.5694731176781134	1.8345549430859904	2.8179389996719113
ENSG00000120670	0.8064694983154869	0.9909166633140654	1.1979546122949676	0.5929553348487954	0.6115183143619968	0.4025627142388445
ENSG00000138529	11.290572976416815	14.863749949710979	12.977841633195482	17.195704710615065	10.191971906033281	14.693539069717824
ENSG00000218778	60.88844712281926	60.842283127483604	68.083753798764	99.02354091974883	54.62896941633838	28.9845154251968
ENSG00000143684	105.84912165390764	83.43518305104429	71.27829943155058	46.25051611820604	25.683769203203866	95.60864463172555
ENSG00000147357	24.597319698622346	22.394716590897875	42.72704783852051	40.91391810456688	41.99092425285711	42.06780363795925
ENSG00000137178	117.94616412863995	79.47151639778804	192.67103347744063	181.04902890716554	133.51483196903598	99.43299041699458
ENSG00000180907	70.76769847718397	65.2023164460655	70.87898122745224	88.15269311418758	141.26073061762128	140.89694998359556
ENSG00000162243	2.621025869525332	0.5945499979884391	1.59727281639329	1.5812142262634545	2.0383943812066563	1.4089694998359557
ENSG00000128050	16.734242090046354	16.449216611013483	12.179205224998837	23.12525805910302	14.88027898280859	7.447410213418623
ENSG00000113365	9.274399230628099	17.04376660900192	8.785000490163096	6.917812239902613	10.395811344153946	10.466630570209958
ENSG00000121714	201.6173745788717	238.4145491933641	193.2700107835881	302.60487255116857	175.50575622189308	266.69779818323445
ENSG00000168158	3.2258779932619475	7.72914997384971	9.783296000408903	8.89433002273193	22.218498755152552	16.706352640912044
ENSG00000139022	501.422410577654	171.82494941865892	183.28705568113003	229.8690181430497	219.73891429407752	356.6705648156162
ENSG00000230720	54.235073761716485	27.547483240131015	42.327729634422184	19.567526050010247	32.6143100993065	28.179389996719117
ENSG00000204754	1301.6417702811957	2857.2091069997755	2591.774803700162	1748.0323271342488	4924.35314611904	4247.036635219809
ENSG00000194564	22.17791120367589	32.70024988936415	18.368637388522835	15.41683870606868	36.69109886171981	30.39348492503276
ENSG00000231805	28.024815066463166	31.511149893387277	56.104207675814315	35.77497186921066	19.772425497704564	29.185796782316224
ENSG00000212579	15.927772591730864	18.62923327030443	24.558069552046835	20.555784941424907	21.606980440790554	34.82167478166005
ENSG00000146893	40.12185754119547	29.331133234096335	70.67932212540309	33.60080230809841	29.352879089375847	49.91777656561672
ENSG00000132261	4076.5016966102066	4632.535400993255	5175.962561522456	5642.167662864571	5988.191173670793	2439.1274855731585
ENSG00000163000	15.726155217151993	11.098266629117532	14.37545534753961	10.673196027278317	9.172774715429952	14.894820426837246
ENSG00000168814	4.032347491577434	7.72914997384971	4.392500245081548	6.522508683336749	5.0959859530166405	8.655098356135156
ENSG00000209686	33.06524943093496	25.763833246165696	22.1621603274569	26.682990068195792	15.899476173411918	18.316603497867426
ENSG00000219503	81.2518019552853	173.41041607996144	203.053306783997	128.27600410562275	93.76614153550618	145.32513984022287
ENSG00000248878	2.016173745788717	3.9636666532562614	5.590454857376516	5.929553348487954	3.26143100993065	4.42818985662729
ENSG00000206292	107.46206065053862	170.43766609001923	106.41830139220295	132.82199500613018	107.62722332771145	126.40469227099716
ENSG00000186511	179.23784600061694	123.27003291626973	184.88432849752334	65.42273861165042	157.16020679103318	150.75973648244724
ENSG00000100220	30.040988812251882	18.431049937641614	19.566592000817806	26.682990068195792	26.906805831927862	22.54351199737529
ENSG00000204607	21.16982433078153	8.323699971838147	12.57852342909716	19.962829606576115	18.54938886898057	12.47944414140418
ENSG00000239224	6.854990735681638	10.30553329846628	5.590454857376516	5.929553348487954	5.707504267378637	4.6294712137467116
ENSG00000116866	11.895425100153432	13.476466621071289	21.563183021309413	21.148740276273703	20.383943812066562	14.693539069717824
ENSG00000145913	7.2582254848393815	12.485549957757224	2.9948865307374186	7.115464018185545	6.930540896102631	6.23972207070209
ENSG00000248076	432.87250322083753	411.8249652733256	463.8080940602016	221.17233989860068	215.0506072173022	366.5333513144679
ENSG00000131841	943.1660782799619	737.2419975056646	525.1034383892941	1015.3371850394207	700.7999882588483	949.8467242465535
ENSG00000219628	10.887338227259072	13.674649953734102	13.776478041392128	18.579267158595588	20.995462126428556	10.667911927329378
ENSG00000114947	41.129944414089834	24.57473325018882	38.53420669548812	16.40509759748334	21.40314100266989	13.888413641240135
ENSG00000195948	0.6048521237366151	0.0	0.19965910204916126	0.39530355656586363	1.4268760668446592	0.20128135711942224
ENSG00000109812	9.274399230628099	14.665566617048167	6.189432163524	12.056758475258839	10.395811344153946	7.2461288562992
ENSG00000189176	109.88146914548507	43.402149853156054	76.66909518687793	56.72606036720143	80.72041749578358	52.73571556528862
ENSG00000101586	34.07333630382932	37.456649873271665	44.52397975696296	60.08614059801127	41.99092425285711	50.52162063697499
ENSG00000106739	46.97684827687711	38.44756653658573	44.12466155286464	23.91586517223475	43.01012144346044	39.048583281167915
ENSG00000182114	243.95702324043478	243.56731584259725	264.947628419237	141.51867325057916	168.9828942020318	135.26107198425174
ENSG00000109192	40.928327039510954	21.800166592909434	32.94375183811161	39.135052100020495	29.352879089375847	47.09983756594481
ENSG00000166092	12.500277223890047	12.485549957757224	10.981250612703871	20.358133163141975	10.395811344153946	11.67431871292649
ENSG00000230952	502.6321148251272	704.3435642836375	870.9130031384414	639.2058509670014	1012.2666497072255	687.5771159199463
ENSG00000231973	0.6048521237366151	1.7836499939653174	1.9965910204916126	0.0	0.0	1.0064067855971113
ENSG00000208598	5.443669113629536	2.9727499899421956	1.397613714344129	3.3600802308098405	3.26143100993065	5.4345966422244
ENSG00000204043	9.274399230628099	5.747316647221579	7.387386775818967	10.87084780556125	9.784293029791948	6.038440713582667
ENSG00000192332	7.459842859418253	5.747316647221579	9.58363689835974	2.5694731176781134	10.191971906033281	4.226908499507867
ENSG00000108076	8.064694983154869	2.9727499899421956	6.38909126557316	8.103722909600203	5.911343705499302	6.642284784940934
ENSG00000113045	12.298659849311173	18.62923327030443	10.981250612703871	23.91586517223475	15.69563673529125	11.87560007004591
ENSG00000249562	9.879251354364714	4.756399983907513	7.786704979917289	2.964776674243977	8.357416962947289	2.0128135711942226
ENSG00000148355	32.0571625580406	32.898433222026966	28.950569797128384	41.50687343941568	17.32635224025658	9.460223784612845
ENSG00000155485	87.7035579418092	85.41701637767243	83.25784555450025	111.2779511732906	103.7542740034188	174.30965526541965
ENSG00000224558	33.670101554671575	39.04211653457417	39.53250220573393	16.602749375766273	27.722163584410524	36.83448835285427
ENSG00000108074	34.87980580214481	88.78613303294026	49.31579820614283	30.438373855571495	54.62896941633838	71.05231906315605
ENSG00000236397	2.016173745788717	7.332783308524084	3.793522938934064	3.3600802308098405	6.115183143619968	3.0192203567913336
ENSG00000220586	5.040434364471793	2.180016659290944	2.9948865307374186	2.17416956111225	4.688307076775309	1.0064067855971113
ENSG00000189446	16.331007340888608	14.467383284385354	14.774773551637933	22.136999167688362	17.122512802135912	22.744793354494714
ENSG00000104072	296.3775406309414	117.12634960372252	94.8380734733516	222.16059879001534	98.86212748852282	107.88680741601031
ENSG00000129615	49.59787414640244	59.851366464169544	85.25443657499186	69.17812239902614	64.00558356988901	35.42551885301832
ENSG00000127924	332.46705068055945	275.47483240131015	251.37080947989404	236.98448216123523	97.63909085979883	326.6796426048223
ENSG00000169656	205.2464873212914	86.80429970631211	277.12683364423583	218.00991144607377	207.9162268830789	134.45594655577406
ENSG00000192099	217.14191242144483	248.7200824918304	242.7854680917801	214.452179436981	257.24537090828	235.90175054396286
ENSG00000191578	7.05660811026051	7.530966641186896	2.9948865307374186	9.487285357580726	0.6115183143619968	8.655098356135156
ENSG00000234688	291.3371062664696	405.48309862811556	555.8509401048649	214.64983121526393	166.74066038270445	242.54403532890382
ENSG00000185333	123.79306799142724	192.4360160155915	112.20841535162863	73.13115796468476	217.29284103662954	126.60597362811659
ENSG00000240282	1913.3488847534925	1853.8068937279534	1842.8535119137584	3075.066366525853	985.7675227515389	2231.6064063830345
ENSG00000120919	87.50194056723032	28.53839990344508	98.03261910613818	117.99811163491029	62.782546941165	93.9983937747702
ENSG00000205274	36.694362173354655	49.942199831028894	28.151933388931738	31.426632746986154	52.1828961588904	80.91510556200774
ENSG00000218759	24.79893707320122	18.232866604978803	14.37545534753961	10.87084780556125	12.230366287239937	32.20501713910756
ENSG00000150984	39.11377066830111	48.15854983706357	47.119548083602055	23.718213393951817	20.587783250187226	24.556325568569513
ENSG00000244113	1.8145563712098454	1.3872833286396915	0.19965910204916126	1.7788660045463862	2.0383943812066563	2.6166576425524894
ENSG00000185991	22.984380701991373	17.836499939653176	17.969319184424513	9.88258891414659	26.29528751756586	12.882006855643024
ENSG00000241816	23.992467574885733	15.656483280362233	23.95909224589935	24.508820507083545	40.36020874789179	19.72557299770338
ENSG00000222498	115.5267556336935	399.3394153155683	276.5278563380884	212.27800987586875	168.9828942020318	149.55204833973073
ENSG00000127860	3.427495367840819	7.530966641186896	8.18602318401561	8.301374687883136	8.765095839188621	8.655098356135156
ENSG00000234642	51.412430517612286	47.365816506412315	46.919888981552894	30.83367741213736	57.482721550027705	27.77682728248027
ENSG00000223978	1145.9931571063069	1203.171012595938	1063.584036615882	1124.243314873316	631.9022581740634	624.5760511415672
ENSG00000140918	8.669547106891482	14.665566617048167	10.182614204507225	7.313115796468477	5.503664829257971	11.271755998687645
ENSG00000153400	88.51002744012469	99.09166633140653	151.5412584553134	200.2212514006099	121.89598399615804	132.040570270341
ENSG00000149114	12.90351197304779	13.872833286396913	11.979546122949674	9.487285357580726	10.191971906033281	7.648691570538045
ENSG00000234166	25.202171822358963	29.529316566759146	24.158751347948513	11.068499583844181	14.268760668446593	27.374264568241426
ENSG00000197784	66.3321162364488	66.39141644204237	61.2953443290925	63.05091727225525	64.82094132237167	102.25092941666651
ENSG00000169959	147.58391819173409	198.97606599346432	90.04625502417173	227.69484858193744	190.793714080943	130.22903805626618
ENSG00000118395	11.693807725574558	9.909166633140654	12.179205224998837	10.673196027278317	13.0457240397226	13.48585092700129
ENSG00000114086	3.024260618683076	4.360033318581888	3.19454563278658	3.7553837873757043	2.446073257447987	4.830752570866133
ENSG00000131146	545.1733808612692	657.7704811078765	908.4489143236838	593.5482901836442	1037.338900596067	394.51145995406756
ENSG00000117668	36.694362173354655	59.05863313351829	54.70659396147018	21.7416956111225	30.779755156220507	60.78696985006552
ENSG00000146962	255.04597884227272	177.5722660658805	112.60773355572695	104.36013893338799	141.46457005574192	133.65082112729635
ENSG00000151212	152.62435255620588	125.05368291023503	171.7068277622787	128.27600410562275	146.9682348849999	150.96101783956667
ENSG00000245116	115.72837300827236	313.7242156052331	177.49694172170436	118.19576341319322	128.21500657789866	187.9967875495404
ENSG00000120557	25.000554447780093	16.052849945687857	20.76454661311277	27.07829362476166	12.841884601601933	15.699945855314935
ENSG00000105262	21.573059079939274	21.205616594920997	18.767955592621156	17.986311823746792	12.026526849119271	19.524291640583957
ENSG00000164713	2.4194084949464605	0.7927333306512522	1.1979546122949676	1.5812142262634545	0.6115183143619968	1.2076881427165334
ENSG00000111089	38.105683795406755	44.19488318380731	67.0854582885182	38.344444986888774	51.36753840640773	34.016549353182356
ENSG00000219850	9.072781856049227	11.890999959768783	13.976137143441289	9.684937135863658	9.172774715429952	5.635877999343823
ENSG00000150265	12.90351197304779	29.727499899421957	16.172387265982064	48.227033901035355	36.48725942359914	30.192203567913335
ENSG00000233522	2402.4726354818354	680.1651976987744	1084.1489241269455	2516.3047893200046	1289.0806066750893	912.0058291081021
ENSG00000124997	82.05827145360078	102.85714965199998	148.9456901286743	109.69673694702715	141.0568911795006	116.54190577214547
ENSG00000237885	27.01672819356881	37.25846654060886	41.12977502212722	20.160481384859043	26.702966393807195	32.20501713910756
ENSG00000175736	2.4194084949464605	1.7836499939653174	1.1979546122949676	1.1859106696975907	4.076788762413313	1.8115322140748
ENSG00000211127	165.3262471546748	115.3426996097572	125.78523429097159	236.58917860466937	138.40697848393194	56.157498636318806
ENSG00000139497	432.06603372252204	726.143730876547	668.0593554564936	344.5070495471501	725.4645602714489	484.6855079435688
ENSG00000151466	6.854990735681638	5.549133314558766	6.189432163524	9.88258891414659	4.688307076775309	6.23972207070209
ENSG00000167226	78.4291587111811	58.464083135529854	95.23739167744992	57.12136392376729	132.69947421655328	97.21889548868094
ENSG00000218470	13.10512934762666	12.28736662509441	10.182614204507225	13.637972701522294	14.268760668446593	6.23972207070209
ENSG00000109773	23.790850200306863	21.99834992557225	33.94204734835741	16.207445819200405	24.664572012600537	19.524291640583957
ENSG00000187801	9.072781856049227	12.089183292431597	11.779887020900514	11.266151362127111	19.364746621463233	22.54351199737529
ENSG00000212804	2.016173745788717	0.9909166633140654	0.798636408196645	0.9882588914146591	1.0191971906033281	0.20128135711942224
ENSG00000115316	11.492190350995687	6.936416643198457	10.182614204507225	5.336598013639159	15.899476173411918	6.038440713582667
ENSG00000103007	1.2097042474732302	0.9909166633140654	1.9965910204916126	1.7788660045463862	1.2230366287239935	2.4153762854330667
ENSG00000131385	443.3566066989389	246.73824916520223	935.0035748962222	354.9825937961455	357.1266955874061	375.18844967060306
ENSG00000244809	193.55267959571685	241.3872991833063	236.79569503030527	140.13511080259866	303.51692336167105	424.09981945062265
ENSG00000122719	25.000554447780093	51.13129982700577	20.165569306965285	51.191810575279334	26.29528751756586	33.815267996062936
ENSG00000109216	62.098151370292484	40.23121653055105	51.11273012458528	46.052864339923104	45.660034139029094	46.49599349458654
ENSG00000208224	37.70244904624901	39.83484986522543	27.952274286882577	22.532302724254222	38.11797492856447	26.569139139763735
ENSG00000123455	31.452310434303985	36.465733209957605	45.72193436925793	34.984364756078925	27.11064527004853	41.262678209481564
ENSG00000179336	22.782763327412503	24.57473325018882	49.11613910409367	45.65756078335724	41.78708481473645	58.57287492175187
ENSG00000200330	26.613493444411066	15.45829994769942	13.177500735244642	17.986311823746792	20.180104373945895	20.32941706906165
ENSG00000159403	25.80702394609558	16.052849945687857	12.77818253114632	18.38161538031266	14.88027898280859	16.10250856955378
ENSG00000132790	2.8226432441042038	0.9909166633140654	0.798636408196645	2.5694731176781134	4.280628200533978	1.610250856955378
ENSG00000224196	3.2258779932619475	2.774566657279383	6.189432163524	5.5342497919220905	4.076788762413313	6.843566142060356
ENSG00000174963	12.701894598468918	8.323699971838147	15.573409959834578	8.103722909600203	5.911343705499302	11.87560007004591
ENSG00000106526	42.13803128698419	23.583816586874754	48.117843593847866	57.516667480333155	36.48725942359914	21.53710521177818
ENSG00000233122	8.669547106891482	8.52188330450096	10.581932408605546	13.24266914495643	8.968935277309287	15.29738314107609
ENSG00000127828	1566.1637657286756	1341.8993454599072	1098.9236976785837	1064.3548260535877	881.6055698718787	2306.2817898743397
ENSG00000208114	22.782763327412503	26.160199911491322	12.57852342909716	30.240722077288567	17.734031116497906	20.53069842618107
ENSG00000184668	17.74232896294071	14.665566617048167	18.168978286473678	22.136999167688362	22.218498755152552	18.316603497867426
ENSG00000164935	84.0744451993895	78.48059973447398	31.74579722581664	51.98241768841106	58.705758178751694	63.20234613549858
ENSG00000138954	216.53706029770822	270.1238824194142	286.1114932364481	146.85527126421832	258.87608641324533	247.77735061400878
ENSG00000193455	610.4974102248235	1003.7985799371482	925.0206197937641	1722.9305512923165	1126.6205744929189	1082.4911385882526
ENSG00000215003	138.7127537102637	160.5284994568786	316.2600176458714	172.7476542192824	141.46457005574192	216.57874026049834
ENSG00000209936	8.064694983154869	13.872833286396913	3.5938638368849025	13.637972701522294	14.268760668446593	6.642284784940934
ENSG00000135181	14.919685718836506	23.781999919537565	23.160455837702706	22.92760628082009	22.830017069514547	34.21783071030178
ENSG00000155473	271.780220932319	161.51941612019263	212.03796637620925	182.63024313342896	295.56718527496514	339.76293081758473
ENSG00000154318	27.21834556814768	20.01651659894412	41.92841143032387	31.228980968703226	50.3483412158044	39.45114599540676
ENSG00000173948	165.52786452925366	91.75888302288244	185.08398759957248	108.11552272076369	105.99650782274611	151.56486191092495
ENSG00000182698	22.17791120367589	26.952933242142578	28.151933388931738	29.845418520722703	26.0914480794452	24.95888828280836
ENSG00000169462	764.3314670285026	656.5813811118996	958.164030733925	663.714671474085	689.5888191622117	653.5605665667641
ENSG00000160850	323.99912094824685	335.5243821981425	808.6193632991032	342.5305317643208	394.83699163972926	451.27280266174466
ENSG00000149630	221.57749466218002	283.4021657078227	124.98659788277494	140.72806613744746	224.83490024709417	224.4287131881558
ENSG00000182021	45.56552665482501	42.411233189841994	48.71682089999535	34.39140942123013	27.11064527004853	56.76134270767707
ENSG00000201566	1.0080868728943586	0.3963666653256261	0.798636408196645	2.3718213393951815	0.8153577524826625	1.2076881427165334
ENSG00000110135	1.4113216220521019	0.7927333306512522	3.394204734835742	1.5812142262634545	2.2422338193273217	2.6166576425524894
ENSG00000180549	39.31538804287999	48.75309983505201	59.498412410650054	50.00589990558175	38.11797492856447	54.94981049360227
ENSG00000195485	52.21890001592777	92.74979968619651	95.63670988154824	58.702578150030746	172.65200408820377	73.66897670570854
ENSG00000128235	0.20161737457887172	0.0	0.19965910204916126	0.39530355656586363	0.0	0.6038440713582667
ENSG00000234879	12.90351197304779	20.61106659693256	18.767955592621156	15.812142262634545	10.599650782274612	10.265349213090534
ENSG00000246898	275.8125684238965	231.87449921549128	329.2378592790669	314.8592828047104	380.16055209504134	283.60543218126594
ENSG00000186118	172.78609001409305	166.87036610208858	237.99364964260022	117.00985274349563	149.00662926620655	224.83127590239465
ENSG00000209577	7.459842859418253	6.143683312547205	20.165569306965285	12.254410253541772	6.319022581740634	19.524291640583957
ENSG00000191302	66.3321162364488	144.87201617651633	126.98318890326657	90.32686267529984	99.47364580288482	122.17778377148932
ENSG00000103050	44.960674531088394	30.91659989539884	27.153637878685934	44.273998335376724	26.906805831927862	31.80245442486871
ENSG00000208871	15.322920467994248	14.863749949710979	22.761137633604385	33.996105864664266	11.007329658515943	15.498664498195513
ENSG00000129677	182.46372399387892	266.16021576615793	288.1080842569397	555.0061934184724	292.91727257939647	451.8766467331029
ENSG00000231433	162.10036916141286	343.05534883932944	166.31603200695133	226.9042414688057	128.01116713977802	478.8483485871055
ENSG00000229219	10.6857208526802	17.63831660699036	8.785000490163096	14.626231592936954	13.249563477843264	12.076881427165334
ENSG00000117809	5.242051739050664	6.5400499778728305	3.394204734835742	3.9530355656586362	4.280628200533978	5.837159356463245
ENSG00000123929	3.024260618683076	1.7836499939653174	2.5955683266390963	2.3718213393951815	2.0383943812066563	1.8115322140748
ENSG00000207205	2.217791120367589	1.5854666613025044	1.59727281639329	1.5812142262634545	2.446073257447987	2.8179389996719113
ENSG00000143885	383.07301169985624	330.1734322162465	308.6729717680033	381.0726285294925	336.3350728990983	420.67803637959247
ENSG00000136731	713.3222712600482	1444.3601284465815	1497.4432653687095	1426.452883867919	1713.8819957185565	1150.9268000088564
ENSG00000133042	32.0571625580406	20.214699931606933	62.29363983933831	50.401203462147606	28.333681898772518	44.48317992339231
ENSG00000197182	401.42019278653356	203.73246597737182	269.1404695622694	171.16643999301894	196.50121834832166	265.0875473262791
ENSG00000241023	10.080868728943585	7.72914997384971	8.585341388113935	8.499026466166066	5.299825391137306	7.2461288562992
ENSG00000220548	21.976293829097017	26.952933242142578	22.361819429506063	38.5420967651717	19.364746621463233	18.719166212106266
ENSG00000103739	140.72892745605245	200.5615326547668	266.3452421335811	90.12921089701689	358.9612505304921	212.55311311810988
ENSG00000112489	67.94505523307976	74.12056641589209	40.33113861393057	71.35229196013837	58.90959761687236	55.55365456496054
ENSG00000181726	33.87171892925045	22.989266588886316	16.37204636803122	36.76323076062532	23.23769594575588	38.44473920980965
ENSG00000226624	0.8064694983154869	1.1890999959768782	1.1979546122949676	0.39530355656586363	1.8345549430859904	2.0128135711942226
ENSG00000119081	5.443669113629536	2.9727499899421956	0.3993182040983225	2.7671248959610453	1.8345549430859904	2.214094928313645
ENSG00000143572	9.47601660520697	15.45829994769942	7.187727673769805	9.88258891414659	15.899476173411918	16.907633998031468
ENSG00000210322	12.500277223890047	11.098266629117532	6.788409469671484	9.289633579297794	16.510994487773914	10.064067855971112
ENSG00000218146	29.637754063094143	12.28736662509441	43.925002450815484	19.76517782829318	22.422338193273216	33.815267996062936
ENSG00000112865	9.274399230628099	5.15276664923314	13.776478041392128	12.056758475258839	11.822687410998604	9.258942427493423
ENSG00000185839	31.65392780888286	14.665566617048167	28.3515924909809	20.555784941424907	16.510994487773914	13.687132284120713
ENSG00000143475	17.94394633751958	30.91659989539884	38.733865797537284	31.821936303552018	33.225828413668495	26.97170185400258
ENSG00000106071	42.944500785299674	76.1023997425202	64.09057175778076	83.60670221368015	101.9197190603328	94.60223784612845
ENSG00000108775	29.43613668851527	70.94963309328708	27.552956082784256	33.205498751532545	32.41047066118583	43.879335852034046
ENSG00000211754	6.653373361102767	13.080099955745661	6.38909126557316	9.289633579297794	8.968935277309287	15.498664498195513
ENSG00000115729	12.097042474732303	22.196533258235064	25.55636506229264	12.452062031824703	13.453402915963931	18.316603497867426
ENSG00000101303	185.68960198714083	137.73741620065508	191.27341976309648	160.69089574402355	220.5542720465602	219.59796061728966
ENSG00000159353	28.42804981562091	23.187449921549128	20.56488751106361	14.626231592936954	29.352879089375847	23.34863742585298
ENSG00000189141	4.233964866156306	5.549133314558766	1.9965910204916126	3.9530355656586362	4.484467638654643	3.8243457852690224
ENSG00000236191	2.8226432441042038	6.7382333105356444	3.5938638368849025	4.743642678790363	1.4268760668446592	6.441003427821512
ENSG00000159096	48.993022022665826	38.64574986924854	57.7014804922076	52.575373023259864	79.29354142893891	55.55365456496054
ENSG00000172518	65.72726411271218	87.20066637163774	144.55318988359275	89.14095200560224	100.90052186972947	132.64441434169925
ENSG00000198567	309.0794352294103	287.3658323610789	217.82808033563495	313.8710239132957	182.64013655611637	196.04804183431725
ENSG00000192112	26.411876069832193	25.763833246165696	23.95909224589935	19.76517782829318	19.97626493582523	21.134542497539336
ENSG00000189876	443.75984144809667	498.4310816469748	308.6729717680033	380.8749767512096	589.0959761687236	475.82912823031415
ENSG00000131956	11.492190350995687	19.421966600955678	23.160455837702706	24.113516950517678	14.472600106567258	24.15376285433067
ENSG00000196318	22.58114595283363	24.178366584863195	16.37204636803122	24.31116872880061	16.714833925894578	15.901227212434355
ENSG00000171308	13.306746722205533	6.5400499778728305	6.189432163524	14.428579814654022	13.249563477843264	9.258942427493423
ENSG00000165300	75.40489809249802	160.9248661222042	78.06670890122204	80.44427376115324	74.60523435216362	83.73304456167966
ENSG00000161269	95.76825292496406	262.9892824435529	206.84682972293106	232.6361430390107	412.16334387998586	276.963147396325
ENSG00000239665	34.47657105298706	35.27663321398072	41.92841143032387	44.07634655709379	21.199301564549224	18.316603497867426
ENSG00000126562	9.677633979785842	9.116433302489401	19.366932898768642	13.637972701522294	13.0457240397226	9.86278649885169
ENSG00000228521	1.4113216220521019	0.9909166633140654	0.5989773061474838	1.7788660045463862	1.0191971906033281	1.4089694998359557
ENSG00000159277	16.935859464625224	40.42939986321387	32.145115429914966	45.064605448508445	45.45619470090843	47.50240028018364
ENSG00000154121	16.129389966309738	18.431049937641614	9.184318694261417	11.661454918692975	12.026526849119271	12.278162784284756
ENSG00000203686	12.500277223890047	23.781999919537565	21.962501225407742	14.823883371219884	20.180104373945895	26.569139139763735
ENSG00000213426	5.443669113629536	12.485549957757224	5.7901139594256765	7.510767574751409	7.949738086705959	10.064067855971112
ENSG00000130008	7.05660811026051	4.161849985919074	2.9948865307374186	5.7319015702050224	2.649912695568653	4.42818985662729
ENSG00000121505	13.911598845942148	8.52188330450096	12.57852342909716	23.91586517223475	7.338219772343962	21.7383865688976
ENSG00000196692	66.13049886186992	66.787783107368	110.61114253523535	45.85521256164018	62.782546941165	69.44206820620067
ENSG00000188556	257.06215258806145	220.37986592104812	183.68637388522836	112.4638618429882	221.98114811340486	260.25679475541295
ENSG00000178912	23.185998076570247	21.40379992758381	47.119548083602055	19.567526050010247	34.448865042392484	17.511478069389735
ENSG00000149297	55.24316063461085	85.0206497123468	42.52738873647135	74.11941685609943	52.998253911373055	48.30752570866134
ENSG00000223903	24.597319698622346	28.73658323610789	15.174091755736256	25.892382955064065	14.268760668446593	20.731979783300492
ENSG00000105505	26.21025869525332	19.421966600955678	12.977841633195482	18.183963602029728	34.448865042392484	21.53710521177818
ENSG00000116797	1.4113216220521019	1.7836499939653174	1.397613714344129	1.7788660045463862	1.4268760668446592	2.214094928313645
ENSG00000237273	160.285812790203	217.80348259643154	97.83296000408902	103.37188004197333	103.95811344153945	232.07740475869383
ENSG00000152907	53.22698688882213	32.502066556701344	90.04625502417173	89.73390734045104	85.61256401067956	88.36251577542636
ENSG00000236293	854.4544334652583	641.5194478295258	836.1723193818874	669.8418766008558	487.3800965465115	316.0117306774929
ENSG00000227763	9.274399230628099	4.756399983907513	9.982955102458064	7.9060711313172725	8.561256401067956	3.421783071030178
ENSG00000208496	48.79140464808695	43.79851651848169	50.11443461433947	15.812142262634545	40.36020874789179	47.50240028018364
ENSG00000176410	4.637199615314049	4.558216651244701	5.191136653278193	2.964776674243977	3.669109886171981	1.0064067855971113
ENSG00000101939	53.63022163797987	28.142033238119453	49.515457308192	64.23682794195282	46.06771301527043	44.48317992339231
ENSG00000238196	26.008641320674453	16.251033278350672	20.36522840901445	26.682990068195792	21.606980440790554	22.140949283136447
ENSG00000107436	120.56718999816529	110.7844829585125	152.73921306760835	86.76913066620706	85.40872457255888	156.19433312467166
ENSG00000206391	30.847458310567372	13.278283288408476	29.94886530737419	27.868900737893384	14.472600106567258	28.179389996719117
ENSG00000131636	50.20272627013906	93.93889968217339	120.19477943359509	75.8982828606458	123.11902062488203	76.48691570538045
ENSG00000197907	18.347181086677327	11.494633294443158	5.191136653278193	16.602749375766273	14.064921230325927	15.29738314107609
ENSG00000168690	93.75207917917535	104.44261631330248	88.84830041187676	110.48734406015888	159.40244061036051	110.30218370144338
ENSG00000221151	11.290572976416815	22.196533258235064	20.36522840901445	9.88258891414659	18.753228307101235	10.667911927329378
ENSG00000241908	11.088955601837945	10.503716631129091	7.387386775818967	8.301374687883136	8.765095839188621	5.837159356463245
ENSG00000181181	41.53317916324757	26.358383244154137	27.35329698073509	32.019588081834954	30.983594594341174	31.80245442486871
ENSG00000199570	49.79949152098131	35.87118321196917	55.30557126761767	42.297480552547405	80.31273861954224	50.52162063697499
ENSG00000228892	0.8064694983154869	1.7836499939653174	1.397613714344129	2.3718213393951815	2.8537521336893183	3.220501713910756
ENSG00000177329	1.4113216220521019	0.3963666653256261	0.3993182040983225	1.9765177828293181	2.446073257447987	1.0064067855971113
ENSG00000191548	38.508918544564494	41.61849985919074	23.95909224589935	70.95698840357252	47.69842852023575	43.879335852034046
ENSG00000138556	32.662014681777215	20.214699931606933	18.96761469467032	37.55383787375704	26.29528751756586	13.284569569881867
ENSG00000141186	1.2097042474732302	0.19818333266281304	0.5989773061474838	0.0	0.8153577524826625	0.805125428477689
ENSG00000133468	1.2097042474732302	0.7927333306512522	0.3993182040983225	1.9765177828293181	2.0383943812066563	0.805125428477689
ENSG00000223947	6.653373361102767	5.945499979884391	9.982955102458064	8.499026466166066	4.280628200533978	6.038440713582667
ENSG00000212699	36.089510049618035	66.39141644204237	28.551251593030063	43.87869477881086	53.20209334949373	38.24345785269023
ENSG00000241742	29.637754063094143	39.04211653457417	62.69295804343663	36.367927204059455	66.04397795109566	35.62680021013774
ENSG00000176698	236.29556300643765	181.33774938647394	180.49182825244176	139.3445036894669	200.37416767261428	138.07901098392367
ENSG00000168966	249.60230972864315	345.23536549862035	369.1696796888992	387.9904407693951	427.65514117715645	174.51093662253908
ENSG00000199616	2742.3995290218127	4398.28270178581	1897.3604467731795	3971.4171810389485	3404.3224560532362	4024.822016959967
ENSG00000167825	0.40323474915774343	2.774566657279383	1.59727281639329	0.7906071131317273	3.669109886171981	2.0128135711942226
ENSG00000240743	20.16173745788717	20.01651659894412	46.919888981552894	25.299427620215273	31.3912734705825	38.0421764955708
ENSG00000182682	250.00554447780092	168.4558327633911	134.969552985233	169.38757398847255	241.54973417298874	221.20821147424505
ENSG00000132842	2.016173745788717	3.765483320593448	3.9931820409832253	1.7788660045463862	1.630715504965325	2.6166576425524894
ENSG00000194627	3.024260618683076	3.1709333226050087	3.9931820409832253	1.3835624479805226	1.630715504965325	0.6038440713582667
ENSG00000101843	21.573059079939274	44.59124984913294	30.348183511472513	57.31901570205022	40.56404818601246	39.65242735252618
ENSG00000179599	182.06048924472114	130.8009995574566	198.061829232768	237.57743749608403	161.44083499156716	113.1201227011153
ENSG00000223334	348.19320589771144	225.92899923560688	249.57387756145158	408.9415292673859	382.198946476248	544.6673523651566
ENSG00000210668	0.8064694983154869	1.1890999959768782	0.9982955102458063	1.1859106696975907	1.0191971906033281	1.0064067855971113
ENSG00000222512	1.4113216220521019	3.9636666532562614	2.395909224589935	1.7788660045463862	1.8345549430859904	2.6166576425524894
ENSG00000161607	13.508364096784405	36.66391654262041	23.95909224589935	20.358133163141975	21.40314100266989	44.28189856627289
ENSG00000115160	11.693807725574558	8.125516639175336	4.79181844917987	7.9060711313172725	11.211169096636608	11.87560007004591
ENSG00000211490	57.86418650413618	54.896783147599216	46.919888981552894	54.74954258437211	67.26701457981966	57.16390542191592
ENSG00000223738	62.50138611945023	17.04376660900192	46.919888981552894	52.575373023259864	35.060383356754485	42.47036635219809
ENSG00000155332	923.4075755712324	981.8002300115759	839.9658423208214	775.3879262039414	378.1221577138347	942.6005953902544
ENSG00000145811	14.919685718836506	30.123866564747583	29.749206205325027	18.97457071516145	15.491797297170587	20.53069842618107
ENSG00000236738	38.71053591914337	42.411233189841994	25.756024164341806	24.508820507083545	30.779755156220507	63.20234613549858
ENSG00000135738	34.47657105298706	32.30388322403853	28.75091069507922	34.58906119951307	24.460732574479874	19.9268543548228
ENSG00000189672	326.01529469403556	272.70026574403073	252.36910499013985	379.4914143032291	336.3350728990983	246.56966247129228
ENSG00000130415	2.621025869525332	3.3691166552678222	1.59727281639329	4.3483391222245	4.280628200533978	3.6230644281496
ENSG00000110364	58.06580387871505	44.19488318380731	72.87557224794386	121.75349542228598	102.73507681281546	40.86011549524272
ENSG00000167797	6.854990735681638	6.143683312547205	2.795227428688258	7.9060711313172725	4.280628200533978	4.830752570866133
ENSG00000194842	2.217791120367589	0.5945499979884391	1.397613714344129	1.9765177828293181	0.20383943812066563	1.610250856955378
ENSG00000124751	338.91880666708335	276.66393239728706	292.8999027061195	225.91598257739105	380.7720704094034	299.9092221079391
ENSG00000154654	58.4690386278728	111.77539962182657	58.50011690040425	127.09009343592516	48.51378627271842	127.00853634235544
ENSG00000149086	435.09029434120515	795.9042639738573	493.1579820614283	207.13906364051252	335.7235545847363	640.8798410682405
ENSG00000145072	62.098151370292484	56.08588314357609	21.962501225407742	25.101775841932337	52.794414473252395	71.65616313451432
ENSG00000237103	135.08364096784405	54.10404981694796	89.44727771802425	120.96288830915427	72.56683997095696	89.5702039181429
ENSG00000164614	44.960674531088394	49.34764983304046	26.155342368440127	37.55383787375704	56.05584548318304	34.016549353182356
ENSG00000228513	68.34828998223752	125.25186624289786	87.45068669753263	127.28774521420807	125.1574150060887	106.8804006304132
ENSG00000192111	7.2582254848393815	9.710983300477839	15.77306906188374	16.800401154049204	11.415008534757273	13.284569569881867
ENSG00000224809	688.1200994376892	778.0677640342041	841.962433341313	1300.7463528799742	749.9252928459288	964.5402633162714
ENSG00000115509	5.040434364471793	4.360033318581888	7.786704979917289	6.324856905053818	3.4652704480513155	7.2461288562992
ENSG00000122117	1202.2444046138119	695.0289476484854	512.1255967560986	867.2960031055047	984.1368072465737	685.9668650629909
ENSG00000124430	22.58114595283363	9.314616635152214	19.566592000817806	21.346392054556635	29.76055796561718	29.990922210793915
ENSG00000142679	126.41409386095255	167.26673276741423	218.0277394376841	103.56953182025626	154.30645465734386	122.78162784284757
ENSG00000157655	75.20328071791914	70.15689976263583	20.76454661311277	37.75148965203997	46.47539189151176	25.16016963992778
ENSG00000175522	46.77523090229823	65.79686644405393	136.5668258016263	46.448167896488975	77.45898648585293	102.04964805954708
ENSG00000177897	326.01529469403556	643.1049144908284	515.1204832868361	863.738271096412	252.55706383150468	522.1238403677813
ENSG00000130306	54.03345638713762	45.38398317978419	24.558069552046835	36.17027542577652	25.07225088884187	49.313932494258445
ENSG00000238749	6.653373361102767	1.7836499939653174	7.587045877868128	3.3600802308098405	3.8729493242926467	2.8179389996719113
ENSG00000244538	63.106238243186844	68.96779976665894	61.69466253319084	38.93740032173756	56.87120323566571	48.911369780019605
ENSG00000204117	84.880914697705	125.45004957556066	108.41489241269456	80.24662198287031	67.67469345606098	71.25360042027548
ENSG00000126329	0.6048521237366151	0.19818333266281304	0.19965910204916126	0.5929553348487954	0.0	0.0
ENSG00000169628	241.13437999633058	296.0858989982427	180.8911464565401	169.38757398847255	348.3615997482175	158.00586533874645
ENSG00000218297	391.33932405759	194.4178493422196	223.01921698891314	388.188092547678	220.14659317031885	421.6844431651896
ENSG00000234307	0.8064694983154869	0.5945499979884391	1.59727281639329	1.3835624479805226	0.8153577524826625	0.805125428477689
ENSG00000168861	35.48465792588142	28.73658323610789	20.56488751106361	15.41683870606868	19.160907183342566	39.65242735252618
ENSG00000205273	190.52841897703377	199.17424932612712	156.93205421064076	179.07251112433622	116.7999980431414	240.12865904347075
ENSG00000191337	2.621025869525332	1.5854666613025044	3.19454563278658	2.964776674243977	2.649912695568653	3.421783071030178
ENSG00000146533	24.79893707320122	10.107349965803467	18.568296490572	13.24266914495643	7.338219772343962	12.882006855643024
ENSG00000141580	13.508364096784405	8.125516639175336	14.57511444958877	7.9060711313172725	14.88027898280859	12.680725498523602
ENSG00000106894	107.46206065053862	83.03881638571868	109.01386971884205	76.88654175206047	78.07050480021492	63.20234613549858
ENSG00000165212	326.62014681777214	173.2122327472986	259.15751445981135	202.98837629657098	128.62268545414	289.84515425196804
ENSG00000167992	33.46848418009271	32.898433222026966	21.762842123358578	22.729954502537158	20.180104373945895	35.02295613877947
ENSG00000123535	55.24316063461085	22.7910832562235	37.33625208319316	33.996105864664266	16.30715504965325	16.907633998031468
ENSG00000130384	336.4993981721369	365.6482487628901	208.04478433522604	120.17228119602254	148.39511095184457	106.27655655905494
ENSG00000206192	87.90517531638807	114.54996627910594	102.02580114712141	94.67520179752432	76.43978929524961	92.99198698917309
ENSG00000237059	31.85554518346173	40.627583195876674	28.151933388931738	11.068499583844181	15.084118420929254	25.16016963992778
ENSG00000223866	657.2726411271218	455.4252984591444	1295.7875722990566	490.37406191995376	541.6013870866085	381.0256090270663
ENSG00000215485	1.8145563712098454	1.5854666613025044	2.9948865307374186	1.5812142262634545	3.26143100993065	3.8243457852690224
ENSG00000120051	77.62268921286561	73.12964975257802	37.73557028729148	29.45011496415684	33.429667851789155	47.70368163730307
ENSG00000129740	13.10512934762666	15.656483280362233	15.373750857785415	14.428579814654022	8.357416962947289	11.67431871292649
ENSG00000132596	8.467929732312612	18.431049937641614	7.9863640819664505	13.637972701522294	12.638045163481268	9.057661070374001
ENSG00000155191	50.80757839387567	51.92403315765702	29.15022889917754	42.09982877426447	43.01012144346044	41.463959566600984
ENSG00000103197	50.404343644717926	34.8802665486551	31.346479021718316	33.40315052981547	18.54938886898057	22.744793354494714
ENSG00000153316	1932.5025353384854	5890.801380069455	5357.852003489243	5605.799735660512	3824.639377458049	4993.790470132865
ENSG00000116140	84.67929732312612	96.11891634146433	133.17262106679055	132.03138789299845	150.84118420929255	145.5264211973423
ENSG00000211100	45.76714402940388	60.24773312949517	51.11273012458528	54.551890806089176	69.10156952290565	37.63961378133195
ENSG00000209891	616.7475488367685	602.2791479622889	736.5424274593558	1216.1513917748794	1143.539247856934	1232.4457496422224
ENSG00000223250	207.86751319081674	366.63916542620416	255.76330972497558	175.9100826718093	182.4362971179957	376.19485645620017
ENSG00000225994	2.016173745788717	0.9909166633140654	0.5989773061474838	0.7906071131317273	0.40767887624133126	0.805125428477689
ENSG00000193614	75.60651546707689	24.376549917526006	37.73557028729148	29.45011496415684	46.06771301527043	23.75120014009182
ENSG00000133674	125.20438961347932	137.73741620065508	112.20841535162863	97.44232669348538	88.05863726812754	132.84569569881867
ENSG00000206539	9.677633979785842	9.512799967815026	8.18602318401561	5.336598013639159	7.745898648585293	8.252535641896312
ENSG00000172326	119.96233787442867	80.85879972642773	57.90113959425677	31.228980968703226	30.779755156220507	41.463959566600984
ENSG00000101516	19.355267959571684	8.125516639175336	8.984659592212257	12.254410253541772	11.822687410998604	17.71275942650916
ENSG00000209425	52.21890001592777	43.402149853156054	74.87216326843547	57.516667480333155	56.667363797545036	46.89855620882538
ENSG00000216886	0.8064694983154869	1.3872833286396915	1.9965910204916126	1.7788660045463862	2.446073257447987	1.610250856955378
ENSG00000131734	0.40323474915774343	0.5945499979884391	0.3993182040983225	0.39530355656586363	1.0191971906033281	1.4089694998359557
ENSG00000123126	4.637199615314049	10.107349965803467	6.189432163524	9.487285357580726	8.968935277309287	9.258942427493423
ENSG00000249718	48.18655252435034	52.91494982097109	39.73216130778309	43.87869477881086	40.15636930977112	54.94981049360227
ENSG00000174150	402.62989703400683	356.92818212572627	304.87944882906925	183.61850202484365	345.30400817640754	254.01707268471088
ENSG00000110518	13.709981471363276	17.241949941664735	11.580227918851353	30.63602563385443	25.683769203203866	10.8691932844488
ENSG00000246014	9.677633979785842	8.125516639175336	4.592159347130709	4.941294457073295	6.319022581740634	4.830752570866133
ENSG00000188665	141.1321622052102	195.01239934020805	197.66251102866963	111.2779511732906	129.845722082864	167.46608912335932
ENSG00000200756	43.952587658194034	35.47481654664354	32.145115429914966	16.207445819200405	25.07225088884187	21.939667926017023
ENSG00000186945	835.5024002548444	680.3633810314373	533.6887797774081	1022.8479526141721	894.6512939116013	1136.2332609391385
ENSG00000184260	24.194084949464607	17.04376660900192	20.165569306965285	19.567526050010247	11.007329658515943	34.21783071030178
ENSG00000125309	0.40323474915774343	1.1890999959768782	0.0	0.9882588914146591	0.8153577524826625	1.2076881427165334
ENSG00000249729	5.040434364471793	10.701899963791904	7.187727673769805	5.7319015702050224	11.007329658515943	4.830752570866133
ENSG00000205458	7.661460233997124	4.756399983907513	6.189432163524	4.3483391222245	3.057591571809984	3.220501713910756
ENSG00000122653	0.6048521237366151	1.9818333266281307	3.394204734835742	3.3600802308098405	1.4268760668446592	3.8243457852690224
ENSG00000145150	4.233964866156306	10.701899963791904	7.9863640819664505	8.696678244449	3.4652704480513155	7.044847499179779
ENSG00000233940	7.459842859418253	12.881916623082848	2.9948865307374186	7.510767574751409	10.191971906033281	10.8691932844488
ENSG00000205812	14.11321622052102	19.818333266281307	14.774773551637933	16.207445819200405	19.568586059583897	21.53710521177818
ENSG00000236344	10.282486103522459	13.278283288408476	8.18602318401561	14.23092803637109	10.395811344153946	9.258942427493423
ENSG00000131047	58.06580387871505	140.71016619059728	84.45580016679521	76.09593463892875	72.97451884719828	69.24078684908125
ENSG00000196556	65.32402936355443	81.45334972441617	56.104207675814315	98.62823736318298	95.19301760235085	52.13187149393036
ENSG00000174147	66.73535098560653	47.762183171737945	52.90966204302774	34.984364756078925	37.30261717608181	44.08061720915347
ENSG00000145538	60.283594999082645	38.24938320392292	33.14341094016077	37.356186095474115	22.422338193273216	25.361450997047204
ENSG00000220250	0.6048521237366151	0.19818333266281304	0.19965910204916126	1.1859106696975907	0.8153577524826625	0.805125428477689
ENSG00000191102	0.6048521237366151	0.3963666653256261	0.5989773061474838	1.7788660045463862	0.8153577524826625	1.0064067855971113
ENSG00000106121	7.459842859418253	4.161849985919074	4.79181844917987	7.510767574751409	4.076788762413313	2.8179389996719113
ENSG00000176881	33.46848418009271	48.15854983706357	67.4847764926165	43.483391222245	56.87120323566571	42.26908499507867
ENSG00000134758	2.016173745788717	1.3872833286396915	2.196250122540774	3.9530355656586362	3.057591571809984	1.2076881427165334
ENSG00000173843	6.451755986523895	19.02559993563005	11.979546122949674	7.510767574751409	12.026526849119271	15.699945855314935
ENSG00000171951	68.95314210597412	69.5623497646474	50.713411920486955	74.51472041266528	50.9598595301664	64.61131563533455
ENSG00000232969	1345.9975926885477	1270.5533457012943	1516.4108800633796	1270.5056308026856	2095.4694238804423	1993.691842267877
ENSG00000204962	21.774676454518143	45.38398317978419	50.31409371638864	64.82978327680162	44.640836948425765	57.16390542191592
ENSG00000152274	8.064694983154869	13.278283288408476	9.783296000408903	4.743642678790363	16.510994487773914	12.882006855643024
ENSG00000162809	185.89121936171972	246.54006583253945	104.82102857580966	435.6245193355817	148.1912715137239	171.29043490862833
ENSG00000207076	24.194084949464607	52.716766488308274	27.35329698073509	31.031329190420294	25.276090326962535	63.60490884973742
ENSG00000246514	20.564972207044917	10.503716631129091	12.378864327048	9.091981801014864	13.0457240397226	16.706352640912044
ENSG00000225736	189.11709735498167	163.50124944682076	249.37421845940244	264.45807934256277	194.25898452899432	352.4436563161084
ENSG00000237532	1.8145563712098454	5.15276664923314	2.5955683266390963	8.499026466166066	4.484467638654643	6.441003427821512
ENSG00000144056	19.9601200833083	32.105699891375714	36.13829747089819	53.95893547124038	76.03211041900826	43.4767731377952
ENSG00000156410	33.46848418009271	33.88934988534103	29.94886530737419	47.436426787903635	21.810819878911218	39.8537087096456
ENSG00000214464	100.00221779112037	128.62098289816566	347.2071784634914	160.2955921874577	206.69319025435493	317.01813746309006
ENSG00000109938	2.016173745788717	2.9727499899421956	2.196250122540774	3.7553837873757043	5.503664829257971	1.610250856955378
ENSG00000229581	1.4113216220521019	2.774566657279383	3.19454563278658	2.5694731176781134	2.2422338193273217	1.4089694998359557
ENSG00000204735	20.16173745788717	15.260116615036607	15.573409959834578	8.89433002273193	24.664572012600537	13.284569569881867
ENSG00000108735	20.16173745788717	13.278283288408476	9.383977796310578	18.183963602029728	14.88027898280859	4.226908499507867
ENSG00000107039	17.94394633751958	33.69116655267822	43.326025144667994	35.77497186921066	36.894938299840476	13.48585092700129
ENSG00000172450	18.347181086677327	14.467383284385354	22.761137633604385	13.045017366673498	9.376614153550618	12.076881427165334
ENSG00000193457	46.77523090229823	51.52766649233139	35.5393201647507	54.94719436265504	112.51936984260742	64.81259699245396
ENSG00000180068	100.40545254027812	131.99009955343348	116.60091559671017	61.07439948942592	94.17382041174751	89.5702039181429
ENSG00000135502	53.02536951424326	43.402149853156054	51.11273012458528	47.8317303444695	48.106107396477086	33.613986638943516
ENSG00000167786	3.830730116998562	3.567299987930635	2.795227428688258	2.964776674243977	3.669109886171981	2.4153762854330667
ENSG00000158568	470.1717175179288	362.8736821056107	233.60114939751867	379.689066081512	171.42896745947976	304.53869332168586
ENSG00000171079	2.4194084949464605	0.3963666653256261	0.9982955102458063	2.17416956111225	1.630715504965325	0.6038440713582667
ENSG00000174293	15.524537842573121	30.3220498974104	22.56147853155522	12.254410253541772	10.803490220395277	14.894820426837246
ENSG00000204271	102.01839153690908	133.575566214736	276.7275154401375	164.6439313096822	137.9992996076906	180.1468146218829
ENSG00000245991	6.250138611945023	7.72914997384971	11.580227918851353	7.70841935303434	13.0457240397226	6.038440713582667
ENSG00000133174	573.3998133023111	250.70191581845853	416.6885459765996	277.89840026580214	272.1256498910886	407.79602952394947
ENSG00000204368	1104.661595317638	2393.2619252361305	2222.2058058071652	1500.769952502301	839.2069667427803	1107.4500268710613
ENSG00000173223	725.4193137347804	455.82166512447003	786.0578847675479	568.4465143417118	459.657932962101	576.4698067900254
ENSG00000118663	90.12296643675566	41.816683191853556	40.93011592007806	61.469703045991785	94.17382041174751	81.3176682762466
ENSG00000115709	166.53595140214802	129.81008289414257	266.5449012356303	207.33671541879545	284.15217674020784	206.71595376164666
ENSG00000136332	11.895425100153432	5.350949981895952	4.592159347130709	12.649713810107636	9.988132467912616	15.29738314107609
ENSG00000107001	48.993022022665826	55.68951647825047	80.66227722786114	53.95893547124038	53.60977222573505	34.82167478166005
ENSG00000162487	97.5828092961739	96.11891634146433	58.69977600245341	75.70063108236288	74.40139491404295	59.37800035022956
ENSG00000164179	27.21834556814768	30.718416562736024	31.945456327865802	25.101775841932337	25.887608641324533	40.25627142388445
ENSG00000222487	42.33964866156306	37.25846654060886	26.95397877663677	37.356186095474115	35.26422279487515	46.49599349458654
ENSG00000166276	10.080868728943585	33.492983220015404	16.571705470080385	18.183963602029728	21.810819878911218	17.91404078362858
ENSG00000213826	1.0080868728943586	0.19818333266281304	0.9982955102458063	0.9882588914146591	0.8153577524826625	0.6038440713582667
ENSG00000120989	77.01783708912899	56.08588314357609	67.0854582885182	51.389462353562266	44.84467638654643	61.59209527854321
ENSG00000242489	62.29976874487136	38.64574986924854	52.310684736880255	41.111569882849814	88.46631614436888	68.03309870636471
ENSG00000156340	1187.929571018712	777.8695807015413	1563.7300872490312	2053.2066728030954	1177.1727551468439	1776.5092579360207
ENSG00000130458	182.06048924472114	137.34104953532946	174.7017142930161	213.46392054556634	129.03036433038133	115.9380617007872
ENSG00000238230	29.032901939357526	46.17671651043544	36.337956572947355	27.868900737893384	43.82547919594311	49.112651137139025
ENSG00000200019	133.2690845966342	184.9050493744046	170.1095549458854	149.62239616017936	133.71867140715662	196.04804183431725
ENSG00000173143	73.79195909586704	78.08423306914834	112.40807445367778	136.57737879350586	84.18568794383489	44.68446128051174
ENSG00000148437	20.16173745788717	32.70024988936415	22.1621603274569	17.591008267180932	30.779755156220507	23.75120014009182
ENSG00000154835	18.95203321041394	13.476466621071289	13.377159837293805	7.70841935303434	14.472600106567258	17.71275942650916
ENSG00000146866	1.2097042474732302	0.7927333306512522	3.19454563278658	1.3835624479805226	0.8153577524826625	1.4089694998359557
ENSG00000139120	26.613493444411066	44.78943318179575	49.31579820614283	25.497079398498204	34.04118616615116	56.76134270767707
ENSG00000146107	629.4494434352374	1066.0281463932715	804.6261812581199	582.4797905998	1026.7392498137926	1087.5231725162384
ENSG00000119079	0.6048521237366151	0.7927333306512522	0.3993182040983225	0.5929553348487954	0.8153577524826625	0.805125428477689
ENSG00000103684	2.621025869525332	3.9636666532562614	3.394204734835742	4.743642678790363	4.076788762413313	3.0192203567913336
ENSG00000136546	116.73645988116672	139.5210661946204	132.77330286269225	109.89438872531008	152.26806027613722	128.82006855643024
ENSG00000178373	64.51755986523895	28.53839990344508	74.67250416638632	28.46185607274218	49.329144025201074	21.335823854658756
ENSG00000242009	57.259334380399565	83.43518305104429	39.13318400163561	47.238775009620696	65.63629907485432	80.5125428477689
ENSG00000122988	0.6048521237366151	0.5945499979884391	0.798636408196645	0.7906071131317273	0.8153577524826625	0.805125428477689
ENSG00000154676	12.90351197304779	11.69281662710597	8.984659592212257	9.091981801014864	16.510994487773914	8.453816999015734
ENSG00000102230	78.22754133660221	68.76961643399612	61.89432163524	67.20160461619682	64.20942300800967	115.53549898654836
ENSG00000243944	96.77633979785843	127.63006623485161	46.919888981552894	102.97657648540746	74.19755547592229	123.58675327132525
ENSG00000151485	47.98493514977147	46.96944984108669	52.90966204302774	56.33075681063556	31.3912734705825	49.313932494258445
ENSG00000140322	5.040434364471793	4.954583316570327	5.390795755327353	2.5694731176781134	8.561256401067956	6.23972207070209
ENSG00000206449	105.24426953017104	99.28984966406935	127.18284800531572	52.377721244976925	74.40139491404295	84.53816999015734
ENSG00000167201	3.024260618683076	1.5854666613025044	1.7969319184424513	0.9882588914146591	1.4268760668446592	1.8115322140748
ENSG00000120859	2.8226432441042038	5.945499979884391	0.9982955102458063	7.70841935303434	3.8729493242926467	3.6230644281496
ENSG00000210503	2.217791120367589	2.774566657279383	1.59727281639329	1.7788660045463862	2.0383943812066563	2.0128135711942226
ENSG00000122996	487.91404648086956	697.0107809751136	127.38250710736489	451.2390098199333	354.88446176807884	659.1964445661077
ENSG00000158439	8.669547106891482	13.476466621071289	10.581932408605546	15.614490484351613	13.657242354084595	9.86278649885169
ENSG00000241664	28.22643244104204	44.39306651647013	37.33625208319316	36.76323076062532	39.34101155728846	28.9845154251968
ENSG00000167881	0.0	0.0	0.3993182040983225	0.19765177828293182	0.0	0.0
ENSG00000218054	145.16450969678763	197.5887826648246	334.82831413644345	195.08230516525367	444.7776539792924	245.965818399934
ENSG00000208881	57.86418650413618	61.83319979079768	49.71511641024115	71.54994373842132	61.55951031244101	39.249864638287335
ENSG00000154186	1.2097042474732302	1.5854666613025044	0.3993182040983225	1.9765177828293181	0.6115183143619968	0.805125428477689
ENSG00000122473	1.4113216220521019	0.7927333306512522	0.3993182040983225	1.3835624479805226	1.630715504965325	0.6038440713582667
ENSG00000176311	800.2193597035418	763.4021974171559	754.3120875417313	659.1686805735775	629.2523454784947	617.7324849995068
ENSG00000244670	5.242051739050664	2.3781999919537564	6.588750367622321	5.336598013639159	2.0383943812066563	3.220501713910756
ENSG00000140092	1561.1233313642035	1083.8646463329246	809.4179997072998	1235.5212660466066	1167.1846226789314	1800.059176718993
ENSG00000218351	12.500277223890047	13.476466621071289	16.571705470080385	5.929553348487954	19.364746621463233	9.258942427493423
ENSG00000225011	0.6048521237366151	0.0	0.0	0.5929553348487954	0.0	0.0
ENSG00000114773	272.1834556814768	215.02891593915217	276.12853813399	278.88665915721674	231.35776226695546	226.84408947358887
ENSG00000158327	80.04209770781208	48.75309983505201	66.4864809823707	64.23682794195282	80.51657805766293	110.10090234432397
ENSG00000248045	110.88955601837944	89.18249969826589	97.4336417999907	192.90813560414142	112.92704871884875	137.27388555544596
ENSG00000236902	12.298659849311173	16.251033278350672	11.779887020900514	6.720160461619681	10.803490220395277	9.258942427493423
ENSG00000219291	19.556885334150554	11.69281662710597	14.974432653687096	20.95108849799077	20.995462126428556	20.53069842618107
ENSG00000108634	197.98826183645204	162.3121494508439	161.92353176186978	214.452179436981	128.41884601601933	147.53923476853652
ENSG00000146372	1.8145563712098454	3.1709333226050087	8.18602318401561	6.917812239902613	4.484467638654643	6.441003427821512
ENSG00000197358	0.6048521237366151	0.3963666653256261	0.3993182040983225	0.5929553348487954	0.6115183143619968	0.4025627142388445
ENSG00000160831	163.91492553262268	140.11561619260883	124.78693878072579	93.68694290610968	132.0879559021913	226.84408947358887
ENSG00000167571	7.661460233997124	8.125516639175336	7.9863640819664505	9.88258891414659	5.503664829257971	4.830752570866133
ENSG00000185427	588.7227337703055	391.6102653417186	403.31138613930574	198.64003717434645	448.85444274170567	310.3758526781491
ENSG00000234280	12.298659849311173	11.098266629117532	12.179205224998837	8.301374687883136	20.180104373945895	12.076881427165334
ENSG00000178650	15.927772591730864	16.647399943676294	13.976137143441289	12.649713810107636	12.026526849119271	8.453816999015734
ENSG00000130517	18.145563712098454	15.45829994769942	15.373750857785415	11.859106696975909	16.30715504965325	11.67431871292649
ENSG00000153227	0.0	0.3963666653256261	0.19965910204916126	0.39530355656586363	0.40767887624133126	0.4025627142388445
ENSG00000174593	302.2244444937287	221.76714924968783	269.3401286643185	231.45023236931314	178.3595083555824	311.3822594637462
ENSG00000152350	5.242051739050664	4.360033318581888	11.380568816802192	3.162428452526909	10.599650782274612	8.453816999015734
ENSG00000196749	24.597319698622346	20.01651659894412	11.779887020900514	27.275945403044588	10.191971906033281	8.252535641896312
ENSG00000205953	457.6714402940388	401.71761530752207	525.1034383892941	416.6499486204202	472.2959781255822	930.9262766773279
ENSG00000210849	40.928327039510954	37.456649873271665	18.568296490572	21.7416956111225	16.510994487773914	32.20501713910756
ENSG00000173383	186.49607148545633	76.89513307317146	182.88773747703172	164.24862775311635	135.55322635024262	144.92257712598402
ENSG00000169787	27.621580317305426	67.77869977068207	79.06500441146785	25.694731176781133	49.94066233956307	36.83448835285427
ENSG00000171213	106.05073902848652	203.1379159793834	156.53273600654245	152.1918692778575	90.0970316493342	109.69833963008512
ENSG00000191534	74.59842859418254	49.14946650037764	27.35329698073509	48.424685679318294	40.56404818601246	31.198610353510446
ENSG00000217735	220.9726425384434	150.2229661584123	276.9271745421867	298.25653342894407	409.10575230817585	410.6139685236214
ENSG00000141760	23.185998076570247	24.772916582851632	18.368637388522835	13.24266914495643	24.664572012600537	16.706352640912044
ENSG00000169398	50.404343644717926	61.635016458134864	52.310684736880255	57.31901570205022	106.40418669898746	86.14842084711272
ENSG00000210037	10.282486103522459	6.7382333105356444	4.392500245081548	4.743642678790363	11.61884797287794	8.85637971325458
ENSG00000131097	150.00332668668057	358.5136487870288	214.23421649875002	349.05304044765757	316.358807963273	391.6935209543957
ENSG00000192222	0.0	0.7927333306512522	0.0	0.7906071131317273	0.0	0.4025627142388445
ENSG00000162630	46.37199615314049	51.13129982700577	39.13318400163561	62.06265838084059	55.85200604506238	35.22423749589889
ENSG00000186035	62.703003494029105	44.39306651647013	43.925002450815484	56.13310503235263	32.81814953742716	61.793376635662625
ENSG00000147578	62.098151370292484	46.57308317576107	49.11613910409367	47.436426787903635	45.86387357714976	63.80619020685685
ENSG00000221683	29.43613668851527	22.989266588886316	18.767955592621156	31.821936303552018	32.206631223065166	21.53710521177818
ENSG00000203968	368.7581781047564	354.5499821337725	339.42047348357414	535.8339709250281	292.50959370315513	480.4585994440609
ENSG00000212484	1867.3801233495096	1885.912593619329	2470.3820696542725	874.6091189019733	1858.4041573461084	1377.5696081253259
ENSG00000191496	6.854990735681638	10.701899963791904	7.9863640819664505	4.545990900507432	8.968935277309287	7.8499729276574675
ENSG00000221389	0.8064694983154869	0.3963666653256261	0.798636408196645	0.7906071131317273	0.6115183143619968	1.2076881427165334
ENSG00000136000	1.6129389966309737	4.360033318581888	3.5938638368849025	1.1859106696975907	3.4652704480513155	2.6166576425524894
ENSG00000123630	4.838816989892921	4.360033318581888	6.189432163524	7.9060711313172725	6.5228620198613	6.642284784940934
ENSG00000205259	19.758502708729427	10.30553329846628	20.36522840901445	7.510767574751409	18.753228307101235	28.179389996719117
ENSG00000115111	20.968206956202657	15.656483280362233	17.570000980326192	23.32290983738595	31.187434032461837	23.34863742585298
ENSG00000222529	176.8184375056705	199.76879932411558	150.5429629450676	198.64003717434645	92.74694434490284	141.70207541207327
ENSG00000152468	11.895425100153432	12.485549957757224	12.378864327048	10.673196027278317	12.026526849119271	7.044847499179779
ENSG00000236348	22.37952857825476	24.178366584863195	32.94375183811161	37.75148965203997	26.29528751756586	32.00373578198814
ENSG00000143264	47.78331777519259	30.123866564747583	51.11273012458528	22.532302724254222	20.587783250187226	46.49599349458654
ENSG00000191953	6.451755986523895	5.15276664923314	4.192841143032387	3.9530355656586362	3.057591571809984	5.635877999343823
ENSG00000149753	19.355267959571684	13.278283288408476	18.368637388522835	11.266151362127111	20.383943812066562	17.10891535515089
ENSG00000193725	2771.230813586592	6061.0408628268115	6726.315488934193	7767.319582962654	9090.831261305444	8644.631725564946
ENSG00000193274	26.21025869525332	16.251033278350672	32.74409273606244	25.497079398498204	23.441535383876545	23.147356068733558
ENSG00000158498	4.637199615314049	2.3781999919537564	3.394204734835742	6.127205126770886	9.580453591671283	3.220501713910756
ENSG00000215745	0.20161737457887172	0.19818333266281304	0.3993182040983225	0.0	0.40767887624133126	0.4025627142388445
ENSG00000207032	237.10203250475314	200.75971598742962	166.9150093130988	216.03339366324448	189.97835632846036	144.52001441174517
ENSG00000199799	7.05660811026051	14.863749949710979	8.984659592212257	11.859106696975909	16.103315611532583	13.888413641240135
ENSG00000210719	8.064694983154869	5.549133314558766	11.380568816802192	9.091981801014864	7.338219772343962	9.258942427493423
ENSG00000205158	4372.4760024919915	4482.708801500168	3480.25780781893	4876.85997735306	3995.660666041287	2335.8701493708954
ENSG00000160043	571.988491680259	270.322065752077	669.2573100687886	439.3799031229574	417.8708481473645	384.8499548123353
ENSG00000230046	0.20161737457887172	2.3781999919537564	0.0	0.5929553348487954	1.630715504965325	0.6038440713582667
ENSG00000227573	9.47601660520697	12.089183292431597	6.189432163524	12.056758475258839	10.803490220395277	10.265349213090534
ENSG00000162550	218.1499992943392	366.24279876087854	194.06864719178475	162.8650653051358	274.9794020247779	247.37478789976993
ENSG00000200309	158.87449116815088	142.2956328518998	126.78352980121741	220.18408100718602	126.176612196692	141.70207541207327
ENSG00000210775	2.4194084949464605	5.350949981895952	3.5938638368849025	3.3600802308098405	0.20383943812066563	2.6166576425524894
ENSG00000247652	690.1362731834779	494.0710483283929	701.0031072946052	1204.0946332996207	500.6296600243548	726.4244178439949
ENSG00000171400	641.7481032845487	952.4690967774795	913.4403918749128	1149.1474389369655	1187.1608876147566	746.5525535559372
ENSG00000207952	2.217791120367589	2.9727499899421956	2.5955683266390963	3.7553837873757043	4.280628200533978	3.220501713910756
ENSG00000126690	0.40323474915774343	1.5854666613025044	0.3993182040983225	0.7906071131317273	0.6115183143619968	1.0064067855971113
ENSG00000108065	1.6129389966309737	1.3872833286396915	2.395909224589935	1.5812142262634545	3.4652704480513155	1.0064067855971113
ENSG00000136814	114.1154340116414	145.86293283983042	127.18284800531572	125.70653098794462	89.28167389685153	64.81259699245396
ENSG00000178254	172.98770738867194	184.31049937641615	60.89602612499419	385.02566409515117	194.87050284335632	211.54670633251277
ENSG00000136331	23.387615451149117	30.718416562736024	35.5393201647507	43.08808766567913	32.6143100993065	32.00373578198814
ENSG00000155247	7.661460233997124	8.918249969826588	7.187727673769805	6.522508683336749	8.561256401067956	10.8691932844488
ENSG00000222668	16.734242090046354	26.754749909479763	23.759433143850192	26.880641846478724	29.964397403737845	35.02295613877947
ENSG00000179913	67.34020310934315	103.45169964998841	76.66909518687793	119.9746294177396	117.81919523374472	64.00747156397628
ENSG00000101042	2.621025869525332	2.774566657279383	0.798636408196645	4.545990900507432	2.446073257447987	4.025627142388445
ENSG00000127410	0.40323474915774343	0.19818333266281304	0.9982955102458063	1.5812142262634545	1.2230366287239935	1.610250856955378
ENSG00000208281	18.95203321041394	23.38563325421194	14.17579624549045	17.393356488898	16.30715504965325	28.58195271095796
ENSG00000107344	416.9447306291067	346.0280988292716	390.3335445061103	340.94931753805736	493.6991191282521	418.8665041655177
ENSG00000234776	49.59787414640244	55.49133314558765	58.50011690040425	45.262257226791384	20.791622688307893	38.0421764955708
ENSG00000120875	20.766589581623784	36.26754987729479	53.30898024712606	64.03917616366991	49.94066233956307	54.345966422244004
ENSG00000241004	6.451755986523895	8.52188330450096	4.79181844917987	7.115464018185545	7.338219772343962	7.648691570538045
ENSG00000209334	220.9726425384434	159.14121612823888	180.29216915039262	141.1233696940133	257.856889222642	217.58514704609544
ENSG00000181496	0.8064694983154869	0.5945499979884391	0.5989773061474838	0.7906071131317273	1.0191971906033281	1.2076881427165334
ENSG00000214283	16.53262471546748	36.66391654262041	26.55466057253845	16.800401154049204	30.16823684185851	20.731979783300492
ENSG00000160521	6.854990735681638	9.710983300477839	4.79181844917987	10.475544248995385	6.930540896102631	7.648691570538045
ENSG00000218378	14.919685718836506	21.601983260246623	19.965910204916128	34.58906119951307	24.25689313635921	14.089694998359558
ENSG00000184838	2.621025869525332	4.756399983907513	3.19454563278658	0.39530355656586363	5.0959859530166405	4.6294712137467116
ENSG00000127915	265.7316996949529	116.53179960573408	58.50011690040425	121.16054008743718	117.61535579562405	67.0266919207676
ENSG00000136262	33.46848418009271	22.7910832562235	14.57511444958877	13.24266914495643	14.676439544687923	18.517884854986846
ENSG00000186125	6.854990735681638	9.909166633140654	12.57852342909716	12.056758475258839	8.153577524826625	8.05125428477689
ENSG00000206534	128.63188498132016	51.13129982700577	83.4575046565494	84.79261288337774	47.90226795835642	81.11638691912717
ENSG00000161666	20.16173745788717	45.38398317978419	29.349888001226706	29.647766742439767	18.957067745221902	31.39989171062987
ENSG00000101926	15.524537842573121	6.341866645210017	7.9863640819664505	9.684937135863658	5.707504267378637	17.71275942650916
ENSG00000242250	12.701894598468918	11.296449961780345	17.370341878277028	11.266151362127111	11.61884797287794	8.252535641896312
ENSG00000177319	74.19519384502479	148.6374994971098	88.24932310572927	172.94530599756533	37.71029605232314	163.6417433380903
ENSG00000225325	3.024260618683076	1.3872833286396915	6.588750367622321	4.150687343941568	3.26143100993065	3.220501713910756
ENSG00000127502	11.895425100153432	21.800166592909434	19.766251102866963	20.555784941424907	11.822687410998604	23.75120014009182
ENSG00000178390	14.11321622052102	19.620149933618496	11.580227918851353	23.520561615668885	12.841884601601933	12.278162784284756
ENSG00000140585	56.65448225666295	41.22213319386512	46.32091167540541	64.43447972023577	38.11797492856447	56.56006135055765
ENSG00000225446	9.072781856049227	17.63831660699036	24.358410449997674	12.847365588390566	26.906805831927862	21.939667926017023
ENSG00000141538	2409.327626217517	2293.7738922393987	1555.9433822691137	1704.5489359120038	2524.755280562564	2673.418985260166
ENSG00000236539	1.0080868728943586	1.3872833286396915	0.5989773061474838	1.7788660045463862	0.20383943812066563	0.6038440713582667
ENSG00000187617	87.09870581807257	58.06771647020423	117.19989290285767	44.07634655709379	59.11343705499303	65.2151597066928
ENSG00000177229	17.137476839204094	27.547483240131015	45.72193436925793	23.520561615668885	18.54938886898057	20.128135711942225
ENSG00000193217	145.76936182052424	222.75806591300187	253.1677413983365	233.0314465955766	133.71867140715662	316.21301203461235
ENSG00000153932	0.8064694983154869	1.5854666613025044	1.1979546122949676	1.3835624479805226	1.8345549430859904	1.0064067855971113
ENSG00000156532	136.49496258989615	215.62346593714062	561.0420767581431	208.3249743102101	198.131933853287	330.50398839009137
ENSG00000246785	3.024260618683076	1.3872833286396915	2.196250122540774	1.1859106696975907	0.6115183143619968	3.0192203567913336
ENSG00000174527	128.2286502321624	104.64079964596529	99.62989192253147	79.45601486973858	87.24327951564487	62.19593934990147
ENSG00000131963	77.82430658744448	89.77704969625432	67.68443559466567	94.08224646267554	40.767887624133124	76.28563434826103
ENSG00000101464	25.80702394609558	32.70024988936415	32.94375183811161	51.587114131845205	25.887608641324533	21.939667926017023
ENSG00000142447	7.05660811026051	8.52188330450096	7.187727673769805	5.929553348487954	4.076788762413313	8.252535641896312
ENSG00000151985	6.653373361102767	6.7382333105356444	3.19454563278658	11.661454918692975	6.115183143619968	2.4153762854330667
ENSG00000159048	24.395702324043476	11.296449961780345	26.355001470489285	30.63602563385443	15.491797297170587	25.96529506840547
ENSG00000116081	6.854990735681638	4.558216651244701	9.58363689835974	10.080240692429522	4.484467638654643	4.830752570866133
ENSG00000137937	0.8064694983154869	0.7927333306512522	0.19965910204916126	0.5929553348487954	0.8153577524826625	0.4025627142388445
ENSG00000247631	0.40323474915774343	0.7927333306512522	0.798636408196645	1.1859106696975907	1.0191971906033281	0.20128135711942224
ENSG00000150469	113.10734713874703	68.17506643600768	133.57193927088886	205.75550119253202	174.07888015504844	97.42017684580036
ENSG00000166740	209.4804521874477	107.61354963590749	131.17603004629893	201.01185851374163	235.2307115912481	154.18151955347744
ENSG00000113429	112.70411238958928	33.492983220015404	42.72704783852051	93.2916393495438	19.772425497704564	52.33315285104978
ENSG00000116161	26.411876069832193	39.636666532562614	40.33113861393057	25.497079398498204	30.983594594341174	47.09983756594481
ENSG00000150157	57.86418650413618	39.83484986522543	27.552956082784256	73.72411329953356	68.28621177042298	45.69086806610885
ENSG00000107103	106.45397377764426	54.50041648227359	70.67932212540309	71.15464018185544	54.42512997821772	39.249864638287335
ENSG00000221510	37.70244904624901	47.56399983907513	26.355001470489285	32.217239860117886	50.3483412158044	41.262678209481564
ENSG00000225586	4.838816989892921	4.756399983907513	6.189432163524	5.336598013639159	3.26143100993065	4.6294712137467116
ENSG00000235705	8.064694983154869	9.116433302489401	4.79181844917987	14.626231592936954	5.707504267378637	10.466630570209958
ENSG00000115986	2.4194084949464605	1.1890999959768782	3.5938638368849025	2.17416956111225	2.2422338193273217	3.8243457852690224
ENSG00000244018	58.267421253293925	44.39306651647013	41.92841143032387	24.904124063649405	28.333681898772518	28.9845154251968
ENSG00000215291	1.8145563712098454	4.161849985919074	3.394204734835742	5.5342497919220905	3.4652704480513155	2.0128135711942226
ENSG00000204103	16.53262471546748	13.278283288408476	25.356705960243477	32.61254341668375	21.606980440790554	30.997328996391026
ENSG00000228953	477.63156037734706	295.4913490002543	305.6780852372659	369.2135218325166	153.4910969048612	306.3502255357606
ENSG00000217507	12.90351197304779	10.503716631129091	9.383977796310578	9.487285357580726	18.345549430859904	14.4922577125984
ENSG00000170925	110.68793864380056	202.54336598139494	171.7068277622787	156.34255662179905	132.49563477843265	180.75065869324118
ENSG00000166654	640.7400164116542	427.87781521901337	571.4243500646995	823.219656548411	718.7378588134669	420.67803637959247
ENSG00000100155	0.20161737457887172	0.5945499979884391	0.19965910204916126	0.39530355656586363	1.4268760668446592	0.0
ENSG00000172693	1.8145563712098454	1.5854666613025044	1.59727281639329	2.3718213393951815	1.2230366287239935	1.4089694998359557
ENSG00000145645	95.96987029954293	56.680433141564535	91.04455053441754	55.73780147578677	53.813611663855724	41.262678209481564
ENSG00000235742	8.064694983154869	7.72914997384971	9.184318694261417	4.743642678790363	7.949738086705959	3.0192203567913336
ENSG00000171030	62.90462086860797	99.48803299673216	63.691253553682444	53.365980136391585	112.11169096636608	60.5856884929461
ENSG00000103233	140.12407533231584	114.54996627910594	127.18284800531572	121.95114720056893	135.96090522648396	81.3176682762466
ENSG00000175618	8.467929732312612	8.52188330450096	11.380568816802192	18.38161538031266	8.153577524826625	11.271755998687645
ENSG00000142902	171.37476839204095	151.41206615438918	219.62501225407738	93.48929112782675	120.06142905307205	121.37265834301161
ENSG00000237376	597.190663502618	855.9538137706896	766.8906109708284	1077.597495198544	1031.2237174524473	702.8744990610224
ENSG00000235197	128.43026760674127	123.66639958159536	241.1881952753868	122.14879897885184	156.95636735291254	152.36998733940263
ENSG00000203447	4.435582240735178	6.5400499778728305	3.394204734835742	3.5577320090927724	4.076788762413313	4.025627142388445
ENSG00000205446	21.976293829097017	19.223783268292866	17.17068277622787	21.148740276273703	26.29528751756586	22.744793354494714
ENSG00000130795	5.443669113629536	12.485549957757224	10.981250612703871	5.5342497919220905	16.918673364015245	9.057661070374001
ENSG00000168717	578.2386302922041	538.6622981775259	522.1085518585567	283.8279536142901	462.1040062195489	652.151597066928
ENSG00000110638	20.16173745788717	21.99834992557225	14.17579624549045	31.426632746986154	10.191971906033281	15.096101783956668
ENSG00000104494	8.064694983154869	5.15276664923314	7.387386775818967	4.150687343941568	4.280628200533978	8.655098356135156
ENSG00000221833	51.815665266770026	26.160199911491322	17.570000980326192	27.275945403044588	19.160907183342566	50.92418335121383
ENSG00000239506	52.42051739050664	139.32288286195757	64.68954906392825	88.94330022731931	76.43978929524961	73.06513263435028
ENSG00000154742	14.718068344257635	16.449216611013483	17.370341878277028	15.021535149502817	18.54938886898057	10.8691932844488
ENSG00000232156	32.0571625580406	22.394716590897875	32.74409273606244	20.95108849799077	52.998253911373055	26.16657642552489
ENSG00000123046	18.548798461256197	15.260116615036607	23.759433143850192	34.39140942123013	18.753228307101235	32.6075798533464
ENSG00000111981	111.69602551669493	174.79769940860112	91.64352784056501	176.30538622837517	136.9801024170873	169.07633998031469
ENSG00000207062	127.42218073384691	242.37821584662038	244.9817182143209	363.08631670574573	138.81465736017327	322.251452748195
ENSG00000186433	88.51002744012469	71.1478164259499	32.34477453196413	36.367927204059455	58.90959761687236	72.66256992011144
ENSG00000171364	12.701894598468918	15.061933282373792	10.382273306556385	9.88258891414659	9.784293029791948	16.706352640912044
ENSG00000228170	78.22754133660221	56.87861647422734	48.91648000204451	85.1879164399436	61.35567087432035	88.56379713254579
ENSG00000144191	11.290572976416815	6.5400499778728305	4.79181844917987	5.336598013639159	5.911343705499302	5.635877999343823
ENSG00000175027	239.92467574885734	246.93643249786507	245.7803546225175	286.5950785102511	155.9371701623092	231.07099797309672
ENSG00000155794	70.76769847718397	38.843933201911355	58.30045779835508	63.05091727225525	40.15636930977112	73.2664139914697
ENSG00000143226	43.75097028361516	47.762183171737945	51.11273012458528	50.401203462147606	47.29074964399442	25.764013711286047
ENSG00000176308	0.8064694983154869	0.0	0.5989773061474838	0.5929553348487954	0.20383943812066563	0.4025627142388445
ENSG00000192708	2264.163116520729	3001.6847565109665	2176.883189642005	3402.970666697237	1564.263848137988	3157.701930489496
ENSG00000110296	568.5609963124183	292.9149656756377	531.093211450769	369.2135218325166	473.9266936305475	397.53068031085894
ENSG00000187704	232.66645026401795	163.50124944682076	414.6919549561079	335.6127195244182	128.01116713977802	224.02615047391697
ENSG00000184484	31.65392780888286	56.48224980890172	30.74750171557083	40.71626632628395	56.667363797545036	40.25627142388445
ENSG00000203371	145.9709791951031	73.72419975056646	127.18284800531572	111.8709065081394	67.67469345606098	96.41377006020325
ENSG00000130106	11044.398162056013	6020.01691296561	9884.722824249875	9999.005811555237	6146.778256528671	7718.133638744246
ENSG00000159616	8.26631235773374	7.13459997586127	13.776478041392128	8.696678244449	13.249563477843264	4.830752570866133
ENSG00000228399	172.18123789035644	133.7737495473988	121.19307494384088	139.146851911184	209.1392635118029	121.77522105725046
ENSG00000141677	93.14722705543873	64.40958311541425	139.7613714344129	158.51672618291133	109.0540993945561	58.57287492175187
ENSG00000178183	41.129944414089834	36.86209987528323	49.71511641024115	23.718213393951817	40.767887624133124	44.88574263763116
ENSG00000219332	98.99413091822602	34.285716550666656	48.71682089999535	52.18006946669399	36.079580547357814	53.54084099376632
ENSG00000243818	5.6452864882084075	2.774566657279383	2.196250122540774	5.138946235356227	5.707504267378637	3.6230644281496
ENSG00000173636	234.88424138438555	149.43023282776105	64.29023085982993	64.03917616366991	149.4143081424479	63.40362749261801
ENSG00000170908	4.032347491577434	1.7836499939653174	2.795227428688258	2.17416956111225	1.2230366287239935	2.214094928313645
ENSG00000199887	1736.3288298732432	1368.4559120367242	1570.7181558207517	1010.7911941389133	1346.7671676632376	1060.7527520193553
ENSG00000123729	142.5434838272623	174.5995160759383	204.85023870243944	119.77697763945666	140.85305174137991	135.26107198425174
ENSG00000173050	12.298659849311173	5.549133314558766	6.988068571720644	9.487285357580726	7.949738086705959	4.6294712137467116
ENSG00000198732	0.6048521237366151	0.3963666653256261	0.798636408196645	0.39530355656586363	0.0	0.0
ENSG00000169991	55.04154326003197	45.38398317978419	29.15022889917754	35.57732009092772	47.90226795835642	81.518949633366
ENSG00000145640	111.09117339295831	138.33196619864353	112.40807445367778	74.31706863438235	59.52111593123436	54.94981049360227
ENSG00000201362	1.0080868728943586	1.5854666613025044	4.991477551229032	4.545990900507432	1.8345549430859904	4.42818985662729
ENSG00000134163	1127.4443586450504	1302.4608622600074	374.3608163421774	1109.814735058662	776.0167409253739	997.5504058838567
ENSG00000185788	18.347181086677327	90.17341636157994	75.87045877868128	39.33270387830343	44.84467638654643	50.32033927985556
ENSG00000159036	13.10512934762666	20.214699931606933	9.783296000408903	20.358133163141975	9.580453591671283	20.128135711942225
ENSG00000147381	1.0080868728943586	1.7836499939653174	1.397613714344129	3.7553837873757043	1.2230366287239935	3.0192203567913336
ENSG00000117548	16.734242090046354	29.331133234096335	27.153637878685934	17.195704710615065	34.65270448051316	51.528027422572094
ENSG00000156833	18.75041583583507	23.583816586874754	19.16727379671948	16.009794040917477	23.033856507635214	32.80886121046582
ENSG00000184286	134.8820235932652	70.94963309328708	69.28170841105896	168.20166331877496	138.2031390458113	96.41377006020325
ENSG00000213320	325.8136773194567	174.79769940860112	379.55195299545557	134.99616456724243	206.2855113781136	386.05764295505185
ENSG00000156422	33.670101554671575	29.925683232084772	42.92670694056967	26.287686511629932	35.46806223299581	20.53069842618107
ENSG00000208424	90.92943593507114	71.74236642393834	105.22034677990798	139.54215546774986	120.26526849119271	65.81900377805107
ENSG00000236052	465.53451790261477	532.3204315323159	700.0048117843594	560.7380949886775	580.7385592057764	711.1270347029188
ENSG00000112666	219.76293829097014	130.404632892131	157.7306906188374	185.39736802939	125.36125444420935	73.06513263435028
ENSG00000203078	16.734242090046354	27.745666572793827	22.960796735653545	19.962829606576115	18.345549430859904	22.946074711614138
ENSG00000232317	94.76016605206969	102.65896631933717	60.2970488188467	92.10572867984621	125.1574150060887	187.39294347818213
ENSG00000104354	10.282486103522459	18.62923327030443	11.779887020900514	12.056758475258839	9.580453591671283	15.901227212434355
ENSG00000197895	102.82486103522457	63.815033117425806	97.83296000408902	75.70063108236288	55.44432716882105	112.71755998687647
ENSG00000241169	32.662014681777215	57.47316647221578	34.740683756554056	26.682990068195792	26.499126955686528	41.262678209481564
ENSG00000162942	5.846903862787279	1.3872833286396915	4.79181844917987	2.3718213393951815	3.057591571809984	3.6230644281496
ENSG00000169968	69.55799422971074	164.88853277546048	64.68954906392825	72.34055085155305	69.30540896102632	117.34703120062316
ENSG00000113489	35.48465792588142	53.31131648629672	47.119548083602055	38.73974854345463	30.983594594341174	36.431925638615425
ENSG00000164200	117.94616412863995	126.63914957153753	139.36205323031456	114.24272784753458	140.4453728651386	90.97917341797886
ENSG00000124940	1.6129389966309737	1.3872833286396915	2.5955683266390963	3.3600802308098405	4.484467638654643	2.214094928313645
ENSG00000235934	424.6061908631038	261.4038157822504	131.77500735244644	195.2799569435366	412.16334387998586	251.19913368503896
ENSG00000192854	358.274074626655	442.1470151707359	350.60138319832714	289.3622034062122	179.99022386054773	150.75973648244724
ENSG00000164256	16.935859464625224	23.187449921549128	11.380568816802192	6.720160461619681	22.218498755152552	9.258942427493423
ENSG00000153888	46.97684827687711	34.08753321800384	17.17068277622787	46.448167896488975	19.568586059583897	22.946074711614138
ENSG00000151497	40.12185754119547	55.09496648026203	35.140001960652384	44.273998335376724	47.08691020587376	30.59476628215218
ENSG00000141798	39.9202401666166	48.554916502389204	42.92670694056967	19.76517782829318	24.25689313635921	48.911369780019605
ENSG00000213547	149.39847456294396	111.97358295448937	115.60262008646437	170.17818110160428	175.09807734565177	112.31499727263761
ENSG00000224046	6.451755986523895	12.28736662509441	8.385682286064775	10.673196027278317	3.8729493242926467	10.064067855971112
ENSG00000210937	4.637199615314049	2.180016659290944	3.9931820409832253	3.3600802308098405	2.2422338193273217	3.6230644281496
ENSG00000170197	17.74232896294071	24.57473325018882	23.759433143850192	34.58906119951307	18.957067745221902	15.498664498195513
ENSG00000228586	1280.6735633249932	1470.1239616927471	487.36786810200266	990.2354091974883	2595.2837261523146	1590.9278466719134
ENSG00000230744	15.524537842573121	31.511149893387277	19.366932898768642	21.346392054556635	11.415008534757273	17.31019671227031
ENSG00000152823	3.2258779932619475	5.350949981895952	3.19454563278658	3.7553837873757043	7.745898648585293	3.8243457852690224
ENSG00000212979	4.233964866156306	8.323699971838147	7.9863640819664505	7.9060711313172725	4.280628200533978	3.421783071030178
ENSG00000243065	62.50138611945023	32.105699891375714	36.13829747089819	35.57732009092772	47.49458908211509	91.78429884645655
ENSG00000205830	300.00665337336113	225.53263257028127	391.1321809143069	160.49324396574062	347.5462419957349	484.2829452293299
ENSG00000230663	5.242051739050664	8.125516639175336	4.79181844917987	4.941294457073295	4.076788762413313	6.23972207070209
ENSG00000190989	50.001108895560186	88.58794970027745	55.704889471715994	46.6458196747719	39.13717211916779	36.029362924376585
ENSG00000153914	61.694916621134745	36.66391654262041	34.14170645040657	65.02743505508457	44.23315807218444	47.30111892306422
ENSG00000201194	87.50194056723032	85.61519971033523	33.14341094016077	72.93350618640184	132.90331365467398	84.73945134727676
ENSG00000183345	31.049075685146242	29.727499899421957	52.310684736880255	50.79650701871347	54.83280885445905	41.665240923720404
ENSG00000232375	199.3995834585041	435.4087818602003	418.2858187929928	265.8416417905433	290.6750387600692	342.98343253149545
ENSG00000244832	97.78442667075278	178.16681606386894	144.55318988359275	124.32296853996411	137.3877812933286	132.84569569881867
ENSG00000189039	8.064694983154869	10.30553329846628	12.179205224998837	7.70841935303434	10.395811344153946	6.038440713582667
ENSG00000227926	3069.8261453379005	3200.660822504431	2452.412750469848	4760.640731722696	2448.9270095816764	4735.747770305767
ENSG00000222070	1.2097042474732302	1.7836499939653174	1.7969319184424513	1.7788660045463862	1.8345549430859904	2.214094928313645
ENSG00000135088	1.6129389966309737	0.5945499979884391	4.392500245081548	1.3835624479805226	1.4268760668446592	3.0192203567913336
ENSG00000172716	230.0454243944926	197.78696599748744	194.06864719178475	150.4130032733111	168.16753644954915	194.03522826312303
ENSG00000157474	29.637754063094143	76.30058307518303	74.47284506433715	28.65950785102511	23.23769594575588	85.1420140615156
ENSG00000172047	14.718068344257635	18.62923327030443	19.16727379671948	15.021535149502817	25.07225088884187	13.48585092700129
ENSG00000167124	53.428604263401006	41.22213319386512	56.303866777863476	83.60670221368015	51.16369896828707	42.06780363795925
ENSG00000207296	151.61626568331152	94.33526634749902	72.27659494179638	136.77503057178882	148.1912715137239	104.46502434498015
ENSG00000217102	15.726155217151993	10.503716631129091	14.774773551637933	10.080240692429522	14.268760668446593	7.8499729276574675
ENSG00000175331	4.233964866156306	10.701899963791904	5.7901139594256765	11.661454918692975	8.561256401067956	10.064067855971112
ENSG00000132535	5.443669113629536	2.9727499899421956	5.390795755327353	4.150687343941568	5.299825391137306	7.2461288562992
ENSG00000207512	7.459842859418253	7.13459997586127	6.788409469671484	7.313115796468477	2.0383943812066563	6.23972207070209
ENSG00000136714	4.233964866156306	3.1709333226050087	4.392500245081548	7.115464018185545	6.319022581740634	10.265349213090534
ENSG00000140018	258.0702394609558	432.0396652049325	340.81808719791826	255.76140109811374	272.32948932920925	367.94232081430386
ENSG00000126654	54.03345638713762	58.464083135529854	45.52227526720877	33.996105864664266	40.767887624133124	32.00373578198814
ENSG00000102360	116.73645988116672	67.38233310535644	39.73216130778309	131.43843255814963	141.6684094938626	104.46502434498015
ENSG00000135215	7.863077608575996	10.107349965803467	5.590454857376516	9.487285357580726	12.841884601601933	4.6294712137467116
ENSG00000200452	338.11233716876785	401.51943197485923	198.66080653891547	227.69484858193744	275.3870809010192	422.08700587942843
ENSG00000223680	2.217791120367589	1.7836499939653174	0.798636408196645	1.3835624479805226	0.40767887624133126	1.4089694998359557
ENSG00000144773	109.47823439632734	71.74236642393834	123.38932506638167	91.31512156671448	104.3657923177808	72.86385127723085
ENSG00000202729	138.7127537102637	146.65566617048165	96.63500539179405	81.23488087428497	150.84118420929255	128.82006855643024
ENSG00000122330	11.693807725574558	6.936416643198457	7.387386775818967	11.068499583844181	12.026526849119271	8.252535641896312
ENSG00000126289	5.040434364471793	3.567299987930635	3.394204734835742	2.3718213393951815	4.688307076775309	3.220501713910756
ENSG00000196297	76.81621971455012	73.72419975056646	57.90113959425677	92.50103223641209	83.37033019135222	48.71008842290018
ENSG00000176195	5.443669113629536	8.52188330450096	5.7901139594256765	11.661454918692975	7.338219772343962	10.265349213090534
ENSG00000236133	4.435582240735178	3.9636666532562614	5.191136653278193	4.3483391222245	8.765095839188621	6.038440713582667
ENSG00000235231	44.960674531088394	26.754749909479763	21.563183021309413	33.00784697324961	29.964397403737845	26.569139139763735
ENSG00000132828	5.443669113629536	2.774566657279383	2.5955683266390963	2.7671248959610453	3.4652704480513155	1.8115322140748
ENSG00000217225	21.16982433078153	32.502066556701344	28.551251593030063	24.31116872880061	37.30261717608181	16.706352640912044
ENSG00000219692	2787.5618209274803	796.6969973045085	1543.963836146164	1362.018404147683	2341.2997862539655	1603.4072908133176
ENSG00000231262	15.322920467994248	9.116433302489401	13.576818939342967	14.033276258088158	13.0457240397226	20.128135711942225
ENSG00000180667	124.59953748974272	276.66393239728706	117.79887020900514	97.24467491520244	181.62093936551307	260.8606388267712
ENSG00000137621	4.233964866156306	3.765483320593448	1.9965910204916126	2.964776674243977	6.319022581740634	4.025627142388445
ENSG00000212977	26.411876069832193	15.656483280362233	51.711707430732766	46.6458196747719	38.11797492856447	38.64602056692907
ENSG00000225641	17.137476839204094	9.710983300477839	15.174091755736256	9.091981801014864	19.568586059583897	8.655098356135156
ENSG00000234003	28.42804981562091	27.349299907468204	34.14170645040657	28.46185607274218	19.568586059583897	28.9845154251968
ENSG00000101719	78.4291587111811	101.27168299069747	126.38421159711909	200.2212514006099	120.87678680555472	204.09929611909416
ENSG00000158144	1702.4571109439928	2639.6038077360067	1983.0142015522697	2075.936627305633	1869.2076475665035	1686.1339285894
ENSG00000121547	17.137476839204094	18.034683272315988	19.965910204916128	19.76517782829318	20.995462126428556	23.549918782972405
ENSG00000239179	361.49995261991694	270.322065752077	242.98512719382927	410.32509171536645	401.5636930977112	698.2450278472758
ENSG00000151429	105.24426953017104	43.203966520493246	92.44216424876167	66.80630105963094	75.62443154276694	55.754935922079966
ENSG00000135177	195.3672359669267	91.164333024894	93.04114155490915	80.24662198287031	144.1144827513106	88.76507848966521
ENSG00000165564	5.846903862787279	14.863749949710979	8.18602318401561	14.428579814654022	2.446073257447987	21.134542497539336
ENSG00000129065	7.05660811026051	3.1709333226050087	2.9948865307374186	10.080240692429522	6.115183143619968	9.661505141732267
ENSG00000223651	17.74232896294071	9.116433302489401	12.977841633195482	19.962829606576115	46.06771301527043	25.96529506840547
ENSG00000191846	8.26631235773374	3.765483320593448	10.182614204507225	6.522508683336749	5.299825391137306	4.6294712137467116
ENSG00000245497	38.30730116998562	18.62923327030443	31.74579722581664	16.602749375766273	18.345549430859904	30.997328996391026
ENSG00000211065	2.621025869525332	3.9636666532562614	3.793522938934064	2.3718213393951815	3.26143100993065	2.214094928313645
ENSG00000186991	25.202171822358963	30.718416562736024	25.55636506229264	35.77497186921066	9.172774715429952	28.380671353838537
ENSG00000207674	31.65392780888286	39.24029986723699	22.960796735653545	29.45011496415684	39.95252987165046	55.754935922079966
ENSG00000207428	758.6861805402942	1189.8927293075296	1542.5662224318198	772.4231495296975	770.1053972198747	2391.8263666500943
ENSG00000186948	700.8219940361581	1101.8993296052406	1528.1907670842802	1141.2413678056482	961.1029507389384	877.1841543264421
ENSG00000218251	65.12241198897556	80.2642497284393	70.28000392130477	57.12136392376729	97.8429302979195	63.60490884973742
ENSG00000113744	11.290572976416815	10.900083296454717	8.18602318401561	6.522508683336749	12.841884601601933	10.265349213090534
ENSG00000171674	87.30032319265146	64.21139978275143	118.19818841310347	135.39146812380827	86.42792176316222	103.65989891650246
ENSG00000184656	103.22809578438232	206.90339929997683	281.7189929913665	98.82588914146591	227.07713406642148	199.67110626246688
ENSG00000202531	27.01672819356881	10.701899963791904	18.368637388522835	13.045017366673498	28.741360775013852	21.53710521177818
ENSG00000222127	4.233964866156306	1.9818333266281307	4.991477551229032	7.70841935303434	5.707504267378637	4.025627142388445
ENSG00000222016	0.8064694983154869	0.5945499979884391	0.5989773061474838	0.19765177828293182	0.40767887624133126	0.20128135711942224
ENSG00000230774	15.121303093415378	35.47481654664354	20.36522840901445	24.904124063649405	23.23769594575588	42.26908499507867
ENSG00000147600	1620.6004568649707	1156.79611275284	1618.8359994145997	1254.1005332052023	1321.0833984600338	2494.077296066761
ENSG00000120528	13.709981471363276	27.349299907468204	27.952274286882577	24.113516950517678	21.40314100266989	32.40629849622698
ENSG00000214851	64.1143251160812	54.896783147599216	85.45409567704102	60.48144415457713	50.55218065392507	23.147356068733558
ENSG00000223936	100.20383516569925	47.365816506412315	77.26807249302541	87.55973777933877	28.741360775013852	96.41377006020325
ENSG00000222208	72.58225484839382	65.99504977671674	62.892617145485794	82.61844332226549	96.61989366919549	54.345966422244004
ENSG00000239940	140.72892745605245	112.56813295247781	101.62648294302309	164.0509759748334	157.97556454351584	184.97756719274904
ENSG00000248439	0.6048521237366151	0.19818333266281304	0.3993182040983225	0.5929553348487954	0.0	0.4025627142388445
ENSG00000182707	19.355267959571684	21.007433262258182	19.766251102866963	25.892382955064065	11.822687410998604	12.680725498523602
ENSG00000122579	107.26044327595974	65.2023164460655	72.27659494179638	85.1879164399436	75.82827098088761	69.24078684908125
ENSG00000202743	19.355267959571684	19.818333266281307	21.563183021309413	14.626231592936954	37.914135490443805	27.575545925360846
ENSG00000149941	347.1851190248171	357.32454879105194	345.0109283409506	489.3858030285391	360.59196603545746	302.9284424647305
ENSG00000116701	17.94394633751958	20.61106659693256	8.385682286064775	15.812142262634545	17.937870554618573	21.335823854658756
ENSG00000108917	111.29279076753718	137.93559953331788	63.890912655731604	198.04708183949765	251.53786664090137	281.7938999671911
ENSG00000129295	871.7935276790413	1179.983562674389	835.5733420757399	389.1763514390927	1862.4809461085217	1242.5098174981933
ENSG00000211818	24.395702324043476	21.40379992758381	20.76454661311277	11.266151362127111	12.638045163481268	24.757606925688936
ENSG00000162430	28.42804981562091	55.09496648026203	41.32943412417638	25.892382955064065	38.5256538048058	51.125464708333254
ENSG00000177969	28.024815066463166	10.701899963791904	16.971023674178706	19.369874271727316	22.626177631393883	18.92044756922569
ENSG00000152801	261.2961174542177	132.78283288408474	136.36716669957713	103.96483537682212	84.18568794383489	153.98023819635802
ENSG00000170578	0.6048521237366151	0.0	0.0	0.7906071131317273	0.20383943812066563	0.20128135711942224
ENSG00000154305	0.8064694983154869	2.180016659290944	2.395909224589935	0.9882588914146591	2.0383943812066563	1.610250856955378
ENSG00000228029	18.548798461256197	17.836499939653176	15.77306906188374	22.136999167688362	20.587783250187226	17.91404078362858
ENSG00000159450	167.14080352588465	156.36664947095952	243.1847862958784	145.2740570379549	202.41256205382095	111.10730912992108
ENSG00000173533	69.96122897886849	101.27168299069747	47.518866287700384	74.51472041266528	108.64642051831477	120.97009562877277
ENSG00000176337	3.427495367840819	5.747316647221579	8.785000490163096	5.5342497919220905	7.134380334223296	5.233315285104979
ENSG00000140810	659.6920496220682	849.6119471254796	557.8475311253566	712.929964266535	575.8464126908804	469.18684344537326
ENSG00000121000	37.29921429709127	28.142033238119453	33.5427291442591	53.365980136391585	57.27888211190703	31.39989171062987
ENSG00000106763	8.26631235773374	8.323699971838147	9.184318694261417	13.045017366673498	6.319022581740634	8.453816999015734
ENSG00000222545	82.86474095191627	106.62263297259344	49.31579820614283	66.41099750306509	98.04676973604016	44.28189856627289
ENSG00000112062	388.5166808134858	545.2023481553988	510.32866483765616	582.6774423780829	521.4212827126627	539.635318437171
ENSG00000156093	20.16173745788717	30.520233230073213	27.552956082784256	20.358133163141975	32.81814953742716	28.9845154251968
ENSG00000164998	1.2097042474732302	0.7927333306512522	1.7969319184424513	2.3718213393951815	2.649912695568653	1.4089694998359557
ENSG00000119659	8.064694983154869	16.449216611013483	8.984659592212257	8.499026466166066	9.376614153550618	12.47944414140418
ENSG00000189445	45.76714402940388	35.47481654664354	29.549547103275867	21.7416956111225	49.53298346332175	31.39989171062987
ENSG00000125629	313.7166348447244	240.39638251999224	235.79739952005943	109.10378161217835	312.07817976273907	181.75706547883829
ENSG00000202599	6.653373361102767	4.360033318581888	2.9948865307374186	6.127205126770886	5.911343705499302	2.0128135711942226
ENSG00000212125	49.79949152098131	49.34764983304046	41.7287523282747	99.22119269803177	56.87120323566571	41.463959566600984
ENSG00000106183	3.024260618683076	1.5854666613025044	0.798636408196645	2.964776674243977	3.8729493242926467	3.8243457852690224
ENSG00000227618	34.67818842756593	37.456649873271665	20.964205715161935	34.39140942123013	33.429667851789155	24.15376285433067
ENSG00000198590	2.621025869525332	2.9727499899421956	2.395909224589935	0.7906071131317273	1.630715504965325	1.2076881427165334
ENSG00000218715	14.718068344257635	10.701899963791904	11.779887020900514	15.812142262634545	8.765095839188621	16.706352640912044
ENSG00000204369	0.8064694983154869	0.3963666653256261	1.397613714344129	0.5929553348487954	0.8153577524826625	1.4089694998359557
ENSG00000219648	4.637199615314049	2.57638332461657	3.394204734835742	2.5694731176781134	2.446073257447987	6.038440713582667
ENSG00000192496	1.4113216220521019	0.9909166633140654	3.19454563278658	1.3835624479805226	1.2230366287239935	0.4025627142388445
ENSG00000211513	0.6048521237366151	0.5945499979884391	0.5989773061474838	1.3835624479805226	0.8153577524826625	0.20128135711942224
ENSG00000147312	324.4023556974046	312.5351156092562	368.97002058685	309.7203365693541	598.676429760395	385.85636159793245
ENSG00000211485	254.03789196937834	384.67384869852015	222.6198987848148	190.93161782131213	388.92564793422997	178.73784512204696
ENSG00000115469	45.36390928024613	91.164333024894	56.50352587991264	108.70847805561249	68.49005120854365	144.7212957688646
ENSG00000122937	14.11321622052102	20.80924992959537	7.587045877868128	9.091981801014864	14.064921230325927	8.655098356135156
ENSG00000161185	547.1895546070577	700.1817142977186	525.5027565933925	435.8221711138646	534.8746856286265	757.0191841261471
ENSG00000138863	24.194084949464607	14.26919995172254	27.752615184833413	34.786712977796	13.453402915963931	10.667911927329378
ENSG00000152595	41.73479653782645	114.54996627910594	47.518866287700384	70.36403306872373	85.61256401067956	72.46128856299201
ENSG00000206459	371.98405609801836	268.73659909077446	190.47478335489984	335.41506774613526	245.4226834972814	219.19539790305083
ENSG00000208229	34.87980580214481	46.57308317576107	31.146819919669156	44.86695367022552	36.894938299840476	41.86652228083983
ENSG00000171487	739.5325299553015	757.0603307719459	639.5081038634635	542.7517831649308	561.3738125843131	366.3320699573485
ENSG00000113437	26.411876069832193	19.818333266281307	21.363523919260256	25.497079398498204	33.225828413668495	40.05499006676503
ENSG00000206703	24.395702324043476	16.052849945687857	29.349888001226706	22.334650945971294	27.518324146289856	27.575545925360846
ENSG00000230365	29.032901939357526	62.82411645411174	57.30216228810928	49.412944570732954	65.228620198613	40.6588341381233
ENSG00000150623	3.427495367840819	3.9636666532562614	1.59727281639329	3.162428452526909	2.8537521336893183	2.214094928313645
ENSG00000107523	3.6291127424196907	5.747316647221579	3.19454563278658	2.3718213393951815	3.669109886171981	4.025627142388445
ENSG00000227880	147.38230081715523	84.62428304702118	127.58216620941404	170.3758328798872	110.2771360232801	244.75813025721743
ENSG00000141505	1.4113216220521019	1.3872833286396915	0.5989773061474838	1.5812142262634545	2.0383943812066563	1.2076881427165334
ENSG00000160931	247.7877533574333	610.8010312667899	179.09421453809765	458.7497773946847	269.67957663364064	231.47356068733558
ENSG00000182308	46.77523090229823	82.44426638773024	42.52738873647135	55.540149697503836	32.002791784944506	69.84463092043951
ENSG00000166070	253.63465722022062	465.7308317576107	211.63864817211095	307.150863451676	304.3322811141538	378.61023274163324
ENSG00000178415	235.69071088270104	152.2047994850404	180.09251004834346	101.98831759399282	135.7570657883633	136.87132284120713
ENSG00000107827	70.36446372802622	117.12634960372252	93.83977796310579	71.74759551670424	183.25165487047838	130.63160077050503
ENSG00000179729	1035.910070586243	1067.2172463892482	595.9824196167464	907.6169658752228	1037.1350611579467	636.6529325687326
ENSG00000234455	22.58114595283363	23.583816586874754	17.370341878277028	27.671248959610452	26.702966393807195	33.613986638943516
ENSG00000100135	21.976293829097017	26.952933242142578	23.36011493975187	18.38161538031266	27.11064527004853	11.473037355807069
ENSG00000229724	310.89399160062015	429.8596485456415	412.69536393561634	314.26632746986155	291.08271763631046	324.66682903362806
ENSG00000127400	4.032347491577434	9.710983300477839	13.776478041392128	9.88258891414659	9.172774715429952	9.057661070374001
ENSG00000138151	312.3053132226723	459.5871484450635	460.21423022331675	320.1958808183495	300.8670106661025	305.1425373930441
ENSG00000218960	92.13914018254437	126.83733290420037	94.43875526925328	170.3758328798872	176.93263228873775	158.4084280529853
ENSG00000245386	9.677633979785842	8.918249969826588	9.982955102458064	12.254410253541772	12.230366287239937	10.667911927329378
ENSG00000241170	1.2097042474732302	1.3872833286396915	1.59727281639329	2.964776674243977	2.446073257447987	1.2076881427165334
ENSG00000126131	0.20161737457887172	0.7927333306512522	0.3993182040983225	0.9882588914146591	0.6115183143619968	0.4025627142388445
ENSG00000150867	642.756190157443	1600.3304112522155	2566.617756841968	1391.270867333557	605.1992917802562	1397.8990251943876
ENSG00000238098	0.6048521237366151	0.9909166633140654	0.5989773061474838	1.1859106696975907	2.2422338193273217	0.805125428477689
ENSG00000140477	1.2097042474732302	2.774566657279383	1.59727281639329	3.162428452526909	1.2230366287239935	2.6166576425524894
ENSG00000169372	129.23673710505676	139.1246995292948	177.09762351760602	129.65956655360324	268.04886112867524	165.85583826640394
ENSG00000104026	67.7434378585009	78.67878306713679	56.90284408401096	59.295533484879535	80.51657805766293	56.35877999343823
ENSG00000211182	37.097596922512395	41.22213319386512	32.34477453196413	53.365980136391585	37.50645661420247	33.01014256758525
ENSG00000240315	55.64639538376859	45.78034984510982	49.11613910409367	19.172222493444387	44.640836948425765	35.82808156725716
ENSG00000108253	12.90351197304779	10.701899963791904	7.786704979917289	12.452062031824703	13.657242354084595	25.16016963992778
ENSG00000209427	4.032347491577434	4.558216651244701	5.989773061474837	1.7788660045463862	5.503664829257971	7.447410213418623
ENSG00000169128	3.6291127424196907	5.549133314558766	4.592159347130709	10.673196027278317	5.503664829257971	12.882006855643024
ENSG00000178264	137.90628421194825	43.00578318783043	120.19477943359509	127.485396992491	93.56230209738551	111.10730912992108
ENSG00000170733	173.1893247632508	368.81918208549513	157.33137241473906	255.76140109811374	412.9787016324685	245.3619743285757
ENSG00000245234	468.5587785212978	192.63419934825427	465.8046850806932	436.4151264487134	440.70086521687904	338.15267996062937
ENSG00000239255	17.74232896294071	42.21304985717918	20.36522840901445	28.65950785102511	30.372076279979176	24.556325568569513
ENSG00000235680	0.20161737457887172	0.5945499979884391	0.0	0.7906071131317273	0.40767887624133126	0.805125428477689
ENSG00000217789	94.76016605206969	127.23369956952598	47.119548083602055	52.18006946669399	75.62443154276694	141.50079405495384
ENSG00000136666	25.80702394609558	27.547483240131015	12.57852342909716	22.729954502537158	33.63350728990983	21.939667926017023
ENSG00000197593	0.40323474915774343	0.0	0.19965910204916126	0.39530355656586363	0.0	0.0
ENSG00000207341	364.7258306131789	540.8423148368169	455.02309357003855	558.1686218709995	631.6984187359427	283.0015881099077
ENSG00000143352	81.85665407902191	53.1131331536339	40.7304568180289	65.42273861165042	48.92146514895975	72.05872584875317
ENSG00000217446	54.235073761716485	12.881916623082848	20.76454661311277	34.984364756078925	19.772425497704564	15.096101783956668
ENSG00000242218	17.74232896294071	92.35343302087088	63.29193534958412	56.33075681063556	37.71029605232314	53.94340370800516
ENSG00000230024	21.16982433078153	80.85879972642773	23.759433143850192	49.80824812729881	67.87853289418165	24.15376285433067
ENSG00000227684	60.081977624503764	66.58959977470518	44.72363885901213	63.05091727225525	32.41047066118583	49.51521385137787
ENSG00000187487	21.16982433078153	49.74401649836608	52.71000294097857	27.275945403044588	28.537521336893185	56.35877999343823
ENSG00000161762	23.992467574885733	26.55656657681695	16.77136457212955	19.369874271727316	58.29807930251036	50.52162063697499
ENSG00000244310	87.50194056723032	59.05863313351829	118.19818841310347	92.89633579297795	95.60069647859217	149.3507669826113
ENSG00000167687	85.68738419602047	40.03303319788824	75.47114057458296	79.25836309145566	61.151831436199686	79.10357334793294
ENSG00000243441	1833.3067870456805	4541.172884635698	3452.3055335320473	2578.7627512574113	3745.1419965909895	6912.404366195199
ENSG00000224616	29.2345193139364	41.023949861202304	50.5137528184378	50.598855240430545	58.705758178751694	35.62680021013774
ENSG00000216805	15.726155217151993	11.69281662710597	12.77818253114632	14.626231592936954	11.822687410998604	13.687132284120713
ENSG00000166527	14.718068344257635	4.756399983907513	6.588750367622321	12.254410253541772	4.688307076775309	16.907633998031468
ENSG00000204371	69.55799422971074	94.92981634548745	72.47625404384553	90.72216623186569	34.245025604271824	83.1292004903214
ENSG00000185444	37.097596922512395	56.87861647422734	41.92841143032387	34.193757642947205	17.937870554618573	50.11905792273614
ENSG00000104046	27.21834556814768	35.47481654664354	60.696367022945026	67.39925639447974	34.245025604271824	64.81259699245396
ENSG00000122545	28.42804981562091	37.25846654060886	33.94204734835741	27.275945403044588	22.422338193273216	13.284569569881867
ENSG00000179592	33.87171892925045	27.349299907468204	12.179205224998837	24.904124063649405	15.491797297170587	13.888413641240135
ENSG00000157078	160.68904753936076	130.99918289011944	114.4046654741694	196.86117116980006	171.22512802135913	206.9172351187661
ENSG00000140999	516.5437136710693	252.48556581242383	1027.645398247033	828.7539063403331	625.9909144685641	801.7036454066588
ENSG00000114925	112.90572976416816	84.42609971435836	61.2953443290925	50.00589990558175	67.87853289418165	56.157498636318806
ENSG00000213610	30.242606186830756	17.241949941664735	15.573409959834578	31.821936303552018	22.830017069514547	33.01014256758525
ENSG00000186001	3.2258779932619475	3.1709333226050087	2.9948865307374186	4.941294457073295	2.446073257447987	4.830752570866133
ENSG00000149280	1.6129389966309737	2.57638332461657	2.395909224589935	2.5694731176781134	2.2422338193273217	2.214094928313645
ENSG00000195111	43.75097028361516	27.745666572793827	27.752615184833413	43.483391222245	30.779755156220507	35.02295613877947
ENSG00000170414	21.976293829097017	20.61106659693256	11.779887020900514	31.62428452526909	25.4799297650832	17.71275942650916
ENSG00000101139	33.26686680551383	32.105699891375714	15.573409959834578	25.299427620215273	35.26422279487515	35.82808156725716
ENSG00000119899	4.032347491577434	5.747316647221579	4.192841143032387	3.7553837873757043	3.057591571809984	3.6230644281496
ENSG00000198872	27.21834556814768	30.520233230073213	22.56147853155522	26.880641846478724	34.448865042392484	9.057661070374001
ENSG00000191123	0.40323474915774343	0.9909166633140654	1.9965910204916126	0.5929553348487954	0.6115183143619968	1.2076881427165334
ENSG00000249899	1.6129389966309737	4.161849985919074	2.395909224589935	0.9882588914146591	2.0383943812066563	4.42818985662729
ENSG00000170459	6.048521237366152	6.936416643198457	6.988068571720644	6.720160461619681	8.357416962947289	6.441003427821512
ENSG00000237892	76.81621971455012	61.635016458134864	94.8380734733516	137.9609412414864	137.3877812933286	112.71755998687647
ENSG00000110593	6.048521237366152	9.512799967815026	6.588750367622321	9.684937135863658	7.338219772343962	8.252535641896312
ENSG00000166103	8.26631235773374	5.747316647221579	4.79181844917987	2.964776674243977	2.446073257447987	4.226908499507867
ENSG00000125650	68.54990735681638	35.87118321196917	48.91648000204451	51.78476591012813	51.97905672076973	39.45114599540676
ENSG00000132864	11.895425100153432	26.55656657681695	20.76454661311277	30.043070299005635	20.995462126428556	18.316603497867426
ENSG00000201145	129.0351197304779	93.34434968418495	149.34500833277264	220.97468812031775	193.23978733839098	238.1158454722765
ENSG00000142131	48.993022022665826	38.44756653658573	66.08716277827239	56.13310503235263	32.002791784944506	80.71382420488833
ENSG00000139003	15.726155217151993	32.70024988936415	55.505230369666826	27.07829362476166	73.78987659968095	65.01387834957337
ENSG00000178910	13.10512934762666	21.40379992758381	27.552956082784256	25.497079398498204	11.822687410998604	10.667911927329378
ENSG00000205422	114.31705138622026	82.44426638773024	77.66739069712372	110.28969228187594	112.11169096636608	124.59316005692237
ENSG00000217545	10.484103478101328	8.125516639175336	6.988068571720644	4.743642678790363	4.280628200533978	4.6294712137467116
ENSG00000237374	1.2097042474732302	1.3872833286396915	0.798636408196645	1.7788660045463862	1.4268760668446592	0.805125428477689
ENSG00000241068	84.880914697705	156.96119946894797	121.19307494384088	138.5538965763352	181.62093936551307	172.49812305134486
ENSG00000222862	7.661460233997124	13.278283288408476	13.377159837293805	11.068499583844181	6.7267014579819655	7.2461288562992
ENSG00000249202	23.387615451149117	32.898433222026966	15.174091755736256	22.136999167688362	36.28341998547848	35.82808156725716
ENSG00000131703	101.41353941317247	76.89513307317146	115.60262008646437	104.55779071167093	95.60069647859217	51.528027422572094
ENSG00000134407	111.09117339295831	220.97441591903657	237.79399054055105	160.88854752230648	242.56893136359207	136.87132284120713
ENSG00000180267	0.0	0.3963666653256261	0.5989773061474838	0.19765177828293182	0.0	0.20128135711942224
ENSG00000146070	1.6129389966309737	4.360033318581888	4.79181844917987	3.5577320090927724	2.0383943812066563	3.0192203567913336
ENSG00000163348	284.48211553078795	322.44428224239687	459.61525291716924	267.8181595733726	443.14693847432704	270.92470668274234
ENSG00000211834	0.6048521237366151	1.3872833286396915	1.59727281639329	1.3835624479805226	0.6115183143619968	1.4089694998359557
ENSG00000226858	44.55743978193065	59.851366464169544	59.89773061474838	72.53820262983596	86.42792176316222	62.79978342125974
ENSG00000141802	9.879251354364714	17.44013327432755	9.383977796310578	11.463803140410045	11.211169096636608	21.335823854658756
ENSG00000134893	4.233964866156306	4.360033318581888	6.788409469671484	3.5577320090927724	4.892146514895974	2.8179389996719113
ENSG00000206789	36.492744798775774	36.069366544631976	20.964205715161935	17.195704710615065	27.518324146289856	29.588359496555068
ENSG00000205353	0.40323474915774343	0.7927333306512522	1.1979546122949676	2.17416956111225	1.0191971906033281	1.2076881427165334
ENSG00000113148	98.99413091822602	48.35673316972639	50.5137528184378	44.66930189194259	136.16474466460463	49.313932494258445
ENSG00000143604	328.2330858144031	151.610249487052	430.6646831200408	303.1978278860174	200.37416767261428	424.09981945062265
ENSG00000239591	1.4113216220521019	1.7836499939653174	3.793522938934064	0.7906071131317273	1.8345549430859904	0.4025627142388445
ENSG00000184999	7.05660811026051	3.9636666532562614	8.785000490163096	3.9530355656586362	6.115183143619968	5.837159356463245
ENSG00000158918	337.910719794189	203.534282644709	351.79933781062215	299.8377476552076	476.3727668879955	330.90655110433016
ENSG00000190122	72.98548959755155	47.96036650440076	71.0786403295014	50.99415879699641	50.9598595301664	57.365186779035334
ENSG00000204797	13.10512934762666	14.665566617048167	7.786704979917289	11.068499583844181	10.599650782274612	10.466630570209958
ENSG00000225880	541.1410333696916	645.0867478174565	476.7859356933971	551.0531578528138	737.4910871205682	555.335264292486
ENSG00000142342	1.4113216220521019	0.9909166633140654	1.9965910204916126	0.39530355656586363	1.2230366287239935	0.6038440713582667
ENSG00000243843	8.26631235773374	13.872833286396913	11.979546122949674	8.499026466166066	5.707504267378637	23.75120014009182
ENSG00000144204	37.29921429709127	30.520233230073213	34.14170645040657	22.532302724254222	32.41047066118583	18.92044756922569
ENSG00000180728	18.145563712098454	11.69281662710597	8.18602318401561	15.614490484351613	13.0457240397226	19.524291640583957
ENSG00000234794	140.3256927068947	96.51528300678996	207.2461479270294	134.40320923239364	81.33193581014557	145.32513984022287
ENSG00000187894	0.6048521237366151	0.9909166633140654	0.5989773061474838	0.7906071131317273	1.4268760668446592	1.610250856955378
ENSG00000240190	49.79949152098131	30.3220498974104	31.146819919669156	26.880641846478724	41.17556650037445	42.47036635219809
ENSG00000168700	2.8226432441042038	5.549133314558766	2.395909224589935	4.3483391222245	6.5228620198613	6.441003427821512
ENSG00000242652	435.291911715784	206.3088493019884	237.79399054055105	360.3191918097847	252.55706383150468	404.5755278100387
ENSG00000230370	226.41631165207292	195.21058267287086	293.4988800122671	237.57743749608403	273.5525259579332	360.2936292437658
ENSG00000243756	5.6452864882084075	4.360033318581888	5.390795755327353	4.545990900507432	8.153577524826625	3.0192203567913336
ENSG00000170546	3.024260618683076	2.180016659290944	1.59727281639329	0.9882588914146591	1.8345549430859904	3.6230644281496
ENSG00000247636	23.58923282572799	20.214699931606933	26.55466057253845	34.786712977796	28.129842460651854	12.882006855643024
ENSG00000199170	4.233964866156306	1.5854666613025044	3.793522938934064	5.336598013639159	4.892146514895974	5.837159356463245
ENSG00000139222	6.451755986523895	5.945499979884391	12.378864327048	8.499026466166066	11.822687410998604	5.032033927985556
ENSG00000198024	67.13858573476428	77.88604973648553	33.94204734835741	95.26815713237312	84.38952738195556	97.21889548868094
ENSG00000244458	6.854990735681638	17.44013327432755	7.187727673769805	16.800401154049204	20.383943812066562	5.635877999343823
ENSG00000194697	798.4048033323319	896.9777636318919	1354.8866665056082	1165.7501883127318	894.6512939116013	962.7287311021967
ENSG00000179923	27.823197691884296	55.68951647825047	30.94716081762	18.97457071516145	44.84467638654643	24.95888828280836
ENSG00000126842	14.919685718836506	10.503716631129091	4.192841143032387	11.859106696975909	8.765095839188621	3.421783071030178
ENSG00000132144	2.016173745788717	2.774566657279383	2.5955683266390963	4.941294457073295	2.446073257447987	2.6166576425524894
ENSG00000123389	14.919685718836506	19.818333266281307	7.187727673769805	9.88258891414659	10.599650782274612	5.837159356463245
ENSG00000121126	302.6276792428864	143.48473284787667	143.95421257744528	80.64192553943617	207.3047085687169	110.70474641568224
ENSG00000225691	84.67929732312612	125.25186624289786	104.22205126966217	86.57147888792413	112.11169096636608	123.58675327132525
ENSG00000242506	384.6859506964872	492.6837649997533	550.8594625536359	318.21936303552025	456.3965019521703	419.67162959399536
ENSG00000195548	203.63354832466044	347.21719882524843	378.7533165872589	532.8691942507842	264.3797512425033	502.5995487271973
ENSG00000105539	97.78442667075278	71.3459997586127	79.66398171761534	121.55584364400306	121.4883051199167	56.9626240647965
ENSG00000174744	5.242051739050664	8.720066637163775	4.991477551229032	6.127205126770886	15.084118420929254	6.23972207070209
ENSG00000235206	25.403789196937836	21.40379992758381	23.36011493975187	30.83367741213736	22.830017069514547	14.29097635547898
ENSG00000183247	30.44422356140963	26.55656657681695	38.933524899586445	49.610596349015886	12.230366287239937	48.50880706578076
ENSG00000143979	1.2097042474732302	0.7927333306512522	0.19965910204916126	1.1859106696975907	1.4268760668446592	1.8115322140748
ENSG00000201784	43.14611815987855	53.1131331536339	61.89432163524	64.23682794195282	39.95252987165046	43.07421042355636
ENSG00000132369	3.2258779932619475	3.9636666532562614	2.795227428688258	2.5694731176781134	4.076788762413313	2.0128135711942226
ENSG00000129038	20.564972207044917	13.872833286396913	23.559774041801028	21.7416956111225	23.441535383876545	27.172983211122002
ENSG00000124368	17.137476839204094	8.52188330450096	8.785000490163096	10.277892470712453	16.510994487773914	10.064067855971112
ENSG00000223210	51.61404789219116	106.028082974605	166.9150093130988	69.573425955592	105.18115007026344	93.79711241765077
ENSG00000242778	5413.829742191863	9888.55556654372	5261.216998097449	4505.076982402864	4267.990155370496	5763.289098400417
ENSG00000156208	2.621025869525332	2.180016659290944	2.196250122540774	2.17416956111225	5.299825391137306	2.214094928313645
ENSG00000167656	18.95203321041394	28.73658323610789	22.960796735653545	42.49513233083034	29.14903965125518	42.67164770931751
ENSG00000111225	1403.256927068947	784.0132640140885	1654.175660477301	2167.054097094064	1235.2669950112336	1778.924634221454
ENSG00000198614	5.242051739050664	4.756399983907513	2.5955683266390963	3.9530355656586362	7.338219772343962	3.8243457852690224
ENSG00000146969	14.11321622052102	14.863749949710979	16.77136457212955	26.682990068195792	7.949738086705959	14.4922577125984
ENSG00000204233	34.67818842756593	27.547483240131015	11.779887020900514	32.81019519496668	17.32635224025658	28.58195271095796
ENSG00000138591	18.145563712098454	57.47316647221578	72.67591314589471	40.91391810456688	81.94345412450757	57.9690308503936
ENSG00000151705	1.0080868728943586	0.5945499979884391	0.5989773061474838	0.0	0.8153577524826625	1.0064067855971113
ENSG00000208119	22.17791120367589	111.37903295650094	62.09398073728915	66.41099750306509	73.78987659968095	32.6075798533464
ENSG00000212246	112.70411238958928	72.13873308926395	60.89602612499419	71.94524729498717	164.90610543961847	100.84195991683055
ENSG00000238847	5033.78099111069	3545.1034546724	6438.007745575204	3699.2506823433514	5971.68017918302	3239.4221614799817
ENSG00000204505	36.694362173354655	39.4384831998998	31.146819919669156	18.579267158595588	17.32635224025658	12.882006855643024
ENSG00000136247	14.11321622052102	9.314616635152214	8.385682286064775	12.649713810107636	7.338219772343962	11.271755998687645
ENSG00000228778	33.26686680551383	34.48389988332947	50.5137528184378	18.38161538031266	29.556718527496514	87.35610898982925
ENSG00000101946	0.0	0.0	0.19965910204916126	0.0	0.20383943812066563	0.0
ENSG00000209266	50.60596101929679	63.41866645210018	47.319207185651216	30.438373855571495	60.33647368371702	57.9690308503936
ENSG00000203379	874.6161709231454	582.064448030682	662.0695823950188	558.1686218709995	758.0788703707555	339.1590867462265
ENSG00000177063	33.46848418009271	23.187449921549128	31.146819919669156	22.729954502537158	29.556718527496514	34.016549353182356
ENSG00000211516	22.984380701991373	18.034683272315988	27.35329698073509	24.31116872880061	32.002791784944506	26.77042049688316
ENSG00000134622	13.508364096784405	15.656483280362233	24.358410449997674	24.706472285366477	15.084118420929254	20.731979783300492
ENSG00000110665	19.355267959571684	30.3220498974104	42.92670694056967	31.031329190420294	57.27888211190703	45.08702399475058
ENSG00000198115	3.024260618683076	1.9818333266281307	1.7969319184424513	1.7788660045463862	3.057591571809984	1.610250856955378
ENSG00000186874	591.1421422652519	406.07764862610395	336.0262687487384	646.1236632069041	764.6017323906168	886.644378111055
ENSG00000106625	11.895425100153432	16.251033278350672	7.187727673769805	12.452062031824703	14.88027898280859	6.23972207070209
ENSG00000116020	14.516450969678763	17.241949941664735	8.785000490163096	10.080240692429522	12.434205725360602	12.882006855643024
ENSG00000180761	793.3643689678602	410.43768194468583	1074.565287228586	685.2587153069246	1001.2593200487096	768.6935028390735
ENSG00000138824	35.28304055130255	34.08753321800384	31.74579722581664	31.62428452526909	31.59511290870317	32.00373578198814
ENSG00000106081	12.90351197304779	4.161849985919074	11.979546122949674	17.591008267180932	18.753228307101235	11.87560007004591
ENSG00000130037	527.8342866474861	859.719297091283	795.2422034618093	371.78299495019473	1137.016385837073	727.8333873438309
ENSG00000230502	48.58978727350808	28.73658323610789	40.93011592007806	26.880641846478724	32.6143100993065	34.016549353182356
ENSG00000173751	268.5543429390571	170.0412994246936	205.24955690653778	230.26432169961555	245.62652293540205	332.718083318405
ENSG00000185741	5.846903862787279	7.530966641186896	9.982955102458064	8.103722909600203	9.988132467912616	6.23972207070209
ENSG00000128013	0.6048521237366151	0.9909166633140654	0.9982955102458063	1.7788660045463862	0.6115183143619968	1.4089694998359557
ENSG00000120617	40.32347491577434	43.79851651848169	21.163864817211092	34.786712977796	36.69109886171981	34.62039342454062
ENSG00000191139	537.9151553764298	493.27831499774175	639.1087856593653	413.4875201678933	503.89109103428535	587.7415627887129
ENSG00000244120	11.693807725574558	11.098266629117532	14.17579624549045	6.917812239902613	17.937870554618573	15.096101783956668
ENSG00000246774	78.4291587111811	44.59124984913294	58.50011690040425	40.320962769718086	103.55043456529813	95.40736327460614
ENSG00000152887	89.31649693844017	113.95541628111751	151.94057665941173	185.7926715859559	157.77172510539518	181.75706547883829
ENSG00000169033	37.90406642082788	62.427749788786116	31.346479021718316	50.00589990558175	99.0659669266435	38.44473920980965
ENSG00000193643	62.29976874487136	20.61106659693256	31.146819919669156	61.66735482427472	37.50645661420247	20.32941706906165
ENSG00000173153	177.22167225482823	131.39554955544506	202.4543294778495	146.45996770765248	221.1657903609222	96.41377006020325
ENSG00000171358	37.097596922512395	49.14946650037764	28.75091069507922	38.5420967651717	29.964397403737845	56.157498636318806
ENSG00000234112	14.314833595099891	5.350949981895952	6.788409469671484	14.033276258088158	10.395811344153946	11.87560007004591
ENSG00000145180	259.0783263338501	246.34188249987665	325.2446772380837	227.49719680365448	350.19615469130355	179.9455332647635
ENSG00000170254	148.59200506462844	143.8810995132023	77.06841339097625	167.01575264907737	139.22233623641463	125.39828548540005
ENSG00000113527	60.88844712281926	36.86209987528323	51.11273012458528	97.24467491520244	92.13542603054086	50.72290199409441
ENSG00000154336	126.81732861011031	123.86458291425815	132.57364376064308	104.55779071167093	155.12181240982653	122.78162784284757
ENSG00000123486	0.0	0.0	0.19965910204916126	0.39530355656586363	0.40767887624133126	0.0
ENSG00000101457	37.29921429709127	29.727499899421957	35.93863836884903	37.55383787375704	24.25689313635921	25.764013711286047
ENSG00000157928	33.670101554671575	19.02559993563005	24.957387756145156	23.718213393951817	17.937870554618573	39.8537087096456
ENSG00000140123	0.6048521237366151	0.19818333266281304	0.19965910204916126	0.19765177828293182	1.0191971906033281	0.4025627142388445
ENSG00000108339	1866.5736538511944	1847.861393748069	829.1842508101668	2947.976273089928	3038.8383435028827	2740.6469585380532
ENSG00000172453	53.428604263401006	116.53179960573408	52.11102563483109	71.15464018185544	35.67190167111648	28.179389996719117
ENSG00000195156	12.097042474732303	10.107349965803467	11.580227918851353	19.172222493444387	15.287957859049921	14.4922577125984
ENSG00000116175	8.871164481470355	10.503716631129091	18.96761469467032	9.091981801014864	12.434205725360602	11.87560007004591
ENSG00000191989	41.73479653782645	52.320399822982644	22.361819429506063	26.682990068195792	83.98184850571423	42.87292906643693
ENSG00000201240	24.79893707320122	26.358383244154137	32.74409273606244	36.367927204059455	26.499126955686528	28.78323406807738
ENSG00000247146	0.40323474915774343	0.5945499979884391	0.798636408196645	1.1859106696975907	0.8153577524826625	0.6038440713582667
ENSG00000230971	8.871164481470355	11.69281662710597	17.17068277622787	13.440320923239362	16.103315611532583	14.089694998359558
ENSG00000215362	50.001108895560186	93.93889968217339	65.08886726802658	42.8904358873962	56.463524359424376	63.80619020685685
ENSG00000143164	76.00975021623464	62.62593312144893	49.11613910409367	125.90418276622756	66.24781738921632	75.88307163402219
ENSG00000165659	183.67342824135213	265.7638491008323	128.58046171965987	169.18992221018962	217.70051991287087	127.00853634235544
ENSG00000142014	2.4194084949464605	2.180016659290944	3.19454563278658	5.138946235356227	2.0383943812066563	3.0192203567913336
ENSG00000214752	10.6857208526802	6.7382333105356444	2.196250122540774	9.487285357580726	12.230366287239937	16.706352640912044
ENSG00000189812	36.492744798775774	70.35508309529864	36.13829747089819	52.575373023259864	79.29354142893891	53.94340370800516
ENSG00000159302	6.854990735681638	5.945499979884391	6.788409469671484	5.7319015702050224	11.007329658515943	4.6294712137467116
ENSG00000179467	32.662014681777215	65.2023164460655	36.53761567499651	29.845418520722703	60.540313121837684	42.26908499507867
ENSG00000185230	4.233964866156306	6.341866645210017	6.788409469671484	4.3483391222245	4.892146514895974	4.025627142388445
ENSG00000177844	127.22056335926806	103.84806631531404	89.84659592212257	92.698684014695	106.60802613710811	79.90869877641063
ENSG00000184510	42.33964866156306	34.08753321800384	47.319207185651216	54.15658724952332	27.11064527004853	27.978108639599693
ENSG00000210553	145.76936182052424	67.18414977269362	112.20841535162863	75.50297930407994	123.9343783773647	112.51627862975704
ENSG00000218376	30.847458310567372	28.53839990344508	28.950569797128384	37.55383787375704	28.129842460651854	76.8894784196193
ENSG00000155585	6.653373361102767	5.945499979884391	7.9863640819664505	3.9530355656586362	6.7267014579819655	6.441003427821512
ENSG00000246312	2.217791120367589	3.1709333226050087	2.395909224589935	3.162428452526909	3.669109886171981	1.610250856955378
ENSG00000131302	26.613493444411066	48.554916502389204	49.515457308192	39.92565921315223	20.995462126428556	45.28830535187001
ENSG00000109880	11.290572976416815	8.720066637163775	6.788409469671484	8.103722909600203	9.784293029791948	13.888413641240135
ENSG00000203895	1.0080868728943586	1.1890999959768782	1.7969319184424513	1.5812142262634545	2.446073257447987	0.805125428477689
ENSG00000235331	9.47601660520697	6.7382333105356444	7.786704979917289	9.289633579297794	5.911343705499302	7.648691570538045
ENSG00000141404	154.23729155283687	138.1337828659807	274.3316062155476	141.1233696940133	192.83210846214968	218.9941165459314
ENSG00000143361	316.33766071424975	179.95046605783426	435.25684246717157	588.8046475048538	304.9437994285158	484.08166387221047
ENSG00000141338	173.7941768869874	160.5284994568786	127.78182531146321	142.70458392027675	112.11169096636608	160.62252298129894
ENSG00000211366	439.92911133109806	480.7927650399845	476.58627659134794	435.42686755729875	429.8973749964838	569.4249592908455
ENSG00000155402	17.540711588361837	33.492983220015404	5.191136653278193	19.962829606576115	17.530191678377243	12.47944414140418
ENSG00000247392	23.58923282572799	34.48389988332947	18.96761469467032	13.835624479805226	22.626177631393883	26.36785778264431
ENSG00000201296	3.6291127424196907	5.350949981895952	4.392500245081548	9.684937135863658	4.688307076775309	6.038440713582667
ENSG00000176985	6.451755986523895	10.30553329846628	7.587045877868128	9.487285357580726	3.669109886171981	3.8243457852690224
ENSG00000163109	949.6178342664858	1317.3246122097185	831.7798191368058	1141.0437160273652	1302.534009591053	887.650784896652
ENSG00000173926	80.64694983154868	59.25681646618111	110.61114253523535	104.55779071167093	52.59057503513172	61.59209527854321
ENSG00000141347	98.99413091822602	99.48803299673216	149.74432653687094	117.99811163491029	109.6656177089181	93.1932683462925
ENSG00000101406	6065.053862081619	7792.766823634472	4566.602982068416	3895.32124640002	6336.14509454277	3812.6714665560958
ENSG00000187156	2042.787239233128	1735.491444128254	2548.249119453445	1559.0772270957661	1550.6066057839032	1214.531708858594
ENSG00000212027	5.443669113629536	4.756399983907513	4.192841143032387	7.115464018185545	4.280628200533978	12.076881427165334
ENSG00000171555	293.55489738683724	262.19654911290166	232.00387658112538	208.9179296450589	215.6621255316642	312.79122896358217
ENSG00000239394	4.637199615314049	5.945499979884391	8.585341388113935	5.336598013639159	7.949738086705959	6.23972207070209
ENSG00000231763	224.19852053170533	333.3443655388516	188.0788741303099	225.91598257739105	174.69039846941044	111.3085904870405
ENSG00000177866	0.8064694983154869	0.5945499979884391	0.9982955102458063	0.5929553348487954	1.0191971906033281	0.4025627142388445
ENSG00000116986	6.048521237366152	5.549133314558766	5.191136653278193	4.545990900507432	7.134380334223296	4.025627142388445
ENSG00000139476	5.242051739050664	5.15276664923314	3.9931820409832253	3.5577320090927724	5.299825391137306	2.4153762854330667
ENSG00000237403	2218.3959724913257	2765.252040644231	1792.3397590953207	2451.475006043203	2213.0847796760663	2098.358147969977
ENSG00000144878	0.8064694983154869	1.3872833286396915	1.1979546122949676	0.7906071131317273	0.8153577524826625	2.0128135711942226
ENSG00000129132	312.50693059725114	306.1932489640462	426.2721828749593	306.95321167339307	319.0087206588417	531.1815014381552
ENSG00000171015	205.64972207044914	258.0346991269826	298.6900166655453	80.8395773177191	360.59196603545746	273.74264568241426
ENSG00000249897	40.12185754119547	35.078449881317916	43.326025144667994	62.26031015912351	25.07225088884187	34.4191120674212
ENSG00000183264	177.02005488024938	152.00661615237763	147.54807641433015	122.93940609198357	176.11727453625508	212.15055040387102
ENSG00000223620	3478.7061809838524	6916.598309932176	4346.378992508192	1883.62144703634	6832.29028692847	6842.15717256052
ENSG00000102640	53.428604263401006	66.787783107368	57.30216228810928	30.240722077288567	41.17556650037445	61.793376635662625
ENSG00000134992	17.339094213782964	16.449216611013483	14.57511444958877	17.393356488898	18.957067745221902	17.511478069389735
ENSG00000220388	852.6398770940484	315.30968226653556	470.3968444278239	455.5873489421578	427.2474623009151	431.14466694980246
ENSG00000172604	208.8756000637111	155.97028280563387	168.5122821294921	150.4130032733111	208.32390575932024	155.99305176755223
ENSG00000247504	1.4113216220521019	3.1709333226050087	2.9948865307374186	1.1859106696975907	4.688307076775309	3.6230644281496
ENSG00000240479	35.48465792588142	42.60941652250481	50.713411920486955	46.448167896488975	77.25514704773227	46.89855620882538
ENSG00000124227	48.58978727350808	53.70768315162234	52.310684736880255	74.51472041266528	70.93612446599163	50.92418335121383
ENSG00000214346	3.2258779932619475	4.756399983907513	3.5938638368849025	4.545990900507432	4.688307076775309	2.6166576425524894
ENSG00000110750	4.838816989892921	4.756399983907513	3.394204734835742	3.9530355656586362	5.0959859530166405	4.226908499507867
ENSG00000105129	7.2582254848393815	6.341866645210017	7.786704979917289	9.091981801014864	9.784293029791948	10.8691932844488
ENSG00000182651	3.024260618683076	3.3691166552678222	4.192841143032387	1.9765177828293181	2.2422338193273217	3.8243457852690224
ENSG00000215671	102.22000891148795	147.0520328358073	89.24761861597509	77.87480064347513	103.95811344153945	60.18312577870725
ENSG00000231733	57.259334380399565	99.88439966205779	52.310684736880255	51.191810575279334	62.57870750304435	36.230644281496005
ENSG00000224211	0.40323474915774343	0.3963666653256261	0.3993182040983225	0.0	0.20383943812066563	0.4025627142388445
ENSG00000196315	12.097042474732303	16.84558327633911	17.570000980326192	18.97457071516145	23.23769594575588	19.72557299770338
ENSG00000185733	44.960674531088394	44.78943318179575	63.49159445163328	32.019588081834954	29.76055796561718	41.262678209481564
ENSG00000128357	1.6129389966309737	4.360033318581888	2.395909224589935	1.9765177828293181	3.8729493242926467	1.610250856955378
ENSG00000226187	22.37952857825476	15.260116615036607	19.16727379671948	17.591008267180932	30.575915718099843	19.121728926345114
ENSG00000204116	65.12241198897556	81.8497163897418	76.07011788073044	50.79650701871347	58.0942398643897	55.35237320784112
ENSG00000132325	1.4113216220521019	1.5854666613025044	0.5989773061474838	0.19765177828293182	1.2230366287239935	0.805125428477689
ENSG00000148686	27.621580317305426	19.421966600955678	13.177500735244642	19.962829606576115	10.191971906033281	23.952481497211245
ENSG00000174418	0.0	0.19818333266281304	0.19965910204916126	0.39530355656586363	0.0	0.0
ENSG00000200234	128.02703285758352	193.03056601357991	114.4046654741694	220.97468812031775	135.14554747400132	104.06246163074131
ENSG00000117823	4.435582240735178	11.890999959768783	8.984659592212257	4.743642678790363	10.803490220395277	5.233315285104979
ENSG00000231044	1.4113216220521019	2.180016659290944	1.59727281639329	3.5577320090927724	1.0191971906033281	1.4089694998359557
ENSG00000219888	1.2097042474732302	1.1890999959768782	0.0	0.39530355656586363	0.20383943812066563	0.20128135711942224
ENSG00000159592	1.2097042474732302	1.3872833286396915	0.798636408196645	2.7671248959610453	0.6115183143619968	0.4025627142388445
ENSG00000131748	242.54570161838265	263.38564910887857	553.0557126761768	226.11363435567398	481.67259227913286	382.0320158126634
ENSG00000220856	2.4194084949464605	1.7836499939653174	10.981250612703871	5.929553348487954	12.434205725360602	8.453816999015734
ENSG00000127161	8.467929732312612	7.72914997384971	3.793522938934064	10.277892470712453	13.657242354084595	4.226908499507867
ENSG00000142398	18.145563712098454	15.260116615036607	17.370341878277028	17.393356488898	23.033856507635214	16.10250856955378
ENSG00000115257	0.8064694983154869	1.9818333266281307	2.5955683266390963	0.9882588914146591	0.6115183143619968	0.6038440713582667
ENSG00000179653	144.96289232220877	207.10158263263966	79.46432261556618	116.61454918692975	143.70680387506926	92.99198698917309
ENSG00000232627	0.0	0.19818333266281304	0.5989773061474838	0.39530355656586363	0.0	0.0
ENSG00000148641	215.1257386756561	121.09001625697877	100.22886922867895	288.76924807136334	135.7570657883633	147.13667205429766
ENSG00000174655	3.830730116998562	5.747316647221579	1.7969319184424513	3.3600802308098405	8.153577524826625	6.038440713582667
ENSG00000125961	29.032901939357526	48.554916502389204	44.3243206549138	52.377721244976925	53.813611663855724	48.30752570866134
ENSG00000236783	70.36446372802622	47.365816506412315	65.28852637007573	37.158534317191176	45.660034139029094	34.82167478166005
ENSG00000209812	175.00388113446064	159.14121612823888	113.4063699639236	133.81025389754484	177.13647172685842	96.61505141732268
ENSG00000169383	3.2258779932619475	2.57638332461657	0.798636408196645	3.3600802308098405	2.0383943812066563	2.214094928313645
ENSG00000115305	116.33322513200898	163.6994327794836	111.01046073933365	100.0117998111635	73.58603716156028	111.91243455839877
ENSG00000206981	62.098151370292484	37.06028320794604	13.976137143441289	23.91586517223475	17.122512802135912	23.34863742585298
ENSG00000230157	29.43613668851527	14.071016619059726	41.7287523282747	23.91586517223475	19.97626493582523	18.517884854986846
ENSG00000187684	23.58923282572799	27.349299907468204	23.95909224589935	11.859106696975909	19.568586059583897	13.687132284120713
ENSG00000177877	272.1834556814768	269.52933242142575	322.2497907073463	212.47566165415168	552.6087167451245	331.10783246144956
ENSG00000217238	66.13049886186992	120.49546625899033	60.89602612499419	79.06071131317272	76.03211041900826	47.09983756594481
ENSG00000227857	396.3797584220618	358.315465454366	473.79104916265965	426.13723397800095	395.8561888303326	372.9743547422894
ENSG00000213093	142.34186645268343	159.73576612622733	129.77841633195482	202.0001174051563	172.65200408820377	156.19433312467166
ENSG00000164307	0.20161737457887172	0.19818333266281304	0.3993182040983225	0.19765177828293182	0.0	1.2076881427165334
ENSG00000240623	34.07333630382932	18.232866604978803	16.971023674178706	15.812142262634545	19.772425497704564	27.978108639599693
ENSG00000242990	427.42883410720805	236.8290825320616	160.52591804752566	157.92377084806253	189.16299857597767	172.69940440846426
ENSG00000213028	8.467929732312612	6.5400499778728305	5.390795755327353	6.127205126770886	4.076788762413313	3.421783071030178
ENSG00000170939	0.6048521237366151	0.7927333306512522	2.5955683266390963	1.7788660045463862	1.2230366287239935	0.4025627142388445
ENSG00000237377	0.20161737457887172	0.19818333266281304	0.19965910204916126	0.5929553348487954	0.0	0.0
ENSG00000120811	1559.107157618415	1618.1669111918686	1778.7629401559777	2173.1813022208353	1744.8655903128977	1090.1398301587908
ENSG00000121148	4.838816989892921	2.180016659290944	3.9931820409832253	4.150687343941568	5.707504267378637	4.025627142388445
ENSG00000183564	48.18655252435034	29.727499899421957	24.757728654096	33.40315052981547	36.079580547357814	97.21889548868094
ENSG00000202600	1.8145563712098454	2.3781999919537564	2.795227428688258	2.7671248959610453	2.2422338193273217	2.8179389996719113
ENSG00000224845	36.089510049618035	66.19323310937956	53.50863934917522	50.598855240430545	71.1399639041123	60.38440713582667
ENSG00000242635	1058.4912165390765	855.557447105364	455.82172997823517	916.3136441196718	809.6502482152838	1266.4622989954048
ENSG00000203556	1.0080868728943586	0.7927333306512522	0.798636408196645	1.3835624479805226	2.649912695568653	2.4153762854330667
ENSG00000139031	36.89597954793352	33.29479988735259	28.75091069507922	38.93740032173756	19.772425497704564	34.4191120674212
ENSG00000244110	6.048521237366152	4.954583316570327	6.38909126557316	3.9530355656586362	5.911343705499302	7.2461288562992
ENSG00000213860	0.6048521237366151	0.19818333266281304	0.3993182040983225	0.5929553348487954	0.6115183143619968	1.2076881427165334
ENSG00000235771	6.048521237366152	4.954583316570327	5.7901139594256765	3.9530355656586362	4.280628200533978	4.025627142388445
ENSG00000208802	31.85554518346173	17.04376660900192	27.153637878685934	37.55383787375704	33.429667851789155	23.147356068733558
ENSG00000223965	452.631005929567	361.48639877697104	292.3009253999721	330.47377328906197	319.41639953508303	302.72716110761104
ENSG00000166416	414.9285568833179	354.9463487990982	317.0586540540681	413.88282372445923	401.15601422146995	514.4751487972433
ENSG00000138784	10.6857208526802	35.67299987930635	26.95397877663677	25.101775841932337	19.97626493582523	30.997328996391026
ENSG00000236707	2.016173745788717	1.5854666613025044	1.397613714344129	0.7906071131317273	0.8153577524826625	1.610250856955378
ENSG00000159593	142.14024907810457	67.97688310334487	208.04478433522604	107.5225673859149	168.9828942020318	141.29951269783442
ENSG00000167774	26.008641320674453	18.82741660296724	22.960796735653545	38.5420967651717	41.583245376615785	28.78323406807738
ENSG00000165958	28.22643244104204	30.123866564747583	24.158751347948513	40.320962769718086	22.218498755152552	22.140949283136447
ENSG00000243195	1.4113216220521019	1.9818333266281307	4.392500245081548	1.3835624479805226	2.649912695568653	2.4153762854330667
ENSG00000194598	26.411876069832193	18.82741660296724	15.174091755736256	16.800401154049204	24.053053698238543	27.172983211122002
ENSG00000173351	2352.471526586275	2353.8234420362305	2511.9111628804976	1492.468577814418	984.7483255609355	1836.8936650718474
ENSG00000151557	765.9444060251336	794.1206139798919	290.10467527743134	825.1961743312403	486.36089935590815	524.5392166532143
ENSG00000116607	213.71441705360402	430.8505652089556	437.45309258971236	562.5169609932238	451.50435543727434	571.2364915049203
ENSG00000228099	109.0749996471696	121.68456625496721	78.66568620736953	58.702578150030746	86.63176120128288	198.0608554055115
ENSG00000166263	12.298659849311173	9.116433302489401	11.779887020900514	9.091981801014864	11.007329658515943	16.505071283792624
ENSG00000128418	32.86363205635609	64.80594978073987	28.551251593030063	14.23092803637109	38.93333268104713	31.39989171062987
ENSG00000159984	23.387615451149117	40.03303319788824	57.50182139015844	35.77497186921066	55.03664829257971	32.00373578198814
ENSG00000178030	32.662014681777215	69.16598309932176	124.78693878072579	59.295533484879535	69.30540896102632	49.71649520849729
ENSG00000193632	18.95203321041394	19.421966600955678	18.168978286473678	6.720160461619681	10.803490220395277	9.86278649885169
ENSG00000194302	3.427495367840819	4.161849985919074	4.991477551229032	4.545990900507432	4.076788762413313	3.8243457852690224
ENSG00000160546	247.7877533574333	353.1626988051329	184.88432849752334	236.98448216123523	191.20139295718434	276.963147396325
ENSG00000143281	8.467929732312612	10.107349965803467	12.77818253114632	11.266151362127111	19.160907183342566	11.473037355807069
ENSG00000172924	93.95369655375421	111.97358295448937	90.64523233031922	91.71042512328036	112.92704871884875	145.7277025544617
ENSG00000196559	25.000554447780093	19.620149933618496	11.779887020900514	10.277892470712453	17.32635224025658	22.140949283136447
ENSG00000214225	66.73535098560653	69.7605330973102	138.76307592416708	114.83568318238338	115.5769614144174	132.84569569881867
ENSG00000221046	117.13969463032446	64.01321645008862	91.04455053441754	31.426632746986154	144.31832218943126	104.66630570209956
ENSG00000137932	150.60817881041717	88.78613303294026	151.1419402512151	148.6341372687647	135.34938691212196	78.7010106336941
ENSG00000120672	50.80757839387567	154.9793661423198	135.16921208728218	161.28385107887235	151.86038139989589	122.78162784284757
ENSG00000181398	3.024260618683076	4.161849985919074	2.795227428688258	5.929553348487954	4.076788762413313	4.42818985662729
ENSG00000171099	0.40323474915774343	5.945499979884391	0.5989773061474838	2.5694731176781134	3.057591571809984	1.610250856955378
ENSG00000163197	26.411876069832193	15.061933282373792	20.964205715161935	28.46185607274218	46.67923132963242	29.185796782316224
ENSG00000163611	1123.0087764043153	720.5945975619883	466.802980590939	723.2078567372474	483.7109866603395	625.1798952129255
ENSG00000168021	8.467929732312612	5.350949981895952	6.988068571720644	3.3600802308098405	7.745898648585293	6.23972207070209
ENSG00000193578	3.427495367840819	2.180016659290944	2.9948865307374186	1.7788660045463862	3.26143100993065	2.6166576425524894
ENSG00000131510	3372.453824580787	3868.340470245448	4802.799699792575	1604.9324396574063	1224.6673442289589	2750.3084636797853
ENSG00000135558	0.6048521237366151	2.180016659290944	0.798636408196645	0.39530355656586363	1.2230366287239935	1.610250856955378
ENSG00000211399	11.895425100153432	9.116433302489401	11.979546122949674	6.127205126770886	5.707504267378637	9.258942427493423
ENSG00000177313	14.516450969678763	9.116433302489401	7.387386775818967	8.103722909600203	10.803490220395277	9.86278649885169
ENSG00000219410	3.2258779932619475	4.756399983907513	3.793522938934064	4.941294457073295	5.911343705499302	11.271755998687645
ENSG00000179480	11.290572976416815	7.13459997586127	11.779887020900514	7.510767574751409	4.280628200533978	9.057661070374001
ENSG00000104780	276.0141857984754	197.5887826648246	136.5668258016263	133.61260211926188	324.1047066118583	259.8542320411741
ENSG00000137982	47.58170040061373	44.39306651647013	46.919888981552894	48.62233745760122	72.77067940907762	27.575545925360846
ENSG00000133533	39.517005417458854	68.17506643600768	43.12636604261883	28.264204294459248	45.45619470090843	37.63961378133195
ENSG00000146527	0.6048521237366151	0.5945499979884391	0.9982955102458063	1.7788660045463862	0.20383943812066563	1.2076881427165334
ENSG00000100084	96.37310504870068	237.42363253005004	145.75114449588773	135.39146812380827	110.07329658515943	92.58942427493423
ENSG00000178522	21.774676454518143	49.14946650037764	39.931820409832255	29.054811407590975	48.106107396477086	73.66897670570854
ENSG00000199560	26.815110818989936	23.98018325220038	32.54443363401329	27.47359718132752	48.106107396477086	28.380671353838537
ENSG00000238294	214.31926917734063	246.1436991672138	236.39637682620693	152.7848246127063	157.36404622915384	103.05605484514419
ENSG00000223781	45.36390928024613	70.15689976263583	42.72704783852051	56.528408588918495	36.69109886171981	52.73571556528862
ENSG00000138096	16.331007340888608	51.329483159668584	29.349888001226706	27.671248959610452	25.683769203203866	26.77042049688316
ENSG00000230410	77.82430658744448	50.33856649635452	49.91477551229031	66.21334572478214	42.39860312909845	81.518949633366
ENSG00000214252	7.2582254848393815	4.360033318581888	11.180909714753032	5.929553348487954	10.191971906033281	5.233315285104979
ENSG00000127537	4.435582240735178	4.360033318581888	3.5938638368849025	2.7671248959610453	6.7267014579819655	3.421783071030178
ENSG00000201440	1.6129389966309737	1.7836499939653174	1.59727281639329	2.7671248959610453	2.0383943812066563	3.8243457852690224
ENSG00000204045	177.22167225482823	156.36664947095952	316.2600176458714	243.30933906628906	269.27189775739924	150.5584551253278
ENSG00000193140	14.314833595099891	8.323699971838147	7.187727673769805	6.720160461619681	6.930540896102631	4.42818985662729
ENSG00000192228	57.0577170058207	53.1131331536339	31.74579722581664	54.354239027806244	62.17102862680301	32.40629849622698
ENSG00000215916	185.48798461256197	218.39803259442	217.02944392743828	174.13121666726292	296.5863824655684	317.82326289156777
ENSG00000198638	587.9162642719899	1189.2981793095412	1219.517795316277	1302.7228706628034	1233.0247611919062	1121.9422845836596
ENSG00000118790	10.080868728943585	19.818333266281307	12.57852342909716	14.033276258088158	13.0457240397226	15.901227212434355
ENSG00000184458	47.98493514977147	31.907516558712903	24.558069552046835	83.40905043539722	32.81814953742716	41.06139685236214
ENSG00000158490	32.46039730719834	31.70933322605009	39.332843103684766	41.50687343941568	58.705758178751694	31.39989171062987
ENSG00000150853	1.6129389966309737	3.1709333226050087	2.196250122540774	1.5812142262634545	3.8729493242926467	1.610250856955378
ENSG00000123860	5.040434364471793	5.747316647221579	10.581932408605546	4.743642678790363	6.7267014579819655	8.655098356135156
ENSG00000151991	10906.491877844066	9736.747133724006	10674.374572854307	2778.786350879738	5441.289961193048	4050.988593385492
ENSG00000154582	32.662014681777215	23.781999919537565	37.53591118524231	24.508820507083545	25.887608641324533	27.978108639599693
ENSG00000112469	638.1189905421289	771.9240807216569	716.3768581523906	778.7480064347512	753.3905632939801	984.2658363139747
ENSG00000205392	122.38174636937512	139.91743285994602	131.57534825039727	81.63018443085083	62.374868064923675	71.65616313451432
ENSG00000217302	1123.4120111534733	735.8547141770249	1635.607363986729	1387.1201799896153	1209.990904684271	552.9198880070529
ENSG00000169717	745.3794338180886	271.5111657480539	452.82684344749777	357.1567633572577	310.0397853815324	380.62304631282746
ENSG00000189508	52.823752139664386	56.680433141564535	41.12977502212722	43.87869477881086	50.9598595301664	32.80886121046582
ENSG00000114541	2.016173745788717	1.3872833286396915	2.395909224589935	0.7906071131317273	2.0383943812066563	3.220501713910756
ENSG00000210206	548.399258854531	525.9785648871058	497.75014140855905	492.3505797027831	404.8251241076419	478.6470672299861
ENSG00000162194	165.9310992784114	81.8497163897418	79.66398171761534	112.66151362127113	57.686560988148365	160.21996026706012
ENSG00000217313	70.5660811026051	51.72584982499421	55.904548573765155	72.34055085155305	60.13263424559636	89.77148527526232
ENSG00000140873	191.13327110077037	90.9661496922312	148.546371924576	150.61065505159405	272.1256498910886	264.081140540682
ENSG00000221089	5.846903862787279	6.143683312547205	3.793522938934064	5.138946235356227	5.299825391137306	6.038440713582667
ENSG00000101105	41.53317916324757	58.86044980085548	35.339661062701545	18.97457071516145	34.245025604271824	28.179389996719117
ENSG00000144320	21.976293829097017	45.18579984712138	24.757728654096	33.79845408638134	33.429667851789155	17.10891535515089
ENSG00000182917	1.8145563712098454	0.9909166633140654	0.3993182040983225	1.1859106696975907	2.8537521336893183	1.8115322140748
ENSG00000218310	4.435582240735178	1.3872833286396915	1.7969319184424513	1.5812142262634545	1.630715504965325	0.805125428477689
ENSG00000174541	25.202171822358963	21.205616594920997	27.153637878685934	18.183963602029728	26.702966393807195	26.36785778264431
ENSG00000149593	0.40323474915774343	0.0	0.19965910204916126	0.0	0.0	0.20128135711942224
ENSG00000103182	77.21945446370788	201.55244931808087	94.03943706515496	110.48734406015888	145.74519825627593	99.63427177411401
ENSG00000235251	105.04265215559215	133.97193288006162	109.81250612703869	114.24272784753458	121.28446568179604	150.5584551253278
ENSG00000130461	42.541266036141934	18.82741660296724	25.15704685819432	18.97457071516145	42.80628200533978	17.31019671227031
ENSG00000247367	38.91215329372224	43.9966998511445	44.52397975696296	50.203551683864674	38.5256538048058	45.08702399475058
ENSG00000118279	0.6048521237366151	0.3963666653256261	0.0	0.19765177828293182	1.0191971906033281	0.4025627142388445
ENSG00000202778	19.355267959571684	29.925683232084772	61.49500343114166	48.81998923588415	36.28341998547848	59.57928170734898
ENSG00000132309	86.8970884434937	31.907516558712903	59.298753308600894	71.15464018185544	76.84746817149093	153.57767548211916
ENSG00000234687	90.12296643675566	73.72419975056646	57.90113959425677	75.50297930407994	71.95532165659496	40.6588341381233
ENSG00000246955	233.0696850131757	178.9595493945202	116.80057469875933	189.94335892989744	211.99301564549222	152.57126869652205
ENSG00000236702	20.564972207044917	34.08753321800384	17.76966008237535	22.92760628082009	24.868411450721204	12.278162784284756
ENSG00000232579	1145.791539731728	1311.7754788951597	1559.9365643100969	1683.2025438574474	1131.7165604459353	2258.578108237037
ENSG00000206050	85.68738419602047	73.32783308524083	69.0820493090098	38.344444986888774	66.45165682733699	79.10357334793294
ENSG00000167971	160.285812790203	139.91743285994602	113.00705175982527	136.37972701522293	143.70680387506926	171.49171626574773
ENSG00000185557	271.98183830689794	325.417032232339	150.14364474096925	310.9062472390517	257.44921034640066	294.8771881799536
ENSG00000205321	6.653373361102767	9.116433302489401	6.988068571720644	8.499026466166066	6.5228620198613	6.642284784940934
ENSG00000167771	2.4194084949464605	3.765483320593448	3.19454563278658	1.1859106696975907	4.484467638654643	2.6166576425524894
ENSG00000103282	111.09117339295831	109.00083296454719	149.34500833277264	283.0373465011583	129.234203768502	161.42764840977665
ENSG00000148163	2.016173745788717	0.9909166633140654	3.394204734835742	1.7788660045463862	0.8153577524826625	0.805125428477689
ENSG00000156293	6.451755986523895	7.927333306512523	5.7901139594256765	8.301374687883136	8.561256401067956	12.076881427165334
ENSG00000221618	228.8357201470194	241.1891158506435	184.0856920893267	203.58133163141974	129.43804320662267	106.27655655905494
ENSG00000191629	1.8145563712098454	1.1890999959768782	2.395909224589935	3.3600802308098405	1.4268760668446592	3.0192203567913336
ENSG00000178614	2.4194084949464605	2.57638332461657	2.395909224589935	5.138946235356227	3.669109886171981	5.4345966422244
ENSG00000114503	3.6291127424196907	2.57638332461657	2.795227428688258	1.9765177828293181	2.0383943812066563	3.6230644281496
ENSG00000220106	3.024260618683076	1.5854666613025044	3.793522938934064	3.162428452526909	2.0383943812066563	5.635877999343823
ENSG00000244281	1354.46552242086	1611.6268612139959	1217.121886091687	1624.4999657074165	1579.7556454351584	1038.0079586648606
ENSG00000163936	157.26155217151995	98.49711633341809	53.50863934917522	119.18402230460786	63.394065255526996	124.39187869980294
ENSG00000129825	194.56076646861118	181.33774938647394	163.52080457826307	191.12926959959503	247.66491731660872	120.76881427165334
ENSG00000119641	0.8064694983154869	1.1890999959768782	0.3993182040983225	0.19765177828293182	0.8153577524826625	0.4025627142388445
ENSG00000117334	0.0	0.0	0.0	0.39530355656586363	0.20383943812066563	0.4025627142388445
ENSG00000148193	2.016173745788717	1.9818333266281307	3.19454563278658	2.3718213393951815	2.2422338193273217	3.421783071030178
ENSG00000233270	207.2626610670801	198.77788266080148	151.1419402512151	252.79662442386976	163.0715504965325	156.99945855314934
ENSG00000164272	328.83793793813976	282.014882379183	298.6900166655453	127.88070054905687	263.36055405189995	90.97917341797886
ENSG00000174601	0.6048521237366151	0.3963666653256261	1.1979546122949676	0.7906071131317273	0.8153577524826625	1.4089694998359557
ENSG00000117326	0.40323474915774343	0.5945499979884391	0.9982955102458063	0.19765177828293182	1.630715504965325	1.0064067855971113
ENSG00000225634	120.36557262358642	94.33526634749902	107.81591510654708	75.8982828606458	62.17102862680301	129.02134991354967
ENSG00000126388	65.12241198897556	29.529316566759146	28.950569797128384	51.98241768841106	33.02198897554783	37.03576970997369
ENSG00000205289	65.92888148729105	63.22048311943737	58.10079869630593	59.09788170659661	52.59057503513172	50.72290199409441
ENSG00000111865	32.0571625580406	60.842283127483604	107.41659690244876	116.41689740864683	128.41884601601933	89.36892256102348
ENSG00000242943	2.4194084949464605	2.180016659290944	3.394204734835742	1.9765177828293181	5.707504267378637	2.8179389996719113
ENSG00000127399	22.782763327412503	42.60941652250481	53.90795755327354	15.812142262634545	26.0914480794452	37.23705106709312
ENSG00000157351	8.669547106891482	9.116433302489401	18.168978286473678	15.614490484351613	16.714833925894578	17.31019671227031
ENSG00000115336	502.43049745054833	387.44841535579957	269.73944686841685	389.76930677394154	377.10296052323133	471.19965701656747
ENSG00000180990	10.484103478101328	16.251033278350672	14.17579624549045	6.720160461619681	20.383943812066562	9.057661070374001
ENSG00000216727	1.4113216220521019	0.0	0.9982955102458063	1.7788660045463862	1.0191971906033281	0.4025627142388445
ENSG00000244696	292.7484278885217	387.25023202313673	251.57046858194317	515.2781859836032	582.9807930251037	338.35396131774877
ENSG00000205347	1219.9867335767526	388.8356986844392	967.1486903261371	1063.564218940456	920.1312236766845	962.1248870308383
ENSG00000105967	176.011968007355	122.67548291828128	225.8144444176014	68.78281884246026	263.7682329281413	94.60223784612845
ENSG00000183623	15.524537842573121	13.278283288408476	11.779887020900514	11.068499583844181	13.0457240397226	18.92044756922569
ENSG00000102760	4.032347491577434	2.180016659290944	2.9948865307374186	5.7319015702050224	3.8729493242926467	2.4153762854330667
ENSG00000131782	169.56021202083113	220.77623258637374	110.01216522908786	260.5050437769041	252.96474270774598	108.08808877312974
ENSG00000204773	5.846903862787279	6.341866645210017	14.774773551637933	10.080240692429522	15.084118420929254	4.6294712137467116
ENSG00000203162	40.32347491577434	63.22048311943737	58.30045779835508	84.99026466166067	62.17102862680301	75.48050891978333
ENSG00000137099	176.21358538193388	102.06441632134873	93.83977796310579	37.9491414303229	188.95915913785703	152.57126869652205
ENSG00000134287	16.53262471546748	15.854666613025046	17.17068277622787	15.41683870606868	13.861081792205262	27.374264568241426
ENSG00000136500	0.0	0.3963666653256261	0.9982955102458063	0.39530355656586363	0.40767887624133126	0.4025627142388445
ENSG00000198779	87.90517531638807	63.02229978677455	39.931820409832255	86.96678244449	48.106107396477086	95.40736327460614
ENSG00000113039	1.8145563712098454	1.3872833286396915	3.5938638368849025	4.3483391222245	2.2422338193273217	2.4153762854330667
ENSG00000235542	0.20161737457887172	0.7927333306512522	0.798636408196645	0.7906071131317273	2.0383943812066563	1.0064067855971113
ENSG00000102976	34.87980580214481	30.123866564747583	11.979546122949674	12.649713810107636	13.657242354084595	15.699945855314935
ENSG00000174991	32.258779932619476	25.565649913502885	21.363523919260256	30.240722077288567	26.29528751756586	34.016549353182356
ENSG00000227971	22.58114595283363	13.080099955745661	34.740683756554056	31.031329190420294	25.4799297650832	20.933261140419916
ENSG00000181734	156.65670004778332	78.08423306914834	111.60943804548116	97.83763025005123	93.96998097362685	85.34329541863502
ENSG00000121544	0.6048521237366151	0.9909166633140654	1.397613714344129	0.19765177828293182	0.6115183143619968	0.6038440713582667
ENSG00000201286	86.49385369433597	67.97688310334487	53.90795755327354	92.30338045812915	88.87399502061021	80.31126149064947
ENSG00000207351	1009.6998118909895	779.4550473628437	475.1886628770038	402.4190205840492	467.1999921725656	796.067767407315
ENSG00000214106	10.887338227259072	19.421966600955678	19.965910204916128	26.090034733346997	25.07225088884187	16.3037899266732
ENSG00000172943	8.669547106891482	9.116433302489401	8.385682286064775	11.068499583844181	14.676439544687923	17.31019671227031
ENSG00000190767	18.95203321041394	13.674649953734102	8.18602318401561	27.07829362476166	22.014659317031885	8.85637971325458
ENSG00000205047	411.50106151547715	379.7192653819498	300.4869485839877	178.47955578948742	348.1577603100969	393.90761588270936
ENSG00000171855	12.701894598468918	22.394716590897875	12.977841633195482	16.998052932332133	6.115183143619968	12.076881427165334
ENSG00000158338	4.637199615314049	4.954583316570327	2.9948865307374186	2.964776674243977	5.707504267378637	4.6294712137467116
ENSG00000223900	0.40323474915774343	1.3872833286396915	0.5989773061474838	0.0	0.40767887624133126	0.4025627142388445
ENSG00000117590	602.029480492511	310.75146561529084	340.2191098917708	471.39949120479235	744.4216280166708	413.8344702375322
ENSG00000114532	636.9092862946557	562.8406647623891	528.4976431241298	563.5052198846386	710.788120726761	352.4436563161084
ENSG00000229286	20.968206956202657	21.007433262258182	24.957387756145156	25.497079398498204	20.383943812066562	30.39348492503276
ENSG00000236730	2041.1743002364974	2469.9588749766394	2377.9399054055107	2078.308448645028	1160.8656000971905	1535.1729107498334
ENSG00000153654	17.94394633751958	20.412883264269745	6.588750367622321	12.847365588390566	13.657242354084595	4.42818985662729
ENSG00000211747	133.67231934579195	118.31544959969939	115.00364278031688	85.1879164399436	77.86666536209427	163.037899266732
ENSG00000249368	1.6129389966309737	2.3781999919537564	1.7969319184424513	1.3835624479805226	0.6115183143619968	1.4089694998359557
ENSG00000242740	3.2258779932619475	3.1709333226050087	1.7969319184424513	4.150687343941568	5.911343705499302	3.421783071030178
ENSG00000121466	23.992467574885733	28.73658323610789	13.976137143441289	33.00784697324961	21.40314100266989	29.387078139435648
ENSG00000172902	70.96931585176284	82.04789972240461	79.26466351351702	90.91981801014863	83.98184850571423	83.1292004903214
ENSG00000245575	121.77689424563852	145.66474950716758	100.02921012662979	82.81609510054842	53.60977222573505	61.59209527854321
ENSG00000100348	1.8145563712098454	5.747316647221579	3.394204734835742	4.743642678790363	4.076788762413313	7.044847499179779
ENSG00000249951	6.048521237366152	14.26919995172254	10.382273306556385	8.696678244449	12.230366287239937	4.226908499507867
ENSG00000191528	27.419962942726553	11.494633294443158	24.358410449997674	26.880641846478724	13.453402915963931	18.115322140748003
ENSG00000101194	12.298659849311173	20.61106659693256	6.588750367622321	14.23092803637109	8.765095839188621	11.87560007004591
ENSG00000129694	10.484103478101328	21.40379992758381	16.37204636803122	16.40509759748334	14.88027898280859	19.121728926345114
ENSG00000146711	140.12407533231584	134.9628495433757	144.95250808769106	143.09988747684264	102.5312373746948	115.13293627230952
ENSG00000120871	244.96511011332913	242.774582511946	168.31262302744295	332.0549875153254	309.2244276290497	285.61824575246015
ENSG00000111303	1.8145563712098454	0.19818333266281304	0.3993182040983225	0.5929553348487954	1.2230366287239935	0.20128135711942224
ENSG00000134756	314.11986959388213	233.06359921146816	443.8421838552855	505.98855240430544	476.7804457642369	572.4441796476369
ENSG00000136787	45.76714402940388	31.312966560724465	62.49329894138747	31.031329190420294	20.587783250187226	83.33048184744081
ENSG00000107613	53.63022163797987	51.92403315765702	56.7031849819618	81.82783620913376	37.914135490443805	65.2151597066928
ENSG00000117505	45.56552665482501	66.19323310937956	64.88920816597741	47.04112323133777	52.794414473252395	45.892149423228275
ENSG00000206180	152.82596993078477	238.2163658607013	117.39955200490682	193.69874271727318	189.97835632846036	240.12865904347075
ENSG00000194752	81.65503670444303	185.1032327070674	94.23909616720411	154.1683870606868	116.1884797287794	87.75867170406809
ENSG00000192741	0.6048521237366151	0.7927333306512522	0.9982955102458063	1.9765177828293181	1.4268760668446592	0.4025627142388445
ENSG00000139182	94.55854867749083	141.1065328559229	138.96273502621622	210.89444742788825	143.91064331318992	243.95300482873975
ENSG00000118683	1.4113216220521019	2.3781999919537564	2.9948865307374186	1.9765177828293181	2.0383943812066563	3.421783071030178
ENSG00000125389	26.815110818989936	46.77126650842388	107.41659690244876	62.655613715689384	65.63629907485432	48.71008842290018
ENSG00000199044	28.22643244104204	28.73658323610789	23.95909224589935	51.389462353562266	38.11797492856447	40.25627142388445
ENSG00000155496	1.2097042474732302	1.1890999959768782	1.1979546122949676	0.7906071131317273	1.4268760668446592	1.4089694998359557
ENSG00000141888	18.145563712098454	44.39306651647013	31.146819919669156	31.426632746986154	44.436997510305105	16.706352640912044
ENSG00000133994	23.992467574885733	11.890999959768783	10.382273306556385	13.637972701522294	24.25689313635921	18.719166212106266
ENSG00000132985	7.2582254848393815	7.530966641186896	3.5938638368849025	8.696678244449	4.484467638654643	5.837159356463245
ENSG00000224541	1971.6163060067865	1737.2750941222193	1429.5591706719947	1429.22000876388	1526.961230961906	1837.4975091432057
ENSG00000171628	32.86363205635609	49.74401649836608	49.515457308192	29.054811407590975	33.429667851789155	30.39348492503276
ENSG00000239093	12.90351197304779	6.936416643198457	11.580227918851353	16.40509759748334	13.0457240397226	14.894820426837246
ENSG00000245890	768.1621971455012	656.185014446574	899.4642547314714	889.828305829759	815.3577524826624	1110.8718099420912
ENSG00000136400	42.13803128698419	36.069366544631976	18.568296490572	30.043070299005635	41.583245376615785	14.894820426837246
ENSG00000231532	18.75041583583507	24.971099915514447	30.74750171557083	13.440320923239362	32.206631223065166	18.316603497867426
ENSG00000137163	0.6048521237366151	0.7927333306512522	0.19965910204916126	0.19765177828293182	0.40767887624133126	0.4025627142388445
ENSG00000241263	135.2852583424229	60.44591646215798	115.4029609844152	123.92766498339823	60.33647368371702	47.70368163730307
ENSG00000150215	175.60873325819725	220.37986592104812	165.71705470080386	76.09593463892875	299.6439740373785	156.7981771960299
ENSG00000212864	1441.7658456135116	1126.4740628554293	1194.760066662181	1150.333349606663	868.3560063940355	784.7960114086274
ENSG00000243479	4.233964866156306	3.9636666532562614	3.5938638368849025	5.336598013639159	5.707504267378637	2.8179389996719113
ENSG00000147595	267.14302131700504	299.6531989861733	233.20183119342033	328.6949072845156	271.10645270048525	218.79283518881198
ENSG00000175591	532.874721011958	519.0421482439074	501.9429825515914	354.58729023957966	400.54449590710794	666.8451361366459
ENSG00000234389	53.22698688882213	241.58548251596912	97.63330090203986	118.39341519147615	164.90610543961847	173.9070925511808
ENSG00000189810	19.355267959571684	23.583816586874754	15.573409959834578	16.207445819200405	40.15636930977112	27.978108639599693
ENSG00000223828	0.8064694983154869	1.1890999959768782	1.397613714344129	0.39530355656586363	2.649912695568653	2.4153762854330667
ENSG00000220950	51.21081314303341	54.69859981493641	53.30898024712606	49.412944570732954	57.07504267378637	52.13187149393036
ENSG00000175815	18.145563712098454	3.1709333226050087	5.590454857376516	12.254410253541772	16.918673364015245	13.687132284120713
ENSG00000120276	1.4113216220521019	1.5854666613025044	0.9982955102458063	0.5929553348487954	0.8153577524826625	0.805125428477689
ENSG00000104251	70.5660811026051	140.71016619059728	91.04455053441754	164.0509759748334	70.32460615162964	77.8958852052164
ENSG00000119611	33.26686680551383	36.66391654262041	18.368637388522835	15.614490484351613	25.276090326962535	13.284569569881867
ENSG00000219244	27.419962942726553	25.565649913502885	15.573409959834578	17.986311823746792	21.199301564549224	19.121728926345114
ENSG00000181589	1281.4800328233084	1816.7466105200074	1129.6711993941544	1811.676199741353	1459.6942163820863	1050.4874028062645
ENSG00000217708	11.088955601837945	5.945499979884391	16.571705470080385	9.88258891414659	9.784293029791948	5.635877999343823
ENSG00000224738	0.0	0.5945499979884391	0.19965910204916126	0.7906071131317273	0.0	0.4025627142388445
ENSG00000205868	0.0	0.19818333266281304	0.19965910204916126	0.19765177828293182	0.40767887624133126	0.20128135711942224
ENSG00000245927	101.01030466401473	129.81008289414257	108.41489241269456	71.94524729498717	115.5769614144174	63.60490884973742
ENSG00000147683	27.823197691884296	22.59289992356069	16.37204636803122	24.508820507083545	13.249563477843264	16.706352640912044
ENSG00000146460	3.024260618683076	5.350949981895952	2.395909224589935	2.7671248959610453	3.4652704480513155	6.038440713582667
ENSG00000247790	0.20161737457887172	0.3963666653256261	0.19965910204916126	1.7788660045463862	0.6115183143619968	1.0064067855971113
ENSG00000193557	4.838816989892921	4.954583316570327	3.394204734835742	5.5342497919220905	5.707504267378637	2.8179389996719113
ENSG00000147238	5.443669113629536	5.350949981895952	1.7969319184424513	1.9765177828293181	3.057591571809984	4.830752570866133
ENSG00000168349	24.395702324043476	31.907516558712903	19.766251102866963	12.254410253541772	35.26422279487515	36.230644281496005
ENSG00000160895	6.250138611945023	2.9727499899421956	1.9965910204916126	2.7671248959610453	5.0959859530166405	1.8115322140748
ENSG00000229438	2.8226432441042038	4.360033318581888	7.387386775818967	5.138946235356227	6.5228620198613	3.421783071030178
ENSG00000100283	31.250693059725116	19.02559993563005	24.158751347948513	29.845418520722703	26.702966393807195	25.361450997047204
ENSG00000149707	5.846903862787279	8.323699971838147	0.798636408196645	3.5577320090927724	4.484467638654643	4.6294712137467116
ENSG00000204363	35.686275300460295	92.35343302087088	30.74750171557083	53.16832835810866	35.26422279487515	70.44847499179778
ENSG00000199111	0.8064694983154869	0.0	0.5989773061474838	0.19765177828293182	0.0	0.4025627142388445
ENSG00000130160	2.621025869525332	1.9818333266281307	1.397613714344129	3.162428452526909	0.8153577524826625	3.0192203567913336
ENSG00000134875	323.99912094824685	260.21471578627353	368.57070238275173	232.0431877041619	313.09737695334235	266.29523546899566
ENSG00000147488	29.032901939357526	35.87118321196917	31.54613812376748	35.972623647493585	32.6143100993065	42.06780363795925
ENSG00000109059	3.830730116998562	1.1890999959768782	2.9948865307374186	2.964776674243977	3.26143100993065	1.4089694998359557
ENSG00000184152	25.202171822358963	12.28736662509441	11.979546122949674	28.066552516176316	18.753228307101235	32.6075798533464
ENSG00000122778	11.693807725574558	6.5400499778728305	12.179205224998837	5.929553348487954	2.2422338193273217	7.044847499179779
ENSG00000244745	12.097042474732303	8.52188330450096	12.977841633195482	11.266151362127111	13.0457240397226	5.4345966422244
ENSG00000244436	730.6613654738311	397.7539486542658	368.1713841786534	493.5364903724807	353.45758570123417	542.050694722604
ENSG00000158022	16.935859464625224	9.314616635152214	12.57852342909716	18.38161538031266	9.376614153550618	7.447410213418623
ENSG00000220894	32.86363205635609	31.511149893387277	64.29023085982993	41.50687343941568	37.71029605232314	31.39989171062987
ENSG00000179956	6.048521237366152	8.125516639175336	4.592159347130709	7.510767574751409	4.892146514895974	6.038440713582667
ENSG00000180903	8.064694983154869	4.360033318581888	6.588750367622321	3.9530355656586362	3.8729493242926467	9.86278649885169
ENSG00000116215	1.2097042474732302	1.1890999959768782	1.397613714344129	0.7906071131317273	1.4268760668446592	1.8115322140748
ENSG00000113948	3.6291127424196907	7.72914997384971	5.989773061474837	8.103722909600203	9.580453591671283	8.85637971325458
ENSG00000237845	11.895425100153432	14.863749949710979	5.590454857376516	18.38161538031266	10.599650782274612	7.648691570538045
ENSG00000193238	13.709981471363276	11.494633294443158	12.179205224998837	17.78866004546386	18.753228307101235	19.9268543548228
ENSG00000209808	33.06524943093496	44.39306651647013	32.54443363401329	19.172222493444387	29.964397403737845	32.00373578198814
ENSG00000175046	41.3315617886687	58.86044980085548	24.358410449997674	23.718213393951817	18.753228307101235	46.093430780347695
ENSG00000152753	49.79949152098131	117.32453293638534	110.21182433113702	100.80240692429521	125.76893332045069	64.20875292109571
ENSG00000245591	12.298659849311173	12.683733290420035	20.76454661311277	30.240722077288567	12.434205725360602	16.3037899266732
ENSG00000109693	321.17647770414266	251.29646581644695	180.09251004834346	513.6969717573397	375.47224501826605	546.0763218649925
ENSG00000201647	91.33267068422889	114.15359961378032	121.5923931479392	142.30928036371088	101.71587962221214	124.59316005692237
ENSG00000104226	229.23895489617712	546.5896314840385	838.9675468105756	256.35435643296256	440.70086521687904	706.2962821320526
ENSG00000204738	27.823197691884296	15.656483280362233	17.370341878277028	20.358133163141975	10.803490220395277	20.53069842618107
ENSG00000107684	393.55711517795754	412.22133193865113	343.61331462660655	236.7868303829523	163.68306881089447	399.74477523917255
ENSG00000236874	20.363354832466044	46.374899843098255	20.36522840901445	25.299427620215273	42.39860312909845	14.29097635547898
ENSG00000190798	1.0080868728943586	1.3872833286396915	1.1979546122949676	0.5929553348487954	0.6115183143619968	1.0064067855971113
ENSG00000109716	11.492190350995687	34.682083215992286	32.34477453196413	29.45011496415684	15.69563673529125	29.185796782316224
ENSG00000155342	17.94394633751958	12.089183292431597	18.96761469467032	10.277892470712453	13.249563477843264	17.71275942650916
ENSG00000143677	1.6129389966309737	0.5945499979884391	1.9965910204916126	1.1859106696975907	1.2230366287239935	0.0
ENSG00000175777	4.233964866156306	2.9727499899421956	2.5955683266390963	7.313115796468477	2.649912695568653	3.421783071030178
ENSG00000115123	10.484103478101328	8.918249969826588	9.184318694261417	10.87084780556125	9.580453591671283	8.252535641896312
ENSG00000204085	2373.2381161678986	2781.899440587907	3306.953707240258	2223.187202126417	2509.875001579756	5022.573704200943
ENSG00000138876	74.80004596876141	44.19488318380731	40.53079771597974	42.69278410911327	63.19022581740634	49.91777656561672
ENSG00000242044	1256.0762436263706	1247.1677124470827	1416.7809881408482	717.2783033887596	1460.1018952583279	1040.8258976645322
ENSG00000101658	304.4422356140963	200.95789932009245	229.60796735653545	135.19381634552536	134.94170803588062	197.85957404839206
ENSG00000123966	308.8778178548315	333.93891553684	323.0484271155429	331.65968395875956	144.1144827513106	204.50185883333302
ENSG00000246368	286.90152402573443	145.26838284184197	123.78864327048	200.2212514006099	107.42338388959078	82.72663777608254
ENSG00000237716	1.2097042474732302	0.3963666653256261	1.397613714344129	0.5929553348487954	1.4268760668446592	1.4089694998359557
ENSG00000112954	411.2994441408983	169.8431160920308	427.6697965893034	323.55596104915935	556.8893449456585	560.9711422918298
ENSG00000190346	3.427495367840819	2.57638332461657	1.7969319184424513	6.522508683336749	3.057591571809984	2.0128135711942226
ENSG00000145042	80.44533245696981	63.815033117425806	46.12125257335625	84.00200577024602	105.58882894650479	103.25733620226362
ENSG00000212021	17.339094213782964	13.080099955745661	30.54784261352167	19.369874271727316	17.734031116497906	17.10891535515089
ENSG00000232200	641.5464859099698	841.6846138189671	735.1448137450118	376.52663762898504	1076.2722332771145	632.8285867834635
ENSG00000115798	352.42717076386776	272.3038990787052	248.17626384710744	347.86712977796	341.22721941399425	290.85156103756515
ENSG00000122906	963.9326678615856	1194.2527626261115	1527.791448880182	1583.7836993811325	526.5172686656792	930.1211512488502
ENSG00000132938	105.44588690474991	50.53674982901733	93.2408006569583	82.61844332226549	92.33926546866152	83.93432591879908
ENSG00000215895	31.452310434303985	38.64574986924854	39.73216130778309	33.205498751532545	21.40314100266989	26.97170185400258
ENSG00000118117	155.85023054946782	179.55409939250865	103.22375575941638	83.01374687883136	209.95462126428558	193.23010283464535
ENSG00000240102	3114.58520249441	3766.6724205894247	2652.4711707231077	4836.736666361624	2563.4847738054905	2989.6319972947786
ENSG00000153117	81.45341932986418	87.79521636962619	95.23739167744992	56.528408588918495	84.7972062581969	44.08061720915347
ENSG00000104124	30.040988812251882	37.853016538597295	10.981250612703871	21.148740276273703	16.103315611532583	41.06139685236214
ENSG00000234490	1.6129389966309737	2.180016659290944	3.19454563278658	1.5812142262634545	2.0383943812066563	2.6166576425524894
ENSG00000181164	2.4194084949464605	3.567299987930635	2.5955683266390963	7.510767574751409	7.542059210464627	2.0128135711942226
ENSG00000227011	19.9601200833083	40.82576652853949	32.74409273606244	21.93934738940543	31.798952346823835	19.9268543548228
ENSG00000214463	44.55743978193065	69.36416643198457	80.26295902376283	86.76913066620706	112.92704871884875	63.80619020685685
ENSG00000208725	85.68738419602047	52.320399822982644	142.55659886310116	84.19965754852895	76.64362873337026	88.56379713254579
ENSG00000104428	13.508364096784405	22.394716590897875	16.971023674178706	23.12525805910302	14.88027898280859	19.72557299770338
ENSG00000232645	61.694916621134745	48.35673316972639	50.11443461433947	33.205498751532545	25.683769203203866	44.68446128051174
ENSG00000214520	876.4307272943554	654.2031811199458	892.4761861597508	543.3447384997795	820.6575778737997	660.8066954230632
ENSG00000127510	948.6097473935913	1305.8299789152754	1531.584971819116	1207.0594099738644	928.2848012015112	717.3667567736209
ENSG00000112816	284.48211553078795	344.8389988332947	290.70365258357884	356.563808022409	327.97765593615094	141.29951269783442
ENSG00000165970	820.381097161429	516.6639482519536	826.9880006876259	1322.8833520476624	724.6492025189663	839.3432591879907
ENSG00000132450	294.1597495105738	216.8125659331175	452.0282070393011	272.1664986955971	466.18079498196226	335.13345960383805
ENSG00000178594	803.8484724459615	1902.5599935630053	579.6103732487152	1197.176821059718	472.49981756370283	977.220988814795
ENSG00000220471	4.838816989892921	1.5854666613025044	2.795227428688258	1.1859106696975907	2.0383943812066563	1.610250856955378
ENSG00000118425	5.846903862787279	11.494633294443158	16.37204636803122	12.649713810107636	11.211169096636608	4.226908499507867
ENSG00000130243	32.46039730719834	42.411233189841994	22.761137633604385	48.81998923588415	94.37765984986818	61.59209527854321
ENSG00000196829	60.88844712281926	41.61849985919074	75.47114057458296	69.77107773387493	42.19476369097778	39.8537087096456
ENSG00000182411	333.8783723026116	549.5623814739806	291.3026298897263	712.7323124882521	370.17241962712876	344.39240203133147
ENSG00000142638	0.20161737457887172	0.3963666653256261	0.5989773061474838	0.19765177828293182	1.0191971906033281	0.805125428477689
ENSG00000186548	56.65448225666295	30.718416562736024	60.2970488188467	40.320962769718086	24.664572012600537	34.82167478166005
ENSG00000113858	65.5256467381333	30.718416562736024	26.55466057253845	29.647766742439767	78.27434423833559	57.365186779035334
ENSG00000156991	8.871164481470355	8.323699971838147	9.783296000408903	5.138946235356227	4.280628200533978	2.214094928313645
ENSG00000225926	20.363354832466044	35.47481654664354	45.92159347130709	15.219186927785747	37.50645661420247	21.335823854658756
ENSG00000116283	252.2233355981685	269.52933242142575	240.189899765141	214.84748299354686	155.9371701623092	240.732503114829
ENSG00000118096	65.12241198897556	64.60776644807706	57.50182139015844	54.551890806089176	114.76160366193474	50.11905792273614
ENSG00000148895	16.935859464625224	19.02559993563005	22.761137633604385	29.45011496415684	19.772425497704564	18.92044756922569
ENSG00000216393	30.645840935988495	46.17671651043544	89.44727771802425	40.51861454800102	27.722163584410524	35.62680021013774
ENSG00000174233	16.331007340888608	13.080099955745661	19.566592000817806	19.172222493444387	20.587783250187226	23.75120014009182
ENSG00000126695	251.01363135069528	388.04296535378796	88.04966400368012	119.18402230460786	100.28900355536749	316.6155747488512
ENSG00000231504	18.347181086677327	44.39306651647013	15.573409959834578	13.637972701522294	27.518324146289856	20.731979783300492
ENSG00000155027	73.38872434670931	342.65898217400377	297.092743849152	176.70068978494103	220.96195092280152	326.4783612477029
ENSG00000242124	13.306746722205533	7.72914997384971	6.788409469671484	7.313115796468477	21.606980440790554	9.460223784612845
ENSG00000117800	26.815110818989936	32.105699891375714	16.37204636803122	20.75343671970784	30.372076279979176	27.374264568241426
ENSG00000165140	6.250138611945023	4.558216651244701	2.9948865307374186	4.743642678790363	1.8345549430859904	2.6166576425524894
ENSG00000248678	20.564972207044917	24.772916582851632	18.568296490572	25.299427620215273	18.957067745221902	23.952481497211245
ENSG00000211154	234.4810066352278	123.66639958159536	167.91330482334462	138.1585930197693	191.60907183342567	256.2311676130245
ENSG00000140554	3.6291127424196907	3.3691166552678222	3.394204734835742	7.313115796468477	5.299825391137306	4.6294712137467116
ENSG00000241854	10.282486103522459	11.69281662710597	29.749206205325027	13.24266914495643	18.14170999273924	7.648691570538045
ENSG00000114213	38.91215329372224	28.340216570782268	33.94204734835741	37.75148965203997	44.640836948425765	34.4191120674212
ENSG00000106172	17.94394633751958	6.936416643198457	17.76966008237535	15.614490484351613	16.714833925894578	24.15376285433067
ENSG00000189069	184.07666299050987	156.76301613628513	123.38932506638167	135.58911990209123	228.09633125702481	157.80458398162705
ENSG00000140380	1.8145563712098454	1.7836499939653174	4.192841143032387	4.3483391222245	2.2422338193273217	4.025627142388445
ENSG00000117665	260.89288270506	273.29481574201924	150.34330384301842	164.44627953139926	145.54135881815523	139.2866991266402
ENSG00000135144	409.48488776968844	701.9653642916838	438.6510472020073	296.2800156461148	733.8219772343962	573.0480237189952
ENSG00000137731	615.941079338453	1083.0719130022733	919.0308467322892	935.6835183913992	976.5947480361089	1024.924670452098
ENSG00000222746	41.3315617886687	14.071016619059726	33.5427291442591	34.193757642947205	30.983594594341174	19.524291640583957
ENSG00000171791	5.443669113629536	5.747316647221579	6.38909126557316	6.324856905053818	2.8537521336893183	7.2461288562992
ENSG00000118464	1.6129389966309737	0.9909166633140654	0.5989773061474838	1.3835624479805226	1.4268760668446592	1.610250856955378
ENSG00000234761	123.79306799142724	98.69529966608091	117.9985293110543	73.72411329953356	101.9197190603328	97.62145820291978
ENSG00000231783	185.68960198714083	179.95046605783426	192.8706925794898	183.81615380312658	115.5769614144174	226.44152675935004
ENSG00000152338	39.71862279203772	52.716766488308274	45.92159347130709	77.47949708690926	63.394065255526996	47.70368163730307
ENSG00000137224	59.07389075160941	81.25516639175335	65.68784457417406	47.04112323133777	52.1828961588904	36.230644281496005
ENSG00000154432	217.14191242144483	142.6919995172254	66.88579918646901	70.95698840357252	82.55497243886958	186.78909940682385
ENSG00000178542	21.16982433078153	9.512799967815026	20.56488751106361	19.567526050010247	7.745898648585293	16.10250856955378
ENSG00000133591	1.4113216220521019	2.774566657279383	1.7969319184424513	1.7788660045463862	1.8345549430859904	1.0064067855971113
ENSG00000158540	3.024260618683076	1.9818333266281307	2.5955683266390963	2.5694731176781134	1.630715504965325	0.6038440713582667
ENSG00000194673	7.459842859418253	8.918249969826588	2.9948865307374186	9.091981801014864	6.930540896102631	7.8499729276574675
ENSG00000121385	3.427495367840819	4.360033318581888	7.387386775818967	2.7671248959610453	5.503664829257971	7.648691570538045
ENSG00000225109	0.40323474915774343	0.7927333306512522	2.196250122540774	0.9882588914146591	0.8153577524826625	0.6038440713582667
ENSG00000119060	7.05660811026051	12.683733290420035	12.977841633195482	11.859106696975909	3.8729493242926467	14.693539069717824
ENSG00000217288	3.024260618683076	1.1890999959768782	2.9948865307374186	2.3718213393951815	2.8537521336893183	1.8115322140748
ENSG00000232493	98.18766141991053	114.94633294443156	131.57534825039727	62.85326549397231	67.67469345606098	147.53923476853652
ENSG00000222159	27.01672819356881	23.583816586874754	13.177500735244642	22.532302724254222	22.218498755152552	34.21783071030178
ENSG00000100015	127.22056335926806	145.86293283983042	166.11637290490216	129.46191477532034	91.11622883993753	121.37265834301161
ENSG00000205823	2.016173745788717	1.5854666613025044	5.191136653278193	1.7788660045463862	1.8345549430859904	0.6038440713582667
ENSG00000201288	4.435582240735178	4.756399983907513	2.9948865307374186	1.9765177828293181	2.649912695568653	2.214094928313645
ENSG00000159562	1.0080868728943586	1.9818333266281307	0.798636408196645	1.7788660045463862	2.2422338193273217	1.4089694998359557
ENSG00000171101	63.30785561776572	113.95541628111751	37.33625208319316	43.68104300052793	88.46631614436888	31.80245442486871
ENSG00000229711	6136.22479530796	10452.78351463475	7480.627576475926	10388.577466550894	12787.663311061835	8161.355187121213
ENSG00000191675	30.645840935988495	35.87118321196917	42.327729634422184	37.55383787375704	52.998253911373055	30.192203567913335
ENSG00000133259	14.718068344257635	6.143683312547205	18.96761469467032	20.358133163141975	8.765095839188621	11.271755998687645
ENSG00000109899	78.4291587111811	39.24029986723699	30.14852440942335	60.87674771114299	49.53298346332175	37.63961378133195
ENSG00000219432	29.2345193139364	32.502066556701344	44.52397975696296	42.09982877426447	19.160907183342566	12.680725498523602
ENSG00000204631	211.09339118407868	205.11974930601153	198.66080653891547	218.40521500263964	159.40244061036051	153.57767548211916
ENSG00000134858	21.16982433078153	32.502066556701344	58.69977600245341	19.962829606576115	45.45619470090843	29.387078139435648
ENSG00000240611	4.637199615314049	3.3691166552678222	4.192841143032387	4.3483391222245	3.26143100993065	2.6166576425524894
ENSG00000201343	0.8064694983154869	0.9909166633140654	0.19965910204916126	0.39530355656586363	0.40767887624133126	1.2076881427165334
ENSG00000159657	68.54990735681638	71.94054975660114	59.89773061474838	93.09398757126088	70.5284455897503	69.03950549196183
ENSG00000235833	124.59953748974272	123.27003291626973	286.31115233849727	181.64198424201433	239.5113397917821	157.80458398162705
ENSG00000112093	48.993022022665826	23.781999919537565	55.904548573765155	36.76323076062532	61.96718918868235	21.53710521177818
ENSG00000218673	2.217791120367589	4.558216651244701	3.9931820409832253	1.7788660045463862	3.26143100993065	3.421783071030178
ENSG00000109228	12.097042474732303	18.82741660296724	11.979546122949674	16.009794040917477	10.599650782274612	14.089694998359558
ENSG00000114160	11.895425100153432	18.034683272315988	20.56488751106361	8.696678244449	18.957067745221902	19.323010283464534
ENSG00000168755	136.2933452153173	50.1403831636917	85.65375477909018	56.13310503235263	60.540313121837684	90.57661070374002
ENSG00000105354	45.96876140398275	52.12221649031983	62.892617145485794	26.682990068195792	38.11797492856447	18.316603497867426
ENSG00000174072	296.5791580055203	328.19159888961843	395.92399936348676	440.1705102360891	268.45654000491663	284.2092762526242
ENSG00000138524	21.3714417053604	19.620149933618496	21.762842123358578	13.835624479805226	26.29528751756586	22.946074711614138
ENSG00000104290	6.653373361102767	6.143683312547205	8.984659592212257	4.150687343941568	7.745898648585293	4.42818985662729
ENSG00000155738	1249.422870265268	1310.38819556652	756.1090194601737	1079.7716647596565	1247.0896824222323	892.4815374675181
ENSG00000144495	2.016173745788717	1.9818333266281307	2.5955683266390963	4.150687343941568	4.688307076775309	2.6166576425524894
ENSG00000242204	4.838816989892921	6.5400499778728305	9.58363689835974	6.324856905053818	6.5228620198613	3.8243457852690224
ENSG00000175826	1336.3199587087618	1930.1074768031365	2292.685468830519	970.2725795909123	1005.1322693730021	1711.0928168722085
ENSG00000199080	43.14611815987855	66.19323310937956	45.92159347130709	60.48144415457713	62.98638637928567	52.5344342081692
ENSG00000233072	1199.8249961188656	716.0363809107436	1521.602016716658	1233.1494447072116	1740.7888015504843	1317.7890450608575
ENSG00000225025	0.40323474915774343	0.0	0.19965910204916126	0.39530355656586363	0.40767887624133126	0.0
ENSG00000182039	352.8304055130255	284.7894490364623	459.01627561102174	289.75750696277805	910.3469306468926	235.09662511548518
ENSG00000119155	34.67818842756593	37.456649873271665	10.781591510654707	29.845418520722703	47.08691020587376	38.64602056692907
ENSG00000132890	26.21025869525332	50.1403831636917	55.704889471715994	31.62428452526909	45.86387357714976	24.95888828280836
ENSG00000180174	55.44477800918972	96.71346633945278	141.95762155695365	91.31512156671448	109.46177827079744	29.78964085367449
ENSG00000173682	0.0	0.19818333266281304	0.19965910204916126	0.7906071131317273	0.40767887624133126	0.0
ENSG00000113001	4.032347491577434	3.765483320593448	5.989773061474837	7.510767574751409	5.911343705499302	3.421783071030178
ENSG00000216964	73.99357647044592	64.40958311541425	41.92841143032387	48.227033901035355	82.14729356262824	88.16123441830695
ENSG00000151573	8727.20967602104	11596.89589409717	6177.652276503099	10266.82397112861	8456.890608750175	14906.696026907292
ENSG00000186979	7.2582254848393815	1.9818333266281307	4.991477551229032	6.522508683336749	5.911343705499302	8.453816999015734
ENSG00000184761	4036.5814564435905	3336.6145887111206	2932.5928908980804	3766.6499387378312	3858.884403062321	5964.36917416272
ENSG00000113730	145.16450969678763	101.46986632336028	109.81250612703869	86.17617533135827	112.51936984260742	137.6764482696848
ENSG00000157568	341.5398325366087	154.9793661423198	323.0484271155429	136.18207523694002	323.28934885937565	248.38119468536706
ENSG00000198840	4.435582240735178	5.549133314558766	7.9863640819664505	1.3835624479805226	2.649912695568653	3.220501713910756
ENSG00000246614	91.13105330965001	75.30966641186896	61.89432163524	121.55584364400306	150.63734477117188	94.19967513188962
ENSG00000218926	3.2258779932619475	3.567299987930635	3.9931820409832253	7.313115796468477	4.688307076775309	7.648691570538045
ENSG00000159221	2.621025869525332	4.756399983907513	1.397613714344129	2.964776674243977	2.2422338193273217	3.220501713910756
ENSG00000242261	457.6714402940388	489.7110150098111	315.06206303357646	615.2899857947666	477.1881246404782	464.15480951738766
ENSG00000207972	7.459842859418253	8.52188330450096	9.783296000408903	7.9060711313172725	9.784293029791948	8.85637971325458
ENSG00000112044	9.47601660520697	11.296449961780345	11.180909714753032	8.499026466166066	14.472600106567258	10.8691932844488
ENSG00000113851	187.70577573292957	163.6994327794836	113.20671086187444	86.17617533135827	272.1256498910886	103.86118027362188
ENSG00000218320	6.854990735681638	7.13459997586127	4.392500245081548	3.7553837873757043	3.057591571809984	7.447410213418623
ENSG00000200649	3.024260618683076	1.9818333266281307	2.196250122540774	3.5577320090927724	0.8153577524826625	1.8115322140748
ENSG00000164766	34.07333630382932	51.92403315765702	41.32943412417638	31.426632746986154	23.033856507635214	52.93699692240805
ENSG00000148862	61.29168187197699	52.320399822982644	37.33625208319316	28.857159629308043	31.798952346823835	74.67538349130565
ENSG00000229668	677.434378585009	306.58961562937185	556.8492356151107	639.6011545235673	163.47922937277383	674.0912649929451
ENSG00000157105	3.427495367840819	2.9727499899421956	4.192841143032387	3.5577320090927724	2.649912695568653	2.4153762854330667
ENSG00000178901	130.44644135253	79.07514973246242	66.08716277827239	99.81414803288055	96.41605423107484	121.37265834301161
ENSG00000143075	179.23784600061694	77.09331640583427	111.40977894343199	212.47566165415168	130.8649192734673	101.04324127394997
ENSG00000170090	9.879251354364714	13.278283288408476	15.174091755736256	14.033276258088158	14.472600106567258	11.070474641568223
ENSG00000227267	21.16982433078153	10.900083296454717	39.931820409832255	28.264204294459248	17.32635224025658	10.466630570209958
ENSG00000128876	23.992467574885733	37.25846654060886	16.172387265982064	27.868900737893384	23.849214260117876	30.59476628215218
ENSG00000102831	3.2258779932619475	1.7836499939653174	1.9965910204916126	5.7319015702050224	1.8345549430859904	5.837159356463245
ENSG00000165416	1.8145563712098454	1.5854666613025044	0.798636408196645	1.3835624479805226	2.649912695568653	1.8115322140748
ENSG00000206232	122.78498111853287	120.69364959165316	55.704889471715994	142.90223569855968	82.9626513151109	165.85583826640394
ENSG00000125371	2.621025869525332	2.3781999919537564	2.5955683266390963	2.964776674243977	3.057591571809984	3.421783071030178
ENSG00000106774	6.250138611945023	1.7836499939653174	3.5938638368849025	4.150687343941568	3.057591571809984	5.233315285104979
ENSG00000171901	174.399029010724	149.23204949509824	170.30921404793457	166.42279731422857	133.3109925309153	145.92898391158113
ENSG00000160388	8.871164481470355	15.854666613025046	12.179205224998837	9.88258891414659	9.172774715429952	13.888413641240135
ENSG00000125519	6.653373361102767	17.04376660900192	8.785000490163096	20.555784941424907	5.299825391137306	7.648691570538045
ENSG00000161152	1.6129389966309737	1.9818333266281307	1.59727281639329	2.7671248959610453	4.076788762413313	2.214094928313645
ENSG00000104025	2.621025869525332	1.9818333266281307	1.59727281639329	2.7671248959610453	1.630715504965325	5.233315285104979
ENSG00000108998	1.0080868728943586	0.9909166633140654	1.59727281639329	0.5929553348487954	0.40767887624133126	2.0128135711942226
ENSG00000113993	1.6129389966309737	2.3781999919537564	0.19965910204916126	1.5812142262634545	2.649912695568653	1.2076881427165334
ENSG00000179424	654.0467631338598	311.34601561327935	494.95491397987075	263.4698204511481	528.3518236087652	293.87078139435647
ENSG00000176199	6.653373361102767	2.3781999919537564	4.192841143032387	2.3718213393951815	4.484467638654643	6.441003427821512
ENSG00000200127	0.8064694983154869	0.0	0.19965910204916126	0.19765177828293182	0.0	0.6038440713582667
ENSG00000242337	2.016173745788717	0.3963666653256261	2.196250122540774	1.9765177828293181	4.280628200533978	2.6166576425524894
ENSG00000100560	92.13914018254437	160.72668278954137	89.04795951392592	126.1018345445105	141.46457005574192	86.75226491847098
ENSG00000162392	2.4194084949464605	2.3781999919537564	1.397613714344129	2.5694731176781134	1.8345549430859904	2.0128135711942226
ENSG00000149387	23.185998076570247	32.70024988936415	17.76966008237535	20.555784941424907	25.683769203203866	35.62680021013774
ENSG00000154100	4.435582240735178	4.954583316570327	3.793522938934064	3.3600802308098405	3.26143100993065	3.220501713910756
ENSG00000227941	0.6048521237366151	1.5854666613025044	1.397613714344129	0.39530355656586363	0.40767887624133126	0.6038440713582667
ENSG00000154886	5.846903862787279	8.918249969826588	8.785000490163096	9.289633579297794	9.172774715429952	5.4345966422244
ENSG00000218039	3.6291127424196907	5.15276664923314	5.390795755327353	4.150687343941568	6.319022581740634	1.610250856955378
ENSG00000174424	21.3714417053604	33.69116655267822	28.3515924909809	18.38161538031266	17.122512802135912	31.39989171062987
ENSG00000172769	81.85665407902191	79.47151639778804	82.85852735040193	83.40905043539722	47.49458908211509	135.05979062713232
ENSG00000222015	22.37952857825476	20.412883264269745	19.566592000817806	28.46185607274218	14.88027898280859	21.53710521177818
ENSG00000163660	5075.515787648516	3354.4510886507737	5230.269837279828	8654.183112118168	4585.775839400614	3917.7403349724345
ENSG00000202690	2.4194084949464605	4.161849985919074	4.592159347130709	3.5577320090927724	3.26143100993065	5.4345966422244
ENSG00000117218	234.88424138438555	283.20398237515985	511.326960347902	441.9493762406355	326.55077986930627	355.46287667289965
ENSG00000178779	41.3315617886687	69.7605330973102	63.09227624753496	55.14484614093797	46.88307076775309	50.52162063697499
ENSG00000164421	360.08863099786487	518.6457815785818	625.132648515924	215.4404383283957	296.3825430274478	496.7623893707341
ENSG00000215181	61.694916621134745	58.26589980286704	62.49329894138747	80.8395773177191	72.56683997095696	75.48050891978333
ENSG00000225838	0.20161737457887172	0.5945499979884391	0.3993182040983225	0.39530355656586363	0.40767887624133126	0.0
ENSG00000139976	18.347181086677327	14.26919995172254	18.368637388522835	11.859106696975909	20.383943812066562	10.667911927329378
ENSG00000106802	215.1257386756561	157.5557494669364	114.80398367826773	185.59501980767297	171.22512802135913	204.90442154757184
ENSG00000149271	26.815110818989936	22.7910832562235	42.52738873647135	21.544043832839566	23.441535383876545	46.093430780347695
ENSG00000216069	1.6129389966309737	2.180016659290944	2.5955683266390963	1.9765177828293181	2.446073257447987	1.0064067855971113
ENSG00000203236	8.064694983154869	5.945499979884391	7.387386775818967	4.941294457073295	9.988132467912616	6.441003427821512
ENSG00000215729	51.815665266770026	64.80594978073987	44.3243206549138	45.064605448508445	44.436997510305105	59.7805630644684
ENSG00000147509	223.190433658811	384.27748203319453	252.36910499013985	152.58717283442334	320.8432756019277	336.34114774655455
ENSG00000145651	16.935859464625224	5.15276664923314	10.581932408605546	11.266151362127111	8.561256401067956	6.038440713582667
ENSG00000218216	30.44422356140963	31.511149893387277	53.90795755327354	32.019588081834954	45.0485158246671	26.97170185400258
ENSG00000124701	7.05660811026051	4.161849985919074	3.19454563278658	1.3835624479805226	2.649912695568653	3.421783071030178
ENSG00000129413	2.621025869525332	1.7836499939653174	2.5955683266390963	1.7788660045463862	1.8345549430859904	3.0192203567913336
ENSG00000140506	7.2582254848393815	7.530966641186896	10.981250612703871	7.9060711313172725	5.299825391137306	7.447410213418623
ENSG00000165336	354.04010976049875	545.7968981533871	402.91206793520746	349.64599578250636	415.8324537661578	232.88253018717154
ENSG00000198254	79.8404803332332	104.8389829786281	73.27489045204219	175.51477911524344	157.97556454351584	68.43566142060357
ENSG00000155882	12.701894598468918	10.107349965803467	25.356705960243477	18.183963602029728	14.268760668446593	8.655098356135156
ENSG00000173622	27.21834556814768	18.82741660296724	22.960796735653545	20.160481384859043	19.772425497704564	39.65242735252618
ENSG00000137885	73.18710697213042	72.33691642192677	92.04284604466335	76.88654175206047	94.7853387261095	56.9626240647965
ENSG00000190350	14.718068344257635	12.089183292431597	27.35329698073509	12.847365588390566	21.40314100266989	10.265349213090534
ENSG00000246854	11.895425100153432	11.494633294443158	9.58363689835974	4.941294457073295	1.8345549430859904	12.680725498523602
ENSG00000234841	13.508364096784405	17.63831660699036	10.981250612703871	17.195704710615065	14.268760668446593	16.10250856955378
ENSG00000155708	55.64639538376859	71.74236642393834	78.26636800327123	105.74370138136852	192.83210846214968	91.3817361322177
ENSG00000216084	15.927772591730864	10.107349965803467	9.383977796310578	9.091981801014864	9.172774715429952	9.460223784612845
ENSG00000122149	147.18068344257637	93.93889968217339	161.72387265982061	149.42474438189646	170.40977026887646	109.69833963008512
ENSG00000127880	0.6048521237366151	0.19818333266281304	0.5989773061474838	0.19765177828293182	0.20383943812066563	0.20128135711942224
ENSG00000190194	8.064694983154869	2.3781999919537564	8.984659592212257	8.89433002273193	4.280628200533978	6.23972207070209
ENSG00000249434	6.048521237366152	7.927333306512523	8.785000490163096	11.859106696975909	5.911343705499302	9.86278649885169
ENSG00000137832	109.47823439632734	48.95128316771483	48.91648000204451	49.610596349015886	54.62896941633838	130.4303194133856
ENSG00000240421	4.838816989892921	2.774566657279383	2.5955683266390963	1.9765177828293181	3.4652704480513155	5.4345966422244
ENSG00000106131	6.048521237366152	3.9636666532562614	9.783296000408903	15.41683870606868	6.115183143619968	5.635877999343823
ENSG00000122878	60.88844712281926	50.933116494342954	57.102503186060126	37.356186095474115	29.556718527496514	23.75120014009182
ENSG00000212427	25.000554447780093	17.44013327432755	9.383977796310578	23.520561615668885	18.753228307101235	21.335823854658756
ENSG00000147580	9.274399230628099	7.927333306512523	12.57852342909716	7.313115796468477	5.911343705499302	8.252535641896312
ENSG00000168602	8.467929732312612	7.72914997384971	4.79181844917987	5.7319015702050224	8.765095839188621	21.134542497539336
ENSG00000245437	2.621025869525332	3.765483320593448	2.795227428688258	5.336598013639159	2.2422338193273217	2.8179389996719113
ENSG00000205287	96.1714876741218	160.33031612421576	134.76989388318387	89.73390734045104	100.49284299348815	58.17031220751303
ENSG00000191672	57.0577170058207	63.41866645210018	64.68954906392825	86.3738271096412	46.67923132963242	38.44473920980965
ENSG00000148178	84.67929732312612	140.11561619260883	110.61114253523535	97.0470231369195	83.98184850571423	136.87132284120713
ENSG00000245262	2651.8733278358995	2442.6095750691707	2232.787738215771	2190.772310488016	2386.3483020786325	2407.3250311482902
ENSG00000123835	406.05739240184766	264.5747491048554	222.6198987848148	429.6949659870937	353.2537462631135	266.29523546899566
ENSG00000146443	81.2518019552853	79.86788306311367	57.7014804922076	38.73974854345463	65.228620198613	74.27282077706681
ENSG00000197158	22.37952857825476	14.665566617048167	7.187727673769805	23.520561615668885	11.822687410998604	14.894820426837246
ENSG00000160903	2750.262606630389	2311.4122088463887	855.1399340765578	2038.1851376535926	2110.961221177613	2299.0356610180406
ENSG00000133723	48.38816989892921	36.465733209957605	49.31579820614283	31.62428452526909	32.81814953742716	27.575545925360846
ENSG00000211122	9.47601660520697	8.720066637163775	14.974432653687096	16.602749375766273	13.249563477843264	22.140949283136447
ENSG00000159389	410.0897398934251	162.90669944883234	398.71922679217505	311.30155079561763	498.9989445193894	366.3320699573485
ENSG00000141083	74.59842859418254	66.39141644204237	62.49329894138747	37.55383787375704	104.3657923177808	87.75867170406809
ENSG00000221585	8.871164481470355	20.214699931606933	20.56488751106361	15.614490484351613	15.084118420929254	12.47944414140418
ENSG00000133711	38.71053591914337	66.58959977470518	93.04114155490915	82.0254879874167	59.11343705499303	44.48317992339231
ENSG00000188820	1573.6236085880937	1535.9208281368012	1130.8691540064494	2243.742987067842	1633.9769359752554	1147.7062982949458
ENSG00000204552	49.39625677182357	30.91659989539884	60.89602612499419	39.33270387830343	52.998253911373055	24.15376285433067
ENSG00000160877	95.56663555038519	44.39306651647013	77.66739069712372	94.08224646267554	64.82094132237167	17.71275942650916
ENSG00000179884	4.838816989892921	4.360033318581888	7.9863640819664505	4.545990900507432	6.5228620198613	5.837159356463245
ENSG00000102320	16.935859464625224	10.503716631129091	2.9948865307374186	16.40509759748334	13.0457240397226	14.4922577125984
ENSG00000164091	126.81732861011031	205.9124826366628	366.57411136226006	126.89244165764221	184.67853093732305	180.1468146218829
ENSG00000192875	29.032901939357526	53.70768315162234	34.34136555245574	22.136999167688362	25.683769203203866	23.549918782972405
ENSG00000155874	47.380083026034846	29.727499899421957	43.12636604261883	64.43447972023577	20.791622688307893	49.91777656561672
ENSG00000108761	508.47901868791445	279.0421323892408	285.1131977262023	302.20956899460276	167.1483392589458	184.37372312139078
ENSG00000191692	20.968206956202657	18.82741660296724	17.76966008237535	16.800401154049204	21.606980440790554	21.7383865688976
ENSG00000100720	720.1772619957297	753.2948474513524	1031.239262083918	1196.3862139465862	544.2512997821772	773.7255367670591
ENSG00000204458	6.048521237366152	6.936416643198457	13.177500735244642	9.091981801014864	9.580453591671283	10.8691932844488
ENSG00000205838	7.05660811026051	7.13459997586127	8.984659592212257	4.3483391222245	7.542059210464627	6.843566142060356
ENSG00000226398	6.250138611945023	2.180016659290944	4.592159347130709	8.301374687883136	4.280628200533978	7.044847499179779
ENSG00000210085	2.217791120367589	0.9909166633140654	1.59727281639329	0.9882588914146591	1.2230366287239935	1.610250856955378
ENSG00000175894	129.84158922879337	50.1403831636917	109.21352882089121	101.98831759399282	54.83280885445905	101.64708534530824
ENSG00000122992	50.80757839387567	22.7910832562235	33.74238824630825	43.68104300052793	45.0485158246671	26.97170185400258
ENSG00000185391	585.0936210278857	494.4674149937186	509.9293466335579	390.5599138870732	326.143100993065	182.56219090731597
ENSG00000175474	14.11321622052102	7.530966641186896	5.590454857376516	8.103722909600203	8.968935277309287	7.648691570538045
ENSG00000115691	109.88146914548507	129.0173495634913	224.41683070325726	67.00395283791389	137.79546016956994	92.79070563205366
ENSG00000157217	335.8945460484003	753.8893974493409	341.8163827081641	409.3368328239518	634.3483314315113	429.9369788070859
ENSG00000228168	10.887338227259072	22.989266588886316	40.33113861393057	10.277892470712453	28.945200213134516	15.29738314107609
ENSG00000127319	21.774676454518143	9.512799967815026	33.14341094016077	23.12525805910302	18.345549430859904	29.990922210793915
ENSG00000228707	0.0	0.0	0.3993182040983225	0.7906071131317273	0.20383943812066563	0.6038440713582667
ENSG00000180820	1615.761639875078	906.2923802670441	1583.8956565559963	1179.388161014254	1758.9305115432235	1870.3063703536716
ENSG00000175944	45.76714402940388	13.872833286396913	21.962501225407742	23.91586517223475	32.206631223065166	21.53710521177818
ENSG00000232281	47.380083026034846	90.37159969424276	156.1334178024441	129.2642629970374	172.4481646500831	127.00853634235544
ENSG00000173231	16.129389966309738	12.485549957757224	15.174091755736256	12.254410253541772	3.669109886171981	14.089694998359558
ENSG00000144306	47.380083026034846	164.29398277747202	68.083753798764	62.26031015912351	61.76334975056168	67.0266919207676
ENSG00000125956	4.838816989892921	1.7836499939653174	1.7969319184424513	2.964776674243977	2.446073257447987	4.6294712137467116
ENSG00000148374	183.47181086677327	157.7539327995992	155.1351222921983	119.9746294177396	210.36230014052688	51.528027422572094
ENSG00000240004	40.12185754119547	33.492983220015404	43.725343348766316	39.33270387830343	27.722163584410524	59.176718993110136
ENSG00000219435	18.145563712098454	15.061933282373792	12.977841633195482	16.602749375766273	10.191971906033281	16.10250856955378
ENSG00000159351	71.17093322634172	42.60941652250481	87.25102759548346	82.42079154398257	114.55776422381406	101.84836670242765
ENSG00000146500	0.0	0.7927333306512522	1.59727281639329	0.39530355656586363	1.4268760668446592	0.805125428477689
ENSG00000142378	46.77523090229823	22.196533258235064	22.960796735653545	39.53035565658636	35.26422279487515	32.6075798533464
ENSG00000207632	11.693807725574558	11.098266629117532	12.977841633195482	16.998052932332133	18.345549430859904	18.517884854986846
ENSG00000111328	667.958361979802	378.1337987206473	462.61013944790665	525.1607748977498	269.27189775739924	890.8712866105628
ENSG00000190515	131.45452822542435	108.60446629922156	259.35717356186046	173.53826133241412	130.8649192734673	130.4303194133856
ENSG00000134722	21.976293829097017	24.376549917526006	28.551251593030063	17.195704710615065	14.676439544687923	22.54351199737529
ENSG00000197568	16.129389966309738	10.30553329846628	17.370341878277028	13.440320923239362	18.753228307101235	23.549918782972405
ENSG00000126531	9639.125061241279	7806.639656920869	10642.429116526444	9425.42035097817	13021.46714658624	16249.443960250957
ENSG00000238832	4.838816989892921	5.549133314558766	4.192841143032387	2.964776674243977	8.561256401067956	3.220501713910756
ENSG00000196848	1624.0279522328117	652.8158977913062	1430.5574661822404	1140.6484124707995	2175.3744836237433	941.3929072475378
ENSG00000228898	221.98072941133773	118.90999959768783	170.30921404793457	168.20166331877496	156.34484903855054	97.62145820291978
ENSG00000175249	119.15586837611319	124.65731624490941	173.30410057867198	146.85527126421832	180.1940632986684	105.8739938448161
ENSG00000137768	0.6048521237366151	0.0	0.19965910204916126	0.19765177828293182	1.2230366287239935	0.4025627142388445
ENSG00000175240	134.6804062186863	187.28324936635835	131.9746664544956	196.86117116980006	218.7197171034742	170.2840281230312
ENSG00000154703	9.47601660520697	12.485549957757224	15.972728163932901	16.800401154049204	19.568586059583897	8.453816999015734
ENSG00000155241	8.064694983154869	3.3691166552678222	1.59727281639329	6.522508683336749	3.8729493242926467	3.8243457852690224
ENSG00000188306	64.92079461439668	82.24608305506742	142.1572806590028	42.8904358873962	102.12355849845346	99.43299041699458
ENSG00000199971	5.040434364471793	5.15276664923314	5.590454857376516	9.684937135863658	5.0959859530166405	6.038440713582667
ENSG00000126594	125.80924173721594	120.29728292632753	105.22034677990798	65.02743505508457	80.31273861954224	119.96368884317566
ENSG00000197811	2.8226432441042038	3.765483320593448	4.392500245081548	5.138946235356227	2.0383943812066563	3.8243457852690224
ENSG00000227482	109.47823439632734	158.74484946291327	92.2425051467125	111.2779511732906	87.44711895376554	121.37265834301161
ENSG00000231875	40.72670966493209	98.69529966608091	64.09057175778076	59.09788170659661	75.21675266652562	78.90229199081352
ENSG00000121488	8.669547106891482	5.945499979884391	7.587045877868128	4.743642678790363	8.357416962947289	5.032033927985556
ENSG00000244934	3.830730116998562	2.57638332461657	4.392500245081548	7.115464018185545	2.649912695568653	2.4153762854330667
ENSG00000213705	4.838816989892921	3.9636666532562614	4.79181844917987	5.336598013639159	7.134380334223296	6.23972207070209
ENSG00000162461	12.701894598468918	14.467383284385354	6.588750367622321	11.266151362127111	4.892146514895974	4.025627142388445
ENSG00000161839	9.47601660520697	11.098266629117532	10.182614204507225	12.254410253541772	8.968935277309287	8.252535641896312
ENSG00000188266	1656.891584289168	1253.9059457576184	883.6911856695878	1198.7580352859814	2018.2142768327103	999.9657821692896
ENSG00000245502	92.74399230628099	42.014866524516364	39.332843103684766	95.26815713237312	33.225828413668495	49.91777656561672
ENSG00000208896	7.2582254848393815	17.04376660900192	7.587045877868128	14.033276258088158	12.434205725360602	11.271755998687645
ENSG00000106850	10.080868728943585	14.863749949710979	24.957387756145156	26.090034733346997	9.784293029791948	19.524291640583957
ENSG00000234867	6.250138611945023	6.7382333105356444	1.1979546122949676	5.7319015702050224	7.338219772343962	5.233315285104979
ENSG00000187048	64.1143251160812	36.465733209957605	68.48307200286231	59.09788170659661	51.36753840640773	77.49332249097756
ENSG00000196193	29.2345193139364	23.583816586874754	23.36011493975187	23.91586517223475	23.033856507635214	25.361450997047204
ENSG00000229704	7.2582254848393815	6.5400499778728305	9.982955102458064	7.9060711313172725	15.69563673529125	2.214094928313645
ENSG00000233419	3.2258779932619475	10.503716631129091	6.38909126557316	10.277892470712453	1.2230366287239935	8.05125428477689
ENSG00000208925	19.15365058499281	9.116433302489401	12.378864327048	9.091981801014864	10.599650782274612	9.86278649885169
ENSG00000135728	3.6291127424196907	2.57638332461657	1.9965910204916126	3.9530355656586362	4.484467638654643	3.220501713910756
ENSG00000106431	34.07333630382932	17.63831660699036	22.361819429506063	44.07634655709379	59.31727649311369	19.9268543548228
ENSG00000191671	4.233964866156306	5.945499979884391	4.392500245081548	3.3600802308098405	3.26143100993065	6.441003427821512
ENSG00000136997	63.91270774150233	79.66969973045086	80.66227722786114	116.2192456303639	80.51657805766293	83.1292004903214
ENSG00000218124	6.653373361102767	16.647399943676294	13.576818939342967	20.555784941424907	22.422338193273216	13.687132284120713
ENSG00000203696	135.08364096784405	50.73493316168014	71.0786403295014	52.377721244976925	81.94345412450757	72.05872584875317
ENSG00000121963	14.919685718836506	11.098266629117532	13.377159837293805	7.510767574751409	11.415008534757273	7.447410213418623
ENSG00000107276	2.016173745788717	0.3963666653256261	1.1979546122949676	0.7906071131317273	0.6115183143619968	1.8115322140748
ENSG00000244248	3.024260618683076	2.57638332461657	2.795227428688258	1.5812142262634545	1.0191971906033281	0.805125428477689
ENSG00000244626	11.492190350995687	19.421966600955678	13.776478041392128	29.647766742439767	9.376614153550618	17.511478069389735
ENSG00000134598	40.12185754119547	27.15111657480539	58.10079869630593	64.82978327680162	56.463524359424376	36.230644281496005
ENSG00000203815	41.129944414089834	65.59868311139113	93.64011886105664	33.60080230809841	35.46806223299581	88.16123441830695
ENSG00000121851	50.60596101929679	90.76796635956838	51.711707430732766	38.93740032173756	91.11622883993753	109.09449555872685
ENSG00000138961	82.05827145360078	57.47316647221578	153.7375085778542	49.80824812729881	49.329144025201074	153.1751127678803
ENSG00000107288	73.18710697213042	35.078449881317916	72.47625404384553	72.34055085155305	47.08691020587376	52.93699692240805
ENSG00000108471	43.14611815987855	32.30388322403853	73.67420865614051	46.052864339923104	51.36753840640773	63.80619020685685
ENSG00000115101	23.387615451149117	14.071016619059726	31.54613812376748	25.299427620215273	23.441535383876545	18.115322140748003
ENSG00000205692	100.80868728943585	84.42609971435836	53.1093211450769	108.51082627732956	100.49284299348815	119.96368884317566
ENSG00000105632	22.782763327412503	34.285716550666656	14.774773551637933	16.800401154049204	23.033856507635214	25.16016963992778
ENSG00000213531	26.008641320674453	20.61106659693256	14.774773551637933	15.41683870606868	18.14170999273924	37.03576970997369
ENSG00000221063	34.67818842756593	43.60033318581887	40.131479511881416	70.95698840357252	32.6143100993065	29.588359496555068
ENSG00000232716	2497.434418908484	3795.805370490859	2978.7141434714367	2688.0641846478725	3548.2330993664264	3322.9539246845416
ENSG00000239930	1.2097042474732302	0.5945499979884391	0.798636408196645	1.5812142262634545	1.0191971906033281	2.214094928313645
ENSG00000249726	12.097042474732303	8.52188330450096	11.979546122949674	8.89433002273193	13.0457240397226	21.53710521177818
ENSG00000225812	29.032901939357526	18.232866604978803	17.370341878277028	10.277892470712453	10.803490220395277	14.29097635547898
ENSG00000129124	43.75097028361516	65.2023164460655	66.88579918646901	71.94524729498717	50.3483412158044	58.17031220751303
ENSG00000209941	36.89597954793352	37.853016538597295	31.74579722581664	27.275945403044588	38.729493242926466	43.27549178067578
ENSG00000228788	1300.2304486591436	655.19409778326	898.4659592212256	1144.799099814741	826.7727610174197	483.27653844373276
ENSG00000132055	3.427495367840819	0.9909166633140654	2.395909224589935	2.7671248959610453	1.0191971906033281	1.610250856955378
ENSG00000209946	844.7767994854725	1020.2477965481615	729.9536770917335	822.6267012135622	950.299460518543	1299.2711602058705
ENSG00000151927	2.016173745788717	1.9818333266281307	2.395909224589935	2.7671248959610453	3.669109886171981	3.8243457852690224
ENSG00000107968	6.048521237366152	7.332783308524084	8.385682286064775	7.510767574751409	9.988132467912616	5.4345966422244
ENSG00000209287	83.26797570107401	83.83154971636992	62.69295804343663	56.72606036720143	88.46631614436888	71.85744449163374
ENSG00000107426	51.00919576845454	30.718416562736024	22.960796735653545	46.84347145305484	33.02198897554783	34.62039342454062
ENSG00000190352	31.250693059725116	26.754749909479763	32.74409273606244	15.021535149502817	41.17556650037445	23.952481497211245
ENSG00000130610	34.27495367840819	36.069366544631976	33.14341094016077	20.160481384859043	25.887608641324533	16.505071283792624
ENSG00000158969	57.0577170058207	74.71511641388052	47.119548083602055	51.78476591012813	74.80907379028427	81.92151234760486
ENSG00000246237	186.49607148545633	84.82246637968399	175.50035070121274	214.05687588041513	146.9682348849999	231.27227933021615
ENSG00000234773	41.3315617886687	41.42031652652793	58.50011690040425	110.48734406015888	57.482721550027705	63.20234613549858
ENSG00000157611	2.621025869525332	4.360033318581888	0.9982955102458063	5.7319015702050224	1.630715504965325	2.6166576425524894
ENSG00000161341	7.459842859418253	8.125516639175336	5.191136653278193	5.7319015702050224	3.4652704480513155	7.044847499179779
ENSG00000147500	298.39371437673014	520.4294315725471	495.5538912860182	364.07457559716033	386.47957467678197	311.78482217798506
ENSG00000204884	1366.5625648955925	1224.7729958561847	1237.6867736027507	2592.203072180651	2221.849875515255	997.1478431696178
ENSG00000146359	312.91016534640886	297.67136565954524	365.77547495406344	186.3856269208047	158.58708285787782	372.16922931381174
ENSG00000238636	205.04486994671254	289.9422156856955	268.74115135817107	371.5853431719118	334.2966785178916	334.32833417536034
ENSG00000140045	39.31538804287999	29.925683232084772	53.1093211450769	49.215292792450015	57.482721550027705	49.91777656561672
ENSG00000145777	1449.024071098351	2155.2437427080918	1957.457836489977	1438.7072941214606	2553.2928018994576	1306.9198517764087
ENSG00000122761	9.274399230628099	12.683733290420035	4.991477551229032	16.009794040917477	5.911343705499302	9.661505141732267
ENSG00000185258	10.887338227259072	19.223783268292866	14.974432653687096	15.812142262634545	13.0457240397226	8.85637971325458
ENSG00000162618	6.250138611945023	7.332783308524084	7.9863640819664505	3.3600802308098405	6.115183143619968	5.635877999343823
ENSG00000175568	579.6499519142562	301.4368489801387	710.5867441929648	547.1001222871553	670.4279119788691	714.7500991310684
ENSG00000232601	19.355267959571684	6.936416643198457	9.383977796310578	10.080240692429522	13.249563477843264	4.6294712137467116
ENSG00000145134	60.686829748240385	66.19323310937956	91.04455053441754	39.72800743486929	89.89319221121355	64.20875292109571
ENSG00000164027	1.6129389966309737	1.3872833286396915	0.9982955102458063	0.9882588914146591	1.8345549430859904	1.2076881427165334
ENSG00000146010	3.2258779932619475	2.57638332461657	2.196250122540774	1.9765177828293181	0.6115183143619968	0.4025627142388445
ENSG00000206052	187.5041583583507	167.46491610007703	298.6900166655453	228.48545569506916	183.6593337467197	246.97222518553113
ENSG00000237285	240.52952787259395	162.11396611818108	188.47819233440822	135.78677168037416	139.01849679829394	108.69193284448801
ENSG00000213850	165.9310992784114	203.534282644709	103.6230739635147	287.7809891799487	218.92355654159488	101.44580398818881
ENSG00000117928	27.823197691884296	20.412883264269745	55.904548573765155	51.78476591012813	49.94066233956307	52.93699692240805
ENSG00000175121	18.145563712098454	11.296449961780345	11.380568816802192	16.800401154049204	12.434205725360602	30.997328996391026
ENSG00000131920	10.6857208526802	11.494633294443158	23.160455837702706	18.579267158595588	4.484467638654643	10.8691932844488
ENSG00000167640	6.048521237366152	2.3781999919537564	5.390795755327353	3.9530355656586362	2.2422338193273217	4.025627142388445
ENSG00000211893	16.734242090046354	11.494633294443158	8.18602318401561	18.183963602029728	11.007329658515943	21.134542497539336
ENSG00000215667	423.7997213647883	832.7663638491405	421.48036442577944	533.8574531421988	552.8125561832452	500.38545379888365
ENSG00000195886	13.306746722205533	28.53839990344508	27.752615184833413	10.277892470712453	41.17556650037445	30.796047639271606
ENSG00000129668	3.024260618683076	2.180016659290944	4.79181844917987	1.5812142262634545	1.630715504965325	2.0128135711942226
ENSG00000113028	22.17791120367589	17.241949941664735	14.17579624549045	19.76517782829318	24.868411450721204	23.75120014009182
ENSG00000128467	5.443669113629536	3.765483320593448	5.191136653278193	2.5694731176781134	3.669109886171981	4.42818985662729
ENSG00000145260	3.830730116998562	3.765483320593448	3.19454563278658	1.3835624479805226	5.503664829257971	2.8179389996719113
ENSG00000170314	31.049075685146242	27.349299907468204	16.77136457212955	35.77497186921066	31.3912734705825	15.699945855314935
ENSG00000110721	4.838816989892921	5.747316647221579	6.38909126557316	11.463803140410045	4.688307076775309	6.038440713582667
ENSG00000181350	2.016173745788717	1.9818333266281307	1.9965910204916126	1.7788660045463862	3.057591571809984	1.8115322140748
ENSG00000185456	536.3022163797988	510.1238982740808	440.0486609163514	763.5288195069655	513.2677051878361	454.292023018536
ENSG00000183304	1038.1278617066105	1030.1569631813022	1820.2920333822033	800.4897020458739	774.9975437347707	1489.8846053979635
ENSG00000234706	66.73535098560653	39.636666532562614	41.52909322622554	37.75148965203997	54.42512997821772	38.44473920980965
ENSG00000130718	763.9282322793449	391.6102653417186	574.419236595437	533.066846029067	381.7912676000067	339.76293081758473
ENSG00000202203	19.9601200833083	7.530966641186896	11.580227918851353	4.545990900507432	8.153577524826625	14.4922577125984
ENSG00000210863	39.71862279203772	34.682083215992286	47.718525389749544	20.75343671970784	27.722163584410524	28.179389996719117
ENSG00000214297	445.17116307014874	202.3451826487321	219.22569404997907	282.2467393880266	340.00418278527025	359.0859411010493
ENSG00000161202	62.90462086860797	78.28241640181116	116.40125649466101	47.63407856618656	89.28167389685153	64.61131563533455
ENSG00000185547	178.43137650230145	221.9653325823506	160.52591804752566	181.04902890716554	116.1884797287794	110.10090234432397
ENSG00000175327	0.0	0.19818333266281304	0.0	0.5929553348487954	0.20383943812066563	0.20128135711942224
ENSG00000122140	76.21136759081351	36.66391654262041	51.11273012458528	47.8317303444695	39.95252987165046	31.198610353510446
ENSG00000196263	17.137476839204094	8.125516639175336	4.79181844917987	7.510767574751409	17.530191678377243	4.025627142388445
ENSG00000240151	12.701894598468918	7.927333306512523	29.749206205325027	21.93934738940543	17.937870554618573	11.271755998687645
ENSG00000141828	1.2097042474732302	3.3691166552678222	1.9965910204916126	0.5929553348487954	0.8153577524826625	0.805125428477689
ENSG00000146635	9.879251354364714	9.710983300477839	4.79181844917987	6.720160461619681	9.580453591671283	7.044847499179779
ENSG00000148379	67.34020310934315	86.40793304098649	144.35353078154358	75.10767574751408	47.29074964399442	108.69193284448801
ENSG00000171473	89.31649693844017	107.81173296857031	96.03602808564656	118.98637052632495	145.3375193800346	100.4393972025917
ENSG00000161046	162.70522128514946	174.20314941061267	51.911366532781926	161.28385107887235	152.87957859049922	134.8585092700129
ENSG00000150587	142.74510120184118	135.35921620870133	300.2872894819385	169.18992221018962	105.18115007026344	158.81099076722415
ENSG00000216551	100.40545254027812	184.31049937641615	249.17455935735325	211.09209920617116	198.131933853287	201.48263847654167
ENSG00000223489	62.098151370292484	42.80759985516762	69.48136751310811	98.23293380661711	46.06771301527043	50.72290199409441
ENSG00000235120	14.314833595099891	10.503716631129091	16.77136457212955	16.998052932332133	18.957067745221902	21.53710521177818
ENSG00000245066	12.500277223890047	10.30553329846628	10.781591510654707	9.487285357580726	6.930540896102631	7.8499729276574675
ENSG00000127877	12.500277223890047	16.251033278350672	11.380568816802192	8.696678244449	12.026526849119271	15.901227212434355
ENSG00000123334	5.443669113629536	3.3691166552678222	3.793522938934064	3.9530355656586362	3.057591571809984	8.05125428477689
ENSG00000105041	4.233964866156306	2.9727499899421956	1.7969319184424513	3.7553837873757043	4.076788762413313	2.214094928313645
ENSG00000199923	32.46039730719834	10.900083296454717	22.960796735653545	34.58906119951307	23.23769594575588	9.460223784612845
ENSG00000240685	0.20161737457887172	0.19818333266281304	0.19965910204916126	0.19765177828293182	0.20383943812066563	0.4025627142388445
ENSG00000128376	1.8145563712098454	2.774566657279383	1.1979546122949676	1.3835624479805226	2.0383943812066563	2.6166576425524894
ENSG00000143615	5.242051739050664	7.927333306512523	5.989773061474837	3.7553837873757043	4.280628200533978	7.648691570538045
ENSG00000134841	80.24371508239093	102.46078298667435	134.5702347811347	78.27010420004099	59.11343705499303	74.27282077706681
ENSG00000108841	222.18234678591662	307.9768989580115	385.34206695488126	168.9922704319067	124.13821781548536	235.09662511548518
ENSG00000128155	64.92079461439668	32.898433222026966	75.2714814725338	66.01569394649923	49.73682290144241	59.7805630644684
ENSG00000157760	32.258779932619476	18.82741660296724	37.53591118524231	24.706472285366477	35.060383356754485	25.764013711286047
ENSG00000170574	8.467929732312612	8.918249969826588	12.378864327048	12.056758475258839	10.395811344153946	8.655098356135156
ENSG00000166087	303.0309139920442	365.84643209555287	234.99876311186281	129.06661121875445	573.1964999953118	214.5659266893041
ENSG00000202042	89.1148795638613	102.06441632134873	54.906253063519344	101.98831759399282	141.6684094938626	161.83021112401548
ENSG00000221211	5.6452864882084075	7.72914997384971	8.385682286064775	6.127205126770886	4.892146514895974	6.843566142060356
ENSG00000143510	12.701894598468918	31.907516558712903	19.366932898768642	28.857159629308043	14.064921230325927	59.176718993110136
ENSG00000178581	66.93696836018542	69.16598309932176	55.704889471715994	45.459909005074316	98.4544486122815	43.07421042355636
ENSG00000196930	250.61039660153753	131.99009955343348	286.9101296446447	176.10773445009224	122.09982343427869	136.46876012696828
ENSG00000149118	13.306746722205533	7.530966641186896	7.587045877868128	21.7416956111225	25.887608641324533	18.719166212106266
ENSG00000219966	901.8345164912931	731.2964975257802	677.6429923548534	226.3112861339569	791.7123776606652	694.2194007048873
ENSG00000225404	294.9662190088893	256.4492324656801	277.326492746285	353.0060760133162	203.2279198063036	287.2284966094155
ENSG00000171482	8.064694983154869	7.13459997586127	20.964205715161935	10.475544248995385	16.714833925894578	14.4922577125984
ENSG00000117414	19.355267959571684	18.034683272315988	9.383977796310578	17.591008267180932	19.364746621463233	14.894820426837246
ENSG00000167542	3.2258779932619475	3.1709333226050087	9.184318694261417	2.964776674243977	3.26143100993065	7.2461288562992
ENSG00000115236	4.233964866156306	3.765483320593448	0.9982955102458063	5.138946235356227	4.688307076775309	6.843566142060356
ENSG00000184214	39.71862279203772	74.91329974654333	65.28852637007573	92.10572867984621	128.01116713977802	68.8382241348424
ENSG00000203761	463.7199615314049	519.0421482439074	462.2108212438083	631.497431613967	435.8087187019831	338.35396131774877
ENSG00000108488	427.0255993580503	586.4244813492638	413.6936594458621	456.37795605528953	426.8397834246738	681.1361124921248
ENSG00000212677	42.33964866156306	73.32783308524083	30.14852440942335	45.064605448508445	36.48725942359914	23.75120014009182
ENSG00000220914	19.355267959571684	24.57473325018882	15.573409959834578	11.463803140410045	8.357416962947289	12.278162784284756
ENSG00000232993	5.846903862787279	10.701899963791904	7.786704979917289	9.684937135863658	9.376614153550618	9.86278649885169
ENSG00000133530	45.36390928024613	110.7844829585125	91.44386873851586	94.27989824095847	94.17382041174751	55.35237320784112
ENSG00000127749	8.26631235773374	14.863749949710979	19.965910204916128	15.41683870606868	7.338219772343962	6.23972207070209
ENSG00000138484	145.3661270713665	83.03881638571868	167.5139866192463	131.24078077986672	139.8338545507766	66.82541056364818
ENSG00000153950	41.53317916324757	23.187449921549128	25.55636506229264	23.91586517223475	23.23769594575588	36.230644281496005
ENSG00000164976	66.53373361102766	42.014866524516364	32.94375183811161	57.516667480333155	65.02478076049233	64.81259699245396
ENSG00000236183	12.90351197304779	12.683733290420035	6.588750367622321	5.5342497919220905	8.153577524826625	12.882006855643024
ENSG00000131339	1419.5879344098357	1234.087612491337	3025.4343733509404	2539.627699157391	2705.7647016137153	1751.5503696532123
ENSG00000236447	199.60120083308297	189.46326602564926	387.1389988733237	158.51672618291133	217.08900159850887	244.35556754297863
ENSG00000115653	17.94394633751958	33.69116655267822	58.50011690040425	41.111569882849814	47.29074964399442	31.198610353510446
ENSG00000187835	7.863077608575996	5.747316647221579	6.189432163524	5.7319015702050224	11.822687410998604	3.421783071030178
ENSG00000145574	136.49496258989615	98.89348299874372	101.42682384097391	62.45796193740645	77.0513076096116	87.95995306118752
ENSG00000182553	137.09981471363275	137.93559953331788	146.3501218020352	225.32302724254225	153.08341802861986	130.02775669914675
ENSG00000149923	4.838816989892921	2.3781999919537564	2.395909224589935	4.545990900507432	2.649912695568653	1.0064067855971113
ENSG00000235641	40.72670966493209	44.59124984913294	57.7014804922076	40.123310991435154	47.49458908211509	43.678054494914626
ENSG00000107175	2546.2258235565705	1336.3502121453485	2297.676946381748	2590.424206176104	2429.562262960213	2034.55195776312
ENSG00000204826	68.34828998223752	32.70024988936415	43.326025144667994	50.203551683864674	66.65549626545766	55.55365456496054
ENSG00000122526	9.879251354364714	14.26919995172254	8.585341388113935	20.555784941424907	21.199301564549224	8.655098356135156
ENSG00000191838	90.72781856049227	107.01899963791905	82.65886824835276	163.06271708341873	141.87224893198325	144.31873305462577
ENSG00000247306	1147.6060961029377	1272.138812362597	1100.9202886990754	1837.370930918134	1737.5273705405536	1368.9145097691908
ENSG00000236018	20.363354832466044	13.674649953734102	15.972728163932901	10.080240692429522	14.472600106567258	9.86278649885169
ENSG00000193492	13.10512934762666	13.872833286396913	7.587045877868128	11.859106696975909	6.5228620198613	19.524291640583957
ENSG00000237876	18.347181086677327	16.647399943676294	20.964205715161935	12.649713810107636	34.245025604271824	25.562732354166627
ENSG00000104287	24.597319698622346	33.492983220015404	27.35329698073509	32.81019519496668	27.518324146289856	36.63320699573485
ENSG00000247499	445.3727804447276	272.89844907669357	260.7547872762046	415.2663861724397	497.5720684525448	487.5034469432407
ENSG00000217655	23.387615451149117	80.2642497284393	55.704889471715994	63.24856905053818	37.914135490443805	51.326746065452674
ENSG00000224233	0.40323474915774343	0.3963666653256261	0.0	0.39530355656586363	0.0	0.6038440713582667
ENSG00000215694	122.38174636937512	68.76961643399612	88.04966400368012	88.15269311418758	69.9169272753883	62.19593934990147
ENSG00000219464	59.8803602499249	77.09331640583427	61.69466253319084	38.73974854345463	79.29354142893891	51.125464708333254
ENSG00000185779	111.49440814211606	138.53014953130634	110.21182433113702	113.25446895611992	140.64921230325928	133.44953977017693
ENSG00000228300	107.6636780251175	19.421966600955678	44.72363885901213	51.587114131845205	73.38219772343962	81.11638691912717
ENSG00000201485	24.194084949464607	17.04376660900192	17.17068277622787	12.452062031824703	16.510994487773914	29.78964085367449
ENSG00000211604	75.00166334334028	75.50784974453177	128.18114351556153	90.91981801014863	158.58708285787782	101.24452263106939
ENSG00000243289	12.500277223890047	10.503716631129091	11.979546122949674	10.277892470712453	9.784293029791948	7.8499729276574675
ENSG00000191182	1.2097042474732302	0.5945499979884391	0.9982955102458063	1.5812142262634545	1.2230366287239935	0.4025627142388445
ENSG00000228360	27.21834556814768	11.890999959768783	13.776478041392128	18.183963602029728	20.383943812066562	24.757606925688936
ENSG00000156645	2.4194084949464605	2.57638332461657	3.793522938934064	4.545990900507432	3.26143100993065	2.0128135711942226
ENSG00000214200	691.345977430951	861.8993137505739	681.4365152937874	952.6815713237313	531.0017363043339	818.6112794046902
ENSG00000191345	14.314833595099891	25.763833246165696	21.962501225407742	33.79845408638134	27.11064527004853	25.764013711286047
ENSG00000138025	1174.6228242965067	698.0016976384276	1259.2499566240601	1029.5681130757919	512.2485079972327	1008.218317811186
ENSG00000118292	1.6129389966309737	3.1709333226050087	1.7969319184424513	1.7788660045463862	1.8345549430859904	3.0192203567913336
ENSG00000229356	2.016173745788717	4.360033318581888	2.9948865307374186	4.3483391222245	2.2422338193273217	2.4153762854330667
ENSG00000108911	82.05827145360078	68.17506643600768	77.86704979917289	52.18006946669399	90.91238940181687	115.53549898654836
ENSG00000206488	1.0080868728943586	0.5945499979884391	0.9982955102458063	1.1859106696975907	1.4268760668446592	0.805125428477689
ENSG00000209115	4.032347491577434	10.107349965803467	11.979546122949674	8.301374687883136	12.026526849119271	9.258942427493423
ENSG00000249676	1.6129389966309737	0.3963666653256261	0.19965910204916126	1.5812142262634545	0.8153577524826625	0.805125428477689
ENSG00000162446	82.46150620275853	48.15854983706357	108.81421061679289	64.03917616366991	108.85025995643544	115.13293627230952
ENSG00000115327	1.2097042474732302	0.3963666653256261	0.798636408196645	0.7906071131317273	0.6115183143619968	1.0064067855971113
ENSG00000137674	16.935859464625224	18.82741660296724	13.177500735244642	15.41683870606868	15.287957859049921	12.076881427165334
ENSG00000114813	0.40323474915774343	0.5945499979884391	1.1979546122949676	0.39530355656586363	2.0383943812066563	2.0128135711942226
ENSG00000103882	104.84103478101328	61.83319979079768	168.31262302744295	73.92176507781649	158.38324341975718	98.42658363139748
ENSG00000230346	177.02005488024938	335.5243821981425	277.72581095038333	371.9806467284776	165.10994487773917	142.9097635547898
ENSG00000189807	46.77523090229823	39.24029986723699	27.552956082784256	48.81998923588415	37.50645661420247	52.33315285104978
ENSG00000236189	2.621025869525332	2.9727499899421956	3.9931820409832253	5.7319015702050224	5.707504267378637	1.8115322140748
ENSG00000118491	62.50138611945023	46.374899843098255	70.67932212540309	65.62039038993336	69.71308783726764	45.28830535187001
ENSG00000181970	331.4589638076651	255.0619491370404	125.58557518892242	305.9649527819784	163.47922937277383	245.16069297145629
ENSG00000241716	137.09981471363275	197.78696599748744	147.54807641433015	119.57932586117374	193.85130565275298	108.49065148736858
ENSG00000105449	386.0972723185393	175.59043273925238	195.4662609061289	513.4993199790568	507.9678797966987	215.97489618914005
ENSG00000179499	684.4909866952695	1559.1082780583502	1387.4311001396215	1127.8010468824089	1387.7388947254915	1228.8226852140729
ENSG00000130533	41.53317916324757	59.851366464169544	39.73216130778309	46.84347145305484	59.92879480747569	56.157498636318806
ENSG00000162598	14.718068344257635	15.656483280362233	10.382273306556385	23.32290983738595	21.810819878911218	15.096101783956668
ENSG00000198887	4.032347491577434	6.341866645210017	9.184318694261417	8.89433002273193	5.911343705499302	13.687132284120713
ENSG00000207080	21.774676454518143	24.57473325018882	20.56488751106361	36.960882538908244	44.84467638654643	18.316603497867426
ENSG00000215646	11.693807725574558	27.745666572793827	20.56488751106361	19.369874271727316	31.3912734705825	13.687132284120713
ENSG00000155181	11.492190350995687	8.125516639175336	7.9863640819664505	6.917812239902613	8.153577524826625	6.642284784940934
ENSG00000178421	25.605406571516706	65.79686644405393	71.27829943155058	67.39925639447974	121.28446568179604	74.27282077706681
ENSG00000200064	1447.4111321017199	1708.934877551437	1992.9971566547276	1104.6757888233058	1349.009401482565	1032.1707993083974
ENSG00000154255	8.669547106891482	4.161849985919074	7.187727673769805	10.080240692429522	5.503664829257971	6.038440713582667
ENSG00000208159	15.524537842573121	10.701899963791904	15.373750857785415	11.068499583844181	7.542059210464627	17.91404078362858
ENSG00000120680	16.53262471546748	22.59289992356069	8.385682286064775	13.24266914495643	11.211169096636608	12.076881427165334
ENSG00000137720	1.4113216220521019	3.9636666532562614	2.395909224589935	6.324856905053818	2.0383943812066563	4.226908499507867
ENSG00000205453	260.4896479559022	330.37161554890935	224.6164898053064	390.7575656653562	130.04956152098467	367.94232081430386
ENSG00000167204	10.887338227259072	25.36746658084007	17.570000980326192	15.812142262634545	25.683769203203866	26.77042049688316
ENSG00000231744	103.63133053354005	94.92981634548745	67.28511739056735	95.86111246722191	67.26701457981966	135.46235334137117
ENSG00000109086	0.8064694983154869	1.5854666613025044	1.397613714344129	0.5929553348487954	1.0191971906033281	2.0128135711942226
ENSG00000224271	107.05882590138087	50.933116494342954	97.83296000408902	67.59690817276268	72.3630005328363	97.62145820291978
ENSG00000238264	35.48465792588142	17.44013327432755	20.76454661311277	22.334650945971294	25.887608641324533	24.95888828280836
ENSG00000180711	1.0080868728943586	1.9818333266281307	0.798636408196645	1.5812142262634545	1.630715504965325	1.4089694998359557
ENSG00000132751	127.42218073384691	93.74071634951058	119.99512033154592	171.16643999301894	218.7197171034742	187.39294347818213
ENSG00000244633	105.84912165390764	197.39059933216183	200.05842025325958	139.7398072460328	304.53612055227444	253.81579132759146
ENSG00000107935	49.79949152098131	64.80594978073987	27.153637878685934	49.01764101416709	66.04397795109566	45.48958670898943
ENSG00000166538	70.5660811026051	65.99504977671674	87.25102759548346	56.33075681063556	62.98638637928567	97.82273956003921
ENSG00000199981	6.451755986523895	7.530966641186896	5.390795755327353	4.3483391222245	6.930540896102631	7.044847499179779
ENSG00000199487	213.10956492986742	172.81586608197298	71.87727673769805	146.45996770765248	254.799297650832	132.040570270341
ENSG00000177299	22.17791120367589	21.007433262258182	26.75431967458761	29.054811407590975	15.69563673529125	20.53069842618107
ENSG00000132670	66.53373361102766	45.97853317777263	71.87727673769805	96.65171958035366	86.02024288692088	78.09716656233583
ENSG00000229181	81.65503670444303	123.0718495836069	59.89773061474838	119.9746294177396	108.23874164207344	91.98558020357596
ENSG00000213416	49.19463939724469	85.61519971033523	61.69466253319084	107.72021916419784	70.12076671350897	81.518949633366
ENSG00000133733	9.677633979785842	8.52188330450096	5.7901139594256765	4.3483391222245	9.172774715429952	7.8499729276574675
ENSG00000133814	30.040988812251882	37.06028320794604	49.91477551229031	24.31116872880061	19.568586059583897	43.07421042355636
ENSG00000123148	37.29921429709127	34.682083215992286	36.93693387909483	30.438373855571495	41.99092425285711	50.52162063697499
ENSG00000157747	335.69292867382137	369.4137320834835	340.4187689938199	454.2037864941773	518.159851702732	274.3464897537725
ENSG00000202256	6.250138611945023	5.350949981895952	5.989773061474837	8.103722909600203	11.415008534757273	3.8243457852690224
ENSG00000125763	95.76825292496406	129.81008289414257	313.4647902171832	264.45807934256277	298.8286162848958	102.25092941666651
ENSG00000221906	92.74399230628099	88.38976636761463	186.6812604159658	79.25836309145566	76.64362873337026	72.26000720587258
ENSG00000190998	36.29112742419691	24.57473325018882	34.34136555245574	31.821936303552018	22.422338193273216	48.50880706578076
ENSG00000170478	1792.7816947553272	1672.2709610088166	1523.3989486351004	667.0747517048949	472.70365700182356	1451.641147545273
ENSG00000129484	112.50249501501041	166.6721827694258	153.7375085778542	86.17617533135827	139.42617567453527	139.68926184087903
ENSG00000189661	9.879251354364714	3.3691166552678222	9.783296000408903	10.87084780556125	12.434205725360602	15.096101783956668
ENSG00000228647	76.61460233997124	64.80594978073987	65.48818547212488	46.052864339923104	73.17835828531896	83.33048184744081
ENSG00000163840	7.05660811026051	8.125516639175336	4.192841143032387	6.522508683336749	3.669109886171981	4.6294712137467116
ENSG00000178884	4.233964866156306	2.3781999919537564	3.19454563278658	1.9765177828293181	2.446073257447987	3.0192203567913336
ENSG00000156608	7.459842859418253	7.927333306512523	11.779887020900514	7.9060711313172725	8.561256401067956	13.083288212762445
ENSG00000238178	8.669547106891482	15.260116615036607	7.187727673769805	10.87084780556125	14.064921230325927	9.661505141732267
ENSG00000165464	427.83206885636577	1333.7738288207318	568.229804431913	654.8203414513531	1630.9193444034456	1174.8792815060676
ENSG00000134489	178.02814175314373	55.293149812924845	107.01727869835044	90.32686267529984	147.37591376124124	88.56379713254579
ENSG00000112377	0.20161737457887172	0.19818333266281304	0.19965910204916126	0.0	0.40767887624133126	0.6038440713582667
ENSG00000125963	32.258779932619476	28.93476656877071	14.57511444958877	16.602749375766273	24.053053698238543	24.15376285433067
ENSG00000225579	8.467929732312612	7.13459997586127	9.58363689835974	7.313115796468477	11.822687410998604	5.233315285104979
ENSG00000178563	22.782763327412503	25.96201657882851	12.77818253114632	21.148740276273703	10.599650782274612	11.67431871292649
ENSG00000183559	23.790850200306863	41.61849985919074	36.73727477704567	39.33270387830343	30.372076279979176	23.34863742585298
ENSG00000205585	15.524537842573121	23.98018325220038	34.34136555245574	25.892382955064065	36.69109886171981	36.83448835285427
ENSG00000179390	61.694916621134745	63.61684978476299	69.28170841105896	78.46775597832392	71.54764278035363	77.49332249097756
ENSG00000167432	6.451755986523895	10.503716631129091	7.187727673769805	5.7319015702050224	5.911343705499302	1.4089694998359557
ENSG00000238448	472.1878912637176	364.06278210158763	404.908658955699	355.18024557442845	434.78952151137975	324.0629849622698
ENSG00000171003	16.734242090046354	26.55656657681695	13.776478041392128	22.729954502537158	16.30715504965325	19.9268543548228
ENSG00000182743	399.00078429158714	266.7547657641464	309.47160817619994	406.9650114845566	485.3417021653048	383.0384225982605
ENSG00000215759	24.597319698622346	20.80924992959537	22.761137633604385	13.835624479805226	26.499126955686528	11.070474641568223
ENSG00000124986	45.16229190566726	77.09331640583427	52.11102563483109	52.77302480154279	80.10889918142158	61.390813921423785
ENSG00000168803	6.653373361102767	4.558216651244701	4.192841143032387	1.7788660045463862	3.26143100993065	3.6230644281496
ENSG00000160552	237.303649879332	109.99174962786125	262.15240099054876	278.6890073789338	266.2143061855893	185.3801299069879
ENSG00000225504	29.839371437673012	33.492983220015404	53.50863934917522	46.052864339923104	80.10889918142158	42.47036635219809
ENSG00000199183	11.693807725574558	6.143683312547205	16.37204636803122	11.859106696975909	8.561256401067956	13.687132284120713
ENSG00000140105	73.18710697213042	74.51693308121772	48.117843593847866	41.70452521769861	57.89040042626903	110.90602777280166
ENSG00000238049	110.88955601837944	86.6061163736493	126.78352980121741	61.66735482427472	115.16928253817606	60.18312577870725
ENSG00000145267	1.0080868728943586	0.7927333306512522	0.3993182040983225	1.5812142262634545	2.0383943812066563	0.6038440713582667
ENSG00000151694	8.26631235773374	6.7382333105356444	11.380568816802192	6.720160461619681	6.930540896102631	4.42818985662729
ENSG00000123365	3.427495367840819	2.180016659290944	2.5955683266390963	2.7671248959610453	4.280628200533978	6.038440713582667
ENSG00000127379	127.01894598468917	73.52601641790365	142.1572806590028	143.09988747684264	206.08167193999293	95.60864463172555
ENSG00000146004	47.17846565145598	44.59124984913294	46.72022987950374	28.857159629308043	46.88307076775309	53.13827827952747
ENSG00000154870	4.032347491577434	5.945499979884391	10.981250612703871	5.929553348487954	8.153577524826625	4.6294712137467116
ENSG00000195696	7.459842859418253	6.143683312547205	4.991477551229032	7.313115796468477	3.057591571809984	6.642284784940934
ENSG00000170692	22.37952857825476	30.91659989539884	20.56488751106361	19.567526050010247	25.887608641324533	28.179389996719117
ENSG00000215234	0.20161737457887172	0.5945499979884391	0.3993182040983225	0.19765177828293182	0.8153577524826625	0.0
ENSG00000235463	25.202171822358963	9.909166633140654	32.54443363401329	17.393356488898	28.333681898772518	21.134542497539336
ENSG00000192885	817.9616886664826	548.1750981453409	417.28752328274703	604.2214862109225	596.230356502947	382.0320158126634
ENSG00000235950	2.016173745788717	1.3872833286396915	2.395909224589935	2.5694731176781134	2.8537521336893183	1.4089694998359557
ENSG00000154940	4.032347491577434	3.1709333226050087	0.9982955102458063	3.5577320090927724	2.2422338193273217	2.4153762854330667
ENSG00000148671	4.032347491577434	3.567299987930635	2.9948865307374186	1.9765177828293181	2.8537521336893183	3.6230644281496
ENSG00000132096	35.88789267503916	64.60776644807706	49.71511641024115	44.273998335376724	65.228620198613	79.90869877641063
ENSG00000139695	5.6452864882084075	10.30553329846628	4.592159347130709	6.324856905053818	9.376614153550618	6.642284784940934
ENSG00000227187	1129.6621497654182	1111.6103129057183	545.2690076962595	506.1862041825883	801.9043495666984	1080.0757623028198
ENSG00000150371	16.331007340888608	18.034683272315988	22.1621603274569	11.463803140410045	22.014659317031885	20.53069842618107
ENSG00000208913	13.911598845942148	17.63831660699036	8.585341388113935	6.127205126770886	17.122512802135912	14.29097635547898
ENSG00000201737	1.6129389966309737	2.774566657279383	2.795227428688258	4.3483391222245	1.630715504965325	4.42818985662729
ENSG00000240492	125.60762436263708	118.11726626703658	55.30557126761767	126.69478987935929	72.15916109471563	107.08168198753263
ENSG00000135637	263.11067382542757	173.2122327472986	229.00899005038798	196.07056405666836	162.86771105841183	178.73784512204696
ENSG00000207273	78.02592396202334	32.502066556701344	41.52909322622554	37.55383787375704	37.914135490443805	39.249864638287335
ENSG00000100358	410.4929746425828	351.37904881116754	382.14752132209463	355.77320090927725	309.83594594341173	383.2397039553799
ENSG00000245577	471.98627388913866	188.2741660296724	454.6237753659402	257.1449635460943	327.77381649803027	266.49651682611506
ENSG00000201102	39.11377066830111	97.10983300477841	63.691253553682444	49.01764101416709	36.894938299840476	46.89855620882538
ENSG00000131512	20.363354832466044	29.13294990143352	47.119548083602055	39.135052100020495	19.772425497704564	30.59476628215218
ENSG00000167522	12.097042474732303	9.512799967815026	11.180909714753032	10.080240692429522	7.338219772343962	5.4345966422244
ENSG00000124561	39.517005417458854	37.456649873271665	52.11102563483109	58.307274593464875	56.25968492130371	55.754935922079966
ENSG00000215054	18.75041583583507	14.863749949710979	7.786704979917289	9.684937135863658	5.0959859530166405	23.549918782972405
ENSG00000207155	726.6290179822536	755.4748641106434	528.0983249200315	361.1097989229164	330.8314080698403	444.4292365196843
ENSG00000202331	109.27661702174846	158.54666613025046	91.44386873851586	70.56168484700665	77.6628259239736	177.73143833644983
ENSG00000141224	16.53262471546748	24.178366584863195	21.363523919260256	12.452062031824703	18.753228307101235	21.53710521177818
ENSG00000154080	16.331007340888608	12.089183292431597	10.182614204507225	7.115464018185545	14.472600106567258	11.473037355807069
ENSG00000153880	98.99413091822602	68.76961643399612	37.136592981144	65.2250868333675	83.77800906759357	47.30111892306422
ENSG00000101100	225.20660740459968	192.23783268292866	240.58921796923931	141.51867325057916	214.23524946481956	298.09768989386436
ENSG00000223890	58.267421253293925	36.069366544631976	54.50693485942102	68.9804706207432	67.47085401794031	66.62412920652876
ENSG00000244148	184.27828036508873	323.2370155730481	132.77330286269225	84.00200577024602	227.68865238078348	295.4810322513119
ENSG00000109590	15.322920467994248	12.089183292431597	14.774773551637933	5.336598013639159	7.338219772343962	7.2461288562992
ENSG00000156730	19.758502708729427	49.942199831028894	64.88920816597741	39.53035565658636	29.14903965125518	76.8894784196193
ENSG00000205665	82.46150620275853	77.88604973648553	154.73580408809997	133.01964678441308	54.83280885445905	102.45221077378592
ENSG00000138634	29.43613668851527	75.11148307920615	22.361819429506063	29.647766742439767	31.3912734705825	36.63320699573485
ENSG00000219418	86.8970884434937	26.55656657681695	81.06159543195947	38.344444986888774	51.97905672076973	37.23705106709312
ENSG00000200078	193.35106222113797	233.85633254211942	203.45262498809535	144.48344992482313	208.5277451974409	482.4714130152551
ENSG00000212768	39.31538804287999	21.800166592909434	5.7901139594256765	37.356186095474115	13.453402915963931	16.907633998031468
ENSG00000242580	239.92467574885734	218.19984926175718	135.96784849547882	148.6341372687647	332.25828413668495	354.05390717306375
ENSG00000185533	11.693807725574558	5.747316647221579	8.385682286064775	12.649713810107636	14.676439544687923	5.635877999343823
ENSG00000164515	60.283594999082645	155.77209947297106	130.3773936381023	111.8709065081394	93.15462322114419	79.90869877641063
ENSG00000207687	5.242051739050664	10.900083296454717	9.783296000408903	8.499026466166066	8.561256401067956	9.258942427493423
ENSG00000190486	25.80702394609558	8.720066637163775	6.988068571720644	9.88258891414659	11.211169096636608	6.441003427821512
ENSG00000170965	95.76825292496406	75.50784974453177	58.69977600245341	113.05681717783699	76.23594985712894	141.70207541207327
ENSG00000135335	651.8289720134923	531.9240648669903	208.24444343727518	437.99634067497686	258.26456809888333	730.6513263435027
ENSG00000136652	29.637754063094143	33.09661655468978	20.165569306965285	20.160481384859043	30.575915718099843	38.0421764955708
ENSG00000203425	23.58923282572799	38.44756653658573	64.88920816597741	55.342497919220904	55.64816660694171	25.764013711286047
ENSG00000195602	538.1167727510086	575.3262147201464	445.63911577372795	395.89651190071237	359.5727688448542	449.46127044766985
ENSG00000150406	6.250138611945023	5.15276664923314	7.9863640819664505	6.917812239902613	11.415008534757273	9.258942427493423
ENSG00000182370	230.0454243944926	243.96368250792287	324.64569993193624	206.54610830566372	259.8952836038486	198.66469947686974
ENSG00000191638	5.040434364471793	3.3691166552678222	3.793522938934064	3.7553837873757043	6.930540896102631	3.0192203567913336
ENSG00000244814	0.20161737457887172	0.9909166633140654	1.397613714344129	0.0	1.0191971906033281	2.0128135711942226
ENSG00000190003	36.089510049618035	117.12634960372252	58.30045779835508	47.63407856618656	70.5284455897503	36.029362924376585
ENSG00000167923	13.709981471363276	10.107349965803467	7.9863640819664505	8.89433002273193	19.97626493582523	32.20501713910756
ENSG00000191543	6.653373361102767	8.918249969826588	18.767955592621156	12.847365588390566	14.472600106567258	9.86278649885169
ENSG00000248558	0.40323474915774343	0.3963666653256261	0.19965910204916126	0.5929553348487954	0.40767887624133126	0.20128135711942224
ENSG00000214472	55.44477800918972	51.92403315765702	71.0786403295014	109.89438872531008	56.463524359424376	57.56646813615476
ENSG00000221919	16.734242090046354	14.071016619059726	16.37204636803122	13.440320923239362	10.191971906033281	6.642284784940934
ENSG00000122079	1.8145563712098454	7.332783308524084	4.392500245081548	2.5694731176781134	3.4652704480513155	3.220501713910756
ENSG00000182541	19.9601200833083	27.94384990545664	38.1348884913898	40.51861454800102	23.441535383876545	16.3037899266732
ENSG00000247675	2.016173745788717	2.57638332461657	1.7969319184424513	4.545990900507432	4.076788762413313	1.8115322140748
ENSG00000112025	8.669547106891482	6.341866645210017	4.392500245081548	10.87084780556125	8.968935277309287	7.447410213418623
ENSG00000139491	6.250138611945023	4.756399983907513	6.988068571720644	8.499026466166066	7.134380334223296	6.642284784940934
ENSG00000127814	243.55378849127703	177.77044939854332	269.3401286643185	282.2467393880266	138.81465736017327	361.0987546722435
ENSG00000148544	21.774676454518143	29.925683232084772	14.974432653687096	16.800401154049204	38.11797492856447	23.147356068733558
ENSG00000228479	370.97596922512395	379.12471538396136	421.68002352782855	501.44256150379795	371.39545625585276	275.5541778964891
ENSG00000147962	10.080868728943585	5.15276664923314	7.9863640819664505	4.545990900507432	3.057591571809984	9.057661070374001
ENSG00000167006	2.621025869525332	3.567299987930635	3.793522938934064	3.162428452526909	0.8153577524826625	2.8179389996719113
ENSG00000231862	1160.7112254505646	738.827464166967	1668.3514567227915	1041.6248715510505	1263.1929980337648	700.0565600613506
ENSG00000159791	1.0080868728943586	1.9818333266281307	3.19454563278658	1.7788660045463862	2.2422338193273217	2.8179389996719113
ENSG00000125072	430.2514773513122	489.1164650118226	371.76524801553825	218.60286678092257	274.7755625866572	419.87291095111476
ENSG00000207733	5.040434364471793	5.549133314558766	3.793522938934064	3.7553837873757043	6.930540896102631	2.214094928313645
ENSG00000202318	184.27828036508873	148.24113283178417	82.05989094220527	100.0117998111635	93.15462322114419	130.02775669914675
ENSG00000176590	6.451755986523895	6.341866645210017	12.77818253114632	5.7319015702050224	11.61884797287794	7.648691570538045
ENSG00000190953	651.0225025151767	1025.7969298627204	545.867985002407	428.7067070956791	361.6111632260608	568.217271148129
ENSG00000120125	1286.7220845623592	2465.2024749927314	1907.1437427735884	1524.29051411797	2027.7947304243814	1840.9192922142358
ENSG00000211825	265.3284649457952	384.27748203319453	162.52250906801729	225.91598257739105	345.10016873828687	186.58781804970442
ENSG00000230161	86.09061894517822	77.29149973849708	55.10591216556851	49.412944570732954	132.0879559021913	77.49332249097756
ENSG00000219911	11.290572976416815	10.30553329846628	11.979546122949674	16.800401154049204	13.453402915963931	18.115322140748003
ENSG00000170821	85.88900157059935	164.49216611013483	168.31262302744295	135.58911990209123	67.06317514169899	118.95728205757854
ENSG00000198065	1952.6642727963724	2572.8160246286393	1414.3850789162582	1412.4196076098306	2099.953891519097	1129.3896947970782
ENSG00000239259	7.863077608575996	15.45829994769942	14.17579624549045	12.056758475258839	15.287957859049921	13.888413641240135
ENSG00000234297	4.032347491577434	2.9727499899421956	2.5955683266390963	3.7553837873757043	2.8537521336893183	4.6294712137467116
ENSG00000136404	1261.5199127400003	1445.7474117752213	841.1637969331164	813.5347194125474	726.8914363382935	1339.3261502726355
ENSG00000146882	13.508364096784405	19.02559993563005	21.163864817211092	16.602749375766273	22.830017069514547	22.54351199737529
ENSG00000111809	154.23729155283687	101.46986632336028	101.62648294302309	138.1585930197693	275.3870809010192	173.10196712270312
ENSG00000175008	30.645840935988495	34.285716550666656	88.44898220777844	59.493185263162474	66.45165682733699	38.44473920980965
ENSG00000231345	51.00919576845454	26.358383244154137	55.30557126761767	67.39925639447974	72.97451884719828	33.41270528182409
ENSG00000176084	30.847458310567372	9.909166633140654	17.370341878277028	16.602749375766273	14.268760668446593	19.524291640583957
ENSG00000179816	29.839371437673012	23.98018325220038	22.361819429506063	22.532302724254222	33.429667851789155	34.21783071030178
ENSG00000113780	1.6129389966309737	1.7836499939653174	0.3993182040983225	0.9882588914146591	1.630715504965325	0.805125428477689
ENSG00000133107	14.516450969678763	8.918249969826588	13.576818939342967	11.859106696975909	5.0959859530166405	15.901227212434355
ENSG00000237855	3.6291127424196907	6.341866645210017	5.989773061474837	8.301374687883136	6.5228620198613	8.05125428477689
ENSG00000127644	436.70323333783614	279.2403157219036	278.7241064606291	335.6127195244182	389.74100568671264	563.7890812915017
ENSG00000135339	6.653373361102767	16.647399943676294	8.18602318401561	12.847365588390566	19.160907183342566	6.843566142060356
ENSG00000152087	36.29112742419691	62.2295664561233	55.10591216556851	38.73974854345463	54.62896941633838	63.20234613549858
ENSG00000100693	0.8064694983154869	1.1890999959768782	0.798636408196645	1.3835624479805226	0.40767887624133126	0.4025627142388445
ENSG00000204819	38.105683795406755	41.42031652652793	48.71682089999535	35.57732009092772	27.11064527004853	20.53069842618107
ENSG00000105862	518.1566526677002	485.9455316892176	781.6653845224663	505.0002935128908	628.4369877260121	952.2621005319867
ENSG00000221461	33.26686680551383	59.454999798843915	27.35329698073509	36.56557898234238	67.87853289418165	49.313932494258445
ENSG00000238938	195.3672359669267	386.6556820251483	235.9970586221086	176.5030380066581	174.07888015504844	144.31873305462577
ENSG00000168452	20.564972207044917	9.314616635152214	24.957387756145156	10.673196027278317	11.822687410998604	21.7383865688976
ENSG00000180729	11.088955601837945	9.710983300477839	6.788409469671484	12.056758475258839	6.930540896102631	3.0192203567913336
ENSG00000209365	154.6405263019946	219.78531592305967	284.1149022159565	347.66947799967704	197.72425497704563	370.3576970997369
ENSG00000131643	4.637199615314049	10.701899963791904	20.165569306965285	15.614490484351613	7.134380334223296	17.10891535515089
ENSG00000183970	2.621025869525332	2.3781999919537564	2.196250122540774	2.3718213393951815	4.076788762413313	7.447410213418623
ENSG00000166620	30.040988812251882	39.83484986522543	40.131479511881416	30.63602563385443	15.287957859049921	22.946074711614138
ENSG00000176980	9.072781856049227	9.512799967815026	17.76966008237535	12.254410253541772	12.638045163481268	23.34863742585298
ENSG00000246491	483.68008161471323	159.93394945889014	309.07228997210166	205.55784941424906	414.20173826119253	320.2386391770008
ENSG00000239161	208.8756000637111	135.75558287402694	153.93716767990335	115.42863851723217	242.9766102398334	169.2776213374341
ENSG00000191760	1.4113216220521019	1.9818333266281307	2.395909224589935	2.5694731176781134	3.057591571809984	1.8115322140748
ENSG00000244024	100.40545254027812	67.38233310535644	157.33137241473906	175.3171273369605	75.62443154276694	89.16764120390405
ENSG00000148466	3.427495367840819	3.3691166552678222	3.19454563278658	0.5929553348487954	2.0383943812066563	1.8115322140748
ENSG00000106288	33.46848418009271	49.14946650037764	51.11273012458528	50.598855240430545	39.95252987165046	49.71649520849729
ENSG00000210686	41.129944414089834	126.63914957153753	104.82102857580966	99.61649625459762	130.04956152098467	153.7789568392386
ENSG00000241388	8.871164481470355	17.241949941664735	15.972728163932901	16.602749375766273	9.172774715429952	15.096101783956668
ENSG00000227709	9.879251354364714	12.28736662509441	8.18602318401561	11.068499583844181	7.134380334223296	7.044847499179779
ENSG00000128335	76.61460233997124	134.56648287805007	113.60602906597276	111.2779511732906	178.3595083555824	127.41109905659427
ENSG00000120003	13.508364096784405	14.863749949710979	11.979546122949674	23.12525805910302	11.415008534757273	16.706352640912044
ENSG00000112449	5.242051739050664	1.5854666613025044	5.7901139594256765	3.9530355656586362	3.8729493242926467	2.4153762854330667
ENSG00000212757	634.8931125488671	932.2543968458726	1014.06857930769	1159.425331407678	1024.4970159944653	421.2818804509508
ENSG00000161483	161.29389966309736	164.69034944279764	171.30750955818036	238.17039283093283	242.3650919254714	144.52001441174517
ENSG00000100716	38.105683795406755	42.21304985717918	86.0530729831885	88.15269311418758	84.38952738195556	106.67911927329378
ENSG00000103629	52.21890001592777	56.08588314357609	46.72022987950374	78.27010420004099	38.32181436668513	47.90496299442249
ENSG00000153044	170.76991626830434	378.1337987206473	290.90331168562795	233.8220537087083	229.31936788574882	167.2648077662399
ENSG00000236279	32.258779932619476	40.627583195876674	48.317502695897026	27.07829362476166	38.11797492856447	22.54351199737529
ENSG00000103824	176.011968007355	213.24526594518687	115.4029609844152	177.0959933415069	138.40697848393194	127.6123804137137
ENSG00000212868	63.509472992344584	56.87861647422734	70.47966302335392	66.21334572478214	92.74694434490284	50.92418335121383
ENSG00000123805	3.2258779932619475	4.756399983907513	8.585341388113935	9.289633579297794	8.561256401067956	10.265349213090534
ENSG00000228380	366.7420043589676	261.6019991149132	244.7820591122717	180.65372535059967	299.2362951611371	213.7608012608264
ENSG00000202603	62.29976874487136	76.69694974050864	34.94034285860322	53.16832835810866	56.05584548318304	37.63961378133195
ENSG00000147919	3.024260618683076	8.720066637163775	5.590454857376516	5.5342497919220905	7.134380334223296	9.661505141732267
ENSG00000228347	19.355267959571684	18.431049937641614	8.18602318401561	11.463803140410045	15.69563673529125	12.278162784284756
ENSG00000166283	0.20161737457887172	0.3963666653256261	0.3993182040983225	0.5929553348487954	0.6115183143619968	0.20128135711942224
ENSG00000123902	2.217791120367589	0.9909166633140654	1.7969319184424513	0.19765177828293182	0.8153577524826625	2.0128135711942226
ENSG00000138619	2.621025869525332	1.9818333266281307	0.9982955102458063	1.3835624479805226	2.2422338193273217	1.8115322140748
ENSG00000112752	97.78442667075278	125.84641624088628	165.71705470080386	103.56953182025626	203.8394381206656	178.13400105068868
ENSG00000129376	95.76825292496406	90.76796635956838	174.90137339506526	319.80057726178364	71.34380334223296	138.28029234104307
ENSG00000106829	333.8783723026116	278.05121572592674	253.1677413983365	466.458196747719	222.3888269896462	272.13239482545885
ENSG00000186765	65.92888148729105	71.74236642393834	66.28682188032154	76.88654175206047	81.53577524826625	53.33955963664689
ENSG00000147559	901.2296643675566	1251.3295624330017	875.5051624855721	1082.7364414339004	763.786374638134	1098.5936471578066
ENSG00000102688	10.484103478101328	10.503716631129091	19.16727379671948	6.917812239902613	16.714833925894578	9.258942427493423
ENSG00000121603	12.701894598468918	8.125516639175336	6.588750367622321	5.5342497919220905	8.765095839188621	11.87560007004591
ENSG00000245013	5.040434364471793	5.549133314558766	6.788409469671484	7.313115796468477	3.669109886171981	4.226908499507867
ENSG00000226000	44.75905715650952	81.65153305707898	45.72193436925793	46.6458196747719	28.945200213134516	47.90496299442249
ENSG00000100094	15.322920467994248	6.143683312547205	5.191136653278193	15.219186927785747	9.580453591671283	12.278162784284756
ENSG00000244449	8.669547106891482	3.9636666532562614	5.989773061474837	2.17416956111225	2.446073257447987	5.233315285104979
ENSG00000114168	11.693807725574558	7.530966641186896	13.177500735244642	15.812142262634545	11.007329658515943	15.498664498195513
ENSG00000234274	62.29976874487136	40.42939986321387	45.52227526720877	39.92565921315223	35.060383356754485	40.6588341381233
ENSG00000102327	2.8226432441042038	4.756399983907513	3.9931820409832253	1.7788660045463862	2.2422338193273217	2.8179389996719113
ENSG00000117525	43.14611815987855	28.53839990344508	31.54613812376748	30.83367741213736	28.741360775013852	32.20501713910756
ENSG00000177435	35.88789267503916	38.0511998712601	27.153637878685934	47.436426787903635	22.422338193273216	21.7383865688976
ENSG00000190605	594.1664028839349	619.5210979039537	739.1379957859949	1259.4371312188416	600.3071452653602	1071.0181012324458
ENSG00000174716	39.517005417458854	40.03303319788824	33.34307004220993	36.76323076062532	65.43245963673365	33.01014256758525
ENSG00000110758	2.4194084949464605	1.7836499939653174	0.9982955102458063	2.7671248959610453	3.057591571809984	1.8115322140748
ENSG00000151972	46.57361352771937	48.15854983706357	57.30216228810928	28.857159629308043	71.54764278035363	43.678054494914626
ENSG00000218532	52.42051739050664	20.61106659693256	52.11102563483109	32.61254341668375	30.983594594341174	46.49599349458654
ENSG00000171974	1.4113216220521019	4.756399983907513	2.795227428688258	2.3718213393951815	2.2422338193273217	3.421783071030178
ENSG00000242117	0.0	0.0	0.19965910204916126	0.0	0.0	0.4025627142388445
ENSG00000230442	171.97962051577758	145.07019950917916	141.55830335285532	151.40126216472575	184.06701262296104	166.05711962352336
ENSG00000114451	17.94394633751958	15.45829994769942	23.160455837702706	17.393356488898	26.906805831927862	25.96529506840547
ENSG00000234172	4.637199615314049	5.15276664923314	6.38909126557316	8.103722909600203	2.446073257447987	8.655098356135156
ENSG00000145607	18.347181086677327	31.312966560724465	15.573409959834578	25.892382955064065	18.54938886898057	14.894820426837246
ENSG00000176819	340.3301282891355	406.2758319587668	310.07058548234744	249.43654419305994	306.1668360572397	250.59528961368068
ENSG00000127034	861.9142763246765	836.531847169734	1032.636875798262	1266.75024701531	1306.8146377915873	1071.2193825895654
ENSG00000209354	16.53262471546748	13.476466621071289	4.79181844917987	10.87084780556125	11.211169096636608	12.278162784284756
ENSG00000126660	558.2785102088958	489.51283167714826	232.40319478522372	636.4387260710405	512.4523474353533	743.5333331991458
ENSG00000104496	22.58114595283363	27.547483240131015	34.14170645040657	21.346392054556635	18.54938886898057	17.71275942650916
ENSG00000192081	27.01672819356881	30.91659989539884	21.563183021309413	22.532302724254222	18.54938886898057	30.59476628215218
ENSG00000183460	25.403789196937836	30.3220498974104	27.952274286882577	22.729954502537158	41.78708481473645	24.35504421145009
ENSG00000101474	26.411876069832193	19.620149933618496	30.94716081762	14.823883371219884	21.606980440790554	40.6588341381233
ENSG00000122773	17.339094213782964	26.55656657681695	17.17068277622787	18.579267158595588	28.333681898772518	18.316603497867426
ENSG00000146340	5.846903862787279	8.52188330450096	5.191136653278193	6.127205126770886	9.172774715429952	12.47944414140418
ENSG00000104892	33.06524943093496	16.251033278350672	40.131479511881416	29.845418520722703	25.07225088884187	45.69086806610885
ENSG00000235218	3.6291127424196907	2.180016659290944	1.59727281639329	5.7319015702050224	3.4652704480513155	3.8243457852690224
ENSG00000151968	111.69602551669493	149.23204949509824	177.69660082375353	39.135052100020495	65.43245963673365	99.83555313123344
ENSG00000174800	5.846903862787279	11.69281662710597	8.984659592212257	6.917812239902613	4.688307076775309	10.8691932844488
ENSG00000202424	85.4857668214416	62.03138312346049	39.73216130778309	47.8317303444695	132.90331365467398	70.64975634891721
ENSG00000239116	12.90351197304779	18.431049937641614	36.13829747089819	10.673196027278317	12.434205725360602	25.96529506840547
ENSG00000106195	1.0080868728943586	2.3781999919537564	0.3993182040983225	0.0	0.40767887624133126	0.4025627142388445
ENSG00000128620	173.9957942615663	157.15938280161075	372.9632026278332	205.36019763596613	152.67573915237853	225.63640133087233
ENSG00000199903	61.89653399571362	47.16763317374951	73.47454955409134	60.48144415457713	33.429667851789155	95.20608191748671
ENSG00000214186	21.976293829097017	32.502066556701344	28.151933388931738	23.12525805910302	21.606980440790554	21.7383865688976
ENSG00000112459	12.097042474732303	13.080099955745661	23.160455837702706	10.87084780556125	26.499126955686528	19.524291640583957
ENSG00000164131	1007.8852555197797	1713.2949108700188	803.4282266458249	1030.5563719672064	1451.1329599810185	1450.8360221167954
ENSG00000106644	17.94394633751958	11.890999959768783	18.767955592621156	12.452062031824703	18.957067745221902	9.057661070374001
ENSG00000230373	209.68206956202656	144.4756495111907	165.5173955987547	182.03728779858017	268.66037944303724	216.3774589033789
ENSG00000224834	27.419962942726553	39.83484986522543	40.33113861393057	18.97457071516145	38.11797492856447	66.0202851351705
ENSG00000106099	3.024260618683076	2.57638332461657	1.397613714344129	1.3835624479805226	1.2230366287239935	1.4089694998359557
ENSG00000248037	115.12352088453574	126.44096623887474	184.28535119137587	104.36013893338799	102.93891625093613	101.24452263106939
ENSG00000199494	1.0080868728943586	0.5945499979884391	1.59727281639329	1.5812142262634545	1.0191971906033281	2.6166576425524894
ENSG00000108464	125.00277223890046	77.88604973648553	62.29363983933831	65.02743505508457	44.436997510305105	130.63160077050503
ENSG00000122672	54.43669113629536	44.59124984913294	60.097389716797544	140.72806613744746	50.75602009204574	39.65242735252618
ENSG00000196012	30.645840935988495	56.08588314357609	43.725343348766316	32.81019519496668	42.602442567219114	47.70368163730307
ENSG00000125582	7.661460233997124	5.747316647221579	14.57511444958877	6.522508683336749	8.765095839188621	5.4345966422244
ENSG00000243271	396.1781410474829	858.9265637606318	689.0235611716556	745.5425076832188	464.1424006007556	235.70046918684343
ENSG00000161919	901.8345164912931	900.9414302851482	1070.1727869835042	941.4154199616041	1470.905385478723	1394.4772421233572
ENSG00000203172	4.637199615314049	3.9636666532562614	9.58363689835974	2.5694731176781134	4.484467638654643	5.635877999343823
ENSG00000140395	22.984380701991373	11.890999959768783	10.182614204507225	16.40509759748334	12.434205725360602	10.265349213090534
ENSG00000198107	688.5233341868468	602.6755146276145	325.2446772380837	687.037581311471	772.3476310392019	885.235408611219
ENSG00000186750	9.879251354364714	19.818333266281307	7.587045877868128	15.41683870606868	8.968935277309287	8.655098356135156
ENSG00000180043	153.43082205452137	157.952116132262	160.3262589454765	173.53826133241412	194.46282396711499	253.4132286133526
ENSG00000163311	5.6452864882084075	5.350949981895952	3.19454563278658	5.7319015702050224	4.076788762413313	4.42818985662729
ENSG00000116808	8.871164481470355	6.7382333105356444	10.382273306556385	5.7319015702050224	7.949738086705959	3.0192203567913336
ENSG00000106000	65.12241198897556	46.57308317576107	73.47454955409134	41.309221661132746	29.352879089375847	45.892149423228275
ENSG00000116406	44.35582240735178	52.12221649031983	95.03773257540077	89.73390734045104	97.8429302979195	55.15109185072169
ENSG00000180606	1.6129389966309737	0.5945499979884391	0.9982955102458063	2.7671248959610453	1.630715504965325	0.6038440713582667
ENSG00000223365	4.637199615314049	2.9727499899421956	2.196250122540774	2.17416956111225	2.2422338193273217	3.421783071030178
ENSG00000241321	112.70411238958928	75.30966641186896	87.45068669753263	77.47949708690926	143.5029644369486	109.09449555872685
ENSG00000138172	415.7350263816335	302.2295823107899	148.34671282252683	505.39559706945664	402.5828902883146	350.2295613877947
ENSG00000121300	73.18710697213042	88.58794970027745	82.85852735040193	49.412944570732954	86.42792176316222	66.82541056364818
ENSG00000224339	49.79949152098131	49.545833165703264	53.50863934917522	47.04112323133777	71.1399639041123	27.575545925360846
ENSG00000137125	84.0744451993895	103.64988298265122	80.46261812581199	54.354239027806244	76.03211041900826	59.98184442158783
ENSG00000203801	7.459842859418253	1.9818333266281307	1.7969319184424513	2.964776674243977	2.446073257447987	2.0128135711942226
ENSG00000196084	34.47657105298706	43.402149853156054	53.50863934917522	92.89633579297795	78.27434423833559	34.82167478166005
ENSG00000173367	180.04431549893243	227.91083256223502	229.60796735653545	219.9864292289031	202.20872261570028	284.4105576097436
ENSG00000208485	138.309518961106	43.203966520493246	96.63500539179405	73.52646152125064	109.46177827079744	65.2151597066928
ENSG00000238791	3.2258779932619475	2.57638332461657	5.390795755327353	3.162428452526909	2.2422338193273217	3.220501713910756
ENSG00000238777	3.6291127424196907	4.954583316570327	5.590454857376516	2.964776674243977	4.076788762413313	5.233315285104979
ENSG00000243470	256.25568308974596	262.3947324455645	198.4611474368663	282.04908760974365	360.3881265973368	210.33901818979623
ENSG00000118613	1.4113216220521019	1.9818333266281307	1.397613714344129	1.3835624479805226	1.4268760668446592	2.6166576425524894
ENSG00000123836	4.032347491577434	2.774566657279383	0.9982955102458063	4.545990900507432	4.280628200533978	5.233315285104979
ENSG00000104389	780.8640917439701	772.9149973849709	757.7062922765671	849.309691281758	768.4746817149094	666.6438547795265
ENSG00000126877	2.016173745788717	6.143683312547205	3.394204734835742	5.336598013639159	4.892146514895974	3.6230644281496
ENSG00000111754	4.838816989892921	11.296449961780345	5.989773061474837	6.720160461619681	7.949738086705959	8.05125428477689
ENSG00000140574	111.49440814211606	135.35921620870133	114.60432457621856	86.76913066620706	148.8027898280859	168.87505862319526
ENSG00000215519	122.38174636937512	115.73906627508283	172.90478237457367	100.20945158944642	198.74345216764897	214.76720804642352
ENSG00000143389	16.935859464625224	14.071016619059726	19.965910204916128	34.58906119951307	36.079580547357814	25.96529506840547
ENSG00000183175	2.016173745788717	1.7836499939653174	2.795227428688258	2.3718213393951815	0.6115183143619968	2.214094928313645
ENSG00000126492	12.097042474732303	16.84558327633911	8.385682286064775	7.9060711313172725	8.968935277309287	14.693539069717824
ENSG00000164063	33.670101554671575	28.73658323610789	34.34136555245574	39.135052100020495	47.29074964399442	49.91777656561672
ENSG00000157235	4.032347491577434	2.57638332461657	4.991477551229032	6.522508683336749	2.8537521336893183	4.830752570866133
ENSG00000151720	2.016173745788717	2.3781999919537564	2.395909224589935	4.3483391222245	1.8345549430859904	4.226908499507867
ENSG00000185863	395.77490629832516	204.52519930802308	192.2717152733423	280.2702216051973	448.650603303585	499.9828910846448
ENSG00000212081	95.16340080122745	109.79356629519843	67.4847764926165	70.75933662528958	112.11169096636608	47.90496299442249
ENSG00000249293	121.1720421219019	91.56069969021964	208.84342074342268	63.841524385386975	81.94345412450757	56.157498636318806
ENSG00000195971	162.70522128514946	135.75558287402694	128.58046171965987	74.71237219094823	186.92076475665039	93.59583106053135
ENSG00000239503	3.024260618683076	5.350949981895952	1.397613714344129	1.7788660045463862	4.892146514895974	1.610250856955378
ENSG00000161262	77.82430658744448	130.8009995574566	102.02580114712141	46.052864339923104	56.667363797545036	54.94981049360227
ENSG00000115989	350.41099701807906	293.50951567362614	238.39296784669855	409.92978815880053	378.52983659007606	423.4959753792644
ENSG00000203939	121.77689424563852	89.5788663635915	112.00875624957946	154.95899417381852	60.33647368371702	146.93539069717824
ENSG00000244312	5.846903862787279	2.180016659290944	1.9965910204916126	1.7788660045463862	2.2422338193273217	2.214094928313645
ENSG00000220693	0.8064694983154869	0.7927333306512522	0.3993182040983225	1.3835624479805226	2.2422338193273217	1.2076881427165334
ENSG00000178808	3.427495367840819	3.3691166552678222	5.390795755327353	7.115464018185545	4.076788762413313	5.837159356463245
ENSG00000202857	90.32458381133452	82.04789972240461	95.23739167744992	48.424685679318294	114.96544310005541	94.40095648900903
ENSG00000117168	16.331007340888608	17.63831660699036	17.76966008237535	19.76517782829318	24.25689313635921	24.95888828280836
ENSG00000107465	42.7428834107208	52.320399822982644	46.52057077745457	38.146793208605835	33.429667851789155	36.83448835285427
ENSG00000209268	2.217791120367589	3.9636666532562614	2.395909224589935	1.5812142262634545	2.446073257447987	2.6166576425524894
ENSG00000155072	208.27074793997448	156.76301613628513	138.96273502621622	115.6262902955151	184.67853093732305	185.78269262122674
ENSG00000148689	14.314833595099891	6.936416643198457	7.9863640819664505	9.487285357580726	6.115183143619968	5.032033927985556
ENSG00000188917	235.0858587589644	224.34353257430436	289.30603886923467	137.9609412414864	440.49702577875837	434.76773137795203
ENSG00000195458	21.3714417053604	17.836499939653176	23.559774041801028	28.264204294459248	38.93333268104713	30.39348492503276
ENSG00000189625	0.0	0.0	0.5989773061474838	0.0	0.0	0.6038440713582667
ENSG00000123305	15.121303093415378	14.467383284385354	21.363523919260256	13.24266914495643	26.906805831927862	16.3037899266732
ENSG00000130425	2.217791120367589	8.125516639175336	4.991477551229032	3.5577320090927724	4.484467638654643	5.233315285104979
ENSG00000239700	6.048521237366152	6.143683312547205	4.392500245081548	2.3718213393951815	4.076788762413313	6.642284784940934
ENSG00000224701	24.597319698622346	17.241949941664735	23.95909224589935	16.602749375766273	17.32635224025658	28.9845154251968
ENSG00000102353	291.5387236410485	265.7638491008323	360.58433830078525	327.90430017138385	171.42896745947976	254.2183540418303
ENSG00000136472	147.98715294089183	104.64079964596529	204.05160229424283	116.02159385208095	136.7762629789666	176.3224688366139
ENSG00000129004	571.988491680259	554.1205981252253	279.3230837667766	489.58345480682215	547.9204096683492	398.1345243822172
ENSG00000232207	31.65392780888286	43.203966520493246	36.53761567499651	22.532302724254222	34.245025604271824	36.230644281496005
ENSG00000124947	0.8064694983154869	0.3963666653256261	0.3993182040983225	2.17416956111225	0.6115183143619968	1.4089694998359557
ENSG00000202727	12.097042474732303	9.314616635152214	21.762842123358578	8.103722909600203	11.007329658515943	7.447410213418623
ENSG00000135120	4.032347491577434	7.332783308524084	3.394204734835742	4.941294457073295	7.745898648585293	3.6230644281496
ENSG00000203306	7.863077608575996	3.567299987930635	6.988068571720644	7.510767574751409	9.784293029791948	5.837159356463245
ENSG00000136669	4861.599753220334	5655.755947531359	7351.647796552166	5331.656719182085	3157.6767359272308	5699.080345479321
ENSG00000204590	114.720286135378	132.18828288609632	87.85000490163097	108.11552272076369	129.64188264474333	115.9380617007872
ENSG00000179930	2.217791120367589	4.954583316570327	3.9931820409832253	2.5694731176781134	2.446073257447987	5.4345966422244
ENSG00000175017	330.4508769347707	262.19654911290166	312.8658129110357	279.8749180486314	286.5982499976559	236.50559461532114
ENSG00000146038	13.306746722205533	18.431049937641614	15.972728163932901	13.24266914495643	22.218498755152552	16.706352640912044
ENSG00000173529	1.0080868728943586	1.5854666613025044	0.9982955102458063	0.9882588914146591	1.630715504965325	2.4153762854330667
ENSG00000108495	439.12264183278256	319.8678989177803	305.4784261352167	392.73408344818546	206.8970296924756	260.25679475541295
ENSG00000177590	9.677633979785842	11.494633294443158	8.385682286064775	5.138946235356227	13.657242354084595	13.083288212762445
ENSG00000244076	35.88789267503916	35.27663321398072	54.70659396147018	32.81019519496668	45.660034139029094	34.62039342454062
ENSG00000169150	3330.9206454175396	3848.323953646504	3099.108582007081	2016.0481384859045	3225.147589945171	3190.913354414201
ENSG00000203991	3.2258779932619475	1.9818333266281307	1.9965910204916126	2.964776674243977	4.688307076775309	2.8179389996719113
ENSG00000116922	175.4071158836184	177.5722660658805	269.73944686841685	251.0177584193234	164.29458712525647	297.09128310826725
ENSG00000154132	13.306746722205533	19.421966600955678	10.781591510654707	15.021535149502817	11.61884797287794	20.731979783300492
ENSG00000139662	2.217791120367589	2.774566657279383	2.795227428688258	2.17416956111225	3.26143100993065	2.214094928313645
ENSG00000117961	31.85554518346173	18.431049937641614	23.36011493975187	14.033276258088158	27.31448470816919	6.843566142060356
ENSG00000178469	52.823752139664386	32.105699891375714	35.5393201647507	38.344444986888774	27.11064527004853	37.84089513845138
ENSG00000156342	33.46848418009271	48.554916502389204	38.33454759343896	36.367927204059455	37.30261717608181	41.665240923720404
ENSG00000181582	1.4113216220521019	1.1890999959768782	1.397613714344129	1.3835624479805226	1.2230366287239935	1.8115322140748
ENSG00000163367	182.86695874303663	224.5417159069672	176.49864621145855	128.27600410562275	112.31553040448675	123.9893159855641
ENSG00000120203	6.048521237366152	4.161849985919074	5.7901139594256765	3.7553837873757043	5.0959859530166405	3.421783071030178
ENSG00000189506	60.081977624503764	30.3220498974104	79.06500441146785	96.65171958035366	68.08237233230231	34.62039342454062
ENSG00000182580	27.01672819356881	57.6713498048786	39.332843103684766	46.84347145305484	38.5256538048058	26.97170185400258
ENSG00000230414	13.10512934762666	9.909166633140654	15.573409959834578	7.9060711313172725	10.191971906033281	7.8499729276574675
ENSG00000135757	97.5828092961739	156.16846613829668	50.713411920486955	168.9922704319067	71.54764278035363	98.02402091715862
ENSG00000127418	8.26631235773374	4.954583316570327	4.592159347130709	3.3600802308098405	7.949738086705959	9.057661070374001
ENSG00000205006	1.6129389966309737	2.774566657279383	6.588750367622321	2.5694731176781134	4.484467638654643	4.830752570866133
ENSG00000196937	0.0	2.9727499899421956	2.795227428688258	0.19765177828293182	2.2422338193273217	2.6166576425524894
ENSG00000122549	1.0080868728943586	0.9909166633140654	0.798636408196645	0.19765177828293182	0.40767887624133126	1.4089694998359557
ENSG00000153587	8.064694983154869	5.747316647221579	10.981250612703871	4.150687343941568	9.172774715429952	12.47944414140418
ENSG00000148144	0.0	0.3963666653256261	0.19965910204916126	0.19765177828293182	0.6115183143619968	0.20128135711942224
ENSG00000222656	10.484103478101328	13.476466621071289	11.979546122949674	14.428579814654022	12.841884601601933	8.85637971325458
ENSG00000170436	14.516450969678763	6.341866645210017	11.180909714753032	10.080240692429522	8.968935277309287	7.8499729276574675
ENSG00000107439	1102.0405694481126	530.3385982056877	951.3756212642535	1158.2394207379805	1133.754954827142	649.3336580672561
ENSG00000103545	2.217791120367589	3.9636666532562614	3.394204734835742	3.5577320090927724	2.2422338193273217	2.0128135711942226
ENSG00000155691	186.69768886003519	234.84724920543346	190.87410155899818	258.1332224375089	232.9884777719208	250.59528961368068
ENSG00000145568	41.129944414089834	45.18579984712138	42.327729634422184	46.448167896488975	40.767887624133124	60.5856884929461
ENSG00000121920	75.80813284165576	48.15854983706357	51.312389226634444	55.342497919220904	41.37940593849512	28.78323406807738
ENSG00000170826	6.250138611945023	5.747316647221579	6.788409469671484	9.091981801014864	9.580453591671283	8.655098356135156
ENSG00000113927	3.2258779932619475	3.1709333226050087	6.788409469671484	7.9060711313172725	6.930540896102631	4.830752570866133
ENSG00000241314	14.919685718836506	17.04376660900192	13.377159837293805	10.080240692429522	13.453402915963931	11.67431871292649
ENSG00000116901	34.87980580214481	17.44013327432755	12.179205224998837	33.40315052981547	17.122512802135912	28.179389996719117
ENSG00000159571	143.3499533255778	93.93889968217339	59.698071512699215	58.10962281518195	101.30820074597081	57.9690308503936
ENSG00000203041	11.290572976416815	9.314616635152214	12.77818253114632	4.941294457073295	10.191971906033281	10.064067855971112
ENSG00000118008	510.4951924337032	590.3881480025201	544.670030390112	666.679448148329	531.8170940568166	690.1937735624989
ENSG00000203125	576.2224565464153	817.3080639014411	818.6023184015612	538.0081404861404	786.412552269528	1290.8173432068547
ENSG00000160311	0.0	0.19818333266281304	0.19965910204916126	0.0	0.0	0.20128135711942224
ENSG00000243595	39.71862279203772	52.716766488308274	25.15704685819432	41.50687343941568	34.04118616615116	22.946074711614138
ENSG00000124784	23.790850200306863	14.467383284385354	14.774773551637933	24.706472285366477	16.103315611532583	36.230644281496005
ENSG00000154869	2.8226432441042038	3.3691166552678222	3.394204734835742	3.3600802308098405	7.338219772343962	3.6230644281496
ENSG00000101748	0.0	0.5945499979884391	0.0	0.19765177828293182	0.0	0.4025627142388445
ENSG00000247097	0.8064694983154869	0.9909166633140654	1.59727281639329	0.9882588914146591	0.40767887624133126	0.6038440713582667
ENSG00000134551	9.274399230628099	20.412883264269745	14.57511444958877	23.32290983738595	29.352879089375847	17.31019671227031
ENSG00000179794	80.64694983154868	148.04294949912136	140.7596669446587	138.1585930197693	118.63455298622738	135.46235334137117
ENSG00000111396	63.30785561776572	80.06606639577647	83.25784555450025	38.146793208605835	52.59057503513172	78.29844791945526
ENSG00000214287	102.6232436606457	63.02229978677455	64.88920816597741	53.95893547124038	75.62443154276694	84.53816999015734
ENSG00000103053	10.6857208526802	22.989266588886316	21.163864817211092	19.76517782829318	21.199301564549224	21.939667926017023
ENSG00000178677	117.13969463032446	258.62924912497107	337.4238824630825	481.4797318972219	248.8879539453327	180.34809597900232
ENSG00000212697	59.47712550076715	75.50784974453177	85.85341388113935	77.28184530862634	69.9169272753883	38.0421764955708
ENSG00000233847	170.56829889372545	200.95789932009245	195.66592000817803	148.83178904704766	277.4254752822259	491.931636799868
ENSG00000209997	18.347181086677327	21.40379992758381	21.363523919260256	30.043070299005635	24.664572012600537	13.48585092700129
ENSG00000123022	10.887338227259072	7.332783308524084	8.785000490163096	10.080240692429522	7.542059210464627	4.6294712137467116
ENSG00000216215	1.2097042474732302	2.3781999919537564	1.1979546122949676	0.7906071131317273	1.0191971906033281	0.805125428477689
ENSG00000216082	492.14801134702583	609.0173812728245	697.009925253622	777.1667922084879	824.3266877599717	1040.6246163074131
ENSG00000186337	8.669547106891482	6.936416643198457	6.38909126557316	9.091981801014864	7.542059210464627	7.044847499179779
ENSG00000222166	4.032347491577434	6.7382333105356444	3.19454563278658	4.941294457073295	3.8729493242926467	3.421783071030178
ENSG00000220490	0.40323474915774343	0.19818333266281304	0.0	0.5929553348487954	0.0	0.4025627142388445
ENSG00000167027	57.46095175497844	75.70603307719459	111.60943804548116	72.14289907327012	94.17382041174751	62.59850206414031
ENSG00000114805	1.2097042474732302	4.161849985919074	0.5989773061474838	1.5812142262634545	1.8345549430859904	0.6038440713582667
ENSG00000135191	35.48465792588142	19.620149933618496	38.733865797537284	71.15464018185544	26.0914480794452	18.517884854986846
ENSG00000196985	47.98493514977147	45.78034984510982	62.29363983933831	55.540149697503836	26.702966393807195	56.157498636318806
ENSG00000226509	281.0546201629472	474.64908172743725	339.42047348357414	590.5835135094003	459.86177240022164	620.7517053562982
ENSG00000132872	8.26631235773374	6.143683312547205	5.390795755327353	4.941294457073295	10.599650782274612	4.6294712137467116
ENSG00000118106	0.40323474915774343	0.5945499979884391	0.19965910204916126	0.5929553348487954	0.8153577524826625	1.4089694998359557
ENSG00000182102	277.0222726713697	96.11891634146433	129.57875722990568	166.22514553594564	211.58533676925092	148.54564155413362
ENSG00000163208	61.89653399571362	29.529316566759146	64.29023085982993	78.66540775660685	24.25689313635921	39.65242735252618
ENSG00000130675	12.701894598468918	6.143683312547205	5.989773061474837	4.150687343941568	15.287957859049921	7.8499729276574675
ENSG00000137579	19.9601200833083	20.80924992959537	29.749206205325027	24.113516950517678	35.67190167111648	17.91404078362858
ENSG00000138303	1490.5572502615985	1055.9207964274678	1326.3354149125782	1324.464566273926	1666.9989249508033	757.2204654832665
ENSG00000241588	34.67818842756593	24.971099915514447	32.145115429914966	26.48533828991286	31.3912734705825	35.82808156725716
ENSG00000179931	9.879251354364714	5.549133314558766	7.9863640819664505	12.649713810107636	11.415008534757273	4.226908499507867
ENSG00000203423	28.22643244104204	12.683733290420035	21.962501225407742	22.532302724254222	32.206631223065166	32.00373578198814
ENSG00000127538	90.12296643675566	107.21718297058187	118.79716571925096	79.85131842630446	114.35392478569341	88.76507848966521
ENSG00000137656	70.96931585176284	23.187449921549128	70.28000392130477	82.61844332226549	57.27888211190703	110.10090234432397
ENSG00000205454	38.508918544564494	55.68951647825047	118.39784751515263	37.356186095474115	30.16823684185851	22.140949283136447
ENSG00000155419	42.33964866156306	70.75144976062427	36.93693387909483	85.7808717747924	69.71308783726764	49.51521385137787
ENSG00000130488	4.233964866156306	1.9818333266281307	3.9931820409832253	4.150687343941568	4.280628200533978	1.610250856955378
ENSG00000166950	98.79251354364715	93.14616635152214	107.81591510654708	113.64977251268579	79.49738086705959	83.93432591879908
ENSG00000186928	229.84380701991375	288.1585656917302	208.24444343727518	243.11168728800612	207.9162268830789	230.46715390173844
ENSG00000190518	42.541266036141934	152.2047994850404	78.66568620736953	71.15464018185544	63.19022581740634	113.925248129593
ENSG00000222736	25.202171822358963	20.80924992959537	24.158751347948513	29.054811407590975	41.583245376615785	34.62039342454062
ENSG00000154943	34.47657105298706	16.449216611013483	33.74238824630825	28.066552516176316	16.510994487773914	25.764013711286047
ENSG00000142795	37.90406642082788	30.123866564747583	32.34477453196413	38.146793208605835	13.861081792205262	25.16016963992778
ENSG00000235267	45.76714402940388	41.22213319386512	21.962501225407742	15.219186927785747	24.664572012600537	22.54351199737529
ENSG00000224808	0.20161737457887172	0.5945499979884391	0.5989773061474838	1.5812142262634545	1.2230366287239935	1.610250856955378
ENSG00000154418	23.992467574885733	10.107349965803467	12.57852342909716	19.567526050010247	10.803490220395277	10.064067855971112
ENSG00000213911	471.7846565145598	494.26923166105576	311.26854009464245	399.2565921315222	370.17241962712876	298.7015339652226
ENSG00000248187	8.26631235773374	24.971099915514447	20.964205715161935	15.021535149502817	14.472600106567258	14.894820426837246
ENSG00000234457	10.484103478101328	8.918249969826588	6.189432163524	7.115464018185545	11.822687410998604	5.4345966422244
ENSG00000187243	97.78442667075278	48.15854983706357	111.80909714753031	76.88654175206047	92.95078378302352	150.5584551253278
ENSG00000234454	31.452310434303985	31.312966560724465	39.332843103684766	56.92371214548436	28.537521336893185	32.00373578198814
ENSG00000230062	2.8226432441042038	6.936416643198457	9.783296000408903	10.277892470712453	10.599650782274612	6.23972207070209
ENSG00000230892	63.71109036692346	32.898433222026966	59.09909420655173	26.48533828991286	33.83734672803049	61.59209527854321
ENSG00000216150	962.3197288649548	1018.0677798888706	743.929814235175	648.8907881028651	954.9877675953184	929.7185885346113
ENSG00000200803	1781.6927391534894	674.4178810515529	739.5373139900934	1099.3391908096667	941.5343646793544	905.9673883945195
ENSG00000195968	39.517005417458854	33.88934988534103	35.93863836884903	48.424685679318294	47.29074964399442	24.15376285433067
ENSG00000148585	14.516450969678763	18.232866604978803	12.179205224998837	35.182016534361864	7.745898648585293	34.82167478166005
ENSG00000125622	132.26099772373985	367.0355320915298	278.3247882565308	391.54817277848787	178.76718723182375	537.6225048659768
ENSG00000156226	77.82430658744448	81.45334972441617	61.09568522704334	59.493185263162474	96.21221479295417	47.90496299442249
ENSG00000230790	74.80004596876141	109.39719962987282	88.44898220777844	65.02743505508457	85.40872457255888	87.55739034694868
ENSG00000166448	32.662014681777215	33.88934988534103	36.73727477704567	19.962829606576115	38.729493242926466	29.78964085367449
ENSG00000241680	2.016173745788717	2.774566657279383	1.397613714344129	2.5694731176781134	3.26143100993065	1.2076881427165334
ENSG00000175527	2.8226432441042038	1.1890999959768782	1.7969319184424513	1.1859106696975907	2.446073257447987	1.610250856955378
ENSG00000163803	32.0571625580406	21.99834992557225	26.95397877663677	15.41683870606868	32.002791784944506	30.39348492503276
ENSG00000139820	3.2258779932619475	1.1890999959768782	3.394204734835742	5.5342497919220905	5.707504267378637	5.032033927985556
ENSG00000199186	98.18766141991053	111.37903295650094	185.88262400776912	171.75939532786774	66.24781738921632	141.9033567691927
ENSG00000222531	189.52033210413938	127.63006623485161	241.98683168358346	99.61649625459762	78.68202311457692	178.3352824078081
ENSG00000247763	490.53507235039484	621.7011145632446	456.4207072843827	332.84559462845715	432.1396088158111	542.2519760797236
ENSG00000113355	37.70244904624901	20.80924992959537	30.94716081762	38.5420967651717	38.11797492856447	27.172983211122002
ENSG00000160537	1299.4239791608281	1282.0479789957376	1378.4464405474093	1644.6604470922755	1230.9863668106996	3064.709943500323
ENSG00000239445	474.40568238408514	328.98433222026966	259.35717356186046	464.2840271866068	425.20906791970845	519.3059013681093
ENSG00000129236	45.76714402940388	79.07514973246242	64.68954906392825	119.77697763945666	35.87574110923715	68.03309870636471
ENSG00000114411	141.53539695436794	108.40628296655875	199.65910204916125	185.9903233642388	90.0970316493342	67.42925463500644
ENSG00000106069	4.032347491577434	13.872833286396913	5.590454857376516	8.696678244449	6.319022581740634	7.044847499179779
ENSG00000155373	0.0	0.3963666653256261	0.0	0.19765177828293182	0.0	0.4025627142388445
ENSG00000226631	143.1483359509989	303.220498974104	439.05036540610564	290.3504622976268	362.42652097854346	340.36677488894304
ENSG00000122372	68.75152473139525	136.1519495393526	74.87216326843547	67.20160461619682	97.43525142167816	48.911369780019605
ENSG00000177262	621.7879832012403	679.9670143661116	1010.4747154708051	810.1746391817375	1338.4097507002905	472.2060638021646
ENSG00000158369	139.1159884594215	66.58959977470518	83.4575046565494	51.389462353562266	101.71587962221214	72.86385127723085
ENSG00000163050	14.314833595099891	28.53839990344508	16.77136457212955	46.6458196747719	15.287957859049921	33.815267996062936
ENSG00000205503	10.080868728943585	12.485549957757224	18.568296490572	10.673196027278317	13.657242354084595	16.10250856955378
ENSG00000188284	9.879251354364714	5.945499979884391	11.580227918851353	13.835624479805226	9.376614153550618	4.226908499507867
ENSG00000135619	76.61460233997124	58.86044980085548	33.5427291442591	34.786712977796	47.29074964399442	44.48317992339231
ENSG00000195580	0.40323474915774343	1.1890999959768782	0.3993182040983225	1.3835624479805226	0.40767887624133126	0.20128135711942224
ENSG00000151626	3.2258779932619475	1.9818333266281307	3.394204734835742	2.5694731176781134	3.26143100993065	5.032033927985556
ENSG00000210452	94.96178342664858	213.8398159431753	213.03626188645507	172.94530599756533	172.24432521196246	245.56325568569514
ENSG00000200130	0.8064694983154869	0.19818333266281304	0.3993182040983225	0.7906071131317273	0.20383943812066563	0.20128135711942224
ENSG00000249859	2.4194084949464605	0.7927333306512522	0.3993182040983225	0.9882588914146591	1.2230366287239935	1.0064067855971113
ENSG00000152236	8.669547106891482	12.485549957757224	8.585341388113935	3.5577320090927724	9.988132467912616	6.642284784940934
ENSG00000107896	12.500277223890047	8.125516639175336	13.576818939342967	8.89433002273193	7.745898648585293	14.089694998359558
ENSG00000130829	35.88789267503916	41.22213319386512	48.71682089999535	32.217239860117886	55.24048773070038	24.556325568569513
ENSG00000120027	223.99690315712647	135.55739954136413	205.24955690653778	88.54799667075345	112.72320928072808	86.34970220423213
ENSG00000222987	55.64639538376859	30.718416562736024	56.104207675814315	55.540149697503836	38.93333268104713	58.774156278871295
ENSG00000145225	115.5267556336935	101.46986632336028	56.303866777863476	95.86111246722191	78.47818367645627	85.1420140615156
ENSG00000204658	4.838816989892921	11.098266629117532	12.378864327048	5.7319015702050224	8.765095839188621	3.0192203567913336
ENSG00000248281	33.26686680551383	39.4384831998998	36.53761567499651	64.82978327680162	38.11797492856447	42.87292906643693
ENSG00000157257	8.669547106891482	4.558216651244701	7.786704979917289	15.021535149502817	6.319022581740634	8.655098356135156
ENSG00000153136	23.387615451149117	19.223783268292866	9.383977796310578	29.054811407590975	18.54938886898057	10.8691932844488
ENSG00000235033	49.19463939724469	67.58051643801925	127.18284800531572	77.87480064347513	53.20209334949373	89.97276663238175
ENSG00000196984	86.8970884434937	77.88604973648553	67.4847764926165	81.82783620913376	105.79266838462546	33.01014256758525
ENSG00000236756	1.4113216220521019	1.5854666613025044	0.9982955102458063	0.7906071131317273	1.4268760668446592	0.805125428477689
ENSG00000212387	3.427495367840819	3.3691166552678222	3.793522938934064	4.3483391222245	2.446073257447987	5.032033927985556
ENSG00000152376	2278.0747153666716	2846.309023703321	828.9845917081176	1087.0847805561248	962.3259873676624	1765.8413460086913
ENSG00000132074	0.40323474915774343	0.19818333266281304	0.19965910204916126	0.5929553348487954	0.40767887624133126	1.4089694998359557
ENSG00000172125	34.47657105298706	43.402149853156054	21.563183021309413	28.264204294459248	38.5256538048058	42.67164770931751
ENSG00000179161	2.621025869525332	3.567299987930635	1.7969319184424513	1.7788660045463862	0.8153577524826625	2.4153762854330667
ENSG00000176081	11.895425100153432	20.80924992959537	10.182614204507225	15.41683870606868	29.352879089375847	16.706352640912044
ENSG00000133629	13.508364096784405	10.701899963791904	6.988068571720644	11.661454918692975	9.172774715429952	11.67431871292649
ENSG00000183412	41.936413912405314	22.59289992356069	50.11443461433947	40.91391810456688	48.71762571083908	22.34223064025587
ENSG00000218406	3.830730116998562	1.3872833286396915	6.788409469671484	1.7788660045463862	3.057591571809984	3.220501713910756
ENSG00000169597	395.77490629832516	200.95789932009245	207.44580702907854	231.2525805910302	321.862472792531	349.62571731643646
ENSG00000129428	2669.4140394242613	3398.4477885019182	2507.7183217374654	1954.1831318833467	2587.74166694185	2664.5626055469115
ENSG00000246843	0.0	0.0	0.3993182040983225	0.39530355656586363	0.40767887624133126	0.20128135711942224
ENSG00000158862	7.05660811026051	8.52188330450096	4.192841143032387	3.3600802308098405	3.26143100993065	3.6230644281496
ENSG00000181421	1.4113216220521019	0.7927333306512522	1.397613714344129	0.5929553348487954	1.0191971906033281	1.0064067855971113
ENSG00000225484	37.097596922512395	39.83484986522543	31.54613812376748	46.6458196747719	29.352879089375847	33.01014256758525
ENSG00000224325	526.422965025434	504.97113162484766	491.76036834708424	748.1119808008968	468.01534992504827	421.4831618080702
ENSG00000122194	360.89510049618036	251.09828248378415	534.2877570835554	367.2370040496873	755.4289576751867	489.9188232286737
ENSG00000247658	616.5459314621896	246.34188249987665	282.71728850161236	574.5737194684828	328.18149537427166	480.2573180869415
ENSG00000134779	48.18655252435034	41.023949861202304	45.52227526720877	28.46185607274218	50.3483412158044	80.91510556200774
ENSG00000211518	21.3714417053604	11.69281662710597	11.380568816802192	3.3600802308098405	11.415008534757273	8.655098356135156
ENSG00000214938	400.4121059136392	358.315465454366	245.18137731637	262.48156155973345	415.2209354517958	242.54403532890382
ENSG00000177084	8.871164481470355	10.900083296454717	8.585341388113935	10.87084780556125	10.395811344153946	10.667911927329378
ENSG00000232378	6.451755986523895	6.143683312547205	6.788409469671484	7.313115796468477	4.688307076775309	2.6166576425524894
ENSG00000246385	32.86363205635609	30.3220498974104	27.153637878685934	26.682990068195792	25.887608641324533	34.62039342454062
ENSG00000135116	2.621025869525332	1.9818333266281307	3.19454563278658	3.162428452526909	2.0383943812066563	3.6230644281496
ENSG00000116814	26.613493444411066	17.836499939653176	8.18602318401561	29.647766742439767	22.218498755152552	17.71275942650916
ENSG00000159586	3.2258779932619475	5.350949981895952	4.991477551229032	5.5342497919220905	3.057591571809984	4.42818985662729
ENSG00000104888	41.129944414089834	34.48389988332947	34.34136555245574	27.275945403044588	43.01012144346044	28.179389996719117
ENSG00000120963	165.52786452925366	197.5887826648246	175.89966890531107	151.7965657212916	183.45549430859904	336.94499181791286
ENSG00000204033	8.669547106891482	11.098266629117532	8.385682286064775	8.301374687883136	10.599650782274612	12.882006855643024
ENSG00000165903	115.32513825911462	66.98596644003081	86.45239118728684	90.52451445358277	105.38498950838412	73.46769534858912
ENSG00000238921	308.8778178548315	156.76301613628513	232.20353568317455	172.55000244099946	205.87783250187226	309.16816453543254
ENSG00000190685	3.2258779932619475	3.9636666532562614	4.392500245081548	5.7319015702050224	6.7267014579819655	3.0192203567913336
ENSG00000105158	32.46039730719834	30.123866564747583	36.53761567499651	26.48533828991286	25.276090326962535	14.693539069717824
ENSG00000118134	15.726155217151993	8.125516639175336	10.581932408605546	15.41683870606868	14.88027898280859	12.882006855643024
ENSG00000107438	1658.7061406603775	1360.5285787302116	865.9215255872124	1070.086727623793	598.064911446033	1466.3346866149911
ENSG00000135798	16.935859464625224	5.945499979884391	6.588750367622321	12.649713810107636	11.211169096636608	10.466630570209958
ENSG00000226650	26.008641320674453	37.456649873271665	24.757728654096	57.12136392376729	33.429667851789155	37.63961378133195
ENSG00000180809	2.217791120367589	1.5854666613025044	3.394204734835742	1.9765177828293181	1.4268760668446592	1.8115322140748
ENSG00000240593	7.2582254848393815	4.756399983907513	4.79181844917987	6.522508683336749	5.299825391137306	5.233315285104979
ENSG00000155754	69.154759480553	127.23369956952598	114.80398367826773	84.19965754852895	113.74240647133142	78.7010106336941
ENSG00000157074	16.331007340888608	24.376549917526006	19.766251102866963	19.76517782829318	20.180104373945895	11.070474641568223
ENSG00000107849	140.5273100814736	203.3360993120462	81.06159543195947	111.8709065081394	72.97451884719828	124.59316005692237
ENSG00000155503	23.185998076570247	55.09496648026203	26.55466057253845	32.019588081834954	34.245025604271824	27.575545925360846
ENSG00000133649	8810.276034347537	6890.438110020684	6251.925462465387	6077.001575087021	3658.102556513465	4044.5475899576704
ENSG00000168890	13.306746722205533	27.745666572793827	18.368637388522835	11.463803140410045	16.510994487773914	24.556325568569513
ENSG00000197753	285.0869676545246	231.27994921750283	316.8589949520189	156.7378601783649	250.7225088884187	298.09768989386436
ENSG00000128800	12.298659849311173	10.30553329846628	8.785000490163096	9.091981801014864	6.5228620198613	10.265349213090534
ENSG00000192940	14.11321622052102	12.089183292431597	18.767955592621156	8.89433002273193	3.669109886171981	10.8691932844488
ENSG00000129421	1.2097042474732302	1.9818333266281307	1.1979546122949676	0.9882588914146591	1.0191971906033281	1.4089694998359557
ENSG00000159074	8392.524834220114	6681.55287739408	3766.7686192594765	5855.236279853571	5618.6302723580275	8581.429379429448
ENSG00000197087	0.8064694983154869	0.0	0.3993182040983225	0.7906071131317273	0.20383943812066563	0.6038440713582667
ENSG00000110663	37.29921429709127	16.647399943676294	34.34136555245574	29.647766742439767	36.69109886171981	55.15109185072169
ENSG00000213431	11.088955601837945	11.098266629117532	17.76966008237535	9.487285357580726	18.957067745221902	9.460223784612845
ENSG00000152895	149.60009193752282	104.8389829786281	83.85682286064774	158.71437796119423	218.92355654159488	94.19967513188962
ENSG00000224741	9.677633979785842	10.900083296454717	12.179205224998837	9.88258891414659	5.707504267378637	11.271755998687645
ENSG00000218718	1238.33391466343	1499.4550949268435	1132.0671086187442	1229.9870162546845	2034.1137530061221	841.7586354734239
ENSG00000223519	268.9575776882149	281.42033238119456	139.5617123323637	225.52067902082518	190.793714080943	235.2979064726046
ENSG00000193429	69.75961160428962	122.8736662509441	83.25784555450025	107.72021916419784	95.80453591671284	46.69727485170596
ENSG00000113842	111.09117339295831	96.71346633945278	109.61284702498953	117.60280807834442	88.05863726812754	50.11905792273614
ENSG00000148701	483.68008161471323	217.2089325984431	449.0333205085637	207.33671541879545	250.518669450298	254.41963539894968
ENSG00000136696	127.6237981084258	53.509499818959526	114.80398367826773	69.77107773387493	79.90505974330092	60.98825120718494
ENSG00000249468	536.3022163797988	831.3790805205008	723.7642449282096	1116.337243741999	861.6293049360536	994.1286228128264
ENSG00000201040	115.5267556336935	115.93724960774564	153.53784947580502	104.95309426823678	199.76264935825228	271.3272693969812
ENSG00000153822	47.58170040061373	26.160199911491322	22.56147853155522	25.101775841932337	35.46806223299581	26.16657642552489
ENSG00000243792	91.73590543338663	75.70603307719459	68.083753798764	114.24272784753458	71.34380334223296	48.30752570866134
ENSG00000134256	42.541266036141934	58.66226646819267	71.6776176356489	53.16832835810866	78.47818367645627	59.7805630644684
ENSG00000246071	357.4676051283396	284.98763236912515	335.42729144259096	287.58333740166574	364.8725942359914	331.10783246144956
ENSG00000159130	13.508364096784405	21.800166592909434	20.56488751106361	13.440320923239362	14.268760668446593	16.706352640912044
ENSG00000134000	46.77523090229823	42.014866524516364	71.6776176356489	37.55383787375704	67.87853289418165	28.9845154251968
ENSG00000195154	1.4113216220521019	2.9727499899421956	1.397613714344129	4.743642678790363	3.4652704480513155	2.6166576425524894
ENSG00000191484	131.45452822542435	146.0611161724932	143.15557616924863	126.49713810107636	131.68027702594998	150.3571737682084
ENSG00000142781	33.46848418009271	41.023949861202304	45.92159347130709	74.51472041266528	32.002791784944506	44.68446128051174
ENSG00000208079	13.306746722205533	6.5400499778728305	11.779887020900514	11.068499583844181	7.745898648585293	6.441003427821512
ENSG00000229743	656.0629368796485	1100.512046276601	841.3634560351657	1696.0499094458378	675.5238979318858	781.3742283375972
ENSG00000150940	31.250693059725116	27.94384990545664	38.53420669548812	43.285739443962065	27.31448470816919	57.56646813615476
ENSG00000167878	2.4194084949464605	2.774566657279383	1.7969319184424513	3.162428452526909	5.503664829257971	3.421783071030178
ENSG00000155972	297.5872448784146	419.15774858184966	192.2717152733423	250.62245486275754	189.77451689033967	325.2706731049864
ENSG00000191972	32.86363205635609	28.53839990344508	23.160455837702706	15.41683870606868	28.945200213134516	35.22423749589889
ENSG00000228083	0.20161737457887172	0.19818333266281304	0.0	0.0	0.6115183143619968	0.0
ENSG00000192969	139.1159884594215	55.88769981091328	91.64352784056501	39.72800743486929	100.08516411724682	57.9690308503936
ENSG00000135188	58.06580387871505	27.349299907468204	26.75431967458761	36.367927204059455	38.93333268104713	46.294712137467116
ENSG00000242934	39.517005417458854	51.52766649233139	31.74579722581664	58.504926371747814	33.02198897554783	53.94340370800516
ENSG00000185366	36.492744798775774	19.02559993563005	30.74750171557083	12.056758475258839	24.460732574479874	17.91404078362858
ENSG00000176040	5.242051739050664	9.314616635152214	7.786704979917289	8.89433002273193	10.599650782274612	3.421783071030178
ENSG00000241112	48.993022022665826	26.55656657681695	33.94204734835741	33.00784697324961	25.683769203203866	26.36785778264431
ENSG00000221425	2.016173745788717	1.5854666613025044	0.798636408196645	0.7906071131317273	0.6115183143619968	1.0064067855971113
ENSG00000215469	31.452310434303985	20.214699931606933	13.776478041392128	15.41683870606868	12.638045163481268	24.15376285433067
ENSG00000173173	142.5434838272623	102.65896631933717	332.63206401390266	161.87680641372114	248.4802750690914	162.23277383825433
ENSG00000144987	182.86695874303663	173.41041607996144	344.212291932754	326.12543416683746	291.49039651255185	175.91990612237504
ENSG00000158949	11.290572976416815	17.63831660699036	10.781591510654707	8.696678244449	18.753228307101235	18.517884854986846
ENSG00000135782	1718.3848835357237	1467.5475783681309	3001.8745993091393	2256.985656212798	1230.3748484963376	1720.5530406568214
ENSG00000207299	59.275508126188285	47.56399983907513	124.78693878072579	70.95698840357252	53.20209334949373	65.41644106381223
ENSG00000126389	10.282486103522459	10.900083296454717	11.180909714753032	24.706472285366477	11.415008534757273	19.524291640583957
ENSG00000158909	36.492744798775774	43.79851651848169	48.317502695897026	46.84347145305484	24.25689313635921	46.69727485170596
ENSG00000114992	5.040434364471793	6.936416643198457	8.585341388113935	4.743642678790363	12.434205725360602	10.8691932844488
ENSG00000190298	100.00221779112037	201.35426598541807	256.96126433727056	196.66351939151716	119.44991073871005	308.1617577498355
ENSG00000133292	5.242051739050664	5.549133314558766	4.192841143032387	6.720160461619681	3.8729493242926467	4.830752570866133
ENSG00000228580	5.242051739050664	4.756399983907513	15.174091755736256	3.9530355656586362	7.134380334223296	6.441003427821512
ENSG00000189347	3.427495367840819	5.15276664923314	5.590454857376516	3.3600802308098405	2.649912695568653	4.226908499507867
ENSG00000193517	7.2582254848393815	9.710983300477839	6.38909126557316	2.964776674243977	3.669109886171981	12.47944414140418
ENSG00000206676	18.75041583583507	22.59289992356069	18.767955592621156	16.40509759748334	13.0457240397226	20.53069842618107
ENSG00000249480	1514.3481004619055	1914.0546268574485	967.3483494281863	1146.1826622627216	1449.2984050379325	1485.4564155413361
ENSG00000230993	63.30785561776572	48.35673316972639	59.498412410650054	40.51861454800102	37.50645661420247	48.10624435154191
ENSG00000233868	233.6745371369123	354.15361546844696	349.4034285860322	201.80246562687338	355.2921406443201	431.14466694980246
ENSG00000127854	14.516450969678763	35.47481654664354	39.13318400163561	48.02938212275243	65.84013851297499	40.45755278100387
ENSG00000151861	142.74510120184118	261.0074491169248	205.84853421268525	131.0431290015838	172.65200408820377	133.24825841305753
ENSG00000194064	2.8226432441042038	4.756399983907513	2.795227428688258	2.7671248959610453	2.649912695568653	2.6166576425524894
ENSG00000100347	5.040434364471793	4.161849985919074	4.392500245081548	4.150687343941568	4.076788762413313	1.8115322140748
ENSG00000151308	1049.821669432185	2012.3535598582039	1698.4999811322148	1152.1122156112094	1502.2966589493055	1281.5584007793614
ENSG00000199975	66.3321162364488	100.87531632537184	97.03432359589237	69.573425955592	72.56683997095696	71.25360042027548
ENSG00000124573	1.4113216220521019	1.7836499939653174	1.7969319184424513	0.7906071131317273	1.2230366287239935	0.805125428477689
ENSG00000139592	88.91326218928242	81.65153305707898	87.65034579958179	76.09593463892875	109.0540993945561	72.66256992011144
ENSG00000220840	19.758502708729427	21.205616594920997	29.15022889917754	28.65950785102511	28.945200213134516	51.125464708333254
ENSG00000247706	22.17791120367589	24.376549917526006	10.981250612703871	28.46185607274218	18.345549430859904	14.4922577125984
ENSG00000102246	339.72527616539884	152.99753281569167	203.6522840901445	314.0686756915786	94.58149928798883	142.9097635547898
ENSG00000158442	2.217791120367589	4.558216651244701	1.9965910204916126	3.5577320090927724	2.0383943812066563	2.0128135711942226
ENSG00000154304	353.2336402621832	275.2766490686473	570.0267363503555	312.4874614653152	390.96404231543664	421.885724522309
ENSG00000224358	43.952587658194034	103.05533298466278	40.131479511881416	50.00589990558175	98.25060917416083	30.39348492503276
ENSG00000206606	14.919685718836506	11.890999959768783	7.387386775818967	14.23092803637109	12.230366287239937	25.361450997047204
ENSG00000119047	3.2258779932619475	1.5854666613025044	2.196250122540774	2.5694731176781134	2.446073257447987	2.214094928313645
ENSG00000148450	1237.5274451651146	1396.5979452748438	1486.861332960104	919.2784207939159	1009.0052186972947	1074.842447017715
ENSG00000237426	7.863077608575996	15.656483280362233	18.168978286473678	16.40509759748334	13.453402915963931	14.894820426837246
ENSG00000185488	2.621025869525332	0.7927333306512522	3.19454563278658	0.9882588914146591	0.40767887624133126	1.8115322140748
ENSG00000232357	19.758502708729427	24.178366584863195	21.762842123358578	26.880641846478724	25.07225088884187	25.764013711286047
ENSG00000111764	94.76016605206969	55.88769981091328	79.06500441146785	96.25641602378779	57.07504267378637	59.7805630644684
ENSG00000176705	134.8820235932652	142.2956328518998	98.23227820818734	136.57737879350586	57.686560988148365	89.97276663238175
ENSG00000100967	882.6808659063004	720.0000475639998	921.0274377527809	492.1529279245002	523.2558376557486	400.9524633818891
ENSG00000141194	123.38983324226949	122.47729958561848	69.28170841105896	122.14879897885184	126.176612196692	57.16390542191592
ENSG00000227708	54.03345638713762	37.25846654060886	25.15704685819432	52.77302480154279	37.50645661420247	26.16657642552489
ENSG00000136169	2457.3125613672883	2598.3816745421423	2586.384007944835	4032.4915805283745	3118.9472426843045	1816.5642480027857
ENSG00000198637	2560.1374224025126	2162.774709349279	1659.9657744367269	1920.1870260186824	2699.4456790319746	2229.9961555260793
ENSG00000134725	2.8226432441042038	3.567299987930635	3.5938638368849025	2.3718213393951815	5.503664829257971	3.8243457852690224
ENSG00000106434	211.89986068239415	273.88936574000763	277.52615184833417	426.5325375345668	158.1794039816365	402.96527695308333
ENSG00000104167	10.282486103522459	8.323699971838147	11.580227918851353	8.103722909600203	12.434205725360602	9.258942427493423
ENSG00000214505	515.1323920490172	526.9694815504199	1290.5964356457782	1213.3842668789184	469.03454711565155	588.9492509314294
ENSG00000149518	4.233964866156306	6.7382333105356444	2.795227428688258	2.964776674243977	6.115183143619968	4.226908499507867
ENSG00000227872	32.0571625580406	77.88604973648553	79.66398171761534	66.60864928134802	51.36753840640773	69.6433495633201
ENSG00000125255	1089.7419095988016	432.8323985355837	789.2524304003344	1059.6111833747973	415.6286143280372	528.162281081364
ENSG00000247911	87.90517531638807	34.08753321800384	65.08886726802658	39.33270387830343	83.5741696294729	64.81259699245396
ENSG00000209933	203.43193095008155	257.2419657963313	282.9169476036615	335.8103713027011	376.08376333262805	564.39292536286
ENSG00000180777	7.661460233997124	10.30553329846628	9.783296000408903	4.941294457073295	9.376614153550618	6.038440713582667
ENSG00000226154	5.040434364471793	4.360033318581888	2.5955683266390963	2.964776674243977	3.4652704480513155	1.0064067855971113
ENSG00000128741	2.4194084949464605	3.3691166552678222	5.390795755327353	1.9765177828293181	3.669109886171981	4.6294712137467116
ENSG00000200035	124.19630274058497	104.64079964596529	142.75625796515033	133.61260211926188	67.47085401794031	154.18151955347744
ENSG00000115333	3.427495367840819	8.323699971838147	6.38909126557316	9.091981801014864	10.191971906033281	6.23972207070209
ENSG00000238385	528.2375213966438	601.6845979643005	854.9402749745085	582.6774423780829	385.66421692429935	559.9647355062326
ENSG00000199075	16.331007340888608	19.818333266281307	12.977841633195482	17.78866004546386	17.122512802135912	21.335823854658756
ENSG00000166085	524.4067912796453	463.94718176364535	407.7038863843873	551.4484614093798	546.6973730396252	379.0127954558721
ENSG00000215354	106.45397377764426	47.96036650440076	117.59921110695598	68.38751528589441	55.24048773070038	55.956217279199386
ENSG00000101305	2.016173745788717	3.567299987930635	5.590454857376516	4.743642678790363	2.8537521336893183	3.421783071030178
ENSG00000118135	28.629667190199783	39.4384831998998	43.525684246717155	32.81019519496668	44.640836948425765	13.083288212762445
ENSG00000243087	88.91326218928242	81.25516639175335	90.44557322827005	67.39925639447974	91.72774715429952	51.93059013681094
ENSG00000125236	39.71862279203772	107.21718297058187	72.67591314589471	70.56168484700665	80.72041749578358	126.40469227099716
ENSG00000171554	37.90406642082788	23.38563325421194	29.549547103275867	25.892382955064065	29.964397403737845	29.990922210793915
ENSG00000114275	312.91016534640886	324.6242989016878	257.36058254136884	95.86111246722191	523.051998217628	421.4831618080702
ENSG00000113046	170.76991626830434	304.01323230475526	202.65398857989868	243.30933906628906	210.15846070240624	274.5477711108919
ENSG00000235838	108.26853014885411	213.04708261252404	253.76671870448394	312.4874614653152	171.42896745947976	229.8633098303802
ENSG00000152719	13.911598845942148	3.1709333226050087	2.795227428688258	6.127205126770886	3.26143100993065	6.642284784940934
ENSG00000215664	0.6048521237366151	0.19818333266281304	0.3993182040983225	0.7906071131317273	0.6115183143619968	0.6038440713582667
ENSG00000135266	107.6636780251175	119.10818293035065	104.82102857580966	106.73196027278317	73.58603716156028	201.48263847654167
ENSG00000131289	10.080868728943585	6.5400499778728305	9.383977796310578	3.162428452526909	6.930540896102631	5.4345966422244
ENSG00000157587	13.10512934762666	6.7382333105356444	14.974432653687096	20.160481384859043	7.745898648585293	12.278162784284756
ENSG00000119732	11.895425100153432	14.26919995172254	20.76454661311277	17.393356488898	18.957067745221902	16.706352640912044
ENSG00000109595	45.36390928024613	94.1370830148362	88.84830041187676	64.43447972023577	45.45619470090843	71.65616313451432
ENSG00000105925	1.6129389966309737	0.9909166633140654	1.59727281639329	1.5812142262634545	0.40767887624133126	0.805125428477689
ENSG00000156917	18.75041583583507	29.727499899421957	16.77136457212955	21.346392054556635	36.079580547357814	16.907633998031468
ENSG00000221357	308.47458310567373	571.9570980648784	636.5132173327262	740.2059096695797	761.7479802569273	288.0336220378932
ENSG00000220568	2.8226432441042038	2.57638332461657	1.59727281639329	3.7553837873757043	1.4268760668446592	3.421783071030178
ENSG00000177848	17.74232896294071	13.080099955745661	21.563183021309413	16.602749375766273	14.472600106567258	30.59476628215218
ENSG00000166073	757.6780936673999	584.6408313552985	808.8190224011522	438.3916442315427	744.8293068929122	454.292023018536
ENSG00000186932	167.14080352588465	186.4905160357071	240.78887707128848	153.18012816927214	185.4938886898057	191.8211333348094
ENSG00000152650	163.71330815804382	98.49711633341809	58.69977600245341	78.66540775660685	100.28900355536749	133.0469770559381
ENSG00000237183	62.703003494029105	38.24938320392292	63.49159445163328	31.228980968703226	60.74415255995835	40.25627142388445
ENSG00000158470	1.6129389966309737	1.5854666613025044	2.9948865307374186	1.3835624479805226	1.2230366287239935	2.0128135711942226
ENSG00000158030	39.31538804287999	28.142033238119453	69.68102661515728	41.90217699598154	61.76334975056168	36.83448835285427
ENSG00000152094	5.6452864882084075	3.765483320593448	5.590454857376516	2.5694731176781134	3.4652704480513155	8.85637971325458
ENSG00000106427	39.71862279203772	55.09496648026203	30.94716081762	49.01764101416709	39.95252987165046	61.99465799278205
ENSG00000123352	3.2258779932619475	5.15276664923314	6.988068571720644	8.301374687883136	8.153577524826625	7.044847499179779
ENSG00000152368	3.6291127424196907	2.9727499899421956	1.397613714344129	2.5694731176781134	4.688307076775309	1.8115322140748
ENSG00000131253	24.79893707320122	33.09661655468978	52.510343838929415	33.40315052981547	41.78708481473645	33.01014256758525
ENSG00000154030	197.98826183645204	157.7539327995992	335.62695054464007	250.22715130619164	197.520415538925	487.5034469432407
ENSG00000184977	11.895425100153432	9.909166633140654	11.779887020900514	8.499026466166066	15.287957859049921	18.115322140748003
ENSG00000207886	46.97684827687711	47.96036650440076	70.67932212540309	43.68104300052793	70.5284455897503	58.774156278871295
ENSG00000212250	104.23618265727667	109.79356629519843	155.5344404962966	76.09593463892875	122.7113417486407	163.23918062385144
ENSG00000115806	87.7035579418092	73.52601641790365	65.68784457417406	79.25836309145566	82.9626513151109	109.29577691584628
ENSG00000121681	0.20161737457887172	3.3691166552678222	3.19454563278658	2.7671248959610453	4.076788762413313	2.8179389996719113
ENSG00000164499	11.693807725574558	14.26919995172254	10.781591510654707	3.7553837873757043	7.338219772343962	9.258942427493423
ENSG00000196152	45.36390928024613	47.16763317374951	61.09568522704334	41.309221661132746	114.76160366193474	35.02295613877947
ENSG00000146746	22.37952857825476	46.96944984108669	40.53079771597974	45.262257226791384	58.29807930251036	55.15109185072169
ENSG00000180155	1112.927907675372	1231.907595832046	1644.192705374843	1184.3294554713273	740.7525181304989	554.7314202211277
ENSG00000136118	138.51113633568485	95.32618301081308	107.41659690244876	144.6811017031061	102.73507681281546	77.09075977673872
ENSG00000128390	1.8145563712098454	3.3691166552678222	2.795227428688258	4.3483391222245	4.688307076775309	6.642284784940934
ENSG00000206608	161.6971344122551	140.90834952326009	140.1606896385112	105.34839782480265	186.92076475665039	79.30485470505236
ENSG00000233775	334.2816070517693	481.1891317053101	178.8945554360485	295.09410497641716	379.95671265692073	252.0042591135166
ENSG00000214718	93.55046180459647	43.203966520493246	183.4867147831792	97.24467491520244	226.66945519018014	187.79550619242096
ENSG00000205977	84.0744451993895	51.329483159668584	73.27489045204219	171.5617435495848	82.14729356262824	195.24291640583957
ENSG00000236428	2.4194084949464605	1.1890999959768782	0.798636408196645	2.964776674243977	0.8153577524826625	1.4089694998359557
ENSG00000195642	28.831284564778656	41.816683191853556	49.515457308192	33.996105864664266	29.964397403737845	26.16657642552489
ENSG00000159865	130.64805872710886	126.83733290420037	156.53273600654245	74.11941685609943	132.90331365467398	155.59048905331338
ENSG00000169723	17.74232896294071	19.620149933618496	13.177500735244642	13.24266914495643	15.287957859049921	13.284569569881867
ENSG00000123544	20.564972207044917	15.061933282373792	33.14341094016077	19.76517782829318	24.053053698238543	13.284569569881867
ENSG00000147494	72.58225484839382	58.66226646819267	68.083753798764	33.60080230809841	43.621639757822436	80.91510556200774
ENSG00000144068	7.459842859418253	5.15276664923314	10.382273306556385	7.70841935303434	5.299825391137306	13.687132284120713
ENSG00000109127	2.8226432441042038	6.936416643198457	6.788409469671484	7.313115796468477	7.134380334223296	5.233315285104979
ENSG00000233017	22.782763327412503	34.8802665486551	19.566592000817806	30.438373855571495	15.899476173411918	45.69086806610885
ENSG00000118920	18.548798461256197	26.358383244154137	25.356705960243477	27.671248959610452	14.88027898280859	33.613986638943516
ENSG00000213489	148.99523981378618	143.08836618255103	211.63864817211095	131.0431290015838	187.9399619472537	120.76881427165334
ENSG00000162931	15.121303093415378	18.62923327030443	18.568296490572	25.299427620215273	33.225828413668495	42.87292906643693
ENSG00000226407	2.4194084949464605	2.180016659290944	4.392500245081548	1.7788660045463862	2.2422338193273217	1.8115322140748
ENSG00000177433	65.12241198897556	101.27168299069747	87.05136849343431	77.6771488651922	68.6938906466643	103.45861755938304
ENSG00000229515	7.661460233997124	8.52188330450096	7.587045877868128	7.70841935303434	5.707504267378637	7.044847499179779
ENSG00000178506	99.39736566738375	50.33856649635452	144.75284898564192	177.88660045463863	156.54868847667117	117.54831255774259
ENSG00000128470	14.314833595099891	11.890999959768783	9.982955102458064	6.127205126770886	14.064921230325927	13.687132284120713
ENSG00000133770	99.59898304196263	95.32618301081308	159.12830433318155	94.47755001924139	64.00558356988901	85.74585813287386
ENSG00000196750	34.87980580214481	57.27498313955297	76.07011788073044	72.34055085155305	34.04118616615116	51.93059013681094
ENSG00000131587	28.024815066463166	19.620149933618496	23.160455837702706	24.113516950517678	30.372076279979176	16.907633998031468
ENSG00000141996	2.217791120367589	0.3963666653256261	2.196250122540774	2.964776674243977	2.446073257447987	4.226908499507867
ENSG00000233627	29.839371437673012	18.82741660296724	11.979546122949674	15.219186927785747	15.287957859049921	17.10891535515089
ENSG00000129546	801.0258292018573	374.7646820653795	780.6670890122206	301.81426543803684	400.74833534522855	449.6625518047893
ENSG00000229718	90.32458381133452	59.65318313150673	22.960796735653545	80.04897020458738	54.017451101976384	84.33688863303793
ENSG00000131210	366.7420043589676	286.17673236510205	356.39149715775284	445.1118046931624	198.94729160576964	488.9124164430766
ENSG00000180925	22.37952857825476	43.402149853156054	41.92841143032387	33.60080230809841	49.73682290144241	29.387078139435648
ENSG00000192207	20.766589581623784	25.96201657882851	48.117843593847866	35.77497186921066	30.983594594341174	27.77682728248027
ENSG00000121479	5.443669113629536	9.710983300477839	8.984659592212257	3.162428452526909	2.8537521336893183	11.271755998687645
ENSG00000136734	83.4695930756529	70.55326642796145	75.47114057458296	45.459909005074316	132.69947421655328	41.262678209481564
ENSG00000145554	5.443669113629536	4.954583316570327	4.79181844917987	3.9530355656586362	5.503664829257971	7.447410213418623
ENSG00000213671	6.854990735681638	4.360033318581888	5.590454857376516	6.324856905053818	5.299825391137306	10.667911927329378
ENSG00000115830	156.8583174223622	176.58134940256645	289.705357073333	290.7457658541927	234.00767496252413	367.1371953858262
ENSG00000239863	3.830730116998562	2.180016659290944	2.9948865307374186	3.3600802308098405	2.0383943812066563	5.837159356463245
ENSG00000162737	1189.3408926407642	2428.3403751174487	6136.322842378922	4946.828706865217	3156.8613781747486	3463.649593311018
ENSG00000158016	53.83183901255875	37.853016538597295	49.515457308192	27.671248959610452	38.5256538048058	21.335823854658756
ENSG00000101676	8.669547106891482	7.72914997384971	15.77306906188374	15.614490484351613	14.268760668446593	13.284569569881867
ENSG00000126829	317.1441302125652	407.068565289418	251.37080947989404	526.1490337891645	187.73612250913303	532.3891895808719
ENSG00000189731	8.669547106891482	6.341866645210017	3.793522938934064	3.5577320090927724	10.803490220395277	8.453816999015734
ENSG00000131120	19.758502708729427	54.10404981694796	35.140001960652384	35.972623647493585	30.983594594341174	58.774156278871295
ENSG00000100129	40.525092290353214	31.511149893387277	37.33625208319316	39.33270387830343	28.537521336893185	28.78323406807738
ENSG00000211863	344.3624757807129	331.56071554488625	219.62501225407738	242.51873195315733	198.33577329140763	131.4367261989827
ENSG00000107322	934.0932964239126	1293.5426122901808	1342.9071203826586	1026.8009881798307	1495.9776363675649	1195.0074172180098
ENSG00000210363	65.32402936355443	80.2642497284393	47.319207185651216	81.23488087428497	46.47539189151176	75.68179027690276
ENSG00000201839	2.621025869525332	2.3781999919537564	1.7969319184424513	1.7788660045463862	2.2422338193273217	3.8243457852690224
ENSG00000170113	3.427495367840819	2.774566657279383	0.9982955102458063	3.3600802308098405	4.892146514895974	1.610250856955378
ENSG00000237630	17.540711588361837	10.701899963791904	13.776478041392128	12.056758475258839	7.338219772343962	12.882006855643024
ENSG00000171709	141.53539695436794	168.4558327633911	165.71705470080386	158.12142262634543	164.90610543961847	77.49332249097756
ENSG00000199958	41.3315617886687	45.38398317978419	20.165569306965285	48.62233745760122	33.63350728990983	43.07421042355636
ENSG00000208386	42.944500785299674	52.12221649031983	48.51716179794619	50.99415879699641	74.80907379028427	53.54084099376632
ENSG00000134140	23.790850200306863	14.863749949710979	7.9863640819664505	18.97457071516145	12.841884601601933	33.21142392470467
ENSG00000135045	459.88923141440637	496.8456149856723	427.07081928315597	539.7870064906868	750.7406505984114	300.7143475364168
ENSG00000117402	3.830730116998562	4.954583316570327	3.19454563278658	5.7319015702050224	5.0959859530166405	1.0064067855971113
ENSG00000177734	1137.525227373994	1648.0925944239532	1457.511444958877	1559.8678342088979	960.2875929864557	1702.6389998731927
ENSG00000231355	235.28747613354327	407.46493195474363	280.72069748112074	454.00613471589435	482.48795003161547	316.41429339173175
ENSG00000203008	122.58336374395398	105.43353297661655	199.25978384506294	141.91397680714505	192.83210846214968	126.60597362811659
ENSG00000211656	33.46848418009271	30.91659989539884	26.95397877663677	43.68104300052793	22.830017069514547	49.51521385137787
ENSG00000195917	26.008641320674453	12.485549957757224	23.95909224589935	35.77497186921066	23.033856507635214	10.265349213090534
ENSG00000181317	24.194084949464607	50.933116494342954	26.75431967458761	27.275945403044588	27.31448470816919	30.796047639271606
ENSG00000113049	5.6452864882084075	8.918249969826588	11.779887020900514	11.859106696975909	8.968935277309287	11.67431871292649
ENSG00000148552	9.677633979785842	7.332783308524084	11.180909714753032	14.823883371219884	12.434205725360602	15.096101783956668
ENSG00000223715	6.250138611945023	4.360033318581888	8.984659592212257	6.324856905053818	3.26143100993065	7.044847499179779
ENSG00000104443	91.73590543338663	185.89596603771864	135.96784849547882	134.20555745411068	91.11622883993753	157.60330262450762
ENSG00000151749	33.26686680551383	36.86209987528323	39.332843103684766	27.671248959610452	31.59511290870317	26.16657642552489
ENSG00000156394	65.72726411271218	59.65318313150673	51.312389226634444	48.02938212275243	47.49458908211509	72.46128856299201
ENSG00000106691	9.677633979785842	6.5400499778728305	5.191136653278193	5.336598013639159	6.5228620198613	9.661505141732267
ENSG00000145454	2.8226432441042038	2.9727499899421956	3.5938638368849025	4.150687343941568	2.649912695568653	3.220501713910756
ENSG00000210047	5.6452864882084075	5.549133314558766	2.196250122540774	2.5694731176781134	4.076788762413313	1.2076881427165334
ENSG00000211281	50.60596101929679	22.7910832562235	84.65545926884437	73.52646152125064	69.9169272753883	42.47036635219809
ENSG00000149039	2.4194084949464605	3.3691166552678222	4.192841143032387	2.5694731176781134	3.8729493242926467	3.0192203567913336
ENSG00000128605	138.309518961106	69.95871642997301	110.41148343318618	79.25836309145566	183.45549430859904	56.56006135055765
ENSG00000227691	4.838816989892921	1.5854666613025044	6.588750367622321	5.929553348487954	7.134380334223296	5.233315285104979
ENSG00000154191	15.927772591730864	8.720066637163775	10.581932408605546	14.23092803637109	11.007329658515943	8.655098356135156
ENSG00000188851	30.645840935988495	73.52601641790365	69.0820493090098	41.50687343941568	32.81814953742716	79.50613606217179
ENSG00000219523	1.6129389966309737	2.774566657279383	1.59727281639329	4.3483391222245	2.0383943812066563	4.025627142388445
ENSG00000244124	0.20161737457887172	1.3872833286396915	0.19965910204916126	0.19765177828293182	0.40767887624133126	0.805125428477689
ENSG00000168134	306.45840935988497	351.973598809156	291.70194809382457	399.6518956880881	162.86771105841183	228.45434033054426
ENSG00000151556	23.387615451149117	15.854666613025046	14.974432653687096	16.207445819200405	38.11797492856447	27.575545925360846
ENSG00000171556	6.048521237366152	8.323699971838147	10.781591510654707	8.301374687883136	8.968935277309287	12.680725498523602
ENSG00000141444	964.1342852361645	1020.0496132154989	922.8243696712234	723.4055085155303	580.5347197676557	927.3032122491783
ENSG00000223434	2150.0476825090877	2661.800340994242	1885.9798779563773	2999.168083665207	2443.0156658761775	1611.257263740975
ENSG00000129631	21.3714417053604	20.214699931606933	46.12125257335625	27.275945403044588	21.40314100266989	26.36785778264431
ENSG00000130036	35.686275300460295	67.38233310535644	49.91477551229031	31.821936303552018	22.218498755152552	78.29844791945526
ENSG00000145919	6413.851920103067	5480.363698124769	2822.5807256689927	5595.324191411516	3272.438339589166	7407.355223351858
ENSG00000156913	10.887338227259072	11.890999959768783	8.984659592212257	6.522508683336749	10.803490220395277	10.265349213090534
ENSG00000235036	365.9355348606521	362.4773154402851	372.1645662196366	202.0001174051563	223.81570305649083	415.2434397373681
ENSG00000195710	187.5041583583507	185.69778270505586	256.1626279290739	173.3406095541312	248.27643563097072	387.064049740649
ENSG00000249323	13.306746722205533	8.720066637163775	5.191136653278193	11.661454918692975	13.249563477843264	7.044847499179779
ENSG00000167341	7.2582254848393815	5.350949981895952	1.9965910204916126	1.5812142262634545	7.134380334223296	3.6230644281496
ENSG00000200278	9.072781856049227	3.567299987930635	9.783296000408903	7.510767574751409	8.153577524826625	8.05125428477689
ENSG00000204759	46.77523090229823	57.47316647221578	55.10591216556851	39.33270387830343	56.463524359424376	24.15376285433067
ENSG00000207478	44.1542050327729	65.99504977671674	67.4847764926165	45.459909005074316	76.03211041900826	77.29204113385813
ENSG00000167252	5420.281498178388	2804.2941571788047	8239.931141568886	7782.53876989044	5327.139875845475	5485.722106932733
ENSG00000190567	2.4194084949464605	1.7836499939653174	2.5955683266390963	4.743642678790363	3.8729493242926467	2.8179389996719113
ENSG00000169285	57.0577170058207	17.44013327432755	35.140001960652384	27.07829362476166	48.71762571083908	40.86011549524272
ENSG00000147702	2.4194084949464605	5.350949981895952	8.18602318401561	8.103722909600203	6.319022581740634	9.661505141732267
ENSG00000198634	243.7554058658559	280.0330490525548	158.92864523113235	155.55194950866732	180.60174217490973	233.08381154429094
ENSG00000230990	55.24316063461085	76.89513307317146	39.53250220573393	89.14095200560224	96.41605423107484	76.8894784196193
ENSG00000180669	2.621025869525332	1.9818333266281307	1.59727281639329	1.7788660045463862	2.2422338193273217	2.8179389996719113
ENSG00000209016	12.90351197304779	15.45829994769942	15.573409959834578	18.97457071516145	11.822687410998604	14.894820426837246
ENSG00000181860	34.87980580214481	26.358383244154137	45.32261616515961	43.483391222245	27.11064527004853	33.41270528182409
ENSG00000101155	114.51866876079913	152.00661615237763	66.4864809823707	145.07640525967193	202.82024093006228	104.66630570209956
ENSG00000204182	90.32458381133452	111.77539962182657	98.23227820818734	84.79261288337774	34.85654391863382	88.56379713254579
ENSG00000108274	107.26044327595974	133.97193288006162	177.09762351760602	233.2290983738595	94.37765984986818	132.44313298457982
ENSG00000141648	16.331007340888608	34.48389988332947	36.13829747089819	46.052864339923104	26.29528751756586	21.53710521177818
ENSG00000208196	87.50194056723032	135.1610328760385	120.79375673974256	107.5225673859149	108.64642051831477	123.78803462844468
ENSG00000113418	49.39625677182357	27.745666572793827	59.698071512699215	42.8904358873962	45.0485158246671	39.8537087096456
ENSG00000216613	175.20549850903953	99.09166633140653	154.93546319014914	252.203669089021	329.20069256487494	157.4020212673882
ENSG00000137568	113.71219926248364	125.84641624088628	53.1093211450769	131.43843255814963	106.40418669898746	100.4393972025917
ENSG00000157892	2.4194084949464605	8.125516639175336	6.189432163524	7.115464018185545	6.7267014579819655	2.8179389996719113
ENSG00000157134	16.935859464625224	23.187449921549128	27.153637878685934	35.37966831264479	26.0914480794452	24.35504421145009
ENSG00000243046	4.435582240735178	6.5400499778728305	6.189432163524	10.080240692429522	11.007329658515943	6.038440713582667
ENSG00000185381	28.831284564778656	25.36746658084007	33.14341094016077	25.694731176781133	16.103315611532583	28.58195271095796
ENSG00000110875	86.09061894517822	200.95789932009245	74.67250416638632	132.03138789299845	112.31553040448675	131.23544484186328
ENSG00000116718	44.1542050327729	28.340216570782268	38.733865797537284	36.960882538908244	41.78708481473645	26.77042049688316
ENSG00000233758	23.185998076570247	25.565649913502885	30.54784261352167	34.193757642947205	11.61884797287794	29.78964085367449
ENSG00000176042	11.290572976416815	6.7382333105356444	6.189432163524	8.89433002273193	22.626177631393883	7.044847499179779
ENSG00000178154	799.4128902052264	893.4104636439613	605.366397413057	801.6756127155713	485.74938104154614	928.9134631061337
ENSG00000116824	27.01672819356881	37.65483320593448	47.119548083602055	39.135052100020495	51.775217282649066	38.64602056692907
ENSG00000162491	5.242051739050664	4.756399983907513	3.9931820409832253	3.7553837873757043	3.4652704480513155	5.233315285104979
ENSG00000110374	16.53262471546748	6.936416643198457	10.182614204507225	6.324856905053818	19.772425497704564	18.517884854986846
ENSG00000198271	260.89288270506	251.69283248177257	246.77865013276335	239.75160705719628	207.10086913059627	239.1222522578736
ENSG00000216116	2123.232571690098	2533.575724761402	3019.843918493564	2925.048666809108	1894.4837378934662	1125.5653490118093
ENSG00000212815	526.422965025434	280.23123238521765	311.46819919669156	445.1118046931624	215.2544466554229	646.1131563533454
ENSG00000144635	16.53262471546748	26.952933242142578	13.377159837293805	16.40509759748334	17.530191678377243	11.67431871292649
ENSG00000145438	169.15697727167336	135.55739954136413	243.98342270407505	157.92377084806253	195.074342281477	143.51360762614806
ENSG00000118210	0.6048521237366151	1.9818333266281307	1.397613714344129	2.7671248959610453	0.6115183143619968	1.610250856955378
ENSG00000140965	130.2448239779511	222.55988258033906	241.78717258153426	213.8592241021322	208.32390575932024	257.43885575574103
ENSG00000241002	11.492190350995687	15.854666613025046	17.969319184424513	24.706472285366477	13.0457240397226	17.71275942650916
ENSG00000184452	74.80004596876141	40.627583195876674	73.47454955409134	42.69278410911327	59.52111593123436	35.02295613877947
ENSG00000124783	2.4194084949464605	0.7927333306512522	1.397613714344129	3.5577320090927724	3.669109886171981	2.0128135711942226
ENSG00000122666	69.154759480553	77.09331640583427	40.131479511881416	104.95309426823678	97.23141198355749	74.87666484842507
ENSG00000114853	1.8145563712098454	0.9909166633140654	1.1979546122949676	2.7671248959610453	3.8729493242926467	2.0128135711942226
ENSG00000178735	2.4194084949464605	1.9818333266281307	0.798636408196645	1.9765177828293181	0.8153577524826625	1.2076881427165334
ENSG00000219833	642.9578075320219	440.75973184209624	518.7143471237209	537.4151851512917	377.30679996135206	498.77520294192834
ENSG00000216909	4.637199615314049	2.9727499899421956	2.5955683266390963	1.9765177828293181	7.745898648585293	2.6166576425524894
ENSG00000138329	120.36557262358642	140.51198285793444	228.4100127442405	183.02554668999485	110.07329658515943	239.32353361499304
ENSG00000201714	11.895425100153432	9.512799967815026	7.786704979917289	15.021535149502817	11.61884797287794	11.070474641568223
ENSG00000180384	29.637754063094143	24.376549917526006	28.551251593030063	24.508820507083545	33.83734672803049	19.323010283464534
ENSG00000239469	59.07389075160941	44.59124984913294	33.34307004220993	38.93740032173756	32.206631223065166	15.096101783956668
ENSG00000142024	278.83682904257955	185.69778270505586	305.0791079311184	273.94536470014344	201.5972043013383	299.50665939370026
ENSG00000119689	132.05938034916096	45.582166512447	50.11443461433947	78.46775597832392	46.47539189151176	92.38814291781482
ENSG00000203019	4.233964866156306	5.549133314558766	6.988068571720644	6.127205126770886	5.707504267378637	4.6294712137467116
ENSG00000204152	7.459842859418253	13.674649953734102	18.368637388522835	11.463803140410045	12.230366287239937	10.466630570209958
ENSG00000193231	333.07190280429603	548.5714648106665	456.2210481823335	359.33093291836997	886.9053952630161	491.1265113713903
ENSG00000105580	727.0322527314114	649.6449644687012	429.8660467118442	339.3681033117939	344.2848109858042	544.0635082937983
ENSG00000225333	13.911598845942148	11.098266629117532	9.982955102458064	10.277892470712453	8.765095839188621	9.057661070374001
ENSG00000151251	115.92999038285123	157.7539327995992	205.0498978044886	200.2212514006099	215.0506072173022	149.14948562549188
ENSG00000125151	39.31538804287999	11.890999959768783	27.35329698073509	26.880641846478724	28.741360775013852	22.946074711614138
ENSG00000195214	434.8886769666263	250.9000991511213	222.0209214786673	180.85137712888258	325.12390380246165	282.59902539566883
ENSG00000207320	9.072781856049227	11.098266629117532	5.390795755327353	2.964776674243977	5.503664829257971	3.6230644281496
ENSG00000130838	225.00499003002082	87.20066637163774	206.84682972293106	156.93551195664784	138.81465736017327	158.81099076722415
ENSG00000113522	4.838816989892921	10.107349965803467	6.588750367622321	4.545990900507432	6.115183143619968	11.473037355807069
ENSG00000191480	1.8145563712098454	1.5854666613025044	2.9948865307374186	1.3835624479805226	2.649912695568653	2.8179389996719113
ENSG00000160261	82.25988882817967	90.17341636157994	74.47284506433715	96.25641602378779	92.13542603054086	81.518949633366
ENSG00000139025	94.55854867749083	107.21718297058187	110.41148343318618	167.60870798392617	82.3511330007489	91.18045477509828
ENSG00000182162	1.4113216220521019	2.774566657279383	2.196250122540774	1.3835624479805226	1.0191971906033281	1.4089694998359557
ENSG00000227072	0.20161737457887172	0.7927333306512522	0.19965910204916126	0.19765177828293182	0.0	0.20128135711942224
ENSG00000127829	30.040988812251882	17.63831660699036	21.163864817211092	20.95108849799077	22.014659317031885	16.10250856955378
ENSG00000229874	94.15531392833309	65.00413311340269	76.66909518687793	58.307274593464875	124.95357556796802	101.04324127394997
ENSG00000204056	14.314833595099891	11.296449961780345	14.17579624549045	13.440320923239362	12.638045163481268	6.642284784940934
ENSG00000118751	21.16982433078153	26.160199911491322	36.337956572947355	45.262257226791384	40.56404818601246	14.693539069717824
ENSG00000127669	14.314833595099891	21.800166592909434	10.581932408605546	11.068499583844181	24.053053698238543	22.54351199737529
ENSG00000226233	11.895425100153432	13.872833286396913	15.77306906188374	8.103722909600203	8.765095839188621	8.85637971325458
ENSG00000117616	81.05018458070643	92.15524968820807	59.498412410650054	151.20361038644282	35.87574110923715	72.86385127723085
ENSG00000137836	357.8708398774973	487.92736501584574	284.91353862415315	281.060828718329	224.0195424946115	360.09234788664634
ENSG00000170413	56.85609963124182	59.65318313150673	54.1076166553227	59.690837041445405	50.3483412158044	92.79070563205366
ENSG00000134638	9.274399230628099	23.781999919537565	19.965910204916128	9.684937135863658	14.064921230325927	17.10891535515089
ENSG00000192283	8.669547106891482	16.052849945687857	7.387386775818967	5.7319015702050224	8.765095839188621	11.87560007004591
ENSG00000159379	51.00919576845454	23.187449921549128	51.11273012458528	43.68104300052793	46.271552453391095	70.24719363467837
ENSG00000145054	0.0	0.5945499979884391	0.5989773061474838	0.19765177828293182	0.0	0.6038440713582667
ENSG00000226213	37.90406642082788	40.23121653055105	23.36011493975187	17.78866004546386	21.810819878911218	64.00747156397628
ENSG00000185419	36.089510049618035	29.331133234096335	17.570000980326192	24.113516950517678	22.014659317031885	29.185796782316224
ENSG00000112767	47.17846565145598	33.69116655267822	25.756024164341806	28.264204294459248	44.02931863406377	32.00373578198814
ENSG00000236725	16.935859464625224	31.907516558712903	20.36522840901445	17.393356488898	17.32635224025658	17.10891535515089
ENSG00000235290	28.42804981562091	12.485549957757224	31.346479021718316	25.497079398498204	18.54938886898057	20.731979783300492
ENSG00000188155	2.016173745788717	0.7927333306512522	2.5955683266390963	0.5929553348487954	1.630715504965325	1.4089694998359557
ENSG00000167135	77.82430658744448	87.79521636962619	105.81932408605547	105.74370138136852	63.394065255526996	182.36090955019657
ENSG00000105691	13.10512934762666	11.69281662710597	10.382273306556385	17.986311823746792	21.40314100266989	11.070474641568223
ENSG00000144506	41.3315617886687	37.25846654060886	18.767955592621156	23.520561615668885	25.07225088884187	30.59476628215218
ENSG00000110560	19.758502708729427	12.28736662509441	11.979546122949674	13.835624479805226	10.599650782274612	12.882006855643024
ENSG00000128969	0.8064694983154869	1.5854666613025044	1.1979546122949676	0.5929553348487954	1.630715504965325	0.6038440713582667
ENSG00000126789	60.283594999082645	142.49381618456258	78.26636800327123	98.62823736318298	78.47818367645627	140.49438726935674
ENSG00000126305	19.15365058499281	14.071016619059726	20.964205715161935	8.89433002273193	38.11797492856447	19.72557299770338
ENSG00000190221	19.15365058499281	27.349299907468204	20.36522840901445	13.637972701522294	22.422338193273216	13.48585092700129
ENSG00000103548	49.19463939724469	58.66226646819267	82.65886824835276	71.35229196013837	64.20942300800967	63.40362749261801
ENSG00000198085	550.012197851162	593.9554479904507	1533.5815628396076	1004.4663372338595	861.6293049360536	1136.6358236533774
ENSG00000189489	30.242606186830756	26.358383244154137	22.56147853155522	20.160481384859043	30.575915718099843	30.59476628215218
ENSG00000235675	95.96987029954293	68.17506643600768	109.61284702498953	114.83568318238338	91.72774715429952	48.10624435154191
ENSG00000163772	633.8850256759727	1049.578929782258	1080.954378494159	1557.6936646477855	1216.5137667041322	694.2194007048873
ENSG00000228922	11.895425100153432	22.59289992356069	10.581932408605546	15.021535149502817	16.30715504965325	17.91404078362858
ENSG00000135158	261.2961174542177	253.4764824757379	440.44797912044976	484.64216034974874	243.99580743043674	388.6743005976044
ENSG00000215268	21.976293829097017	33.29479988735259	43.326025144667994	29.845418520722703	35.26422279487515	35.22423749589889
ENSG00000191963	198.99634870934636	250.9000991511213	61.09568522704334	256.5520082112455	132.49563477843265	306.55150689288007
ENSG00000148422	33.06524943093496	51.92403315765702	40.53079771597974	41.309221661132746	42.602442567219114	35.62680021013774
ENSG00000216401	275.61095104931763	287.3658323610789	183.08739657908086	277.89840026580214	214.23524946481956	280.18364911023576
ENSG00000154452	4.637199615314049	4.558216651244701	3.394204734835742	4.150687343941568	4.892146514895974	10.265349213090534
ENSG00000242924	7.459842859418253	11.098266629117532	12.977841633195482	11.463803140410045	11.007329658515943	13.284569569881867
ENSG00000167723	9.274399230628099	3.9636666532562614	12.179205224998837	11.463803140410045	6.319022581740634	13.888413641240135
ENSG00000112148	22.984380701991373	15.45829994769942	19.366932898768642	14.626231592936954	14.268760668446593	8.85637971325458
ENSG00000159295	372.7905255963338	133.575566214736	113.20671086187444	139.54215546774986	363.44571816914674	205.70954697604955
ENSG00000158576	72.98548959755155	68.3732497686705	89.44727771802425	108.31317449904664	70.32460615162964	82.12279370472427
ENSG00000158931	120.56718999816529	78.48059973447398	80.06329992171366	106.9296120510661	146.35671657063793	71.65616313451432
ENSG00000222745	23.790850200306863	17.63831660699036	12.977841633195482	14.23092803637109	30.575915718099843	11.473037355807069
ENSG00000243594	51.412430517612286	31.70933322605009	43.326025144667994	50.401203462147606	52.1828961588904	28.58195271095796
ENSG00000246298	70.16284635344735	79.47151639778804	71.87727673769805	120.36993297430547	77.25514704773227	76.8894784196193
ENSG00000142863	72.38063747381494	60.842283127483604	49.91477551229031	45.85521256164018	45.252355262787766	41.463959566600984
ENSG00000145875	10.6857208526802	8.720066637163775	9.184318694261417	13.24266914495643	13.657242354084595	14.693539069717824
ENSG00000134121	6.653373361102767	12.089183292431597	16.571705470080385	7.313115796468477	27.31448470816919	9.86278649885169
ENSG00000163919	4.838816989892921	3.765483320593448	4.392500245081548	4.941294457073295	2.2422338193273217	4.025627142388445
ENSG00000165106	179.23784600061694	191.4450993522774	107.2169378003996	156.7378601783649	128.62268545414	227.0453708307083
ENSG00000215080	305.65193986156953	245.94551583455097	267.1438785417777	286.5950785102511	290.0635204457072	286.020808466699
ENSG00000137203	1235.511271419326	1217.2420292149977	1102.7172206175176	1306.2806026718963	1150.877467629278	1030.7618298085613
ENSG00000187966	0.20161737457887172	0.19818333266281304	0.0	0.19765177828293182	0.20383943812066563	0.0
ENSG00000116053	153.63243942910023	190.65236602162616	188.27853323235908	180.06077001575088	175.70959566001378	293.66950003723707
ENSG00000178939	95.76825292496406	57.6713498048786	86.65205028933599	91.51277334499743	113.1308881569694	115.13293627230952
ENSG00000123870	5064.8300667958365	1900.5781602363772	13201.459827490542	9630.978200392417	3668.294528419498	6960.71189190386
ENSG00000241518	7.05660811026051	12.881916623082848	15.573409959834578	6.720160461619681	19.568586059583897	23.75120014009182
ENSG00000114096	5.846903862787279	6.5400499778728305	10.781591510654707	6.324856905053818	4.892146514895974	7.044847499179779
ENSG00000101770	35.081423176723675	67.38233310535644	21.363523919260256	64.23682794195282	53.40593278761439	96.21248870308382
ENSG00000217082	2.8226432441042038	1.1890999959768782	1.397613714344129	1.7788660045463862	2.446073257447987	1.8115322140748
ENSG00000120730	1.0080868728943586	2.57638332461657	0.5989773061474838	1.3835624479805226	2.649912695568653	1.4089694998359557
ENSG00000159990	90.92943593507114	122.67548291828128	93.64011886105664	94.67520179752432	110.68481489952143	110.90602777280166
ENSG00000136704	1.8145563712098454	0.9909166633140654	0.798636408196645	0.39530355656586363	1.2230366287239935	1.610250856955378
ENSG00000113249	4.435582240735178	2.9727499899421956	3.9931820409832253	4.545990900507432	4.892146514895974	4.42818985662729
ENSG00000150706	330.4508769347707	252.28738247976105	228.01069454014214	232.6361430390107	280.4830668540359	312.79122896358217
ENSG00000102846	112.50249501501041	95.12799967815026	75.87045877868128	68.38751528589441	89.07783445873088	65.81900377805107
ENSG00000162897	2.8226432441042038	1.5854666613025044	1.7969319184424513	2.3718213393951815	1.630715504965325	2.0128135711942226
ENSG00000200213	453.84071017704025	489.7110150098111	384.5434305466846	373.957164511307	371.8031351320941	718.3731635592179
ENSG00000120924	23.387615451149117	19.02559993563005	34.5410246545049	34.39140942123013	30.575915718099843	22.54351199737529
ENSG00000153349	22.782763327412503	14.665566617048167	14.37545534753961	16.602749375766273	17.734031116497906	15.699945855314935
ENSG00000208018	12.097042474732303	49.545833165703264	42.327729634422184	41.111569882849814	34.04118616615116	37.23705106709312
ENSG00000178543	22.17791120367589	25.16928324817726	21.363523919260256	23.520561615668885	25.887608641324533	14.29097635547898
ENSG00000162855	292.34519313936397	273.6911824073448	239.1916042548952	328.4972555062327	240.32669754426473	289.4425915377292
ENSG00000213002	93.75207917917535	77.68786640382271	51.11273012458528	95.663460688939	96.21221479295417	71.05231906315605
ENSG00000218854	3.830730116998562	6.7382333105356444	5.7901139594256765	3.9530355656586362	3.057591571809984	9.86278649885169
ENSG00000194237	12.298659849311173	15.061933282373792	7.187727673769805	6.720160461619681	10.803490220395277	10.064067855971112
ENSG00000193687	177.22167225482823	155.77209947297106	136.36716669957713	180.25842179403378	126.58429107293334	105.0688684163384
ENSG00000169139	9.47601660520697	6.936416643198457	11.779887020900514	12.056758475258839	7.542059210464627	4.6294712137467116
ENSG00000150038	3.830730116998562	4.161849985919074	1.7969319184424513	4.150687343941568	1.630715504965325	5.4345966422244
ENSG00000124690	0.0	0.19818333266281304	0.19965910204916126	0.19765177828293182	0.20383943812066563	0.20128135711942224
ENSG00000173921	120.56718999816529	173.41041607996144	101.82614204507225	152.3895210561404	142.2799278082246	126.60597362811659
ENSG00000148098	46.37199615314049	25.565649913502885	17.570000980326192	33.60080230809841	18.345549430859904	15.498664498195513
ENSG00000158220	30.847458310567372	14.863749949710979	21.363523919260256	13.637972701522294	24.664572012600537	19.524291640583957
ENSG00000212716	6.653373361102767	3.3691166552678222	7.387386775818967	4.941294457073295	6.319022581740634	5.032033927985556
ENSG00000120403	9.47601660520697	3.1709333226050087	11.580227918851353	7.313115796468477	12.638045163481268	12.278162784284756
ENSG00000187838	44.35582240735178	30.3220498974104	14.17579624549045	17.78866004546386	17.937870554618573	30.59476628215218
ENSG00000178424	3.830730116998562	4.161849985919074	2.196250122540774	1.5812142262634545	2.0383943812066563	4.025627142388445
ENSG00000200784	23.58923282572799	24.772916582851632	30.74750171557083	29.252463185873907	17.122512802135912	41.06139685236214
ENSG00000213198	789.9368736000193	516.6639482519536	1222.7123409490637	1649.6017415493486	814.9500736064211	603.4415086440279
ENSG00000216489	14.516450969678763	8.323699971838147	11.580227918851353	10.475544248995385	15.69563673529125	8.453816999015734
ENSG00000153701	31.65392780888286	28.340216570782268	31.146819919669156	9.684937135863658	36.69109886171981	14.4922577125984
ENSG00000152570	778.6463006236025	431.84148187226964	352.79763332086793	972.4467491520245	807.4080143959565	630.4132104980305
ENSG00000168079	19.15365058499281	39.636666532562614	48.51716179794619	26.682990068195792	30.983594594341174	42.26908499507867
ENSG00000208543	611.1022623485602	537.0768315162235	430.0657058138934	1283.5506481693592	728.9298307195003	992.7196533129905
ENSG00000235858	260.2880305813234	115.93724960774564	178.8945554360485	108.70847805561249	240.1228581061441	118.5547193433397
ENSG00000166054	284.07888078163023	230.88358255217722	361.98195201512937	128.86895944047154	223.61186361837017	267.905486325951
ENSG00000110610	15.322920467994248	9.909166633140654	13.177500735244642	26.682990068195792	15.287957859049921	18.719166212106266
ENSG00000193060	15.726155217151993	11.296449961780345	17.570000980326192	10.277892470712453	13.453402915963931	12.278162784284756
ENSG00000165018	496.1803588386033	533.5095315282928	406.50593177209237	648.4954845462993	465.16159779135893	449.25998909055045
ENSG00000130354	47.58170040061373	43.402149853156054	32.94375183811161	55.9354532540697	47.29074964399442	60.18312577870725
ENSG00000114577	28.831284564778656	17.63831660699036	38.33454759343896	36.367927204059455	14.88027898280859	16.706352640912044
ENSG00000247038	0.40323474915774343	0.3963666653256261	0.5989773061474838	0.19765177828293182	0.20383943812066563	0.4025627142388445
ENSG00000113334	22.17791120367589	18.232866604978803	14.17579624549045	26.287686511629932	31.798952346823835	17.91404078362858
ENSG00000190382	3051.8821990003808	2680.6277575972094	4324.6161503848325	4183.497539136534	5363.423295830953	3674.1898928579335
ENSG00000141276	81.2518019552853	31.11478322806165	59.89773061474838	128.6713076621886	84.7972062581969	91.78429884645655
ENSG00000222257	1543.381002401263	992.1057633100422	386.1407033630779	1100.3274497010814	1240.3629809642503	981.4478973143028
ENSG00000171658	45.96876140398275	76.30058307518303	46.32091167540541	53.95893547124038	85.40872457255888	62.19593934990147
ENSG00000134333	1.4113216220521019	0.9909166633140654	1.397613714344129	0.7906071131317273	2.2422338193273217	2.8179389996719113
ENSG00000195006	33.26686680551383	35.27663321398072	56.90284408401096	68.9804706207432	19.364746621463233	32.80886121046582
ENSG00000121916	951.6340080122744	615.953797916023	898.6656183232749	649.088439881148	1120.0977124730575	1079.4719182314614
ENSG00000150666	39.11377066830111	49.74401649836608	78.06670890122204	65.42273861165042	45.252355262787766	74.27282077706681
ENSG00000141914	24.194084949464607	23.187449921549128	21.363523919260256	15.41683870606868	29.556718527496514	17.10891535515089
ENSG00000169842	34.27495367840819	21.007433262258182	17.76966008237535	19.76517782829318	24.25689313635921	28.179389996719117
ENSG00000134413	0.8064694983154869	2.180016659290944	2.795227428688258	1.7788660045463862	4.280628200533978	3.6230644281496
ENSG00000197600	13.10512934762666	12.28736662509441	10.382273306556385	16.40509759748334	13.249563477843264	13.083288212762445
ENSG00000244415	56.251247507505205	42.60941652250481	35.93863836884903	27.275945403044588	34.245025604271824	31.39989171062987
ENSG00000238243	167.14080352588465	236.03634920141033	184.485010293425	162.07445819200407	159.40244061036051	143.31232626902863
ENSG00000215821	201.81899195345056	166.6721827694258	206.04819331473445	110.09204050359301	124.74973612984735	134.65722791289346
ENSG00000157228	1.4113216220521019	1.7836499939653174	2.395909224589935	2.7671248959610453	5.299825391137306	4.025627142388445
ENSG00000203115	0.8064694983154869	0.3963666653256261	0.3993182040983225	0.7906071131317273	0.6115183143619968	0.20128135711942224
ENSG00000147632	15.121303093415378	27.94384990545664	10.981250612703871	11.068499583844181	15.899476173411918	11.67431871292649
ENSG00000226138	6.854990735681638	9.314616635152214	5.7901139594256765	9.684937135863658	3.057591571809984	5.032033927985556
ENSG00000233988	114.1154340116414	206.70521596731402	159.72728163932902	137.3679859066376	122.50750231052002	228.0517776163054
ENSG00000170179	5.6452864882084075	2.57638332461657	4.192841143032387	1.7788660045463862	3.057591571809984	4.42818985662729
ENSG00000123292	42.541266036141934	98.10074966809246	59.698071512699215	75.10767574751408	115.37312197629673	84.94073270439618
ENSG00000233427	10.080868728943585	14.863749949710979	9.783296000408903	16.40509759748334	16.714833925894578	12.278162784284756
ENSG00000225564	196.77855758897877	144.0792828458651	368.97002058685	164.24862775311635	151.86038139989589	387.86917516912666
ENSG00000222140	12.90351197304779	42.014866524516364	26.55466057253845	51.191810575279334	23.64537482199721	22.34223064025587
ENSG00000210903	0.20161737457887172	0.7927333306512522	0.19965910204916126	0.7906071131317273	0.0	0.4025627142388445
ENSG00000241504	1.2097042474732302	0.19818333266281304	0.0	0.0	0.20383943812066563	0.20128135711942224
ENSG00000223149	59.678742875346025	47.96036650440076	63.691253553682444	47.8317303444695	58.90959761687236	52.73571556528862
ENSG00000113626	3.6291127424196907	5.350949981895952	6.588750367622321	5.929553348487954	2.446073257447987	1.610250856955378
ENSG00000117948	256.4573004643248	176.1849827372408	163.52080457826307	267.22520423852376	152.26806027613722	224.02615047391697
ENSG00000174328	36.694362173354655	39.83484986522543	39.53250220573393	32.41489163840081	29.352879089375847	33.21142392470467
ENSG00000106127	714.7335928821002	987.9439133241232	1371.0590537715905	936.4741255045309	825.7535638268164	1060.5514706622357
ENSG00000117172	31.250693059725116	16.449216611013483	26.95397877663677	25.694731176781133	29.76055796561718	12.076881427165334
ENSG00000140349	11.088955601837945	6.341866645210017	10.182614204507225	8.301374687883136	4.280628200533978	4.025627142388445
ENSG00000111820	0.8064694983154869	0.7927333306512522	0.19965910204916126	0.19765177828293182	0.40767887624133126	0.4025627142388445
ENSG00000127070	88.51002744012469	69.16598309932176	75.07182237048463	75.8982828606458	59.92879480747569	73.66897670570854
ENSG00000180968	19.556885334150554	18.232866604978803	22.361819429506063	17.986311823746792	17.32635224025658	14.894820426837246
ENSG00000151304	17.137476839204094	11.69281662710597	14.17579624549045	16.602749375766273	12.434205725360602	12.680725498523602
ENSG00000131717	3728.106873337917	5332.717115290974	6439.605018391599	5521.007122777133	5699.35068985381	4957.35854449425
ENSG00000215406	138.91437108484263	299.6531989861733	143.7545534753961	184.40910913797538	182.4362971179957	170.0827467659118
ENSG00000183040	3.024260618683076	2.3781999919537564	3.793522938934064	6.127205126770886	4.076788762413313	3.421783071030178
ENSG00000237683	74.39681121960365	129.0173495634913	85.45409567704102	192.31518026929263	128.41884601601933	165.45327555216508
ENSG00000118034	1.8145563712098454	1.7836499939653174	0.3993182040983225	1.9765177828293181	2.0383943812066563	3.0192203567913336
ENSG00000173271	8.26631235773374	8.52188330450096	4.192841143032387	9.487285357580726	8.968935277309287	13.284569569881867
ENSG00000140358	114.92190350995688	175.986799404578	139.96103053646206	246.8670710753818	201.18952542509695	173.7058111940614
ENSG00000172590	2.621025869525332	0.9909166633140654	2.395909224589935	4.545990900507432	2.0383943812066563	3.6230644281496
ENSG00000151058	21.3714417053604	21.800166592909434	32.94375183811161	37.9491414303229	27.11064527004853	43.678054494914626
ENSG00000161706	25.80702394609558	39.4384831998998	21.163864817211092	46.6458196747719	39.13717211916779	19.323010283464534
ENSG00000125344	54.43669113629536	37.65483320593448	31.945456327865802	42.49513233083034	43.417800319701776	43.27549178067578
ENSG00000138848	2.8226432441042038	3.9636666532562614	7.786704979917289	2.3718213393951815	3.057591571809984	3.421783071030178
ENSG00000237445	1.8145563712098454	1.5854666613025044	2.9948865307374186	2.964776674243977	0.40767887624133126	2.6166576425524894
ENSG00000137121	30.242606186830756	26.160199911491322	29.94886530737419	37.356186095474115	27.722163584410524	24.35504421145009
ENSG00000198690	103.42971315896118	152.00661615237763	149.34500833277264	121.55584364400306	102.5312373746948	93.1932683462925
ENSG00000142130	4.435582240735178	2.774566657279383	2.795227428688258	4.3483391222245	3.669109886171981	3.6230644281496
ENSG00000111278	190.3268016024549	146.0611161724932	141.55830335285532	110.88264761672474	161.2369955534465	230.8697166159773
ENSG00000138487	337.30586767045236	441.7506485054103	240.78887707128848	247.06472285366473	381.9951070381274	277.16442875344444
ENSG00000187027	43.952587658194034	31.312966560724465	42.92670694056967	90.91981801014863	45.252355262787766	41.463959566600984
ENSG00000107988	277.4255074205274	379.7192653819498	234.79910400981365	302.20956899460276	272.94100764357125	117.95087527198143
ENSG00000179738	179.4394633751958	275.0784657359845	233.80080849956784	171.75939532786774	186.30924644228838	155.59048905331338
ENSG00000157121	585.2952384024645	263.5838324415414	219.62501225407738	382.25853919919007	645.9671794043893	292.05924918028165
ENSG00000230654	49.79949152098131	45.582166512447	55.505230369666826	27.671248959610452	43.01012144346044	62.39722070702089
ENSG00000175535	54.839925885453106	55.49133314558765	24.358410449997674	28.066552516176316	64.617101884251	46.093430780347695
ENSG00000182876	105.44588690474991	77.68786640382271	69.68102661515728	51.191810575279334	47.69842852023575	47.70368163730307
ENSG00000212910	231.053511267387	344.04626550264345	238.39296784669855	319.40527370521784	190.182195766581	172.095560337106
ENSG00000108619	4.435582240735178	8.125516639175336	8.585341388113935	9.091981801014864	10.803490220395277	10.265349213090534
ENSG00000220727	550.6170499748987	753.8893974493409	625.132648515924	308.3367741213736	913.8122010949439	713.5424109883518
ENSG00000204949	3.6291127424196907	3.9636666532562614	4.392500245081548	5.7319015702050224	4.484467638654643	8.85637971325458
ENSG00000235038	2067.3845589317507	1980.247859966828	1310.3626867486455	1535.1613619235313	1107.4596673095762	1750.7452442247345
ENSG00000180272	88.51002744012469	83.83154971636992	120.79375673974256	181.44433246373137	114.96544310005541	59.176718993110136
ENSG00000184283	8162.277792451043	6203.138312346049	9581.640307339248	4500.333339724074	10472.251133449196	4550.166359041659
ENSG00000141383	65.72726411271218	29.529316566759146	73.47454955409134	43.483391222245	48.92146514895975	65.41644106381223
ENSG00000129895	171.37476839204095	96.91164967211559	102.42511935121972	138.94920013290107	107.62722332771145	201.88520119078052
ENSG00000120230	0.40323474915774343	2.3781999919537564	0.19965910204916126	0.39530355656586363	0.6115183143619968	0.805125428477689
ENSG00000128397	27.21834556814768	22.59289992356069	20.165569306965285	14.823883371219884	17.530191678377243	9.86278649885169
ENSG00000115667	36.089510049618035	35.67299987930635	26.75431967458761	77.87480064347513	70.32460615162964	61.793376635662625
ENSG00000219610	55.04154326003197	105.82989964194218	87.85000490163097	64.03917616366991	61.76334975056168	61.59209527854321
ENSG00000132966	95.16340080122745	51.13129982700577	140.7596669446587	200.41890317889283	157.5678856672745	108.89321420160744
ENSG00000157292	32.86363205635609	56.48224980890172	30.74750171557083	44.07634655709379	66.04397795109566	41.86652228083983
ENSG00000104261	23.790850200306863	34.8802665486551	27.35329698073509	11.266151362127111	27.92600302253119	28.179389996719117
ENSG00000103604	246.5780491099601	175.39224940658954	265.5466057253845	255.56374931983083	197.11273666268366	144.11745169750634
ENSG00000239934	1.2097042474732302	0.5945499979884391	1.7969319184424513	1.9765177828293181	1.4268760668446592	2.214094928313645
ENSG00000189742	13.508364096784405	9.909166633140654	12.77818253114632	13.835624479805226	9.784293029791948	6.843566142060356
ENSG00000114772	162.10036916141286	76.69694974050864	132.3739846585939	145.66936059452073	167.96369701142845	116.54190577214547
ENSG00000189145	42.541266036141934	26.55656657681695	19.366932898768642	21.346392054556635	26.702966393807195	25.96529506840547
ENSG00000246762	319.3619213329328	338.89349885341034	325.643995442182	308.5344258996565	556.4816660694171	145.12385848310345
ENSG00000224439	8.467929732312612	8.125516639175336	10.581932408605546	8.696678244449	7.338219772343962	8.85637971325458
ENSG00000247402	18.95203321041394	22.989266588886316	12.77818253114632	7.510767574751409	13.657242354084595	17.10891535515089
ENSG00000137634	81.2518019552853	85.21883304500962	128.97977992375817	144.28579814654023	133.71867140715662	86.55098356135156
ENSG00000152382	1159.5015212030912	1224.376629190859	1111.901539311779	1364.9831808219271	1036.7273822817053	1229.4265292854311
ENSG00000201799	1.6129389966309737	1.7836499939653174	1.7969319184424513	2.964776674243977	1.630715504965325	2.214094928313645
ENSG00000239083	1.4113216220521019	1.1890999959768782	0.798636408196645	1.9765177828293181	1.4268760668446592	0.20128135711942224
ENSG00000149180	5.242051739050664	2.57638332461657	1.9965910204916126	1.5812142262634545	3.8729493242926467	1.610250856955378
ENSG00000207821	3.2258779932619475	4.161849985919074	1.7969319184424513	2.7671248959610453	1.4268760668446592	2.6166576425524894
ENSG00000224961	52.21890001592777	41.61849985919074	69.0820493090098	78.27010420004099	54.017451101976384	34.62039342454062
ENSG00000149363	261.2961174542177	236.8290825320616	247.7769456430091	282.4443911663095	250.518669450298	167.66737048047875
ENSG00000240335	33.06524943093496	31.907516558712903	31.74579722581664	22.532302724254222	37.09877773796114	22.54351199737529
ENSG00000143457	67.7434378585009	50.53674982901733	58.69977600245341	33.205498751532545	48.106107396477086	71.25360042027548
ENSG00000140234	128.43026760674127	70.94963309328708	127.38250710736489	43.87869477881086	78.47818367645627	136.6700414840877
ENSG00000192135	70.16284635344735	101.46986632336028	72.47625404384553	30.63602563385443	117.20767691938272	70.24719363467837
ENSG00000225631	54.235073761716485	42.411233189841994	46.12125257335625	40.123310991435154	39.13717211916779	72.66256992011144
ENSG00000130132	33.87171892925045	45.582166512447	25.15704685819432	34.984364756078925	25.683769203203866	43.07421042355636
ENSG00000194939	137.90628421194825	329.3806988855953	213.63523919260254	223.93946479456173	241.95741304923007	229.8633098303802
ENSG00000109500	1.2097042474732302	3.9636666532562614	2.795227428688258	4.545990900507432	3.669109886171981	3.220501713910756
ENSG00000223185	6.250138611945023	14.665566617048167	11.580227918851353	14.626231592936954	8.357416962947289	13.48585092700129
ENSG00000218130	37.70244904624901	70.75144976062427	86.45239118728684	43.285739443962065	40.56404818601246	51.125464708333254
ENSG00000229303	9008.465913558568	5649.810447551475	7623.184175339026	5687.034616534796	6436.841776974378	8767.614634764914
ENSG00000241219	4.637199615314049	2.180016659290944	3.9931820409832253	5.336598013639159	4.484467638654643	4.6294712137467116
ENSG00000192801	149.60009193752282	141.3047161885857	233.80080849956784	98.82588914146591	135.7570657883633	107.48424470177147
ENSG00000181140	5.443669113629536	5.747316647221579	8.984659592212257	9.684937135863658	6.115183143619968	3.421783071030178
ENSG00000122408	23.387615451149117	17.836499939653176	21.962501225407742	45.262257226791384	19.97626493582523	23.952481497211245
ENSG00000243168	7.459842859418253	3.3691166552678222	5.390795755327353	6.127205126770886	3.26143100993065	8.05125428477689
ENSG00000147906	920.3833149525494	936.8126134971174	843.5597061577064	1363.7972701522294	1354.513066311823	1681.303176018534
ENSG00000161000	44.960674531088394	43.9966998511445	66.08716277827239	72.93350618640184	67.06317514169899	90.37532934662059
ENSG00000168952	10.484103478101328	10.30553329846628	6.189432163524	12.847365588390566	15.491797297170587	15.29738314107609
ENSG00000104998	298.7969491258879	380.51199871260104	300.68660768603684	172.1546988844336	253.98393989834935	213.35823854658756
ENSG00000247178	4.032347491577434	5.15276664923314	4.991477551229032	9.88258891414659	10.395811344153946	8.05125428477689
ENSG00000148357	50.60596101929679	66.39141644204237	56.7031849819618	48.02938212275243	32.41047066118583	35.42551885301832
ENSG00000141056	0.8064694983154869	0.3963666653256261	1.7969319184424513	1.3835624479805226	3.4652704480513155	0.6038440713582667
ENSG00000150118	9.677633979785842	17.04376660900192	30.94716081762	11.463803140410045	11.822687410998604	21.53710521177818
ENSG00000177230	72.78387222297269	66.58959977470518	94.8380734733516	30.83367741213736	48.51378627271842	56.9626240647965
ENSG00000237506	78.63077608575998	65.79686644405393	78.8653453094187	57.516667480333155	37.09877773796114	74.47410213418624
ENSG00000206114	4.233964866156306	5.15276664923314	7.9863640819664505	4.150687343941568	3.4652704480513155	6.038440713582667
ENSG00000222059	5.443669113629536	9.710983300477839	3.793522938934064	8.103722909600203	5.707504267378637	8.05125428477689
ENSG00000221315	0.40323474915774343	0.7927333306512522	0.798636408196645	0.39530355656586363	1.8345549430859904	0.805125428477689
ENSG00000190773	1.2097042474732302	0.19818333266281304	0.5989773061474838	0.39530355656586363	1.0191971906033281	1.0064067855971113
ENSG00000239071	16.935859464625224	27.745666572793827	24.558069552046835	13.045017366673498	18.345549430859904	41.86652228083983
ENSG00000204859	324.2007383228257	333.74073220417716	254.36569601063144	325.33482705370574	420.72460028105377	343.78855795997316
ENSG00000128104	48.58978727350808	44.78943318179575	113.20671086187444	77.28184530862634	83.98184850571423	105.0688684163384
ENSG00000119352	130.04320660337225	96.11891634146433	74.87216326843547	122.74175431370064	99.88132467912614	57.76774949327418
ENSG00000161057	29.43613668851527	38.0511998712601	29.749206205325027	43.285739443962065	41.78708481473645	25.764013711286047
ENSG00000199413	23.387615451149117	20.01651659894412	20.76454661311277	49.80824812729881	20.180104373945895	36.431925638615425
ENSG00000236050	22.58114595283363	17.836499939653176	23.160455837702706	26.682990068195792	18.14170999273924	25.562732354166627
ENSG00000119206	633.280173552236	727.9273808705124	847.5528881986895	510.7321950830958	683.4736360185918	981.045334600064
ENSG00000114364	7.863077608575996	18.62923327030443	19.766251102866963	9.88258891414659	15.69563673529125	10.265349213090534
ENSG00000169177	481.46229049434567	438.7778985154681	370.96661160734163	252.99427620215272	373.4338506370594	265.8926727547568
ENSG00000189475	1.2097042474732302	1.1890999959768782	2.795227428688258	1.5812142262634545	2.446073257447987	1.8115322140748
ENSG00000135919	2.621025869525332	3.765483320593448	1.9965910204916126	1.5812142262634545	5.0959859530166405	2.214094928313645
ENSG00000238614	23.387615451149117	32.105699891375714	45.92159347130709	16.009794040917477	18.54938886898057	22.744793354494714
ENSG00000129129	0.40323474915774343	1.1890999959768782	1.59727281639329	0.9882588914146591	1.2230366287239935	2.6166576425524894
ENSG00000203791	351.2174665163945	827.4154138672445	345.80956474914734	625.963181822045	829.4226737129884	846.7906694014093
ENSG00000204003	58.06580387871505	39.24029986723699	42.92670694056967	42.49513233083034	48.309946834597746	35.82808156725716
ENSG00000179932	54.235073761716485	72.33691642192677	106.2186422901538	90.12921089701689	88.87399502061021	86.55098356135156
ENSG00000241466	15.524537842573121	11.890999959768783	7.786704979917289	7.313115796468477	12.230366287239937	8.655098356135156
ENSG00000106772	56.04963013292633	73.12964975257802	48.71682089999535	69.77107773387493	104.97731063214279	72.66256992011144
ENSG00000106543	9.47601660520697	5.945499979884391	6.788409469671484	4.743642678790363	6.319022581740634	6.23972207070209
ENSG00000189527	299.4018012496245	299.6531989861733	264.54831021513866	735.6599187690722	590.3190127974476	585.3261865032799
ENSG00000185539	561.3027708275788	279.83486571989204	356.7908153618512	293.90819430671957	625.1755567160814	337.3475545321517
ENSG00000138669	10.484103478101328	10.503716631129091	6.588750367622321	12.847365588390566	9.172774715429952	6.441003427821512
ENSG00000110865	5.040434364471793	2.774566657279383	3.5938638368849025	5.7319015702050224	4.892146514895974	6.441003427821512
ENSG00000209105	2.621025869525332	3.1709333226050087	1.59727281639329	1.1859106696975907	1.4268760668446592	3.220501713910756
ENSG00000190089	1.6129389966309737	1.1890999959768782	1.7969319184424513	2.5694731176781134	1.4268760668446592	2.214094928313645
ENSG00000177219	371.1775865997028	258.62924912497107	453.6254798556944	689.2117508725833	339.1888250327876	638.4644647828073
ENSG00000103462	198.1898792110309	119.70273292833909	115.20330188236605	218.2075632243567	113.74240647133142	168.47249590895643
ENSG00000111624	842.5590083651048	962.9728134086087	684.631060926574	423.56776086032284	1027.146928690034	732.2615772004581
ENSG00000204894	70.5660811026051	153.1957161483545	87.05136849343431	73.32880974296769	125.76893332045069	70.44847499179778
ENSG00000195960	220.3677904147068	284.98763236912515	126.58387069916824	167.41105620564323	67.87853289418165	122.78162784284757
ENSG00000123023	197.98826183645204	80.85879972642773	166.71535021104964	107.32491560763197	144.7260010656726	247.77735061400878
ENSG00000116361	19.9601200833083	16.251033278350672	7.587045877868128	20.160481384859043	15.287957859049921	19.323010283464534
ENSG00000216803	39.517005417458854	43.79851651848169	93.44045975900748	50.79650701871347	73.58603716156028	40.45755278100387
ENSG00000158211	190.52841897703377	312.73329894191903	284.7138795221039	312.882765021881	278.24083303470854	226.44152675935004
ENSG00000114800	35.081423176723675	58.66226646819267	47.119548083602055	44.66930189194259	29.76055796561718	71.25360042027548
ENSG00000152733	7.05660811026051	2.180016659290944	3.5938638368849025	3.9530355656586362	9.172774715429952	5.635877999343823
ENSG00000237267	8.871164481470355	3.9636666532562614	4.392500245081548	8.103722909600203	3.057591571809984	7.447410213418623
ENSG00000228950	14111.603281524389	9678.679417253801	8156.872955116434	11047.943798902756	12802.543590044645	6421.4791361809275
ENSG00000178137	6.854990735681638	10.30553329846628	5.7901139594256765	8.301374687883136	3.4652704480513155	4.830752570866133
ENSG00000176730	8.871164481470355	19.818333266281307	7.187727673769805	9.88258891414659	14.064921230325927	4.830752570866133
ENSG00000237138	52.62213476508552	37.456649873271665	39.13318400163561	28.066552516176316	60.13263424559636	56.76134270767707
ENSG00000124531	37.50083167167014	42.80759985516762	27.153637878685934	22.136999167688362	42.19476369097778	19.9268543548228
ENSG00000206759	442.1469024514656	291.32949901433517	328.8385410749686	362.09805781433107	248.8879539453327	287.8323406807738
ENSG00000249965	16.129389966309738	8.52188330450096	22.761137633604385	21.148740276273703	23.849214260117876	9.460223784612845
ENSG00000223764	279.4416811663162	170.0412994246936	120.99341584179173	119.38167408289081	110.8886543376421	92.99198698917309
ENSG00000172272	52.42051739050664	27.94384990545664	28.551251593030063	41.50687343941568	25.887608641324533	39.8537087096456
ENSG00000145658	48.38816989892921	33.69116655267822	39.931820409832255	51.587114131845205	37.09877773796114	36.63320699573485
ENSG00000188870	23.387615451149117	36.465733209957605	44.72363885901213	27.07829362476166	19.364746621463233	26.77042049688316
ENSG00000128606	8.669547106891482	5.15276664923314	4.592159347130709	4.150687343941568	5.0959859530166405	13.284569569881867
ENSG00000213910	14.919685718836506	15.656483280362233	17.969319184424513	6.522508683336749	8.561256401067956	10.064067855971112
ENSG00000136598	2.8226432441042038	6.7382333105356444	5.390795755327353	4.150687343941568	3.669109886171981	3.220501713910756
ENSG00000192808	26.613493444411066	21.99834992557225	15.174091755736256	13.045017366673498	21.606980440790554	21.7383865688976
ENSG00000211990	64.31594249066008	41.816683191853556	72.47625404384553	63.643872607104036	37.50645661420247	46.294712137467116
ENSG00000143514	104.03456528269781	68.96779976665894	55.704889471715994	70.95698840357252	67.26701457981966	60.18312577870725
ENSG00000245076	7.863077608575996	2.9727499899421956	4.392500245081548	2.964776674243977	3.057591571809984	5.032033927985556
ENSG00000122282	4.233964866156306	8.918249969826588	7.187727673769805	11.266151362127111	7.542059210464627	6.23972207070209
ENSG00000198258	12.701894598468918	20.412883264269745	20.76454661311277	20.358133163141975	13.249563477843264	19.121728926345114
ENSG00000131229	467.3490742738246	189.8596326909749	585.2008281060916	544.3329973911942	365.89179142659475	584.7223424319217
ENSG00000187709	60.88844712281926	77.4896830711599	32.34477453196413	36.76323076062532	52.998253911373055	59.57928170734898
ENSG00000220270	80.04209770781208	67.38233310535644	80.06329992171366	97.83763025005123	134.94170803588062	69.44206820620067
ENSG00000212009	486.0994901096597	278.44758239125235	385.7413851589796	271.7711951390312	438.6624708356724	271.72983211122
ENSG00000223946	106.25235640306538	88.19158303495182	80.26295902376283	112.06855828642233	75.62443154276694	120.16497020029507
ENSG00000169935	15.726155217151993	15.061933282373792	5.7901139594256765	14.428579814654022	8.561256401067956	22.54351199737529
ENSG00000200068	852.6398770940484	1238.051279144593	1370.0607582613445	760.7616946110045	811.4848031583698	804.5215844063307
ENSG00000137677	26.21025869525332	15.656483280362233	33.34307004220993	26.880641846478724	55.44432716882105	20.731979783300492
ENSG00000239043	409.2832703951095	217.40711593110592	318.2566086663631	432.46209088305477	626.1947539066847	314.8040425347764
ENSG00000189831	77.01783708912899	72.33691642192677	139.1623941282654	79.25836309145566	48.71762571083908	87.55739034694868
ENSG00000155225	192.94782747198022	80.4624330611021	193.6693289876864	235.79857149153764	130.66107983534664	126.0021295567583
ENSG00000177757	503.23696694886377	259.62016578828514	264.7479693171878	393.1293870047514	319.2125600969623	634.6401189975383
ENSG00000172834	6.250138611945023	16.647399943676294	18.767955592621156	14.033276258088158	18.957067745221902	21.939667926017023
ENSG00000228802	2.8226432441042038	0.9909166633140654	1.59727281639329	4.545990900507432	1.8345549430859904	3.8243457852690224
ENSG00000103263	59.47712550076715	120.89183292431596	55.505230369666826	56.72606036720143	58.705758178751694	52.5344342081692
ENSG00000213020	51.00919576845454	26.754749909479763	27.35329698073509	37.9491414303229	37.71029605232314	26.569139139763735
ENSG00000138577	31.250693059725116	11.69281662710597	30.74750171557083	18.183963602029728	19.772425497704564	32.6075798533464
ENSG00000110341	34.87980580214481	29.331133234096335	35.5393201647507	48.81998923588415	41.78708481473645	34.21783071030178
ENSG00000215989	1.2097042474732302	1.7836499939653174	0.798636408196645	0.5929553348487954	1.630715504965325	4.6294712137467116
ENSG00000185285	51.815665266770026	36.66391654262041	25.55636506229264	29.252463185873907	39.748690433529795	37.23705106709312
ENSG00000105695	10.6857208526802	18.431049937641614	18.168978286473678	18.77691893687852	25.4799297650832	23.952481497211245
ENSG00000158101	43.54935290903629	60.842283127483604	65.08886726802658	58.307274593464875	68.49005120854365	55.55365456496054
ENSG00000156444	22.17791120367589	22.394716590897875	13.377159837293805	39.53035565658636	23.441535383876545	22.140949283136447
ENSG00000150274	26.613493444411066	11.890999959768783	11.380568816802192	11.463803140410045	20.383943812066562	27.374264568241426
ENSG00000226764	97.78442667075278	230.09084922152596	83.05818645245108	166.22514553594564	146.15287713251723	258.04269982709934
ENSG00000111165	300.40988812251885	285.185815701788	263.74967380694204	357.1567633572577	125.97277275857134	392.49864638287335
ENSG00000144415	30.040988812251882	20.214699931606933	24.957387756145156	46.448167896488975	53.813611663855724	20.128135711942225
ENSG00000218311	7.459842859418253	8.125516639175336	9.982955102458064	7.9060711313172725	7.745898648585293	13.888413641240135
ENSG00000195360	10.6857208526802	10.107349965803467	9.58363689835974	8.301374687883136	9.988132467912616	9.258942427493423
ENSG00000163774	572.5933438039956	334.92983220015407	331.6337685036568	540.9729171603843	444.98149341741305	457.9150874466856
ENSG00000155864	1.6129389966309737	1.5854666613025044	1.1979546122949676	1.1859106696975907	0.8153577524826625	2.214094928313645
ENSG00000130107	31.452310434303985	28.53839990344508	24.957387756145156	33.00784697324961	27.11064527004853	30.796047639271606
ENSG00000175471	43.952587658194034	41.22213319386512	61.69466253319084	59.493185263162474	76.03211041900826	59.98184442158783
ENSG00000167597	79.8404803332332	73.72419975056646	95.43705077949909	82.81609510054842	110.68481489952143	58.57287492175187
ENSG00000186710	0.40323474915774343	0.3963666653256261	0.798636408196645	0.19765177828293182	0.40767887624133126	0.20128135711942224
ENSG00000141078	50.60596101929679	44.19488318380731	44.12466155286464	64.82978327680162	52.38673559701106	41.06139685236214
ENSG00000246222	0.0	0.3963666653256261	0.5989773061474838	0.0	0.40767887624133126	0.6038440713582667
ENSG00000108365	8.26631235773374	7.530966641186896	7.587045877868128	15.812142262634545	8.561256401067956	13.083288212762445
ENSG00000148659	5.6452864882084075	1.7836499939653174	3.5938638368849025	2.5694731176781134	4.280628200533978	6.441003427821512
ENSG00000171211	0.6048521237366151	0.19818333266281304	0.19965910204916126	0.0	0.6115183143619968	0.4025627142388445
ENSG00000127241	724.0079921127283	958.0182300920384	1061.5874455953904	869.272520888334	863.4638598791396	1153.1408949371698
ENSG00000186017	7.863077608575996	13.674649953734102	14.37545534753961	14.823883371219884	16.30715504965325	8.85637971325458
ENSG00000112153	0.8064694983154869	1.9818333266281307	0.3993182040983225	0.7906071131317273	1.0191971906033281	1.2076881427165334
ENSG00000214343	2.4194084949464605	1.3872833286396915	3.19454563278658	2.17416956111225	2.649912695568653	1.610250856955378
ENSG00000167279	17.74232896294071	11.098266629117532	10.981250612703871	15.614490484351613	22.014659317031885	12.076881427165334
ENSG00000202230	97.5828092961739	51.329483159668584	95.03773257540077	50.598855240430545	73.9937160378016	72.86385127723085
ENSG00000192846	21.3714417053604	18.431049937641614	24.757728654096	19.172222493444387	13.861081792205262	28.9845154251968
ENSG00000197517	1.6129389966309737	1.9818333266281307	2.795227428688258	1.7788660045463862	2.8537521336893183	3.0192203567913336
ENSG00000114674	366.54038698438876	261.9983657802389	396.3233175675851	595.9201115230394	243.38428911607474	356.06672074425796
ENSG00000215597	36.89597954793352	16.84558327633911	52.90966204302774	22.136999167688362	19.364746621463233	45.892149423228275
ENSG00000115104	743.5648774468789	716.630930908732	301.88456229833184	279.08431093549973	243.79196799231607	396.121710811023
ENSG00000193320	393.55711517795754	441.94883183807315	465.2057077745457	383.2467980906047	287.82128662637984	524.7404980103338
ENSG00000105482	35.081423176723675	14.26919995172254	40.131479511881416	27.47359718132752	25.683769203203866	66.62412920652876
ENSG00000161070	433.07412059541645	363.27004877093634	338.8214961774267	422.5795019689082	467.6076710488069	437.78695173474335
ENSG00000176997	24.194084949464607	25.16928324817726	14.17579624549045	30.438373855571495	26.29528751756586	9.460223784612845
ENSG00000235110	182.46372399387892	228.10901589489782	188.0788741303099	239.9492588354792	128.21500657789866	213.15695718946816
ENSG00000191266	0.8064694983154869	1.5854666613025044	0.5989773061474838	0.7906071131317273	0.6115183143619968	1.8115322140748
ENSG00000138412	0.6048521237366151	0.9909166633140654	0.798636408196645	0.9882588914146591	0.6115183143619968	0.805125428477689
ENSG00000139037	2.4194084949464605	1.1890999959768782	1.9965910204916126	1.9765177828293181	2.2422338193273217	2.214094928313645
ENSG00000242223	75.60651546707689	81.05698305909054	67.0854582885182	46.84347145305484	53.40593278761439	87.55739034694868
ENSG00000191172	35.081423176723675	47.16763317374951	37.33625208319316	44.07634655709379	44.640836948425765	40.86011549524272
ENSG00000139868	3.6291127424196907	8.720066637163775	7.9863640819664505	6.522508683336749	2.649912695568653	8.252535641896312
ENSG00000181959	11.693807725574558	7.332783308524084	5.191136653278193	8.301374687883136	7.949738086705959	12.47944414140418
ENSG00000221653	8.871164481470355	6.7382333105356444	6.988068571720644	7.313115796468477	11.007329658515943	8.05125428477689
ENSG00000225933	29.839371437673012	40.23121653055105	21.762842123358578	32.41489163840081	32.81814953742716	23.952481497211245
ENSG00000198543	244.96511011332913	201.35426598541807	205.44921600858694	290.3504622976268	115.5769614144174	220.8056487600062
ENSG00000191755	130.64805872710886	263.7820157742042	121.99171135203753	171.95704710615067	93.96998097362685	122.78162784284757
ENSG00000222371	23.387615451149117	25.565649913502885	12.57852342909716	12.452062031824703	19.97626493582523	20.53069842618107
ENSG00000202770	15.927772591730864	34.285716550666656	26.75431967458761	29.252463185873907	44.23315807218444	13.083288212762445
ENSG00000238195	81.05018458070643	79.27333306512523	103.22375575941638	65.8180421682163	55.24048773070038	83.93432591879908
ENSG00000211346	2.621025869525332	1.5854666613025044	3.19454563278658	2.17416956111225	2.2422338193273217	7.044847499179779
ENSG00000105234	26.815110818989936	35.47481654664354	37.33625208319316	21.7416956111225	15.899476173411918	33.815267996062936
ENSG00000199143	102.82486103522457	65.79686644405393	74.07352686023883	141.7163250288621	68.49005120854365	146.5328279829394
ENSG00000173005	81.65503670444303	127.8282495675144	74.273185962288	50.00589990558175	65.63629907485432	65.01387834957337
ENSG00000121738	10.887338227259072	14.665566617048167	7.187727673769805	10.475544248995385	11.415008534757273	11.473037355807069
ENSG00000148607	4.435582240735178	8.918249969826588	4.79181844917987	3.9530355656586362	5.0959859530166405	7.2461288562992
ENSG00000150096	2.217791120367589	4.161849985919074	4.192841143032387	2.5694731176781134	4.892146514895974	2.214094928313645
ENSG00000198962	766.5492581488703	418.761381916524	506.335482796673	466.2605449694361	422.76299466226044	450.26639587614756
ENSG00000112691	40.12185754119547	22.7910832562235	26.75431967458761	30.83367741213736	16.510994487773914	35.82808156725716
ENSG00000208609	2.016173745788717	1.7836499939653174	2.196250122540774	2.17416956111225	1.0191971906033281	2.6166576425524894
ENSG00000106666	0.8064694983154869	0.19818333266281304	0.5989773061474838	1.3835624479805226	0.40767887624133126	0.4025627142388445
ENSG00000104294	28.42804981562091	44.987616514458566	24.558069552046835	23.32290983738595	19.364746621463233	49.51521385137787
ENSG00000157885	769.3719013929745	900.1486969544968	385.9410442610287	354.78494201786253	603.1608973990495	683.9540514917968
ENSG00000158328	11.088955601837945	17.04376660900192	14.17579624549045	15.021535149502817	25.887608641324533	16.706352640912044
ENSG00000111949	5.846903862787279	3.9636666532562614	3.394204734835742	3.9530355656586362	9.580453591671283	3.421783071030178
ENSG00000187007	135.08364096784405	134.36829954538723	198.4611474368663	205.36019763596613	121.69214455803737	70.85103770603664
ENSG00000223696	10.080868728943585	13.476466621071289	16.77136457212955	9.289633579297794	18.753228307101235	10.265349213090534
ENSG00000210999	21.774676454518143	34.08753321800384	21.563183021309413	11.068499583844181	21.40314100266989	23.952481497211245
ENSG00000242521	43.75097028361516	47.16763317374951	59.498412410650054	42.09982877426447	25.887608641324533	50.32033927985556
ENSG00000220726	11.895425100153432	8.720066637163775	14.774773551637933	9.88258891414659	7.542059210464627	9.258942427493423
ENSG00000240469	93.95369655375421	115.3426996097572	167.31432751719714	110.68499583844181	103.7542740034188	130.4303194133856
ENSG00000129893	142.94671857642004	130.8009995574566	127.58216620941404	117.20750452177856	122.09982343427869	94.80351920324787
ENSG00000207940	15.726155217151993	10.701899963791904	13.776478041392128	21.544043832839566	18.14170999273924	22.744793354494714
ENSG00000207899	12.298659849311173	12.485549957757224	4.991477551229032	6.522508683336749	12.434205725360602	3.421783071030178
ENSG00000221915	42.33964866156306	74.51693308121772	26.95397877663677	30.043070299005635	67.47085401794031	72.46128856299201
ENSG00000211476	0.20161737457887172	0.19818333266281304	0.19965910204916126	0.0	0.40767887624133126	0.4025627142388445
ENSG00000224706	14.718068344257635	7.927333306512523	7.786704979917289	24.904124063649405	11.61884797287794	8.85637971325458
ENSG00000236829	9.47601660520697	4.756399983907513	7.587045877868128	18.38161538031266	5.299825391137306	6.843566142060356
ENSG00000191185	146.37421394426084	166.87036610208858	95.63670988154824	103.7671835985392	109.46177827079744	101.24452263106939
ENSG00000175646	2.621025869525332	3.1709333226050087	2.9948865307374186	3.5577320090927724	1.630715504965325	3.220501713910756
ENSG00000244896	372.7905255963338	184.70686604174176	395.12536295529014	173.3406095541312	143.5029644369486	345.1975274598092
ENSG00000110732	15.927772591730864	24.178366584863195	22.361819429506063	26.682990068195792	19.97626493582523	16.907633998031468
ENSG00000129746	78.4291587111811	61.040466460146426	58.10079869630593	55.540149697503836	62.782546941165	53.94340370800516
ENSG00000218840	478.0347951265048	427.48144855368776	217.22910302948748	435.2292157790158	293.3249514556378	324.46554767650866
ENSG00000227651	49.79949152098131	39.636666532562614	32.94375183811161	20.75343671970784	47.90226795835642	46.69727485170596
ENSG00000223887	5.846903862787279	5.747316647221579	4.592159347130709	7.510767574751409	11.822687410998604	12.47944414140418
ENSG00000216958	43.54935290903629	93.74071634951058	49.71511641024115	62.85326549397231	32.41047066118583	34.82167478166005
ENSG00000213563	34.87980580214481	47.762183171737945	31.146819919669156	51.191810575279334	15.491797297170587	17.511478069389735
ENSG00000176706	471.17980439082316	1301.866312262019	2647.8790113759765	1807.5255123974114	1091.5601911361643	1351.80559441404
ENSG00000135908	25.202171822358963	21.40379992758381	21.762842123358578	18.579267158595588	30.575915718099843	17.31019671227031
ENSG00000125452	160.68904753936076	260.01653245361075	176.69830531350772	151.20361038644282	117.00383748126207	207.9236419043632
ENSG00000191300	472.79274338745415	288.1585656917302	415.0912731602063	389.3740032173756	406.25200017448657	327.68604939041944
ENSG00000223539	164.7213950309382	191.24691601961462	180.09251004834346	174.13121666726292	329.4045320029956	170.48530948015062
ENSG00000167072	9.274399230628099	13.476466621071289	4.79181844917987	15.021535149502817	6.319022581740634	17.10891535515089
ENSG00000209897	2.016173745788717	2.774566657279383	2.196250122540774	1.9765177828293181	1.630715504965325	5.635877999343823
ENSG00000207367	345.5721800281861	249.11644915715604	261.7530827864504	245.28585684911837	165.3137843158598	260.45807611253235
ENSG00000142827	717.1530013770467	1055.3262464294796	1296.186890503155	738.0317401084674	880.3825332431547	603.2402272869085
ENSG00000142253	81.85665407902191	144.87201617651633	106.81761959630127	96.05876424550486	120.46910792931337	55.55365456496054
ENSG00000129710	282.46594178499925	208.29068262861654	393.9274083429952	450.6460544850845	308.8167487528084	334.5296155324798
ENSG00000123396	27.419962942726553	27.349299907468204	48.51716179794619	46.6458196747719	34.65270448051316	65.01387834957337
ENSG00000140118	143.7531880747355	159.5375827935645	193.07035168153894	177.0959933415069	56.25968492130371	119.96368884317566
ENSG00000105105	394.96843680000967	501.00746497159145	444.6408202634821	384.23505698201944	214.6429283410609	521.9225590106619
ENSG00000243624	17.94394633751958	30.91659989539884	23.559774041801028	27.07829362476166	41.99092425285711	26.16657642552489
ENSG00000162033	467.7523090229824	396.1684819929633	775.4759523589423	141.1233696940133	279.8715485396739	242.3427539717844
ENSG00000205205	31.65392780888286	23.781999919537565	38.733865797537284	41.309221661132746	29.14903965125518	15.29738314107609
ENSG00000176551	2.217791120367589	3.1709333226050087	3.793522938934064	8.499026466166066	6.5228620198613	7.044847499179779
ENSG00000168686	57.259334380399565	61.040466460146426	46.12125257335625	75.30532752579703	35.060383356754485	53.74212235088574
ENSG00000117609	21.774676454518143	27.745666572793827	19.566592000817806	23.520561615668885	25.4799297650832	25.361450997047204
ENSG00000103826	51.61404789219116	88.58794970027745	147.74773551637932	118.98637052632495	67.47085401794031	94.19967513188962
ENSG00000132582	123.9946853660061	62.03138312346049	77.46773159507457	82.42079154398257	69.30540896102632	106.67911927329378
ENSG00000128489	20.363354832466044	14.863749949710979	22.1621603274569	25.299427620215273	20.180104373945895	19.72557299770338
ENSG00000215529	103.22809578438232	59.25681646618111	83.4575046565494	67.99221172932853	87.44711895376554	72.66256992011144
ENSG00000156114	34.47657105298706	20.214699931606933	13.177500735244642	20.160481384859043	13.453402915963931	12.076881427165334
ENSG00000243059	107.46206065053862	262.3947324455645	157.53103151678823	165.82984197937978	153.28725746674053	240.32994040059015
ENSG00000224338	6.854990735681638	4.756399983907513	10.382273306556385	4.3483391222245	11.61884797287794	5.233315285104979
ENSG00000101727	3.2258779932619475	2.57638332461657	2.196250122540774	2.3718213393951815	4.076788762413313	2.4153762854330667
ENSG00000124677	273.7963946781078	130.20644955946818	202.65398857989868	129.06661121875445	205.0624747493896	189.40575704937632
ENSG00000173235	1.4113216220521019	0.0	0.3993182040983225	0.0	1.2230366287239935	0.6038440713582667
ENSG00000207790	27.621580317305426	12.881916623082848	20.964205715161935	21.93934738940543	16.714833925894578	19.9268543548228
ENSG00000110595	21.16982433078153	19.223783268292866	26.75431967458761	20.555784941424907	14.064921230325927	11.87560007004591
ENSG00000127876	120.56718999816529	110.38811629318687	148.74603102662513	123.73001320511531	157.36404622915384	151.36358055380552
ENSG00000228670	8.669547106891482	24.772916582851632	17.76966008237535	14.033276258088158	21.810819878911218	19.121728926345114
ENSG00000210537	15.927772591730864	18.232866604978803	11.580227918851353	24.508820507083545	13.861081792205262	24.757606925688936
ENSG00000183098	2.217791120367589	0.5945499979884391	0.19965910204916126	0.19765177828293182	1.4268760668446592	0.805125428477689
ENSG00000244612	248.39260548116994	351.973598809156	147.14875821023185	124.9159238748129	183.25165487047838	195.84676047719785
ENSG00000170409	3.427495367840819	4.558216651244701	3.793522938934064	2.17416956111225	4.688307076775309	3.8243457852690224
ENSG00000159829	27.21834556814768	50.73493316168014	27.952274286882577	27.07829362476166	30.16823684185851	43.678054494914626
ENSG00000246860	2.4194084949464605	3.765483320593448	6.38909126557316	6.720160461619681	7.542059210464627	2.6166576425524894
ENSG00000203117	360.2902483724437	212.4525326145356	206.64717062088192	121.35819186572013	336.3350728990983	111.50987184415993
ENSG00000235703	3.427495367840819	3.567299987930635	2.395909224589935	4.743642678790363	6.115183143619968	3.8243457852690224
ENSG00000182011	0.8064694983154869	1.3872833286396915	0.798636408196645	2.17416956111225	1.0191971906033281	1.610250856955378
ENSG00000102262	282.46594178499925	436.79606518884	254.76501421472977	459.9356880643823	494.71831631885544	607.8696985006551
ENSG00000126425	12.097042474732303	8.918249969826588	8.984659592212257	9.091981801014864	6.115183143619968	8.655098356135156
ENSG00000138837	47.58170040061373	33.69116655267822	43.725343348766316	52.97067657982572	53.20209334949373	48.50880706578076
ENSG00000102941	72.58225484839382	63.815033117425806	114.60432457621856	64.82978327680162	75.01291322840494	83.1292004903214
ENSG00000175998	1.4113216220521019	2.3781999919537564	1.1979546122949676	2.17416956111225	0.6115183143619968	1.4089694998359557
ENSG00000124976	242.54570161838265	176.97771606789206	186.0822831098183	157.92377084806253	208.5277451974409	141.098231340715
ENSG00000112167	2.4194084949464605	3.9636666532562614	2.196250122540774	3.3600802308098405	2.2422338193273217	4.226908499507867
ENSG00000113187	12.298659849311173	31.312966560724465	52.71000294097857	33.996105864664266	32.6143100993065	26.16657642552489
ENSG00000139622	44.35582240735178	54.50041648227359	47.9181844917987	83.40905043539722	67.87853289418165	43.27549178067578
ENSG00000114748	31.452310434303985	24.971099915514447	17.370341878277028	22.92760628082009	16.103315611532583	21.53710521177818
ENSG00000230131	3.830730116998562	3.567299987930635	3.793522938934064	6.127205126770886	6.115183143619968	2.214094928313645
ENSG00000148964	197.18179233813652	123.27003291626973	277.12683364423583	149.8200479384623	403.6020874789179	271.93111346833945
ENSG00000102749	2.621025869525332	2.57638332461657	2.9948865307374186	4.941294457073295	7.949738086705959	6.23972207070209
ENSG00000129381	1.2097042474732302	1.3872833286396915	0.9982955102458063	2.17416956111225	4.892146514895974	3.0192203567913336
ENSG00000196241	391.5409414321689	294.5004323369402	267.1438785417777	292.1293283021732	419.0938847760885	239.52481497211247
ENSG00000228609	446.5824846922008	393.59209866834675	306.27706254341336	184.6067609162583	195.88970003395966	424.30110080774205
ENSG00000136165	0.6048521237366151	0.3963666653256261	1.397613714344129	0.19765177828293182	0.8153577524826625	1.0064067855971113
ENSG00000174965	14.919685718836506	11.494633294443158	12.57852342909716	15.021535149502817	19.772425497704564	15.096101783956668
ENSG00000100058	17.137476839204094	25.16928324817726	15.77306906188374	26.682990068195792	48.309946834597746	39.45114599540676
ENSG00000148732	0.0	0.0	0.19965910204916126	0.0	0.20383943812066563	0.20128135711942224
ENSG00000120053	9.274399230628099	9.710983300477839	6.189432163524	3.7553837873757043	12.638045163481268	7.447410213418623
ENSG00000160582	179.4394633751958	251.89101581443538	217.42876213153662	168.59696687534083	264.1759118043826	184.97756719274904
ENSG00000107096	3.2258779932619475	3.1709333226050087	4.192841143032387	1.9765177828293181	5.503664829257971	2.6166576425524894
ENSG00000214205	418.1544348765799	217.60529926376873	386.34036246512704	463.691071851758	484.7301838509428	431.3459483069219
ENSG00000217355	1831.2906132998917	701.7671809590211	1127.4749492716137	1416.3726431754894	1336.3713563190836	1531.1472836074452
ENSG00000131095	26.21025869525332	21.007433262258182	39.13318400163561	24.904124063649405	14.472600106567258	31.39989171062987
ENSG00000181517	5.6452864882084075	7.927333306512523	7.786704979917289	6.720160461619681	5.299825391137306	11.271755998687645
ENSG00000121685	19.758502708729427	44.19488318380731	29.349888001226706	46.25051611820604	27.518324146289856	63.20234613549858
ENSG00000187509	1.6129389966309737	1.5854666613025044	1.59727281639329	2.3718213393951815	2.0383943812066563	2.0128135711942226
ENSG00000108291	293.3532800122583	340.0825988493872	816.8053864831187	266.82990068195795	405.64048186012457	450.6689585903864
ENSG00000159531	59.8803602499249	122.08093292029285	135.76818939342965	90.91981801014863	46.271552453391095	45.28830535187001
ENSG00000213516	1.6129389966309737	0.19818333266281304	2.196250122540774	2.5694731176781134	1.630715504965325	1.8115322140748
ENSG00000169653	7.05660811026051	5.747316647221579	4.79181844917987	5.336598013639159	8.153577524826625	6.23972207070209
ENSG00000177640	8.871164481470355	18.034683272315988	9.982955102458064	16.009794040917477	8.357416962947289	9.258942427493423
ENSG00000175577	165.9310992784114	163.30306611415796	291.9016071958738	303.00017610773443	165.10994487773917	133.0469770559381
ENSG00000144469	246.17481436080237	210.47069928790745	170.70853225203288	152.9824763909892	147.9874320756032	143.51360762614806
ENSG00000108792	5.040434364471793	13.476466621071289	6.38909126557316	5.336598013639159	9.988132467912616	9.258942427493423
ENSG00000172513	18.548798461256197	34.08753321800384	46.72022987950374	47.04112323133777	25.07225088884187	37.03576970997369
ENSG00000185422	10.484103478101328	12.28736662509441	8.585341388113935	10.87084780556125	11.822687410998604	13.888413641240135
ENSG00000192544	130.2448239779511	81.65153305707898	125.38591608687327	70.95698840357252	112.72320928072808	94.80351920324787
ENSG00000228095	19.355267959571684	15.854666613025046	10.981250612703871	30.438373855571495	16.510994487773914	19.524291640583957
ENSG00000160234	1888.3483303057124	2058.7284597013017	1969.0380644088284	1084.5153074384468	2493.160167653861	1679.0890810902204
ENSG00000160332	70.76769847718397	40.23121653055105	85.0547774729427	116.61454918692975	75.21675266652562	42.87292906643693
ENSG00000157980	9.47601660520697	17.836499939653176	21.762842123358578	18.97457071516145	21.40314100266989	11.87560007004591
ENSG00000133758	2.4194084949464605	4.954583316570327	5.191136653278193	3.5577320090927724	3.4652704480513155	5.635877999343823
ENSG00000160085	0.8064694983154869	0.9909166633140654	1.59727281639329	2.7671248959610453	2.446073257447987	3.0192203567913336
ENSG00000162641	138.51113633568485	147.64658283379575	131.17603004629893	142.90223569855968	108.23874164207344	159.81739755282126
ENSG00000192585	136.49496258989615	108.20809963389593	216.63012572333997	157.52846729149664	129.845722082864	212.95567583234873
ENSG00000170096	508.6806360624933	664.5087144184122	817.0050455851679	660.1569394649922	719.9608954421909	382.83714124114107
ENSG00000119800	5.040434364471793	3.1709333226050087	1.59727281639329	5.5342497919220905	3.4652704480513155	3.8243457852690224
ENSG00000192704	83.26797570107401	85.81338304299805	145.9508035979369	109.49908516874422	98.65828805040215	191.8211333348094
ENSG00000182168	2.4194084949464605	6.7382333105356444	2.196250122540774	1.9765177828293181	2.446073257447987	0.805125428477689
ENSG00000174137	294.56298425973154	128.62098289816566	128.18114351556153	122.74175431370064	260.71064135633134	124.19059734268353
ENSG00000120363	55.848012758347465	112.76631628514063	134.37057567908553	72.53820262983596	104.77347119402212	57.16390542191592
ENSG00000122470	44.960674531088394	42.60941652250481	47.9181844917987	64.82978327680162	27.518324146289856	48.71008842290018
ENSG00000194861	16.331007340888608	15.45829994769942	16.172387265982064	9.88258891414659	16.103315611532583	8.05125428477689
ENSG00000127127	9.274399230628099	15.260116615036607	7.9863640819664505	7.70841935303434	7.542059210464627	11.271755998687645
ENSG00000216517	11.290572976416815	8.52188330450096	10.581932408605546	24.31116872880061	15.491797297170587	16.706352640912044
ENSG00000157470	1.0080868728943586	0.5945499979884391	0.3993182040983225	0.9882588914146591	0.6115183143619968	0.20128135711942224
ENSG00000175537	171.37476839204095	101.27168299069747	113.20671086187444	83.60670221368015	135.14554747400132	134.8585092700129
ENSG00000144764	1.2097042474732302	3.765483320593448	3.9931820409832253	3.162428452526909	3.4652704480513155	3.220501713910756
ENSG00000130967	36.089510049618035	59.25681646618111	42.327729634422184	39.72800743486929	23.23769594575588	45.69086806610885
ENSG00000172697	24.597319698622346	25.96201657882851	16.571705470080385	11.266151362127111	22.626177631393883	16.706352640912044
ENSG00000216572	113.3089645133259	146.0611161724932	87.05136849343431	148.43648549048177	138.81465736017327	218.79283518881198
ENSG00000225299	34.07333630382932	21.99834992557225	29.349888001226706	38.344444986888774	11.211169096636608	18.115322140748003
ENSG00000156891	27.621580317305426	16.449216611013483	43.12636604261883	40.320962769718086	18.345549430859904	15.096101783956668
ENSG00000235070	50.404343644717926	43.00578318783043	70.87898122745224	58.90022992831368	56.463524359424376	54.144685065124584
ENSG00000201274	166.7375687767269	231.67631588282848	123.58898416843083	238.96099994406453	251.741706079022	135.6636346984906
ENSG00000182230	6.048521237366152	7.332783308524084	13.776478041392128	18.77691893687852	17.32635224025658	12.680725498523602
ENSG00000225005	7.2582254848393815	1.7836499939653174	4.592159347130709	3.5577320090927724	5.299825391137306	2.4153762854330667
ENSG00000150779	25.202171822358963	37.25846654060886	21.163864817211092	33.205498751532545	39.95252987165046	32.20501713910756
ENSG00000216080	23.992467574885733	22.59289992356069	24.757728654096	26.682990068195792	18.753228307101235	15.29738314107609
ENSG00000102842	305.8535572361484	146.25929950515604	144.15387167949442	155.55194950866732	126.99196994917467	113.925248129593
ENSG00000146113	56.85609963124182	86.01156637566086	74.07352686023883	50.203551683864674	104.3657923177808	118.35343798622027
ENSG00000200487	52.62213476508552	37.25846654060886	53.90795755327354	40.123310991435154	62.782546941165	27.575545925360846
ENSG00000155631	514.1243051761229	203.73246597737182	208.84342074342268	294.8964531981342	376.4914422088694	343.78855795997316
ENSG00000173369	65.5256467381333	105.63171630927935	93.2408006569583	75.10767574751408	56.463524359424376	45.28830535187001
ENSG00000172342	75.40489809249802	81.65153305707898	119.99512033154592	101.59301403742694	90.91238940181687	94.40095648900903
ENSG00000166922	24.597319698622346	5.549133314558766	18.767955592621156	17.986311823746792	15.084118420929254	13.687132284120713
ENSG00000158890	652.0305893880711	1093.179262968077	744.1294733372241	467.4464556391337	415.42477488991653	823.0394692613175
ENSG00000167741	94.35693130291196	81.65153305707898	114.60432457621856	222.5559023465812	170.81744914511776	61.390813921423785
ENSG00000190476	4.637199615314049	5.15276664923314	3.394204734835742	3.5577320090927724	3.26143100993065	7.648691570538045
ENSG00000214330	10.080868728943585	1.9818333266281307	6.588750367622321	4.150687343941568	10.599650782274612	3.6230644281496
ENSG00000104424	1334.9086370867096	994.6821466346588	1038.4269897576878	1048.5426837909533	754.0020816083421	961.3197616023606
ENSG00000241089	61.49329924655587	49.942199831028894	60.89602612499419	46.448167896488975	33.63350728990983	29.185796782316224
ENSG00000108769	1031.6761057200865	885.0867636721231	1480.2725825924815	1347.9851278895949	770.7169155342367	494.9508571566593
ENSG00000233392	4110.5750329140365	4999.17456641946	3405.1859854484455	3816.2605350868475	6018.1555710745315	3158.104493203735
ENSG00000129423	42.541266036141934	33.492983220015404	38.53420669548812	57.12136392376729	60.94799199807902	28.58195271095796
ENSG00000197764	77.42107183828674	44.78943318179575	56.50352587991264	33.79845408638134	66.65549626545766	29.185796782316224
ENSG00000112103	201.0125224551351	113.95541628111751	245.7803546225175	251.61071375417217	176.93263228873775	132.040570270341
ENSG00000166202	7.459842859418253	2.180016659290944	5.7901139594256765	3.7553837873757043	6.115183143619968	3.421783071030178
ENSG00000182642	1.6129389966309737	0.9909166633140654	0.798636408196645	0.5929553348487954	0.40767887624133126	1.0064067855971113
ENSG00000144115	2262.550177524098	776.6804807055644	1062.7854002076854	1650.9853039973293	1216.9214455803738	1660.7724775923527
ENSG00000214685	7.863077608575996	9.512799967815026	7.587045877868128	6.720160461619681	4.688307076775309	12.680725498523602
ENSG00000213165	13.306746722205533	26.358383244154137	19.766251102866963	23.12525805910302	24.460732574479874	25.764013711286047
ENSG00000246457	583.8839167804124	955.0454801020961	844.9573198720504	369.41117361079955	758.0788703707555	588.3454068600712
ENSG00000131373	26.411876069832193	30.3220498974104	32.74409273606244	39.72800743486929	27.518324146289856	46.69727485170596
ENSG00000229268	253.63465722022062	173.0140494146358	205.64887511063608	198.2447336177806	209.95462126428558	302.9284424647305
ENSG00000130193	48.79140464808695	33.69116655267822	77.46773159507457	51.389462353562266	107.01570501334945	73.87025806282797
ENSG00000167746	3.2258779932619475	1.9818333266281307	2.795227428688258	1.9765177828293181	2.8537521336893183	2.0128135711942226
ENSG00000227999	2.4194084949464605	6.5400499778728305	7.9863640819664505	5.336598013639159	9.376614153550618	5.4345966422244
ENSG00000162599	20.16173745788717	54.69859981493641	35.339661062701545	48.424685679318294	34.85654391863382	47.30111892306422
ENSG00000194221	2.8226432441042038	2.57638332461657	1.59727281639329	2.5694731176781134	3.057591571809984	2.8179389996719113
ENSG00000134802	225.40822477917857	185.69778270505586	314.26342662537985	169.78287754503842	232.9884777719208	296.28615767978954
ENSG00000124391	88.3084100655458	98.29893300075528	57.50182139015844	94.47755001924139	60.33647368371702	46.294712137467116
ENSG00000229600	1.2097042474732302	1.1890999959768782	0.9982955102458063	1.1859106696975907	1.630715504965325	0.4025627142388445
ENSG00000111834	86.8970884434937	70.94963309328708	96.03602808564656	104.16248715510505	107.42338388959078	55.956217279199386
ENSG00000234543	10.080868728943585	15.061933282373792	16.37204636803122	13.835624479805226	5.299825391137306	18.92044756922569
ENSG00000242986	20.766589581623784	17.63831660699036	11.779887020900514	13.835624479805226	18.54938886898057	16.505071283792624
ENSG00000107393	105.84912165390764	154.38481614433138	110.8108016372845	215.83574188496152	96.21221479295417	167.66737048047875
ENSG00000125183	1.6129389966309737	2.3781999919537564	0.9982955102458063	0.9882588914146591	1.4268760668446592	0.20128135711942224
ENSG00000245517	4.032347491577434	5.350949981895952	5.191136653278193	3.162428452526909	7.949738086705959	2.214094928313645
ENSG00000143481	41.73479653782645	79.27333306512523	89.04795951392592	32.81019519496668	79.49738086705959	102.45221077378592
ENSG00000210720	0.8064694983154869	1.7836499939653174	0.798636408196645	2.17416956111225	2.0383943812066563	1.0064067855971113
ENSG00000180033	190.9316537261915	421.13958190847774	569.4277590442078	669.4465730442901	418.68620589984715	465.1612163029848
ENSG00000188769	0.6048521237366151	0.5945499979884391	0.19965910204916126	0.0	0.0	0.0
ENSG00000145767	450.81644955835714	315.30968226653556	300.4869485839877	202.0001174051563	196.7050577864423	358.48209702969103
ENSG00000146761	59.07389075160941	139.5210661946204	180.49182825244176	105.34839782480265	107.01570501334945	131.83928891322157
ENSG00000140960	6.048521237366152	11.494633294443158	6.189432163524	8.301374687883136	6.5228620198613	7.648691570538045
ENSG00000226075	34.27495367840819	31.907516558712903	16.77136457212955	27.275945403044588	29.76055796561718	36.230644281496005
ENSG00000116297	7.05660811026051	11.296449961780345	7.387386775818967	4.941294457073295	9.784293029791948	10.8691932844488
ENSG00000120057	1845.4038295204127	1565.4501447035602	1352.4907572810182	1032.7305415283186	1217.329124456615	897.7148527526232
ENSG00000141906	39.9202401666166	28.93476656877071	47.518866287700384	36.960882538908244	24.868411450721204	20.933261140419916
ENSG00000161167	126.21247648637369	117.52271626904815	72.67591314589471	63.643872607104036	127.60348826353668	106.8804006304132
ENSG00000176592	29.839371437673012	35.078449881317916	41.32943412417638	82.22313976569963	49.73682290144241	60.38440713582667
ENSG00000121108	2.016173745788717	3.765483320593448	1.9965910204916126	3.162428452526909	2.2422338193273217	1.4089694998359557
ENSG00000165665	0.6048521237366151	0.19818333266281304	0.3993182040983225	0.7906071131317273	0.20383943812066563	0.805125428477689
ENSG00000147164	46.37199615314049	27.94384990545664	38.733865797537284	73.72411329953356	42.602442567219114	29.387078139435648
ENSG00000177240	826.4296183987951	324.8224822343506	681.4365152937874	534.6480602553305	592.3574071786543	349.62571731643646
ENSG00000227026	83.4695930756529	98.10074966809246	122.99000686228332	87.55973777933877	71.7514822184743	111.91243455839877
ENSG00000239919	19.758502708729427	15.854666613025046	30.54784261352167	27.275945403044588	17.734031116497906	20.53069842618107
ENSG00000154086	70.36446372802622	73.52601641790365	54.70659396147018	65.62039038993336	50.75602009204574	69.6433495633201
ENSG00000187182	22.17791120367589	18.232866604978803	18.568296490572	9.487285357580726	12.434205725360602	11.070474641568223
ENSG00000110048	387.71021131517034	195.01239934020805	401.71411332291245	382.456190977473	389.537166248592	340.97061896030124
ENSG00000124614	117.13969463032446	106.028082974605	90.04625502417173	98.82588914146591	83.77800906759357	54.94981049360227
ENSG00000231017	59.07389075160941	68.17506643600768	24.957387756145156	65.8180421682163	43.01012144346044	63.40362749261801
ENSG00000201123	1706.892693184728	2321.717742144855	2030.9323860440684	1978.6919523904303	1944.016721356788	2192.5578231018667
ENSG00000222152	15.121303093415378	4.558216651244701	5.590454857376516	16.40509759748334	6.5228620198613	10.064067855971112
ENSG00000187242	6.451755986523895	3.9636666532562614	2.395909224589935	6.324856905053818	4.280628200533978	7.447410213418623
ENSG00000200119	17.94394633751958	26.952933242142578	13.177500735244642	27.868900737893384	24.664572012600537	22.34223064025587
ENSG00000198561	6.250138611945023	7.13459997586127	16.37204636803122	22.532302724254222	5.707504267378637	13.888413641240135
ENSG00000153651	10.080868728943585	9.909166633140654	12.57852342909716	10.080240692429522	13.861081792205262	7.648691570538045
ENSG00000144401	82.86474095191627	74.12056641589209	111.01046073933365	103.37188004197333	55.03664829257971	113.52268541535415
ENSG00000204569	40.525092290353214	102.85714965199998	80.06329992171366	87.16443422277293	83.5741696294729	100.4393972025917
ENSG00000200074	0.20161737457887172	0.9909166633140654	1.1979546122949676	0.0	1.2230366287239935	0.4025627142388445
ENSG00000121269	6.451755986523895	6.7382333105356444	4.79181844917987	7.313115796468477	14.676439544687923	7.447410213418623
ENSG00000229016	12.298659849311173	9.710983300477839	9.58363689835974	6.720160461619681	8.968935277309287	13.687132284120713
ENSG00000109169	1.4113216220521019	0.7927333306512522	0.3993182040983225	0.39530355656586363	0.8153577524826625	0.0
ENSG00000177321	41.936413912405314	64.40958311541425	100.02921012662979	129.2642629970374	119.65375017683071	47.09983756594481
ENSG00000175541	36.089510049618035	19.421966600955678	48.51716179794619	33.00784697324961	60.33647368371702	54.345966422244004
ENSG00000221933	67.13858573476428	107.61354963590749	58.89943510450257	61.27205126770886	77.86666536209427	152.57126869652205
ENSG00000232745	7.2582254848393815	5.747316647221579	5.989773061474837	8.499026466166066	7.134380334223296	9.258942427493423
ENSG00000206040	12.500277223890047	9.909166633140654	3.9931820409832253	10.277892470712453	4.892146514895974	5.635877999343823
ENSG00000160786	33.06524943093496	34.08753321800384	73.27489045204219	43.483391222245	26.702966393807195	41.86652228083983
ENSG00000119347	26.613493444411066	23.38563325421194	28.151933388931738	40.71626632628395	30.372076279979176	24.757606925688936
ENSG00000139406	20.16173745788717	6.7382333105356444	11.180909714753032	9.684937135863658	6.5228620198613	5.4345966422244
ENSG00000149604	82.6631235773374	48.75309983505201	73.27489045204219	98.03528202833418	69.10156952290565	109.29577691584628
ENSG00000124964	5.443669113629536	7.13459997586127	10.382273306556385	7.313115796468477	8.968935277309287	8.655098356135156
ENSG00000142925	149.39847456294396	229.2981158908747	145.55148539383856	172.7476542192824	190.793714080943	213.35823854658756
ENSG00000147205	94.15531392833309	64.40958311541425	63.691253553682444	61.66735482427472	57.27888211190703	79.90869877641063
ENSG00000119653	6.653373361102767	6.341866645210017	10.981250612703871	3.162428452526909	6.5228620198613	7.8499729276574675
ENSG00000217774	1.8145563712098454	1.9818333266281307	2.5955683266390963	1.7788660045463862	0.40767887624133126	1.4089694998359557
ENSG00000199365	51.21081314303341	39.4384831998998	46.919888981552894	30.63602563385443	48.71762571083908	99.63427177411401
ENSG00000183016	315.32957384135534	187.67961603168396	231.80421747907624	217.0216525546591	231.1539228288348	263.67857782644313
ENSG00000227203	25.000554447780093	20.01651659894412	32.145115429914966	22.92760628082009	34.245025604271824	32.20501713910756
ENSG00000224450	471.3814217654021	765.9785807417725	422.8779781401235	288.57159629308046	676.5430951224891	447.0458941622368
ENSG00000145768	153.22920467994248	123.0718495836069	121.19307494384088	230.26432169961555	160.6254772390845	90.97917341797886
ENSG00000101448	266.73978656784726	324.8224822343506	317.6576313602156	311.69685435218344	360.1842871592162	340.5680562460624
ENSG00000139535	0.20161737457887172	0.5945499979884391	0.19965910204916126	0.5929553348487954	1.4268760668446592	1.4089694998359557
ENSG00000168064	9.677633979785842	8.52188330450096	6.38909126557316	9.091981801014864	5.503664829257971	12.076881427165334
ENSG00000120381	69.75961160428962	19.02559993563005	34.34136555245574	27.07829362476166	34.448865042392484	31.80245442486871
ENSG00000192050	53.83183901255875	47.96036650440076	35.93863836884903	33.205498751532545	58.501918740631034	40.25627142388445
ENSG00000234607	19.355267959571684	18.034683272315988	23.36011493975187	30.63602563385443	11.007329658515943	27.172983211122002
ENSG00000127083	13.508364096784405	13.278283288408476	10.981250612703871	10.475544248995385	16.30715504965325	13.48585092700129
ENSG00000148593	0.20161737457887172	0.5945499979884391	0.0	0.19765177828293182	0.20383943812066563	0.0
ENSG00000142749	265.12684757121633	231.67631588282848	195.26660180407973	315.84754169612506	236.24990878185142	195.04163504872014
ENSG00000170165	199.3995834585041	89.5788663635915	205.84853421268525	147.25057482078418	225.44641856145617	72.05872584875317
ENSG00000173451	11.290572976416815	5.549133314558766	16.172387265982064	17.78866004546386	14.676439544687923	9.258942427493423
ENSG00000118947	50.60596101929679	41.42031652652793	48.117843593847866	26.287686511629932	23.441535383876545	25.361450997047204
ENSG00000231914	7.863077608575996	6.7382333105356444	6.189432163524	4.545990900507432	9.376614153550618	12.278162784284756
ENSG00000194374	134.47878884410744	173.0140494146358	350.20206499422886	253.98253509356738	234.82303271500678	108.49065148736858
ENSG00000202952	18.548798461256197	15.061933282373792	16.971023674178706	20.75343671970784	23.64537482199721	16.505071283792624
ENSG00000134158	391.5409414321689	174.5995160759383	261.1541054803029	397.87302968354174	363.44571816914674	238.51840818651536
ENSG00000169404	11.492190350995687	11.890999959768783	7.587045877868128	7.115464018185545	7.745898648585293	11.473037355807069
ENSG00000197207	4.838816989892921	4.954583316570327	2.9948865307374186	4.941294457073295	2.8537521336893183	1.4089694998359557
ENSG00000104839	0.6048521237366151	1.3872833286396915	0.5989773061474838	0.7906071131317273	0.8153577524826625	0.6038440713582667
ENSG00000219983	74.80004596876141	107.01899963791905	58.69977600245341	81.23488087428497	98.65828805040215	94.19967513188962
ENSG00000110763	8.871164481470355	7.13459997586127	7.187727673769805	6.720160461619681	4.892146514895974	10.265349213090534
ENSG00000150938	41.3315617886687	84.02973304903273	46.52057077745457	89.73390734045104	133.51483196903598	89.77148527526232
ENSG00000125013	247.9893707320122	175.39224940658954	261.3537645823521	185.00206447282417	207.71238744495827	205.50826561893012
ENSG00000240862	63.91270774150233	39.24029986723699	30.14852440942335	39.92565921315223	74.60523435216362	108.49065148736858
ENSG00000209136	555.2542495902127	405.68128196077834	403.91036344545324	497.4895259381393	602.3455396465669	463.34968408890995
ENSG00000131055	8.467929732312612	10.701899963791904	7.187727673769805	11.859106696975909	14.064921230325927	10.8691932844488
ENSG00000152384	5.040434364471793	5.945499979884391	2.795227428688258	6.324856905053818	5.911343705499302	5.032033927985556
ENSG00000197397	39.517005417458854	70.94963309328708	78.8653453094187	63.24856905053818	42.602442567219114	38.847301924048494
ENSG00000202716	19.355267959571684	19.02559993563005	12.77818253114632	18.579267158595588	21.606980440790554	23.549918782972405
ENSG00000247546	609.6909407265081	552.1387647985972	199.25978384506294	472.387750096207	879.5671754906721	869.3341813987847
ENSG00000202278	0.6048521237366151	0.3963666653256261	1.1979546122949676	0.7906071131317273	1.0191971906033281	1.0064067855971113
ENSG00000245017	1.6129389966309737	3.765483320593448	3.9931820409832253	0.9882588914146591	0.8153577524826625	4.830752570866133
ENSG00000143595	262.1025869525332	343.451715504655	542.2741211655219	283.0373465011583	406.4558396126072	402.361432881725
ENSG00000110242	5.846903862787279	7.530966641186896	8.385682286064775	5.7319015702050224	4.484467638654643	5.032033927985556
ENSG00000108166	19.9601200833083	15.656483280362233	21.363523919260256	13.835624479805226	17.937870554618573	13.284569569881867
ENSG00000209381	7.459842859418253	14.665566617048167	7.587045877868128	13.835624479805226	7.338219772343962	15.096101783956668
ENSG00000117894	24.194084949464607	12.28736662509441	21.163864817211092	21.346392054556635	35.46806223299581	15.29738314107609
ENSG00000205370	1852.4604376306731	2011.7590098602152	2404.494565978049	1340.0790567582776	2597.7297994097626	2086.482547899931
ENSG00000118525	337.30586767045236	172.41949941664734	223.01921698891314	343.5187906557355	172.85584352632443	153.1751127678803
ENSG00000213688	28.22643244104204	23.781999919537565	38.53420669548812	26.880641846478724	49.53298346332175	11.67431871292649
ENSG00000192947	680.8618739528498	1135.3923128252559	1344.3047340970027	2450.882050708354	783.7626395739593	536.4148167232603
ENSG00000202156	3.6291127424196907	6.143683312547205	2.5955683266390963	4.545990900507432	3.669109886171981	7.2461288562992
ENSG00000237954	46.57361352771937	43.9966998511445	29.349888001226706	37.356186095474115	43.621639757822436	39.45114599540676
ENSG00000107793	1564.1475919828868	1182.16357933368	1127.874267475712	2401.0738025810556	1279.2963136452972	930.3224326059697
ENSG00000125597	3.6291127424196907	0.19818333266281304	1.59727281639329	0.39530355656586363	1.630715504965325	2.0128135711942226
ENSG00000129522	2.4194084949464605	3.3691166552678222	4.991477551229032	2.7671248959610453	3.26143100993065	3.220501713910756
ENSG00000233745	7.459842859418253	4.558216651244701	1.9965910204916126	4.3483391222245	5.707504267378637	4.830752570866133
ENSG00000143512	14.516450969678763	14.467383284385354	6.788409469671484	8.301374687883136	21.810819878911218	11.473037355807069
ENSG00000248197	141.33377957978905	121.2881995896416	190.27512425285067	114.04507606925165	127.399648825416	126.0021295567583
ENSG00000187573	1094.1774918395367	347.81174882323694	507.7330965110171	988.456543192942	326.34694043118566	562.5813931487852
ENSG00000113888	222.58558153507437	264.1783824395298	211.2393299680126	265.0510346774115	338.3734672803049	371.16282252821463
ENSG00000145561	668.9664488526963	411.0322319426743	568.6291226360112	403.40727947546384	559.3354182031064	490.32138594291257
ENSG00000153796	67.13858573476428	58.464083135529854	43.725343348766316	33.00784697324961	74.40139491404295	76.28563434826103
ENSG00000135174	9.072781856049227	10.900083296454717	3.793522938934064	9.091981801014864	15.899476173411918	5.837159356463245
ENSG00000119959	4.637199615314049	9.512799967815026	3.19454563278658	2.17416956111225	5.911343705499302	3.421783071030178
ENSG00000193309	33.26686680551383	26.358383244154137	55.904548573765155	14.033276258088158	35.060383356754485	33.21142392470467
ENSG00000125317	4.032347491577434	3.3691166552678222	3.793522938934064	3.7553837873757043	5.503664829257971	4.025627142388445
ENSG00000207864	4.233964866156306	3.9636666532562614	1.9965910204916126	2.17416956111225	2.2422338193273217	1.4089694998359557
ENSG00000164384	96.57472242327955	91.36251635755681	77.66739069712372	82.42079154398257	59.72495536935502	106.8804006304132
ENSG00000196854	5.242051739050664	2.57638332461657	6.788409469671484	6.127205126770886	2.649912695568653	5.032033927985556
ENSG00000183032	13.10512934762666	11.098266629117532	13.976137143441289	13.24266914495643	10.395811344153946	17.31019671227031
ENSG00000192202	2621.630721649069	1875.0125103228743	1929.3059031010453	3351.3835525653917	1108.2750250620588	1103.6256810857922
ENSG00000223747	48.79140464808695	84.02973304903273	50.11443461433947	54.74954258437211	110.68481489952143	68.43566142060357
ENSG00000138424	43.75097028361516	42.60941652250481	59.89773061474838	78.66540775660685	104.77347119402212	88.16123441830695
ENSG00000113181	29.43613668851527	12.485549957757224	14.37545534753961	20.75343671970784	19.364746621463233	12.882006855643024
ENSG00000202066	5.242051739050664	3.765483320593448	3.793522938934064	3.9530355656586362	5.299825391137306	8.85637971325458
ENSG00000176064	101.21192203859358	97.90256633542965	109.21352882089121	61.469703045991785	149.21046870432724	85.1420140615156
ENSG00000115946	13.306746722205533	14.071016619059726	4.79181844917987	12.649713810107636	11.211169096636608	7.447410213418623
ENSG00000140428	16.331007340888608	26.160199911491322	23.559774041801028	32.217239860117886	19.772425497704564	16.3037899266732
ENSG00000135258	4.233964866156306	9.710983300477839	6.988068571720644	8.696678244449	11.007329658515943	6.038440713582667
ENSG00000194341	29.43613668851527	46.57308317576107	52.90966204302774	61.27205126770886	41.78708481473645	91.18045477509828
ENSG00000219500	43.952587658194034	44.19488318380731	26.95397877663677	93.48929112782675	41.17556650037445	72.26000720587258
ENSG00000234055	0.40323474915774343	0.19818333266281304	0.798636408196645	0.39530355656586363	0.40767887624133126	1.0064067855971113
ENSG00000136536	6.250138611945023	2.180016659290944	4.592159347130709	3.7553837873757043	3.669109886171981	2.6166576425524894
ENSG00000136781	10.080868728943585	11.296449961780345	13.576818939342967	20.95108849799077	17.734031116497906	14.693539069717824
ENSG00000137048	837.3169566260542	1777.3081273201076	1726.8515736231957	1105.2687441581545	1104.605915175887	974.2017684580037
ENSG00000231693	3.830730116998562	4.360033318581888	5.7901139594256765	3.5577320090927724	3.4652704480513155	2.0128135711942226
ENSG00000135725	52.823752139664386	54.10404981694796	53.90795755327354	51.389462353562266	39.54485099540913	57.365186779035334
ENSG00000193609	329.8460248110341	268.73659909077446	227.61137633604383	222.75355412486414	213.01221283609556	184.17244176427135
ENSG00000242698	281.25623753752603	241.78366584863193	250.77183217374653	351.6225135653357	226.2617763139388	189.60703840649575
ENSG00000233280	13.508364096784405	8.52188330450096	6.988068571720644	5.929553348487954	11.415008534757273	7.8499729276574675
ENSG00000203498	118.55101625237657	313.52603227257026	187.67955592621158	154.5636906172527	250.3148300121774	57.9690308503936
ENSG00000231630	52.823752139664386	40.42939986321387	38.53420669548812	27.671248959610452	37.71029605232314	38.0421764955708
ENSG00000152639	28.42804981562091	31.70933322605009	23.160455837702706	17.591008267180932	18.957067745221902	18.517884854986846
ENSG00000198597	6.653373361102767	8.125516639175336	6.588750367622321	10.080240692429522	9.580453591671283	22.34223064025587
ENSG00000136808	0.40323474915774343	0.3963666653256261	0.798636408196645	0.7906071131317273	0.6115183143619968	1.0064067855971113
ENSG00000187041	10.484103478101328	9.116433302489401	9.982955102458064	6.324856905053818	23.033856507635214	10.8691932844488
ENSG00000197180	1.4113216220521019	2.774566657279383	0.0	0.9882588914146591	0.8153577524826625	1.610250856955378
ENSG00000117413	145.3661270713665	247.5309824958535	242.98512719382927	61.865006602557656	157.97556454351584	142.1046381263121
ENSG00000135194	82.25988882817967	33.88934988534103	55.10591216556851	71.74759551670424	50.3483412158044	51.93059013681094
ENSG00000239560	482.87361211639774	975.0619967010402	877.901071710162	808.1981213989081	638.4251201939246	1127.980725297242
ENSG00000227441	1.8145563712098454	0.5945499979884391	1.397613714344129	1.1859106696975907	2.0383943812066563	1.610250856955378
ENSG00000103494	0.8064694983154869	0.9909166633140654	0.798636408196645	0.7906071131317273	1.2230366287239935	0.4025627142388445
ENSG00000147667	24.395702324043476	14.863749949710979	15.77306906188374	7.9060711313172725	17.530191678377243	27.575545925360846
ENSG00000117091	26.613493444411066	42.411233189841994	29.549547103275867	23.718213393951817	39.54485099540913	48.50880706578076
ENSG00000233027	153.02758730536362	142.89018284988822	117.19989290285767	96.45406780207071	139.63001511265594	155.7917704104328
ENSG00000102429	1.8145563712098454	2.3781999919537564	4.392500245081548	1.5812142262634545	5.0959859530166405	2.214094928313645
ENSG00000166031	0.8064694983154869	0.3963666653256261	0.798636408196645	0.7906071131317273	1.0191971906033281	0.6038440713582667
ENSG00000159793	3.427495367840819	1.9818333266281307	3.394204734835742	2.5694731176781134	2.446073257447987	4.025627142388445
ENSG00000171336	11390.978428957093	9378.431668269639	10245.30716255066	9605.481120993918	12820.481460599263	5563.215429423712
ENSG00000198700	2.016173745788717	1.9818333266281307	2.196250122540774	1.3835624479805226	2.446073257447987	4.6294712137467116
ENSG00000107803	8.467929732312612	6.936416643198457	5.191136653278193	3.162428452526909	6.5228620198613	5.233315285104979
ENSG00000198040	146.37421394426084	140.71016619059728	114.80398367826773	141.51867325057916	170.61360970699712	190.00960112073457
ENSG00000230454	81.05018458070643	127.8282495675144	116.80057469875933	111.47560295157353	105.18115007026344	93.39454970341193
ENSG00000147471	9.47601660520697	6.341866645210017	9.58363689835974	9.289633579297794	9.172774715429952	8.85637971325458
ENSG00000101389	0.40323474915774343	0.5945499979884391	0.19965910204916126	0.19765177828293182	0.20383943812066563	0.4025627142388445
ENSG00000206843	61.49329924655587	51.92403315765702	95.43705077949909	84.99026466166067	83.98184850571423	64.61131563533455
ENSG00000165550	7.863077608575996	4.558216651244701	9.383977796310578	5.7319015702050224	4.688307076775309	10.8691932844488
ENSG00000235030	250.81201397611642	288.1585656917302	376.95638466881644	310.11564012592004	132.0879559021913	272.73623889681716
ENSG00000168730	32.86363205635609	26.358383244154137	20.964205715161935	36.960882538908244	25.887608641324533	53.94340370800516
ENSG00000228193	96.1714876741218	98.69529966608091	25.756024164341806	54.15658724952332	87.03944007752422	69.03950549196183
ENSG00000243062	0.40323474915774343	0.0	0.0	0.19765177828293182	0.6115183143619968	0.20128135711942224
ENSG00000213116	29.637754063094143	37.06028320794604	30.54784261352167	25.892382955064065	27.722163584410524	26.16657642552489
ENSG00000130800	14.314833595099891	34.8802665486551	37.136592981144	29.252463185873907	29.556718527496514	16.706352640912044
ENSG00000243051	7.05660811026051	6.7382333105356444	7.786704979917289	6.917812239902613	8.357416962947289	11.87560007004591
ENSG00000185763	44.1542050327729	59.25681646618111	44.72363885901213	116.8122009652127	108.23874164207344	37.43833242421253
ENSG00000104901	74.59842859418254	81.05698305909054	97.4336417999907	75.50297930407994	70.73228502787096	91.58301748933712
ENSG00000207084	12.90351197304779	13.872833286396913	11.180909714753032	12.254410253541772	11.61884797287794	8.05125428477689
ENSG00000101755	97.38119192159503	72.33691642192677	126.78352980121741	69.17812239902614	173.87504071692774	88.96635984678463
ENSG00000135747	638.9254600404445	444.92158182801535	316.65933584996975	634.8575118447769	621.5064468299095	801.0998013353005
ENSG00000248167	92.94560968085986	66.58959977470518	90.64523233031922	72.14289907327012	95.19301760235085	97.82273956003921
ENSG00000150948	17.74232896294071	41.42031652652793	13.776478041392128	24.508820507083545	16.103315611532583	22.54351199737529
ENSG00000132770	33.670101554671575	52.320399822982644	36.13829747089819	44.273998335376724	59.31727649311369	38.0421764955708
ENSG00000229501	13.306746722205533	11.296449961780345	9.982955102458064	20.95108849799077	14.064921230325927	20.731979783300492
ENSG00000181813	22.782763327412503	89.3806830309287	55.505230369666826	49.610596349015886	40.15636930977112	41.665240923720404
ENSG00000157014	117.74454675406108	64.01321645008862	98.83125551433481	175.71243089352635	132.69947421655328	193.63266554888418
ENSG00000231821	15.726155217151993	16.052849945687857	15.373750857785415	19.567526050010247	14.676439544687923	10.466630570209958
ENSG00000160796	72.98548959755155	102.46078298667435	60.496707920895865	138.1585930197693	154.7141335335852	59.176718993110136
ENSG00000141507	797.5983338340164	624.0793145551984	1541.1686087174758	688.6187955377344	1845.5622727445066	528.162281081364
ENSG00000209983	22.17791120367589	24.376549917526006	11.580227918851353	13.440320923239362	16.30715504965325	16.10250856955378
ENSG00000219098	6.653373361102767	9.116433302489401	7.9863640819664505	5.138946235356227	6.115183143619968	3.421783071030178
ENSG00000203368	10.484103478101328	8.720066637163775	7.786704979917289	8.301374687883136	8.153577524826625	13.687132284120713
ENSG00000219150	95.16340080122745	105.43353297661655	116.20159739261186	83.80435399196308	132.29179534031198	139.89054319799845
ENSG00000171553	35.28304055130255	71.54418309127551	71.47795853359973	40.91391810456688	68.89773008478497	71.25360042027548
ENSG00000221125	13.10512934762666	6.7382333105356444	8.984659592212257	7.313115796468477	7.542059210464627	8.85637971325458
ENSG00000246045	0.0	0.19818333266281304	0.0	0.19765177828293182	0.20383943812066563	0.0
ENSG00000153611	110.08308652006394	67.58051643801925	68.28341290081315	96.25641602378779	106.20034726086678	73.87025806282797
ENSG00000171828	88.10679269096694	46.374899843098255	81.4609136360578	65.2250868333675	77.6628259239736	93.1932683462925
ENSG00000212988	40.32347491577434	48.15854983706357	43.925002450815484	79.06071131317272	26.0914480794452	101.24452263106939
ENSG00000249447	7.459842859418253	10.107349965803467	7.587045877868128	7.9060711313172725	4.892146514895974	5.4345966422244
ENSG00000151097	0.0	0.3963666653256261	0.0	0.7906071131317273	0.40767887624133126	0.805125428477689
ENSG00000192756	16.734242090046354	10.30553329846628	10.781591510654707	12.254410253541772	13.0457240397226	17.10891535515089
ENSG00000180770	4.838816989892921	6.7382333105356444	8.984659592212257	4.941294457073295	8.357416962947289	6.23972207070209
ENSG00000111645	83.06635832649513	64.01321645008862	63.49159445163328	103.17422826369041	171.22512802135913	113.72396677247357
ENSG00000116720	573.8030480514689	387.25023202313673	440.0486609163514	611.5346020073911	472.70365700182356	213.96208261794584
ENSG00000226469	103.42971315896118	136.1519495393526	188.0788741303099	107.72021916419784	115.78080085253806	186.99038076394328
ENSG00000243797	10.6857208526802	14.071016619059726	21.363523919260256	10.87084780556125	11.822687410998604	16.907633998031468
ENSG00000240550	223.59366840796872	86.40793304098649	143.55489437334694	146.85527126421832	195.88970003395966	73.2664139914697
ENSG00000154381	12.701894598468918	12.881916623082848	11.580227918851353	21.346392054556635	13.249563477843264	14.4922577125984
ENSG00000176447	133.0674672220553	106.82081630525624	79.46432261556618	210.89444742788825	150.84118420929255	83.93432591879908
ENSG00000125303	40.525092290353214	36.86209987528323	63.890912655731604	17.986311823746792	19.364746621463233	41.262678209481564
ENSG00000231778	6.048521237366152	14.26919995172254	19.965910204916128	9.289633579297794	11.822687410998604	11.070474641568223
ENSG00000230812	47.78331777519259	65.59868311139113	72.87557224794386	37.158534317191176	71.54764278035363	29.185796782316224
ENSG00000232400	42.13803128698419	60.44591646215798	26.95397877663677	49.215292792450015	31.3912734705825	34.016549353182356
ENSG00000190764	413.5172352612659	306.9859822946974	465.40536687659494	377.71254829868263	206.08167193999293	649.9375021386144
ENSG00000172114	33.26686680551383	35.47481654664354	35.339661062701545	16.998052932332133	30.575915718099843	20.53069842618107
ENSG00000198388	32.662014681777215	26.55656657681695	38.53420669548812	15.021535149502817	19.364746621463233	30.997328996391026
ENSG00000208276	612.9168187197699	695.0289476484854	787.6551575839412	572.9925052422193	699.1692727538831	378.4089513845138
ENSG00000180081	68.75152473139525	55.88769981091328	28.551251593030063	104.36013893338799	102.5312373746948	58.774156278871295
ENSG00000107387	31.250693059725116	21.601983260246623	26.155342368440127	99.61649625459762	34.448865042392484	44.88574263763116
ENSG00000230702	2070.812054299591	2020.8754431627046	1402.2058736912597	1627.0694388250947	1394.2617567453528	1700.424904944879
ENSG00000224061	0.0	0.0	0.0	0.9882588914146591	0.0	0.4025627142388445
ENSG00000105378	1.8145563712098454	2.774566657279383	2.9948865307374186	2.7671248959610453	1.4268760668446592	1.8115322140748
ENSG00000115337	9.879251354364714	8.323699971838147	11.779887020900514	7.510767574751409	15.69563673529125	6.843566142060356
ENSG00000155362	483.68008161471323	300.2477489841618	290.30433437948045	548.6813365134186	403.8059269170386	567.4121457196513
ENSG00000154157	932.4803574272817	914.6160802388823	473.59139006061054	1317.5467540340233	526.9249475419206	960.9171988881218
ENSG00000153412	50.80757839387567	65.4004997787283	79.86364081966451	51.98241768841106	46.88307076775309	71.05231906315605
ENSG00000132167	8.669547106891482	19.02559993563005	8.785000490163096	4.743642678790363	7.949738086705959	9.258942427493423
ENSG00000157846	1.2097042474732302	3.1709333226050087	2.395909224589935	2.5694731176781134	3.26143100993065	3.220501713910756
ENSG00000226652	131.65614560000324	84.22791638169555	157.33137241473906	183.42085024656072	116.1884797287794	154.18151955347744
ENSG00000127458	133.0674672220553	147.0520328358073	157.93034972088657	73.72411329953356	86.42792176316222	151.36358055380552
ENSG00000249506	20.766589581623784	13.278283288408476	31.54613812376748	9.487285357580726	16.103315611532583	13.888413641240135
ENSG00000158662	403.2347491577434	442.34519850339876	274.73092441964593	201.60481384859042	357.5343744636475	322.45273410531445
ENSG00000107121	1418.78146491152	567.5970647462966	1212.3300676425072	1617.5821534675138	1062.8188303611503	1008.4195991683055
ENSG00000244781	4.032347491577434	4.954583316570327	8.18602318401561	6.324856905053818	10.395811344153946	4.830752570866133
ENSG00000127652	56.04963013292633	86.6061163736493	76.66909518687793	80.04897020458738	53.60977222573505	141.70207541207327
ENSG00000238885	6.653373361102767	4.161849985919074	1.397613714344129	5.7319015702050224	6.5228620198613	5.233315285104979
ENSG00000204259	81.05018458070643	64.01321645008862	71.27829943155058	161.6791546354382	73.17835828531896	68.63694277772298
ENSG00000200418	4.838816989892921	2.3781999919537564	3.5938638368849025	3.3600802308098405	5.299825391137306	3.421783071030178
ENSG00000230677	51.412430517612286	36.26754987729479	61.2953443290925	39.135052100020495	37.71029605232314	47.90496299442249
ENSG00000122239	2481.1034115675952	2246.408075732986	2326.827175280925	1738.1497382201023	2071.2125307440833	2369.2828546527194
ENSG00000128738	22.984380701991373	24.57473325018882	12.977841633195482	14.428579814654022	23.23769594575588	12.47944414140418
ENSG00000127515	700.0155245378426	1536.3171948021268	936.8005068146647	617.068851799313	719.3493771278289	786.6075436227021
ENSG00000110435	855.059285588995	1073.3609297017956	407.50422728233815	524.370167784618	693.2579290483837	821.2279370472428
ENSG00000182883	664.1276318628035	338.4971321880847	444.6408202634821	454.59909005074314	421.13227915729516	416.0485651658458
ENSG00000119431	23.185998076570247	27.15111657480539	18.568296490572	29.054811407590975	23.23769594575588	32.40629849622698
ENSG00000187455	1.0080868728943586	1.3872833286396915	1.7969319184424513	4.545990900507432	1.4268760668446592	1.2076881427165334
ENSG00000144372	24.395702324043476	24.971099915514447	100.22886922867895	67.99221172932853	56.05584548318304	58.17031220751303
ENSG00000150818	135.68849309158065	162.3121494508439	289.705357073333	277.30544493095334	129.845722082864	229.25946575902194
ENSG00000108907	16.129389966309738	17.63831660699036	11.380568816802192	19.369874271727316	11.007329658515943	10.265349213090534
ENSG00000172739	7.661460233997124	9.909166633140654	5.390795755327353	4.743642678790363	4.484467638654643	4.226908499507867
ENSG00000168337	2.016173745788717	4.161849985919074	5.590454857376516	1.9765177828293181	4.892146514895974	3.0192203567913336
ENSG00000108178	6272.719757897857	8099.356439263845	8876.444358901612	12299.672510768562	10615.957937324265	4090.238458023779
ENSG00000103451	0.0	0.0	0.5989773061474838	0.7906071131317273	0.40767887624133126	1.8115322140748
ENSG00000109648	194.56076646861118	93.93889968217339	339.6201325856233	260.5050437769041	104.56963175590145	139.08541776952077
ENSG00000147207	20.766589581623784	25.36746658084007	11.580227918851353	16.998052932332133	11.415008534757273	12.680725498523602
ENSG00000180741	361.0967178707592	358.7118321196916	556.4499174110125	542.1588278300819	282.52146123524255	474.0175960162394
ENSG00000220945	527.2294345237495	658.365031105865	395.12536295529014	308.92972945622245	503.07573328180274	692.609149847932
ENSG00000157759	3.830730116998562	3.3691166552678222	6.788409469671484	3.7553837873757043	4.892146514895974	7.2461288562992
ENSG00000125372	21.976293829097017	45.582166512447	25.15704685819432	25.497079398498204	29.964397403737845	27.374264568241426
ENSG00000141789	15.524537842573121	22.59289992356069	9.58363689835974	20.75343671970784	14.472600106567258	43.07421042355636
ENSG00000186964	69.35637685513186	231.47813255016567	114.60432457621856	145.66936059452073	123.73053893924401	132.44313298457982
ENSG00000175850	20.968206956202657	27.15111657480539	31.74579722581664	35.182016534361864	24.25689313635921	40.6588341381233
ENSG00000206070	219.76293829097014	201.55244931808087	147.94739461842852	179.07251112433622	162.4600321821705	244.1542861858592
ENSG00000202982	89.7197316875979	95.12799967815026	67.0854582885182	94.87285357580727	67.47085401794031	58.17031220751303
ENSG00000229144	8.669547106891482	5.15276664923314	8.984659592212257	9.684937135863658	13.0457240397226	15.498664498195513
ENSG00000200589	294.9662190088893	311.94056561126774	273.1336516032526	318.4170148138031	268.66037944303724	360.2936292437658
ENSG00000149306	85.08253207228387	111.57721628916374	138.96273502621622	66.01569394649923	81.73961468638691	94.40095648900903
ENSG00000102985	80.64694983154868	128.8191662308285	79.86364081966451	115.23098673894924	175.9134350981344	106.8804006304132
ENSG00000114405	14.718068344257635	27.349299907468204	23.95909224589935	9.289633579297794	19.568586059583897	24.556325568569513
ENSG00000106525	183.875045615931	122.47729958561848	139.7613714344129	211.88270631930288	171.8366463357211	256.6337303272634
ENSG00000222538	22.58114595283363	19.223783268292866	14.774773551637933	12.649713810107636	15.084118420929254	7.2461288562992
ENSG00000209756	807.6792025629601	322.64246557505965	469.3985489175781	418.42881462496666	452.1158737516363	665.0336039225712
ENSG00000234780	115.92999038285123	73.52601641790365	83.65716375859857	128.07835232733981	83.16649075323157	146.33154662581998
ENSG00000151156	0.6048521237366151	0.5945499979884391	0.798636408196645	0.39530355656586363	0.20383943812066563	0.805125428477689
ENSG00000232364	172.98770738867194	138.92651619663195	238.39296784669855	84.19965754852895	114.76160366193474	131.63800755610214
ENSG00000143556	91.9375228079655	111.77539962182657	76.46943608482876	172.7476542192824	45.0485158246671	92.58942427493423
ENSG00000240574	40.928327039510954	25.16928324817726	47.518866287700384	44.07634655709379	47.49458908211509	29.990922210793915
ENSG00000185480	213.71441705360402	129.61189956147973	204.45092049834113	156.93551195664784	173.0596829644451	247.57606925688935
ENSG00000128659	2.8226432441042038	1.1890999959768782	1.59727281639329	2.17416956111225	3.26143100993065	2.0128135711942226
ENSG00000114924	152.42273518162702	79.27333306512523	101.62648294302309	108.90612983389542	102.12355849845346	98.62786498851689
ENSG00000170221	10.887338227259072	10.503716631129091	9.982955102458064	8.103722909600203	5.503664829257971	15.699945855314935
ENSG00000145780	34.87980580214481	44.59124984913294	91.04455053441754	90.12921089701689	111.5001726520041	106.27655655905494
ENSG00000203783	8.26631235773374	11.494633294443158	13.177500735244642	13.24266914495643	8.561256401067956	7.044847499179779
ENSG00000151440	1.2097042474732302	3.9636666532562614	2.795227428688258	2.5694731176781134	2.2422338193273217	3.0192203567913336
ENSG00000146095	14.919685718836506	18.431049937641614	11.979546122949674	14.033276258088158	17.937870554618573	31.60117306774929
ENSG00000233540	2.621025869525332	0.7927333306512522	0.9982955102458063	2.964776674243977	1.0191971906033281	1.8115322140748
ENSG00000161926	64.92079461439668	53.905866484285156	62.69295804343663	20.358133163141975	35.67190167111648	28.78323406807738
ENSG00000157212	206.85942631792236	134.9628495433757	144.95250808769106	92.89633579297795	154.1026152192232	240.12865904347075
ENSG00000160339	288.31284564778656	599.1082146396839	699.8051526823102	394.31529767444897	412.77486219434786	308.96688317831314
ENSG00000150703	130.04320660337225	117.91908293437378	89.84659592212257	75.50297930407994	95.60069647859217	60.38440713582667
ENSG00000175673	23.185998076570247	13.674649953734102	6.588750367622321	20.95108849799077	20.180104373945895	15.096101783956668
ENSG00000164911	20.564972207044917	8.918249969826588	21.163864817211092	16.800401154049204	29.352879089375847	23.147356068733558
ENSG00000235079	55.04154326003197	21.99834992557225	67.0854582885182	30.63602563385443	32.002791784944506	45.08702399475058
ENSG00000163292	449.40512793630506	288.9512990223814	454.82343446798933	271.5735433607483	378.32599715195533	383.6422666696188
ENSG00000206875	3.6291127424196907	5.15276664923314	4.392500245081548	8.499026466166066	2.8537521336893183	6.843566142060356
ENSG00000212783	14.11321622052102	11.494633294443158	12.179205224998837	21.346392054556635	12.230366287239937	8.85637971325458
ENSG00000151182	1.0080868728943586	1.5854666613025044	1.1979546122949676	0.7906071131317273	1.0191971906033281	0.20128135711942224
ENSG00000132930	210.69015643492094	308.76963228866276	363.7788839335718	374.94542340272164	379.7528732188	422.4895685936673
ENSG00000160953	2.217791120367589	3.765483320593448	4.392500245081548	2.7671248959610453	1.8345549430859904	2.214094928313645
ENSG00000115778	2.621025869525332	3.1709333226050087	2.395909224589935	5.336598013639159	2.649912695568653	2.6166576425524894
ENSG00000149790	0.8064694983154869	1.3872833286396915	0.798636408196645	0.39530355656586363	1.8345549430859904	0.20128135711942224
ENSG00000204032	62.29976874487136	47.16763317374951	73.47454955409134	56.33075681063556	16.510994487773914	60.78696985006552
ENSG00000203563	29.637754063094143	7.530966641186896	18.96761469467032	14.428579814654022	29.76055796561718	21.53710521177818
ENSG00000132994	14.11321622052102	12.485549957757224	15.77306906188374	11.068499583844181	7.338219772343962	10.265349213090534
ENSG00000143253	2.016173745788717	2.774566657279383	0.9982955102458063	1.1859106696975907	1.0191971906033281	2.0128135711942226
ENSG00000131179	20.363354832466044	11.890999959768783	4.592159347130709	12.649713810107636	13.249563477843264	12.680725498523602
ENSG00000152684	316.9425128379863	333.93891553684	104.22205126966217	319.20762192693485	301.0708501042231	373.17563609940885
ENSG00000167113	2.8226432441042038	1.5854666613025044	1.7969319184424513	0.9882588914146591	1.8345549430859904	2.214094928313645
ENSG00000182115	30.242606186830756	30.91659989539884	39.73216130778309	59.88848881972833	59.92879480747569	29.990922210793915
ENSG00000133072	452.631005929567	594.3518146557764	703.9979938253426	463.4934200734751	618.6526946962201	807.9433674773609
ENSG00000160313	6.250138611945023	2.9727499899421956	2.196250122540774	5.336598013639159	4.280628200533978	3.0192203567913336
ENSG00000106689	86.2922363197571	182.328666049788	159.32796343523069	77.87480064347513	130.457240397226	74.27282077706681
ENSG00000130268	110.4863212692217	93.54253301684776	102.22546024917057	149.42474438189646	138.81465736017327	77.49332249097756
ENSG00000141559	8.064694983154869	6.936416643198457	6.588750367622321	5.7319015702050224	6.7267014579819655	5.4345966422244
ENSG00000237523	41.73479653782645	19.818333266281307	29.749206205325027	40.91391810456688	27.518324146289856	15.096101783956668
ENSG00000114635	83.4695930756529	113.95541628111751	106.2186422901538	158.31907440462837	110.07329658515943	101.04324127394997
ENSG00000161479	223.99690315712647	141.1065328559229	202.85364768194782	109.69673694702715	136.7762629789666	109.89962098720454
ENSG00000150323	9.879251354364714	9.314616635152214	11.979546122949674	10.080240692429522	12.230366287239937	11.070474641568223
ENSG00000223598	2.016173745788717	0.3963666653256261	2.9948865307374186	1.3835624479805226	0.6115183143619968	1.8115322140748
ENSG00000157514	38.30730116998562	45.78034984510982	48.71682089999535	30.83367741213736	53.60977222573505	45.892149423228275
ENSG00000160326	37.097596922512395	60.24773312949517	62.69295804343663	42.297480552547405	38.5256538048058	26.16657642552489
ENSG00000195068	81.05018458070643	125.84641624088628	155.1351222921983	124.32296853996411	170.00209139263512	81.92151234760486
ENSG00000144684	402.0250449102702	559.4715481071213	633.917649006087	509.54628441339815	425.4129073578291	544.2647896509177
ENSG00000164385	127.42218073384691	436.39969852351436	350.40172409627803	480.8867765623731	279.0561907871912	432.15107373539956
ENSG00000166379	327.2249989415088	172.81586608197298	247.17796833686165	142.50693214199384	150.84118420929255	263.2760151122043
ENSG00000106915	17.74232896294071	15.45829994769942	20.76454661311277	18.38161538031266	10.395811344153946	18.316603497867426
ENSG00000127311	346.1770321519227	313.7242156052331	293.4988800122671	855.6345481868118	465.56927666760026	403.97168373868044
ENSG00000171426	314.11986959388213	602.4773312949517	444.6408202634821	272.36415047388004	379.141354904438	438.39079580610166
ENSG00000216937	14.919685718836506	11.296449961780345	14.974432653687096	10.673196027278317	28.129842460651854	13.888413641240135
ENSG00000165171	20.363354832466044	9.909166633140654	11.380568816802192	11.266151362127111	6.319022581740634	8.453816999015734
ENSG00000175931	2.016173745788717	1.9818333266281307	1.397613714344129	2.17416956111225	2.649912695568653	2.4153762854330667
ENSG00000148918	11.895425100153432	10.503716631129091	12.179205224998837	20.160481384859043	11.211169096636608	8.85637971325458
ENSG00000160617	26.815110818989936	41.61849985919074	41.32943412417638	32.019588081834954	40.971727062253784	32.40629849622698
ENSG00000118122	17.94394633751958	17.241949941664735	12.57852342909716	16.800401154049204	19.772425497704564	15.699945855314935
ENSG00000186134	116.73645988116672	74.71511641388052	99.62989192253147	84.19965754852895	133.71867140715662	115.9380617007872
ENSG00000119050	28.831284564778656	35.27663321398072	49.31579820614283	33.00784697324961	39.13717211916779	37.63961378133195
ENSG00000241597	7.05660811026051	7.332783308524084	2.9948865307374186	5.138946235356227	6.7267014579819655	5.837159356463245
ENSG00000189800	519.3663569151735	309.9587322846396	610.9568522704334	414.0804755027421	635.9790469364767	830.4868794747362
ENSG00000189669	0.6048521237366151	1.1890999959768782	1.7969319184424513	0.7906071131317273	0.8153577524826625	1.2076881427165334
ENSG00000144360	222.58558153507437	251.89101581443538	158.52932702703404	254.1801868718503	327.16229818366827	217.58514704609544
ENSG00000115021	41.3315617886687	24.971099915514447	33.74238824630825	51.78476591012813	28.537521336893185	33.41270528182409
ENSG00000128717	54.63830851087423	70.75144976062427	84.25614106474605	84.00200577024602	48.92146514895975	44.68446128051174
ENSG00000180321	13.508364096784405	4.954583316570327	14.57511444958877	10.080240692429522	8.968935277309287	10.667911927329378
ENSG00000118443	46.17037877856162	55.49133314558765	44.52397975696296	34.193757642947205	73.9937160378016	25.96529506840547
ENSG00000230548	1084.2982404851718	793.1296973165779	1018.6607386548206	818.8713174261865	805.9811383291118	841.1547914020655
ENSG00000155938	8.669547106891482	10.701899963791904	14.37545534753961	9.289633579297794	9.580453591671283	11.87560007004591
ENSG00000165008	64.71917723981782	69.16598309932176	77.06841339097625	71.54994373842132	71.34380334223296	88.16123441830695
ENSG00000188675	46.57361352771937	35.47481654664354	43.525684246717155	55.342497919220904	45.45619470090843	23.75120014009182
ENSG00000200478	0.20161737457887172	0.3963666653256261	0.19965910204916126	0.19765177828293182	0.0	0.4025627142388445
ENSG00000125879	11.492190350995687	14.26919995172254	23.95909224589935	9.684937135863658	12.026526849119271	9.661505141732267
ENSG00000244087	53.63022163797987	49.545833165703264	78.06670890122204	50.99415879699641	103.95811344153945	71.85744449163374
ENSG00000111784	12.298659849311173	3.765483320593448	14.974432653687096	7.9060711313172725	9.376614153550618	14.4922577125984
ENSG00000105520	40.525092290353214	17.836499939653176	23.160455837702706	33.205498751532545	15.491797297170587	19.72557299770338
ENSG00000232519	1.8145563712098454	2.180016659290944	1.397613714344129	2.964776674243977	3.26143100993065	5.233315285104979
ENSG00000197727	432.87250322083753	929.678013521256	510.52832393970533	1097.5603248051202	803.9427439479052	922.6737410354315
ENSG00000177306	60.48521237366151	95.12799967815026	59.298753308600894	77.28184530862634	51.775217282649066	51.125464708333254
ENSG00000205569	23.992467574885733	18.62923327030443	21.762842123358578	12.649713810107636	28.741360775013852	7.8499729276574675
ENSG00000245330	8.669547106891482	9.314616635152214	12.179205224998837	10.475544248995385	8.765095839188621	3.6230644281496
ENSG00000157833	248.7958402303277	251.89101581443538	196.863874620473	159.50498507432596	229.72704676199012	306.75278824999947
ENSG00000242738	55.848012758347465	27.15111657480539	39.73216130778309	57.71431925861609	35.46806223299581	24.556325568569513
ENSG00000183398	138.309518961106	190.0578160236377	137.1658031077738	134.60086101067657	181.00942105115107	188.1980689066598
ENSG00000100083	87.90517531638807	89.18249969826589	118.99682482130011	147.4482265990671	124.13821781548536	92.38814291781482
ENSG00000185904	2.217791120367589	1.3872833286396915	1.59727281639329	2.3718213393951815	1.2230366287239935	2.6166576425524894
ENSG00000175088	81.05018458070643	156.16846613829668	111.40977894343199	100.40710336772935	101.51204018409148	122.58034648572814
ENSG00000181568	0.0	0.0	0.19965910204916126	0.39530355656586363	0.20383943812066563	0.0
ENSG00000248753	0.0	0.0	0.0	0.19765177828293182	0.0	0.20128135711942224
ENSG00000221452	12.701894598468918	18.431049937641614	25.756024164341806	27.07829362476166	21.40314100266989	36.83448835285427
ENSG00000107531	787.1142303559151	801.0570306230904	1119.4885851896472	715.4994373842131	935.6230209738552	621.3555494276565
ENSG00000199924	120.36557262358642	69.95871642997301	81.06159543195947	114.63803140410045	92.74694434490284	69.6433495633201
ENSG00000198778	142.5434838272623	95.92073300880152	69.68102661515728	72.93350618640184	78.68202311457692	93.79711241765077
ENSG00000165187	3.427495367840819	6.143683312547205	9.783296000408903	3.9530355656586362	6.115183143619968	6.23972207070209
ENSG00000181149	28.024815066463166	24.178366584863195	20.36522840901445	37.158534317191176	18.753228307101235	24.556325568569513
ENSG00000142433	104.84103478101328	68.17506643600768	74.87216326843547	87.95504133590465	76.84746817149093	74.47410213418624
ENSG00000122482	0.6048521237366151	0.19818333266281304	0.9982955102458063	0.7906071131317273	0.20383943812066563	1.2076881427165334
ENSG00000168483	4.637199615314049	5.945499979884391	5.390795755327353	3.5577320090927724	5.299825391137306	3.220501713910756
ENSG00000184981	16.331007340888608	15.260116615036607	11.180909714753032	11.859106696975909	16.510994487773914	14.089694998359558
ENSG00000117592	147.78553556631297	285.3839990344508	248.9749002553041	84.99026466166067	97.23141198355749	266.49651682611506
ENSG00000148655	223.190433658811	262.3947324455645	196.46455641637468	309.91798834763705	481.87643171725347	390.48583281167913
ENSG00000249181	4.032347491577434	6.7382333105356444	3.793522938934064	10.87084780556125	4.076788762413313	10.8691932844488
ENSG00000124845	557.6736580851591	977.6383800256568	623.934693903629	587.0257815003074	616.0027820006515	824.247157404034
ENSG00000138542	33.06524943093496	53.31131648629672	48.317502695897026	67.59690817276268	29.556718527496514	22.140949283136447
ENSG00000230097	15.524537842573121	18.034683272315988	21.163864817211092	16.207445819200405	14.676439544687923	21.134542497539336
ENSG00000165857	403.2347491577434	298.8604656555221	574.6188956974861	364.46987915372625	362.83419985478474	483.4778198008522
ENSG00000235961	4.838816989892921	5.549133314558766	6.38909126557316	4.3483391222245	9.172774715429952	4.42818985662729
ENSG00000103982	6.451755986523895	11.69281662710597	6.588750367622321	8.301374687883136	10.191971906033281	5.032033927985556
ENSG00000216560	1.8145563712098454	2.3781999919537564	0.9982955102458063	1.5812142262634545	1.630715504965325	3.220501713910756
ENSG00000209321	6.250138611945023	6.5400499778728305	7.786704979917289	4.150687343941568	5.299825391137306	7.648691570538045
ENSG00000107455	0.8064694983154869	0.3963666653256261	0.3993182040983225	0.19765177828293182	0.0	0.0
ENSG00000209969	2902.0804896882796	3499.32310482729	4301.4556945471295	7032.84557486328	5430.690310410772	3124.89306927903
ENSG00000108091	172.78609001409305	134.17011621272445	86.25273208523765	73.72411329953356	102.5312373746948	173.10196712270312
ENSG00000130410	1239.1403841617455	1087.630129653518	1039.2256261658843	1429.4176605421628	1090.3371545074403	1238.8867530700438
ENSG00000189420	1.2097042474732302	2.180016659290944	1.397613714344129	1.9765177828293181	1.4268760668446592	0.6038440713582667
ENSG00000205822	0.8064694983154869	1.1890999959768782	0.3993182040983225	0.19765177828293182	0.6115183143619968	0.4025627142388445
ENSG00000215374	385.89565494396044	663.9141644204237	500.34570973519817	608.372173554864	728.3183124051383	572.041616933398
ENSG00000198589	18.95203321041394	15.061933282373792	11.380568816802192	22.532302724254222	13.861081792205262	20.53069842618107
ENSG00000244693	20.766589581623784	13.872833286396913	10.182614204507225	14.823883371219884	21.199301564549224	24.15376285433067
ENSG00000117857	6.048521237366152	10.107349965803467	12.57852342909716	8.89433002273193	8.357416962947289	7.8499729276574675
ENSG00000158555	1.0080868728943586	3.1709333226050087	1.397613714344129	3.3600802308098405	1.2230366287239935	2.4153762854330667
ENSG00000131065	6.653373361102767	6.7382333105356444	8.385682286064775	7.70841935303434	5.911343705499302	3.421783071030178
ENSG00000159202	2407.311452471728	2406.9365751898645	2088.8335256383248	1380.00471597143	1603.6048596952764	1948.2022555588878
ENSG00000242245	2.8226432441042038	3.9636666532562614	3.5938638368849025	1.9765177828293181	3.669109886171981	4.226908499507867
ENSG00000201305	812.5180195528529	536.0859148529094	733.9468591327168	428.7067070956791	472.49981756370283	434.1638873065938
ENSG00000122927	56.04963013292633	47.56399983907513	61.2953443290925	49.215292792450015	99.67748524100548	59.57928170734898
ENSG00000176154	224.19852053170533	272.10571574604234	152.93887216965751	105.74370138136852	137.79546016956994	111.91243455839877
ENSG00000231724	375.2099340912802	248.12553249384197	169.71023674178707	325.33482705370574	574.0118577477944	251.19913368503896
ENSG00000223443	3.427495367840819	7.332783308524084	3.19454563278658	5.336598013639159	5.299825391137306	4.025627142388445
ENSG00000208300	92.54237493170211	202.14699931606933	120.5940976376934	185.39736802939	134.94170803588062	84.33688863303793
ENSG00000213869	80.04209770781208	100.0825829947206	75.47114057458296	56.72606036720143	83.16649075323157	48.30752570866134
ENSG00000163110	6521.112363379027	5954.814596519544	8764.235943549984	5132.42372667289	5475.94266567356	5007.276321059867
ENSG00000200025	75.80813284165576	83.43518305104429	68.48307200286231	48.02938212275243	106.40418669898746	54.144685065124584
ENSG00000209632	113.10734713874703	248.32371582650472	207.44580702907854	319.40527370521784	223.40802418024953	212.95567583234873
ENSG00000189024	59.47712550076715	63.02229978677455	59.09909420655173	49.80824812729881	32.41047066118583	26.97170185400258
ENSG00000117405	56.04963013292633	65.2023164460655	57.102503186060126	67.99221172932853	30.16823684185851	53.54084099376632
ENSG00000230687	92.13914018254437	49.14946650037764	63.09227624753496	61.27205126770886	29.352879089375847	64.41003427821512
ENSG00000192308	28.024815066463166	45.97853317777263	30.74750171557083	27.275945403044588	19.772425497704564	5.233315285104979
ENSG00000179223	249.40069235406432	261.0074491169248	301.88456229833184	309.7203365693541	266.8258244999513	289.84515425196804
ENSG00000102120	37.70244904624901	67.77869977068207	56.50352587991264	42.49513233083034	44.02931863406377	62.39722070702089
ENSG00000135394	77.21945446370788	113.95541628111751	73.27489045204219	182.23493957686313	111.5001726520041	95.20608191748671
ENSG00000153008	305.24870511241176	148.04294949912136	148.34671282252683	115.42863851723217	274.7755625866572	183.5685976929131
ENSG00000149897	6.653373361102767	4.954583316570327	5.390795755327353	7.510767574751409	10.191971906033281	6.441003427821512
ENSG00000164552	21.573059079939274	24.178366584863195	14.774773551637933	15.41683870606868	10.803490220395277	13.888413641240135
ENSG00000165856	67.7434378585009	84.02973304903273	49.91477551229031	18.183963602029728	49.329144025201074	67.22797327788703
ENSG00000116016	39.11377066830111	80.2642497284393	117.0002338008085	97.0470231369195	99.0659669266435	112.51627862975704
ENSG00000156194	496.38197621318216	991.7093966447165	1102.7172206175176	970.0749278126293	695.9078417439524	1650.9096910935014
ENSG00000170299	0.20161737457887172	0.3963666653256261	0.19965910204916126	1.5812142262634545	0.20383943812066563	0.20128135711942224
ENSG00000127782	7.661460233997124	6.7382333105356444	4.991477551229032	8.103722909600203	2.446073257447987	8.453816999015734
ENSG00000119277	4.435582240735178	4.954583316570327	2.5955683266390963	3.5577320090927724	1.8345549430859904	3.6230644281496
ENSG00000106708	47.380083026034846	36.86209987528323	25.15704685819432	23.32290983738595	39.95252987165046	39.048583281167915
ENSG00000192472	14.11321622052102	20.01651659894412	17.570000980326192	6.720160461619681	28.741360775013852	12.278162784284756
ENSG00000154522	1.0080868728943586	0.5945499979884391	0.798636408196645	0.9882588914146591	0.40767887624133126	0.805125428477689
ENSG00000192770	2.217791120367589	3.9636666532562614	5.989773061474837	4.743642678790363	1.630715504965325	4.226908499507867
ENSG00000193783	7.459842859418253	2.57638332461657	3.793522938934064	4.150687343941568	8.968935277309287	2.4153762854330667
ENSG00000168955	0.20161737457887172	1.3872833286396915	0.3993182040983225	0.7906071131317273	0.40767887624133126	1.2076881427165334
ENSG00000205816	3.6291127424196907	4.954583316570327	2.9948865307374186	6.720160461619681	3.8729493242926467	2.214094928313645
ENSG00000164211	10.484103478101328	3.3691166552678222	6.988068571720644	5.7319015702050224	6.930540896102631	9.258942427493423
ENSG00000196066	472.1878912637176	194.81421600754524	266.3452421335811	176.30538622837517	225.6502579995768	147.53923476853652
ENSG00000190664	37.50083167167014	40.03303319788824	18.96761469467032	19.172222493444387	34.245025604271824	27.374264568241426
ENSG00000126886	7.459842859418253	12.089183292431597	10.382273306556385	12.649713810107636	13.0457240397226	14.4922577125984
ENSG00000213365	3.2258779932619475	2.57638332461657	7.786704979917289	6.127205126770886	8.357416962947289	7.2461288562992
ENSG00000164400	20.16173745788717	18.034683272315988	8.785000490163096	12.649713810107636	9.988132467912616	25.562732354166627
ENSG00000116500	404.84768815437434	256.4492324656801	450.0316160188095	343.1234870991696	349.78847581506216	306.1489441786412
ENSG00000239569	232.8680676385968	468.10903174956445	347.4068375655406	187.96684114706815	227.28097350454215	241.53762854330668
ENSG00000122597	2.4194084949464605	4.954583316570327	7.786704979917289	5.336598013639159	7.338219772343962	6.23972207070209
ENSG00000107226	11.492190350995687	16.052849945687857	6.788409469671484	9.487285357580726	19.772425497704564	7.648691570538045
ENSG00000182828	34.07333630382932	50.33856649635452	33.5427291442591	25.694731176781133	45.86387357714976	31.198610353510446
ENSG00000175881	57.46095175497844	36.66391654262041	59.09909420655173	34.786712977796	33.02198897554783	69.84463092043951
ENSG00000157610	2.8226432441042038	2.774566657279383	4.991477551229032	4.3483391222245	3.8729493242926467	2.4153762854330667
ENSG00000164448	79.23562820949658	62.62593312144893	123.1896659643325	66.80630105963094	100.90052186972947	115.13293627230952
ENSG00000217116	192.74621009740136	127.03551623686316	122.99000686228332	115.82394207379804	161.8485138678085	92.58942427493423
ENSG00000142507	212.90794755528853	214.83073260648936	181.68978286473677	207.7320189753613	122.30366287239937	143.9161703403869
ENSG00000133074	1673.4242090046353	1309.3972789032057	1915.329765957604	1881.4472774752278	964.1605423107483	849.6086084010814
ENSG00000127350	238.51335412680524	124.85549957757223	146.94909910818268	178.87485934605328	231.7654411431968	131.23544484186328
ENSG00000172492	17.339094213782964	27.349299907468204	30.348183511472513	22.532302724254222	14.676439544687923	25.764013711286047
ENSG00000184563	2.621025869525332	0.5945499979884391	1.7969319184424513	0.9882588914146591	1.8345549430859904	2.6166576425524894
ENSG00000185596	33.06524943093496	36.465733209957605	26.155342368440127	26.090034733346997	18.345549430859904	29.990922210793915
ENSG00000228782	6.653373361102767	8.52188330450096	7.587045877868128	6.917812239902613	8.968935277309287	11.271755998687645
ENSG00000110149	202.62546145176609	171.4285827533333	237.39467233645274	301.02365832490517	432.1396088158111	369.3512903141398
ENSG00000154500	21.16982433078153	22.394716590897875	19.766251102866963	24.113516950517678	18.753228307101235	22.34223064025587
ENSG00000117278	3.427495367840819	1.1890999959768782	3.5938638368849025	1.9765177828293181	2.0383943812066563	2.214094928313645
ENSG00000179043	7.661460233997124	8.323699971838147	2.5955683266390963	14.626231592936954	22.830017069514547	5.4345966422244
ENSG00000131656	552.4316063461084	471.87451507015794	656.079809333544	648.2978327680163	590.3190127974476	662.618227637138
ENSG00000164053	5.040434364471793	7.332783308524084	10.382273306556385	9.091981801014864	9.172774715429952	14.894820426837246
ENSG00000225376	45.76714402940388	50.53674982901733	43.925002450815484	46.6458196747719	59.11343705499303	37.03576970997369
ENSG00000100680	136.8981973390539	218.39803259442	279.7224019708749	200.2212514006099	250.518669450298	337.5488358892711
ENSG00000115315	39.31538804287999	81.05698305909054	112.60773355572695	38.5420967651717	68.6938906466643	135.05979062713232
ENSG00000215044	0.40323474915774343	1.5854666613025044	0.798636408196645	2.7671248959610453	1.2230366287239935	1.610250856955378
ENSG00000157353	1.0080868728943586	1.3872833286396915	1.9965910204916126	1.5812142262634545	0.8153577524826625	1.2076881427165334
ENSG00000236635	5.242051739050664	4.954583316570327	4.192841143032387	7.9060711313172725	2.2422338193273217	4.226908499507867
ENSG00000152882	76.41298496539238	74.51693308121772	75.2714814725338	51.587114131845205	81.73961468638691	54.94981049360227
ENSG00000147344	36.89597954793352	50.73493316168014	39.931820409832255	35.972623647493585	46.06771301527043	73.46769534858912
ENSG00000217198	4.838816989892921	6.341866645210017	4.79181844917987	4.3483391222245	5.707504267378637	5.837159356463245
ENSG00000248214	16.331007340888608	16.84558327633911	11.180909714753032	24.706472285366477	23.64537482199721	36.029362924376585
ENSG00000191382	21.573059079939274	25.36746658084007	46.32091167540541	43.87869477881086	40.56404818601246	52.33315285104978
ENSG00000107501	0.8064694983154869	0.19818333266281304	2.795227428688258	0.5929553348487954	0.20383943812066563	1.4089694998359557
ENSG00000169950	1.2097042474732302	1.5854666613025044	1.397613714344129	3.3600802308098405	5.299825391137306	1.610250856955378
ENSG00000222469	45.76714402940388	45.78034984510982	45.12295706311044	30.63602563385443	20.383943812066562	44.08061720915347
ENSG00000223918	397.7910800441139	231.27994921750283	266.74456033767945	474.7595714356022	184.06701262296104	177.93271969356925
ENSG00000166473	31.85554518346173	25.565649913502885	18.368637388522835	11.463803140410045	13.657242354084595	9.460223784612845
ENSG00000123978	19.355267959571684	28.53839990344508	30.348183511472513	43.285739443962065	35.26422279487515	55.754935922079966
ENSG00000221989	477.22832562818934	300.8422989821502	550.6598034515868	783.0963455569757	307.7975515622051	761.6486553398937
ENSG00000211852	7.2582254848393815	6.7382333105356444	2.795227428688258	5.138946235356227	3.4652704480513155	9.258942427493423
ENSG00000241075	33.670101554671575	35.67299987930635	28.3515924909809	47.436426787903635	27.722163584410524	18.316603497867426
ENSG00000126508	24.597319698622346	29.925683232084772	17.570000980326192	9.091981801014864	24.664572012600537	12.680725498523602
ENSG00000203215	1390.958267219636	1039.4715798164546	907.8499370175363	477.7243481098462	1563.4484903855052	1494.3127952545908
ENSG00000205473	6.451755986523895	4.756399983907513	7.587045877868128	6.522508683336749	13.861081792205262	6.23972207070209
ENSG00000211084	3.024260618683076	4.360033318581888	3.793522938934064	5.336598013639159	5.503664829257971	5.032033927985556
ENSG00000158249	121.1720421219019	191.84146601760304	142.35693976105196	175.3171273369605	136.57242354084596	255.42604218454682
ENSG00000179583	9816.548350870684	10084.162515881915	12595.694111873387	6860.493224200563	9747.398091492109	8042.599186420754
ENSG00000221549	207.06104369250124	164.88853277546048	324.04672262578873	134.00790567582777	180.1940632986684	157.60330262450762
ENSG00000103890	814.1309585494839	341.86624884335254	170.1095549458854	264.8533828991286	369.1532224365254	297.6951271796255
ENSG00000114595	923.6091929458113	362.6754987729479	589.9926465552716	457.3662149467042	220.14659317031885	269.7170185400258
ENSG00000112822	62.50138611945023	116.7299829383969	70.0803448192556	88.54799667075345	104.16195287966012	138.68285505528192
ENSG00000100076	25.403789196937836	17.836499939653176	25.55636506229264	16.602749375766273	24.460732574479874	30.796047639271606
ENSG00000141437	1307.2870567694042	1044.8225297983506	1523.1992895330511	896.7461180696616	541.6013870866085	2047.2326832616438
ENSG00000139496	44.35582240735178	82.84063305305585	59.89773061474838	123.33470964854943	129.64188264474333	45.08702399475058
ENSG00000161546	4.233964866156306	9.314616635152214	2.795227428688258	1.9765177828293181	5.503664829257971	2.4153762854330667
ENSG00000233844	11.895425100153432	13.872833286396913	9.383977796310578	13.24266914495643	6.930540896102631	11.67431871292649
ENSG00000117467	34.27495367840819	31.511149893387277	24.957387756145156	25.299427620215273	38.93333268104713	23.952481497211245
ENSG00000217675	5.040434364471793	8.918249969826588	7.187727673769805	4.150687343941568	9.580453591671283	8.453816999015734
ENSG00000143597	27.621580317305426	32.30388322403853	32.34477453196413	33.40315052981547	35.46806223299581	32.80886121046582
ENSG00000133039	8.064694983154869	9.116433302489401	14.17579624549045	19.962829606576115	5.299825391137306	31.198610353510446
ENSG00000170361	16.53262471546748	24.178366584863195	14.774773551637933	6.522508683336749	18.957067745221902	12.278162784284756
ENSG00000139989	1.6129389966309737	4.558216651244701	1.1979546122949676	1.1859106696975907	1.0191971906033281	2.6166576425524894
ENSG00000117099	770.7832230150265	803.4352306150441	509.7296875315087	789.4212024620296	493.0876008138901	758.8307163402219
ENSG00000203437	3.2258779932619475	3.765483320593448	1.397613714344129	2.5694731176781134	3.26143100993065	2.4153762854330667
ENSG00000101109	3.830730116998562	1.9818333266281307	3.793522938934064	2.964776674243977	2.0383943812066563	2.214094928313645
ENSG00000153586	84.0744451993895	124.85549957757223	77.26807249302541	104.55779071167093	144.52216162755192	136.26747876984885
ENSG00000195315	16.734242090046354	11.69281662710597	21.163864817211092	19.567526050010247	13.861081792205262	21.939667926017023
ENSG00000210132	13.508364096784405	19.02559993563005	27.752615184833413	28.46185607274218	12.434205725360602	15.29738314107609
ENSG00000172418	851.2285554719964	1016.8786798928938	1007.2801698380185	607.3839146634494	1160.2540817828287	1956.857353915023
ENSG00000226263	7.2582254848393815	5.549133314558766	7.187727673769805	6.324856905053818	8.968935277309287	10.8691932844488
ENSG00000203723	1.6129389966309737	3.3691166552678222	1.397613714344129	0.9882588914146591	2.649912695568653	1.610250856955378
ENSG00000248205	4.032347491577434	5.15276664923314	6.588750367622321	4.150687343941568	5.707504267378637	6.441003427821512
ENSG00000124021	11.693807725574558	3.765483320593448	14.57511444958877	7.70841935303434	11.61884797287794	4.42818985662729
ENSG00000119420	63.71109036692346	63.22048311943737	25.955683266390963	65.42273861165042	64.00558356988901	56.35877999343823
ENSG00000125490	113.91381663706251	49.34764983304046	83.4575046565494	44.86695367022552	103.95811344153945	104.86758705921898
ENSG00000210912	253.63465722022062	325.61521556500185	250.9714912757957	341.3446210946232	296.5863824655684	321.84889003395614
ENSG00000245922	15.927772591730864	7.530966641186896	15.77306906188374	15.021535149502817	13.453402915963931	17.10891535515089
ENSG00000197659	62.29976874487136	69.95871642997301	85.65375477909018	103.96483537682212	111.29633321388341	70.64975634891721
ENSG00000206483	5.040434364471793	2.9727499899421956	3.9931820409832253	5.7319015702050224	4.688307076775309	5.4345966422244
ENSG00000207463	12.701894598468918	7.332783308524084	15.174091755736256	8.696678244449	14.676439544687923	16.907633998031468
ENSG00000108451	30.44422356140963	38.24938320392292	28.75091069507922	26.48533828991286	35.26422279487515	67.42925463500644
ENSG00000235529	1.8145563712098454	1.9818333266281307	3.394204734835742	3.5577320090927724	2.8537521336893183	1.610250856955378
ENSG00000223534	815.542280171536	455.82166512447003	454.82343446798933	758.7851768281752	545.0666575346598	899.9289476809367
ENSG00000118607	9.677633979785842	10.107349965803467	11.180909714753032	14.428579814654022	17.734031116497906	7.648691570538045
ENSG00000231502	6.451755986523895	3.3691166552678222	4.192841143032387	6.917812239902613	10.191971906033281	6.038440713582667
ENSG00000179214	5.846903862787279	4.161849985919074	4.192841143032387	5.5342497919220905	5.911343705499302	4.830752570866133
ENSG00000205192	66.53373361102766	30.718416562736024	46.12125257335625	44.471650113659656	33.225828413668495	59.37800035022956
ENSG00000161255	1275.6331289605212	1253.7077624249553	1314.3558687896286	672.411349718534	1332.0907281185498	660.4041327088244
ENSG00000139183	2.016173745788717	1.1890999959768782	0.9982955102458063	2.3718213393951815	2.446073257447987	2.214094928313645
ENSG00000106393	43.347735534457414	31.70933322605009	58.69977600245341	20.95108849799077	46.47539189151176	67.22797327788703
ENSG00000214410	3.024260618683076	6.936416643198457	3.394204734835742	3.7553837873757043	13.249563477843264	3.6230644281496
ENSG00000154996	207.46427844165896	166.47399943676297	97.03432359589237	98.43058558490003	110.68481489952143	122.17778377148932
ENSG00000186549	9.072781856049227	11.296449961780345	6.788409469671484	7.510767574751409	4.484467638654643	4.226908499507867
ENSG00000191376	0.0	0.5945499979884391	0.0	0.39530355656586363	0.0	0.4025627142388445
ENSG00000144694	1.4113216220521019	0.9909166633140654	5.390795755327353	3.162428452526909	2.2422338193273217	3.0192203567913336
ENSG00000230939	8.26631235773374	11.890999959768783	15.373750857785415	17.986311823746792	16.714833925894578	11.87560007004591
ENSG00000173428	18.75041583583507	13.278283288408476	19.366932898768642	9.88258891414659	9.988132467912616	11.67431871292649
ENSG00000150956	506.05961019296797	787.9769306673447	320.4528587889038	392.1411281133367	652.897720300492	690.797617633857
ENSG00000145622	64.92079461439668	69.16598309932176	119.79546122949677	52.377721244976925	83.16649075323157	110.70474641568224
ENSG00000149249	6.854990735681638	2.9727499899421956	1.397613714344129	2.5694731176781134	5.503664829257971	1.4089694998359557
ENSG00000157024	220.77102516386452	72.33691642192677	208.64376164137352	110.09204050359301	183.0478154323577	120.97009562877277
ENSG00000228336	21.774676454518143	18.431049937641614	18.568296490572	18.183963602029728	26.499126955686528	31.39989171062987
ENSG00000184506	1223.4142289445936	1776.713577322119	1630.2165682314017	2707.6317106978827	1129.0666477503667	2597.1333509119054
ENSG00000240824	12.097042474732303	15.061933282373792	25.15704685819432	7.9060711313172725	9.580453591671283	10.466630570209958
ENSG00000161241	8.064694983154869	6.7382333105356444	10.781591510654707	6.127205126770886	6.319022581740634	8.05125428477689
ENSG00000230493	71.17093322634172	55.68951647825047	85.25443657499186	40.71626632628395	46.06771301527043	89.16764120390405
ENSG00000245852	1072.8060501341763	814.7316805768245	944.3875526925328	838.4388434761967	1559.371701623092	1773.6913189363488
ENSG00000227383	25.000554447780093	20.01651659894412	6.988068571720644	20.95108849799077	20.383943812066562	10.8691932844488
ENSG00000113952	511.1000445574398	682.1470310254025	943.9882344884344	667.0747517048949	591.5420494261716	922.6737410354315
ENSG00000176323	39.31538804287999	36.465733209957605	46.919888981552894	23.32290983738595	33.02198897554783	38.0421764955708
ENSG00000158765	86.09061894517822	38.44756653658573	27.952274286882577	29.45011496415684	35.060383356754485	52.13187149393036
ENSG00000182111	371.5808213488605	515.0784815906511	431.4633195282375	202.19776918343922	370.3762590652494	286.82593389517666
ENSG00000248856	225.60984215375746	181.53593271913675	353.59626972906455	161.87680641372114	271.71797101484725	220.0005233315285
ENSG00000134309	147.98715294089183	69.7605330973102	70.28000392130477	64.43447972023577	102.32739793657414	94.19967513188962
ENSG00000119587	1054.660486422078	871.8084803837146	1252.2618880523396	1146.5779658192873	709.7689235361577	1365.0901639839217
ENSG00000107495	9.879251354364714	13.278283288408476	11.779887020900514	10.080240692429522	15.084118420929254	6.843566142060356
ENSG00000192251	0.0	0.19818333266281304	0.3993182040983225	0.0	0.20383943812066563	0.4025627142388445
ENSG00000230620	142.34186645268343	121.68456625496721	166.31603200695133	117.40515630006149	106.20034726086678	104.46502434498015
ENSG00000184970	54.63830851087423	72.13873308926395	38.933524899586445	53.95893547124038	49.125304587080414	28.9845154251968
ENSG00000118701	14.919685718836506	20.412883264269745	16.77136457212955	16.998052932332133	9.172774715429952	15.498664498195513
ENSG00000102824	412.30753101379264	609.8101146034758	389.7345671999628	201.60481384859042	390.35252400107464	359.891066529527
ENSG00000156890	0.20161737457887172	0.5945499979884391	0.798636408196645	0.39530355656586363	0.0	0.20128135711942224
ENSG00000220695	15.322920467994248	14.26919995172254	12.179205224998837	17.986311823746792	19.364746621463233	17.91404078362858
ENSG00000226990	301.61959236999206	214.83073260648936	565.4345770032247	330.6714250673449	468.2191893631689	240.12865904347075
ENSG00000247728	83.4695930756529	75.9042164098574	63.890912655731604	33.60080230809841	53.40593278761439	75.68179027690276
ENSG00000204853	553.4396932190028	314.71513226854717	345.80956474914734	463.0981165169092	342.45025604271825	144.92257712598402
ENSG00000238505	56.85609963124182	51.92403315765702	39.931820409832255	38.5420967651717	74.60523435216362	33.815267996062936
ENSG00000122339	2.217791120367589	3.567299987930635	2.5955683266390963	2.5694731176781134	1.0191971906033281	2.8179389996719113
ENSG00000201458	0.6048521237366151	1.9818333266281307	2.5955683266390963	0.7906071131317273	1.2230366287239935	2.0128135711942226
ENSG00000235750	43.347735534457414	36.86209987528323	36.13829747089819	53.95893547124038	25.683769203203866	20.731979783300492
ENSG00000149467	1.0080868728943586	1.7836499939653174	2.795227428688258	1.3835624479805226	4.280628200533978	1.8115322140748
ENSG00000228134	1111.314968678741	958.414596757364	595.583101412648	521.0100875538081	808.0195327103185	385.05123616945474
ENSG00000130748	4.032347491577434	4.161849985919074	2.5955683266390963	5.5342497919220905	5.503664829257971	2.0128135711942226
ENSG00000226551	2.016173745788717	0.7927333306512522	0.798636408196645	0.9882588914146591	0.8153577524826625	0.4025627142388445
ENSG00000143622	15.322920467994248	18.034683272315988	8.18602318401561	16.602749375766273	8.561256401067956	12.076881427165334
ENSG00000239348	93.55046180459647	86.01156637566086	78.66568620736953	93.68694290610968	83.98184850571423	158.81099076722415
ENSG00000183520	36.29112742419691	20.412883264269745	33.34307004220993	27.275945403044588	19.568586059583897	19.9268543548228
ENSG00000169869	12.097042474732303	29.13294990143352	17.76966008237535	19.567526050010247	12.841884601601933	11.87560007004591
ENSG00000187516	13.911598845942148	8.918249969826588	7.187727673769805	13.835624479805226	11.61884797287794	6.843566142060356
ENSG00000227925	0.6048521237366151	0.3963666653256261	1.1979546122949676	0.39530355656586363	1.0191971906033281	1.2076881427165334
ENSG00000165137	56.04963013292633	34.48389988332947	33.34307004220993	75.30532752579703	55.03664829257971	36.230644281496005
ENSG00000216465	188.31062785666617	165.2848994407861	109.41318792294037	119.57932586117374	126.176612196692	149.14948562549188
ENSG00000132043	1.8145563712098454	2.180016659290944	3.9931820409832253	2.17416956111225	2.446073257447987	6.441003427821512
ENSG00000151023	89.92134906217679	75.9042164098574	42.92670694056967	81.63018443085083	78.88586255269759	41.665240923720404
ENSG00000112251	1.2097042474732302	0.5945499979884391	0.798636408196645	0.5929553348487954	1.2230366287239935	0.4025627142388445
ENSG00000236057	38.508918544564494	44.39306651647013	28.551251593030063	34.39140942123013	54.42512997821772	47.30111892306422
ENSG00000194884	1.2097042474732302	2.57638332461657	4.991477551229032	5.5342497919220905	3.26143100993065	5.635877999343823
ENSG00000117031	125.00277223890046	95.7225496761387	187.28023772211327	96.65171958035366	120.26526849119271	143.71488898326749
ENSG00000187771	0.6048521237366151	1.5854666613025044	1.9965910204916126	0.7906071131317273	2.649912695568653	3.220501713910756
ENSG00000204062	1.4113216220521019	1.5854666613025044	1.397613714344129	2.3718213393951815	1.630715504965325	2.4153762854330667
ENSG00000165989	14.516450969678763	16.84558327633911	8.18602318401561	14.428579814654022	11.007329658515943	16.505071283792624
ENSG00000115153	18.347181086677327	29.727499899421957	33.74238824630825	43.08808766567913	22.830017069514547	13.284569569881867
ENSG00000215070	11.492190350995687	21.601983260246623	15.77306906188374	10.673196027278317	7.949738086705959	9.86278649885169
ENSG00000200436	109.88146914548507	64.40958311541425	135.16921208728218	65.2250868333675	113.33472759509007	173.50452983694197
ENSG00000135456	28.42804981562091	34.285716550666656	13.976137143441289	52.18006946669399	38.5256538048058	32.00373578198814
ENSG00000133010	14.314833595099891	13.476466621071289	8.785000490163096	15.614490484351613	23.441535383876545	11.271755998687645
ENSG00000244358	605.4569758603517	579.0916980407397	426.67150107905763	580.5032728169707	495.7375135094588	1809.116837789367
ENSG00000209160	131.45452822542435	108.60446629922156	169.9098958438362	94.47755001924139	220.35043260843952	129.4239126277885
ENSG00000246479	34.07333630382932	53.31131648629672	49.31579820614283	35.57732009092772	32.002791784944506	30.39348492503276
ENSG00000244285	55.44477800918972	65.59868311139113	56.303866777863476	48.424685679318294	47.49458908211509	76.8894784196193
ENSG00000162016	1.0080868728943586	0.7927333306512522	0.0	0.7906071131317273	0.40767887624133126	0.6038440713582667
ENSG00000220398	2.8226432441042038	1.5854666613025044	1.1979546122949676	1.3835624479805226	1.8345549430859904	0.805125428477689
ENSG00000192751	1762.7407059430752	1903.5509102263195	1984.411815266614	1728.8601046408046	1892.4453435122593	1527.322937822176
ENSG00000196849	1.0080868728943586	1.7836499939653174	1.9965910204916126	0.9882588914146591	1.0191971906033281	0.6038440713582667
ENSG00000213299	179.03622862603808	376.94469872467045	177.69660082375353	182.23493957686313	372.4146534464561	178.73784512204696
ENSG00000246532	45.16229190566726	43.60033318581887	24.558069552046835	41.309221661132746	148.39511095184457	93.1932683462925
ENSG00000219453	11.492190350995687	13.278283288408476	13.177500735244642	10.673196027278317	3.669109886171981	10.466630570209958
ENSG00000194308	3009.9457850879758	5998.2167463727	4869.485839876994	4150.884995719851	4864.220511873444	3942.0953791838842
ENSG00000204617	25.000554447780093	9.116433302489401	11.779887020900514	24.31116872880061	15.084118420929254	12.680725498523602
ENSG00000125339	512.309748804913	627.646614543129	362.58092932127687	666.481796370046	404.2136057932799	458.72021287516327
ENSG00000176947	9.677633979785842	3.765483320593448	9.383977796310578	4.743642678790363	5.299825391137306	9.661505141732267
ENSG00000226211	38.71053591914337	72.73328308725239	80.06329992171366	31.031329190420294	46.47539189151176	48.50880706578076
ENSG00000174243	27.21834556814768	46.57308317576107	64.09057175778076	39.72800743486929	33.225828413668495	46.89855620882538
ENSG00000149287	61.29168187197699	59.05863313351829	47.9181844917987	19.172222493444387	40.971727062253784	34.21783071030178
ENSG00000213571	351.41908389097335	234.84724920543346	247.9766047450583	164.84158308796515	202.41256205382095	331.71167653280787
ENSG00000207677	38.105683795406755	37.65483320593448	36.53761567499651	68.58516706417733	41.99092425285711	61.59209527854321
ENSG00000129854	3.2258779932619475	2.3781999919537564	0.9982955102458063	1.9765177828293181	2.446073257447987	4.025627142388445
ENSG00000242665	59.07389075160941	43.203966520493246	39.73216130778309	48.424685679318294	36.69109886171981	22.34223064025587
ENSG00000212667	1.2097042474732302	0.3963666653256261	0.3993182040983225	1.3835624479805226	0.8153577524826625	1.0064067855971113
ENSG00000157763	424.8078082376827	387.44841535579957	317.8572904622647	683.875152858944	281.90994292088055	315.4078866061347
ENSG00000205061	257.46538733721917	261.4038157822504	205.44921600858694	210.6967956496053	188.75531969973636	173.30324847982254
ENSG00000242755	319.9667734566694	247.7291658285163	151.1419402512151	143.49519103340847	105.99650782274611	227.64921490206657
ENSG00000154354	20.968206956202657	17.241949941664735	19.566592000817806	17.591008267180932	17.122512802135912	13.083288212762445
ENSG00000135662	51.815665266770026	89.18249969826589	81.86023184015612	56.528408588918495	70.12076671350897	60.78696985006552
ENSG00000155450	0.20161737457887172	0.19818333266281304	0.19965910204916126	0.0	0.20383943812066563	0.20128135711942224
ENSG00000234482	7.05660811026051	6.936416643198457	6.189432163524	17.591008267180932	8.153577524826625	5.837159356463245
ENSG00000125770	35.28304055130255	8.720066637163775	51.711707430732766	84.59496110509481	38.729493242926466	35.02295613877947
ENSG00000106207	0.0	0.0	0.19965910204916126	0.5929553348487954	0.0	0.20128135711942224
ENSG00000209768	31.452310434303985	31.312966560724465	53.30898024712606	28.46185607274218	38.5256538048058	39.8537087096456
ENSG00000193278	10.887338227259072	13.674649953734102	19.965910204916128	20.95108849799077	12.638045163481268	16.3037899266732
ENSG00000164284	33.87171892925045	51.72584982499421	55.904548573765155	75.30532752579703	38.5256538048058	42.87292906643693
ENSG00000187494	3.2258779932619475	10.900083296454717	2.9948865307374186	7.510767574751409	6.930540896102631	7.447410213418623
ENSG00000133618	533.4795731356945	248.12553249384197	500.54536883724734	419.0217699598154	543.0282631534532	455.9022738754914
ENSG00000162353	13.306746722205533	24.772916582851632	29.15022889917754	17.591008267180932	30.372076279979176	15.699945855314935
ENSG00000144510	350.0077622689213	298.66228232285926	310.4699036864458	267.22520423852376	360.7958054735781	306.1489441786412
ENSG00000187678	157.86640429525656	263.5838324415414	227.61137633604383	136.77503057178882	287.82128662637984	145.12385848310345
ENSG00000132434	2.621025869525332	1.7836499939653174	2.395909224589935	2.5694731176781134	0.8153577524826625	3.6230644281496
ENSG00000191064	0.20161737457887172	0.19818333266281304	0.5989773061474838	0.39530355656586363	1.630715504965325	0.6038440713582667
ENSG00000137938	15.927772591730864	11.296449961780345	11.779887020900514	15.41683870606868	9.376614153550618	19.323010283464534
ENSG00000168364	55.44477800918972	41.22213319386512	39.73216130778309	72.73585440811891	53.813611663855724	46.89855620882538
ENSG00000246109	51.21081314303341	59.25681646618111	43.525684246717155	32.217239860117886	44.640836948425765	107.48424470177147
ENSG00000127362	13.709981471363276	13.872833286396913	11.979546122949674	11.463803140410045	5.503664829257971	7.2461288562992
ENSG00000132672	2115.369494081522	2008.7862598702732	3022.439486820203	2990.4714054207584	2174.966804747502	1388.640082766894
ENSG00000114908	15.322920467994248	12.485549957757224	22.56147853155522	18.38161538031266	13.657242354084595	26.569139139763735
ENSG00000221280	439.5258765819403	420.3468485778265	644.6992405167417	427.52079642598153	598.2687508841535	602.2338205013112
ENSG00000123144	1.6129389966309737	0.5945499979884391	1.1979546122949676	0.7906071131317273	0.20383943812066563	0.805125428477689
ENSG00000215149	87.09870581807257	66.98596644003081	69.0820493090098	66.21334572478214	67.67469345606098	91.3817361322177
ENSG00000108535	13.709981471363276	26.952933242142578	21.163864817211092	24.113516950517678	20.587783250187226	22.34223064025587
ENSG00000249828	378.63742945912105	356.33363212773787	114.80398367826773	219.3934738940543	327.77381649803027	307.5579136784772
ENSG00000249047	6311.631911191578	2257.506342362103	4610.727643621281	6583.18777926961	7022.26864325693	3837.6303548389046
ENSG00000115875	8.871164481470355	5.747316647221579	3.5938638368849025	10.277892470712453	8.561256401067956	7.044847499179779
ENSG00000106447	10.080868728943585	12.089183292431597	6.38909126557316	6.522508683336749	5.707504267378637	7.8499729276574675
ENSG00000114276	30.242606186830756	15.061933282373792	19.566592000817806	18.38161538031266	21.810819878911218	17.31019671227031
ENSG00000118315	12.298659849311173	13.278283288408476	11.979546122949674	16.800401154049204	12.230366287239937	8.655098356135156
ENSG00000120881	29.2345193139364	27.547483240131015	33.94204734835741	37.9491414303229	21.199301564549224	19.9268543548228
ENSG00000210066	34.87980580214481	20.01651659894412	18.568296490572	39.33270387830343	22.830017069514547	17.71275942650916
ENSG00000146718	3.6291127424196907	10.107349965803467	5.7901139594256765	8.89433002273193	8.968935277309287	11.67431871292649
ENSG00000140379	23.992467574885733	44.59124984913294	18.96761469467032	31.031329190420294	19.97626493582523	23.549918782972405
ENSG00000215580	18.95203321041394	25.96201657882851	20.165569306965285	12.254410253541772	16.103315611532583	9.661505141732267
ENSG00000162485	266.9414039424261	245.5491491692254	788.2541348900886	413.09221661132744	362.01884210230213	588.9492509314294
ENSG00000207660	18.75041583583507	3.1709333226050087	4.392500245081548	9.091981801014864	6.5228620198613	6.038440713582667
ENSG00000117873	116.9380772557456	165.6812661061117	88.24932310572927	124.71827209652997	221.7773086752842	122.17778377148932
ENSG00000214043	106.05073902848652	55.88769981091328	76.8687542889271	67.79455995104561	117.81919523374472	67.0266919207676
ENSG00000125040	57.259334380399565	39.24029986723699	63.29193534958412	49.412944570732954	41.583245376615785	45.28830535187001
ENSG00000137831	214.31926917734063	401.1230653095336	332.83172311595183	224.9277236859764	223.81570305649083	178.3352824078081
ENSG00000160728	0.40323474915774343	0.19818333266281304	0.19965910204916126	0.5929553348487954	0.8153577524826625	0.6038440713582667
ENSG00000243336	111.29279076753718	67.97688310334487	56.104207675814315	40.51861454800102	110.68481489952143	74.07153941994738
ENSG00000208367	6.854990735681638	8.52188330450096	2.5955683266390963	4.3483391222245	5.707504267378637	9.86278649885169
ENSG00000119727	0.20161737457887172	0.19818333266281304	0.0	0.5929553348487954	0.0	0.0
ENSG00000105248	14.718068344257635	13.476466621071289	12.179205224998837	6.522508683336749	8.968935277309287	14.894820426837246
ENSG00000127321	93.34884443001759	28.53839990344508	27.552956082784256	28.066552516176316	43.82547919594311	43.27549178067578
ENSG00000156679	0.40323474915774343	0.5945499979884391	0.5989773061474838	0.39530355656586363	0.0	0.4025627142388445
ENSG00000134740	59.07389075160941	60.24773312949517	50.713411920486955	39.72800743486929	55.85200604506238	45.69086806610885
ENSG00000202503	4.435582240735178	2.180016659290944	3.5938638368849025	1.5812142262634545	5.503664829257971	3.0192203567913336
ENSG00000148266	5.6452864882084075	2.774566657279383	1.7969319184424513	4.150687343941568	9.376614153550618	9.460223784612845
ENSG00000223409	592.5534638873039	478.81093171335635	416.6885459765996	428.3114035391132	808.8348904628011	527.1558742957668
ENSG00000234864	532.6731036373791	337.70439885743343	257.16092343931973	192.11752849100972	394.429312763488	152.1687059822832
ENSG00000115191	93.14722705543873	53.70768315162234	88.6486413098276	138.7515483546181	83.77800906759357	133.24825841305753
ENSG00000137266	41.53317916324757	56.680433141564535	69.88068571720645	50.99415879699641	89.89319221121355	54.345966422244004
ENSG00000232866	9.677633979785842	2.180016659290944	3.394204734835742	5.7319015702050224	5.503664829257971	5.032033927985556
ENSG00000129117	825.6231489004797	1134.5995794946048	562.4396904724873	1601.9676629831622	861.2216260598121	1186.5536002189942
ENSG00000189466	317.54736496172296	236.23453253407317	393.52809013889686	251.0177584193234	214.6429283410609	257.6401371128605
ENSG00000236806	64.51755986523895	108.20809963389593	143.15557616924863	139.146851911184	152.4718997142579	91.58301748933712
ENSG00000135378	249.80392710322204	776.4822973729016	556.4499174110125	457.16856316842126	452.1158737516363	278.7746796103998
ENSG00000194844	52.823752139664386	46.96944984108669	26.75431967458761	43.483391222245	35.26422279487515	55.956217279199386
ENSG00000127135	51.21081314303341	36.465733209957605	46.52057077745457	22.136999167688362	47.90226795835642	24.35504421145009
ENSG00000162673	166.53595140214802	139.1246995292948	105.42000588195714	271.7711951390312	149.82198701868924	81.518949633366
ENSG00000174649	197.98826183645204	131.59373288810787	173.50375968072115	71.54994373842132	156.34484903855054	114.52909220095125
ENSG00000159462	809.4937589341699	779.6532306955066	618.1445799442033	755.8204001539311	690.4041769146944	814.7869336194212
ENSG00000102686	12.500277223890047	13.872833286396913	7.587045877868128	11.859106696975909	11.822687410998604	16.505071283792624
ENSG00000119718	1122.2023069059999	754.6821307799921	1014.06857930769	982.3293380661711	1600.9549469997078	921.2647715355956
ENSG00000121526	44.75905715650952	28.93476656877071	32.54443363401329	59.493185263162474	50.3483412158044	43.678054494914626
ENSG00000164878	147.38230081715523	309.1659989539883	159.12830433318155	216.62634899809328	145.13367994191393	257.0362930415022
ENSG00000245382	50.60596101929679	49.74401649836608	49.515457308192	31.426632746986154	66.45165682733699	53.74212235088574
ENSG00000141964	0.40323474915774343	0.3963666653256261	0.9982955102458063	0.9882588914146591	0.8153577524826625	0.4025627142388445
ENSG00000139269	30.44422356140963	41.61849985919074	14.774773551637933	18.579267158595588	46.06771301527043	17.10891535515089
ENSG00000170259	19.556885334150554	24.57473325018882	9.383977796310578	10.87084780556125	20.995462126428556	17.71275942650916
ENSG00000212022	14.314833595099891	8.52188330450096	15.972728163932901	20.555784941424907	7.338219772343962	12.076881427165334
ENSG00000122677	8269.941470476158	8265.434072035281	3699.6831609709584	4723.679849183787	4362.367815220365	7375.754050284108
ENSG00000134457	19.758502708729427	26.754749909479763	7.387386775818967	6.324856905053818	7.338219772343962	15.29738314107609
ENSG00000147999	43.952587658194034	119.50454959567628	110.21182433113702	106.9296120510661	103.95811344153945	81.92151234760486
ENSG00000142097	109.0749996471696	137.73741620065508	126.18455249506992	106.33665671621732	80.92425693390425	191.61985197768996
ENSG00000142599	16.53262471546748	17.44013327432755	6.988068571720644	11.068499583844181	20.587783250187226	16.505071283792624
ENSG00000139968	1.0080868728943586	1.1890999959768782	1.397613714344129	1.7788660045463862	1.630715504965325	2.0128135711942226
ENSG00000124106	4.838816989892921	3.567299987930635	5.7901139594256765	3.3600802308098405	5.707504267378637	4.025627142388445
ENSG00000240406	397.38784529495615	651.6267977953294	712.9826534175548	1140.6484124707995	687.5504247810051	798.4831436927481
ENSG00000172861	10.887338227259072	11.890999959768783	2.9948865307374186	5.5342497919220905	5.503664829257971	6.642284784940934
ENSG00000169937	37.50083167167014	79.66969973045086	33.74238824630825	43.87869477881086	96.0083753548335	102.65349213090535
ENSG00000144133	50.20272627013906	30.718416562736024	117.9985293110543	77.28184530862634	81.73961468638691	66.0202851351705
ENSG00000151937	3.830730116998562	7.72914997384971	1.1979546122949676	6.522508683336749	5.503664829257971	3.0192203567913336
ENSG00000248191	138.91437108484263	235.0454325380963	133.77159837293803	139.9374590243157	226.4656157520595	134.25466519865464
ENSG00000126232	78.22754133660221	98.29893300075528	77.46773159507457	53.16832835810866	75.21675266652562	55.35237320784112
ENSG00000198922	1.6129389966309737	1.9818333266281307	2.196250122540774	1.9765177828293181	2.0383943812066563	2.0128135711942226
ENSG00000181911	4.435582240735178	3.765483320593448	1.59727281639329	5.7319015702050224	4.484467638654643	1.610250856955378
ENSG00000113130	13.508364096784405	7.927333306512523	8.18602318401561	7.115464018185545	6.319022581740634	9.460223784612845
ENSG00000240538	155.04376105115236	151.21388282172637	166.71535021104964	343.5187906557355	210.76997901676825	323.66042224803095
ENSG00000124162	4.233964866156306	3.1709333226050087	4.79181844917987	4.545990900507432	5.0959859530166405	8.85637971325458
ENSG00000237508	0.0	0.19818333266281304	0.0	0.7906071131317273	0.20383943812066563	1.0064067855971113
ENSG00000132157	1522.4127954450603	822.2626472180115	1057.7939226564565	1081.9458343207687	1044.4732809302905	768.6935028390735
ENSG00000152076	5.443669113629536	2.774566657279383	3.9931820409832253	2.3718213393951815	4.076788762413313	4.226908499507867
ENSG00000186116	12.500277223890047	8.720066637163775	9.783296000408903	4.150687343941568	10.191971906033281	10.064067855971112
ENSG00000184714	10.282486103522459	6.5400499778728305	8.785000490163096	7.313115796468477	5.0959859530166405	5.032033927985556
ENSG00000199656	0.20161737457887172	0.19818333266281304	0.3993182040983225	0.39530355656586363	0.8153577524826625	0.20128135711942224
ENSG00000129966	372.58890822175493	462.16353176968005	384.5434305466846	568.6441661199948	390.7602028773159	341.9770257458984
ENSG00000120949	157.26155217151995	219.78531592305967	185.08398759957248	134.79851278895947	289.04432325510385	117.95087527198143
ENSG00000143221	286.095054527419	146.45748283781884	164.11978188441054	235.6009197132547	378.32599715195533	207.72236054724377
ENSG00000146827	58.87227337703054	45.78034984510982	90.24591412622088	43.483391222245	47.08691020587376	75.2792275626639
ENSG00000194411	6263.445358667228	5164.261282527583	6697.364919137065	11856.734875636514	7484.372649476479	9698.339630085122
ENSG00000119478	1.8145563712098454	1.5854666613025044	2.196250122540774	1.5812142262634545	1.2230366287239935	2.214094928313645
ENSG00000238323	33.670101554671575	49.14946650037764	45.32261616515961	19.962829606576115	43.82547919594311	39.048583281167915
ENSG00000233926	11.088955601837945	8.918249969826588	16.37204636803122	10.080240692429522	11.61884797287794	16.505071283792624
ENSG00000166832	0.0	0.0	0.0	0.19765177828293182	0.40767887624133126	0.0
ENSG00000110185	4.032347491577434	6.5400499778728305	5.989773061474837	6.324856905053818	4.280628200533978	4.226908499507867
ENSG00000217897	13.911598845942148	12.881916623082848	20.36522840901445	23.32290983738595	8.357416962947289	14.894820426837246
ENSG00000114125	12.701894598468918	27.745666572793827	9.982955102458064	23.32290983738595	22.014659317031885	16.3037899266732
ENSG00000204600	14.516450969678763	6.5400499778728305	12.179205224998837	13.835624479805226	9.988132467912616	18.115322140748003
ENSG00000198184	17.74232896294071	28.340216570782268	30.74750171557083	10.475544248995385	35.26422279487515	25.16016963992778
