gene_id	GSM4280001	GSM4280002	GSM4280003	GSM4280004	GSM4280005	GSM4280006
ENSG00000075624	25	31	14	18	44	19
ENSG00000111640	17	10	8	18	12	5
ENSG00000166710	53	52	54	93	68	57
ENSG00000165704	348	380	344	454	224	319
ENSG00000256269	1242	1386	730	1216	1180	1265
ENSG00000073578	189	227	198	126	255	188
ENSG00000112592	29	30	36	35	46	22
ENSG00000089157	37	24	39	44	27	19
ENSG00000164924	565	416	563	763	577	512
ENSG00000196262	2890	3450	4214	5607	1901	3811
ENSG00000109373	234	185	261	133	347	236
ENSG00000139648	8	8	19	8	7	21
ENSG00000137940	22	16	13	25	18	21
ENSG00000113793	1682	4274	5151	1874	6501	4718
ENSG00000216504	167	143	218	144	209	140
ENSG00000226771	7	2	5	10	3	2
ENSG00000208319	181	144	62	74	153	90
ENSG00000186442	20	15	4	10	17	20
ENSG00000138679	56	54	34	39	31	30
ENSG00000183643	54	46	60	64	68	90
ENSG00000221870	38	33	33	18	11	15
ENSG00000241656	468	353	430	299	795	487
ENSG00000146972	97	116	96	67	45	137
ENSG00000195349	32	41	24	26	49	49
ENSG00000149512	244	302	364	207	441	253
ENSG00000138503	607	725	1002	386	704	869
ENSG00000119021	10	1	10	13	4	7
ENSG00000214608	83	83	43	70	62	41
ENSG00000101713	21	26	28	27	14	4
ENSG00000165887	53	114	74	91	73	104
ENSG00000143587	10	6	8	16	17	5
ENSG00000156457	200	326	268	89	170	134
ENSG00000128438	140	144	80	138	98	198
ENSG00000210036	70	49	99	106	63	65
ENSG00000183427	26	7	38	14	13	21
ENSG00000194920	113	45	70	79	65	66
ENSG00000247684	16	24	18	9	33	7
ENSG00000237598	6	9	5	8	12	9
ENSG00000125239	161	387	236	151	321	166
ENSG00000213296	25	10	18	22	27	29
ENSG00000149610	1562	1556	1415	1003	792	1649
ENSG00000201759	433	650	877	393	550	675
ENSG00000106945	1	2	5	4	2	3
ENSG00000178906	392	235	376	123	227	342
ENSG00000146753	21	23	14	22	9	9
ENSG00000121397	152	114	192	71	188	153
ENSG00000161657	163	113	248	245	198	126
ENSG00000213765	3	3	7	0	5	4
ENSG00000142787	87	85	89	131	117	73
ENSG00000157552	64	81	55	101	54	80
ENSG00000112461	398	813	787	1015	1121	890
ENSG00000132060	13	10	17	18	16	12
ENSG00000108566	1021	936	597	310	644	797
ENSG00000243849	8	23	27	11	17	12
ENSG00000197862	114	48	77	92	87	98
ENSG00000225172	31	36	18	23	22	17
ENSG00000114452	2743	3631	2182	1543	2956	1853
ENSG00000216566	206	249	346	663	381	253
ENSG00000137925	12584	18062	15310	25694	19043	12841
ENSG00000113983	259	632	623	749	738	463
ENSG00000226338	1004	657	785	558	575	994
ENSG00000210167	524	712	700	986	911	853
ENSG00000228913	34	76	75	68	65	47
ENSG00000170559	116	92	100	66	116	115
ENSG00000243106	3155	2043	1978	1292	2420	1106
ENSG00000223018	55	53	37	79	37	57
ENSG00000245946	323	133	143	214	230	187
ENSG00000154370	250	160	153	165	185	74
ENSG00000111148	496	392	222	358	797	493
ENSG00000185034	62	54	47	49	80	100
ENSG00000119294	138	80	114	129	102	75
ENSG00000138743	330	305	142	219	253	113
ENSG00000154075	148	109	158	243	211	89
ENSG00000127620	25	18	25	28	29	19
ENSG00000217374	799	603	694	631	795	921
ENSG00000122398	14	9	4	7	7	11
ENSG00000210656	15	7	11	10	8	16
ENSG00000217360	11	8	12	14	4	7
ENSG00000108910	962	762	1593	830	1063	950
ENSG00000211087	74	98	96	73	36	43
ENSG00000189281	26	15	10	37	26	28
ENSG00000221310	23	18	12	23	13	16
ENSG00000169230	361	311	241	363	169	210
ENSG00000136361	14	11	19	17	25	8
ENSG00000201811	11	4	4	5	12	7
ENSG00000174746	335	446	238	508	325	444
ENSG00000239533	10	11	15	5	15	17
ENSG00000249259	72	77	64	78	87	62
ENSG00000186042	50	126	178	143	128	124
ENSG00000121962	55	46	76	55	40	102
ENSG00000198557	81	112	123	104	104	149
ENSG00000100047	4306	1879	1252	1427	1510	3170
ENSG00000172904	49	41	28	30	40	42
ENSG00000240765	13	4	7	8	11	17
ENSG00000184062	2	2	5	2	0	2
ENSG00000205598	90	57	164	76	161	115
ENSG00000144960	106	66	35	92	43	78
ENSG00000239788	319	333	256	286	305	219
ENSG00000246601	57	43	95	45	51	75
ENSG00000207496	43	40	62	74	61	72
ENSG00000144824	51	41	43	25	36	42
ENSG00000147955	73	46	28	39	50	31
ENSG00000128723	312	213	87	135	248	219
ENSG00000192858	67	63	109	54	108	64
ENSG00000157022	144	272	244	101	159	74
ENSG00000188555	4788	3942	12323	6280	5703	7436
ENSG00000156663	149	335	126	445	383	335
ENSG00000197310	5	3	6	5	5	15
ENSG00000225427	7654	7016	4073	3734	4651	3502
ENSG00000128582	197	354	247	310	334	326
ENSG00000138390	27	19	19	27	26	37
ENSG00000169130	1111	911	864	1235	920	905
ENSG00000166674	169	99	173	139	284	222
ENSG00000161916	29	42	70	57	41	53
ENSG00000209480	58	40	31	42	48	47
ENSG00000157421	28	13	19	37	12	30
ENSG00000140093	248	193	218	145	177	163
ENSG00000112246	1073	1472	2058	792	1251	730
ENSG00000100153	104	73	62	74	101	73
ENSG00000232958	456	436	361	458	467	264
ENSG00000171611	7905	5305	8737	6393	5871	4216
ENSG00000119217	9	13	14	8	16	9
ENSG00000220741	199	353	281	263	258	344
ENSG00000195709	86	119	82	106	74	55
ENSG00000168339	15	22	13	5	12	21
ENSG00000168766	17	19	20	19	26	30
ENSG00000146351	93	187	171	204	133	138
ENSG00000203731	464	345	209	323	217	261
ENSG00000236226	49	61	33	84	56	70
ENSG00000108020	189	197	142	126	130	198
ENSG00000107496	622	484	546	1166	441	687
ENSG00000197408	235	174	454	194	423	173
ENSG00000183207	715	477	899	417	1214	923
ENSG00000211737	390	294	326	576	431	183
ENSG00000192753	295	494	228	366	294	255
ENSG00000219805	4005	5491	6562	5858	6650	8311
ENSG00000109039	512	274	343	767	610	372
ENSG00000133475	148	145	125	116	116	109
ENSG00000174463	444	515	518	887	364	659
ENSG00000168975	25	14	31	26	20	11
ENSG00000237123	68	127	101	87	70	48
ENSG00000203415	557	1198	307	920	781	878
ENSG00000247640	595	562	406	329	343	408
ENSG00000190424	2294	2280	4314	2117	1591	2956
ENSG00000232521	134	146	108	139	122	193
ENSG00000211801	6	4	14	5	13	4
ENSG00000158867	10416	5006	8177	7632	11282	11113
ENSG00000173245	1528	1954	1433	789	1197	1029
ENSG00000154014	17	17	21	10	16	18
ENSG00000192819	2095	2324	1738	2159	1466	1360
ENSG00000136100	217	106	206	70	151	277
ENSG00000231455	2	2	2	2	1	2
ENSG00000216836	86	59	37	51	63	79
ENSG00000112841	17	83	29	39	30	45
ENSG00000213819	5119	5108	2416	3909	3001	3401
ENSG00000223375	40	26	47	34	20	22
ENSG00000205768	74	82	32	74	100	77
ENSG00000190595	132	74	76	50	80	100
ENSG00000133877	59	57	57	65	72	48
ENSG00000143659	26	13	27	20	15	10
ENSG00000164921	191	144	204	141	140	207
ENSG00000193130	1680	2005	908	1125	946	1675
ENSG00000215670	446	596	684	436	647	484
ENSG00000186114	28	16	65	19	15	23
ENSG00000123581	7	11	12	10	5	17
ENSG00000222967	259	200	196	202	138	283
ENSG00000111520	33	23	26	50	32	49
ENSG00000211491	58	53	50	31	45	25
ENSG00000150629	5	3	6	4	4	7
ENSG00000112835	6338	7075	3568	6901	6815	6148
ENSG00000142970	420	732	778	804	1032	1162
ENSG00000201650	24	29	24	14	24	19
ENSG00000224912	1174	917	1053	589	1171	1251
ENSG00000245860	2825	1175	2277	1389	3500	3023
ENSG00000153699	2	2	1	4	2	2
ENSG00000157130	63	40	15	47	84	56
ENSG00000216987	51	92	81	76	116	46
ENSG00000222500	500	493	708	468	500	573
ENSG00000213433	88	147	114	97	60	201
ENSG00000155532	135	71	105	65	64	31
ENSG00000248098	45	134	108	136	151	159
ENSG00000215673	4424	4860	4379	5694	6666	6950
ENSG00000116074	13434	9387	3943	9115	21079	11057
ENSG00000243789	46	57	30	60	50	52
ENSG00000182288	28	33	32	19	36	37
ENSG00000228499	36571	35545	21265	26553	22362	29878
ENSG00000211949	29	25	7	13	23	10
ENSG00000181144	34	29	48	45	44	30
ENSG00000122183	176	206	116	76	150	136
ENSG00000129402	578	242	310	271	411	381
ENSG00000218857	1660	1167	1479	654	788	948
ENSG00000199416	188	200	226	175	335	291
ENSG00000107853	28	41	33	29	39	13
ENSG00000213124	351	600	313	218	336	461
ENSG00000189720	418	240	195	283	245	203
ENSG00000122506	6901	6970	8476	8335	5070	4699
ENSG00000111926	82	202	124	75	106	115
ENSG00000183544	6	9	10	8	8	6
ENSG00000134825	9	8	21	11	23	11
ENSG00000136275	3239	2063	3158	1490	2596	3505
ENSG00000219675	74	43	45	48	18	71
ENSG00000235390	3	4	1	0	6	1
ENSG00000122737	73	28	30	56	43	44
ENSG00000205426	199	134	261	91	118	122
ENSG00000198485	1362	1249	1071	1249	1692	1285
ENSG00000248078	9	15	8	11	9	10
ENSG00000161076	297	429	571	711	423	647
ENSG00000163460	676	503	316	588	571	455
ENSG00000175100	23	46	36	44	34	38
ENSG00000100642	112	95	82	105	61	121
ENSG00000173879	6151	6846	5987	3423	3399	6575
ENSG00000110153	5166	3623	5307	5769	5275	3140
ENSG00000114971	1280	518	814	862	1171	815
ENSG00000127428	145	244	219	217	552	124
ENSG00000200086	2085	1092	1111	869	1125	1413
ENSG00000246543	74	110	153	109	97	120
ENSG00000231277	131	114	74	144	114	60
ENSG00000103143	36	26	37	20	27	30
ENSG00000217435	139	164	172	196	155	100
ENSG00000207797	124	113	118	179	114	99
ENSG00000114597	18483	27199	50721	23579	33784	40145
ENSG00000227057	117	108	81	150	148	120
ENSG00000151958	1636	2057	1985	1526	1424	2591
ENSG00000203466	2229	1658	1726	1441	2357	2362
ENSG00000119104	87	118	90	56	161	89
ENSG00000199113	1293	1402	1619	1565	2260	1039
ENSG00000162633	0	0	1	1	2	5
ENSG00000117832	118	245	173	147	160	215
ENSG00000216087	614	646	878	1068	539	622
ENSG00000235852	1	1	3	1	0	4
ENSG00000203705	10	13	13	12	11	15
ENSG00000151660	1112	1688	558	1050	955	1577
ENSG00000177692	161	91	29	99	104	36
ENSG00000122375	23	9	9	14	12	21
ENSG00000195326	78	41	121	77	43	48
ENSG00000142980	39	32	37	38	60	34
ENSG00000133195	908	665	805	971	550	498
ENSG00000246142	271	199	218	394	483	289
ENSG00000176263	55	44	117	38	68	107
ENSG00000241149	41	29	23	27	42	51
ENSG00000141991	157	149	80	68	66	132
ENSG00000103487	1938	2088	2711	3166	2274	1415
ENSG00000239334	191	326	218	195	271	370
ENSG00000238263	674	363	242	418	395	449
ENSG00000239168	114	54	59	91	141	110
ENSG00000179382	16	2	11	6	16	16
ENSG00000126539	24	50	35	41	31	32
ENSG00000197052	400	706	403	703	487	524
ENSG00000151599	180	148	167	150	216	169
ENSG00000220757	28	26	25	20	24	30
ENSG00000111276	1	9	2	11	4	6
ENSG00000233582	80	130	118	96	197	100
ENSG00000190817	62	86	90	95	45	52
ENSG00000122698	40	57	73	116	48	96
ENSG00000223042	58	53	78	46	116	91
ENSG00000239107	278	110	272	238	252	359
ENSG00000207106	160	427	313	190	393	255
ENSG00000130055	753	731	1341	1201	981	689
ENSG00000235902	1093	1178	487	721	1002	1429
ENSG00000204193	1299	2743	1859	992	1191	2309
ENSG00000198289	794	800	553	564	643	528
ENSG00000164002	70	33	71	58	136	68
ENSG00000126202	176	119	90	171	109	132
ENSG00000213889	427	220	368	371	391	443
ENSG00000169768	87	110	120	66	46	79
ENSG00000159701	344	537	523	392	462	272
ENSG00000237497	1403	1506	1661	1246	1758	2064
ENSG00000242047	32	27	14	21	30	32
ENSG00000172961	4	2	6	2	1	6
ENSG00000109798	1426	2084	1618	1916	2765	1652
ENSG00000204450	194	140	140	249	102	147
ENSG00000220073	508	521	450	560	261	277
ENSG00000152777	4	14	14	2	8	9
ENSG00000244641	4037	4604	3879	5349	7129	8681
ENSG00000224483	813	664	278	524	392	377
ENSG00000104547	140	28	142	113	110	98
ENSG00000121939	46	99	47	41	83	41
ENSG00000181104	101	166	195	132	297	148
ENSG00000110984	166	104	87	73	109	105
ENSG00000242437	103	89	55	41	70	111
ENSG00000156050	4	16	24	5	10	12
ENSG00000198932	2236	1588	2506	1845	1065	1567
ENSG00000167601	115	90	95	60	146	191
ENSG00000121415	151	106	106	155	158	152
ENSG00000246738	242	129	138	161	205	115
ENSG00000165605	0	1	1	0	3	1
ENSG00000118523	451	541	309	446	347	500
ENSG00000182711	128	89	70	66	68	66
ENSG00000143463	77	67	67	69	74	44
ENSG00000106298	141	101	169	118	201	161
ENSG00000170785	17	16	27	16	15	15
ENSG00000111874	621	633	1105	955	606	1034
ENSG00000107097	44	34	19	31	41	33
ENSG00000102220	22	15	24	17	21	23
ENSG00000124794	41	7	37	23	21	39
ENSG00000154772	218	195	130	158	97	137
ENSG00000157376	619	1989	663	362	359	775
ENSG00000172149	44	48	47	44	38	79
ENSG00000122691	13	3	3	7	5	7
ENSG00000222511	1375	1177	1608	1144	1794	1183
ENSG00000184861	12	8	14	14	4	15
ENSG00000187816	1666	1855	590	1065	2218	1785
ENSG00000148155	120	96	143	245	125	100
ENSG00000178972	28	51	22	32	15	35
ENSG00000116900	31	32	62	47	71	49
ENSG00000117233	291	481	275	361	414	366
ENSG00000129086	682	601	570	1274	652	777
ENSG00000190215	74	94	104	65	128	91
ENSG00000176788	965	800	714	727	999	781
ENSG00000121994	6598	11038	9547	10983	9182	5571
ENSG00000244210	66	68	68	130	82	119
ENSG00000131138	12	15	12	10	20	10
ENSG00000119297	12	22	20	13	35	22
ENSG00000181944	7	20	8	12	5	8
ENSG00000194820	28	23	19	50	28	39
ENSG00000211653	39	20	23	19	33	41
ENSG00000111233	5	8	1	7	17	8
ENSG00000175980	387	551	342	396	423	432
ENSG00000186849	2	3	4	0	1	1
ENSG00000176230	6	10	8	6	17	6
ENSG00000100309	9201	12038	4784	5870	8038	4937
ENSG00000143441	1113	1693	2677	1344	947	1155
ENSG00000114605	388	301	423	449	477	508
ENSG00000134335	378	159	224	381	413	491
ENSG00000130186	2895	3765	2824	6007	4720	4337
ENSG00000147422	465	440	180	405	506	567
ENSG00000198610	237	225	162	157	157	205
ENSG00000190877	11	15	25	11	14	13
ENSG00000221601	109	164	132	116	106	138
ENSG00000243037	34	21	31	31	37	36
ENSG00000173893	23	39	46	25	25	49
ENSG00000112290	52	14	27	27	28	38
ENSG00000212687	181	247	80	110	130	90
ENSG00000121231	57	34	118	69	117	82
ENSG00000100623	1243	426	1240	601	734	803
ENSG00000240360	3	18	9	10	12	7
ENSG00000179801	86	62	44	132	89	138
ENSG00000102483	7708	7435	5649	5953	4073	4351
ENSG00000137668	158	100	212	77	119	41
ENSG00000200906	1600	1016	1352	1471	1058	1565
ENSG00000214059	1260	1708	1511	1425	918	935
ENSG00000200143	971	1798	1380	1673	814	2457
ENSG00000190891	747	791	570	918	550	525
ENSG00000109807	12	15	10	7	12	9
ENSG00000108927	79	58	106	85	84	121
ENSG00000114264	52	57	40	54	94	103
ENSG00000146975	1	4	2	10	9	6
ENSG00000223369	43	39	53	75	54	65
ENSG00000181411	20	7	7	10	6	16
ENSG00000106075	2	7	4	5	4	5
ENSG00000162185	145	319	227	181	259	364
ENSG00000131331	191	159	150	75	114	142
ENSG00000125528	32	54	60	22	41	41
ENSG00000231421	12	17	16	16	25	13
ENSG00000220644	24	52	67	26	30	45
ENSG00000137652	98	68	55	39	80	52
ENSG00000164011	46	50	59	63	54	72
ENSG00000220344	140	110	170	117	202	57
ENSG00000240243	47	53	35	64	19	73
ENSG00000170196	400	309	372	243	493	662
ENSG00000104565	300	360	501	372	303	588
ENSG00000223660	378	380	275	294	220	501
ENSG00000220802	45	45	42	27	60	32
ENSG00000146245	40	44	54	43	26	60
ENSG00000125509	490	358	303	384	213	618
ENSG00000222630	84	61	28	71	99	71
ENSG00000181108	88	192	73	145	167	97
ENSG00000235847	2	0	2	0	1	2
ENSG00000105576	1	2	0	0	2	0
ENSG00000208830	191	269	285	221	352	258
ENSG00000118572	281	346	481	204	384	280
ENSG00000222022	2461	1780	2092	2120	2371	1325
ENSG00000154577	817	890	467	465	333	627
ENSG00000126268	100	196	212	252	205	187
ENSG00000198945	92	158	176	134	165	164
ENSG00000160162	20	8	7	6	9	7
ENSG00000121707	477	1213	709	570	1188	812
ENSG00000180001	25	70	52	75	79	40
ENSG00000248334	474	462	578	265	873	538
ENSG00000124839	139	262	151	289	291	107
ENSG00000165584	273	223	264	259	118	224
ENSG00000104510	760	822	539	946	834	1501
ENSG00000129355	33	77	93	59	50	45
ENSG00000225845	35	42	66	47	53	65
ENSG00000245642	27	22	40	34	17	17
ENSG00000219524	71	92	58	33	96	56
ENSG00000229404	4030	3064	3735	2424	4828	4418
ENSG00000231057	82	36	68	73	84	83
ENSG00000245443	1198	807	1107	1419	2000	2261
ENSG00000226976	1019	562	1165	796	881	1277
ENSG00000142868	677	766	620	1073	840	885
ENSG00000244885	869	725	432	406	637	1699
ENSG00000165990	17	21	19	10	21	14
ENSG00000182916	298	361	276	178	268	329
ENSG00000165524	2905	4544	4947	4967	4239	2865
ENSG00000233578	30	42	31	53	35	31
ENSG00000212921	102	170	140	149	190	143
ENSG00000100862	25	29	41	39	44	26
ENSG00000223146	153	125	237	430	359	204
ENSG00000235937	10	10	11	28	14	12
ENSG00000102391	2523	4006	4111	4319	2306	3746
ENSG00000241268	111	94	62	59	108	89
ENSG00000142303	10	13	4	0	5	7
ENSG00000174111	3356	3443	5133	3450	5513	6879
ENSG00000188913	1019	1275	579	805	991	1092
ENSG00000227418	466	614	575	353	306	513
ENSG00000135137	610	426	314	427	247	384
ENSG00000148117	56	58	114	100	56	53
ENSG00000139745	61	48	98	82	91	88
ENSG00000146688	488	696	670	469	421	562
ENSG00000223348	1021	690	358	824	588	843
ENSG00000130385	1302	859	807	830	818	1113
ENSG00000209139	289	234	241	213	215	383
ENSG00000171850	63	44	35	70	53	63
ENSG00000241200	127	116	90	94	37	160
ENSG00000133351	2101	1642	1444	2107	704	1520
ENSG00000231575	3863	2631	2172	1654	2350	2648
ENSG00000110180	72	98	65	28	73	78
ENSG00000136935	89	78	74	37	96	83
ENSG00000219482	1734	1371	1296	2101	917	2023
ENSG00000247301	600	632	367	1099	638	990
ENSG00000105935	944	474	805	322	338	514
ENSG00000196693	15	3	5	11	15	19
ENSG00000197854	31	42	29	71	70	59
ENSG00000106165	47	36	59	25	50	32
ENSG00000175068	373	339	202	230	171	221
ENSG00000187725	6	5	4	7	3	9
ENSG00000180197	1777	2375	2454	2357	2323	2858
ENSG00000140976	395	315	321	254	234	347
ENSG00000241229	408	236	424	366	360	562
ENSG00000244726	8	12	5	6	14	7
ENSG00000187482	70	236	133	167	108	131
ENSG00000142281	3086	1082	1789	1139	1989	1737
ENSG00000125669	10	4	16	5	4	7
ENSG00000113179	117	292	180	197	219	219
ENSG00000247920	1088	573	1072	598	511	787
ENSG00000242271	26	39	23	27	49	7
ENSG00000163143	1242	573	733	945	569	718
ENSG00000193202	61	57	120	106	80	23
ENSG00000100449	2214	1574	2638	1475	823	1360
ENSG00000223215	389	464	451	237	520	197
ENSG00000168793	249	177	279	253	206	132
ENSG00000158743	4982	11292	8459	9861	11682	9932
ENSG00000214079	556	678	523	1126	691	932
ENSG00000185267	1597	2144	2269	610	2140	2415
ENSG00000239059	17	10	10	12	13	12
ENSG00000162132	53	23	23	40	26	46
ENSG00000144467	1169	702	725	596	760	365
ENSG00000150179	1132	1072	659	451	811	837
ENSG00000165031	155	170	112	110	151	104
ENSG00000240648	413	1104	830	565	531	620
ENSG00000143928	18	18	13	17	11	17
ENSG00000187263	306	136	282	221	237	235
ENSG00000133727	14	14	9	14	12	13
ENSG00000106282	352	442	301	380	171	330
ENSG00000222298	33	19	35	57	29	74
ENSG00000183614	64	40	25	44	42	74
ENSG00000145384	211	269	177	76	143	80
ENSG00000173939	5001	4385	6249	2892	6354	7168
ENSG00000157499	23	8	16	27	17	15
ENSG00000118424	34	27	35	27	46	24
ENSG00000239846	787	843	1025	1390	1192	1286
ENSG00000200030	109	41	54	24	53	79
ENSG00000148691	10676	6079	3744	4200	4263	5752
ENSG00000237873	212	164	351	152	228	227
ENSG00000100688	132	137	196	150	192	192
ENSG00000138167	181	299	101	377	418	186
ENSG00000233617	5769	5338	3490	4565	3003	5060
ENSG00000200319	719	839	749	518	743	343
ENSG00000237889	537	584	227	395	226	365
ENSG00000202163	251	123	324	134	222	334
ENSG00000239489	5	8	5	6	1	6
ENSG00000174869	18	17	15	16	36	11
ENSG00000221383	3034	2716	1932	2336	2340	3108
ENSG00000222907	384	590	696	473	1071	280
ENSG00000119236	294	165	447	431	475	615
ENSG00000153977	340	542	715	387	606	592
ENSG00000168945	67	42	38	24	40	40
ENSG00000166516	162	531	369	196	270	209
ENSG00000171497	28	24	24	32	17	27
ENSG00000123596	392	300	224	339	347	342
ENSG00000148507	24	18	42	37	25	26
ENSG00000157921	78	97	67	104	100	109
ENSG00000238635	354	219	473	227	221	429
ENSG00000221483	73	94	64	61	61	39
ENSG00000126433	443	431	470	418	498	248
ENSG00000200993	576	432	238	535	324	391
ENSG00000190600	122	296	320	151	225	230
ENSG00000214926	1548	1907	1478	867	1066	1956
ENSG00000130343	5	2	8	2	11	7
ENSG00000153485	0	6	4	8	6	8
ENSG00000196351	536	402	619	546	394	332
ENSG00000150679	982	1750	1001	966	822	1301
ENSG00000244298	8981	11986	4627	3784	9386	6445
ENSG00000143482	505	535	876	517	767	250
ENSG00000109582	443	485	1154	1139	330	763
ENSG00000211113	27	12	27	32	20	18
ENSG00000146707	557	668	640	883	611	713
ENSG00000210969	504	589	482	759	482	383
ENSG00000247015	14	15	17	16	14	11
ENSG00000210675	23	24	23	21	19	25
ENSG00000235760	161	126	74	202	102	122
ENSG00000145400	205	337	194	210	260	256
ENSG00000219720	0	0	3	2	2	0
ENSG00000220701	228	186	182	124	201	188
ENSG00000159511	290	350	203	113	218	275
ENSG00000153655	134	93	155	94	76	94
ENSG00000216832	223	248	363	222	262	154
ENSG00000215518	322	363	476	406	254	366
ENSG00000228736	7	20	13	12	10	19
ENSG00000234039	360	387	205	219	336	444
ENSG00000200373	82	81	55	52	103	83
ENSG00000246177	27	33	14	17	16	33
ENSG00000178393	206	154	128	263	131	206
ENSG00000101821	3854	1736	2040	1941	3139	1911
ENSG00000233902	3	4	13	11	5	11
ENSG00000236421	8	6	5	2	2	3
ENSG00000207207	4	7	3	4	5	5
ENSG00000157131	11161	6245	7807	7475	9518	8705
ENSG00000165132	121	77	91	69	97	74
ENSG00000181679	131	128	136	138	130	250
ENSG00000206978	41	26	33	39	37	29
ENSG00000232032	12	26	15	18	11	22
ENSG00000162933	2	1	3	1	3	3
ENSG00000127235	263	224	172	196	222	283
ENSG00000171964	178	304	246	162	277	161
ENSG00000233999	3	3	2	3	2	3
ENSG00000164675	12	16	11	21	29	16
ENSG00000100362	36	49	25	21	39	25
ENSG00000183426	150	108	194	122	141	124
ENSG00000161123	206	248	294	233	210	214
ENSG00000171659	1648	2053	1450	684	1762	1030
ENSG00000179722	2425	2034	2295	1682	2882	4326
ENSG00000211879	1279	849	1079	914	966	2664
ENSG00000242138	2409	1154	1787	2424	789	2210
ENSG00000244727	12	13	29	14	16	11
ENSG00000142408	54	33	61	24	39	97
ENSG00000129664	678	1724	2058	1785	1291	1228
ENSG00000226376	321	160	357	237	335	181
ENSG00000183943	123	136	97	129	124	84
ENSG00000234205	3	5	3	3	2	4
ENSG00000204333	2	2	4	0	2	5
ENSG00000213309	1042	872	479	361	550	886
ENSG00000205663	316	140	208	440	246	224
ENSG00000143564	60	101	92	85	56	72
ENSG00000212700	117	42	45	40	73	59
ENSG00000122734	8	5	7	4	7	5
ENSG00000103657	673	172	314	323	260	334
ENSG00000104199	1778	864	841	1164	1769	1511
ENSG00000228031	2460	2199	4179	2527	3507	7104
ENSG00000220094	140	74	112	92	96	122
ENSG00000214097	56	51	78	99	140	124
ENSG00000133707	23	10	16	14	9	19
ENSG00000146007	1365	1943	961	1359	1904	1881
ENSG00000117128	4283	4757	2852	2431	4651	3024
ENSG00000116542	41	31	28	29	47	36
ENSG00000192056	293	143	147	230	306	227
ENSG00000104437	219	134	237	243	155	115
ENSG00000200266	38	46	24	29	80	48
ENSG00000236661	1	0	1	2	0	0
ENSG00000149951	70	50	81	125	43	69
ENSG00000189265	489	676	308	339	454	310
ENSG00000125569	7	7	12	8	11	8
ENSG00000153207	33	34	17	32	26	48
ENSG00000133065	1	0	2	0	0	0
ENSG00000207731	918	2197	800	1996	1648	2753
ENSG00000193266	275	299	286	287	610	364
ENSG00000161362	135	149	151	304	77	133
ENSG00000171118	103	67	68	81	76	76
ENSG00000189235	26	29	36	54	30	58
ENSG00000118705	92	167	170	96	124	122
ENSG00000111445	79	56	80	130	65	99
ENSG00000137958	72	77	81	93	75	111
ENSG00000165839	173	121	90	110	148	100
ENSG00000187722	159	224	260	220	146	132
ENSG00000226612	2254	2222	2257	2729	4218	1495
ENSG00000212087	6	6	18	3	6	6
ENSG00000241645	206	96	158	357	463	325
ENSG00000151070	31	34	56	48	42	28
ENSG00000171856	8	23	23	31	18	9
ENSG00000124135	2	1	2	1	1	1
ENSG00000198946	689	436	487	489	585	537
ENSG00000158961	13	11	11	16	10	13
ENSG00000204816	18	34	13	45	48	19
ENSG00000165334	343	507	200	353	427	313
ENSG00000179381	5	14	18	5	15	16
ENSG00000117537	158	150	74	72	151	129
ENSG00000223757	169	132	90	81	94	114
ENSG00000239557	1397	658	572	920	565	748
ENSG00000196633	828	826	826	970	1393	586
ENSG00000131578	58	29	12	36	23	21
ENSG00000212840	1275	521	444	957	1321	1041
ENSG00000145219	90	120	141	81	121	85
ENSG00000232165	161	199	175	190	321	186
ENSG00000188662	119	91	125	54	76	60
ENSG00000110081	340	497	465	347	667	865
ENSG00000105112	25	8	12	15	2	14
ENSG00000135681	283	214	164	227	215	255
ENSG00000125792	1353	778	1959	718	677	1973
ENSG00000114157	106	74	64	99	77	38
ENSG00000119622	7159	5438	4786	11130	8722	10330
ENSG00000234849	37	22	28	52	22	21
ENSG00000185645	180	249	217	209	228	124
ENSG00000100045	100	41	82	45	60	52
ENSG00000120974	27	34	12	28	39	28
ENSG00000235605	18	16	17	6	7	15
ENSG00000177388	76	36	46	37	41	51
ENSG00000159908	72	137	106	108	125	112
ENSG00000226693	16	28	22	27	26	43
ENSG00000230996	1149	781	659	993	708	665
ENSG00000133401	2757	2520	3079	2839	4252	3549
ENSG00000124841	4	3	8	3	5	0
ENSG00000129281	650	801	618	458	574	627
ENSG00000192261	107	287	148	133	257	201
ENSG00000156787	240	147	160	249	230	269
ENSG00000242443	30038	13858	19952	16760	7424	20382
ENSG00000242637	1697	1977	1454	2188	1919	1828
ENSG00000110596	378	447	448	373	280	216
ENSG00000194826	182	154	152	172	114	332
ENSG00000238650	2	2	1	2	3	2
ENSG00000205323	641	754	521	363	864	929
ENSG00000166033	30	29	34	19	46	50
ENSG00000233381	288	214	254	213	260	262
ENSG00000109821	162	137	137	235	161	142
ENSG00000135061	923	863	1677	787	1008	779
ENSG00000230337	10700	5625	3919	9624	8055	12196
ENSG00000244776	1805	634	1164	1005	469	805
ENSG00000237821	1168	2351	1325	1699	3634	1888
ENSG00000178077	103	123	171	50	45	126
ENSG00000236051	501	465	369	228	188	472
ENSG00000166181	639	502	868	612	513	568
ENSG00000129172	8	11	6	14	14	6
ENSG00000126159	9130	9037	7392	11465	8352	9723
ENSG00000212646	20	46	34	43	47	50
ENSG00000126524	21	3	17	24	14	21
ENSG00000188056	3521	4827	4750	4471	6819	2473
ENSG00000212348	13020	10128	9560	6729	11600	6766
ENSG00000138191	41	23	17	25	45	31
ENSG00000222648	16	73	39	29	29	42
ENSG00000138997	44712	74224	37858	45389	78904	53084
ENSG00000155304	155	180	273	113	171	220
ENSG00000167077	2	5	4	1	0	4
ENSG00000193451	24	41	44	43	38	67
ENSG00000106347	7668	7924	11990	8113	8898	5830
ENSG00000127130	622	460	576	624	436	408
ENSG00000229134	926	767	553	835	843	687
ENSG00000147968	729	1658	1379	1485	1955	973
ENSG00000213704	815	241	703	742	477	502
ENSG00000135844	77	55	66	41	55	72
ENSG00000247584	0	4	12	9	7	12
ENSG00000121516	248	313	481	384	236	170
ENSG00000105991	14	9	26	26	28	17
ENSG00000111894	114	40	88	154	220	128
ENSG00000220155	7333	4866	4670	5677	6133	2376
ENSG00000204067	391	558	442	614	437	232
ENSG00000176201	230	206	189	120	160	81
ENSG00000220001	142	100	268	149	149	93
ENSG00000168498	781	723	835	830	1131	459
ENSG00000114587	1417	867	818	500	1441	1188
ENSG00000142140	10	15	8	10	6	3
ENSG00000244954	425	199	182	140	154	238
ENSG00000102022	5017	3635	4668	3174	3968	6875
ENSG00000169961	678	566	554	479	792	487
ENSG00000236696	46	18	17	15	26	24
ENSG00000145534	47	47	48	35	30	18
ENSG00000235473	3	0	3	4	4	2
ENSG00000122833	25	32	23	18	32	21
ENSG00000230588	3262	2393	2049	4414	4338	3627
ENSG00000213948	102	206	66	126	118	161
ENSG00000154734	24	46	25	16	26	22
ENSG00000114604	48	36	55	45	40	72
ENSG00000160400	88	102	111	73	103	131
ENSG00000236662	136	109	126	108	171	146
ENSG00000138097	86	106	57	94	54	93
ENSG00000228692	27	22	23	61	35	52
ENSG00000157085	738	451	438	335	561	497
ENSG00000216036	2127	2575	3604	2839	1084	3290
ENSG00000104848	38	46	43	58	72	24
ENSG00000148221	52	32	19	37	18	40
ENSG00000192794	1502	2268	2009	1412	1543	1025
ENSG00000101073	8	7	3	7	6	5
ENSG00000147468	36	56	45	46	37	28
ENSG00000117189	99	50	62	74	41	105
ENSG00000122608	137	193	210	173	158	197
ENSG00000163454	60	103	60	56	150	58
ENSG00000197082	8	39	19	14	19	16
ENSG00000201336	437	256	348	87	197	342
ENSG00000198372	7	10	13	20	9	16
ENSG00000102704	7	1	5	6	1	6
ENSG00000100182	1	4	5	4	0	0
ENSG00000163372	452	689	443	438	1107	755
ENSG00000189559	3	9	10	4	6	3
ENSG00000108603	330	283	487	317	456	663
ENSG00000204504	272	347	321	347	396	858
ENSG00000225870	673	901	608	1349	671	387
ENSG00000161999	115	88	82	67	93	72
ENSG00000161236	43	43	55	54	49	36
ENSG00000214840	200	231	187	177	146	126
ENSG00000249318	42	52	80	32	31	73
ENSG00000229402	4	14	12	16	14	6
ENSG00000207851	1413	2433	1394	1695	2648	1014
ENSG00000115776	12	22	35	29	24	19
ENSG00000121834	7938	6630	5976	4384	3966	4319
ENSG00000176893	442	624	393	267	310	215
ENSG00000247389	51	49	69	72	49	69
ENSG00000118281	372	254	417	435	462	185
ENSG00000221062	1424	1603	1607	1696	1575	1636
ENSG00000224208	5	10	8	2	8	10
ENSG00000158274	28	28	25	12	17	28
ENSG00000150725	18	11	20	28	16	10
ENSG00000185518	223	174	303	123	166	189
ENSG00000229897	380	218	251	332	286	161
ENSG00000211914	227	132	171	207	157	193
ENSG00000226848	27	49	27	24	14	25
ENSG00000164128	76	56	74	22	49	23
ENSG00000107904	1390	855	2013	1419	1351	1377
ENSG00000142122	1092	1427	1353	1427	1207	1177
ENSG00000168626	99	156	237	202	164	156
ENSG00000102550	15	16	7	17	3	11
ENSG00000130521	422	611	341	431	382	559
ENSG00000103081	179	260	251	238	180	253
ENSG00000215570	132	269	304	148	223	288
ENSG00000162106	3724	6130	3375	5276	3596	3863
ENSG00000117049	1181	353	876	918	778	1076
ENSG00000177670	27	18	21	24	11	24
ENSG00000144731	22	24	16	19	25	16
ENSG00000192790	3808	2515	3155	2143	1518	2184
ENSG00000235426	202	241	320	341	223	147
ENSG00000164540	967	860	820	716	499	642
ENSG00000225316	68	66	137	188	125	141
ENSG00000178383	31	24	21	14	19	32
ENSG00000226756	225	538	336	282	117	232
ENSG00000205874	5977	5566	6348	4521	5691	1565
ENSG00000147076	183	247	350	365	221	387
ENSG00000142760	16	33	2	23	16	24
ENSG00000156903	104	70	108	143	81	109
ENSG00000182473	46	39	54	33	72	29
ENSG00000242842	125	157	193	258	213	183
ENSG00000229635	916	1267	1724	1401	987	1451
ENSG00000242988	6741	9354	10919	7544	4085	11976
ENSG00000208564	325	316	187	198	228	194
ENSG00000245364	52	73	69	72	105	46
ENSG00000217781	124	255	167	120	175	154
ENSG00000135769	201	208	152	99	255	167
ENSG00000121713	65	52	66	88	79	63
ENSG00000248907	301	218	205	108	247	172
ENSG00000129965	125	109	285	158	168	233
ENSG00000247381	7	20	20	12	18	19
ENSG00000121558	466	491	254	809	390	569
ENSG00000227659	35	78	34	116	78	111
ENSG00000145511	39	32	23	17	29	12
ENSG00000177445	626	360	447	758	193	377
ENSG00000228854	56	67	69	50	70	100
ENSG00000139969	5143	5536	3970	4236	8177	4964
ENSG00000113647	259	396	699	564	374	496
ENSG00000240951	165	385	206	181	163	293
ENSG00000245370	36	41	21	43	32	24
ENSG00000174311	35	37	84	44	120	109
ENSG00000217900	471	619	364	528	934	633
ENSG00000123139	47	29	28	24	53	61
ENSG00000231143	606	696	544	1063	730	848
ENSG00000130391	4	1	2	2	2	3
ENSG00000246893	234	312	400	179	177	235
ENSG00000228124	730	683	634	1235	1016	1364
ENSG00000241217	385	443	225	194	245	527
ENSG00000112850	124	204	191	180	160	190
ENSG00000131161	1304	1852	743	1179	1109	1052
ENSG00000210219	22	52	24	27	31	24
ENSG00000181687	24	24	20	18	26	25
ENSG00000115576	204	342	297	214	195	254
ENSG00000183768	1621	3095	1368	3122	1463	1694
ENSG00000231731	342	431	493	490	449	353
ENSG00000186430	87	75	61	122	119	84
ENSG00000236466	510	218	215	187	281	182
ENSG00000103379	336	329	347	313	372	495
ENSG00000175065	13	20	13	15	13	12
ENSG00000200227	1	0	0	0	0	1
ENSG00000208840	22	17	19	18	8	21
ENSG00000111864	14	7	11	17	10	12
ENSG00000186864	84	58	24	68	68	43
ENSG00000248096	21	10	13	12	12	17
ENSG00000224614	32	3	31	20	19	40
ENSG00000134651	551	628	529	326	275	437
ENSG00000190163	147	153	229	246	214	238
ENSG00000181571	308	153	149	153	148	95
ENSG00000209846	5132	5111	2895	4240	4397	7525
ENSG00000110996	39	68	63	81	57	65
ENSG00000231557	89	74	110	66	78	120
ENSG00000102048	1103	1380	2928	3334	2061	1983
ENSG00000209351	14	24	19	20	16	27
ENSG00000123758	4	6	5	2	1	4
ENSG00000125347	2400	1284	3109	2665	2253	2395
ENSG00000148008	372	273	443	411	251	481
ENSG00000147433	738	230	301	524	653	1161
ENSG00000128453	633	315	450	664	693	605
ENSG00000112574	1432	1646	1441	1043	529	1474
ENSG00000204444	54	61	38	50	71	34
ENSG00000175263	125	81	123	200	72	164
ENSG00000206122	14	21	12	8	18	17
ENSG00000167258	235	184	158	164	241	361
ENSG00000172591	529	183	333	100	251	578
ENSG00000148495	89	82	125	58	71	86
ENSG00000183215	716	1209	403	774	861	803
ENSG00000196383	53767	82403	38293	51017	39399	59057
ENSG00000109871	22	19	20	10	23	14
ENSG00000248950	1219	459	1052	1012	714	1184
ENSG00000212478	1615	1230	770	1091	1108	1087
ENSG00000223547	1703	1059	1328	2939	1490	1222
ENSG00000157766	39	48	30	36	41	20
ENSG00000199748	1380	1722	1248	2722	1850	2339
ENSG00000132980	348	577	404	545	589	568
ENSG00000131584	114	187	188	165	94	142
ENSG00000206566	116	128	114	147	64	117
ENSG00000106864	212	209	355	308	192	279
ENSG00000105746	934	1219	1608	1188	2113	1578
ENSG00000142921	1530	1372	1297	844	987	1095
ENSG00000166486	18220	22516	23745	15978	11895	26185
ENSG00000183963	100	141	93	109	84	98
ENSG00000175111	796	740	662	638	595	353
ENSG00000100079	123	90	70	55	105	83
ENSG00000180293	1116	975	707	1107	944	941
ENSG00000180945	227	180	244	191	266	165
ENSG00000172188	73	46	47	108	87	41
ENSG00000233865	4	14	18	17	28	14
ENSG00000189204	31	42	33	38	53	29
ENSG00000203251	224	509	191	381	169	489
ENSG00000117017	5111	4546	3059	2884	3466	2682
ENSG00000140244	978	1286	901	778	929	1241
ENSG00000109096	6	20	19	5	8	13
ENSG00000192035	53	47	70	110	77	49
ENSG00000112291	274	168	182	157	123	248
ENSG00000180958	190	386	141	212	149	243
ENSG00000240753	182	233	131	246	196	96
ENSG00000117328	800	576	678	621	1208	799
ENSG00000174941	182	219	231	276	312	219
ENSG00000162451	18	44	38	45	63	35
ENSG00000147316	1	4	5	6	1	1
ENSG00000199476	51	87	91	86	43	81
ENSG00000225034	3	3	5	9	11	6
ENSG00000155925	75	112	98	100	95	155
ENSG00000183153	321	350	297	366	312	396
ENSG00000201252	6	14	3	3	10	8
ENSG00000231082	56	153	77	137	33	85
ENSG00000188389	73	160	100	83	77	103
ENSG00000231399	6699	5959	7729	7572	3307	4268
ENSG00000138142	503	168	538	271	413	382
ENSG00000104722	4	2	1	0	2	1
ENSG00000149675	200	147	274	131	467	460
ENSG00000108947	267	462	250	349	380	356
ENSG00000123347	46	54	111	117	109	94
ENSG00000206038	76	49	37	57	105	69
ENSG00000103875	475	318	311	747	446	147
ENSG00000124830	265	440	643	381	357	395
ENSG00000233637	316	355	412	113	397	285
ENSG00000197973	21	12	26	6	21	14
ENSG00000208709	65	148	81	62	73	85
ENSG00000115192	3	6	6	3	11	8
ENSG00000178075	8	5	7	3	6	5
ENSG00000249788	51	43	28	15	35	58
ENSG00000196771	11	20	11	22	9	15
ENSG00000153852	55	79	52	32	44	37
ENSG00000129795	15209	23245	10116	17309	10115	15518
ENSG00000229208	247	445	321	373	215	375
ENSG00000246056	9	24	14	10	10	13
ENSG00000117734	5	1	2	3	0	0
ENSG00000173661	56	21	22	29	36	33
ENSG00000243463	6	5	9	6	9	9
ENSG00000207601	2	1	4	3	2	5
ENSG00000162333	714	399	896	313	530	408
ENSG00000137324	39	36	41	27	51	58
ENSG00000160718	263	307	265	372	303	178
ENSG00000245483	77740	45181	56386	80910	43051	43981
ENSG00000186900	157	189	196	236	191	232
ENSG00000108467	100	109	138	113	174	91
ENSG00000109334	86	237	177	195	236	262
ENSG00000236430	79	35	55	53	68	55
ENSG00000126723	18	18	18	17	14	13
ENSG00000174122	77	53	39	64	71	87
ENSG00000120642	666	516	1238	681	1002	1099
ENSG00000139482	79	54	80	83	81	52
ENSG00000217076	3	9	13	7	4	6
ENSG00000116036	8	2	15	12	19	7
ENSG00000127606	8	16	8	5	10	14
ENSG00000131169	133	114	81	81	60	89
ENSG00000170492	433	286	389	394	495	235
ENSG00000137075	252	458	264	369	258	402
ENSG00000162311	1516	2143	1031	1027	1431	1577
ENSG00000101263	119	73	25	125	74	71
ENSG00000235493	715	729	594	478	410	1050
ENSG00000144671	198	217	108	375	276	206
ENSG00000107562	565	335	873	627	446	545
ENSG00000222334	2	1	3	4	1	1
ENSG00000199320	1689	1309	1691	877	1977	1752
ENSG00000172654	6	2	6	3	4	6
ENSG00000134169	30	13	16	21	10	20
ENSG00000180911	466	926	662	856	857	937
ENSG00000139204	69	28	80	78	62	34
ENSG00000130594	3833	5773	2930	4572	2509	3316
ENSG00000112699	158	234	217	160	122	300
ENSG00000115210	25	18	14	19	21	15
ENSG00000172395	244	301	109	246	179	143
ENSG00000103259	92	42	46	78	76	72
ENSG00000181148	2357	2721	1698	2121	2832	3567
ENSG00000108269	4123	4238	2496	4699	2726	3582
ENSG00000220355	1001	824	343	966	640	533
ENSG00000146853	38	27	88	96	63	67
ENSG00000137072	173	167	159	124	139	220
ENSG00000139914	898	1308	888	1537	1499	1377
ENSG00000111866	30	42	39	45	18	8
ENSG00000184520	12	36	19	30	28	25
ENSG00000211091	883	672	820	393	1279	764
ENSG00000102284	497	465	578	725	565	628
ENSG00000135977	110	126	129	99	51	53
ENSG00000211629	75	102	52	52	47	106
ENSG00000140424	1	1	2	9	1	2
ENSG00000229082	931	1274	1596	1923	1137	1721
ENSG00000192053	147	59	100	96	105	161
ENSG00000216801	7	10	6	7	5	8
ENSG00000205125	10	13	11	12	11	22
ENSG00000192362	27	25	27	26	37	14
ENSG00000135840	3508	5374	3752	4274	3908	3439
ENSG00000246720	767	861	633	822	641	925
ENSG00000191210	4	14	11	8	7	6
ENSG00000162299	7615	5043	10253	6463	5287	5821
ENSG00000165337	2351	2786	1612	2866	1875	3517
ENSG00000183240	15	15	15	12	13	21
ENSG00000187158	1	4	0	1	1	1
ENSG00000188886	854	983	736	888	1207	753
ENSG00000128057	28	54	37	54	40	48
ENSG00000111489	129	144	103	115	86	122
ENSG00000241873	30	27	52	73	49	108
ENSG00000105685	1809	1550	2023	2333	1115	3099
ENSG00000192184	2857	2928	1573	2052	2121	2837
ENSG00000157872	792	826	992	741	972	596
ENSG00000198990	85	144	179	116	53	66
ENSG00000203259	188	259	239	174	276	391
ENSG00000234757	199	544	408	374	311	533
ENSG00000166216	15	8	7	4	3	4
ENSG00000164879	1023	2215	1427	2123	1280	1463
ENSG00000165593	41	84	126	73	58	83
ENSG00000163125	460	210	304	171	551	247
ENSG00000117105	270	218	137	165	259	135
ENSG00000220175	349	519	800	941	1419	849
ENSG00000130752	1166	1546	1573	1926	567	1642
ENSG00000186904	7831	14010	8405	14787	20000	8606
ENSG00000193954	45	51	112	52	56	71
ENSG00000225937	26	29	23	16	16	21
ENSG00000237828	143	114	266	156	243	163
ENSG00000109987	17	60	58	29	29	49
ENSG00000112256	1019	734	623	1149	524	830
ENSG00000246489	36	30	64	29	39	39
ENSG00000230426	181	156	154	171	198	139
ENSG00000171401	1205	1493	628	1033	1095	1150
ENSG00000109738	520	538	824	1435	932	1256
ENSG00000232450	357	220	300	186	197	265
ENSG00000183779	2944	4237	2889	2219	2444	1894
ENSG00000116634	2852	2696	2123	670	1458	2109
ENSG00000122103	4	4	1	2	4	10
ENSG00000108346	559	175	168	238	173	364
ENSG00000218110	154	279	155	401	196	143
ENSG00000131266	72	49	99	55	63	47
ENSG00000112520	38	31	47	73	28	59
ENSG00000113314	240	125	246	217	140	265
ENSG00000114910	200	250	499	394	380	379
ENSG00000194526	310	357	358	95	374	339
ENSG00000187010	3253	1638	3210	2038	1648	1898
ENSG00000234637	1831	1035	1169	932	1238	1355
ENSG00000155979	20	47	35	46	60	52
ENSG00000128394	33	42	34	39	49	44
ENSG00000113175	627	739	1009	1061	906	568
ENSG00000143798	21	25	31	28	57	63
ENSG00000101739	194	265	219	141	268	250
ENSG00000174959	346	634	507	350	792	390
ENSG00000240534	833	1663	822	1331	965	1104
ENSG00000201371	408	520	513	479	362	326
ENSG00000112782	3153	3421	4075	1551	1305	3711
ENSG00000109282	55	27	67	102	88	55
ENSG00000165253	901	681	502	724	886	788
ENSG00000221942	19	30	18	58	26	46
ENSG00000234871	373	199	298	98	270	210
ENSG00000142796	252	238	150	119	142	171
ENSG00000113637	14	18	18	29	21	36
ENSG00000176210	0	3	1	1	0	0
ENSG00000130196	1469	1554	753	1166	1688	661
ENSG00000212312	343	221	210	100	420	331
ENSG00000208530	202	178	129	235	110	245
ENSG00000189702	37	48	33	48	52	35
ENSG00000183579	109	58	69	59	76	93
ENSG00000192319	692	431	386	639	328	309
ENSG00000100038	164	101	224	186	116	222
ENSG00000213171	1907	1333	1372	1777	1180	1303
ENSG00000223388	142	212	141	60	191	175
ENSG00000161326	17	24	42	38	16	47
ENSG00000140457	443	622	467	246	838	529
ENSG00000208172	42	40	44	66	47	50
ENSG00000113590	275	242	265	162	267	308
ENSG00000125315	5	6	6	4	7	7
ENSG00000168788	31	77	62	81	115	85
ENSG00000209047	408	503	659	475	469	573
ENSG00000148812	35	32	63	31	47	72
ENSG00000166360	134	137	168	216	152	101
ENSG00000239696	455	505	799	726	481	546
ENSG00000167989	186	143	135	190	252	192
ENSG00000126523	4847	8248	6758	4218	4243	5363
ENSG00000217152	89	112	91	105	113	68
ENSG00000219673	153	46	116	55	145	96
ENSG00000150987	221	95	146	99	83	96
ENSG00000176967	2	4	7	3	9	5
ENSG00000242668	20	7	3	4	9	6
ENSG00000107014	628	384	377	285	554	402
ENSG00000156382	67	113	65	75	40	72
ENSG00000104507	2333	2292	2960	3100	2498	2595
ENSG00000238837	99	177	89	152	120	95
ENSG00000148726	82	92	88	204	82	103
ENSG00000158940	1036	1163	1601	1241	1125	839
ENSG00000222607	259	235	291	147	130	389
ENSG00000175509	4560	5425	5144	4540	4224	3470
ENSG00000119557	14	15	29	11	23	20
ENSG00000102464	515	371	304	707	328	196
ENSG00000218087	730	776	543	453	595	597
ENSG00000233222	637	545	707	842	587	854
ENSG00000178953	1611	1984	1555	2046	1460	1582
ENSG00000118148	2208	1101	1369	1363	1266	810
ENSG00000111719	199	157	81	207	146	178
ENSG00000124721	45	25	46	59	51	43
ENSG00000223231	1599	1781	1615	900	1183	1285
ENSG00000110877	140	133	244	89	118	184
ENSG00000163219	1244	1228	753	1109	716	667
ENSG00000233437	1380	2219	2449	2450	2425	3126
ENSG00000104372	269	255	293	116	274	239
ENSG00000145177	21	20	32	24	23	24
ENSG00000144281	88	71	49	93	93	57
ENSG00000168418	776	643	1665	1116	971	678
ENSG00000124232	116	82	105	75	108	57
ENSG00000138156	1229	1150	763	1501	1671	1059
ENSG00000242090	138	241	249	86	325	159
ENSG00000191841	187	190	188	229	161	242
ENSG00000191494	40	53	29	36	51	61
ENSG00000242225	200	117	161	260	124	170
ENSG00000182348	1145	1581	1431	1439	945	1310
ENSG00000144383	107	137	71	113	89	52
ENSG00000189111	99	145	69	45	53	120
ENSG00000226494	38	25	37	66	49	34
ENSG00000155962	604	652	552	704	1396	938
ENSG00000165177	11	6	16	8	9	5
ENSG00000232189	69	53	39	49	80	48
ENSG00000218923	820	1041	864	1896	733	1241
ENSG00000234512	3606	3533	2250	3526	2437	2367
ENSG00000236287	85	134	62	119	144	121
ENSG00000207180	1076	647	770	1091	981	1070
ENSG00000202009	1	0	7	3	2	7
ENSG00000237730	425	1176	789	1053	933	502
ENSG00000161127	313	258	284	269	279	365
ENSG00000221442	12	19	6	13	9	14
ENSG00000120670	4	5	6	3	3	2
ENSG00000138529	56	75	65	87	50	73
ENSG00000218778	302	307	341	501	268	144
ENSG00000143684	525	421	357	234	126	475
ENSG00000147357	122	113	214	207	206	209
ENSG00000137178	585	401	965	916	655	494
ENSG00000180907	351	329	355	446	693	700
ENSG00000162243	13	3	8	8	10	7
ENSG00000128050	83	83	61	117	73	37
ENSG00000113365	46	86	44	35	51	52
ENSG00000121714	1000	1203	968	1531	861	1325
ENSG00000168158	16	39	49	45	109	83
ENSG00000139022	2487	867	918	1163	1078	1772
ENSG00000230720	269	139	212	99	160	140
ENSG00000204754	6456	14417	12981	8844	24158	21100
ENSG00000194564	110	165	92	78	180	151
ENSG00000231805	139	159	281	181	97	145
ENSG00000212579	79	94	123	104	106	173
ENSG00000146893	199	148	354	170	144	248
ENSG00000132261	20219	23375	25924	28546	29377	12118
ENSG00000163000	78	56	72	54	45	74
ENSG00000168814	20	39	22	33	25	43
ENSG00000209686	164	130	111	135	78	91
ENSG00000219503	403	875	1017	649	460	722
ENSG00000248878	10	20	28	30	16	22
ENSG00000206292	533	860	533	672	528	628
ENSG00000186511	889	622	926	331	771	749
ENSG00000100220	149	93	98	135	132	112
ENSG00000204607	105	42	63	101	91	62
ENSG00000239224	34	52	28	30	28	23
ENSG00000116866	59	68	108	107	100	73
ENSG00000145913	36	63	15	36	34	31
ENSG00000248076	2147	2078	2323	1119	1055	1821
ENSG00000131841	4678	3720	2630	5137	3438	4719
ENSG00000219628	54	69	69	94	103	53
ENSG00000114947	204	124	193	83	105	69
ENSG00000195948	3	0	1	2	7	1
ENSG00000109812	46	74	31	61	51	36
ENSG00000189176	545	219	384	287	396	262
ENSG00000101586	169	189	223	304	206	251
ENSG00000106739	233	194	221	121	211	194
ENSG00000182114	1210	1229	1327	716	829	672
ENSG00000109192	203	110	165	198	144	234
ENSG00000166092	62	63	55	103	51	58
ENSG00000230952	2493	3554	4362	3234	4966	3416
ENSG00000231973	3	9	10	0	0	5
ENSG00000208598	27	15	7	17	16	27
ENSG00000204043	46	29	37	55	48	30
ENSG00000192332	37	29	48	13	50	21
ENSG00000108076	40	15	32	41	29	33
ENSG00000113045	61	94	55	121	77	59
ENSG00000249562	49	24	39	15	41	10
ENSG00000148355	159	166	145	210	85	47
ENSG00000155485	435	431	417	563	509	866
ENSG00000224558	167	197	198	84	136	183
ENSG00000108074	173	448	247	154	268	353
ENSG00000236397	10	37	19	17	30	15
ENSG00000220586	25	11	15	11	23	5
ENSG00000189446	81	73	74	112	84	113
ENSG00000104072	1470	591	475	1124	485	536
ENSG00000129615	246	302	427	350	314	176
ENSG00000127924	1649	1390	1259	1199	479	1623
ENSG00000169656	1018	438	1388	1103	1020	668
ENSG00000192099	1077	1255	1216	1085	1262	1172
ENSG00000191578	35	38	15	48	3	43
ENSG00000234688	1445	2046	2784	1086	818	1205
ENSG00000185333	614	971	562	370	1066	629
ENSG00000240282	9490	9354	9230	15558	4836	11087
ENSG00000120919	434	144	491	597	308	467
ENSG00000205274	182	252	141	159	256	402
ENSG00000218759	123	92	72	55	60	160
ENSG00000150984	194	243	236	120	101	122
ENSG00000244113	9	7	1	9	10	13
ENSG00000185991	114	90	90	50	129	64
ENSG00000241816	119	79	120	124	198	98
ENSG00000222498	573	2015	1385	1074	829	743
ENSG00000127860	17	38	41	42	43	43
ENSG00000234642	255	239	235	156	282	138
ENSG00000223978	5684	6071	5327	5688	3100	3103
ENSG00000140918	43	74	51	37	27	56
ENSG00000153400	439	500	759	1013	598	656
ENSG00000149114	64	70	60	48	50	38
ENSG00000234166	125	149	121	56	70	136
ENSG00000197784	329	335	307	319	318	508
ENSG00000169959	732	1004	451	1152	936	647
ENSG00000118395	58	50	61	54	64	67
ENSG00000114086	15	22	16	19	12	24
ENSG00000131146	2704	3319	4550	3003	5089	1960
ENSG00000117668	182	298	274	110	151	302
ENSG00000146962	1265	896	564	528	694	664
ENSG00000151212	757	631	860	649	721	750
ENSG00000245116	574	1583	889	598	629	934
ENSG00000120557	124	81	104	137	63	78
ENSG00000105262	107	107	94	91	59	97
ENSG00000164713	12	4	6	8	3	6
ENSG00000111089	189	223	336	194	252	169
ENSG00000219850	45	60	70	49	45	28
ENSG00000150265	64	150	81	244	179	150
ENSG00000233522	11916	3432	5430	12731	6324	4531
ENSG00000124997	407	519	746	555	692	579
ENSG00000237885	134	188	206	102	131	160
ENSG00000175736	12	9	6	6	20	9
ENSG00000211127	820	582	630	1197	679	279
ENSG00000139497	2143	3664	3346	1743	3559	2408
ENSG00000151466	34	28	31	50	23	31
ENSG00000167226	389	295	477	289	651	483
ENSG00000218470	65	62	51	69	70	31
ENSG00000109773	118	111	170	82	121	97
ENSG00000187801	45	61	59	57	95	112
ENSG00000212804	10	5	4	5	5	1
ENSG00000115316	57	35	51	27	78	30
ENSG00000103007	6	5	10	9	6	12
ENSG00000131385	2199	1245	4683	1796	1752	1864
ENSG00000244809	960	1218	1186	709	1489	2107
ENSG00000122719	124	258	101	259	129	168
ENSG00000109216	308	203	256	233	224	231
ENSG00000208224	187	201	140	114	187	132
ENSG00000123455	156	184	229	177	133	205
ENSG00000179336	113	124	246	231	205	291
ENSG00000200330	132	78	66	91	99	101
ENSG00000159403	128	81	64	93	73	80
ENSG00000132790	14	5	4	13	21	8
ENSG00000224196	16	14	31	28	20	34
ENSG00000174963	63	42	78	41	29	59
ENSG00000106526	209	119	241	291	179	107
ENSG00000233122	43	43	53	67	44	76
ENSG00000127828	7768	6771	5504	5385	4325	11458
ENSG00000208114	113	132	63	153	87	102
ENSG00000184668	88	74	91	112	109	91
ENSG00000164935	417	396	159	263	288	314
ENSG00000138954	1074	1363	1433	743	1270	1231
ENSG00000193455	3028	5065	4633	8717	5527	5378
ENSG00000215003	688	810	1584	874	694	1076
ENSG00000209936	40	70	18	69	70	33
ENSG00000135181	74	120	116	116	112	170
ENSG00000155473	1348	815	1062	924	1450	1688
ENSG00000154318	135	101	210	158	247	196
ENSG00000173948	821	463	927	547	520	753
ENSG00000182698	110	136	141	151	128	124
ENSG00000169462	3791	3313	4799	3358	3383	3247
ENSG00000160850	1607	1693	4050	1733	1937	2242
ENSG00000149630	1099	1430	626	712	1103	1115
ENSG00000182021	226	214	244	174	133	282
ENSG00000201566	5	2	4	12	4	6
ENSG00000110135	7	4	17	8	11	13
ENSG00000180549	195	246	298	253	187	273
ENSG00000195485	259	468	479	297	847	366
ENSG00000128235	1	0	1	2	0	3
ENSG00000234879	64	104	94	80	52	51
ENSG00000246898	1368	1170	1649	1593	1865	1409
ENSG00000186118	857	842	1192	592	731	1117
ENSG00000209577	37	31	101	62	31	97
ENSG00000191302	329	731	636	457	488	607
ENSG00000103050	223	156	136	224	132	158
ENSG00000208871	76	75	114	172	54	77
ENSG00000129677	905	1343	1443	2808	1437	2245
ENSG00000231433	804	1731	833	1148	628	2379
ENSG00000229219	53	89	44	74	65	60
ENSG00000117809	26	33	17	20	21	29
ENSG00000123929	15	9	13	12	10	9
ENSG00000207205	11	8	8	8	12	14
ENSG00000143885	1900	1666	1546	1928	1650	2090
ENSG00000136731	3538	7288	7500	7217	8408	5718
ENSG00000133042	159	102	312	255	139	221
ENSG00000197182	1991	1028	1348	866	964	1317
ENSG00000241023	50	39	43	43	26	36
ENSG00000220548	109	136	112	195	95	93
ENSG00000103739	698	1012	1334	456	1761	1056
ENSG00000112489	337	374	202	361	289	276
ENSG00000181726	168	116	82	186	114	191
ENSG00000226624	4	6	6	2	9	10
ENSG00000119081	27	15	2	14	9	11
ENSG00000143572	47	78	36	50	78	84
ENSG00000210322	62	56	34	47	81	50
ENSG00000218146	147	62	220	100	110	168
ENSG00000112865	46	26	69	61	58	46
ENSG00000185839	157	74	142	104	81	68
ENSG00000143475	89	156	194	161	163	134
ENSG00000106071	213	384	321	423	500	470
ENSG00000108775	146	358	138	168	159	218
ENSG00000211754	33	66	32	47	44	77
ENSG00000115729	60	112	128	63	66	91
ENSG00000101303	921	695	958	813	1082	1091
ENSG00000159353	141	117	103	74	144	116
ENSG00000189141	21	28	10	20	22	19
ENSG00000236191	14	34	18	24	7	32
ENSG00000159096	243	195	289	266	389	276
ENSG00000172518	326	440	724	451	495	659
ENSG00000198567	1533	1450	1091	1588	896	974
ENSG00000192112	131	130	120	100	98	105
ENSG00000189876	2201	2515	1546	1927	2890	2364
ENSG00000131956	57	98	116	122	71	120
ENSG00000196318	112	122	82	123	82	79
ENSG00000171308	66	33	31	73	65	46
ENSG00000165300	374	812	391	407	366	416
ENSG00000161269	475	1327	1036	1177	2022	1376
ENSG00000239665	171	178	210	223	104	91
ENSG00000126562	48	46	97	69	64	49
ENSG00000228521	7	5	3	9	5	7
ENSG00000159277	84	204	161	228	223	236
ENSG00000154121	80	93	46	59	59	61
ENSG00000203686	62	120	110	75	99	132
ENSG00000213426	27	63	29	38	39	50
ENSG00000130008	35	21	15	29	13	22
ENSG00000121505	69	43	63	121	36	108
ENSG00000196692	328	337	554	232	308	345
ENSG00000188556	1275	1112	920	569	1089	1293
ENSG00000178912	115	108	236	99	169	87
ENSG00000149297	274	429	213	375	260	240
ENSG00000223903	122	145	76	131	70	103
ENSG00000105505	130	98	65	92	169	107
ENSG00000116797	7	9	7	9	7	11
ENSG00000237273	795	1099	490	523	510	1153
ENSG00000152907	264	164	451	454	420	439
ENSG00000236293	4238	3237	4188	3389	2391	1570
ENSG00000227763	46	24	50	40	42	17
ENSG00000208496	242	221	251	80	198	236
ENSG00000176410	23	23	26	15	18	5
ENSG00000101939	266	142	248	325	226	221
ENSG00000238196	129	82	102	135	106	110
ENSG00000107436	598	559	765	439	419	776
ENSG00000206391	153	67	150	141	71	140
ENSG00000131636	249	474	602	384	604	380
ENSG00000197907	91	58	26	84	69	76
ENSG00000168690	465	527	445	559	782	548
ENSG00000221151	56	112	102	50	92	53
ENSG00000241908	55	53	37	42	43	29
ENSG00000181181	206	133	137	162	152	158
ENSG00000199570	247	181	277	214	394	251
ENSG00000228892	4	9	7	12	14	16
ENSG00000177329	7	2	2	10	12	5
ENSG00000191548	191	210	120	359	234	218
ENSG00000138556	162	102	95	190	129	66
ENSG00000141186	6	1	3	0	4	4
ENSG00000133468	6	4	2	10	10	4
ENSG00000223947	33	30	50	43	21	30
ENSG00000212699	179	335	143	222	261	190
ENSG00000241742	147	197	314	184	324	177
ENSG00000176698	1172	915	904	705	983	686
ENSG00000168966	1238	1742	1849	1963	2098	867
ENSG00000199616	13602	22193	9503	20093	16701	19996
ENSG00000167825	2	14	8	4	18	10
ENSG00000240743	100	101	235	128	154	189
ENSG00000182682	1240	850	676	857	1185	1099
ENSG00000132842	10	19	20	9	8	13
ENSG00000194627	15	16	20	7	8	3
ENSG00000101843	107	225	152	290	199	197
ENSG00000179599	903	660	992	1202	792	562
ENSG00000223334	1727	1140	1250	2069	1875	2706
ENSG00000210668	4	6	5	6	5	5
ENSG00000222512	7	20	12	9	9	13
ENSG00000161607	67	185	120	103	105	220
ENSG00000115160	58	41	24	40	55	59
ENSG00000211490	287	277	235	277	330	284
ENSG00000223738	310	86	235	266	172	211
ENSG00000155332	4580	4954	4207	3923	1855	4683
ENSG00000145811	74	152	149	96	76	102
ENSG00000236738	192	214	129	124	151	314
ENSG00000135738	171	163	144	175	120	99
ENSG00000189672	1617	1376	1264	1920	1650	1225
ENSG00000130415	13	17	8	22	21	18
ENSG00000110364	288	223	365	616	504	203
ENSG00000167797	34	31	14	40	21	24
ENSG00000194842	11	3	7	10	1	8
ENSG00000124751	1681	1396	1467	1143	1868	1490
ENSG00000154654	290	564	293	643	238	631
ENSG00000149086	2158	4016	2470	1048	1647	3184
ENSG00000145072	308	283	110	127	259	356
ENSG00000237103	670	273	448	612	356	445
ENSG00000164614	223	249	131	190	275	169
ENSG00000228513	339	632	438	644	614	531
ENSG00000192111	36	49	79	85	56	66
ENSG00000224809	3413	3926	4217	6581	3679	4792
ENSG00000115509	25	22	39	32	17	36
ENSG00000122117	5963	3507	2565	4388	4828	3408
ENSG00000124430	112	47	98	108	146	149
ENSG00000142679	627	844	1092	524	757	610
ENSG00000157655	373	354	104	191	228	125
ENSG00000175522	232	332	684	235	380	507
ENSG00000177897	1617	3245	2580	4370	1239	2594
ENSG00000130306	268	229	123	183	123	245
ENSG00000238749	33	9	38	17	19	14
ENSG00000244538	313	348	309	197	279	243
ENSG00000204117	421	633	543	406	332	354
ENSG00000126329	3	1	1	3	0	0
ENSG00000169628	1196	1494	906	857	1709	785
ENSG00000218297	1941	981	1117	1964	1080	2095
ENSG00000234307	4	3	8	7	4	4
ENSG00000168861	176	145	103	78	94	197
ENSG00000205273	945	1005	786	906	573	1193
ENSG00000191337	13	8	16	15	13	17
ENSG00000146533	123	51	93	67	36	64
ENSG00000141580	67	41	73	40	73	63
ENSG00000106894	533	419	546	389	383	314
ENSG00000165212	1620	874	1298	1027	631	1440
ENSG00000167992	166	166	109	115	99	174
ENSG00000123535	274	115	187	172	80	84
ENSG00000130384	1669	1845	1042	608	728	528
ENSG00000206192	436	578	511	479	375	462
ENSG00000237059	158	205	141	56	74	125
ENSG00000223866	3260	2298	6490	2481	2657	1893
ENSG00000215485	9	8	15	8	16	19
ENSG00000120051	385	369	189	149	164	237
ENSG00000129740	65	79	77	73	41	58
ENSG00000132596	42	93	40	69	62	45
ENSG00000155191	252	262	146	213	211	206
ENSG00000103197	250	176	157	169	91	113
ENSG00000153316	9585	29724	26835	28362	18763	24810
ENSG00000116140	420	485	667	668	740	723
ENSG00000211100	227	304	256	276	339	187
ENSG00000209891	3059	3039	3689	6153	5610	6123
ENSG00000223250	1031	1850	1281	890	895	1869
ENSG00000225994	10	5	3	4	2	4
ENSG00000193614	375	123	189	149	226	118
ENSG00000133674	621	695	562	493	432	660
ENSG00000206539	48	48	41	27	38	41
ENSG00000172326	595	408	290	158	151	206
ENSG00000101516	96	41	45	62	58	88
ENSG00000209425	259	219	375	291	278	233
ENSG00000216886	4	7	10	9	12	8
ENSG00000131734	2	3	2	2	5	7
ENSG00000123126	23	51	31	48	44	46
ENSG00000249718	239	267	199	222	197	273
ENSG00000174150	1997	1801	1527	929	1694	1262
ENSG00000110518	68	87	58	155	126	54
ENSG00000246014	48	41	23	25	31	24
ENSG00000188665	700	984	990	563	637	832
ENSG00000200756	218	179	161	82	123	109
ENSG00000186945	4144	3433	2673	5175	4389	5645
ENSG00000184260	120	86	101	99	54	170
ENSG00000125309	2	6	0	5	4	6
ENSG00000249729	25	54	36	29	54	24
ENSG00000205458	38	24	31	22	15	16
ENSG00000122653	3	10	17	17	7	19
ENSG00000145150	21	54	40	44	17	35
ENSG00000233940	37	65	15	38	50	54
ENSG00000205812	70	100	74	82	96	107
ENSG00000236344	51	67	41	72	51	46
ENSG00000131047	288	710	423	385	358	344
ENSG00000196556	324	411	281	499	467	259
ENSG00000174147	331	241	265	177	183	219
ENSG00000145538	299	193	166	189	110	126
ENSG00000220250	3	1	1	6	4	4
ENSG00000191102	3	2	3	9	4	5
ENSG00000106121	37	21	24	38	20	14
ENSG00000176881	166	243	338	220	279	210
ENSG00000134758	10	7	11	20	15	6
ENSG00000173843	32	96	60	38	59	78
ENSG00000171951	342	351	254	377	250	321
ENSG00000232969	6676	6411	7595	6428	10280	9905
ENSG00000204962	108	229	252	328	219	284
ENSG00000152274	40	67	49	24	81	64
ENSG00000162809	922	1244	525	2204	727	851
ENSG00000207076	120	266	137	157	124	316
ENSG00000246514	102	53	62	46	64	83
ENSG00000225736	938	825	1249	1338	953	1751
ENSG00000237532	9	26	13	43	22	32
ENSG00000144056	99	162	181	273	373	216
ENSG00000156410	166	171	150	240	107	198
ENSG00000214464	496	649	1739	811	1014	1575
ENSG00000109938	10	15	11	19	27	8
ENSG00000229581	7	14	16	13	11	7
ENSG00000204735	100	77	78	45	121	66
ENSG00000108735	100	67	47	92	73	21
ENSG00000107039	89	170	217	181	181	67
ENSG00000172450	91	73	114	66	46	60
ENSG00000193457	232	260	178	278	552	322
ENSG00000180068	498	666	584	309	462	445
ENSG00000135502	263	219	256	242	236	167
ENSG00000167786	19	18	14	15	18	12
ENSG00000158568	2332	1831	1170	1921	841	1513
ENSG00000171079	12	2	5	11	8	3
ENSG00000174293	77	153	113	62	53	74
ENSG00000204271	506	674	1386	833	677	895
ENSG00000245991	31	39	58	39	64	30
ENSG00000133174	2844	1265	2087	1406	1335	2026
ENSG00000204368	5479	12076	11130	7593	4117	5502
ENSG00000173223	3598	2300	3937	2876	2255	2864
ENSG00000118663	447	211	205	311	462	404
ENSG00000115709	826	655	1335	1049	1394	1027
ENSG00000136332	59	27	23	64	49	76
ENSG00000107001	243	281	404	273	263	173
ENSG00000162487	484	485	294	383	365	295
ENSG00000164179	135	155	160	127	127	200
ENSG00000222487	210	188	135	189	173	231
ENSG00000166276	50	169	83	92	107	89
ENSG00000213826	5	1	5	5	4	3
ENSG00000120989	382	283	336	260	220	306
ENSG00000242489	309	195	262	208	434	338
ENSG00000156340	5892	3925	7832	10388	5775	8826
ENSG00000130458	903	693	875	1080	633	576
ENSG00000238230	144	233	182	141	215	244
ENSG00000200019	661	933	852	757	656	974
ENSG00000173143	366	394	563	691	413	222
ENSG00000148437	100	165	111	89	151	118
ENSG00000154835	94	68	67	39	71	88
ENSG00000146866	6	4	16	7	4	7
ENSG00000139120	132	226	247	129	167	282
ENSG00000146107	3122	5379	4030	2947	5037	5403
ENSG00000119079	3	4	2	3	4	4
ENSG00000103684	13	20	17	24	20	15
ENSG00000136546	579	704	665	556	747	640
ENSG00000178373	320	144	374	144	242	106
ENSG00000242009	284	421	196	239	322	400
ENSG00000122988	3	3	4	4	4	4
ENSG00000154676	64	59	45	46	81	42
ENSG00000102230	388	347	310	340	315	574
ENSG00000243944	480	644	235	521	364	614
ENSG00000151485	238	237	265	285	154	245
ENSG00000140322	25	25	27	13	42	31
ENSG00000206449	522	501	637	265	365	420
ENSG00000167201	15	8	9	5	7	9
ENSG00000120859	14	30	5	39	19	18
ENSG00000210503	11	14	8	9	10	10
ENSG00000122996	2420	3517	638	2283	1741	3275
ENSG00000158439	43	68	53	79	67	49
ENSG00000241664	140	224	187	186	193	144
ENSG00000167881	0	0	2	1	0	0
ENSG00000218054	720	997	1677	987	2182	1222
ENSG00000208881	287	312	249	362	302	195
ENSG00000154186	6	8	2	10	3	4
ENSG00000122473	7	4	2	7	8	3
ENSG00000176311	3969	3852	3778	3335	3087	3069
ENSG00000244670	26	12	33	27	10	16
ENSG00000140092	7743	5469	4054	6251	5726	8943
ENSG00000218351	62	68	83	30	95	46
ENSG00000225011	3	0	0	3	0	0
ENSG00000114773	1350	1085	1383	1411	1135	1127
ENSG00000158327	397	246	333	325	395	547
ENSG00000248045	550	450	488	976	554	682
ENSG00000236902	61	82	59	34	53	46
ENSG00000219291	97	59	75	106	103	102
ENSG00000108634	982	819	811	1085	630	733
ENSG00000146372	9	16	41	35	22	32
ENSG00000197358	3	2	2	3	3	2
ENSG00000160831	813	707	625	474	648	1127
ENSG00000167571	38	41	40	50	27	24
ENSG00000185427	2920	1976	2020	1005	2202	1542
ENSG00000234280	61	56	61	42	99	60
ENSG00000178650	79	84	70	64	59	42
ENSG00000130517	90	78	77	60	80	58
ENSG00000153227	0	2	1	2	2	2
ENSG00000174593	1499	1119	1349	1171	875	1547
ENSG00000152350	26	22	57	16	52	42
ENSG00000196749	122	101	59	138	50	41
ENSG00000205953	2270	2027	2630	2108	2317	4625
ENSG00000210849	203	189	93	110	81	160
ENSG00000173383	925	388	916	831	665	720
ENSG00000169787	137	342	396	130	245	183
ENSG00000171213	526	1025	784	770	442	545
ENSG00000191534	370	248	137	245	199	155
ENSG00000217735	1096	758	1387	1509	2007	2040
ENSG00000141760	115	125	92	67	121	83
ENSG00000169398	250	311	262	290	522	428
ENSG00000210037	51	34	22	24	57	44
ENSG00000131097	744	1809	1073	1766	1552	1946
ENSG00000192222	0	4	0	4	0	2
ENSG00000162630	230	258	196	314	274	175
ENSG00000186035	311	224	220	284	161	307
ENSG00000147578	308	235	246	240	225	317
ENSG00000221683	146	116	94	161	158	107
ENSG00000203968	1829	1789	1700	2711	1435	2387
ENSG00000212484	9262	9516	12373	4425	9117	6844
ENSG00000191496	34	54	40	23	44	39
ENSG00000221389	4	2	4	4	3	6
ENSG00000136000	8	22	18	6	17	13
ENSG00000123630	24	22	31	40	32	33
ENSG00000205259	98	52	102	38	92	140
ENSG00000115111	104	79	88	118	153	116
ENSG00000222529	877	1008	754	1005	455	704
ENSG00000152468	59	63	62	54	59	35
ENSG00000236348	111	122	165	191	129	159
ENSG00000143264	237	152	256	114	101	231
ENSG00000191953	32	26	21	20	15	28
ENSG00000149753	96	67	92	57	100	85
ENSG00000193725	13745	30583	33689	39298	44598	42948
ENSG00000193274	130	82	164	129	115	115
ENSG00000158498	23	12	17	31	47	16
ENSG00000215745	1	1	2	0	2	2
ENSG00000207032	1176	1013	836	1093	932	718
ENSG00000199799	35	75	45	60	79	69
ENSG00000210719	40	28	57	46	36	46
ENSG00000205158	21687	22619	17431	24674	19602	11605
ENSG00000160043	2837	1364	3352	2223	2050	1912
ENSG00000230046	1	12	0	3	8	3
ENSG00000227573	47	61	31	61	53	51
ENSG00000162550	1082	1848	972	824	1349	1229
ENSG00000200309	788	718	635	1114	619	704
ENSG00000210775	12	27	18	17	1	13
ENSG00000247652	3423	2493	3511	6092	2456	3609
ENSG00000171400	3183	4806	4575	5814	5824	3709
ENSG00000207952	11	15	13	19	21	16
ENSG00000126690	2	8	2	4	3	5
ENSG00000108065	8	7	12	8	17	5
ENSG00000136814	566	736	637	636	438	322
ENSG00000178254	858	930	305	1948	956	1051
ENSG00000136331	116	155	178	218	160	159
ENSG00000155247	38	45	36	33	42	54
ENSG00000222668	83	135	119	136	147	174
ENSG00000179913	334	522	384	607	578	318
ENSG00000101042	13	14	4	23	12	20
ENSG00000127410	2	1	5	8	6	8
ENSG00000208281	94	118	71	88	80	142
ENSG00000107344	2068	1746	1955	1725	2422	2081
ENSG00000234776	246	280	293	229	102	189
ENSG00000120875	103	183	267	324	245	270
ENSG00000241004	32	43	24	36	36	38
ENSG00000209334	1096	803	903	714	1265	1081
ENSG00000181496	4	3	3	4	5	6
ENSG00000214283	82	185	133	85	148	103
ENSG00000160521	34	49	24	53	34	38
ENSG00000218378	74	109	100	175	119	70
ENSG00000184838	13	24	16	2	25	23
ENSG00000127915	1318	588	293	613	577	333
ENSG00000136262	166	115	73	67	72	92
ENSG00000186125	34	50	63	61	40	40
ENSG00000206534	638	258	418	429	235	403
ENSG00000161666	100	229	147	150	93	156
ENSG00000101926	77	32	40	49	28	88
ENSG00000242250	63	57	87	57	57	41
ENSG00000177319	368	750	442	875	185	813
ENSG00000225325	15	7	33	21	16	16
ENSG00000127502	59	110	99	104	58	118
ENSG00000178390	70	99	58	119	63	61
ENSG00000140585	281	208	232	326	187	281
ENSG00000225446	45	89	122	65	132	109
ENSG00000141538	11950	11574	7793	8624	12386	13282
ENSG00000236539	5	7	3	9	1	3
ENSG00000187617	432	293	587	223	290	324
ENSG00000177229	85	139	229	119	91	100
ENSG00000193217	723	1124	1268	1179	656	1571
ENSG00000153932	4	8	6	7	9	5
ENSG00000156532	677	1088	2810	1054	972	1642
ENSG00000246785	15	7	11	6	3	15
ENSG00000174527	636	528	499	402	428	309
ENSG00000131963	386	453	339	476	200	379
ENSG00000101464	128	165	165	261	127	109
ENSG00000142447	35	43	36	30	20	41
ENSG00000151985	33	34	16	59	30	12
ENSG00000159048	121	57	132	155	76	129
ENSG00000116081	34	23	48	51	22	24
ENSG00000137937	4	4	1	3	4	2
ENSG00000247631	2	4	4	6	5	1
ENSG00000150469	561	344	669	1041	854	484
ENSG00000166740	1039	543	657	1017	1154	766
ENSG00000113429	559	169	214	472	97	260
ENSG00000116161	131	200	202	129	152	234
ENSG00000150157	287	201	138	373	335	227
ENSG00000107103	528	275	354	360	267	195
ENSG00000221510	187	240	132	163	247	205
ENSG00000225586	24	24	31	27	16	23
ENSG00000235705	40	46	24	74	28	52
ENSG00000115986	12	6	18	11	11	19
ENSG00000244018	289	224	210	126	139	144
ENSG00000215291	9	21	17	28	17	10
ENSG00000204103	82	67	127	165	106	154
ENSG00000228953	2369	1491	1531	1868	753	1522
ENSG00000217507	64	53	47	48	90	72
ENSG00000170925	549	1022	860	791	650	898
ENSG00000166654	3178	2159	2862	4165	3526	2090
ENSG00000100155	1	3	1	2	7	0
ENSG00000172693	9	8	8	12	6	7
ENSG00000145645	476	286	456	282	264	205
ENSG00000235742	40	39	46	24	39	15
ENSG00000171030	312	502	319	270	550	301
ENSG00000103233	695	578	637	617	667	404
ENSG00000175618	42	43	57	93	40	56
ENSG00000142902	850	764	1100	473	589	603
ENSG00000237376	2962	4319	3841	5452	5059	3492
ENSG00000235197	637	624	1208	618	770	757
ENSG00000203447	22	33	17	18	20	20
ENSG00000205446	109	97	86	107	129	113
ENSG00000130795	27	63	55	28	83	45
ENSG00000168717	2868	2718	2615	1436	2267	3240
ENSG00000110638	100	111	71	159	50	75
ENSG00000104494	40	26	37	21	21	43
ENSG00000221833	257	132	88	138	94	253
ENSG00000239506	260	703	324	450	375	363
ENSG00000154742	73	83	87	76	91	54
ENSG00000232156	159	113	164	106	260	130
ENSG00000123046	92	77	119	174	92	162
ENSG00000111981	554	882	459	892	672	840
ENSG00000207062	632	1223	1227	1837	681	1601
ENSG00000186433	439	359	162	184	289	361
ENSG00000171364	63	76	52	50	48	83
ENSG00000228170	388	287	245	431	301	440
ENSG00000144191	56	33	24	27	29	28
ENSG00000175027	1190	1246	1231	1450	765	1148
ENSG00000155794	351	196	292	319	197	364
ENSG00000143226	217	241	256	255	232	128
ENSG00000176308	4	0	3	3	1	2
ENSG00000192708	11230	15146	10903	17217	7674	15688
ENSG00000110296	2820	1478	2660	1868	2325	1975
ENSG00000187704	1154	825	2077	1698	628	1113
ENSG00000184484	157	285	154	206	278	200
ENSG00000203371	724	372	637	566	332	479
ENSG00000130106	54779	30376	49508	50589	30155	38345
ENSG00000159616	41	36	69	44	65	24
ENSG00000228399	854	675	607	704	1026	605
ENSG00000141677	462	325	700	802	535	291
ENSG00000178183	204	186	249	120	200	223
ENSG00000219332	491	173	244	264	177	266
ENSG00000243818	28	14	11	26	28	18
ENSG00000173636	1165	754	322	324	733	315
ENSG00000170908	20	9	14	11	6	11
ENSG00000199887	8612	6905	7867	5114	6607	5270
ENSG00000123729	707	881	1026	606	691	672
ENSG00000173050	61	28	35	48	39	23
ENSG00000198732	3	2	4	2	0	0
ENSG00000169991	273	229	146	180	235	405
ENSG00000145640	551	698	563	376	292	273
ENSG00000201362	5	8	25	23	9	22
ENSG00000134163	5592	6572	1875	5615	3807	4956
ENSG00000185788	91	455	380	199	220	250
ENSG00000159036	65	102	49	103	47	100
ENSG00000147381	5	9	7	19	6	15
ENSG00000117548	83	148	136	87	170	256
ENSG00000156833	93	119	96	81	113	163
ENSG00000184286	669	358	347	851	678	479
ENSG00000213320	1616	882	1901	683	1012	1918
ENSG00000156422	167	151	215	133	174	102
ENSG00000208424	451	362	527	706	590	327
ENSG00000236052	2309	2686	3506	2837	2849	3533
ENSG00000112666	1090	658	790	938	615	363
ENSG00000203078	83	140	115	101	90	114
ENSG00000232317	470	518	302	466	614	931
ENSG00000104354	51	94	59	61	47	79
ENSG00000197895	510	322	490	383	272	560
ENSG00000241169	162	290	174	135	130	205
ENSG00000162942	29	7	24	12	15	18
ENSG00000169968	345	832	324	366	340	583
ENSG00000113489	176	269	236	196	152	181
ENSG00000164200	585	639	698	578	689	452
ENSG00000124940	8	7	13	17	22	11
ENSG00000235934	2106	1319	660	988	2022	1248
ENSG00000192854	1777	2231	1756	1464	883	749
ENSG00000164256	84	117	57	34	109	46
ENSG00000153888	233	172	86	235	96	114
ENSG00000151497	199	278	176	224	231	152
ENSG00000141798	198	245	215	100	119	243
ENSG00000213547	741	565	579	861	859	558
ENSG00000224046	32	62	42	54	19	50
ENSG00000210937	23	11	20	17	11	18
ENSG00000170197	88	124	119	175	93	77
ENSG00000228586	6352	7418	2441	5010	12732	7904
ENSG00000230744	77	159	97	108	56	86
ENSG00000152823	16	27	16	19	38	19
ENSG00000212979	21	42	40	40	21	17
ENSG00000243065	310	162	181	180	233	456
ENSG00000205830	1488	1138	1959	812	1705	2406
ENSG00000230663	26	41	24	25	20	31
ENSG00000190989	248	447	279	236	192	179
ENSG00000153914	306	185	171	329	217	235
ENSG00000201194	434	432	166	369	652	421
ENSG00000183345	154	150	262	257	269	207
ENSG00000232375	989	2197	2095	1345	1426	1704
ENSG00000244832	485	899	724	629	674	660
ENSG00000189039	40	52	61	39	51	30
ENSG00000227926	15226	16150	12283	24086	12014	23528
ENSG00000222070	6	9	9	9	9	11
ENSG00000135088	8	3	22	7	7	15
ENSG00000172716	1141	998	972	761	825	964
ENSG00000157474	147	385	373	145	114	423
ENSG00000172047	73	94	96	76	123	67
ENSG00000167124	265	208	282	423	251	209
ENSG00000207296	752	476	362	692	727	519
ENSG00000217102	78	53	74	51	70	39
ENSG00000175331	21	54	29	59	42	50
ENSG00000132535	27	15	27	21	26	36
ENSG00000207512	37	36	34	37	10	31
ENSG00000136714	21	16	22	36	31	51
ENSG00000140018	1280	2180	1707	1294	1336	1828
ENSG00000126654	268	295	228	172	200	159
ENSG00000102360	579	340	199	665	695	519
ENSG00000135215	39	51	28	48	63	23
ENSG00000200452	1677	2026	995	1152	1351	2097
ENSG00000223680	11	9	4	7	2	7
ENSG00000144773	543	362	618	462	512	362
ENSG00000202729	688	740	484	411	740	640
ENSG00000122330	58	35	37	56	59	41
ENSG00000126289	25	18	17	12	23	16
ENSG00000196297	381	372	290	468	409	242
ENSG00000176195	27	43	29	59	36	51
ENSG00000236133	22	20	26	22	43	30
ENSG00000235231	223	135	108	167	147	132
ENSG00000132828	27	14	13	14	17	9
ENSG00000217225	105	164	143	123	183	83
ENSG00000219692	13826	4020	7733	6891	11486	7966
ENSG00000231262	76	46	68	71	64	100
ENSG00000180667	618	1396	590	492	891	1296
ENSG00000137621	21	19	10	15	31	20
ENSG00000212977	131	79	259	236	187	192
ENSG00000225641	85	49	76	46	96	43
ENSG00000234003	141	138	171	144	96	144
ENSG00000101719	389	511	633	1013	593	1014
ENSG00000158144	8444	13319	9932	10503	9170	8377
ENSG00000121547	85	91	100	100	103	117
ENSG00000239179	1793	1364	1217	2076	1970	3469
ENSG00000151429	522	218	463	338	371	277
ENSG00000135177	969	460	466	406	707	441
ENSG00000165564	29	75	41	73	12	105
ENSG00000129065	35	16	15	51	30	48
ENSG00000223651	88	46	65	101	226	129
ENSG00000191846	41	19	51	33	26	23
ENSG00000245497	190	94	159	84	90	154
ENSG00000211065	13	20	19	12	16	11
ENSG00000186991	125	155	128	181	45	141
ENSG00000207674	157	198	115	149	196	277
ENSG00000207428	3763	6004	7726	3908	3778	11883
ENSG00000186948	3476	5560	7654	5774	4715	4358
ENSG00000218251	323	405	352	289	480	316
ENSG00000113744	56	55	41	33	63	51
ENSG00000171674	433	324	592	685	424	515
ENSG00000184656	512	1044	1411	500	1114	992
ENSG00000202531	134	54	92	66	141	107
ENSG00000222127	21	10	25	39	28	20
ENSG00000222016	4	3	3	1	2	1
ENSG00000230774	75	179	102	126	114	210
ENSG00000147600	8038	5837	8108	6345	6481	12391
ENSG00000120528	68	138	140	122	105	161
ENSG00000214851	318	277	428	306	248	115
ENSG00000223936	497	239	387	443	141	479
ENSG00000222208	360	333	315	418	474	270
ENSG00000239940	698	568	509	830	775	919
ENSG00000248439	3	1	2	3	0	2
ENSG00000182707	96	106	99	131	58	63
ENSG00000122579	532	329	362	431	372	344
ENSG00000202743	96	100	108	74	186	137
ENSG00000149941	1722	1803	1728	2476	1769	1505
ENSG00000116701	89	104	42	80	88	106
ENSG00000108917	552	696	320	1002	1234	1400
ENSG00000129295	4324	5954	4185	1969	9137	6173
ENSG00000211818	121	108	104	57	62	123
ENSG00000162430	141	278	207	131	189	254
ENSG00000177969	139	54	85	98	111	94
ENSG00000152801	1296	670	683	526	413	765
ENSG00000170578	3	0	0	4	1	1
ENSG00000154305	4	11	12	5	10	8
ENSG00000228029	92	90	79	112	101	89
ENSG00000159450	829	789	1218	735	993	552
ENSG00000173533	347	511	238	377	533	601
ENSG00000176337	17	29	44	28	35	26
ENSG00000140810	3272	4287	2794	3607	2825	2331
ENSG00000121000	185	142	168	270	281	156
ENSG00000106763	41	42	46	66	31	42
ENSG00000222545	411	538	247	336	481	220
ENSG00000112062	1927	2751	2556	2948	2558	2681
ENSG00000156093	100	154	138	103	161	144
ENSG00000164998	6	4	9	12	13	7
ENSG00000119659	40	83	45	43	46	62
ENSG00000189445	227	179	148	110	243	156
ENSG00000125629	1556	1213	1181	552	1531	903
ENSG00000202599	33	22	15	31	29	10
ENSG00000212125	247	249	209	502	279	206
ENSG00000106183	15	8	4	15	19	19
ENSG00000227618	172	189	105	174	164	120
ENSG00000198590	13	15	12	4	8	6
ENSG00000218715	73	54	59	80	43	83
ENSG00000204369	4	2	7	3	4	7
ENSG00000219648	23	13	17	13	12	30
ENSG00000192496	7	5	16	7	6	2
ENSG00000211513	3	3	3	7	4	1
ENSG00000147312	1609	1577	1848	1567	2937	1917
ENSG00000211485	1260	1941	1115	966	1908	888
ENSG00000115469	225	460	283	550	336	719
ENSG00000122937	70	105	38	46	69	43
ENSG00000161185	2714	3533	2632	2205	2624	3761
ENSG00000138863	120	72	139	176	66	53
ENSG00000152595	207	578	238	356	420	360
ENSG00000206459	1845	1356	954	1697	1204	1089
ENSG00000208229	173	235	156	227	181	208
ENSG00000171487	3668	3820	3203	2746	2754	1820
ENSG00000113437	131	100	107	129	163	199
ENSG00000206703	121	81	147	113	135	137
ENSG00000230365	144	317	287	250	320	202
ENSG00000150623	17	20	8	16	14	11
ENSG00000107523	18	29	16	12	18	20
ENSG00000227880	731	427	639	862	541	1216
ENSG00000141505	7	7	3	8	10	6
ENSG00000160931	1229	3082	897	2321	1323	1150
ENSG00000182308	232	416	213	281	157	347
ENSG00000166070	1258	2350	1060	1554	1493	1881
ENSG00000178415	1169	768	902	516	666	680
ENSG00000107827	349	591	470	363	899	649
ENSG00000179729	5138	5385	2985	4592	5088	3163
ENSG00000234455	112	119	87	140	131	167
ENSG00000100135	109	136	117	93	133	57
ENSG00000229724	1542	2169	2067	1590	1428	1613
ENSG00000127400	20	49	69	50	45	45
ENSG00000138151	1549	2319	2305	1620	1476	1516
ENSG00000218960	457	640	473	862	868	787
ENSG00000245386	48	45	50	62	60	53
ENSG00000241170	6	7	8	15	12	6
ENSG00000126131	1	4	2	5	3	2
ENSG00000150867	3188	8075	12855	7039	2969	6945
ENSG00000238098	3	5	3	6	11	4
ENSG00000140477	6	14	8	16	6	13
ENSG00000169372	641	702	887	656	1315	824
ENSG00000104026	336	397	285	300	395	280
ENSG00000211182	184	208	162	270	184	164
ENSG00000240315	276	231	246	97	219	178
ENSG00000108253	64	54	39	63	67	125
ENSG00000209427	20	23	30	9	27	37
ENSG00000169128	18	28	23	54	27	64
ENSG00000178264	684	217	602	645	459	552
ENSG00000170733	859	1861	788	1294	2026	1219
ENSG00000245234	2324	972	2333	2208	2162	1680
ENSG00000239255	88	213	102	145	149	122
ENSG00000235680	1	3	0	4	2	4
ENSG00000217789	470	642	236	264	371	703
ENSG00000136666	128	139	63	115	165	109
ENSG00000197593	2	0	1	2	0	0
ENSG00000207341	1809	2729	2279	2824	3099	1406
ENSG00000143352	406	268	204	331	240	358
ENSG00000217446	269	65	104	177	97	75
ENSG00000242218	88	466	317	285	185	268
ENSG00000230024	105	408	119	252	333	120
ENSG00000227684	298	336	224	319	159	246
ENSG00000187487	105	251	264	138	140	280
ENSG00000161762	119	134	84	98	286	251
ENSG00000244310	434	298	592	470	469	742
ENSG00000167687	425	202	378	401	300	393
ENSG00000243441	9093	22914	17291	13047	18373	34342
ENSG00000224616	145	207	253	256	288	177
ENSG00000216805	78	59	64	74	58	68
ENSG00000166527	73	24	33	62	23	84
ENSG00000204371	345	479	363	459	168	413
ENSG00000185444	184	287	210	173	88	249
ENSG00000104046	135	179	304	341	168	322
ENSG00000122545	141	188	170	138	110	66
ENSG00000179592	168	138	61	126	76	69
ENSG00000157078	797	661	573	996	840	1028
ENSG00000140999	2562	1274	5147	4193	3071	3983
ENSG00000114925	560	426	307	253	333	279
ENSG00000213610	150	87	78	161	112	164
ENSG00000186001	16	16	15	25	12	24
ENSG00000149280	8	13	12	13	11	11
ENSG00000195111	217	140	139	220	151	174
ENSG00000170414	109	104	59	160	125	88
ENSG00000101139	165	162	78	128	173	178
ENSG00000119899	20	29	21	19	15	18
ENSG00000198872	135	154	113	136	169	45
ENSG00000191123	2	5	10	3	3	6
ENSG00000249899	8	21	12	5	10	22
ENSG00000170459	30	35	35	34	41	32
ENSG00000237892	381	311	475	698	674	560
ENSG00000110593	30	48	33	49	36	41
ENSG00000166103	41	29	24	15	12	21
ENSG00000125650	340	181	245	262	255	196
ENSG00000132864	59	134	104	152	103	91
ENSG00000201145	640	471	748	1118	948	1183
ENSG00000142131	243	194	331	284	157	401
ENSG00000139003	78	165	278	137	362	323
ENSG00000178910	65	108	138	129	58	53
ENSG00000205422	567	416	389	558	550	619
ENSG00000217545	52	41	35	24	21	23
ENSG00000237374	6	7	4	9	7	4
ENSG00000241068	421	792	607	701	891	857
ENSG00000222862	38	67	67	56	33	36
ENSG00000249202	116	166	76	112	178	178
ENSG00000131703	503	388	579	529	469	256
ENSG00000134407	551	1115	1191	814	1190	680
ENSG00000180267	0	2	3	1	0	1
ENSG00000146070	8	22	24	18	10	15
ENSG00000163348	1411	1627	2302	1355	2174	1346
ENSG00000211834	3	7	8	7	3	7
ENSG00000226858	221	302	300	367	424	312
ENSG00000141802	49	88	47	58	55	106
ENSG00000134893	21	22	34	18	24	14
ENSG00000206789	181	182	105	87	135	147
ENSG00000205353	2	4	6	11	5	6
ENSG00000113148	491	244	253	226	668	245
ENSG00000143604	1628	765	2157	1534	983	2107
ENSG00000239591	7	9	19	4	9	2
ENSG00000184999	35	20	44	20	30	29
ENSG00000158918	1676	1027	1762	1517	2337	1644
ENSG00000190122	362	242	356	258	250	285
ENSG00000204797	65	74	39	56	52	52
ENSG00000225880	2684	3255	2388	2788	3618	2759
ENSG00000142342	7	5	10	2	6	3
ENSG00000243843	41	70	60	43	28	118
ENSG00000144204	185	154	171	114	159	94
ENSG00000180728	90	59	41	79	64	97
ENSG00000234794	696	487	1038	680	399	722
ENSG00000187894	3	5	3	4	7	8
ENSG00000240190	247	153	156	136	202	211
ENSG00000168700	14	28	12	22	32	32
ENSG00000242652	2159	1041	1191	1823	1239	2010
ENSG00000230370	1123	985	1470	1202	1342	1790
ENSG00000243756	28	22	27	23	40	15
ENSG00000170546	15	11	8	5	9	18
ENSG00000247636	117	102	133	176	138	64
ENSG00000199170	21	8	19	27	24	29
ENSG00000139222	32	30	62	43	58	25
ENSG00000198024	333	393	170	482	414	483
ENSG00000244458	34	88	36	85	100	28
ENSG00000194697	3960	4526	6786	5898	4389	4783
ENSG00000179923	138	281	155	96	220	124
ENSG00000126842	74	53	21	60	43	17
ENSG00000132144	10	14	13	25	12	13
ENSG00000123389	74	100	36	50	52	29
ENSG00000121126	1501	724	721	408	1017	550
ENSG00000225691	420	632	522	438	550	614
ENSG00000242506	1908	2486	2759	1610	2239	2085
ENSG00000195548	1010	1752	1897	2696	1297	2497
ENSG00000105539	485	360	399	615	596	283
ENSG00000174744	26	44	25	31	74	31
ENSG00000235206	126	108	117	156	112	71
ENSG00000183247	151	134	195	251	60	241
ENSG00000143979	6	4	1	6	7	9
ENSG00000201784	214	268	310	325	196	214
ENSG00000132369	16	20	14	13	20	10
ENSG00000129038	102	70	118	110	115	135
ENSG00000124368	85	43	44	52	81	50
ENSG00000223210	256	535	836	352	516	466
ENSG00000242778	26852	49896	26351	22793	20938	28633
ENSG00000156208	13	11	11	11	26	11
ENSG00000167656	94	145	115	215	143	212
ENSG00000111225	6960	3956	8285	10964	6060	8838
ENSG00000198614	26	24	13	20	36	19
ENSG00000146969	70	75	84	135	39	72
ENSG00000204233	172	139	59	166	85	142
ENSG00000138591	90	290	364	207	402	288
ENSG00000151705	5	3	3	0	4	5
ENSG00000208119	110	562	311	336	362	162
ENSG00000212246	559	364	305	364	809	501
ENSG00000238847	24967	17888	32245	18716	29296	16094
ENSG00000204505	182	199	156	94	85	64
ENSG00000136247	70	47	42	64	36	56
ENSG00000228778	165	174	253	93	145	434
ENSG00000101946	0	0	1	0	1	0
ENSG00000209266	251	320	237	154	296	288
ENSG00000203379	4338	2937	3316	2824	3719	1685
ENSG00000177063	166	117	156	115	145	169
ENSG00000211516	114	91	137	123	157	133
ENSG00000134622	67	79	122	125	74	103
ENSG00000110665	96	153	215	157	281	224
ENSG00000198115	15	10	9	9	15	8
ENSG00000186874	2932	2049	1683	3269	3751	4405
ENSG00000106625	59	82	36	63	73	31
ENSG00000116020	72	87	44	51	61	64
ENSG00000180761	3935	2071	5382	3467	4912	3819
ENSG00000138824	175	172	159	160	155	159
ENSG00000106081	64	21	60	89	92	59
ENSG00000130037	2618	4338	3983	1881	5578	3616
ENSG00000230502	241	145	205	136	160	169
ENSG00000173751	1332	858	1028	1165	1205	1653
ENSG00000185741	29	38	50	41	49	31
ENSG00000128013	3	5	5	9	3	7
ENSG00000120617	200	221	106	176	180	172
ENSG00000191139	2668	2489	3201	2092	2472	2920
ENSG00000244120	58	56	71	35	88	75
ENSG00000246774	389	225	293	204	508	474
ENSG00000152887	443	575	761	940	774	903
ENSG00000169033	188	315	157	253	486	191
ENSG00000193643	309	104	156	312	184	101
ENSG00000173153	879	663	1014	741	1085	479
ENSG00000171358	184	248	144	195	147	279
ENSG00000234112	71	27	34	71	51	59
ENSG00000145180	1285	1243	1629	1151	1718	894
ENSG00000170254	737	726	386	845	683	623
ENSG00000113527	302	186	256	492	452	252
ENSG00000154336	629	625	664	529	761	610
ENSG00000123486	0	0	1	2	2	0
ENSG00000101457	185	150	180	190	119	128
ENSG00000157928	167	96	125	120	88	198
ENSG00000140123	3	1	1	1	5	2
ENSG00000108339	9258	9324	4153	14915	14908	13616
ENSG00000172453	265	588	261	360	175	140
ENSG00000195156	60	51	58	97	75	72
ENSG00000116175	44	53	95	46	61	59
ENSG00000191989	207	264	112	135	412	213
ENSG00000201240	123	133	164	184	130	143
ENSG00000247146	2	3	4	6	4	3
ENSG00000230971	44	59	86	68	79	70
ENSG00000215362	248	474	326	217	277	317
ENSG00000143164	377	316	246	637	325	377
ENSG00000165659	911	1341	644	856	1068	631
ENSG00000142014	12	11	16	26	10	15
ENSG00000214752	53	34	11	48	60	83
ENSG00000189812	181	355	181	266	389	268
ENSG00000159302	34	30	34	29	54	23
ENSG00000179467	162	329	183	151	297	210
ENSG00000185230	21	32	34	22	24	20
ENSG00000177844	631	524	450	469	523	397
ENSG00000184510	210	172	237	274	133	139
ENSG00000210553	723	339	562	382	608	559
ENSG00000218376	153	144	145	190	138	382
ENSG00000155585	33	30	40	20	33	32
ENSG00000246312	11	16	12	16	18	8
ENSG00000131302	132	245	248	202	103	225
ENSG00000109880	56	44	34	41	48	69
ENSG00000203895	5	6	9	8	12	4
ENSG00000235331	47	34	39	47	29	38
ENSG00000141404	765	697	1374	714	946	1088
ENSG00000143361	1569	908	2180	2979	1496	2405
ENSG00000141338	862	810	640	722	550	798
ENSG00000211366	2182	2426	2387	2203	2109	2829
ENSG00000155402	87	169	26	101	86	62
ENSG00000247392	117	174	95	70	111	131
ENSG00000201296	18	27	22	49	23	30
ENSG00000176985	32	52	38	48	18	19
ENSG00000163109	4710	6647	4166	5773	6390	4410
ENSG00000173926	400	299	554	529	258	306
ENSG00000141347	491	502	750	597	538	463
ENSG00000101406	30082	39321	22872	19708	31084	18942
ENSG00000187156	10132	8757	12763	7888	7607	6034
ENSG00000212027	27	24	21	36	21	60
ENSG00000171555	1456	1323	1162	1057	1058	1554
ENSG00000239394	23	30	43	27	39	31
ENSG00000231763	1112	1682	942	1143	857	553
ENSG00000177866	4	3	5	3	5	2
ENSG00000116986	30	28	26	23	35	20
ENSG00000139476	26	26	20	18	26	12
ENSG00000237403	11003	13953	8977	12403	10857	10425
ENSG00000144878	4	7	6	4	4	10
ENSG00000129132	1550	1545	2135	1553	1565	2639
ENSG00000171015	1020	1302	1496	409	1769	1360
ENSG00000249897	199	177	217	315	123	171
ENSG00000183264	878	767	739	622	864	1054
ENSG00000223620	17254	34900	21769	9530	33518	33993
ENSG00000102640	265	337	287	153	202	307
ENSG00000134992	86	83	73	88	93	87
ENSG00000220388	4229	1591	2356	2305	2096	2142
ENSG00000172604	1036	787	844	761	1022	775
ENSG00000247504	7	16	15	6	23	18
ENSG00000240479	176	215	254	235	379	233
ENSG00000124227	241	271	262	377	348	253
ENSG00000214346	16	24	18	23	23	13
ENSG00000110750	24	24	17	20	25	21
ENSG00000105129	36	32	39	46	48	54
ENSG00000182651	15	17	21	10	11	19
ENSG00000215671	507	742	447	394	510	299
ENSG00000231733	284	504	262	259	307	180
ENSG00000224211	2	2	2	0	1	2
ENSG00000196315	60	85	88	96	114	98
ENSG00000185733	223	226	318	162	146	205
ENSG00000128357	8	22	12	10	19	8
ENSG00000226187	111	77	96	89	150	95
ENSG00000204116	323	413	381	257	285	275
ENSG00000132325	7	8	3	1	6	4
ENSG00000148686	137	98	66	101	50	119
ENSG00000174418	0	1	1	2	0	0
ENSG00000200234	635	974	573	1118	663	517
ENSG00000117823	22	60	45	24	53	26
ENSG00000231044	7	11	8	18	5	7
ENSG00000219888	6	6	0	2	1	1
ENSG00000159592	6	7	4	14	3	2
ENSG00000131748	1203	1329	2770	1144	2363	1898
ENSG00000220856	12	9	55	30	61	42
ENSG00000127161	42	39	19	52	67	21
ENSG00000142398	90	77	87	88	113	80
ENSG00000115257	4	10	13	5	3	3
ENSG00000179653	719	1045	398	590	705	462
ENSG00000232627	0	1	3	2	0	0
ENSG00000148641	1067	611	502	1461	666	731
ENSG00000174655	19	29	9	17	40	30
ENSG00000125961	144	245	222	265	264	240
ENSG00000236783	349	239	327	188	224	173
ENSG00000209812	868	803	568	677	869	480
ENSG00000169383	16	13	4	17	10	11
ENSG00000115305	577	826	556	506	361	556
ENSG00000206981	308	187	70	121	84	116
ENSG00000230157	146	71	209	121	98	92
ENSG00000187684	117	138	120	60	96	68
ENSG00000177877	1350	1360	1614	1075	2711	1645
ENSG00000217238	328	608	305	400	373	234
ENSG00000227857	1966	1808	2373	2156	1942	1853
ENSG00000213093	706	806	650	1022	847	776
ENSG00000164307	1	1	2	1	0	6
ENSG00000240623	169	92	85	80	97	139
ENSG00000242990	2120	1195	804	799	928	858
ENSG00000213028	42	33	27	31	20	17
ENSG00000170939	3	4	13	9	6	2
ENSG00000237377	1	1	1	3	0	0
ENSG00000120811	7733	8165	8909	10995	8560	5416
ENSG00000121148	24	11	20	21	28	20
ENSG00000183564	239	150	124	169	177	483
ENSG00000202600	9	12	14	14	11	14
ENSG00000224845	179	334	268	256	349	300
ENSG00000242635	5250	4317	2283	4636	3972	6292
ENSG00000203556	5	4	4	7	13	12
ENSG00000139031	183	168	144	197	97	171
ENSG00000244110	30	25	32	20	29	36
ENSG00000213860	3	1	2	3	3	6
ENSG00000235771	30	25	29	20	21	20
ENSG00000208802	158	86	136	190	164	115
ENSG00000223965	2245	1824	1464	1672	1567	1504
ENSG00000166416	2058	1791	1588	2094	1968	2556
ENSG00000138784	53	180	135	127	98	154
ENSG00000236707	10	8	7	4	4	8
ENSG00000159593	705	343	1042	544	829	702
ENSG00000167774	129	95	115	195	204	143
ENSG00000165958	140	152	121	204	109	110
ENSG00000243195	7	10	22	7	13	12
ENSG00000194598	131	95	76	85	118	135
ENSG00000173351	11668	11877	12581	7551	4831	9126
ENSG00000151557	3799	4007	1453	4175	2386	2606
ENSG00000116607	1060	2174	2191	2846	2215	2838
ENSG00000228099	541	614	394	297	425	984
ENSG00000166263	61	46	59	46	54	82
ENSG00000128418	163	327	143	72	191	156
ENSG00000159984	116	202	288	181	270	159
ENSG00000178030	162	349	625	300	340	247
ENSG00000193632	94	98	91	34	53	49
ENSG00000194302	17	21	25	23	20	19
ENSG00000160546	1229	1782	926	1199	938	1376
ENSG00000143281	42	51	64	57	94	57
ENSG00000172924	466	565	454	464	554	724
ENSG00000196559	124	99	59	52	85	110
ENSG00000214225	331	352	695	581	567	660
ENSG00000221046	581	323	456	159	708	520
ENSG00000137932	747	448	757	752	664	391
ENSG00000120672	252	782	677	816	745	610
ENSG00000181398	15	21	14	30	20	22
ENSG00000171099	2	30	3	13	15	8
ENSG00000163197	131	76	105	144	229	145
ENSG00000163611	5570	3636	2338	3659	2373	3106
ENSG00000168021	42	27	35	17	38	31
ENSG00000193578	17	11	15	9	16	13
ENSG00000131510	16727	19519	24055	8120	6008	13664
ENSG00000135558	3	11	4	2	6	8
ENSG00000211399	59	46	60	31	28	46
ENSG00000177313	72	46	37	41	53	49
ENSG00000219410	16	24	19	25	29	56
ENSG00000179480	56	36	59	38	21	45
ENSG00000104780	1369	997	684	676	1590	1291
ENSG00000137982	236	224	235	246	357	137
ENSG00000133533	196	344	216	143	223	187
ENSG00000146527	3	3	5	9	1	6
ENSG00000100084	478	1198	730	685	540	460
ENSG00000178522	108	248	200	147	236	366
ENSG00000199560	133	121	163	139	236	141
ENSG00000238294	1063	1242	1184	773	772	512
ENSG00000223781	225	354	214	286	180	262
ENSG00000138096	81	259	147	140	126	133
ENSG00000230410	386	254	250	335	208	405
ENSG00000214252	36	22	56	30	50	26
ENSG00000127537	22	22	18	14	33	17
ENSG00000201440	8	9	8	14	10	19
ENSG00000204045	879	789	1584	1231	1321	748
ENSG00000193140	71	42	36	34	34	22
ENSG00000192228	283	268	159	275	305	161
ENSG00000215916	920	1102	1087	881	1455	1579
ENSG00000198638	2916	6001	6108	6591	6049	5574
ENSG00000118790	50	100	63	71	64	79
ENSG00000184458	238	161	123	422	161	204
ENSG00000158490	161	160	197	210	288	156
ENSG00000150853	8	16	11	8	19	8
ENSG00000123860	25	29	53	24	33	43
ENSG00000151991	54095	49130	53463	14059	26694	20126
ENSG00000154582	162	120	188	124	127	139
ENSG00000112469	3165	3895	3588	3940	3696	4890
ENSG00000205392	607	706	659	413	306	356
ENSG00000217302	5572	3713	8192	7018	5936	2747
ENSG00000169717	3697	1370	2268	1807	1521	1891
ENSG00000189508	262	286	206	222	250	163
ENSG00000114541	10	7	12	4	10	16
ENSG00000210206	2720	2654	2493	2491	1986	2378
ENSG00000162194	823	413	399	570	283	796
ENSG00000217313	350	261	280	366	295	446
ENSG00000140873	948	459	744	762	1335	1312
ENSG00000221089	29	31	19	26	26	30
ENSG00000101105	206	297	177	96	168	140
ENSG00000144320	109	228	124	171	164	85
ENSG00000182917	9	5	2	6	14	9
ENSG00000218310	22	7	9	8	8	4
ENSG00000174541	125	107	136	92	131	131
ENSG00000149593	2	0	1	0	0	1
ENSG00000103182	383	1017	471	559	715	495
ENSG00000235251	521	676	550	578	595	748
ENSG00000130461	211	95	126	96	210	86
ENSG00000247367	193	222	223	254	189	224
ENSG00000118279	3	2	0	1	5	2
ENSG00000202778	96	151	308	247	178	296
ENSG00000132309	431	161	297	360	377	763
ENSG00000234687	447	372	290	382	353	202
ENSG00000246955	1156	903	585	961	1040	758
ENSG00000236702	102	172	89	116	122	61
ENSG00000232579	5683	6619	7813	8516	5552	11221
ENSG00000206050	425	370	346	194	326	393
ENSG00000167971	795	706	566	690	705	852
ENSG00000185557	1349	1642	752	1573	1263	1465
ENSG00000205321	33	46	35	43	32	33
ENSG00000167771	12	19	16	6	22	13
ENSG00000103282	551	550	748	1432	634	802
ENSG00000148163	10	5	17	9	4	4
ENSG00000156293	32	40	29	42	42	60
ENSG00000221618	1135	1217	922	1030	635	528
ENSG00000191629	9	6	12	17	7	15
ENSG00000178614	12	13	12	26	18	27
ENSG00000114503	18	13	14	10	10	18
ENSG00000220106	15	8	19	16	10	28
ENSG00000244281	6718	8132	6096	8219	7750	5157
ENSG00000163936	780	497	268	603	311	618
ENSG00000129825	965	915	819	967	1215	600
ENSG00000119641	4	6	2	1	4	2
ENSG00000117334	0	0	0	2	1	2
ENSG00000148193	10	10	16	12	11	17
ENSG00000233270	1028	1003	757	1279	800	780
ENSG00000164272	1631	1423	1496	647	1292	452
ENSG00000174601	3	2	6	4	4	7
ENSG00000117326	2	3	5	1	8	5
ENSG00000225634	597	476	540	384	305	641
ENSG00000126388	323	149	145	263	162	184
ENSG00000205289	327	319	291	299	258	252
ENSG00000111865	159	307	538	589	630	444
ENSG00000242943	12	11	17	10	28	14
ENSG00000127399	113	215	270	80	128	185
ENSG00000157351	43	46	91	79	82	86
ENSG00000115336	2492	1955	1351	1972	1850	2341
ENSG00000180990	52	82	71	34	100	45
ENSG00000216727	7	0	5	9	5	2
ENSG00000244696	1452	1954	1260	2607	2860	1681
ENSG00000205347	6051	1962	4844	5381	4514	4780
ENSG00000105967	873	619	1131	348	1294	470
ENSG00000183623	77	67	59	56	64	94
ENSG00000102760	20	11	15	29	19	12
ENSG00000131782	841	1114	551	1318	1241	537
ENSG00000204773	29	32	74	51	74	23
ENSG00000203162	200	319	292	430	305	375
ENSG00000137099	874	515	470	192	927	758
ENSG00000134287	82	80	86	78	68	136
ENSG00000136500	0	2	5	2	2	2
ENSG00000198779	436	318	200	440	236	474
ENSG00000113039	9	7	18	22	11	12
ENSG00000235542	1	4	4	4	10	5
ENSG00000102976	173	152	60	64	67	78
ENSG00000174991	160	129	107	153	129	169
ENSG00000227971	112	66	174	157	125	104
ENSG00000181734	777	394	559	495	461	424
ENSG00000121544	3	5	7	1	3	3
ENSG00000201286	429	343	270	467	436	399
ENSG00000207351	5008	3933	2380	2036	2292	3955
ENSG00000214106	54	98	100	132	123	81
ENSG00000172943	43	46	42	56	72	86
ENSG00000190767	94	69	41	137	108	44
ENSG00000205047	2041	1916	1505	903	1708	1957
ENSG00000171855	63	113	65	86	30	60
ENSG00000158338	23	25	15	15	28	23
ENSG00000223900	2	7	3	0	2	2
ENSG00000117590	2986	1568	1704	2385	3652	2056
ENSG00000114532	3159	2840	2647	2851	3487	1751
ENSG00000229286	104	106	125	129	100	151
ENSG00000236730	10124	12463	11910	10515	5695	7627
ENSG00000153654	89	103	33	65	67	22
ENSG00000211747	663	597	576	431	382	810
ENSG00000249368	8	12	9	7	3	7
ENSG00000242740	16	16	9	21	29	17
ENSG00000121466	119	145	70	167	105	146
ENSG00000172902	352	414	397	460	412	413
ENSG00000245575	604	735	501	419	263	306
ENSG00000100348	9	29	17	24	20	35
ENSG00000249951	30	72	52	44	60	21
ENSG00000191528	136	58	122	136	66	90
ENSG00000101194	61	104	33	72	43	59
ENSG00000129694	52	108	82	83	73	95
ENSG00000146711	695	681	726	724	503	572
ENSG00000120871	1215	1225	843	1680	1517	1419
ENSG00000111303	9	1	2	3	6	1
ENSG00000134756	1558	1176	2223	2560	2339	2844
ENSG00000136787	227	158	313	157	101	414
ENSG00000107613	266	262	284	414	186	324
ENSG00000117505	226	334	325	238	259	228
ENSG00000206180	758	1202	588	980	932	1193
ENSG00000194752	405	934	472	780	570	436
ENSG00000192741	3	4	5	10	7	2
ENSG00000139182	469	712	696	1067	706	1212
ENSG00000118683	7	12	15	10	10	17
ENSG00000125389	133	236	538	317	322	242
ENSG00000199044	140	145	120	260	187	200
ENSG00000155496	6	6	6	4	7	7
ENSG00000141888	90	224	156	159	218	83
ENSG00000133994	119	60	52	69	119	93
ENSG00000132985	36	38	18	44	22	29
ENSG00000224541	9779	8766	7160	7231	7491	9129
ENSG00000171628	163	251	248	147	164	151
ENSG00000239093	64	35	58	83	64	74
ENSG00000245890	3810	3311	4505	4502	4000	5519
ENSG00000136400	209	182	93	152	204	74
ENSG00000231532	93	126	154	68	158	91
ENSG00000137163	3	4	1	1	2	2
ENSG00000241263	671	305	578	627	296	237
ENSG00000150215	871	1112	830	385	1470	779
ENSG00000212864	7151	5684	5984	5820	4260	3899
ENSG00000243479	21	20	18	27	28	14
ENSG00000147595	1325	1512	1168	1663	1330	1087
ENSG00000175591	2643	2619	2514	1794	1965	3313
ENSG00000234389	264	1219	489	599	809	864
ENSG00000189810	96	119	78	82	197	139
ENSG00000223828	4	6	7	2	13	12
ENSG00000220950	254	276	267	250	280	259
ENSG00000175815	90	16	28	62	83	68
ENSG00000120276	7	8	5	3	4	4
ENSG00000104251	350	710	456	830	345	387
ENSG00000119611	165	185	92	79	124	66
ENSG00000219244	136	129	78	91	104	95
ENSG00000181589	6356	9167	5658	9166	7161	5219
ENSG00000217708	55	30	83	50	48	28
ENSG00000224738	0	3	1	4	0	2
ENSG00000205868	0	1	1	1	2	1
ENSG00000245927	501	655	543	364	567	316
ENSG00000147683	138	114	82	124	65	83
ENSG00000146460	15	27	12	14	17	30
ENSG00000247790	1	2	1	9	3	5
ENSG00000193557	24	25	17	28	28	14
ENSG00000147238	27	27	9	10	15	24
ENSG00000168349	121	161	99	62	173	180
ENSG00000160895	31	15	10	14	25	9
ENSG00000229438	14	22	37	26	32	17
ENSG00000100283	155	96	121	151	131	126
ENSG00000149707	29	42	4	18	22	23
ENSG00000204363	177	466	154	269	173	350
ENSG00000199111	4	0	3	1	0	2
ENSG00000130160	13	10	7	16	4	15
ENSG00000134875	1607	1313	1846	1174	1536	1323
ENSG00000147488	144	181	158	182	160	209
ENSG00000109059	19	6	15	15	16	7
ENSG00000184152	125	62	60	142	92	162
ENSG00000122778	58	33	61	30	11	35
ENSG00000244745	60	43	65	57	64	27
ENSG00000244436	3624	2007	1844	2497	1734	2693
ENSG00000158022	84	47	63	93	46	37
ENSG00000220894	163	159	322	210	185	156
ENSG00000179956	30	41	23	38	24	30
ENSG00000180903	40	22	33	20	19	49
ENSG00000116215	6	6	7	4	7	9
ENSG00000113948	18	39	30	41	47	44
ENSG00000237845	59	75	28	93	52	38
ENSG00000193238	68	58	61	90	92	99
ENSG00000209808	164	224	163	97	147	159
ENSG00000175046	205	297	122	120	92	229
ENSG00000152753	247	592	552	510	617	319
ENSG00000245591	61	64	104	153	61	81
ENSG00000109693	1593	1268	902	2599	1842	2713
ENSG00000201647	453	576	609	720	499	619
ENSG00000104226	1137	2758	4202	1297	2162	3509
ENSG00000204738	138	79	87	103	53	102
ENSG00000107684	1952	2080	1721	1198	803	1986
ENSG00000236874	101	234	102	128	208	71
ENSG00000190798	5	7	6	3	3	5
ENSG00000109716	57	175	162	149	77	145
ENSG00000155342	89	61	95	52	65	88
ENSG00000143677	8	3	10	6	6	0
ENSG00000175777	21	15	13	37	13	17
ENSG00000115123	52	45	46	55	47	41
ENSG00000204085	11771	14037	16563	11248	12313	24953
ENSG00000138876	371	223	203	216	310	248
ENSG00000242044	6230	6293	7096	3629	7163	5171
ENSG00000101658	1510	1014	1150	684	662	983
ENSG00000123966	1532	1685	1618	1678	707	1016
ENSG00000246368	1423	733	620	1013	527	411
ENSG00000237716	6	2	7	3	7	7
ENSG00000112954	2040	857	2142	1637	2732	2787
ENSG00000190346	17	13	9	33	15	10
ENSG00000145042	399	322	231	425	518	513
ENSG00000212021	86	66	153	98	87	85
ENSG00000232200	3182	4247	3682	1905	5280	3144
ENSG00000115798	1748	1374	1243	1760	1674	1445
ENSG00000122906	4781	6026	7652	8013	2583	4621
ENSG00000132938	523	255	467	418	453	417
ENSG00000215895	156	195	199	168	105	134
ENSG00000118117	773	906	517	420	1030	960
ENSG00000240102	15448	19006	13285	24471	12576	14853
ENSG00000153117	404	443	477	286	416	219
ENSG00000104124	149	191	55	107	79	204
ENSG00000234490	8	11	16	8	10	13
ENSG00000181164	12	18	13	38	37	10
ENSG00000227011	99	206	164	111	156	99
ENSG00000214463	221	350	402	439	554	317
ENSG00000208725	425	264	714	426	376	440
ENSG00000104428	67	113	85	117	73	98
ENSG00000232645	306	244	251	168	126	222
ENSG00000214520	4347	3301	4470	2749	4026	3283
ENSG00000127510	4705	6589	7671	6107	4554	3564
ENSG00000112816	1411	1740	1456	1804	1609	702
ENSG00000165970	4069	2607	4142	6693	3555	4170
ENSG00000132450	1459	1094	2264	1377	2287	1665
ENSG00000178594	3987	9600	2903	6057	2318	4855
ENSG00000220471	24	8	14	6	10	8
ENSG00000118425	29	58	82	64	55	21
ENSG00000130243	161	214	114	247	463	306
ENSG00000196829	302	210	378	353	207	198
ENSG00000182411	1656	2773	1459	3606	1816	1711
ENSG00000142638	1	2	3	1	5	4
ENSG00000186548	281	155	302	204	121	173
ENSG00000113858	325	155	133	150	384	285
ENSG00000156991	44	42	49	26	21	11
ENSG00000225926	101	179	230	77	184	106
ENSG00000116283	1251	1360	1203	1087	765	1196
ENSG00000118096	323	326	288	276	563	249
ENSG00000148895	84	96	114	149	97	94
ENSG00000216393	152	233	448	205	136	177
ENSG00000174233	81	66	98	97	101	118
ENSG00000126695	1245	1958	441	603	492	1573
ENSG00000231504	91	224	78	69	135	103
ENSG00000155027	364	1729	1488	894	1084	1622
ENSG00000242124	66	39	34	37	106	47
ENSG00000117800	133	162	82	105	149	136
ENSG00000165140	31	23	15	24	9	13
ENSG00000248678	102	125	93	128	93	119
ENSG00000211154	1163	624	841	699	940	1273
ENSG00000140554	18	17	17	37	26	23
ENSG00000241854	51	59	149	67	89	38
ENSG00000114213	193	143	170	191	219	171
ENSG00000106172	89	35	89	79	82	120
ENSG00000189069	913	791	618	686	1119	784
ENSG00000140380	9	9	21	22	11	20
ENSG00000117665	1294	1379	753	832	714	692
ENSG00000135144	2031	3542	2197	1499	3600	2847
ENSG00000137731	3055	5465	4603	4734	4791	5092
ENSG00000222746	205	71	168	173	152	97
ENSG00000171791	27	29	32	32	14	36
ENSG00000118464	8	5	3	7	7	8
ENSG00000234761	614	498	591	373	500	485
ENSG00000231783	921	908	966	930	567	1125
ENSG00000152338	197	266	230	392	311	237
ENSG00000137224	293	410	329	238	256	180
ENSG00000154432	1077	720	335	359	405	928
ENSG00000178542	105	48	103	99	38	80
ENSG00000133591	7	14	9	9	9	5
ENSG00000158540	15	10	13	13	8	3
ENSG00000194673	37	45	15	46	34	39
ENSG00000121385	17	22	37	14	27	38
ENSG00000225109	2	4	11	5	4	3
ENSG00000119060	35	64	65	60	19	73
ENSG00000217288	15	6	15	12	14	9
ENSG00000232493	487	580	659	318	332	733
ENSG00000222159	134	119	66	114	109	170
ENSG00000100015	631	736	832	655	447	603
ENSG00000205823	10	8	26	9	9	3
ENSG00000201288	22	24	15	10	13	11
ENSG00000159562	5	10	4	9	11	7
ENSG00000171101	314	575	187	221	434	158
ENSG00000229711	30435	52743	37467	52560	62734	40547
ENSG00000191675	152	181	212	190	260	150
ENSG00000133259	73	31	95	103	43	56
ENSG00000109899	389	198	151	308	243	187
ENSG00000219432	145	164	223	213	94	63
ENSG00000204631	1047	1035	995	1105	782	763
ENSG00000134858	105	164	294	101	223	146
ENSG00000240611	23	17	21	22	16	13
ENSG00000201343	4	5	1	2	2	6
ENSG00000159657	340	363	300	471	346	343
ENSG00000235833	618	622	1434	919	1175	784
ENSG00000112093	243	120	280	186	304	107
ENSG00000218673	11	23	20	9	16	17
ENSG00000109228	60	95	60	81	52	70
ENSG00000114160	59	91	103	44	93	96
ENSG00000168755	676	253	429	284	297	450
ENSG00000105354	228	263	315	135	187	91
ENSG00000174072	1471	1656	1983	2227	1317	1412
ENSG00000138524	106	99	109	70	129	114
ENSG00000104290	33	31	45	21	38	22
ENSG00000155738	6197	6612	3787	5463	6118	4434
ENSG00000144495	10	10	13	21	23	13
ENSG00000242204	24	33	48	32	32	19
ENSG00000175826	6628	9739	11483	4909	4931	8501
ENSG00000199080	214	334	230	306	309	261
ENSG00000233072	5951	3613	7621	6239	8540	6547
ENSG00000225025	2	0	1	2	2	0
ENSG00000182039	1750	1437	2299	1466	4466	1168
ENSG00000119155	172	189	54	151	231	192
ENSG00000132890	130	253	279	160	225	124
ENSG00000180174	275	488	711	462	537	148
ENSG00000173682	0	1	1	4	2	0
ENSG00000113001	20	19	30	38	29	17
ENSG00000216964	367	325	210	244	403	438
ENSG00000151573	43286	58516	30941	51944	41488	74059
ENSG00000186979	36	10	25	33	29	42
ENSG00000184761	20021	16836	14688	19057	18931	29632
ENSG00000113730	720	512	550	436	552	684
ENSG00000157568	1694	782	1618	689	1586	1234
ENSG00000198840	22	28	40	7	13	16
ENSG00000246614	452	380	310	615	739	468
ENSG00000218926	16	18	20	37	23	38
ENSG00000159221	13	24	7	15	11	16
ENSG00000242261	2270	2471	1578	3113	2341	2306
ENSG00000207972	37	43	49	40	48	44
ENSG00000112044	47	57	56	43	71	54
ENSG00000113851	931	826	567	436	1335	516
ENSG00000218320	34	36	22	19	15	37
ENSG00000200649	15	10	11	18	4	9
ENSG00000164766	169	262	207	159	113	263
ENSG00000148862	304	264	187	146	156	371
ENSG00000229668	3360	1547	2789	3236	802	3349
ENSG00000157105	17	15	21	18	13	12
ENSG00000178901	647	399	331	505	473	603
ENSG00000143075	889	389	558	1075	642	502
ENSG00000170090	49	67	76	71	71	55
ENSG00000227267	105	55	200	143	85	52
ENSG00000128876	119	188	81	141	117	152
ENSG00000102831	16	9	10	29	9	29
ENSG00000165416	9	8	4	7	13	9
ENSG00000206232	609	609	279	723	407	824
ENSG00000125371	13	12	13	15	15	17
ENSG00000106774	31	9	18	21	15	26
ENSG00000171901	865	753	853	842	654	725
ENSG00000160388	44	80	61	50	45	69
ENSG00000125519	33	86	44	104	26	38
ENSG00000161152	8	10	8	14	20	11
ENSG00000104025	13	10	8	14	8	26
ENSG00000108998	5	5	8	3	2	10
ENSG00000113993	8	12	1	8	13	6
ENSG00000179424	3244	1571	2479	1333	2592	1460
ENSG00000176199	33	12	21	12	22	32
ENSG00000200127	4	0	1	1	0	3
ENSG00000242337	10	2	11	10	21	13
ENSG00000100560	457	811	446	638	694	431
ENSG00000162392	12	12	7	13	9	10
ENSG00000149387	115	165	89	104	126	177
ENSG00000154100	22	25	19	17	16	16
ENSG00000227941	3	8	7	2	2	3
ENSG00000154886	29	45	44	47	45	27
ENSG00000218039	18	26	27	21	31	8
ENSG00000174424	106	170	142	93	84	156
ENSG00000172769	406	401	415	422	233	671
ENSG00000222015	111	103	98	144	73	107
ENSG00000163660	25174	16926	26196	43785	22497	19464
ENSG00000202690	12	21	23	18	16	27
ENSG00000117218	1165	1429	2561	2236	1602	1766
ENSG00000178779	205	352	316	279	230	251
ENSG00000164421	1786	2617	3131	1090	1454	2468
ENSG00000215181	306	294	313	409	356	375
ENSG00000225838	1	3	2	2	2	0
ENSG00000139976	91	72	92	60	100	53
ENSG00000106802	1067	795	575	939	840	1018
ENSG00000149271	133	115	213	109	115	229
ENSG00000216069	8	11	13	10	12	5
ENSG00000203236	40	30	37	25	49	32
ENSG00000215729	257	327	222	228	218	297
ENSG00000147509	1107	1939	1264	772	1574	1671
ENSG00000145651	84	26	53	57	42	30
ENSG00000218216	151	159	270	162	221	134
ENSG00000124701	35	21	16	7	13	17
ENSG00000129413	13	9	13	9	9	15
ENSG00000140506	36	38	55	40	26	37
ENSG00000165336	1756	2754	2018	1769	2040	1157
ENSG00000198254	396	529	367	888	775	340
ENSG00000155882	63	51	127	92	70	43
ENSG00000173622	135	95	115	102	97	197
ENSG00000137885	363	365	461	389	465	283
ENSG00000190350	73	61	137	65	105	51
ENSG00000246854	59	58	48	25	9	63
ENSG00000234841	67	89	55	87	70	80
ENSG00000155708	276	362	392	535	946	454
ENSG00000216084	79	51	47	46	45	47
ENSG00000122149	730	474	810	756	836	545
ENSG00000127880	3	1	3	1	1	1
ENSG00000190194	40	12	45	45	21	31
ENSG00000249434	30	40	44	60	29	49
ENSG00000137832	543	247	245	251	268	648
ENSG00000240421	24	14	13	10	17	27
ENSG00000106131	30	20	49	78	30	28
ENSG00000122878	302	257	286	189	145	118
ENSG00000212427	124	88	47	119	92	106
ENSG00000147580	46	40	63	37	29	41
ENSG00000168602	42	39	24	29	43	105
ENSG00000245437	13	19	14	27	11	14
ENSG00000205287	477	809	675	454	493	289
ENSG00000191672	283	320	324	437	229	191
ENSG00000148178	420	707	554	491	412	680
ENSG00000245262	13153	12325	11183	11084	11707	11960
ENSG00000123835	2014	1335	1115	2174	1733	1323
ENSG00000146443	403	403	289	196	320	369
ENSG00000197158	111	74	36	119	58	74
ENSG00000160903	13641	11663	4283	10312	10356	11422
ENSG00000133723	240	184	247	160	161	137
ENSG00000211122	47	44	75	84	65	110
ENSG00000159389	2034	822	1997	1575	2448	1820
ENSG00000141083	370	335	313	190	512	436
ENSG00000221585	44	102	103	79	74	62
ENSG00000133711	192	336	466	415	290	221
ENSG00000188820	7805	7750	5664	11352	8016	5702
ENSG00000204552	245	156	305	199	260	120
ENSG00000160877	474	224	389	476	318	88
ENSG00000179884	24	22	40	23	32	29
ENSG00000102320	84	53	15	83	64	72
ENSG00000164091	629	1039	1836	642	906	895
ENSG00000192875	144	271	172	112	126	117
ENSG00000155874	235	150	216	326	102	248
ENSG00000108761	2522	1408	1428	1529	820	916
ENSG00000191692	104	95	89	85	106	108
ENSG00000100720	3572	3801	5165	6053	2670	3844
ENSG00000204458	30	35	66	46	47	54
ENSG00000205838	35	36	45	22	37	34
ENSG00000226398	31	11	23	42	21	35
ENSG00000210085	11	5	8	5	6	8
ENSG00000175894	644	253	547	516	269	505
ENSG00000122992	252	115	169	221	221	134
ENSG00000185391	2902	2495	2554	1976	1600	907
ENSG00000175474	70	38	28	41	44	38
ENSG00000115691	545	651	1124	339	676	461
ENSG00000157217	1666	3804	1712	2071	3112	2136
ENSG00000228168	54	116	202	52	142	76
ENSG00000127319	108	48	166	117	90	149
ENSG00000228707	0	0	2	4	1	3
ENSG00000180820	8014	4573	7933	5967	8629	9292
ENSG00000175944	227	70	110	121	158	107
ENSG00000232281	235	456	782	654	846	631
ENSG00000173231	80	63	76	62	18	70
ENSG00000144306	235	829	341	315	303	333
ENSG00000125956	24	9	9	15	12	23
ENSG00000148374	910	796	777	607	1032	256
ENSG00000240004	199	169	219	199	136	294
ENSG00000219435	90	76	65	84	50	80
ENSG00000159351	353	215	437	417	562	506
ENSG00000146500	0	4	8	2	7	4
ENSG00000142378	232	112	115	200	173	162
ENSG00000207632	58	56	65	86	90	92
ENSG00000111328	3313	1908	2317	2657	1321	4426
ENSG00000190515	652	548	1299	878	642	648
ENSG00000134722	109	123	143	87	72	112
ENSG00000197568	80	52	87	68	92	117
ENSG00000126531	47809	39391	53303	47687	63881	80730
ENSG00000238832	24	28	21	15	42	16
ENSG00000196848	8055	3294	7165	5771	10672	4677
ENSG00000228898	1101	600	853	851	767	485
ENSG00000175249	591	629	868	743	884	526
ENSG00000137768	3	0	1	1	6	2
ENSG00000175240	668	945	661	996	1073	846
ENSG00000154703	47	63	80	85	96	42
ENSG00000155241	40	17	8	33	19	19
ENSG00000188306	322	415	712	217	501	494
ENSG00000199971	25	26	28	49	25	30
ENSG00000126594	624	607	527	329	394	596
ENSG00000197811	14	19	22	26	10	19
ENSG00000227482	543	801	462	563	429	603
ENSG00000231875	202	498	321	299	369	392
ENSG00000121488	43	30	38	24	41	25
ENSG00000244934	19	13	22	36	13	12
ENSG00000213705	24	20	24	27	35	31
ENSG00000162461	63	73	33	57	24	20
ENSG00000161839	47	56	51	62	44	41
ENSG00000188266	8218	6327	4426	6065	9901	4968
ENSG00000245502	460	212	197	482	163	248
ENSG00000208896	36	86	38	71	61	56
ENSG00000106850	50	75	125	132	48	97
ENSG00000234867	31	34	6	29	36	26
ENSG00000187048	318	184	343	299	252	385
ENSG00000196193	145	119	117	121	113	126
ENSG00000229704	36	33	50	40	77	11
ENSG00000233419	16	53	32	52	6	40
ENSG00000208925	95	46	62	46	52	49
ENSG00000135728	18	13	10	20	22	16
ENSG00000106431	169	89	112	223	291	99
ENSG00000191671	21	30	22	17	16	32
ENSG00000136997	317	402	404	588	395	413
ENSG00000218124	33	84	68	104	110	68
ENSG00000203696	670	256	356	265	402	358
ENSG00000121963	74	56	67	38	56	37
ENSG00000107276	10	2	6	4	3	9
ENSG00000244248	15	13	14	8	5	4
ENSG00000244626	57	98	69	150	46	87
ENSG00000134598	199	137	291	328	277	180
ENSG00000203815	204	331	469	170	174	438
ENSG00000121851	251	458	259	197	447	542
ENSG00000138961	407	290	770	252	242	761
ENSG00000107288	363	177	363	366	231	263
ENSG00000108471	214	163	369	233	252	317
ENSG00000115101	116	71	158	128	115	90
ENSG00000205692	500	426	266	549	493	596
ENSG00000105632	113	173	74	85	113	125
ENSG00000213531	129	104	74	78	89	184
ENSG00000221063	172	220	201	359	160	147
ENSG00000232716	12387	19153	14919	13600	17407	16509
ENSG00000239930	6	3	4	8	5	11
ENSG00000249726	60	43	60	45	64	107
ENSG00000225812	144	92	87	52	53	71
ENSG00000129124	217	329	335	364	247	289
ENSG00000209941	183	191	159	138	190	215
ENSG00000228788	6449	3306	4500	5792	4056	2401
ENSG00000132055	17	5	12	14	5	8
ENSG00000209946	4190	5148	3656	4162	4662	6455
ENSG00000151927	10	10	12	14	18	19
ENSG00000107968	30	37	42	38	49	27
ENSG00000209287	413	423	314	287	434	357
ENSG00000107426	253	155	115	237	162	172
ENSG00000190352	155	135	164	76	202	119
ENSG00000130610	170	182	166	102	127	82
ENSG00000158969	283	377	236	262	367	407
ENSG00000246237	925	428	879	1083	721	1149
ENSG00000234773	205	209	293	559	282	314
ENSG00000157611	13	22	5	29	8	13
ENSG00000161341	37	41	26	29	17	35
ENSG00000147500	1480	2626	2482	1842	1896	1549
ENSG00000204884	6778	6180	6199	13115	10900	4954
ENSG00000146359	1552	1502	1832	943	778	1849
ENSG00000238636	1017	1463	1346	1880	1640	1661
ENSG00000140045	195	151	266	249	282	248
ENSG00000145777	7187	10875	9804	7279	12526	6493
ENSG00000122761	46	64	25	81	29	48
ENSG00000185258	54	97	75	80	64	44
ENSG00000162618	31	37	40	17	30	28
ENSG00000175568	2875	1521	3559	2768	3289	3551
ENSG00000232601	96	35	47	51	65	23
ENSG00000145134	301	334	456	201	441	319
ENSG00000164027	8	7	5	5	9	6
ENSG00000146010	16	13	11	10	3	2
ENSG00000206052	930	845	1496	1156	901	1227
ENSG00000237285	1193	818	944	687	682	540
ENSG00000213850	823	1027	519	1456	1074	504
ENSG00000117928	138	103	280	262	245	263
ENSG00000175121	90	57	57	85	61	154
ENSG00000131920	53	58	116	94	22	54
ENSG00000167640	30	12	27	20	11	20
ENSG00000211893	83	58	41	92	54	105
ENSG00000215667	2102	4202	2111	2701	2712	2486
ENSG00000195886	66	144	139	52	202	153
ENSG00000129668	15	11	24	8	8	10
ENSG00000113028	110	87	71	100	122	118
ENSG00000128467	27	19	26	13	18	22
ENSG00000145260	19	19	16	7	27	14
ENSG00000170314	154	138	84	181	154	78
ENSG00000110721	24	29	32	58	23	30
ENSG00000181350	10	10	10	9	15	9
ENSG00000185456	2660	2574	2204	3863	2518	2257
ENSG00000183304	5149	5198	9117	4050	3802	7402
ENSG00000234706	331	200	208	191	267	191
ENSG00000130718	3789	1976	2877	2697	1873	1688
ENSG00000202203	99	38	58	23	40	72
ENSG00000210863	197	175	239	105	136	140
ENSG00000214297	2208	1021	1098	1428	1668	1784
ENSG00000161202	312	395	583	241	438	321
ENSG00000185547	885	1120	804	916	570	547
ENSG00000175327	0	1	0	3	1	1
ENSG00000122140	378	185	256	242	196	155
ENSG00000196263	85	41	24	38	86	20
ENSG00000240151	63	40	149	111	88	56
ENSG00000141828	6	17	10	3	4	4
ENSG00000146635	49	49	24	34	47	35
ENSG00000148379	334	436	723	380	232	540
ENSG00000171473	443	544	481	602	713	499
ENSG00000161046	807	879	260	816	750	670
ENSG00000150587	708	683	1504	856	516	789
ENSG00000216551	498	930	1248	1068	972	1001
ENSG00000223489	308	216	348	497	226	252
ENSG00000235120	71	53	84	86	93	107
ENSG00000245066	62	52	54	48	34	39
ENSG00000127877	62	82	57	44	59	79
ENSG00000123334	27	17	19	20	15	40
ENSG00000105041	21	15	9	19	20	11
ENSG00000199923	161	55	115	175	114	47
ENSG00000240685	1	1	1	1	1	2
ENSG00000128376	9	14	6	7	10	13
ENSG00000143615	26	40	30	19	21	38
ENSG00000134841	398	517	674	396	290	369
ENSG00000108841	1102	1554	1930	855	609	1168
ENSG00000128155	322	166	377	334	244	297
ENSG00000157760	160	95	188	125	172	128
ENSG00000170574	42	45	62	61	51	43
ENSG00000166087	1503	1846	1177	653	2812	1066
ENSG00000202042	442	515	275	516	695	804
ENSG00000221211	28	39	42	31	24	34
ENSG00000143510	63	161	97	146	69	294
ENSG00000178581	332	349	279	230	483	214
ENSG00000196930	1243	666	1437	891	599	678
ENSG00000149118	66	38	38	110	127	93
ENSG00000219966	4473	3690	3394	1145	3884	3449
ENSG00000225404	1463	1294	1389	1786	997	1427
ENSG00000171482	40	36	105	53	82	72
ENSG00000117414	96	91	47	89	95	74
ENSG00000167542	16	16	46	15	16	36
ENSG00000115236	21	19	5	26	23	34
ENSG00000184214	197	378	327	466	628	342
ENSG00000203761	2300	2619	2315	3195	2138	1681
ENSG00000108488	2118	2959	2072	2309	2094	3384
ENSG00000212677	210	370	151	228	179	118
ENSG00000220914	96	124	78	58	41	61
ENSG00000232993	29	54	39	49	46	49
ENSG00000133530	225	559	458	477	462	275
ENSG00000127749	41	75	100	78	36	31
ENSG00000138484	721	419	839	664	686	332
ENSG00000153950	206	117	128	121	114	180
ENSG00000164976	330	212	165	291	319	322
ENSG00000236183	64	64	33	28	40	64
ENSG00000131339	7041	6227	15153	12849	13274	8702
ENSG00000236447	990	956	1939	802	1065	1214
ENSG00000115653	89	170	293	208	232	155
ENSG00000187835	39	29	31	29	58	17
ENSG00000145574	677	499	508	316	378	437
ENSG00000182553	680	696	733	1140	751	646
ENSG00000149923	24	12	12	23	13	5
ENSG00000235641	202	225	289	203	233	217
ENSG00000107175	12629	6743	11508	13106	11919	10108
ENSG00000204826	339	165	217	254	327	276
ENSG00000122526	49	72	43	104	104	43
ENSG00000191838	450	540	414	825	696	717
ENSG00000247306	5692	6419	5514	9296	8524	6801
ENSG00000236018	101	69	80	51	71	49
ENSG00000193492	65	70	38	60	32	97
ENSG00000237876	91	84	105	64	168	127
ENSG00000104287	122	169	137	166	135	182
ENSG00000247499	2209	1377	1306	2101	2441	2422
ENSG00000217655	116	405	279	320	186	255
ENSG00000224233	2	2	0	2	0	3
ENSG00000215694	607	347	441	446	343	309
ENSG00000219464	297	389	309	196	389	254
ENSG00000185779	553	699	552	573	690	663
ENSG00000228300	534	98	224	261	360	403
ENSG00000201485	120	86	86	63	81	148
ENSG00000211604	372	381	642	460	778	503
ENSG00000243289	62	53	60	52	48	39
ENSG00000191182	6	3	5	8	6	2
ENSG00000228360	135	60	69	92	100	123
ENSG00000156645	12	13	19	23	16	10
ENSG00000214200	3429	4349	3413	4820	2605	4067
ENSG00000191345	71	130	110	171	133	128
ENSG00000138025	5826	3522	6307	5209	2513	5009
ENSG00000118292	8	16	9	9	9	15
ENSG00000229356	10	22	15	22	11	12
ENSG00000108911	407	344	390	264	446	574
ENSG00000206488	5	3	5	6	7	4
ENSG00000209115	20	51	60	42	59	46
ENSG00000249676	8	2	1	8	4	4
ENSG00000162446	409	243	545	324	534	572
ENSG00000115327	6	2	4	4	3	5
ENSG00000137674	84	95	66	78	75	60
ENSG00000114813	2	3	6	2	10	10
ENSG00000103882	520	312	843	374	777	489
ENSG00000230346	878	1693	1391	1882	810	710
ENSG00000189807	232	198	138	247	184	260
ENSG00000236189	13	15	20	29	28	9
ENSG00000118491	310	234	354	332	342	225
ENSG00000181970	1644	1287	629	1548	802	1218
ENSG00000241716	680	998	739	605	951	539
ENSG00000105449	1915	886	979	2598	2492	1073
ENSG00000179499	3395	7867	6949	5706	6808	6105
ENSG00000130533	206	302	199	237	294	279
ENSG00000162598	73	79	52	118	107	75
ENSG00000198887	20	32	46	45	29	68
ENSG00000207080	108	124	103	187	220	91
ENSG00000215646	58	140	103	98	154	68
ENSG00000155181	57	41	40	35	40	33
ENSG00000178421	127	332	357	341	595	369
ENSG00000200064	7179	8623	9982	5589	6618	5128
ENSG00000154255	43	21	36	51	27	30
ENSG00000208159	77	54	77	56	37	89
ENSG00000120680	82	114	42	67	55	60
ENSG00000137720	7	20	12	32	10	21
ENSG00000205453	1292	1667	1125	1977	638	1828
ENSG00000167204	54	128	88	80	126	133
ENSG00000231744	514	479	337	485	330	673
ENSG00000109086	4	8	7	3	5	10
ENSG00000224271	531	257	490	342	355	485
ENSG00000238264	176	88	104	113	127	124
ENSG00000180711	5	10	4	8	8	7
ENSG00000132751	632	473	601	866	1073	931
ENSG00000244633	525	996	1002	707	1494	1261
ENSG00000107935	247	327	136	248	324	226
ENSG00000166538	350	333	437	285	309	486
ENSG00000199981	32	38	27	22	34	35
ENSG00000199487	1057	872	360	741	1250	656
ENSG00000177299	110	106	134	147	77	102
ENSG00000132670	330	232	360	489	422	388
ENSG00000229181	405	621	300	607	531	457
ENSG00000213416	244	432	309	545	344	405
ENSG00000133733	48	43	29	22	45	39
ENSG00000133814	149	187	250	123	96	214
ENSG00000123148	185	175	185	154	206	251
ENSG00000157747	1665	1864	1705	2298	2542	1363
ENSG00000202256	31	27	30	41	56	19
ENSG00000125763	475	655	1570	1338	1466	508
ENSG00000221906	460	446	935	401	376	359
ENSG00000190998	180	124	172	161	110	241
ENSG00000170478	8892	8438	7630	3375	2319	7212
ENSG00000129484	558	841	770	436	684	694
ENSG00000189661	49	17	49	55	61	75
ENSG00000228647	380	327	328	233	359	414
ENSG00000163840	35	41	21	33	18	23
ENSG00000178884	21	12	16	10	12	15
ENSG00000156608	37	40	59	40	42	65
ENSG00000238178	43	77	36	55	69	48
ENSG00000165464	2122	6730	2846	3313	8001	5837
ENSG00000134489	883	279	536	457	723	440
ENSG00000112377	1	1	1	0	2	3
ENSG00000125963	160	146	73	84	118	120
ENSG00000225579	42	36	48	37	58	26
ENSG00000178563	113	131	64	107	52	58
ENSG00000183559	118	210	184	199	149	116
ENSG00000205585	77	121	172	131	180	183
ENSG00000179390	306	321	347	397	351	385
ENSG00000167432	32	53	36	29	29	7
ENSG00000238448	2342	1837	2028	1797	2133	1610
ENSG00000171003	83	134	69	115	80	99
ENSG00000182743	1979	1346	1550	2059	2381	1903
ENSG00000215759	122	105	114	70	130	55
ENSG00000124986	224	389	261	267	393	305
ENSG00000168803	33	23	21	9	16	18
ENSG00000160552	1177	555	1313	1410	1306	921
ENSG00000225504	148	169	268	233	393	211
ENSG00000199183	58	31	82	60	42	68
ENSG00000140105	363	376	241	211	284	551
ENSG00000238049	550	437	635	312	565	299
ENSG00000145267	5	4	2	8	10	3
ENSG00000151694	41	34	57	34	34	22
ENSG00000123365	17	11	13	14	21	30
ENSG00000127379	630	371	712	724	1011	475
ENSG00000146004	234	225	234	146	230	264
ENSG00000154870	20	30	55	30	40	23
ENSG00000195696	37	31	25	37	15	33
ENSG00000170692	111	156	103	99	127	140
ENSG00000215234	1	3	2	1	4	0
ENSG00000235463	125	50	163	88	139	105
ENSG00000192885	4057	2766	2090	3057	2925	1898
ENSG00000235950	10	7	12	13	14	7
ENSG00000154940	20	16	5	18	11	12
ENSG00000148671	20	18	15	10	14	18
ENSG00000132096	178	326	249	224	320	397
ENSG00000139695	28	52	23	32	46	33
ENSG00000227187	5603	5609	2731	2561	3934	5366
ENSG00000150371	81	91	111	58	108	102
ENSG00000208913	69	89	43	31	84	71
ENSG00000201737	8	14	14	22	8	22
ENSG00000240492	623	596	277	641	354	532
ENSG00000135637	1305	874	1147	992	799	888
ENSG00000207273	387	164	208	190	186	195
ENSG00000100358	2036	1773	1914	1800	1520	1904
ENSG00000245577	2341	950	2277	1301	1608	1324
ENSG00000201102	194	490	319	248	181	233
ENSG00000131512	101	147	236	198	97	152
ENSG00000167522	60	48	56	51	36	27
ENSG00000124561	196	189	261	295	276	277
ENSG00000215054	93	75	39	49	25	117
ENSG00000207155	3604	3812	2645	1827	1623	2208
ENSG00000202331	542	800	458	357	381	883
ENSG00000141224	82	122	107	63	92	107
ENSG00000154080	81	61	51	36	71	57
ENSG00000153880	491	347	186	330	411	235
ENSG00000101100	1117	970	1205	716	1051	1481
ENSG00000223890	289	182	273	349	331	331
ENSG00000244148	914	1631	665	425	1117	1468
ENSG00000109590	76	61	74	27	36	36
ENSG00000156730	98	252	325	200	143	382
ENSG00000205665	409	393	775	673	269	509
ENSG00000138634	146	379	112	150	154	182
ENSG00000219418	431	134	406	194	255	185
ENSG00000200078	959	1180	1019	731	1023	2397
ENSG00000212768	195	110	29	189	66	84
ENSG00000242580	1190	1101	681	752	1630	1759
ENSG00000185533	58	29	42	64	72	28
ENSG00000164515	299	786	653	566	457	397
ENSG00000207687	26	55	49	43	42	46
ENSG00000190486	128	44	35	50	55	32
ENSG00000170965	475	381	294	572	374	704
ENSG00000135335	3233	2684	1043	2216	1267	3630
ENSG00000136652	147	167	101	102	150	189
ENSG00000203425	117	194	325	280	273	128
ENSG00000195602	2669	2903	2232	2003	1764	2233
ENSG00000150406	31	26	40	35	56	46
ENSG00000182370	1141	1231	1626	1045	1275	987
ENSG00000191638	25	17	19	19	34	15
ENSG00000244814	1	5	7	0	5	10
ENSG00000190003	179	591	292	241	346	179
ENSG00000167923	68	51	40	45	98	160
ENSG00000191543	33	45	94	65	71	49
ENSG00000248558	2	2	1	3	2	1
ENSG00000214472	275	262	356	556	277	286
ENSG00000221919	83	71	82	68	50	33
ENSG00000122079	9	37	22	13	17	16
ENSG00000182541	99	141	191	205	115	81
ENSG00000247675	10	13	9	23	20	9
ENSG00000112025	43	32	22	55	44	37
ENSG00000139491	31	24	35	43	35	33
ENSG00000127814	1208	897	1349	1428	681	1794
ENSG00000148544	108	151	75	85	187	115
ENSG00000228479	1840	1913	2112	2537	1822	1369
ENSG00000147962	50	26	40	23	15	45
ENSG00000167006	13	18	19	16	4	14
ENSG00000231862	5757	3728	8356	5270	6197	3478
ENSG00000159791	5	10	16	9	11	14
ENSG00000125072	2134	2468	1862	1106	1348	2086
ENSG00000207733	25	28	19	19	34	11
ENSG00000202318	914	748	411	506	457	646
ENSG00000176590	32	32	64	29	57	38
ENSG00000190953	3229	5176	2734	2169	1774	2823
ENSG00000120125	6382	12439	9552	7712	9948	9146
ENSG00000211825	1316	1939	814	1143	1693	927
ENSG00000230161	427	390	276	250	648	385
ENSG00000219911	56	52	60	85	66	90
ENSG00000170821	426	830	843	686	329	591
ENSG00000198065	9685	12982	7084	7146	10302	5611
ENSG00000239259	39	78	71	61	75	69
ENSG00000234297	20	15	13	19	14	23
ENSG00000136404	6257	7295	4213	4116	3566	6654
ENSG00000146882	67	96	106	84	112	112
ENSG00000111809	765	512	509	699	1351	860
ENSG00000175008	152	173	443	301	326	191
ENSG00000231345	253	133	277	341	358	166
ENSG00000176084	153	50	87	84	70	97
ENSG00000179816	148	121	112	114	164	170
ENSG00000113780	8	9	2	5	8	4
ENSG00000133107	72	45	68	60	25	79
ENSG00000237855	18	32	30	42	32	40
ENSG00000127644	2166	1409	1396	1698	1912	2801
ENSG00000135339	33	84	41	65	94	34
ENSG00000152087	180	314	276	196	268	314
ENSG00000100693	4	6	4	7	2	2
ENSG00000204819	189	209	244	180	133	102
ENSG00000105862	2570	2452	3915	2555	3083	4731
ENSG00000221461	165	300	137	185	333	245
ENSG00000238938	969	1951	1182	893	854	717
ENSG00000168452	102	47	125	54	58	108
ENSG00000180729	55	49	34	61	34	15
ENSG00000209365	767	1109	1423	1759	970	1840
ENSG00000131643	23	54	101	79	35	85
ENSG00000183970	13	12	11	12	20	37
ENSG00000166620	149	201	201	155	75	114
ENSG00000176980	45	48	89	62	62	116
ENSG00000246491	2399	807	1548	1040	2032	1591
ENSG00000239161	1036	685	771	584	1192	841
ENSG00000191760	7	10	12	13	15	9
ENSG00000244024	498	340	788	887	371	443
ENSG00000148466	17	17	16	3	10	9
ENSG00000106288	166	248	256	256	196	247
ENSG00000210686	204	639	525	504	638	764
ENSG00000241388	44	87	80	84	45	75
ENSG00000227709	49	62	41	56	35	35
ENSG00000128335	380	679	569	563	875	633
ENSG00000120003	67	75	60	117	56	83
ENSG00000112449	26	8	29	20	19	12
ENSG00000212757	3149	4704	5079	5866	5026	2093
ENSG00000161483	800	831	858	1205	1189	718
ENSG00000100716	189	213	431	446	414	530
ENSG00000103629	259	283	234	396	188	238
ENSG00000153044	847	1908	1457	1183	1125	831
ENSG00000236279	160	205	242	137	187	112
ENSG00000103824	873	1076	578	896	679	634
ENSG00000212868	315	287	353	335	455	253
ENSG00000123805	16	24	43	47	42	51
ENSG00000228380	1819	1320	1226	914	1468	1062
ENSG00000202603	309	387	175	269	275	187
ENSG00000147919	15	44	28	28	35	48
ENSG00000228347	96	93	41	58	77	61
ENSG00000166283	1	2	2	3	3	1
ENSG00000123902	11	5	9	1	4	10
ENSG00000138619	13	10	5	7	11	9
ENSG00000112752	485	635	830	524	1000	885
ENSG00000129376	475	458	876	1618	350	687
ENSG00000106829	1656	1403	1268	2360	1091	1352
ENSG00000186765	327	362	332	389	400	265
ENSG00000147559	4470	6314	4385	5478	3747	5458
ENSG00000102688	52	53	96	35	82	46
ENSG00000121603	63	41	33	28	43	59
ENSG00000245013	25	28	34	37	18	21
ENSG00000226000	222	412	229	236	142	238
ENSG00000100094	76	31	26	77	47	61
ENSG00000244449	43	20	30	11	12	26
ENSG00000114168	58	38	66	80	54	77
ENSG00000234274	309	204	228	202	172	202
ENSG00000102327	14	24	20	9	11	14
ENSG00000117525	214	144	158	156	141	160
ENSG00000177435	178	192	136	240	110	108
ENSG00000190605	2947	3126	3702	6372	2945	5321
ENSG00000174716	196	202	167	186	321	164
ENSG00000110758	12	9	5	14	15	9
ENSG00000151972	231	243	287	146	351	217
ENSG00000218532	260	104	261	165	152	231
ENSG00000171974	7	24	14	12	11	17
ENSG00000242117	0	0	1	0	0	2
ENSG00000230442	853	732	709	766	903	825
ENSG00000114451	89	78	116	88	132	129
ENSG00000234172	23	26	32	41	12	43
ENSG00000145607	91	158	78	131	91	74
ENSG00000176819	1688	2050	1553	1262	1502	1245
ENSG00000127034	4275	4221	5172	6409	6411	5322
ENSG00000209354	82	68	24	55	55	61
ENSG00000126660	2769	2470	1164	3220	2514	3694
ENSG00000104496	112	139	171	108	91	88
ENSG00000192081	134	156	108	114	91	152
ENSG00000183460	126	153	140	115	205	121
ENSG00000101474	131	99	155	75	106	202
ENSG00000122773	86	134	86	94	139	91
ENSG00000146340	29	43	26	31	45	62
ENSG00000104892	164	82	201	151	123	227
ENSG00000235218	18	11	8	29	17	19
ENSG00000151968	554	753	890	198	321	496
ENSG00000174800	29	59	45	35	23	54
ENSG00000202424	424	313	199	242	652	351
ENSG00000239116	64	93	181	54	61	129
ENSG00000106195	5	12	2	0	2	2
ENSG00000128620	863	793	1868	1039	749	1121
ENSG00000199903	307	238	368	306	164	473
ENSG00000214186	109	164	141	117	106	108
ENSG00000112459	60	66	116	55	130	97
ENSG00000164131	4999	8645	4024	5214	7119	7208
ENSG00000106644	89	60	94	63	93	45
ENSG00000230373	1040	729	829	921	1318	1075
ENSG00000224834	136	201	202	96	187	328
ENSG00000106099	15	13	7	7	6	7
ENSG00000248037	571	638	923	528	505	503
ENSG00000199494	5	3	8	8	5	13
ENSG00000108464	620	393	312	329	218	649
ENSG00000122672	270	225	301	712	249	197
ENSG00000196012	152	283	219	166	209	237
ENSG00000125582	38	29	73	33	43	27
ENSG00000243271	1965	4334	3451	3772	2277	1171
ENSG00000161919	4473	4546	5360	4763	7216	6928
ENSG00000203172	23	20	48	13	22	28
ENSG00000140395	114	60	51	83	61	51
ENSG00000198107	3415	3041	1629	3476	3789	4398
ENSG00000186750	49	100	38	78	44	43
ENSG00000180043	761	797	803	878	954	1259
ENSG00000163311	28	27	16	29	20	22
ENSG00000116808	44	34	52	29	39	15
ENSG00000106000	323	235	368	209	144	228
ENSG00000116406	220	263	476	454	480	274
ENSG00000180606	8	3	5	14	8	3
ENSG00000223365	23	15	11	11	11	17
ENSG00000241321	559	380	438	392	704	542
ENSG00000138172	2062	1525	743	2557	1975	1740
ENSG00000121300	363	447	415	250	424	332
ENSG00000224339	247	250	268	238	349	137
ENSG00000137125	417	523	403	275	373	298
ENSG00000203801	37	10	9	15	12	10
ENSG00000196084	171	219	268	470	384	173
ENSG00000173367	893	1150	1150	1113	992	1413
ENSG00000208485	686	218	484	372	537	324
ENSG00000238791	16	13	27	16	11	16
ENSG00000238777	18	25	28	15	20	26
ENSG00000243470	1271	1324	994	1427	1768	1045
ENSG00000118613	7	10	7	7	7	13
ENSG00000123836	20	14	5	23	21	26
ENSG00000104389	3873	3900	3795	4297	3770	3312
ENSG00000126877	10	31	17	27	24	18
ENSG00000111754	24	57	30	34	39	40
ENSG00000140574	553	683	574	439	730	839
ENSG00000215519	607	584	866	507	975	1067
ENSG00000143389	84	71	100	175	177	129
ENSG00000183175	10	9	14	12	3	11
ENSG00000126492	60	85	42	40	44	73
ENSG00000164063	167	145	172	198	232	248
ENSG00000157235	20	13	25	33	14	24
ENSG00000151720	10	12	12	22	9	21
ENSG00000185863	1963	1032	963	1418	2201	2484
ENSG00000212081	472	554	338	358	550	238
ENSG00000249293	601	462	1046	323	402	279
ENSG00000195971	807	685	644	378	917	465
ENSG00000239503	15	27	7	9	24	8
ENSG00000161262	386	660	511	233	278	273
ENSG00000115989	1738	1481	1194	2074	1857	2104
ENSG00000203939	604	452	561	784	296	730
ENSG00000244312	29	11	10	9	11	11
ENSG00000220693	4	4	2	7	11	6
ENSG00000178808	17	17	27	36	20	29
ENSG00000202857	448	414	477	245	564	469
ENSG00000117168	81	89	89	100	119	124
ENSG00000107465	212	264	233	193	164	183
ENSG00000209268	11	20	12	8	12	13
ENSG00000155072	1033	791	696	585	906	923
ENSG00000148689	71	35	40	48	30	25
ENSG00000188917	1166	1132	1449	698	2161	2160
ENSG00000195458	106	90	118	143	191	151
ENSG00000189625	0	0	3	0	0	3
ENSG00000123305	75	73	107	67	132	81
ENSG00000130425	11	41	25	18	22	26
ENSG00000239700	30	31	22	12	20	33
ENSG00000224701	122	87	120	84	85	144
ENSG00000102353	1446	1341	1806	1659	841	1263
ENSG00000136472	734	528	1022	587	671	876
ENSG00000129004	2837	2796	1399	2477	2688	1978
ENSG00000232207	157	218	183	114	168	180
ENSG00000124947	4	2	2	11	3	7
ENSG00000202727	60	47	109	41	54	37
ENSG00000135120	20	37	17	25	38	18
ENSG00000203306	39	18	35	38	48	29
ENSG00000136669	24113	28538	36821	26975	15491	28314
ENSG00000204590	569	667	440	547	636	576
ENSG00000179930	11	25	20	13	12	27
ENSG00000175017	1639	1323	1567	1416	1406	1175
ENSG00000146038	66	93	80	67	109	83
ENSG00000173529	5	8	5	5	8	12
ENSG00000108495	2178	1614	1530	1987	1015	1293
ENSG00000177590	48	58	42	26	67	65
ENSG00000244076	178	178	274	166	224	172
ENSG00000169150	16521	19418	15522	10200	15822	15853
ENSG00000203991	16	10	10	15	23	14
ENSG00000116922	870	896	1351	1270	806	1476
ENSG00000154132	66	98	54	76	57	103
ENSG00000139662	11	14	14	11	16	11
ENSG00000117961	158	93	117	71	134	34
ENSG00000178469	262	162	178	194	133	188
ENSG00000156342	166	245	192	184	183	207
ENSG00000181582	7	6	7	7	6	9
ENSG00000163367	907	1133	884	649	551	616
ENSG00000120203	30	21	29	19	25	17
ENSG00000189506	298	153	396	489	334	172
ENSG00000182580	134	291	197	237	189	134
ENSG00000230414	65	50	78	40	50	39
ENSG00000135757	484	788	254	855	351	487
ENSG00000127418	41	25	23	17	39	45
ENSG00000205006	8	14	33	13	22	24
ENSG00000196937	0	15	14	1	11	13
ENSG00000122549	5	5	4	1	2	7
ENSG00000153587	40	29	55	21	45	62
ENSG00000148144	0	2	1	1	3	1
ENSG00000222656	52	68	60	73	63	44
ENSG00000170436	72	32	56	51	44	39
ENSG00000107439	5466	2676	4765	5860	5562	3226
ENSG00000103545	11	20	17	18	11	10
ENSG00000155691	926	1185	956	1306	1143	1245
ENSG00000145568	204	228	212	235	200	301
ENSG00000121920	376	243	257	280	203	143
ENSG00000170826	31	29	34	46	47	43
ENSG00000113927	16	16	34	40	34	24
ENSG00000241314	74	86	67	51	66	58
ENSG00000116901	173	88	61	169	84	140
ENSG00000159571	711	474	299	294	497	288
ENSG00000203041	56	47	64	25	50	50
ENSG00000118008	2532	2979	2728	3373	2609	3429
ENSG00000203125	2858	4124	4100	2722	3858	6413
ENSG00000160311	0	1	1	0	0	1
ENSG00000243595	197	266	126	210	167	114
ENSG00000124784	118	73	74	125	79	180
ENSG00000154869	14	17	17	17	36	18
ENSG00000101748	0	3	0	1	0	2
ENSG00000247097	4	5	8	5	2	3
ENSG00000134551	46	103	73	118	144	86
ENSG00000179794	400	747	705	699	582	673
ENSG00000111396	314	404	417	193	258	389
ENSG00000214287	509	318	325	273	371	420
ENSG00000103053	53	116	106	100	104	109
ENSG00000178677	581	1305	1690	2436	1221	896
ENSG00000212697	295	381	430	391	343	189
ENSG00000233847	846	1014	980	753	1361	2444
ENSG00000209997	91	108	107	152	121	67
ENSG00000123022	54	37	44	51	37	23
ENSG00000216215	6	12	6	4	5	4
ENSG00000216082	2441	3073	3491	3932	4044	5170
ENSG00000186337	43	35	32	46	37	35
ENSG00000222166	20	34	16	25	19	17
ENSG00000220490	2	1	0	3	0	2
ENSG00000167027	285	382	559	365	462	311
ENSG00000114805	6	21	3	8	9	3
ENSG00000135191	176	99	194	360	128	92
ENSG00000196985	238	231	312	281	131	279
ENSG00000226509	1394	2395	1700	2988	2256	3084
ENSG00000132872	41	31	27	25	52	23
ENSG00000118106	2	3	1	3	4	7
ENSG00000182102	1374	485	649	841	1038	738
ENSG00000163208	307	149	322	398	119	197
ENSG00000130675	63	31	30	21	75	39
ENSG00000137579	99	105	149	122	175	89
ENSG00000138303	7393	5328	6643	6701	8178	3762
ENSG00000241588	172	126	161	134	154	178
ENSG00000179931	49	28	40	64	56	21
ENSG00000203423	140	64	110	114	158	159
ENSG00000127538	447	541	595	404	561	441
ENSG00000137656	352	117	352	418	281	547
ENSG00000205454	191	281	593	189	148	110
ENSG00000155419	210	357	185	434	342	246
ENSG00000130488	21	10	20	21	21	8
ENSG00000166950	490	470	540	575	390	417
ENSG00000186928	1140	1454	1043	1230	1020	1145
ENSG00000190518	211	768	394	360	310	566
ENSG00000222736	125	105	121	147	204	172
ENSG00000154943	171	83	169	142	81	128
ENSG00000142795	188	152	162	193	68	125
ENSG00000235267	227	208	110	77	121	112
ENSG00000224808	1	3	3	8	6	8
ENSG00000154418	119	51	63	99	53	50
ENSG00000213911	2340	2494	1559	2020	1816	1484
ENSG00000248187	41	126	105	76	71	74
ENSG00000234457	52	45	31	36	58	27
ENSG00000187243	485	243	560	389	456	748
ENSG00000234454	156	158	197	288	140	159
ENSG00000230062	14	35	49	52	52	31
ENSG00000230892	316	166	296	134	166	306
ENSG00000216150	4773	5137	3726	3283	4685	4619
ENSG00000200803	8837	3403	3704	5562	4619	4501
ENSG00000195968	196	171	180	245	232	120
ENSG00000148585	72	92	61	178	38	173
ENSG00000125622	656	1852	1394	1981	877	2671
ENSG00000156226	386	411	306	301	472	238
ENSG00000230790	371	552	443	329	419	435
ENSG00000166448	162	171	184	101	190	148
ENSG00000241680	10	14	7	13	16	6
ENSG00000175527	14	6	9	6	12	8
ENSG00000163803	159	111	135	78	157	151
ENSG00000139820	16	6	17	28	28	25
ENSG00000199186	487	562	931	869	325	705
ENSG00000222531	940	644	1212	504	386	886
ENSG00000247763	2433	3137	2286	1684	2120	2694
ENSG00000113355	187	105	155	195	187	135
ENSG00000160537	6445	6469	6904	8321	6039	15226
ENSG00000239445	2353	1660	1299	2349	2086	2580
ENSG00000129236	227	399	324	606	176	338
ENSG00000114411	702	547	1000	941	442	335
ENSG00000106069	20	70	28	44	31	35
ENSG00000155373	0	2	0	1	0	2
ENSG00000226631	710	1530	2199	1469	1778	1691
ENSG00000122372	341	687	375	340	478	243
ENSG00000177262	3084	3431	5061	4099	6566	2346
ENSG00000158369	690	336	418	260	499	362
ENSG00000163050	71	144	84	236	75	168
ENSG00000205503	50	63	93	54	67	80
ENSG00000188284	49	30	58	70	46	21
ENSG00000135619	380	297	168	176	232	221
ENSG00000195580	2	6	2	7	2	1
ENSG00000151626	16	10	17	13	16	25
ENSG00000210452	471	1079	1067	875	845	1220
ENSG00000200130	4	1	2	4	1	1
ENSG00000249859	12	4	2	5	6	5
ENSG00000152236	43	63	43	18	49	33
ENSG00000107896	62	41	68	45	38	70
ENSG00000130829	178	208	244	163	271	122
ENSG00000120027	1111	684	1028	448	553	429
ENSG00000222987	276	155	281	281	191	292
ENSG00000145225	573	512	282	485	385	423
ENSG00000204658	24	56	62	29	43	15
ENSG00000248281	165	199	183	328	187	213
ENSG00000157257	43	23	39	76	31	43
ENSG00000153136	116	97	47	147	91	54
ENSG00000235033	244	341	637	394	261	447
ENSG00000196984	431	393	338	414	519	164
ENSG00000236756	7	8	5	4	7	4
ENSG00000212387	17	17	19	22	12	25
ENSG00000152376	11299	14362	4152	5500	4721	8773
ENSG00000132074	2	1	1	3	2	7
ENSG00000172125	171	219	108	143	189	212
ENSG00000179161	13	18	9	9	4	12
ENSG00000176081	59	105	51	78	144	83
ENSG00000133629	67	54	35	59	45	58
ENSG00000183412	208	114	251	207	239	111
ENSG00000218406	19	7	34	9	15	16
ENSG00000169597	1963	1014	1039	1170	1579	1737
ENSG00000129428	13240	17148	12560	9887	12695	13238
ENSG00000246843	0	0	2	2	2	1
ENSG00000158862	35	43	21	17	16	18
ENSG00000181421	7	4	7	3	5	5
ENSG00000225484	184	201	158	236	144	164
ENSG00000224325	2611	2548	2463	3785	2296	2094
ENSG00000122194	1790	1267	2676	1858	3706	2434
ENSG00000247658	3058	1243	1416	2907	1610	2386
ENSG00000134779	239	207	228	144	247	402
ENSG00000211518	106	59	57	17	56	43
ENSG00000214938	1986	1808	1228	1328	2037	1205
ENSG00000177084	44	55	43	55	51	53
ENSG00000232378	32	31	34	37	23	13
ENSG00000246385	163	153	136	135	127	172
ENSG00000135116	13	10	16	16	10	18
ENSG00000116814	132	90	41	150	109	88
ENSG00000159586	16	27	25	28	15	22
ENSG00000104888	204	174	172	138	211	140
ENSG00000120963	821	997	881	768	900	1674
ENSG00000204033	43	56	42	42	52	64
ENSG00000165903	572	338	433	458	517	365
ENSG00000238921	1532	791	1163	873	1010	1536
ENSG00000190685	16	20	22	29	33	15
ENSG00000105158	161	152	183	134	124	73
ENSG00000118134	78	41	53	78	73	64
ENSG00000107438	8227	6865	4337	5414	2934	7285
ENSG00000135798	84	30	33	64	55	52
ENSG00000226650	129	189	124	289	164	187
ENSG00000180809	11	8	17	10	7	9
ENSG00000240593	36	24	24	33	26	26
ENSG00000155754	343	642	575	426	558	391
ENSG00000157074	81	123	99	100	99	55
ENSG00000107849	697	1026	406	566	358	619
ENSG00000155503	115	278	133	162	168	137
ENSG00000133649	43698	34768	31313	30746	17946	20094
ENSG00000168890	66	140	92	58	81	122
ENSG00000197753	1414	1167	1587	793	1230	1481
ENSG00000128800	61	52	44	46	32	51
ENSG00000192940	70	61	94	45	18	54
ENSG00000129421	6	10	6	5	5	7
ENSG00000159074	41626	33714	18866	29624	27564	42634
ENSG00000197087	4	0	2	4	1	3
ENSG00000110663	185	84	172	150	180	274
ENSG00000213431	55	56	89	48	93	47
ENSG00000152895	742	529	420	803	1074	468
ENSG00000224741	48	55	61	50	28	56
ENSG00000218718	6142	7566	5670	6223	9979	4182
ENSG00000223519	1334	1420	699	1141	936	1169
ENSG00000193429	346	620	417	545	470	232
ENSG00000113842	551	488	549	595	432	249
ENSG00000148701	2399	1096	2249	1049	1229	1264
ENSG00000136696	633	270	575	353	392	303
ENSG00000249468	2660	4195	3625	5648	4227	4939
ENSG00000201040	573	585	769	531	980	1348
ENSG00000153822	236	132	113	127	174	130
ENSG00000243792	455	382	341	578	350	240
ENSG00000134256	211	296	359	269	385	297
ENSG00000246071	1773	1438	1680	1455	1790	1645
ENSG00000159130	67	110	103	68	70	83
ENSG00000134000	232	212	359	190	333	144
ENSG00000195154	7	15	7	24	17	13
ENSG00000191484	652	737	717	640	646	747
ENSG00000142781	166	207	230	377	157	222
ENSG00000208079	66	33	59	56	38	32
ENSG00000229743	3254	5553	4214	8581	3314	3882
ENSG00000150940	155	141	193	219	134	286
ENSG00000167878	12	14	9	16	27	17
ENSG00000155972	1476	2115	963	1268	931	1616
ENSG00000191972	163	144	116	78	142	175
ENSG00000228083	1	1	0	0	3	0
ENSG00000192969	690	282	459	201	491	288
ENSG00000135188	288	138	134	184	191	230
ENSG00000242934	196	260	159	296	162	268
ENSG00000185366	181	96	154	61	120	89
ENSG00000176040	26	47	39	45	52	17
ENSG00000241112	243	134	170	167	126	131
ENSG00000221425	10	8	4	4	3	5
ENSG00000215469	156	102	69	78	62	120
ENSG00000173173	707	518	1666	819	1219	806
ENSG00000144987	907	875	1724	1650	1430	874
ENSG00000158949	56	89	54	44	92	92
ENSG00000135782	8523	7405	15035	11419	6036	8548
ENSG00000207299	294	240	625	359	261	325
ENSG00000126389	51	55	56	125	56	97
ENSG00000158909	181	221	242	237	119	232
ENSG00000114992	25	35	43	24	61	54
ENSG00000190298	496	1016	1287	995	586	1531
ENSG00000133292	26	28	21	34	19	24
ENSG00000228580	26	24	76	20	35	32
ENSG00000189347	17	26	28	17	13	21
ENSG00000193517	36	49	32	15	18	62
ENSG00000206676	93	114	94	83	64	102
ENSG00000249480	7511	9658	4845	5799	7110	7380
ENSG00000230993	314	244	298	205	184	239
ENSG00000233868	1159	1787	1750	1021	1743	2142
ENSG00000127854	72	179	196	243	323	201
ENSG00000151861	708	1317	1031	663	847	662
ENSG00000194064	14	24	14	14	13	13
ENSG00000100347	25	21	22	21	20	9
ENSG00000151308	5207	10154	8507	5829	7370	6367
ENSG00000199975	329	509	486	352	356	354
ENSG00000124573	7	9	9	4	6	4
ENSG00000139592	441	412	439	385	535	361
ENSG00000220840	98	107	146	145	142	254
ENSG00000247706	110	123	55	144	90	72
ENSG00000102246	1685	772	1020	1589	464	710
ENSG00000158442	11	23	10	18	10	10
ENSG00000154304	1752	1389	2855	1581	1918	2096
ENSG00000224358	218	520	201	253	482	151
ENSG00000206606	74	60	37	72	60	126
ENSG00000119047	16	8	11	13	12	11
ENSG00000148450	6138	7047	7447	4651	4950	5340
ENSG00000237426	39	79	91	83	66	74
ENSG00000185488	13	4	16	5	2	9
ENSG00000232357	98	122	109	136	123	128
ENSG00000111764	470	282	396	487	280	297
ENSG00000176705	669	718	492	691	283	447
ENSG00000100967	4378	3633	4613	2490	2567	1992
ENSG00000141194	612	618	347	618	619	284
ENSG00000227708	268	188	126	267	184	130
ENSG00000136169	12188	13111	12954	20402	15301	9025
ENSG00000198637	12698	10913	8314	9715	13243	11079
ENSG00000134725	14	18	18	12	27	19
ENSG00000106434	1051	1382	1390	2158	776	2002
ENSG00000104167	51	42	58	41	61	46
ENSG00000214505	2555	2659	6464	6139	2301	2926
ENSG00000149518	21	34	14	15	30	21
ENSG00000227872	159	393	399	337	252	346
ENSG00000125255	5405	2184	3953	5361	2039	2624
ENSG00000247911	436	172	326	199	410	322
ENSG00000209933	1009	1298	1417	1699	1845	2804
ENSG00000180777	38	52	49	25	46	30
ENSG00000226154	25	22	13	15	17	5
ENSG00000128741	12	17	27	10	18	23
ENSG00000200035	616	528	715	676	331	766
ENSG00000115333	17	42	32	46	50	31
ENSG00000238385	2620	3036	4282	2948	1892	2782
ENSG00000199075	81	100	65	90	84	106
ENSG00000166085	2601	2341	2042	2790	2682	1883
ENSG00000215354	528	242	589	346	271	278
ENSG00000101305	10	18	28	24	14	17
ENSG00000118135	142	199	218	166	219	65
ENSG00000243087	441	410	453	341	450	258
ENSG00000125236	197	541	364	357	396	628
ENSG00000171554	188	118	148	131	147	149
ENSG00000114275	1552	1638	1289	485	2566	2094
ENSG00000113046	847	1534	1015	1231	1031	1364
ENSG00000235838	537	1075	1271	1581	841	1142
ENSG00000152719	69	16	14	31	16	33
ENSG00000215664	3	1	2	4	3	3
ENSG00000135266	534	601	525	540	361	1001
ENSG00000131289	50	33	47	16	34	27
ENSG00000157587	65	34	75	102	38	61
ENSG00000119732	59	72	104	88	93	83
ENSG00000109595	225	475	445	326	223	356
ENSG00000105925	8	5	8	8	2	4
ENSG00000156917	93	150	84	108	177	84
ENSG00000221357	1530	2886	3188	3745	3737	1431
ENSG00000220568	14	13	8	19	7	17
ENSG00000177848	88	66	108	84	71	152
ENSG00000166073	3758	2950	4051	2218	3654	2257
ENSG00000186932	829	941	1206	775	910	953
ENSG00000152650	812	497	294	398	492	661
ENSG00000237183	311	193	318	158	298	200
ENSG00000158470	8	8	15	7	6	10
ENSG00000158030	195	142	349	212	303	183
ENSG00000152094	28	19	28	13	17	44
ENSG00000106427	197	278	155	248	196	308
ENSG00000123352	16	26	35	42	40	35
ENSG00000152368	18	15	7	13	23	9
ENSG00000131253	123	167	263	169	205	164
ENSG00000154030	982	796	1681	1266	969	2422
ENSG00000184977	59	50	59	43	75	90
ENSG00000207886	233	242	354	221	346	292
ENSG00000212250	517	554	779	385	602	811
ENSG00000115806	435	371	329	401	407	543
ENSG00000121681	1	17	16	14	20	14
ENSG00000164499	58	72	54	19	36	46
ENSG00000196152	225	238	306	209	563	174
ENSG00000146746	111	237	203	229	286	274
ENSG00000180155	5520	6216	8235	5992	3634	2756
ENSG00000136118	687	481	538	732	504	383
ENSG00000128390	9	17	14	22	23	33
ENSG00000206608	802	711	702	533	917	394
ENSG00000233775	1658	2428	896	1493	1864	1252
ENSG00000214718	464	218	919	492	1112	933
ENSG00000205977	417	259	367	868	403	970
ENSG00000236428	12	6	4	15	4	7
ENSG00000195642	143	211	248	172	147	130
ENSG00000159865	648	640	784	375	652	773
ENSG00000169723	88	99	66	67	75	66
ENSG00000123544	102	76	166	100	118	66
ENSG00000147494	360	296	341	170	214	402
ENSG00000144068	37	26	52	39	26	68
ENSG00000109127	14	35	34	37	35	26
ENSG00000233017	113	176	98	154	78	227
ENSG00000118920	92	133	127	140	73	167
ENSG00000213489	739	722	1060	663	922	600
ENSG00000162931	75	94	93	128	163	213
ENSG00000226407	12	11	22	9	11	9
ENSG00000177433	323	511	436	393	337	514
ENSG00000229515	38	43	38	39	28	35
ENSG00000178506	493	254	725	900	768	584
ENSG00000128470	71	60	50	31	69	68
ENSG00000133770	494	481	797	478	314	426
ENSG00000196750	173	289	381	366	167	258
ENSG00000131587	139	99	116	122	149	84
ENSG00000141996	11	2	11	15	12	21
ENSG00000233627	148	95	60	77	75	85
ENSG00000129546	3973	1891	3910	1527	1966	2234
ENSG00000229718	448	301	115	405	265	419
ENSG00000131210	1819	1444	1785	2252	976	2429
ENSG00000180925	111	219	210	170	244	146
ENSG00000192207	103	131	241	181	152	138
ENSG00000121479	27	49	45	16	14	56
ENSG00000136734	414	356	378	230	651	205
ENSG00000145554	27	25	24	20	27	37
ENSG00000213671	34	22	28	32	26	53
ENSG00000115830	778	891	1451	1471	1148	1824
ENSG00000239863	19	11	15	17	10	29
ENSG00000162737	5899	12253	30734	25028	15487	17208
ENSG00000158016	267	191	248	140	189	106
ENSG00000101676	43	39	79	79	70	66
ENSG00000126829	1573	2054	1259	2662	921	2645
ENSG00000189731	43	32	19	18	53	42
ENSG00000131120	98	273	176	182	152	292
ENSG00000100129	201	159	187	199	140	143
ENSG00000211863	1708	1673	1100	1227	973	653
ENSG00000107322	4633	6527	6726	5195	7339	5937
ENSG00000210363	324	405	237	411	228	376
ENSG00000201839	13	12	9	9	11	19
ENSG00000170113	17	14	5	17	24	8
ENSG00000237630	87	54	69	61	36	64
ENSG00000171709	702	850	830	800	809	385
ENSG00000199958	205	229	101	246	165	214
ENSG00000208386	213	263	243	258	367	266
ENSG00000134140	118	75	40	96	63	165
ENSG00000135045	2281	2507	2139	2731	3683	1494
ENSG00000117402	19	25	16	29	25	5
ENSG00000177734	5642	8316	7300	7892	4711	8459
ENSG00000231355	1167	2056	1406	2297	2367	1572
ENSG00000203008	608	532	998	718	946	629
ENSG00000211656	166	156	135	221	112	246
ENSG00000195917	129	63	120	181	113	51
ENSG00000181317	120	257	134	138	134	153
ENSG00000113049	28	45	59	60	44	58
ENSG00000148552	48	37	56	75	61	75
ENSG00000223715	31	22	45	32	16	35
ENSG00000104443	455	938	681	679	447	783
ENSG00000151749	165	186	197	140	155	130
ENSG00000156394	326	301	257	243	233	360
ENSG00000106691	48	33	26	27	32	48
ENSG00000145454	14	15	18	21	13	16
ENSG00000210047	28	28	11	13	20	6
ENSG00000211281	251	115	424	372	343	211
ENSG00000149039	12	17	21	13	19	15
ENSG00000128605	686	353	553	401	900	281
ENSG00000227691	24	8	33	30	35	26
ENSG00000154191	79	44	53	72	54	43
ENSG00000188851	152	371	346	210	161	395
ENSG00000219523	8	14	8	22	10	20
ENSG00000244124	1	7	1	1	2	4
ENSG00000168134	1520	1776	1461	2022	799	1135
ENSG00000151556	116	80	75	82	187	137
ENSG00000171556	30	42	54	42	44	63
ENSG00000141444	4782	5147	4622	3660	2848	4607
ENSG00000223434	10664	13431	9446	15174	11985	8005
ENSG00000129631	106	102	231	138	105	131
ENSG00000130036	177	340	250	161	109	389
ENSG00000145919	31812	27653	14137	28309	16054	36801
ENSG00000156913	54	60	45	33	53	51
ENSG00000235036	1815	1829	1864	1022	1098	2063
ENSG00000195710	930	937	1283	877	1218	1923
ENSG00000249323	66	44	26	59	65	35
ENSG00000167341	36	27	10	8	35	18
ENSG00000200278	45	18	49	38	40	40
ENSG00000204759	232	290	276	199	277	120
ENSG00000207478	219	333	338	230	373	384
ENSG00000167252	26884	14150	41270	39375	26134	27254
ENSG00000190567	12	9	13	24	19	14
ENSG00000169285	283	88	176	137	239	203
ENSG00000147702	12	27	41	41	31	48
ENSG00000198634	1209	1413	796	787	886	1158
ENSG00000230990	274	388	198	451	473	382
ENSG00000180669	13	10	8	9	11	14
ENSG00000209016	64	78	78	96	58	74
ENSG00000181860	173	133	227	220	133	166
ENSG00000101155	568	767	333	734	995	520
ENSG00000204182	448	564	492	429	171	440
ENSG00000108274	532	676	887	1180	463	658
ENSG00000141648	81	174	181	233	129	107
ENSG00000208196	434	682	605	544	533	615
ENSG00000113418	245	140	299	217	221	198
ENSG00000216613	869	500	776	1276	1615	782
ENSG00000137568	564	635	266	665	522	499
ENSG00000157892	12	41	31	36	33	14
ENSG00000157134	84	117	136	179	128	121
ENSG00000243046	22	33	31	51	54	30
ENSG00000185381	143	128	166	130	79	142
ENSG00000110875	427	1014	374	668	551	652
ENSG00000116718	219	143	194	187	205	133
ENSG00000233758	115	129	153	173	57	148
ENSG00000176042	56	34	31	45	111	35
ENSG00000178154	3965	4508	3032	4056	2383	4615
ENSG00000116824	134	190	236	198	254	192
ENSG00000162491	26	24	20	19	17	26
ENSG00000110374	82	35	51	32	97	92
ENSG00000198271	1294	1270	1236	1213	1016	1188
ENSG00000216116	10531	12784	15125	14799	9294	5592
ENSG00000212815	2611	1414	1560	2252	1056	3210
ENSG00000144635	82	136	67	83	86	58
ENSG00000145438	839	684	1222	799	957	713
ENSG00000118210	3	10	7	14	3	8
ENSG00000140965	646	1123	1211	1082	1022	1279
ENSG00000241002	57	80	90	125	64	88
ENSG00000184452	371	205	368	216	292	174
ENSG00000124783	12	4	7	18	18	10
ENSG00000122666	343	389	201	531	477	372
ENSG00000114853	9	5	6	14	19	10
ENSG00000178735	12	10	4	10	4	6
ENSG00000219833	3189	2224	2598	2719	1851	2478
ENSG00000216909	23	15	13	10	38	13
ENSG00000138329	597	709	1144	926	540	1189
ENSG00000201714	59	48	39	76	57	55
ENSG00000180384	147	123	143	124	166	96
ENSG00000239469	293	225	167	197	158	75
ENSG00000142024	1383	937	1528	1386	989	1488
ENSG00000119689	655	230	251	397	228	459
ENSG00000203019	21	28	35	31	28	23
ENSG00000204152	37	69	92	58	60	52
ENSG00000193231	1652	2768	2285	1818	4351	2440
ENSG00000105580	3606	3278	2153	1717	1689	2703
ENSG00000225333	69	56	50	52	43	45
ENSG00000151251	575	796	1027	1013	1055	741
ENSG00000125151	195	60	137	136	141	114
ENSG00000195214	2157	1266	1112	915	1595	1404
ENSG00000207320	45	56	27	15	27	18
ENSG00000130838	1116	440	1036	794	681	789
ENSG00000113522	24	51	33	23	30	57
ENSG00000191480	9	8	15	7	13	14
ENSG00000160261	408	455	373	487	452	405
ENSG00000139025	469	541	553	848	404	453
ENSG00000182162	7	14	11	7	5	7
ENSG00000227072	1	4	1	1	0	1
ENSG00000127829	149	89	106	106	108	80
ENSG00000229874	467	328	384	295	613	502
ENSG00000204056	71	57	71	68	62	33
ENSG00000118751	105	132	182	229	199	73
ENSG00000127669	71	110	53	56	118	112
ENSG00000226233	59	70	79	41	43	44
ENSG00000117616	402	465	298	765	176	362
ENSG00000137836	1775	2462	1427	1422	1099	1789
ENSG00000170413	282	301	271	302	247	461
ENSG00000134638	46	120	100	49	69	85
ENSG00000192283	43	81	37	29	43	59
ENSG00000159379	253	117	256	221	227	349
ENSG00000145054	0	3	3	1	0	3
ENSG00000226213	188	203	117	90	107	318
ENSG00000185419	179	148	88	122	108	145
ENSG00000112767	234	170	129	143	216	159
ENSG00000236725	84	161	102	88	85	85
ENSG00000235290	141	63	157	129	91	103
ENSG00000188155	10	4	13	3	8	7
ENSG00000167135	386	443	530	535	311	906
ENSG00000105691	65	59	52	91	105	55
ENSG00000144506	205	188	94	119	123	152
ENSG00000110560	98	62	60	70	52	64
ENSG00000128969	4	8	6	3	8	3
ENSG00000126789	299	719	392	499	385	698
ENSG00000126305	95	71	105	45	187	98
ENSG00000190221	95	138	102	69	110	67
ENSG00000103548	244	296	414	361	315	315
ENSG00000198085	2728	2997	7681	5082	4227	5647
ENSG00000189489	150	133	113	102	150	152
ENSG00000235675	476	344	549	581	450	239
ENSG00000163772	3144	5296	5414	7881	5968	3449
ENSG00000228922	59	114	53	76	80	89
ENSG00000135158	1296	1279	2206	2452	1197	1931
ENSG00000215268	109	168	217	151	173	175
ENSG00000191963	987	1266	306	1298	650	1523
ENSG00000148422	164	262	203	209	209	177
ENSG00000216401	1367	1450	917	1406	1051	1392
ENSG00000154452	23	23	17	21	24	51
ENSG00000242924	37	56	65	58	54	66
ENSG00000167723	46	20	61	58	31	69
ENSG00000112148	114	78	97	74	70	44
ENSG00000159295	1849	674	567	706	1783	1022
ENSG00000158576	362	345	448	548	345	408
ENSG00000158931	598	396	401	541	718	356
ENSG00000222745	118	89	65	72	150	57
ENSG00000243594	255	160	217	255	256	142
ENSG00000246298	348	401	360	609	379	382
ENSG00000142863	359	307	250	232	222	206
ENSG00000145875	53	44	46	67	67	73
ENSG00000134121	33	61	83	37	134	49
ENSG00000163919	24	19	22	25	11	20
ENSG00000165106	889	966	537	793	631	1128
ENSG00000215080	1516	1241	1338	1450	1423	1421
ENSG00000137203	6128	6142	5523	6609	5646	5121
ENSG00000187966	1	1	0	1	1	0
ENSG00000116053	762	962	943	911	862	1459
ENSG00000178939	475	291	434	463	555	572
ENSG00000123870	25121	9590	66120	48727	17996	34582
ENSG00000241518	35	65	78	34	96	118
ENSG00000114096	29	33	54	32	24	35
ENSG00000101770	174	340	107	325	262	478
ENSG00000217082	14	6	7	9	12	9
ENSG00000120730	5	13	3	7	13	7
ENSG00000159990	451	619	469	479	543	551
ENSG00000136704	9	5	4	2	6	8
ENSG00000113249	22	15	20	23	24	22
ENSG00000150706	1639	1273	1142	1177	1376	1554
ENSG00000102846	558	480	380	346	437	327
ENSG00000162897	14	8	9	12	8	10
ENSG00000200213	2251	2471	1926	1892	1824	3569
ENSG00000120924	116	96	173	174	150	112
ENSG00000153349	113	74	72	84	87	78
ENSG00000208018	60	250	212	208	167	185
ENSG00000178543	110	127	107	119	127	71
ENSG00000162855	1450	1381	1198	1662	1179	1438
ENSG00000213002	465	392	256	484	472	353
ENSG00000218854	19	34	29	20	15	49
ENSG00000194237	61	76	36	34	53	50
ENSG00000193687	879	786	683	912	621	522
ENSG00000169139	47	35	59	61	37	23
ENSG00000150038	19	21	9	21	8	27
ENSG00000124690	0	1	1	1	1	1
ENSG00000173921	598	875	510	771	698	629
ENSG00000148098	230	129	88	170	90	77
ENSG00000158220	153	75	107	69	121	97
ENSG00000212716	33	17	37	25	31	25
ENSG00000120403	47	16	58	37	62	61
ENSG00000187838	220	153	71	90	88	152
ENSG00000178424	19	21	11	8	10	20
ENSG00000200784	117	125	154	148	84	204
ENSG00000213198	3918	2607	6124	8346	3998	2998
ENSG00000216489	72	42	58	53	77	42
ENSG00000153701	157	143	156	49	180	72
ENSG00000152570	3862	2179	1767	4920	3961	3132
ENSG00000168079	95	200	243	135	152	210
ENSG00000208543	3031	2710	2154	6494	3576	4932
ENSG00000235858	1291	585	896	550	1178	589
ENSG00000166054	1409	1165	1813	652	1097	1331
ENSG00000110610	76	50	66	135	75	93
ENSG00000193060	78	57	88	52	66	61
ENSG00000165018	2461	2692	2036	3281	2282	2232
ENSG00000130354	236	219	165	283	232	299
ENSG00000114577	143	89	192	184	73	83
ENSG00000247038	2	2	3	1	1	2
ENSG00000113334	110	92	71	133	156	89
ENSG00000190382	15137	13526	21660	21166	26312	18254
ENSG00000141276	403	157	300	651	416	456
ENSG00000222257	7655	5006	1934	5567	6085	4876
ENSG00000171658	228	385	232	273	419	309
ENSG00000134333	7	5	7	4	11	14
ENSG00000195006	165	178	285	349	95	163
ENSG00000121916	4720	3108	4501	3284	5495	5363
ENSG00000150666	194	251	391	331	222	369
ENSG00000141914	120	117	107	78	145	85
ENSG00000169842	170	106	89	100	119	140
ENSG00000134413	4	11	14	9	21	18
ENSG00000197600	65	62	52	83	65	65
ENSG00000244415	279	215	180	138	168	156
ENSG00000238243	829	1191	924	820	782	712
ENSG00000215821	1001	841	1032	557	612	669
ENSG00000157228	7	9	12	14	26	20
ENSG00000203115	4	2	2	4	3	1
ENSG00000147632	75	141	55	56	78	58
ENSG00000226138	34	47	29	49	15	25
ENSG00000233988	566	1043	800	695	601	1133
ENSG00000170179	28	13	21	9	15	22
ENSG00000123292	211	495	299	380	566	422
ENSG00000233427	50	75	49	83	82	61
ENSG00000225564	976	727	1848	831	745	1927
ENSG00000222140	64	212	133	259	116	111
ENSG00000210903	1	4	1	4	0	2
ENSG00000241504	6	1	0	0	1	1
ENSG00000223149	296	242	319	242	289	262
ENSG00000113626	18	27	33	30	12	8
ENSG00000117948	1272	889	819	1352	747	1113
ENSG00000174328	182	201	198	164	144	165
ENSG00000106127	3545	4985	6867	4738	4051	5269
ENSG00000117172	155	83	135	130	146	60
ENSG00000140349	55	32	51	42	21	20
ENSG00000111820	4	4	1	1	2	2
ENSG00000127070	439	349	376	384	294	366
ENSG00000180968	97	92	112	91	85	74
ENSG00000151304	85	59	71	84	61	63
ENSG00000131717	18491	26908	32253	27933	27960	24629
ENSG00000215406	689	1512	720	933	895	845
ENSG00000183040	15	12	19	31	20	17
ENSG00000237683	369	651	428	973	630	822
ENSG00000118034	9	9	2	10	10	15
ENSG00000173271	41	43	21	48	44	66
ENSG00000140358	570	888	701	1249	987	863
ENSG00000172590	13	5	12	23	10	18
ENSG00000151058	106	110	165	192	133	217
ENSG00000161706	128	199	106	236	192	96
ENSG00000125344	270	190	160	215	213	215
ENSG00000138848	14	20	39	12	15	17
ENSG00000237445	9	8	15	15	2	13
ENSG00000137121	150	132	150	189	136	121
ENSG00000198690	513	767	748	615	503	463
ENSG00000142130	22	14	14	22	18	18
ENSG00000111278	944	737	709	561	791	1147
ENSG00000138487	1673	2229	1206	1250	1874	1377
ENSG00000187027	218	158	215	460	222	206
ENSG00000107988	1376	1916	1176	1529	1339	586
ENSG00000179738	890	1388	1171	869	914	773
ENSG00000157121	2903	1330	1100	1934	3169	1451
ENSG00000230654	247	230	278	140	211	310
ENSG00000175535	272	280	122	142	317	229
ENSG00000182876	523	392	349	259	234	237
ENSG00000212910	1146	1736	1194	1616	933	855
ENSG00000108619	22	41	43	46	53	51
ENSG00000220727	2731	3804	3131	1560	4483	3545
ENSG00000204949	18	20	22	29	22	44
ENSG00000235038	10254	9992	6563	7767	5433	8698
ENSG00000180272	439	423	605	918	564	294
ENSG00000184283	40484	31300	47990	22769	51375	22606
ENSG00000141383	326	149	368	220	240	325
ENSG00000129895	850	489	513	703	528	1003
ENSG00000120230	2	12	1	2	3	4
ENSG00000128397	135	114	101	75	86	49
ENSG00000115667	179	180	134	394	345	307
ENSG00000219610	273	534	440	324	303	306
ENSG00000132966	472	258	705	1014	773	541
ENSG00000157292	163	285	154	223	324	208
ENSG00000104261	118	176	137	57	137	140
ENSG00000103604	1223	885	1330	1293	967	716
ENSG00000239934	6	3	9	10	7	11
ENSG00000189742	67	50	64	70	48	34
ENSG00000114772	804	387	663	737	824	579
ENSG00000189145	211	134	97	108	131	129
ENSG00000246762	1584	1710	1631	1561	2730	721
ENSG00000224439	42	41	53	44	36	44
ENSG00000247402	94	116	64	38	67	85
ENSG00000137634	403	430	646	730	656	430
ENSG00000152382	5751	6178	5569	6906	5086	6108
ENSG00000201799	8	9	9	15	8	11
ENSG00000239083	7	6	4	10	7	1
ENSG00000149180	26	13	10	8	19	8
ENSG00000207821	16	21	9	14	7	13
ENSG00000224961	259	210	346	396	265	172
ENSG00000149363	1296	1195	1241	1429	1229	833
ENSG00000240335	164	161	159	114	182	112
ENSG00000143457	336	255	294	168	236	354
ENSG00000140234	637	358	638	222	385	679
ENSG00000192135	348	512	363	155	575	349
ENSG00000225631	269	214	231	203	192	361
ENSG00000130132	168	230	126	177	126	214
ENSG00000194939	684	1662	1070	1133	1187	1142
ENSG00000109500	6	20	14	23	18	16
ENSG00000223185	31	74	58	74	41	67
ENSG00000218130	187	357	433	219	199	254
ENSG00000229303	44681	28508	38181	28773	31578	43559
ENSG00000241219	23	11	20	27	22	23
ENSG00000192801	742	713	1171	500	666	534
ENSG00000181140	27	29	45	49	30	17
ENSG00000122408	116	90	110	229	98	119
ENSG00000243168	37	17	27	31	16	40
ENSG00000147906	4565	4727	4225	6900	6645	8353
ENSG00000161000	223	222	331	369	329	449
ENSG00000168952	52	52	31	65	76	76
ENSG00000104998	1482	1920	1506	871	1246	1060
ENSG00000247178	20	26	25	50	51	40
ENSG00000148357	251	335	284	243	159	176
ENSG00000141056	4	2	9	7	17	3
ENSG00000150118	48	86	155	58	58	107
ENSG00000177230	361	336	475	156	238	283
ENSG00000237506	390	332	395	291	182	370
ENSG00000206114	21	26	40	21	17	30
ENSG00000222059	27	49	19	41	28	40
ENSG00000221315	2	4	4	2	9	4
ENSG00000190773	6	1	3	2	5	5
ENSG00000239071	84	140	123	66	90	208
ENSG00000204859	1608	1684	1274	1646	2064	1708
ENSG00000128104	241	226	567	391	412	522
ENSG00000119352	645	485	375	621	490	287
ENSG00000161057	146	192	149	219	205	128
ENSG00000199413	116	101	104	252	99	181
ENSG00000236050	112	90	116	135	89	127
ENSG00000119206	3141	3673	4245	2584	3353	4874
ENSG00000114364	39	94	99	50	77	51
ENSG00000169177	2388	2214	1858	1280	1832	1321
ENSG00000189475	6	6	14	8	12	9
ENSG00000135919	13	19	10	8	25	11
ENSG00000238614	116	162	230	81	91	113
ENSG00000129129	2	6	8	5	6	13
ENSG00000203791	1742	4175	1732	3167	4069	4207
ENSG00000204003	288	198	215	215	237	178
ENSG00000179932	269	365	532	456	436	430
ENSG00000241466	77	60	39	37	60	43
ENSG00000106772	278	369	244	353	515	361
ENSG00000106543	47	30	34	24	31	31
ENSG00000189527	1485	1512	1325	3722	2896	2908
ENSG00000185539	2784	1412	1787	1487	3067	1676
ENSG00000138669	52	53	33	65	45	32
ENSG00000110865	25	14	18	29	24	32
ENSG00000209105	13	16	8	6	7	16
ENSG00000190089	8	6	9	13	7	11
ENSG00000177219	1841	1305	2272	3487	1664	3172
ENSG00000103462	983	604	577	1104	558	837
ENSG00000111624	4179	4859	3429	2143	5039	3638
ENSG00000204894	350	773	436	371	617	350
ENSG00000195960	1093	1438	634	847	333	610
ENSG00000123023	982	408	835	543	710	1231
ENSG00000116361	99	82	38	102	75	96
ENSG00000216803	196	221	468	257	361	201
ENSG00000158211	945	1578	1426	1583	1365	1125
ENSG00000114800	174	296	236	226	146	354
ENSG00000152733	35	11	18	20	45	28
ENSG00000237267	44	20	22	41	15	37
ENSG00000228950	69992	48837	40854	55896	62807	31903
ENSG00000178137	34	52	29	42	17	24
ENSG00000176730	44	100	36	50	69	24
ENSG00000237138	261	189	196	142	295	282
ENSG00000124531	186	216	136	112	207	99
ENSG00000206759	2193	1470	1647	1832	1221	1430
ENSG00000249965	80	43	114	107	117	47
ENSG00000223764	1386	858	606	604	544	462
ENSG00000172272	260	141	143	210	127	198
ENSG00000145658	240	170	200	261	182	182
ENSG00000188870	116	184	224	137	95	133
ENSG00000128606	43	26	23	21	25	66
ENSG00000213910	74	79	90	33	42	50
ENSG00000136598	14	34	27	21	18	16
ENSG00000192808	132	111	76	66	106	108
ENSG00000211990	319	211	363	322	184	230
ENSG00000143514	516	348	279	359	330	299
ENSG00000245076	39	15	22	15	15	25
ENSG00000122282	21	45	36	57	37	31
ENSG00000198258	63	103	104	103	65	95
ENSG00000131229	2318	958	2931	2754	1795	2905
ENSG00000187709	302	391	162	186	260	296
ENSG00000220270	397	340	401	495	662	345
ENSG00000212009	2411	1405	1932	1375	2152	1350
ENSG00000223946	527	445	402	567	371	597
ENSG00000169935	78	76	29	73	42	112
ENSG00000200068	4229	6247	6862	3849	3981	3997
ENSG00000137677	130	79	167	136	272	103
ENSG00000239043	2030	1097	1594	2188	3072	1564
ENSG00000189831	382	365	697	401	239	435
ENSG00000155225	957	406	970	1193	641	626
ENSG00000177757	2496	1310	1326	1989	1566	3153
ENSG00000172834	31	84	94	71	93	109
ENSG00000228802	14	5	8	23	9	19
ENSG00000103263	295	610	278	287	288	261
ENSG00000213020	253	135	137	192	185	132
ENSG00000138577	155	59	154	92	97	162
ENSG00000110341	173	148	178	247	205	170
ENSG00000215989	6	9	4	3	8	23
ENSG00000185285	257	185	128	148	195	185
ENSG00000105695	53	93	91	95	125	119
ENSG00000158101	216	307	326	295	336	276
ENSG00000156444	110	113	67	200	115	110
ENSG00000150274	132	60	57	58	100	136
ENSG00000226764	485	1161	416	841	717	1282
ENSG00000111165	1490	1439	1321	1807	618	1950
ENSG00000144415	149	102	125	235	264	100
ENSG00000218311	37	41	50	40	38	69
ENSG00000195360	53	51	48	42	49	46
ENSG00000163774	2840	1690	1661	2737	2183	2275
ENSG00000155864	8	8	6	6	4	11
ENSG00000130107	156	144	125	167	133	153
ENSG00000175471	218	208	309	301	373	298
ENSG00000167597	396	372	478	419	543	291
ENSG00000186710	2	2	4	1	2	1
ENSG00000141078	251	223	221	328	257	204
ENSG00000246222	0	2	3	0	2	3
ENSG00000108365	41	38	38	80	42	65
ENSG00000148659	28	9	18	13	21	32
ENSG00000171211	3	1	1	0	3	2
ENSG00000127241	3591	4834	5317	4398	4236	5729
ENSG00000186017	39	69	72	75	80	44
ENSG00000112153	4	10	2	4	5	6
ENSG00000214343	12	7	16	11	13	8
ENSG00000167279	88	56	55	79	108	60
ENSG00000202230	484	259	476	256	363	362
ENSG00000192846	106	93	124	97	68	144
ENSG00000197517	8	10	14	9	14	15
ENSG00000114674	1818	1322	1985	3015	1194	1769
ENSG00000215597	183	85	265	112	95	228
ENSG00000115104	3688	3616	1512	1412	1196	1968
ENSG00000193320	1952	2230	2330	1939	1412	2607
ENSG00000105482	174	72	201	139	126	331
ENSG00000161070	2148	1833	1697	2138	2294	2175
ENSG00000176997	120	127	71	154	129	47
ENSG00000235110	905	1151	942	1214	629	1059
ENSG00000191266	4	8	3	4	3	9
ENSG00000138412	3	5	4	5	3	4
ENSG00000139037	12	6	10	10	11	11
ENSG00000242223	375	409	336	237	262	435
ENSG00000191172	174	238	187	223	219	203
ENSG00000139868	18	44	40	33	13	41
ENSG00000181959	58	37	26	42	39	62
ENSG00000221653	44	34	35	37	54	40
ENSG00000225933	148	203	109	164	161	119
ENSG00000198543	1215	1016	1029	1469	567	1097
ENSG00000191755	648	1331	611	870	461	610
ENSG00000222371	116	129	63	63	98	102
ENSG00000202770	79	173	134	148	217	65
ENSG00000238195	402	400	517	333	271	417
ENSG00000211346	13	8	16	11	11	35
ENSG00000105234	133	179	187	110	78	168
ENSG00000199143	510	332	371	717	336	728
ENSG00000173005	405	645	372	253	322	323
ENSG00000121738	54	74	36	53	56	57
ENSG00000148607	22	45	24	20	25	36
ENSG00000150096	11	21	21	13	24	11
ENSG00000198962	3802	2113	2536	2359	2074	2237
ENSG00000112691	199	115	134	156	81	178
ENSG00000208609	10	9	11	11	5	13
ENSG00000106666	4	1	3	7	2	2
ENSG00000104294	141	227	123	118	95	246
ENSG00000157885	3816	4542	1933	1795	2959	3398
ENSG00000158328	55	86	71	76	127	83
ENSG00000111949	29	20	17	20	47	17
ENSG00000187007	670	678	994	1039	597	352
ENSG00000223696	50	68	84	47	92	51
ENSG00000210999	108	172	108	56	105	119
ENSG00000242521	217	238	298	213	127	250
ENSG00000220726	59	44	74	50	37	46
ENSG00000240469	466	582	838	560	509	648
ENSG00000129893	709	660	639	593	599	471
ENSG00000207940	78	54	69	109	89	113
ENSG00000207899	61	63	25	33	61	17
ENSG00000221915	210	376	135	152	331	360
ENSG00000211476	1	1	1	0	2	2
ENSG00000224706	73	40	39	126	57	44
ENSG00000236829	47	24	38	93	26	34
ENSG00000191185	726	842	479	525	537	503
ENSG00000175646	13	16	15	18	8	16
ENSG00000244896	1849	932	1979	877	704	1715
ENSG00000110732	79	122	112	135	98	84
ENSG00000129746	389	308	291	281	308	268
ENSG00000218840	2371	2157	1088	2202	1439	1612
ENSG00000227651	247	200	165	105	235	232
ENSG00000223887	29	29	23	38	58	62
ENSG00000216958	216	473	249	318	159	173
ENSG00000213563	173	241	156	259	76	87
ENSG00000176706	2337	6569	13262	9145	5355	6716
ENSG00000135908	125	108	109	94	150	86
ENSG00000125452	797	1312	885	765	574	1033
ENSG00000191300	2345	1454	2079	1970	1993	1628
ENSG00000223539	817	965	902	881	1616	847
ENSG00000167072	46	68	24	76	31	85
ENSG00000209897	10	14	11	10	8	28
ENSG00000207367	1714	1257	1311	1241	811	1294
ENSG00000142827	3557	5325	6492	3734	4319	2997
ENSG00000142253	406	731	535	486	591	276
ENSG00000129710	1401	1051	1973	2280	1515	1662
ENSG00000123396	136	138	243	236	170	323
ENSG00000140118	713	805	967	896	276	596
ENSG00000105105	1959	2528	2227	1944	1053	2593
ENSG00000243624	89	156	118	137	206	130
ENSG00000162033	2320	1999	3884	714	1373	1204
ENSG00000205205	157	120	194	209	143	76
ENSG00000176551	11	16	19	43	32	35
ENSG00000168686	284	308	231	381	172	267
ENSG00000117609	108	140	98	119	125	126
ENSG00000103826	256	447	740	602	331	468
ENSG00000132582	615	313	388	417	340	530
ENSG00000128489	101	75	111	128	99	98
ENSG00000215529	512	299	418	344	429	361
ENSG00000156114	171	102	66	102	66	60
ENSG00000243059	533	1324	789	839	752	1194
ENSG00000224338	34	24	52	22	57	26
ENSG00000101727	16	13	11	12	20	12
ENSG00000124677	1358	657	1015	653	1006	941
ENSG00000173235	7	0	2	0	6	3
ENSG00000207790	137	65	105	111	82	99
ENSG00000110595	105	97	134	104	69	59
ENSG00000127876	598	557	745	626	772	752
ENSG00000228670	43	125	89	71	107	95
ENSG00000210537	79	92	58	124	68	123
ENSG00000183098	11	3	1	1	7	4
ENSG00000244612	1232	1776	737	632	899	973
ENSG00000170409	17	23	19	11	23	19
ENSG00000159829	135	256	140	137	148	217
ENSG00000246860	12	19	32	34	37	13
ENSG00000203117	1787	1072	1035	614	1650	554
ENSG00000235703	17	18	12	24	30	19
ENSG00000182011	4	7	4	11	5	8
ENSG00000102262	1401	2204	1276	2327	2427	3020
ENSG00000126425	60	45	45	46	30	43
ENSG00000138837	236	170	219	268	261	241
ENSG00000102941	360	322	574	328	368	413
ENSG00000175998	7	12	6	11	3	7
ENSG00000124976	1203	893	932	799	1023	701
ENSG00000112167	12	20	11	17	11	21
ENSG00000113187	61	158	264	172	160	130
ENSG00000139622	220	275	240	422	333	215
ENSG00000114748	156	126	87	116	79	107
ENSG00000230131	19	18	19	31	30	11
ENSG00000148964	978	622	1388	758	1980	1351
ENSG00000102749	13	13	15	25	39	31
ENSG00000129381	6	7	5	11	24	15
ENSG00000196241	1942	1486	1338	1478	2056	1190
ENSG00000228609	2215	1986	1534	934	961	2108
ENSG00000136165	3	2	7	1	4	5
ENSG00000174965	74	58	63	76	97	75
ENSG00000100058	85	127	79	135	237	196
ENSG00000148732	0	0	1	0	1	1
ENSG00000120053	46	49	31	19	62	37
ENSG00000160582	890	1271	1089	853	1296	919
ENSG00000107096	16	16	21	10	27	13
ENSG00000214205	2074	1098	1935	2346	2378	2143
ENSG00000217355	9083	3541	5647	7166	6556	7607
ENSG00000131095	130	106	196	126	71	156
ENSG00000181517	28	40	39	34	26	56
ENSG00000121685	98	223	147	234	135	314
ENSG00000187509	8	8	8	12	10	10
ENSG00000108291	1455	1716	4091	1350	1990	2239
ENSG00000159531	297	616	680	460	227	225
ENSG00000213516	8	1	11	13	8	9
ENSG00000169653	35	29	24	27	40	31
ENSG00000177640	44	91	50	81	41	46
ENSG00000175577	823	824	1462	1533	810	661
ENSG00000144469	1221	1062	855	774	726	713
ENSG00000108792	25	68	32	27	49	46
ENSG00000172513	92	172	234	238	123	184
ENSG00000185422	52	62	43	55	58	69
ENSG00000192544	646	412	628	359	553	471
ENSG00000228095	96	80	55	154	81	97
ENSG00000160234	9366	10388	9862	5487	12231	8342
ENSG00000160332	351	203	426	590	369	213
ENSG00000157980	47	90	109	96	105	59
ENSG00000133758	12	25	26	18	17	28
ENSG00000160085	4	5	8	14	12	15
ENSG00000162641	687	745	657	723	531	794
ENSG00000192585	677	546	1085	797	637	1058
ENSG00000170096	2523	3353	4092	3340	3532	1902
ENSG00000119800	25	16	8	28	17	19
ENSG00000192704	413	433	731	554	484	953
ENSG00000182168	12	34	11	10	12	4
ENSG00000174137	1461	649	642	621	1279	617
ENSG00000120363	277	569	673	367	514	284
ENSG00000122470	223	215	240	328	135	242
ENSG00000194861	81	78	81	50	79	40
ENSG00000127127	46	77	40	39	37	56
ENSG00000216517	56	43	53	123	76	83
ENSG00000157470	5	3	2	5	3	1
ENSG00000175537	850	511	567	423	663	670
ENSG00000144764	6	19	20	16	17	16
ENSG00000130967	179	299	212	201	114	227
ENSG00000172697	122	131	83	57	111	83
ENSG00000216572	562	737	436	751	681	1087
ENSG00000225299	169	111	147	194	55	90
ENSG00000156891	137	83	216	204	90	75
ENSG00000235070	250	217	355	298	277	269
ENSG00000201274	827	1169	619	1209	1235	674
ENSG00000182230	30	37	69	95	85	63
ENSG00000225005	36	9	23	18	26	12
ENSG00000150779	125	188	106	168	196	160
ENSG00000216080	119	114	124	135	92	76
ENSG00000102842	1517	738	722	787	623	566
ENSG00000146113	282	434	371	254	512	588
ENSG00000200487	261	188	270	203	308	137
ENSG00000155631	2550	1028	1046	1492	1847	1708
ENSG00000173369	325	533	467	380	277	225
ENSG00000172342	374	412	601	514	446	469
ENSG00000166922	122	28	94	91	74	68
ENSG00000158890	3234	5516	3727	2365	2038	4089
ENSG00000167741	468	412	574	1126	838	305
ENSG00000190476	23	26	17	18	16	38
ENSG00000214330	50	10	33	21	52	18
ENSG00000104424	6621	5019	5201	5305	3699	4776
ENSG00000241089	305	252	305	235	165	145
ENSG00000108769	5117	4466	7414	6820	3781	2459
ENSG00000233392	20388	25225	17055	19308	29524	15690
ENSG00000129423	211	169	193	289	299	142
ENSG00000197764	384	226	283	171	327	145
ENSG00000112103	997	575	1231	1273	868	656
ENSG00000166202	37	11	29	19	30	17
ENSG00000182642	8	5	4	3	2	5
ENSG00000144115	11222	3919	5323	8353	5970	8251
ENSG00000214685	39	48	38	34	23	63
ENSG00000213165	66	133	99	117	120	128
ENSG00000246457	2896	4819	4232	1869	3719	2923
ENSG00000131373	131	153	164	201	135	232
ENSG00000229268	1258	873	1030	1003	1030	1505
ENSG00000130193	242	170	388	260	525	367
ENSG00000167746	16	10	14	10	14	10
ENSG00000227999	12	33	40	27	46	27
ENSG00000162599	100	276	177	245	171	235
ENSG00000194221	14	13	8	13	15	14
ENSG00000134802	1118	937	1574	859	1143	1472
ENSG00000124391	438	496	288	478	296	230
ENSG00000229600	6	6	5	6	8	2
ENSG00000111834	431	358	481	527	527	278
ENSG00000234543	50	76	82	70	26	94
ENSG00000242986	103	89	59	70	91	82
ENSG00000107393	525	779	555	1092	472	833
ENSG00000125183	8	12	5	5	7	1
ENSG00000245517	20	27	26	16	39	11
ENSG00000143481	207	400	446	166	390	509
ENSG00000210720	4	9	4	11	10	5
ENSG00000180033	947	2125	2852	3387	2054	2311
ENSG00000188769	3	3	1	0	0	0
ENSG00000145767	2236	1591	1505	1022	965	1781
ENSG00000146761	293	704	904	533	525	655
ENSG00000140960	30	58	31	42	32	38
ENSG00000226075	170	161	84	138	146	180
ENSG00000116297	35	57	37	25	48	54
ENSG00000120057	9153	7899	6774	5225	5972	4460
ENSG00000141906	198	146	238	187	122	104
ENSG00000161167	626	593	364	322	626	531
ENSG00000176592	148	177	207	416	244	300
ENSG00000121108	10	19	10	16	11	7
ENSG00000165665	3	1	2	4	1	4
ENSG00000147164	230	141	194	373	209	146
ENSG00000177240	4099	1639	3413	2705	2906	1737
ENSG00000227026	414	495	616	443	352	556
ENSG00000239919	98	80	153	138	87	102
ENSG00000154086	349	371	274	332	249	346
ENSG00000187182	110	92	93	48	61	55
ENSG00000110048	1923	984	2012	1935	1911	1694
ENSG00000124614	581	535	451	500	411	273
ENSG00000231017	293	344	125	333	211	315
ENSG00000201123	8466	11715	10172	10011	9537	10893
ENSG00000222152	75	23	28	83	32	50
ENSG00000187242	32	20	12	32	21	37
ENSG00000200119	89	136	66	141	121	111
ENSG00000198561	31	36	82	114	28	69
ENSG00000153651	50	50	63	51	68	38
ENSG00000144401	411	374	556	523	270	564
ENSG00000204569	201	519	401	441	410	499
ENSG00000200074	1	5	6	0	6	2
ENSG00000121269	32	34	24	37	72	37
ENSG00000229016	61	49	48	34	44	68
ENSG00000109169	7	4	2	2	4	0
ENSG00000177321	208	325	501	654	587	234
ENSG00000175541	179	98	243	167	296	270
ENSG00000221933	333	543	295	310	382	758
ENSG00000232745	36	29	30	43	35	46
ENSG00000206040	62	50	20	52	24	28
ENSG00000160786	164	172	367	220	131	208
ENSG00000119347	132	118	141	206	149	123
ENSG00000139406	100	34	56	49	32	27
ENSG00000149604	410	246	367	496	339	543
ENSG00000124964	27	36	52	37	44	43
ENSG00000142925	741	1157	729	874	936	1060
ENSG00000147205	467	325	319	312	281	397
ENSG00000119653	33	32	55	16	32	39
ENSG00000217774	9	10	13	9	2	7
ENSG00000199365	254	199	235	155	239	495
ENSG00000183016	1564	947	1161	1098	1134	1310
ENSG00000227203	124	101	161	116	168	160
ENSG00000224450	2338	3865	2118	1460	3319	2221
ENSG00000145768	760	621	607	1165	788	452
ENSG00000101448	1323	1639	1591	1577	1767	1692
ENSG00000139535	1	3	1	3	7	7
ENSG00000168064	48	43	32	46	27	60
ENSG00000120381	346	96	172	137	169	158
ENSG00000192050	267	242	180	168	287	200
ENSG00000234607	96	91	117	155	54	135
ENSG00000127083	67	67	55	53	80	67
ENSG00000148593	1	3	0	1	1	0
ENSG00000142749	1315	1169	978	1598	1159	969
ENSG00000170165	989	452	1031	745	1106	358
ENSG00000173451	56	28	81	90	72	46
ENSG00000118947	251	209	241	133	115	126
ENSG00000231914	39	34	31	23	46	61
ENSG00000194374	667	873	1754	1285	1152	539
ENSG00000202952	92	76	85	105	116	82
ENSG00000134158	1942	881	1308	2013	1783	1185
ENSG00000169404	57	60	38	36	38	57
ENSG00000197207	24	25	15	25	14	7
ENSG00000104839	3	7	3	4	4	3
ENSG00000219983	371	540	294	411	484	468
ENSG00000110763	44	36	36	34	24	51
ENSG00000150938	205	424	233	454	655	446
ENSG00000125013	1230	885	1309	936	1019	1021
ENSG00000240862	317	198	151	202	366	539
ENSG00000209136	2754	2047	2023	2517	2955	2302
ENSG00000131055	42	54	36	60	69	54
ENSG00000152384	25	30	14	32	29	25
ENSG00000197397	196	358	395	320	209	193
ENSG00000202716	96	96	64	94	106	117
ENSG00000247546	3024	2786	998	2390	4315	4319
ENSG00000202278	3	2	6	4	5	5
ENSG00000245017	8	19	20	5	4	24
ENSG00000143595	1300	1733	2716	1432	1994	1999
ENSG00000110242	29	38	42	29	22	25
ENSG00000108166	99	79	107	70	88	66
ENSG00000209381	37	74	38	70	36	75
ENSG00000117894	120	62	106	108	174	76
ENSG00000205370	9188	10151	12043	6780	12744	10366
ENSG00000118525	1673	870	1117	1738	848	761
ENSG00000213688	140	120	193	136	243	58
ENSG00000192947	3377	5729	6733	12400	3845	2665
ENSG00000202156	18	31	13	23	18	36
ENSG00000237954	231	222	147	189	214	196
ENSG00000107793	7758	5965	5649	12148	6276	4622
ENSG00000125597	18	1	8	2	8	10
ENSG00000129522	12	17	25	14	16	16
ENSG00000233745	37	23	10	22	28	24
ENSG00000143512	72	73	34	42	107	57
ENSG00000248197	701	612	953	577	625	626
ENSG00000187573	5427	1755	2543	5001	1601	2795
ENSG00000113888	1104	1333	1058	1341	1660	1844
ENSG00000145561	3318	2074	2848	2041	2744	2436
ENSG00000153796	333	295	219	167	365	379
ENSG00000135174	45	55	19	46	78	29
ENSG00000119959	23	48	16	11	29	17
ENSG00000193309	165	133	280	71	172	165
ENSG00000125317	20	17	19	19	27	20
ENSG00000207864	21	20	10	11	11	7
ENSG00000164384	479	461	389	417	293	531
ENSG00000196854	26	13	34	31	13	25
ENSG00000183032	65	56	70	67	51	86
ENSG00000192202	13003	9461	9663	16956	5437	5483
ENSG00000223747	242	424	251	277	543	340
ENSG00000138424	217	215	300	398	514	438
ENSG00000113181	146	63	72	105	95	64
ENSG00000202066	26	19	19	20	26	44
ENSG00000176064	502	494	547	311	732	423
ENSG00000115946	66	71	24	64	55	37
ENSG00000140428	81	132	118	163	97	81
ENSG00000135258	21	49	35	44	54	30
ENSG00000194341	146	235	265	310	205	453
ENSG00000219500	218	223	135	473	202	359
ENSG00000234055	2	1	4	2	2	5
ENSG00000136536	31	11	23	19	18	13
ENSG00000136781	50	57	68	106	87	73
ENSG00000137048	4153	8968	8649	5592	5419	4840
ENSG00000231693	19	22	29	18	17	10
ENSG00000135725	262	273	270	260	194	285
ENSG00000193609	1636	1356	1140	1127	1045	915
ENSG00000242698	1395	1220	1256	1779	1110	942
ENSG00000233280	67	43	35	30	56	39
ENSG00000203498	588	1582	940	782	1228	288
ENSG00000231630	262	204	193	140	185	189
ENSG00000152639	141	160	116	89	93	92
ENSG00000198597	33	41	33	51	47	111
ENSG00000136808	2	2	4	4	3	5
ENSG00000187041	52	46	50	32	113	54
ENSG00000197180	7	14	0	5	4	8
ENSG00000117413	721	1249	1217	313	775	706
ENSG00000135194	408	171	276	363	247	258
ENSG00000239560	2395	4920	4397	4089	3132	5604
ENSG00000227441	9	3	7	6	10	8
ENSG00000103494	4	5	4	4	6	2
ENSG00000147667	121	75	79	40	86	137
ENSG00000117091	132	214	148	120	194	241
ENSG00000233027	759	721	587	488	685	774
ENSG00000102429	9	12	22	8	25	11
ENSG00000166031	4	2	4	4	5	3
ENSG00000159793	17	10	17	13	12	20
ENSG00000171336	56498	47322	51314	48598	62895	27639
ENSG00000198700	10	10	11	7	12	23
ENSG00000107803	42	35	26	16	32	26
ENSG00000198040	726	710	575	716	837	944
ENSG00000230454	402	645	585	564	516	464
ENSG00000147471	47	32	48	47	45	44
ENSG00000101389	2	3	1	1	1	2
ENSG00000206843	305	262	478	430	412	321
ENSG00000165550	39	23	47	29	23	54
ENSG00000235030	1244	1454	1888	1569	648	1355
ENSG00000168730	163	133	105	187	127	268
ENSG00000228193	477	498	129	274	427	343
ENSG00000243062	2	0	0	1	3	1
ENSG00000213116	147	187	153	131	136	130
ENSG00000130800	71	176	186	148	145	83
ENSG00000243051	35	34	39	35	41	59
ENSG00000185763	219	299	224	591	531	186
ENSG00000104901	370	409	488	382	347	455
ENSG00000207084	64	70	56	62	57	40
ENSG00000101755	483	365	635	350	853	442
ENSG00000135747	3169	2245	1586	3212	3049	3980
ENSG00000248167	461	336	454	365	467	486
ENSG00000150948	88	209	69	124	79	112
ENSG00000132770	167	264	181	224	291	189
ENSG00000229501	66	57	50	106	69	103
ENSG00000181813	113	451	278	251	197	207
ENSG00000157014	584	323	495	889	651	962
ENSG00000231821	78	81	77	99	72	52
ENSG00000160796	362	517	303	699	759	294
ENSG00000141507	3956	3149	7719	3484	9054	2624
ENSG00000209983	110	123	58	68	80	80
ENSG00000219098	33	46	40	26	30	17
ENSG00000203368	52	44	39	42	40	68
ENSG00000219150	472	532	582	424	649	695
ENSG00000171553	175	361	358	207	338	354
ENSG00000221125	65	34	45	37	37	44
ENSG00000246045	0	1	0	1	1	0
ENSG00000153611	546	341	342	487	521	367
ENSG00000171828	437	234	408	330	381	463
ENSG00000212988	200	243	220	400	128	503
ENSG00000249447	37	51	38	40	24	27
ENSG00000151097	0	2	0	4	2	4
ENSG00000192756	83	52	54	62	64	85
ENSG00000180770	24	34	45	25	41	31
ENSG00000111645	412	323	318	522	840	565
ENSG00000116720	2846	1954	2204	3094	2319	1063
ENSG00000226469	513	687	942	545	568	929
ENSG00000243797	53	71	107	55	58	84
ENSG00000240550	1109	436	719	743	961	364
ENSG00000154381	63	65	58	108	65	72
ENSG00000176447	660	539	398	1067	740	417
ENSG00000125303	201	186	320	91	95	205
ENSG00000231778	30	72	100	47	58	55
ENSG00000230812	237	331	365	188	351	145
ENSG00000232400	209	305	135	249	154	169
ENSG00000190764	2051	1549	2331	1911	1011	3229
ENSG00000172114	165	179	177	86	150	102
ENSG00000198388	162	134	193	76	95	154
ENSG00000208276	3040	3507	3945	2899	3430	1880
ENSG00000180081	341	282	143	528	503	292
ENSG00000107387	155	109	131	504	169	223
ENSG00000230702	10271	10197	7023	8232	6840	8448
ENSG00000224061	0	0	0	5	0	2
ENSG00000105378	9	14	15	14	7	9
ENSG00000115337	49	42	59	38	77	34
ENSG00000155362	2399	1515	1454	2776	1981	2819
ENSG00000154157	4625	4615	2372	6666	2585	4774
ENSG00000153412	252	330	400	263	230	353
ENSG00000132167	43	96	44	24	39	46
ENSG00000157846	6	16	12	13	16	16
ENSG00000226652	653	425	788	928	570	766
ENSG00000127458	660	742	791	373	424	752
ENSG00000249506	103	67	158	48	79	69
ENSG00000158662	2000	2232	1376	1020	1754	1602
ENSG00000107121	7037	2864	6072	8184	5214	5010
ENSG00000244781	20	25	41	32	51	24
ENSG00000127652	278	437	384	405	263	704
ENSG00000238885	33	21	7	29	32	26
ENSG00000204259	402	323	357	818	359	341
ENSG00000200418	24	12	18	17	26	17
ENSG00000230677	255	183	307	198	185	238
ENSG00000122239	12306	11335	11654	8794	10161	11771
ENSG00000128738	114	124	65	73	114	62
ENSG00000127515	3472	7752	4692	3122	3529	3908
ENSG00000110435	4241	5416	2041	2653	3401	4080
ENSG00000182883	3294	1708	2227	2300	2066	2067
ENSG00000119431	115	137	93	147	114	161
ENSG00000187455	5	7	9	23	7	6
ENSG00000144372	121	126	502	344	275	289
ENSG00000150818	673	819	1451	1403	637	1139
ENSG00000108907	80	89	57	98	54	51
ENSG00000172739	38	50	27	24	22	21
ENSG00000168337	10	21	28	10	24	15
ENSG00000108178	31112	40868	44458	62229	52080	20321
ENSG00000103451	0	0	3	4	2	9
ENSG00000109648	965	474	1701	1318	513	691
ENSG00000147207	103	128	58	86	56	63
ENSG00000180741	1791	1810	2787	2743	1386	2355
ENSG00000220945	2615	3322	1979	1563	2468	3441
ENSG00000157759	19	17	34	19	24	36
ENSG00000125372	109	230	126	129	147	136
ENSG00000141789	77	114	48	105	71	214
ENSG00000186964	344	1168	574	737	607	658
ENSG00000175850	104	137	159	178	119	202
ENSG00000206070	1090	1017	741	906	797	1213
ENSG00000202982	445	480	336	480	331	289
ENSG00000229144	43	26	45	49	64	77
ENSG00000200589	1463	1574	1368	1611	1318	1790
ENSG00000149306	422	563	696	334	401	469
ENSG00000102985	400	650	400	583	863	531
ENSG00000114405	73	138	120	47	96	122
ENSG00000106525	912	618	700	1072	843	1275
ENSG00000222538	112	97	74	64	74	36
ENSG00000209756	4006	1628	2351	2117	2218	3304
ENSG00000234780	575	371	419	648	408	727
ENSG00000151156	3	3	4	2	1	4
ENSG00000232364	858	701	1194	426	563	654
ENSG00000143556	456	564	383	874	221	460
ENSG00000240574	203	127	238	223	233	149
ENSG00000185480	1060	654	1024	794	849	1230
ENSG00000128659	14	6	8	11	16	10
ENSG00000114924	756	400	509	551	501	490
ENSG00000170221	54	53	50	41	27	78
ENSG00000145780	173	225	456	456	547	528
ENSG00000203783	41	58	66	67	42	35
ENSG00000151440	6	20	14	13	11	15
ENSG00000146095	74	93	60	71	88	157
ENSG00000233540	13	4	5	15	5	9
ENSG00000161926	322	272	314	103	175	143
ENSG00000157212	1026	681	726	470	756	1193
ENSG00000160339	1430	3023	3505	1995	2025	1535
ENSG00000150703	645	595	450	382	469	300
ENSG00000175673	115	69	33	106	99	75
ENSG00000164911	102	45	106	85	144	115
ENSG00000235079	273	111	336	155	157	224
ENSG00000163292	2229	1458	2278	1374	1856	1906
ENSG00000206875	18	26	22	43	14	34
ENSG00000212783	70	58	61	108	60	44
ENSG00000151182	5	8	6	4	5	1
ENSG00000132930	1045	1558	1822	1897	1863	2099
ENSG00000160953	11	19	22	14	9	11
ENSG00000115778	13	16	12	27	13	13
ENSG00000149790	4	7	4	2	9	1
ENSG00000204032	309	238	368	285	81	302
ENSG00000203563	147	38	95	73	146	107
ENSG00000132994	70	63	79	56	36	51
ENSG00000143253	10	14	5	6	5	10
ENSG00000131179	101	60	23	64	65	63
ENSG00000152684	1572	1685	522	1615	1477	1854
ENSG00000167113	14	8	9	5	9	11
ENSG00000182115	150	156	199	303	294	149
ENSG00000133072	2245	2999	3526	2345	3035	4014
ENSG00000160313	31	15	11	27	21	15
ENSG00000106689	428	920	798	394	640	369
ENSG00000130268	548	472	512	756	681	385
ENSG00000141559	40	35	33	29	33	27
ENSG00000237523	207	100	149	207	135	75
ENSG00000114635	414	575	532	801	540	502
ENSG00000161479	1111	712	1016	555	671	546
ENSG00000150323	49	47	60	51	60	55
ENSG00000223598	10	2	15	7	3	9
ENSG00000157514	190	231	244	156	263	228
ENSG00000160326	184	304	314	214	189	130
ENSG00000195068	402	635	777	629	834	407
ENSG00000144684	1994	2823	3175	2578	2087	2704
ENSG00000164385	632	2202	1755	2433	1369	2147
ENSG00000166379	1623	872	1238	721	740	1308
ENSG00000106915	88	78	104	93	51	91
ENSG00000127311	1717	1583	1470	4329	2284	2007
ENSG00000171426	1558	3040	2227	1378	1860	2178
ENSG00000216937	74	57	75	54	138	69
ENSG00000165171	101	50	57	57	31	42
ENSG00000175931	10	10	7	11	13	12
ENSG00000148918	59	53	61	102	55	44
ENSG00000160617	133	210	207	162	201	161
ENSG00000118122	89	87	63	85	97	78
ENSG00000186134	579	377	499	426	656	576
ENSG00000119050	143	178	247	167	192	187
ENSG00000241597	35	37	15	26	33	29
ENSG00000189800	2576	1564	3060	2095	3120	4126
ENSG00000189669	3	6	9	4	4	6
ENSG00000144360	1104	1271	794	1286	1605	1081
ENSG00000115021	205	126	169	262	140	166
ENSG00000128717	271	357	422	425	240	222
ENSG00000180321	67	25	73	51	44	53
ENSG00000118443	229	280	223	173	363	129
ENSG00000230548	5378	4002	5102	4143	3954	4179
ENSG00000155938	43	54	72	47	47	59
ENSG00000165008	321	349	386	362	350	438
ENSG00000188675	231	179	218	280	223	118
ENSG00000200478	1	2	1	1	0	2
ENSG00000125879	57	72	120	49	59	48
ENSG00000244087	266	250	391	258	510	357
ENSG00000111784	61	19	75	40	46	72
ENSG00000105520	201	90	116	168	76	98
ENSG00000232519	9	11	7	15	16	26
ENSG00000197727	2147	4691	2557	5553	3944	4584
ENSG00000177306	300	480	297	391	254	254
ENSG00000205569	119	94	109	64	141	39
ENSG00000245330	43	47	61	53	43	18
ENSG00000157833	1234	1271	986	807	1127	1524
ENSG00000242738	277	137	199	292	174	122
ENSG00000183398	686	959	687	681	888	935
ENSG00000100083	436	450	596	746	609	459
ENSG00000185904	11	7	8	12	6	13
ENSG00000175088	402	788	558	508	498	609
ENSG00000181568	0	0	1	2	1	0
ENSG00000248753	0	0	0	1	0	1
ENSG00000221452	63	93	129	137	105	183
ENSG00000107531	3904	4042	5607	3620	4590	3087
ENSG00000199924	597	353	406	580	455	346
ENSG00000198778	707	484	349	369	386	466
ENSG00000165187	17	31	49	20	30	31
ENSG00000181149	139	122	102	188	92	122
ENSG00000142433	520	344	375	445	377	370
ENSG00000122482	3	1	5	4	1	6
ENSG00000168483	23	30	27	18	26	16
ENSG00000184981	81	77	56	60	81	70
ENSG00000117592	733	1440	1247	430	477	1324
ENSG00000148655	1107	1324	984	1568	2364	1940
ENSG00000249181	20	34	19	55	20	54
ENSG00000124845	2766	4933	3125	2970	3022	4095
ENSG00000138542	164	269	242	342	145	110
ENSG00000230097	77	91	106	82	72	105
ENSG00000165857	2000	1508	2878	1844	1780	2402
ENSG00000235961	24	28	32	22	45	22
ENSG00000103982	32	59	33	42	50	25
ENSG00000216560	9	12	5	8	8	16
ENSG00000209321	31	33	39	21	26	38
ENSG00000107455	4	2	2	1	0	0
ENSG00000209969	14394	17657	21544	35582	26642	15525
ENSG00000108091	857	677	432	373	503	860
ENSG00000130410	6146	5488	5205	7232	5349	6155
ENSG00000189420	6	11	7	10	7	3
ENSG00000205822	4	6	2	1	3	2
ENSG00000215374	1914	3350	2506	3078	3573	2842
ENSG00000198589	94	76	57	114	68	102
ENSG00000244693	103	70	51	75	104	120
ENSG00000117857	30	51	63	45	41	39
ENSG00000158555	5	16	7	17	6	12
ENSG00000131065	33	34	42	39	29	17
ENSG00000159202	11940	12145	10462	6982	7867	9679
ENSG00000242245	14	20	18	10	18	21
ENSG00000201305	4030	2705	3676	2169	2318	2157
ENSG00000122927	278	240	307	249	489	296
ENSG00000176154	1112	1373	766	535	676	556
ENSG00000231724	1861	1252	850	1646	2816	1248
ENSG00000223443	17	37	16	27	26	20
ENSG00000208300	459	1020	604	938	662	419
ENSG00000213869	397	505	378	287	408	240
ENSG00000163110	32344	30047	43896	25967	26864	24877
ENSG00000200025	376	421	343	243	522	269
ENSG00000209632	561	1253	1039	1616	1096	1058
ENSG00000189024	295	318	296	252	159	134
ENSG00000117405	278	329	286	344	148	266
ENSG00000230687	457	248	316	310	144	320
ENSG00000192308	139	232	154	138	97	26
ENSG00000179223	1237	1317	1512	1567	1309	1440
ENSG00000102120	187	342	283	215	216	310
ENSG00000135394	383	575	367	922	547	473
ENSG00000153008	1514	747	743	584	1348	912
ENSG00000149897	33	25	27	38	50	32
ENSG00000164552	107	122	74	78	53	69
ENSG00000165856	336	424	250	92	242	334
ENSG00000116016	194	405	586	491	486	559
ENSG00000156194	2462	5004	5523	4908	3414	8202
ENSG00000170299	1	2	1	8	1	1
ENSG00000127782	38	34	25	41	12	42
ENSG00000119277	22	25	13	18	9	18
ENSG00000106708	235	186	126	118	196	194
ENSG00000192472	70	101	88	34	141	61
ENSG00000154522	5	3	4	5	2	4
ENSG00000192770	11	20	30	24	8	21
ENSG00000193783	37	13	19	21	44	12
ENSG00000168955	1	7	2	4	2	6
ENSG00000205816	18	25	15	34	19	11
ENSG00000164211	52	17	35	29	34	46
ENSG00000196066	2342	983	1334	892	1107	733
ENSG00000190664	186	202	95	97	168	136
ENSG00000126886	37	61	52	64	64	72
ENSG00000213365	16	13	39	31	41	36
ENSG00000164400	100	91	44	64	49	127
ENSG00000116500	2008	1294	2254	1736	1716	1521
ENSG00000239569	1155	2362	1740	951	1115	1200
ENSG00000122597	12	25	39	27	36	31
ENSG00000107226	57	81	34	48	97	38
ENSG00000182828	169	254	168	130	225	155
ENSG00000175881	285	185	296	176	162	347
ENSG00000157610	14	14	25	22	19	12
ENSG00000164448	393	316	617	338	495	572
ENSG00000217116	956	641	616	586	794	460
ENSG00000142507	1056	1084	910	1051	600	715
ENSG00000133074	8300	6607	9593	9519	4730	4221
ENSG00000127350	1183	630	736	905	1137	652
ENSG00000172492	86	138	152	114	72	128
ENSG00000184563	13	3	9	5	9	13
ENSG00000185596	164	184	131	132	90	149
ENSG00000228782	33	43	38	35	44	56
ENSG00000110149	1005	865	1189	1523	2120	1835
ENSG00000154500	105	113	99	122	92	111
ENSG00000117278	17	6	18	10	10	11
ENSG00000179043	38	42	13	74	112	27
ENSG00000131656	2740	2381	3286	3280	2896	3292
ENSG00000164053	25	37	52	46	45	74
ENSG00000225376	227	255	220	236	290	184
ENSG00000100680	679	1102	1401	1013	1229	1677
ENSG00000115315	195	409	564	195	337	671
ENSG00000215044	2	8	4	14	6	8
ENSG00000157353	5	7	10	8	4	6
ENSG00000236635	26	25	21	40	11	21
ENSG00000152882	379	376	377	261	401	273
ENSG00000147344	183	256	200	182	226	365
ENSG00000217198	24	32	24	22	28	29
ENSG00000248214	81	85	56	125	116	179
ENSG00000191382	107	128	232	222	199	260
ENSG00000107501	4	1	14	3	1	7
ENSG00000169950	6	8	7	17	26	8
ENSG00000222469	227	231	226	155	100	219
ENSG00000223918	1973	1167	1336	2402	903	884
ENSG00000166473	158	129	92	58	67	47
ENSG00000123978	96	144	152	219	173	277
ENSG00000221989	2367	1518	2758	3962	1510	3784
ENSG00000211852	36	34	14	26	17	46
ENSG00000241075	167	180	142	240	136	91
ENSG00000126508	122	151	88	46	121	63
ENSG00000203215	6899	5245	4547	2417	7670	7424
ENSG00000205473	32	24	38	33	68	31
ENSG00000211084	15	22	19	27	27	25
ENSG00000158249	601	968	713	887	670	1269
ENSG00000179583	48689	50883	63086	34710	47819	39957
ENSG00000221549	1027	832	1623	678	884	783
ENSG00000103890	4038	1725	852	1340	1811	1479
ENSG00000114595	4581	1830	2955	2314	1080	1340
ENSG00000112822	310	589	351	448	511	689
ENSG00000100076	126	90	128	84	120	153
ENSG00000141437	6484	5272	7629	4537	2657	10171
ENSG00000139496	220	418	300	624	636	224
ENSG00000161546	21	47	14	10	27	12
ENSG00000233844	59	70	47	67	34	58
ENSG00000117467	170	159	125	128	191	119
ENSG00000217675	25	45	36	21	47	42
ENSG00000143597	137	163	162	169	174	163
ENSG00000133039	40	46	71	101	26	155
ENSG00000170361	82	122	74	33	93	61
ENSG00000139989	8	23	6	6	5	13
ENSG00000117099	3823	4054	2553	3994	2419	3770
ENSG00000203437	16	19	7	13	16	12
ENSG00000101109	19	10	19	15	10	11
ENSG00000153586	417	630	387	529	709	677
ENSG00000195315	83	59	106	99	68	109
ENSG00000210132	67	96	139	144	61	76
ENSG00000172418	4222	5131	5045	3073	5692	9722
ENSG00000226263	36	28	36	32	44	54
ENSG00000203723	8	17	7	5	13	8
ENSG00000248205	20	26	33	21	28	32
ENSG00000124021	58	19	73	39	57	22
ENSG00000119420	316	319	130	331	314	280
ENSG00000125490	565	249	418	227	510	521
ENSG00000210912	1258	1643	1257	1727	1455	1599
ENSG00000245922	79	38	79	76	66	85
ENSG00000197659	309	353	429	526	546	351
ENSG00000206483	25	15	20	29	23	27
ENSG00000207463	63	37	76	44	72	84
ENSG00000108451	151	193	144	134	173	335
ENSG00000235529	9	10	17	18	14	8
ENSG00000223534	4045	2300	2278	3839	2674	4471
ENSG00000118607	48	51	56	73	87	38
ENSG00000231502	32	17	21	35	50	30
ENSG00000179214	29	21	21	28	29	24
ENSG00000205192	330	155	231	225	163	295
ENSG00000161255	6327	6326	6583	3402	6535	3281
ENSG00000139183	10	6	5	12	12	11
ENSG00000106393	215	160	294	106	228	334
ENSG00000214410	15	35	17	19	65	18
ENSG00000154996	1029	840	486	498	543	607
ENSG00000186549	45	57	34	38	22	21
ENSG00000191376	0	3	0	2	0	2
ENSG00000144694	7	5	27	16	11	15
ENSG00000230939	41	60	77	91	82	59
ENSG00000173428	93	67	97	50	49	58
ENSG00000150956	2510	3976	1605	1984	3203	3432
ENSG00000145622	322	349	600	265	408	550
ENSG00000149249	34	15	7	13	27	7
ENSG00000157024	1095	365	1045	557	898	601
ENSG00000228336	108	93	93	92	130	156
ENSG00000184506	6068	8965	8165	13699	5539	12903
ENSG00000240824	60	76	126	40	47	52
ENSG00000161241	40	34	54	31	31	40
ENSG00000230493	353	281	427	206	226	443
ENSG00000245852	5321	4111	4730	4242	7650	8812
ENSG00000227383	124	101	35	106	100	54
ENSG00000113952	2535	3442	4728	3375	2902	4584
ENSG00000176323	195	184	235	118	162	189
ENSG00000158765	427	194	140	149	172	259
ENSG00000182111	1843	2599	2161	1023	1817	1425
ENSG00000248856	1119	916	1771	819	1333	1093
ENSG00000134309	734	352	352	326	502	468
ENSG00000119587	5231	4399	6272	5801	3482	6782
ENSG00000107495	49	67	59	51	74	34
ENSG00000192251	0	1	2	0	1	2
ENSG00000230620	706	614	833	594	521	519
ENSG00000184970	271	364	195	273	241	144
ENSG00000118701	74	103	84	86	45	77
ENSG00000102824	2045	3077	1952	1020	1915	1788
ENSG00000156890	1	3	4	2	0	1
ENSG00000220695	76	72	61	91	95	89
ENSG00000226990	1496	1084	2832	1673	2297	1193
ENSG00000247728	414	383	320	170	262	376
ENSG00000204853	2745	1588	1732	2343	1680	720
ENSG00000238505	282	262	200	195	366	168
ENSG00000122339	11	18	13	13	5	14
ENSG00000201458	3	10	13	4	6	10
ENSG00000235750	215	186	181	273	126	103
ENSG00000149467	5	9	14	7	21	9
ENSG00000228134	5512	4836	2983	2636	3964	1913
ENSG00000130748	20	21	13	28	27	10
ENSG00000226551	10	4	4	5	4	2
ENSG00000143622	76	91	41	84	42	60
ENSG00000239348	464	434	394	474	412	789
ENSG00000183520	180	103	167	138	96	99
ENSG00000169869	60	147	89	99	63	59
ENSG00000187516	69	45	36	70	57	34
ENSG00000227925	3	2	6	2	5	6
ENSG00000165137	278	174	167	381	270	180
ENSG00000216465	934	834	548	605	619	741
ENSG00000132043	9	11	20	11	12	32
ENSG00000151023	446	383	215	413	387	207
ENSG00000112251	6	3	4	3	6	2
ENSG00000236057	191	224	143	174	267	235
ENSG00000194884	6	13	25	28	16	28
ENSG00000117031	620	483	938	489	590	714
ENSG00000187771	3	8	10	4	13	16
ENSG00000204062	7	8	7	12	8	12
ENSG00000165989	72	85	41	73	54	82
ENSG00000115153	91	150	169	218	112	66
ENSG00000215070	57	109	79	54	39	49
ENSG00000200436	545	325	677	330	556	862
ENSG00000135456	141	173	70	264	189	159
ENSG00000133010	71	68	44	79	115	56
ENSG00000244358	3003	2922	2137	2937	2432	8988
ENSG00000209160	652	548	851	478	1081	643
ENSG00000246479	169	269	247	180	157	151
ENSG00000244285	275	331	282	245	233	382
ENSG00000162016	5	4	0	4	2	3
ENSG00000220398	14	8	6	7	9	4
ENSG00000192751	8743	9605	9939	8747	9284	7588
ENSG00000196849	5	9	10	5	5	3
ENSG00000213299	888	1902	890	922	1827	888
ENSG00000246532	224	220	123	209	728	463
ENSG00000219453	57	67	66	54	18	52
ENSG00000194308	14929	30266	24389	21001	23863	19585
ENSG00000204617	124	46	59	123	74	63
ENSG00000125339	2541	3167	1816	3372	1983	2279
ENSG00000176947	48	19	47	24	26	48
ENSG00000226211	192	367	401	157	228	241
ENSG00000174243	135	235	321	201	163	233
ENSG00000149287	304	298	240	97	201	170
ENSG00000213571	1743	1185	1242	834	993	1648
ENSG00000207677	189	190	183	347	206	306
ENSG00000129854	16	12	5	10	12	20
ENSG00000242665	293	218	199	245	180	111
ENSG00000212667	6	2	2	7	4	5
ENSG00000157763	2107	1955	1592	3460	1383	1567
ENSG00000205061	1277	1319	1029	1066	926	861
ENSG00000242755	1587	1250	757	726	520	1131
ENSG00000154354	104	87	98	89	84	65
ENSG00000135662	257	450	410	286	344	302
ENSG00000155450	1	1	1	0	1	1
ENSG00000234482	35	35	31	89	40	29
ENSG00000125770	175	44	259	428	190	174
ENSG00000106207	0	0	1	3	0	1
ENSG00000209768	156	158	267	144	189	198
ENSG00000193278	54	69	100	106	62	81
ENSG00000164284	168	261	280	381	189	213
ENSG00000187494	16	55	15	38	34	37
ENSG00000133618	2646	1252	2507	2120	2664	2265
ENSG00000162353	66	125	146	89	149	78
ENSG00000144510	1736	1507	1555	1352	1770	1521
ENSG00000187678	783	1330	1140	692	1412	721
ENSG00000132434	13	9	12	13	4	18
ENSG00000191064	1	1	3	2	8	3
ENSG00000137938	79	57	59	78	46	96
ENSG00000168364	275	208	199	368	264	233
ENSG00000246109	254	299	218	163	219	534
ENSG00000127362	68	70	60	58	27	36
ENSG00000132672	10492	10136	15138	15130	10670	6899
ENSG00000114908	76	63	113	93	67	132
ENSG00000221280	2180	2121	3229	2163	2935	2992
ENSG00000123144	8	3	6	4	1	4
ENSG00000215149	432	338	346	335	332	454
ENSG00000108535	68	136	106	122	101	111
ENSG00000249828	1878	1798	575	1110	1608	1528
ENSG00000249047	31305	11391	23093	33307	34450	19066
ENSG00000115875	44	29	18	52	42	35
ENSG00000106447	50	61	32	33	28	39
ENSG00000114276	150	76	98	93	107	86
ENSG00000118315	61	67	60	85	60	43
ENSG00000120881	145	139	170	192	104	99
ENSG00000210066	173	101	93	199	112	88
ENSG00000146718	18	51	29	45	44	58
ENSG00000140379	119	225	95	157	98	117
ENSG00000215580	94	131	101	62	79	48
ENSG00000162485	1324	1239	3948	2090	1776	2926
ENSG00000207660	93	16	22	46	32	30
ENSG00000117873	580	836	442	631	1088	607
ENSG00000214043	526	282	385	343	578	333
ENSG00000125040	284	198	317	250	204	225
ENSG00000137831	1063	2024	1667	1138	1098	886
ENSG00000160728	2	1	1	3	4	3
ENSG00000243336	552	343	281	205	543	368
ENSG00000208367	34	43	13	22	28	49
ENSG00000119727	1	1	0	3	0	0
ENSG00000105248	73	68	61	33	44	74
ENSG00000127321	463	144	138	142	215	215
ENSG00000156679	2	3	3	2	0	2
ENSG00000134740	293	304	254	201	274	227
ENSG00000202503	22	11	18	8	27	15
ENSG00000148266	28	14	9	21	46	47
ENSG00000223409	2939	2416	2087	2167	3968	2619
ENSG00000234864	2642	1704	1288	972	1935	756
ENSG00000115191	462	271	444	702	411	662
ENSG00000137266	206	286	350	258	441	270
ENSG00000232866	48	11	17	29	27	25
ENSG00000129117	4095	5725	2817	8105	4225	5895
ENSG00000189466	1575	1192	1971	1270	1053	1280
ENSG00000236806	320	546	717	704	748	455
ENSG00000135378	1239	3918	2787	2313	2218	1385
ENSG00000194844	262	237	134	220	173	278
ENSG00000127135	254	184	233	112	235	121
ENSG00000162673	826	702	528	1375	735	405
ENSG00000174649	982	664	869	362	767	569
ENSG00000159462	4015	3934	3096	3824	3387	4048
ENSG00000102686	62	70	38	60	58	82
ENSG00000119718	5566	3808	5079	4970	7854	4577
ENSG00000121526	222	146	163	301	247	217
ENSG00000164878	731	1560	797	1096	712	1277
ENSG00000245382	251	251	248	159	326	267
ENSG00000141964	2	2	5	5	4	2
ENSG00000139269	151	210	74	94	226	85
ENSG00000170259	97	124	47	55	103	88
ENSG00000212022	71	43	80	104	36	60
ENSG00000122677	41018	41706	18530	23899	21401	36644
ENSG00000134457	98	135	37	32	36	76
ENSG00000147999	218	603	552	541	510	407
ENSG00000142097	541	695	632	538	397	952
ENSG00000142599	82	88	35	56	101	82
ENSG00000139968	5	6	7	9	8	10
ENSG00000124106	24	18	29	17	28	20
ENSG00000240406	1971	3288	3571	5771	3373	3967
ENSG00000172861	54	60	15	28	27	33
ENSG00000169937	186	402	169	222	471	510
ENSG00000144133	249	155	591	391	401	328
ENSG00000151937	19	39	6	33	27	15
ENSG00000248191	689	1186	670	708	1111	667
ENSG00000126232	388	496	388	269	369	275
ENSG00000198922	8	10	11	10	10	10
ENSG00000181911	22	19	8	29	22	8
ENSG00000113130	67	40	41	36	31	47
ENSG00000240538	769	763	835	1738	1034	1608
ENSG00000124162	21	16	24	23	25	44
ENSG00000237508	0	1	0	4	1	5
ENSG00000132157	7551	4149	5298	5474	5124	3819
ENSG00000152076	27	14	20	12	20	21
ENSG00000186116	62	44	49	21	50	50
ENSG00000184714	51	33	44	37	25	25
ENSG00000199656	1	1	2	2	4	1
ENSG00000129966	1848	2332	1926	2877	1917	1699
ENSG00000120949	780	1109	927	682	1418	586
ENSG00000143221	1419	739	822	1192	1856	1032
ENSG00000146827	292	231	452	220	231	374
ENSG00000194411	31066	26058	33544	59988	36717	48183
ENSG00000119478	9	8	11	8	6	11
ENSG00000238323	167	248	227	101	215	194
ENSG00000233926	55	45	82	51	57	82
ENSG00000166832	0	0	0	1	2	0
ENSG00000110185	20	33	30	32	21	21
ENSG00000217897	69	65	102	118	41	74
ENSG00000114125	63	140	50	118	108	81
ENSG00000204600	72	33	61	70	49	90
ENSG00000198184	88	143	154	53	173	125
