gene_id	GSM1275862_untreated	GSM1275862_dex	GSM1275863_dex	GSM1275870_dex	GSM1275871_dex
ENSG00000075624	1172	731	953	868	737
ENSG00000111640	5551	2483	8841	4474	4165
ENSG00000166710	0	0	0	2	2
ENSG00000165704	168	140	60	112	90
ENSG00000256269	1152	857	1342	1098	649
ENSG00000073578	3069	2376	2098	1715	1367
ENSG00000112592	723	455	648	714	454
ENSG00000089157	3293	2738	3399	4027	2823
ENSG00000164924	501	427	100	312	312
ENSG00000196262	374	543	327	304	497
ENSG00000233195	204	238	201	185	152
ENSG00000247093	24	9	3	15	10
ENSG00000216504	22	52	30	20	26
ENSG00000226771	303	268	400	303	232
ENSG00000178963	34	67	27	14	35
ENSG00000183643	963	835	1837	1718	1690
ENSG00000194465	2174	1646	2069	1733	2573
ENSG00000230399	16565	5905	6819	5926	6332
ENSG00000245712	140	144	167	245	75
ENSG00000222661	2384	2361	2353	1239	3814
ENSG00000136777	23	33	23	21	34
ENSG00000198123	30	34	21	22	36
ENSG00000230271	185	198	198	142	110
ENSG00000128888	163	266	224	374	214
ENSG00000183427	3	3	11	4	6
ENSG00000242696	0	4	3	4	5
ENSG00000132638	342	161	473	348	345
ENSG00000115606	28	34	17	15	17
ENSG00000166126	1226	1713	1084	1113	1625
ENSG00000183129	162	227	180	334	222
ENSG00000241040	362	357	238	451	328
ENSG00000134803	285	183	535	253	262
ENSG00000133389	785	752	418	778	1080
ENSG00000247897	137	95	141	70	121
ENSG00000200411	578	1137	599	1336	1187
ENSG00000136450	38	74	48	33	87
ENSG00000238097	80	87	143	117	100
ENSG00000225172	23	9	63	31	47
ENSG00000133607	398	742	372	396	325
ENSG00000133903	147	109	88	109	174
ENSG00000128233	32	23	55	29	33
ENSG00000108048	11983	8407	7882	5737	7785
ENSG00000199172	64	69	113	100	71
ENSG00000118385	119	123	47	84	207
ENSG00000163149	465	288	147	165	352
ENSG00000111041	6747	4217	4765	1744	6019
ENSG00000111148	342	55	117	81	87
ENSG00000185034	503	616	407	621	471
ENSG00000234900	194	79	160	171	251
ENSG00000184237	10	14	7	5	7
ENSG00000204692	541	606	682	634	571
ENSG00000168022	951	434	1101	977	986
ENSG00000108910	143	63	81	101	43
ENSG00000219445	221	112	176	224	100
ENSG00000221546	6	13	14	7	4
ENSG00000238608	7	5	5	5	7
ENSG00000169230	87	109	63	82	47
ENSG00000189709	421	564	462	655	329
ENSG00000104499	121	39	42	54	62
ENSG00000131736	149	303	221	197	166
ENSG00000222596	1083	1074	416	968	1321
ENSG00000157422	91	278	180	199	142
ENSG00000116049	256	494	494	588	621
ENSG00000164569	2878	2006	3708	2602	1898
ENSG00000191601	13	13	6	10	14
ENSG00000214564	766	683	484	561	601
ENSG00000106719	5	9	1	5	5
ENSG00000203500	410	240	205	324	447
ENSG00000218827	205	134	264	311	341
ENSG00000188555	82	30	62	21	55
ENSG00000238228	25	19	20	14	34
ENSG00000133183	98	166	113	77	138
ENSG00000149855	34	52	64	72	64
ENSG00000113416	199	203	199	386	149
ENSG00000169130	13	35	17	14	32
ENSG00000152633	415	484	585	540	437
ENSG00000208581	36	22	10	18	24
ENSG00000216603	69	75	50	101	53
ENSG00000140093	84	54	66	23	103
ENSG00000157194	1673	2195	1082	1640	2347
ENSG00000245286	6	9	5	4	13
ENSG00000146997	82	45	79	61	65
ENSG00000152999	2763	979	1921	1644	1413
ENSG00000248996	28	25	70	53	13
ENSG00000142759	9	16	11	9	8
ENSG00000198255	376	230	354	265	303
ENSG00000234680	78	78	65	74	104
ENSG00000242166	704	550	848	513	641
ENSG00000124441	12	17	13	23	34
ENSG00000124049	139	176	173	328	128
ENSG00000194547	323	499	365	970	482
ENSG00000234167	1144	1356	527	1386	1641
ENSG00000131465	21	10	22	20	17
ENSG00000229009	2714	1941	2910	2180	1969
ENSG00000246417	13	28	9	25	22
ENSG00000183207	11	5	7	3	9
ENSG00000204364	15	25	31	15	17
ENSG00000205791	200	201	215	198	152
ENSG00000196703	70	73	82	42	72
ENSG00000123286	527	269	349	239	262
ENSG00000241766	621	309	322	330	544
ENSG00000203421	361	416	217	304	315
ENSG00000221750	70	58	59	70	64
ENSG00000232521	3266	5905	5501	4513	7446
ENSG00000158867	2	1	1	1	2
ENSG00000108271	7	2	0	1	2
ENSG00000222492	69	71	36	71	24
ENSG00000110765	17	17	10	10	13
ENSG00000173164	0	4	1	1	2
ENSG00000138363	13	27	26	25	42
ENSG00000101006	22	10	38	21	14
ENSG00000196065	2	0	1	1	1
ENSG00000190490	1943	575	1302	510	592
ENSG00000143659	3116	1661	2407	2365	1766
ENSG00000151241	1646	2407	2800	1517	1098
ENSG00000186171	68	58	98	44	39
ENSG00000248718	174	141	156	226	186
ENSG00000135446	12	20	9	13	18
ENSG00000219816	101	160	100	253	210
ENSG00000123581	55	31	14	29	63
ENSG00000196958	125	259	157	512	299
ENSG00000198384	89	91	46	54	113
ENSG00000158585	1089	1055	662	1504	1484
ENSG00000207532	636	424	727	868	728
ENSG00000104515	1602	1145	919	798	1403
ENSG00000169862	6	3	0	5	8
ENSG00000164654	5	7	3	6	1
ENSG00000145379	560	460	392	224	342
ENSG00000110978	48	35	53	32	47
ENSG00000197012	160	258	288	229	321
ENSG00000186014	172	218	241	268	178
ENSG00000144956	100	191	167	201	135
ENSG00000134845	1115	890	583	790	1738
ENSG00000225796	472	327	553	158	173
ENSG00000235995	771	242	448	261	299
ENSG00000172231	32	27	28	21	17
ENSG00000168675	2394	4059	3288	4145	2359
ENSG00000203156	153	116	346	183	89
ENSG00000116074	1471	2157	1196	1515	1601
ENSG00000190154	174	219	272	448	259
ENSG00000166075	1075	1975	2289	1570	2543
ENSG00000139010	173	153	232	237	173
ENSG00000203298	415	242	187	143	200
ENSG00000228499	262	119	135	380	243
ENSG00000242013	23	29	52	41	24
ENSG00000229985	21	40	91	50	32
ENSG00000174763	76	124	83	88	159
ENSG00000134345	116	260	83	122	113
ENSG00000243153	31	30	13	20	26
ENSG00000203842	20297	15385	15859	14646	20143
ENSG00000158284	17	8	3	20	17
ENSG00000200450	111	112	63	71	77
ENSG00000126086	28795	20524	36903	23649	17740
ENSG00000181894	94	41	35	27	42
ENSG00000129078	533	726	749	900	710
ENSG00000194848	498	357	403	471	434
ENSG00000123241	49	89	115	78	114
ENSG00000226863	6	23	10	4	4
ENSG00000109108	11	6	6	4	4
ENSG00000180051	183	183	147	95	149
ENSG00000115618	269	338	315	307	485
ENSG00000190342	3	3	1	4	2
ENSG00000231676	174	171	246	135	119
ENSG00000136275	51	24	52	59	30
ENSG00000148263	447	743	785	709	1548
ENSG00000114561	258	241	219	88	438
ENSG00000170112	29	36	36	37	44
ENSG00000177606	61	77	93	69	85
ENSG00000248078	120	136	177	146	171
ENSG00000156945	1379	1689	1657	1357	663
ENSG00000231930	60939	49761	37199	39606	33834
ENSG00000201354	410	236	154	155	124
ENSG00000119758	315	131	257	190	144
ENSG00000220638	636	667	622	798	408
ENSG00000191375	153	100	168	106	218
ENSG00000141108	396	1030	799	1328	768
ENSG00000154933	728	381	505	475	319
ENSG00000145181	195	139	121	121	174
ENSG00000151660	31	36	55	55	27
ENSG00000163435	197	222	315	320	150
ENSG00000177692	936	1026	781	1237	1504
ENSG00000231572	141	175	245	302	111
ENSG00000218358	5311	1439	4295	4921	3010
ENSG00000205461	755	829	779	1482	928
ENSG00000241149	147	112	122	128	101
ENSG00000204944	5446	4320	8074	4764	4003
ENSG00000157301	12	23	13	31	8
ENSG00000176277	1927	1782	2083	848	2272
ENSG00000212881	9076	4528	5876	5856	5451
ENSG00000141619	112	95	62	132	62
ENSG00000203050	202	220	225	77	143
ENSG00000217914	2143	1168	790	1278	928
ENSG00000225920	3062	3942	3082	4633	3656
ENSG00000126984	404	810	655	411	368
ENSG00000194108	425	254	287	268	435
ENSG00000109128	2901	1294	1612	836	838
ENSG00000173072	245	223	193	248	389
ENSG00000216856	19	19	11	16	11
ENSG00000201607	217	105	75	177	201
ENSG00000170370	93	258	193	146	194
ENSG00000173845	5	15	10	3	5
ENSG00000241117	323	223	418	464	422
ENSG00000171084	42	57	26	42	39
ENSG00000161325	1184	1360	650	684	1055
ENSG00000136630	8	8	9	21	7
ENSG00000244641	34	48	26	25	19
ENSG00000161346	9	8	17	18	10
ENSG00000108586	3855	1152	1922	1462	1773
ENSG00000211839	3277	1448	1798	2625	3874
ENSG00000198495	3860	3504	2468	2975	3074
ENSG00000185993	4077	6314	2907	3424	2430
ENSG00000158966	692	899	1046	861	2050
ENSG00000157512	499	368	1202	1135	1480
ENSG00000242950	1	4	9	6	6
ENSG00000245607	233	337	354	295	359
ENSG00000167601	54	136	56	68	69
ENSG00000194329	59	77	96	47	116
ENSG00000163441	32	10	16	18	5
ENSG00000124696	2055	1613	2560	2270	2580
ENSG00000183698	317	185	273	237	287
ENSG00000106298	14	7	7	11	8
ENSG00000157133	215	418	565	592	515
ENSG00000208268	94	193	98	192	181
ENSG00000167974	18	19	15	6	24
ENSG00000119483	136	97	99	126	103
ENSG00000186715	111	66	44	29	35
ENSG00000232498	3	1	1	2	3
ENSG00000126966	5	6	2	7	10
ENSG00000122706	378	516	482	705	396
ENSG00000237850	420	383	286	236	189
ENSG00000121454	245	350	163	208	221
ENSG00000186596	19	22	11	14	21
ENSG00000175309	54	13	56	37	39
ENSG00000122691	187	113	208	147	96
ENSG00000153821	549	439	865	597	734
ENSG00000155306	12	46	36	24	19
ENSG00000115207	8	35	19	9	18
ENSG00000200428	1392	1641	1509	701	1139
ENSG00000148155	188	161	161	127	144
ENSG00000173724	87	69	80	82	80
ENSG00000143042	61	69	30	46	24
ENSG00000121092	48	27	37	36	38
ENSG00000195444	6325	2130	2572	2650	5449
ENSG00000121994	1419	1073	1044	728	1372
ENSG00000187376	54	51	50	63	29
ENSG00000225952	9	4	12	9	21
ENSG00000131380	4705	3257	3407	4142	3312
ENSG00000135289	5126	3459	4260	3290	2349
ENSG00000227826	1286	2154	1167	1309	1865
ENSG00000179023	1951	495	1015	1103	681
ENSG00000243279	3	3	7	5	4
ENSG00000105743	35	18	13	12	8
ENSG00000180436	405	381	442	264	323
ENSG00000224710	66	44	116	140	86
ENSG00000176230	200	358	434	343	230
ENSG00000240003	31	40	39	27	71
ENSG00000162759	41	20	53	49	36
ENSG00000137973	621	439	510	455	494
ENSG00000139264	52	84	45	60	89
ENSG00000243037	104	132	178	180	153
ENSG00000160427	130	278	336	301	375
ENSG00000153452	340	222	403	155	143
ENSG00000212687	1769	1242	1582	597	1999
ENSG00000173268	1754	1808	3114	3545	2041
ENSG00000103128	4	9	9	8	6
ENSG00000229652	90	110	91	86	91
ENSG00000125190	58	68	60	27	46
ENSG00000239645	592	465	523	746	487
ENSG00000102483	15	13	23	26	30
ENSG00000112104	875	862	590	1041	415
ENSG00000214801	628	412	617	720	640
ENSG00000109807	1529	711	450	498	348
ENSG00000249137	20	21	19	20	22
ENSG00000108927	146	52	163	115	98
ENSG00000203943	16	26	8	16	12
ENSG00000224010	302	347	313	192	265
ENSG00000215021	569	466	702	896	771
ENSG00000244205	9	9	6	5	8
ENSG00000193149	31	18	59	19	39
ENSG00000116862	102	69	126	123	82
ENSG00000119589	52	93	27	30	51
ENSG00000159346	2332	3023	2445	2195	2811
ENSG00000190582	59	61	156	119	139
ENSG00000127554	333	219	182	365	325
ENSG00000164344	9	10	7	20	8
ENSG00000169702	3129	2772	3149	5361	4271
ENSG00000173941	197	216	180	199	359
ENSG00000153174	1456	737	270	1121	400
ENSG00000224633	241	223	166	137	174
ENSG00000223847	5	3	2	1	0
ENSG00000223660	5	4	9	14	5
ENSG00000145247	6	10	7	7	10
ENSG00000204982	258	248	327	565	325
ENSG00000175791	65	44	42	43	66
ENSG00000152802	281	266	379	261	174
ENSG00000199602	265	207	278	226	272
ENSG00000230762	171	262	246	212	205
ENSG00000169871	1134	1383	897	369	966
ENSG00000117518	203	214	153	126	61
ENSG00000104057	6	3	3	4	6
ENSG00000149315	33	26	41	36	28
ENSG00000174278	8720	4968	4042	2954	2385
ENSG00000200045	6	24	10	10	17
ENSG00000200285	3378	2529	2123	1926	2416
ENSG00000240178	2871	5119	3279	4385	3828
ENSG00000225233	33	26	40	44	29
ENSG00000210649	504	393	241	327	141
ENSG00000126238	1	4	12	6	6
ENSG00000121760	390	687	706	473	519
ENSG00000212997	67	38	19	53	34
ENSG00000165990	15	6	13	13	16
ENSG00000231625	54	67	59	70	53
ENSG00000112710	32	40	77	55	44
ENSG00000117631	25	54	51	35	44
ENSG00000131414	177	258	187	229	149
ENSG00000246360	75	96	113	127	83
ENSG00000156770	33	47	53	42	44
ENSG00000234870	828	1298	849	539	980
ENSG00000159731	16797	28590	11673	23908	7640
ENSG00000135137	125	200	190	154	352
ENSG00000165733	29	42	43	29	31
ENSG00000189332	15	34	24	10	15
ENSG00000180654	365	306	630	473	473
ENSG00000203732	100	119	59	52	91
ENSG00000190617	165	109	131	197	130
ENSG00000172582	3	0	3	1	9
ENSG00000223348	17	8	16	7	17
ENSG00000241200	8	7	16	11	24
ENSG00000163656	1071	916	1450	420	1518
ENSG00000222688	152	55	117	83	80
ENSG00000237244	1	0	1	0	2
ENSG00000176918	291	457	239	586	286
ENSG00000100264	1819	1316	1403	1411	1428
ENSG00000187725	1664	2488	2515	2470	3241
ENSG00000190669	3	2	1	1	0
ENSG00000121784	195	279	193	196	213
ENSG00000140976	825	944	470	570	931
ENSG00000211175	325	512	655	317	598
ENSG00000187989	139	111	94	106	44
ENSG00000222699	3	6	2	6	2
ENSG00000180995	118	55	88	82	86
ENSG00000225492	112	66	46	100	116
ENSG00000232525	408	361	323	393	583
ENSG00000168577	759	689	541	577	497
ENSG00000189433	63	115	95	96	105
ENSG00000140044	787	885	960	910	564
ENSG00000156986	13	11	27	15	17
ENSG00000120569	83	17	15	22	45
ENSG00000186435	127	240	212	100	91
ENSG00000172049	266	370	214	436	532
ENSG00000146087	100	86	49	65	59
ENSG00000200520	1553	1769	1188	1320	761
ENSG00000136600	214	503	192	494	252
ENSG00000146857	13	27	34	20	30
ENSG00000163589	235	164	187	148	157
ENSG00000128764	20	20	21	15	23
ENSG00000114698	10	20	11	22	23
ENSG00000201973	10	6	6	4	14
ENSG00000233521	2009	913	2720	2956	1676
ENSG00000228130	970	842	901	1017	753
ENSG00000198094	11	7	8	13	4
ENSG00000100534	1511	1741	1669	998	863
ENSG00000193202	951	1223	1074	1248	1258
ENSG00000110082	85	47	52	67	47
ENSG00000239072	341	492	297	486	379
ENSG00000226047	13695	19281	10677	5302	12599
ENSG00000227991	304	183	258	153	221
ENSG00000181828	418	218	304	373	320
ENSG00000209511	1646	1892	2650	1390	1052
ENSG00000152902	9	22	15	23	17
ENSG00000180118	10	13	11	15	11
ENSG00000239106	11	5	13	2	8
ENSG00000230733	92	157	122	80	111
ENSG00000111058	1516	912	714	833	897
ENSG00000197184	30	29	34	24	38
ENSG00000241190	6	5	15	10	4
ENSG00000150197	207	125	173	253	261
ENSG00000142584	39	50	54	82	55
ENSG00000145384	324	402	452	468	508
ENSG00000172545	103	87	89	160	147
ENSG00000173939	105	83	82	175	92
ENSG00000145296	79	143	107	133	135
ENSG00000218278	183	89	154	141	203
ENSG00000186614	22	20	19	13	30
ENSG00000177930	10	20	4	5	20
ENSG00000177957	2960	3118	4429	4651	6195
ENSG00000171652	44025	49873	31433	54940	58844
ENSG00000156849	1850	700	1084	1344	1702
ENSG00000152135	9	3	5	10	7
ENSG00000230767	140	138	78	173	86
ENSG00000157920	3958	1574	2191	1706	2361
ENSG00000233925	7	0	4	6	11
ENSG00000130616	50	37	64	50	37
ENSG00000241354	111	118	82	96	83
ENSG00000231576	23	31	13	29	30
ENSG00000151790	33	25	59	24	24
ENSG00000220523	1814	822	1294	1113	1145
ENSG00000103843	66	48	22	128	82
ENSG00000218954	118	75	135	52	96
ENSG00000166575	7817	4163	3579	6843	5082
ENSG00000124188	27	31	31	20	23
ENSG00000137238	5	1	7	4	7
ENSG00000172737	597	501	894	604	839
ENSG00000191485	8403	8969	4754	11123	10808
ENSG00000123557	172	292	369	186	247
ENSG00000138890	148	451	321	277	157
ENSG00000153485	11	14	16	7	11
ENSG00000211144	19	26	34	20	26
ENSG00000132285	2652	2618	5340	3510	3408
ENSG00000141205	1438	1338	1135	1441	2536
ENSG00000216399	297	935	425	391	518
ENSG00000200271	26	47	42	41	84
ENSG00000148435	10	17	16	8	11
ENSG00000211113	10	21	10	20	17
ENSG00000164668	8	17	20	14	20
ENSG00000201287	995	265	478	366	817
ENSG00000169345	31	15	42	40	41
ENSG00000116298	73	36	53	58	60
ENSG00000198140	847	521	840	598	971
ENSG00000234346	778	526	671	619	593
ENSG00000157904	81	190	161	142	305
ENSG00000249947	446	480	383	526	225
ENSG00000150423	260	229	75	71	198
ENSG00000134652	1	2	2	3	3
ENSG00000232153	190	103	150	57	84
ENSG00000154446	76	48	71	32	51
ENSG00000156549	158	95	105	45	72
ENSG00000115003	228	288	389	103	379
ENSG00000247153	22	38	32	29	33
ENSG00000109923	1624	1439	2161	2344	1356
ENSG00000240344	109	98	149	122	124
ENSG00000206549	215	159	117	241	354
ENSG00000173699	239	292	237	381	353
ENSG00000181188	74	107	94	71	127
ENSG00000230278	355	510	516	629	414
ENSG00000245948	412	820	465	682	704
ENSG00000233902	491	350	521	557	614
ENSG00000129388	33	29	69	28	35
ENSG00000186881	9	37	28	36	15
ENSG00000155162	32	47	29	39	41
ENSG00000244780	118	109	172	200	218
ENSG00000185876	5	3	2	6	1
ENSG00000220288	48	17	29	30	17
ENSG00000179213	12	13	4	18	23
ENSG00000202290	50	60	47	43	30
ENSG00000245986	9	25	25	11	19
ENSG00000214086	735	429	1172	746	743
ENSG00000240400	289	421	242	287	429
ENSG00000152280	776	1177	851	589	919
ENSG00000128548	19	11	23	17	21
ENSG00000238141	23	19	40	29	18
ENSG00000180537	76	80	99	138	123
ENSG00000204024	3180	4192	4746	3388	2486
ENSG00000116787	3416	3089	5475	3192	4444
ENSG00000127717	32	49	54	63	42
ENSG00000147959	670	342	560	400	318
ENSG00000205688	9656	5525	7850	7110	14374
ENSG00000121459	6	11	16	23	15
ENSG00000228994	152	158	105	90	60
ENSG00000161123	2033	1431	2065	1747	2201
ENSG00000165234	446	630	582	674	750
ENSG00000236869	16	26	15	20	9
ENSG00000142408	5753	3416	4608	2852	3477
ENSG00000171620	756	871	1172	1571	1258
ENSG00000157484	676	723	695	517	519
ENSG00000203158	12	16	5	5	6
ENSG00000167625	112	64	142	80	83
ENSG00000190340	1809	2056	2913	1396	1471
ENSG00000100320	240	309	235	449	362
ENSG00000205663	793	940	824	523	379
ENSG00000129106	87	66	183	66	137
ENSG00000226760	3412	5860	3730	2213	3050
ENSG00000167315	138	74	58	92	133
ENSG00000220377	1765	1045	392	902	694
ENSG00000122734	260	335	281	266	274
ENSG00000220384	32	22	23	15	17
ENSG00000248144	3119	2695	3175	1913	2638
ENSG00000144339	12	8	8	10	14
ENSG00000237618	36	32	34	22	33
ENSG00000220094	85	170	99	220	179
ENSG00000235184	5	4	9	10	7
ENSG00000167220	3	2	3	4	4
ENSG00000206160	110	152	159	104	108
ENSG00000107507	83	54	33	57	24
ENSG00000129199	71	89	101	99	83
ENSG00000153792	191	393	276	472	689
ENSG00000212113	12155	18373	18112	9406	12955
ENSG00000208312	117	46	55	85	71
ENSG00000246121	15337	16563	21351	32348	21303
ENSG00000165563	161	185	124	221	333
ENSG00000122026	144	85	134	73	128
ENSG00000180929	0	1	1	0	0
ENSG00000186024	5	10	10	6	7
ENSG00000184793	237	178	256	161	427
ENSG00000139378	409	219	332	551	261
ENSG00000198946	45	36	18	17	24
ENSG00000219519	194	239	140	169	213
ENSG00000235718	640	1636	929	552	448
ENSG00000123404	21	53	38	29	34
ENSG00000125836	3	6	4	8	5
ENSG00000105267	37	22	9	20	21
ENSG00000126162	73	63	64	81	69
ENSG00000239557	247	117	231	222	213
ENSG00000180639	804	799	888	658	422
ENSG00000172960	51	18	20	14	41
ENSG00000117442	138	113	171	216	88
ENSG00000152677	92	71	97	100	106
ENSG00000194950	183	163	184	139	117
ENSG00000145219	1015	634	1442	1159	602
ENSG00000116408	2561	2081	1776	1644	1293
ENSG00000223997	67	80	91	37	39
ENSG00000197545	39	33	28	44	43
ENSG00000105644	33	30	10	25	29
ENSG00000182784	67	55	27	88	33
ENSG00000173556	106	69	47	49	59
ENSG00000221640	106	89	124	122	66
ENSG00000124770	62	66	42	46	24
ENSG00000147925	10	15	17	14	5
ENSG00000159908	12	6	2	22	13
ENSG00000129230	166	165	66	233	88
ENSG00000246533	21270	8039	18563	18412	20776
ENSG00000177062	614	388	385	363	468
ENSG00000110401	508	660	378	600	568
ENSG00000202122	117	252	239	163	366
ENSG00000247647	132	132	84	59	102
ENSG00000124841	7448	10568	12093	7919	7437
ENSG00000185073	71	84	72	81	55
ENSG00000189160	27	15	22	31	16
ENSG00000133594	19	14	11	8	12
ENSG00000120600	217	205	238	179	234
ENSG00000104335	17	15	12	34	11
ENSG00000244349	17	24	20	14	17
ENSG00000191273	10	29	26	24	19
ENSG00000231232	13	10	9	9	6
ENSG00000113978	173	166	175	196	164
ENSG00000247849	5	8	7	4	3
ENSG00000142197	14429	11798	10089	18407	11992
ENSG00000236119	1	0	1	4	0
ENSG00000209573	9	8	6	9	12
ENSG00000104696	175	111	131	167	110
ENSG00000220017	244	200	242	251	192
ENSG00000132294	45	85	86	40	47
ENSG00000157416	702	264	233	381	242
ENSG00000169023	146	231	225	207	65
ENSG00000135061	355	154	230	114	269
ENSG00000226864	403	440	740	274	457
ENSG00000186307	455	307	301	162	175
ENSG00000217122	76	122	131	183	234
ENSG00000189252	65	137	135	63	106
ENSG00000136200	672	565	699	325	861
ENSG00000208675	98	73	95	94	91
ENSG00000150292	455	468	626	390	668
ENSG00000214382	4475	3849	5824	4027	2805
ENSG00000166181	447	175	277	262	304
ENSG00000239760	1525	1557	2030	1403	1507
ENSG00000197842	40	74	72	61	48
ENSG00000212646	263	263	207	265	210
ENSG00000162952	335	316	422	280	615
ENSG00000108391	254	244	120	317	263
ENSG00000127819	459	639	306	460	405
ENSG00000230983	2765	2251	1900	942	3212
ENSG00000194906	45	94	134	38	47
ENSG00000241124	53	28	24	26	46
ENSG00000156900	338	311	327	177	239
ENSG00000167178	7	7	7	8	9
ENSG00000112423	104	145	119	120	135
ENSG00000106436	2409	1804	1040	1837	1527
ENSG00000140125	205	137	128	118	105
ENSG00000206027	757	583	514	366	458
ENSG00000215002	122	312	276	165	341
ENSG00000242181	1345	1565	1616	1042	1713
ENSG00000150139	337	534	469	325	333
ENSG00000199738	109	135	142	252	124
ENSG00000219585	0	1	4	0	1
ENSG00000216439	63	37	44	32	24
ENSG00000151071	458	507	711	507	663
ENSG00000233314	90	148	173	108	106
ENSG00000202792	53	27	19	21	51
ENSG00000225356	1542	693	1383	1537	938
ENSG00000106347	19	24	22	21	15
ENSG00000247584	78	60	108	88	44
ENSG00000160232	779	343	364	515	748
ENSG00000119124	54	61	44	41	60
ENSG00000199728	179	184	110	117	90
ENSG00000243675	103	104	119	143	118
ENSG00000116942	17	15	5	13	13
ENSG00000176201	62	41	14	35	58
ENSG00000158938	38	48	71	68	53
ENSG00000162743	49	14	22	33	26
ENSG00000247092	639	839	1249	1476	788
ENSG00000238573	189	107	98	93	102
ENSG00000225515	45	18	25	12	13
ENSG00000101970	7	9	7	7	8
ENSG00000197040	91	82	52	58	55
ENSG00000103677	881	1590	1755	1275	1571
ENSG00000230588	52	67	77	55	87
ENSG00000199337	478	593	687	455	530
ENSG00000198102	273	362	198	497	235
ENSG00000170530	48	31	40	64	72
ENSG00000186455	8	11	16	11	11
ENSG00000215582	343	373	295	581	478
ENSG00000213948	7	1	2	5	1
ENSG00000120662	304	392	198	550	386
ENSG00000112269	34	6	9	8	20
ENSG00000233611	752	800	315	494	370
ENSG00000153092	50	39	67	40	46
ENSG00000130569	79	187	107	107	162
ENSG00000131131	766	692	987	702	1264
ENSG00000125841	9	13	26	36	34
ENSG00000184857	175	116	194	162	167
ENSG00000247809	49	49	44	92	65
ENSG00000210151	451	315	591	457	391
ENSG00000120613	551	515	872	574	607
ENSG00000183057	574	265	127	302	226
ENSG00000145324	175	304	195	197	166
ENSG00000122608	28	65	90	78	66
ENSG00000177706	451	375	273	478	608
ENSG00000220743	121	103	101	73	79
ENSG00000106600	229	284	103	130	158
ENSG00000230308	57	223	80	146	131
ENSG00000230350	9	5	3	12	6
ENSG00000178696	13	17	13	18	8
ENSG00000143343	190	125	102	153	202
ENSG00000186305	120	254	155	86	130
ENSG00000201336	1262	2520	1267	1112	2135
ENSG00000131626	1	1	2	2	0
ENSG00000216941	153	172	153	112	213
ENSG00000179826	802	1160	1807	1410	760
ENSG00000183767	208	146	170	101	122
ENSG00000192469	545	692	471	645	539
ENSG00000201886	76	153	172	92	229
ENSG00000190546	115	156	45	50	131
ENSG00000206857	472	1751	838	494	874
ENSG00000123293	7	15	9	10	12
ENSG00000231638	1	1	2	0	3
ENSG00000200188	226	445	154	346	313
ENSG00000152978	113	133	187	227	242
ENSG00000226923	418	218	146	204	145
ENSG00000219908	131	538	241	289	222
ENSG00000220933	452	583	333	790	324
ENSG00000116186	33	52	43	42	66
ENSG00000120279	351	847	318	504	441
ENSG00000175631	332	195	246	250	260
ENSG00000113258	14	15	12	13	12
ENSG00000207794	117	135	84	62	112
ENSG00000109745	203	235	251	358	195
ENSG00000149553	22	23	30	28	23
ENSG00000212357	1195	1172	1196	1804	806
ENSG00000139119	64	50	109	111	55
ENSG00000160778	432	797	1042	626	803
ENSG00000167197	2182	2958	2551	2646	1900
ENSG00000239771	8	8	15	6	11
ENSG00000147234	24	5	5	19	9
ENSG00000153558	533	271	252	656	421
ENSG00000215398	55	143	162	81	51
ENSG00000195455	345	429	341	403	219
ENSG00000186802	4708	4252	4047	2512	4144
ENSG00000182697	48	33	91	67	93
ENSG00000208199	1141	585	885	767	596
ENSG00000175161	58	34	68	47	62
ENSG00000167451	16	39	24	43	84
ENSG00000197700	547	457	397	288	434
ENSG00000215570	310	132	315	334	217
ENSG00000231440	1553	1226	1290	1444	1133
ENSG00000198164	456	234	367	270	256
ENSG00000113650	770	1269	677	807	920
ENSG00000125587	346	318	428	357	132
ENSG00000192845	11	6	5	4	4
ENSG00000221366	96	64	84	75	68
ENSG00000198966	102	55	57	33	97
ENSG00000246181	1199	1963	983	487	1160
ENSG00000155237	14	13	17	29	29
ENSG00000183651	102	167	134	111	243
ENSG00000129006	139	60	72	55	27
ENSG00000210418	4	1	5	6	4
ENSG00000113917	130	108	74	79	119
ENSG00000123754	424	492	534	674	461
ENSG00000156903	110	41	73	73	66
ENSG00000106060	670	552	559	1226	511
ENSG00000190683	520	292	216	259	246
ENSG00000226506	287	340	450	148	154
ENSG00000224978	37	39	116	88	41
ENSG00000117535	110	101	125	56	76
ENSG00000202934	402	239	443	546	611
ENSG00000165820	171	164	125	203	164
ENSG00000143480	9	13	14	10	8
ENSG00000160062	116	115	72	114	92
ENSG00000235408	269	219	281	266	195
ENSG00000186564	1289	1066	2041	1235	1357
ENSG00000220474	778	537	732	282	1029
ENSG00000110063	14	9	16	17	20
ENSG00000187529	480	555	746	967	704
ENSG00000145511	6	5	3	3	2
ENSG00000119953	44	48	53	43	30
ENSG00000191252	27	22	49	34	28
ENSG00000134932	3512	4033	2593	1893	1988
ENSG00000248529	479	512	627	512	496
ENSG00000138883	241	317	228	346	252
ENSG00000248798	51	25	57	54	29
ENSG00000153801	2143	2561	2276	1351	921
ENSG00000140368	59	84	73	65	135
ENSG00000156218	302	299	514	382	230
ENSG00000240951	1125	1035	1749	903	1955
ENSG00000129033	48	95	63	147	59
ENSG00000195381	458	464	428	374	332
ENSG00000184269	2	2	1	1	2
ENSG00000130391	369	475	320	493	520
ENSG00000243266	6	4	8	9	4
ENSG00000121163	401	255	339	381	329
ENSG00000128341	185	283	280	290	333
ENSG00000241217	321	198	340	471	280
ENSG00000117206	14382	10975	15160	13172	9862
ENSG00000127626	2	0	1	0	0
ENSG00000219802	668	515	315	254	484
ENSG00000156270	69	66	72	53	69
ENSG00000231731	363	457	340	994	629
ENSG00000223707	757	363	226	200	369
ENSG00000189824	150	109	177	145	160
ENSG00000175414	29	66	75	47	57
ENSG00000134999	31	41	36	38	51
ENSG00000186864	315	546	351	306	292
ENSG00000248096	22	5	6	7	15
ENSG00000189878	808	1558	575	1682	1770
ENSG00000224614	23	45	52	67	33
ENSG00000240140	309	324	401	286	411
ENSG00000211068	13	19	16	9	28
ENSG00000124634	268	190	379	447	437
ENSG00000174235	99	65	111	77	84
ENSG00000207931	763	671	480	415	832
ENSG00000173890	1601	980	3747	2442	2451
ENSG00000128349	61	53	45	69	29
ENSG00000218584	168	183	178	163	153
ENSG00000211099	266	245	216	291	235
ENSG00000204444	1668	3440	2722	1734	3806
ENSG00000143937	14	16	9	2	17
ENSG00000191698	573	282	652	392	791
ENSG00000223306	216	106	127	161	194
ENSG00000188526	5	19	13	15	8
ENSG00000155389	127	83	118	75	80
ENSG00000146378	40	45	49	25	33
ENSG00000128974	993	1173	1746	953	1623
ENSG00000224452	22	12	20	24	20
ENSG00000187388	1526	1564	770	1633	1399
ENSG00000245278	67	25	53	67	54
ENSG00000112077	461	445	687	1096	713
ENSG00000157766	6	7	2	11	5
ENSG00000238210	24	49	33	28	40
ENSG00000199748	136	284	143	161	182
ENSG00000188682	26	38	26	8	14
ENSG00000158213	8	2	11	9	4
ENSG00000102162	170	137	108	194	210
ENSG00000108156	644	705	767	984	700
ENSG00000168529	115	114	103	172	159
ENSG00000101573	67	90	152	83	122
ENSG00000156517	361	580	567	268	115
ENSG00000183531	53	45	59	51	82
ENSG00000128585	771	575	1054	293	1448
ENSG00000135561	1722	1532	1297	618	2123
ENSG00000171449	9	9	18	15	8
ENSG00000209949	1008	836	1424	1060	1682
ENSG00000165349	774	576	660	438	620
ENSG00000159892	251	190	477	346	301
ENSG00000148247	703	642	1070	450	656
ENSG00000175598	2730	3841	4531	1762	3352
ENSG00000147611	7206	5373	3487	7073	15460
ENSG00000233865	3789	4133	3151	3762	3519
ENSG00000108973	129	144	94	65	119
ENSG00000215614	1724	1231	1998	1820	3808
ENSG00000151265	2	7	3	5	10
ENSG00000198322	1624	652	935	1374	1381
ENSG00000197278	395	851	484	560	771
ENSG00000212290	832	1376	735	806	1163
ENSG00000191423	15	37	29	22	21
ENSG00000136888	3118	1688	1652	4062	2118
ENSG00000224368	2620	1269	2390	3554	2205
ENSG00000137064	200	158	245	198	198
ENSG00000159098	10	9	11	6	5
ENSG00000141678	282	462	297	439	310
ENSG00000224884	44	33	34	31	47
ENSG00000169616	6	9	4	7	12
ENSG00000144278	73	35	58	65	31
ENSG00000145806	12217	22836	16226	15471	19276
ENSG00000185767	3	12	9	14	13
ENSG00000159975	37	92	135	78	43
ENSG00000248891	132	159	147	170	270
ENSG00000188389	808	1060	993	872	1975
ENSG00000120725	9	24	28	34	8
ENSG00000174834	35	20	23	27	20
ENSG00000105899	2986	721	782	882	993
ENSG00000193830	182	278	276	417	128
ENSG00000126414	996	1705	1949	1590	2013
ENSG00000172980	25	4	20	22	18
ENSG00000206236	163	225	128	110	133
ENSG00000206038	539	1353	658	798	852
ENSG00000136428	105	153	275	206	119
ENSG00000208709	27	15	9	17	12
ENSG00000167576	139	284	129	127	83
ENSG00000154491	4	2	4	5	4
ENSG00000173882	31	28	13	29	23
ENSG00000189282	552	421	444	706	352
ENSG00000174193	819	741	926	959	1337
ENSG00000170543	298	280	421	462	328
ENSG00000159521	575	426	492	584	714
ENSG00000183673	11	12	9	9	15
ENSG00000140057	85	48	55	30	30
ENSG00000209705	819	1074	1255	1081	994
ENSG00000229208	19722	11969	19140	9084	11334
ENSG00000233113	298	309	348	568	265
ENSG00000200082	15	26	39	19	42
ENSG00000152703	17	10	25	35	11
ENSG00000223906	1237	1668	2018	1716	1493
ENSG00000176539	650	1060	1035	2576	676
ENSG00000106959	17	16	10	17	14
ENSG00000107019	294	165	246	189	133
ENSG00000134446	1398	2922	1363	1784	2092
ENSG00000115807	2375	3288	2412	3006	1686
ENSG00000136673	74	33	77	32	44
ENSG00000243463	117	167	115	65	143
ENSG00000207601	412	234	270	217	342
ENSG00000238191	20	25	7	9	9
ENSG00000184545	3	4	4	5	2
ENSG00000158492	79	37	63	55	28
ENSG00000111511	1085	1414	1187	2488	1165
ENSG00000241025	1466	1346	974	1338	797
ENSG00000130162	377	572	224	207	354
ENSG00000104221	14	14	8	19	10
ENSG00000166623	0	1	5	1	2
ENSG00000204620	19	17	6	18	16
ENSG00000175387	103	207	183	206	134
ENSG00000139482	756	558	969	1006	948
ENSG00000151831	32	30	19	23	20
ENSG00000114957	124	142	179	153	175
ENSG00000196963	6	4	3	4	0
ENSG00000108518	2	2	1	3	1
ENSG00000184295	81	90	117	99	192
ENSG00000163529	9	16	6	14	5
ENSG00000160981	15	4	6	7	10
ENSG00000223599	0	2	1	0	1
ENSG00000204297	704	386	617	560	678
ENSG00000209655	6	6	7	2	2
ENSG00000227475	91	105	115	137	60
ENSG00000122376	4	2	7	2	4
ENSG00000221902	57	98	29	40	89
ENSG00000107562	2002	1798	1789	2122	1737
ENSG00000121967	246	371	163	246	188
ENSG00000106902	254	110	124	69	48
ENSG00000149811	550	456	448	642	529
ENSG00000165054	301	384	573	304	264
ENSG00000235427	2107	2400	2175	2452	1722
ENSG00000204813	8	5	0	5	2
ENSG00000155442	750	980	1075	1429	1088
ENSG00000202307	125	196	78	135	92
ENSG00000168820	10	9	8	9	23
ENSG00000139204	769	522	533	394	342
ENSG00000130594	303	389	266	242	295
ENSG00000188211	119	88	164	91	101
ENSG00000108269	618	415	676	797	568
ENSG00000102909	5	8	13	4	8
ENSG00000174362	4	7	6	5	8
ENSG00000166525	45	53	44	20	28
ENSG00000220355	1362	1182	1450	874	393
ENSG00000156924	243	241	335	288	282
ENSG00000130239	86	164	169	48	160
ENSG00000148960	38	21	33	41	27
ENSG00000198016	77	106	170	134	149
ENSG00000201454	1144	1341	1477	1330	1194
ENSG00000216929	25	30	61	46	43
ENSG00000161655	23	40	34	44	52
ENSG00000152572	466	220	321	196	224
ENSG00000218537	502	282	591	326	277
ENSG00000213773	156	201	99	64	262
ENSG00000139914	1247	1125	2768	3026	5786
ENSG00000122263	208	146	171	146	163
ENSG00000248721	16	19	34	24	15
ENSG00000180697	0	1	2	3	1
ENSG00000172917	2070	1418	1121	1387	1531
ENSG00000109023	66	132	107	106	139
ENSG00000208603	81	241	209	185	232
ENSG00000186132	828	412	411	355	267
ENSG00000186198	2550	1242	1675	1849	2981
ENSG00000213519	1108	1699	825	898	725
ENSG00000140437	736	1177	563	957	630
ENSG00000245958	457	146	216	344	145
ENSG00000217730	143	88	153	80	86
ENSG00000119192	223	351	244	217	238
ENSG00000201997	10	31	10	34	18
ENSG00000227098	471	243	238	219	196
ENSG00000193001	2370	1579	1238	867	1029
ENSG00000176957	945	768	574	678	401
ENSG00000184718	351	236	62	114	202
ENSG00000184915	15	28	24	29	37
ENSG00000126569	35	47	48	34	14
ENSG00000110590	33	42	31	54	21
ENSG00000151701	26	57	76	32	99
ENSG00000243183	424	348	201	584	275
ENSG00000188886	392	470	292	429	385
ENSG00000128057	969	456	423	351	541
ENSG00000224608	1195	915	1374	976	1039
ENSG00000122292	10	30	17	30	24
ENSG00000162350	90	70	119	76	112
ENSG00000148797	611	351	527	284	447
ENSG00000210445	771	590	570	676	886
ENSG00000106152	33	29	69	43	35
ENSG00000166367	25	34	47	38	41
ENSG00000201660	1290	2056	2253	2025	2339
ENSG00000105839	579	556	204	374	542
ENSG00000142951	366	376	110	298	552
ENSG00000127157	105	55	81	107	57
ENSG00000150090	11	10	15	14	26
ENSG00000170006	152	160	136	144	139
ENSG00000203317	458	249	329	296	216
ENSG00000126024	425	568	325	420	406
ENSG00000158636	792	764	733	889	993
ENSG00000238754	160	197	234	203	149
ENSG00000158934	1251	2615	1889	2804	1065
ENSG00000130823	69	94	61	56	84
ENSG00000177525	307	231	425	189	366
ENSG00000181069	229	268	206	227	157
ENSG00000221819	3	6	5	2	3
ENSG00000170553	7	11	14	6	9
ENSG00000248101	38	54	30	70	60
ENSG00000124055	343	136	189	169	348
ENSG00000117105	195	202	260	102	453
ENSG00000171879	1838	1350	1436	3612	2683
ENSG00000249374	91	114	72	162	134
ENSG00000244883	68	44	91	90	45
ENSG00000151431	451	402	209	217	251
ENSG00000199153	9	15	14	9	13
ENSG00000244640	87	110	124	154	146
ENSG00000239995	17	13	21	16	11
ENSG00000186904	193	192	215	231	99
ENSG00000206399	23	18	58	54	25
ENSG00000116944	35	24	62	64	56
ENSG00000187348	8862	4354	4494	8569	6828
ENSG00000199403	1903	839	1488	1130	2464
ENSG00000235807	16046	25037	25433	25256	19039
ENSG00000239964	338	147	212	358	154
ENSG00000197233	256	72	101	125	161
ENSG00000199703	33	20	16	19	16
ENSG00000208297	105	149	127	47	116
ENSG00000239258	1	1	2	1	2
ENSG00000132776	103	251	233	167	122
ENSG00000177623	40	36	31	51	48
ENSG00000155006	5	10	16	5	13
ENSG00000187284	8	5	8	6	3
ENSG00000218908	12	15	30	26	35
ENSG00000136851	50	71	49	73	57
ENSG00000226489	216	114	107	140	147
ENSG00000203508	14	8	7	4	0
ENSG00000247768	128	115	171	81	118
ENSG00000186219	364	176	237	221	184
ENSG00000121757	9331	10358	9554	10205	7780
ENSG00000129532	197	249	203	226	269
ENSG00000167293	918	865	571	656	718
ENSG00000106878	38	28	29	40	60
ENSG00000122007	292	118	137	81	145
ENSG00000178307	39	45	31	22	25
ENSG00000215608	28	29	32	29	31
ENSG00000238863	329	445	476	344	319
ENSG00000123485	77	81	49	63	64
ENSG00000116028	2176	3939	2706	3665	1810
ENSG00000219735	135	116	190	179	127
ENSG00000142326	473	209	344	476	224
ENSG00000200493	13	9	7	14	9
ENSG00000199934	46	9	10	5	21
ENSG00000152444	260	787	747	431	239
ENSG00000244707	22	45	34	49	42
ENSG00000143492	1737	2682	1520	2002	1819
ENSG00000176210	24	25	32	26	37
ENSG00000126187	20	19	20	16	49
ENSG00000237599	4316	6657	9883	8344	9786
ENSG00000129671	1	4	1	4	4
ENSG00000192319	67	58	34	37	79
ENSG00000172563	531	161	627	310	314
ENSG00000119810	494	441	774	192	372
ENSG00000241958	17	13	17	15	17
ENSG00000240097	11980	12785	12112	13079	9452
ENSG00000243728	77	42	22	71	41
ENSG00000107301	6	4	3	0	3
ENSG00000249862	1312	1014	937	446	1120
ENSG00000168788	45	60	56	66	73
ENSG00000186217	181	135	168	101	94
ENSG00000209047	640	807	485	433	899
ENSG00000185605	21	38	32	10	14
ENSG00000104676	29	42	31	37	42
ENSG00000247841	87	130	51	121	140
ENSG00000207206	1571	803	657	847	857
ENSG00000192803	9	16	14	11	10
ENSG00000198435	2072	2140	1738	1749	2722
ENSG00000121173	293	158	272	238	393
ENSG00000144385	5	14	15	10	13
ENSG00000214127	137	148	147	94	230
ENSG00000212635	478	482	504	367	428
ENSG00000176967	1402	1357	1325	1776	1508
ENSG00000145667	1566	949	1110	1022	1026
ENSG00000102823	1608	1185	1997	1517	1186
ENSG00000148726	246	148	77	107	130
ENSG00000162424	599	894	761	536	467
ENSG00000207220	1	1	2	1	1
ENSG00000199632	1563	875	1000	830	1556
ENSG00000228367	182	162	205	105	207
ENSG00000107590	3280	4853	2446	3621	4059
ENSG00000123354	26	46	36	35	25
ENSG00000209307	52	48	48	30	89
ENSG00000162595	188	252	146	141	130
ENSG00000136942	940	1269	951	1003	628
ENSG00000235378	319	172	261	334	253
ENSG00000148021	875	1268	1559	942	1266
ENSG00000214515	173	139	145	243	144
ENSG00000165478	2115	1218	996	730	688
ENSG00000203391	31974	36472	47666	38820	57016
ENSG00000234132	860	1995	1348	1419	2055
ENSG00000131962	749	484	605	397	462
ENSG00000139342	12	4	8	5	11
ENSG00000206229	424	505	371	825	259
ENSG00000183688	897	1190	1059	752	1072
ENSG00000225027	96	110	99	102	90
ENSG00000132835	1411	1133	901	1074	1408
ENSG00000205007	2	1	2	0	5
ENSG00000186441	68	37	56	33	63
ENSG00000212553	21	22	26	7	21
ENSG00000172644	1296	361	593	826	484
ENSG00000194010	15	39	26	21	36
ENSG00000193761	17	13	3	20	16
ENSG00000239112	1266	3218	2327	2540	2352
ENSG00000184513	7	8	9	4	8
ENSG00000236097	501	272	432	336	292
ENSG00000152533	2424	1045	1264	1172	1619
ENSG00000132174	107	154	64	111	70
ENSG00000234921	25	29	13	7	18
ENSG00000164314	86	129	55	163	140
ENSG00000236287	82	47	67	27	59
ENSG00000149418	47	38	32	27	47
ENSG00000177358	179	201	126	120	223
ENSG00000245357	131	175	149	174	132
ENSG00000230043	84047	52626	54571	69263	46023
ENSG00000237730	2076	2403	2243	1114	1560
ENSG00000108856	358	189	141	179	280
ENSG00000242274	586	351	931	489	388
ENSG00000137178	3926	4485	4839	4903	2462
ENSG00000141117	1223	1428	1074	1949	1164
ENSG00000160820	206	115	129	173	143
ENSG00000211857	84	19	35	49	28
ENSG00000183390	2812	5937	4560	5969	2443
ENSG00000247956	213	183	173	180	136
ENSG00000211003	249	315	280	159	298
ENSG00000122857	2556	1996	3151	2335	2289
ENSG00000190904	321	170	183	383	146
ENSG00000135146	2611	1667	819	2040	1788
ENSG00000135588	45	104	78	74	41
ENSG00000201057	280	239	369	142	134
ENSG00000170418	84	98	147	148	85
ENSG00000178902	9576	7644	10937	7254	5424
ENSG00000144071	2	5	3	9	14
ENSG00000134789	124	91	129	92	112
ENSG00000249153	37	39	19	24	31
ENSG00000180415	24	28	31	32	40
ENSG00000195093	15	5	11	17	7
ENSG00000233435	38	26	24	26	21
ENSG00000225155	1104	1718	1849	1762	1970
ENSG00000219503	4408	2897	3580	2565	2372
ENSG00000152388	23	45	48	34	35
ENSG00000133939	8	11	20	9	5
ENSG00000116872	79	33	44	71	42
ENSG00000200567	4610	3781	3527	2857	2438
ENSG00000201743	56	109	249	112	187
ENSG00000117111	4	1	4	3	1
ENSG00000126847	639	1448	547	710	1069
ENSG00000122564	93	86	99	104	129
ENSG00000125016	371	562	374	495	312
ENSG00000239224	291	271	460	343	321
ENSG00000101019	9	8	13	4	8
ENSG00000162898	911	371	1391	1027	1126
ENSG00000205522	600	440	689	526	425
ENSG00000162808	17	34	32	33	38
ENSG00000107534	1	2	1	2	2
ENSG00000225062	17	8	7	12	7
ENSG00000224349	8	10	9	10	19
ENSG00000114947	1493	552	539	614	557
ENSG00000166477	44	56	16	36	48
ENSG00000138164	97	74	65	89	40
ENSG00000132809	306	95	147	134	169
ENSG00000143649	41	60	76	28	45
ENSG00000198636	262	360	276	206	454
ENSG00000225524	308	184	255	142	321
ENSG00000133744	976	1603	970	1033	1356
ENSG00000126169	23	5	6	16	9
ENSG00000217461	478	308	249	267	323
ENSG00000164743	80	43	92	68	90
ENSG00000109192	5964	5758	7416	7609	7411
ENSG00000230952	3332	2481	2397	3016	2013
ENSG00000153720	103	68	86	68	51
ENSG00000124708	1145	1117	646	1516	332
ENSG00000106750	4	4	7	4	4
ENSG00000134868	18	29	18	13	10
ENSG00000207092	85	65	71	76	97
ENSG00000191848	328	217	276	158	195
ENSG00000207422	20	19	20	15	19
ENSG00000146930	164	127	114	89	96
ENSG00000207400	2487	887	1102	1671	1018
ENSG00000178688	5	6	6	5	11
ENSG00000180948	10	3	14	10	12
ENSG00000208422	4	2	2	4	0
ENSG00000205852	1742	809	723	924	1236
ENSG00000196286	15	12	14	16	15
ENSG00000246176	58	77	44	80	94
ENSG00000175539	33	23	20	14	24
ENSG00000128661	82	104	114	145	116
ENSG00000214714	33	52	55	84	46
ENSG00000189311	156	247	235	188	152
ENSG00000147272	217	140	111	189	225
ENSG00000146686	4731	4101	4880	1912	3032
ENSG00000152377	52	30	25	18	39
ENSG00000150984	169	408	295	144	228
ENSG00000232477	225	56	118	57	101
ENSG00000218591	13	21	20	23	29
ENSG00000239115	586	708	319	1107	751
ENSG00000125435	11797	9801	7268	6957	6520
ENSG00000240043	11	15	23	12	8
ENSG00000231882	17474	15957	12912	20074	14259
ENSG00000142942	47	173	77	92	83
ENSG00000188382	68	129	151	89	121
ENSG00000106583	0	0	0	2	0
ENSG00000108894	225	136	129	92	144
ENSG00000124129	177	75	136	80	55
ENSG00000153400	40	87	42	81	53
ENSG00000215655	549	254	522	402	385
ENSG00000191449	181	119	71	77	77
ENSG00000109783	485	246	320	312	209
ENSG00000175847	19	34	42	35	32
ENSG00000163909	6	10	13	6	11
ENSG00000123355	135	122	180	257	95
ENSG00000202634	381	259	528	587	427
ENSG00000165596	558	390	565	951	646
ENSG00000114086	202	145	218	232	196
ENSG00000135470	16	32	18	17	23
ENSG00000195197	120	147	100	129	78
ENSG00000102771	100	73	63	61	103
ENSG00000231498	6	15	16	15	18
ENSG00000202703	308	170	260	290	315
ENSG00000128540	71	108	127	131	68
ENSG00000172373	10	7	8	11	17
ENSG00000196768	67	58	50	90	98
ENSG00000179785	434	376	376	257	594
ENSG00000164153	3534	1753	3731	2107	3184
ENSG00000193696	4	0	0	0	2
ENSG00000126451	72	97	50	66	52
ENSG00000198217	311	276	248	436	583
ENSG00000111636	919	1191	1092	978	1921
ENSG00000100343	285	369	442	323	196
ENSG00000170250	26	17	15	25	23
ENSG00000162865	61	57	44	76	28
ENSG00000202263	318	115	153	98	142
ENSG00000233190	24	32	46	26	28
ENSG00000249865	19	18	16	21	15
ENSG00000228894	14	9	6	15	10
ENSG00000240187	19197	10459	17129	27817	22269
ENSG00000174963	116	170	143	164	106
ENSG00000210302	42	43	102	113	111
ENSG00000179662	356	673	840	137	364
ENSG00000110647	165	169	56	208	91
ENSG00000105777	92	152	64	75	89
ENSG00000127828	311	202	276	296	195
ENSG00000208114	26	47	50	33	30
ENSG00000164935	82	40	53	74	47
ENSG00000209936	1243	1401	781	691	1204
ENSG00000214955	678	647	413	263	358
ENSG00000155473	9	22	13	24	12
ENSG00000171208	3747	3489	2971	1577	3637
ENSG00000173948	67	60	72	40	32
ENSG00000182698	7	10	12	4	7
ENSG00000121207	411	477	373	583	600
ENSG00000184106	683	416	295	436	774
ENSG00000153094	139	198	256	281	460
ENSG00000117502	18	22	23	30	15
ENSG00000231367	1037	2691	1975	1989	2099
ENSG00000104837	284	670	225	556	398
ENSG00000185274	227	305	573	300	318
ENSG00000163291	199	201	231	194	166
ENSG00000244319	320	441	378	296	350
ENSG00000148398	7634	9816	12857	11470	13787
ENSG00000150134	80	51	42	58	21
ENSG00000133973	225	117	266	144	283
ENSG00000242792	1503	2241	1584	1511	823
ENSG00000138099	1218	931	1124	740	497
ENSG00000193305	36	25	26	30	25
ENSG00000133622	170	134	99	73	166
ENSG00000171738	66	86	73	62	40
ENSG00000235274	9	6	4	12	14
ENSG00000194513	99	124	115	97	70
ENSG00000215301	858	1315	623	1188	971
ENSG00000216726	193	208	287	157	293
ENSG00000146236	1035	2149	1880	1594	855
ENSG00000136648	461	298	272	205	295
ENSG00000138476	35	46	49	31	28
ENSG00000146720	457	385	350	377	248
ENSG00000185039	10	1	4	7	5
ENSG00000162714	1881	1728	1375	1193	1230
ENSG00000135438	43	77	96	83	44
ENSG00000115867	3773	4104	3862	3690	3822
ENSG00000245339	5	13	6	9	4
ENSG00000186109	33	42	24	27	22
ENSG00000236123	67	56	47	30	88
ENSG00000181726	174	63	125	56	87
ENSG00000134324	8	2	6	5	6
ENSG00000226624	12	7	11	10	3
ENSG00000119081	330	477	358	216	306
ENSG00000124484	22	23	40	38	37
ENSG00000143572	546	1012	743	509	783
ENSG00000144679	3959	3658	2512	3964	3095
ENSG00000165517	6	7	13	2	8
ENSG00000142200	82	75	96	53	59
ENSG00000228967	2852	6771	6210	7094	6279
ENSG00000116987	910	1781	871	1166	1478
ENSG00000222815	8	10	4	18	9
ENSG00000238798	523	185	258	295	275
ENSG00000113791	5115	4673	4354	3761	3752
ENSG00000202371	8	1	3	3	2
ENSG00000180815	215	203	227	377	364
ENSG00000197857	1707	1071	715	751	950
ENSG00000202147	49	60	18	52	62
ENSG00000164222	20	67	30	65	24
ENSG00000173578	280	624	966	785	495
ENSG00000131956	10	4	5	1	12
ENSG00000236715	392	706	305	465	648
ENSG00000160966	2274	1283	3582	1115	2707
ENSG00000147343	213	58	256	316	149
ENSG00000231306	8	1	10	4	1
ENSG00000116742	5825	3758	5350	2730	1946
ENSG00000132988	163	179	129	156	143
ENSG00000238324	1029	325	297	537	561
ENSG00000164788	28	21	14	8	10
ENSG00000230532	146	172	141	112	204
ENSG00000133314	2655	956	608	2198	1098
ENSG00000130709	10	5	3	2	6
ENSG00000161269	8	12	3	11	13
ENSG00000228521	1	2	1	0	4
ENSG00000199386	224	356	474	254	299
ENSG00000183106	319	407	517	321	281
ENSG00000239778	37	35	41	16	17
ENSG00000130008	283	355	118	314	322
ENSG00000244591	213	104	174	108	211
ENSG00000241541	9115	5266	8599	7620	5512
ENSG00000149297	6	6	24	30	19
ENSG00000214665	170	327	250	153	190
ENSG00000194594	74	70	52	67	56
ENSG00000217542	9096	4832	6402	5259	8013
ENSG00000200370	207	356	127	319	288
ENSG00000236293	18	11	12	13	9
ENSG00000113722	245	193	383	220	328
ENSG00000130289	253	111	90	102	117
ENSG00000150298	16	4	20	19	16
ENSG00000162594	181	221	305	374	424
ENSG00000147109	570	232	279	207	202
ENSG00000221764	17	7	24	15	18
ENSG00000160635	43	71	72	94	55
ENSG00000184908	1269	872	1105	1364	1711
ENSG00000132350	711	1484	1063	979	1402
ENSG00000115564	67	147	145	79	60
ENSG00000172432	99	78	40	90	68
ENSG00000101098	356	184	202	280	199
ENSG00000103818	120	109	155	90	151
ENSG00000187536	12	22	9	8	15
ENSG00000125677	660	653	296	444	417
ENSG00000228892	48	19	32	17	23
ENSG00000205824	691	3153	2425	3898	1219
ENSG00000174982	598	365	459	629	634
ENSG00000145430	765	449	344	716	666
ENSG00000220322	85	73	37	73	61
ENSG00000120547	112	201	216	175	208
ENSG00000102335	67	58	50	53	62
ENSG00000238942	36	58	106	48	125
ENSG00000212356	18	12	9	21	31
ENSG00000247854	1903	2166	1899	2324	1432
ENSG00000120510	24	16	7	17	17
ENSG00000109697	5676	4048	2387	5516	3933
ENSG00000133852	787	625	525	455	807
ENSG00000173016	25	16	12	18	30
ENSG00000241328	1658	1496	3212	1590	4116
ENSG00000130269	309	163	420	353	217
ENSG00000134929	24	36	20	27	9
ENSG00000170724	317	348	315	266	318
ENSG00000189698	36	71	68	51	47
ENSG00000173825	36	29	50	17	48
ENSG00000179925	171	89	135	145	134
ENSG00000108084	228	213	279	249	208
ENSG00000161607	61	46	57	128	78
ENSG00000103529	168	131	132	123	145
ENSG00000171557	346	417	893	613	839
ENSG00000115160	103	54	55	101	68
ENSG00000235825	119	69	77	93	79
ENSG00000114533	13	11	7	10	8
ENSG00000192852	77	58	95	138	100
ENSG00000211490	51	44	37	68	57
ENSG00000155332	85	132	83	105	101
ENSG00000210734	525	902	1416	372	793
ENSG00000180535	1158	891	806	705	1018
ENSG00000140919	85	117	192	134	140
ENSG00000234609	43	50	60	60	80
ENSG00000154654	117	118	171	170	174
ENSG00000132723	291	180	87	124	235
ENSG00000247257	398	138	235	230	140
ENSG00000149086	14	13	18	1	3
ENSG00000236542	405	183	369	357	290
ENSG00000209251	28	15	25	24	17
ENSG00000228513	232	448	293	328	101
ENSG00000236824	344	223	440	361	347
ENSG00000115509	189	187	228	191	282
ENSG00000109779	2046	2121	1159	2682	861
ENSG00000141400	105	117	169	150	193
ENSG00000130148	289	113	141	266	344
ENSG00000140509	9	7	25	25	29
ENSG00000111530	105	46	91	100	135
ENSG00000208460	80	33	111	116	129
ENSG00000236833	132	168	121	116	136
ENSG00000169628	48	118	119	64	88
ENSG00000218297	1	0	1	5	1
ENSG00000156959	396	1090	793	537	739
ENSG00000146564	1003	468	593	684	1123
ENSG00000115735	0	1	2	1	4
ENSG00000205109	262	263	324	266	245
ENSG00000155341	997	1282	530	1096	919
ENSG00000138144	469	496	610	735	530
ENSG00000217638	1270	320	369	494	488
ENSG00000168584	420	127	97	158	108
ENSG00000211459	54	55	43	63	49
ENSG00000100460	5071	6542	7255	9118	5168
ENSG00000136114	238	361	411	365	367
ENSG00000150932	5408	7401	3260	7119	3958
ENSG00000187914	177	183	100	152	94
ENSG00000234691	1597	730	610	1572	1020
ENSG00000109315	725	815	570	672	891
ENSG00000166127	440	510	620	851	849
ENSG00000117913	10	17	4	18	14
ENSG00000104826	20804	15775	18434	18245	18055
ENSG00000169044	336	485	260	254	320
ENSG00000214007	111	78	69	84	93
ENSG00000224753	273	229	243	385	184
ENSG00000101793	2	4	2	3	6
ENSG00000206192	2393	2317	3009	3392	3228
ENSG00000139824	108	89	113	87	29
ENSG00000223641	356	219	271	436	203
ENSG00000152371	123	123	173	233	195
ENSG00000116426	9	5	4	0	4
ENSG00000225080	51	48	75	72	112
ENSG00000129932	1513	2754	2340	2051	2745
ENSG00000181492	15	34	34	32	37
ENSG00000240045	174	267	309	322	152
ENSG00000136581	930	1861	1893	1111	1059
ENSG00000126976	12049	4336	2524	5430	1805
ENSG00000116307	29	45	23	23	36
ENSG00000130856	1037	1576	1146	1399	1471
ENSG00000187702	598	714	367	377	850
ENSG00000225410	363	364	511	555	432
ENSG00000109215	583	1067	1100	1044	1068
ENSG00000198612	901	452	539	853	636
ENSG00000189021	14	42	14	18	27
ENSG00000105160	277	365	380	313	372
ENSG00000139694	29	65	71	62	80
ENSG00000118174	218	375	282	523	560
ENSG00000109020	76	41	106	106	84
ENSG00000120931	2414	4325	4514	2144	2271
ENSG00000216899	2453	868	939	1237	1582
ENSG00000210622	646	373	380	524	425
ENSG00000217412	33	46	79	70	43
ENSG00000133674	539	651	574	473	525
ENSG00000246231	16	29	15	7	26
ENSG00000240429	23	23	24	47	31
ENSG00000172326	5	14	3	7	3
ENSG00000224983	764	1499	1474	1143	1752
ENSG00000217110	34	30	54	97	40
ENSG00000101736	1365	1007	1864	757	1124
ENSG00000232193	1735	2991	1362	1112	1840
ENSG00000210492	951	2633	1742	1031	853
ENSG00000222871	74	75	51	102	90
ENSG00000218586	1360	1375	4145	4137	3192
ENSG00000174157	1597	1803	2045	2293	1072
ENSG00000132889	3	18	19	5	26
ENSG00000100886	504	213	424	361	461
ENSG00000163930	33	29	28	48	25
ENSG00000124658	144	68	137	120	170
ENSG00000213598	1630	2361	1903	2299	2437
ENSG00000146417	301	232	262	195	487
ENSG00000140850	4130	3508	5330	3632	4229
ENSG00000118318	460	844	669	274	700
ENSG00000246014	826	411	1156	483	868
ENSG00000200826	7501	2660	3747	3252	3024
ENSG00000200756	2004	3632	2036	1534	2728
ENSG00000128039	1790	842	452	1133	830
ENSG00000149906	3360	3863	2175	2984	2111
ENSG00000230183	1360	1405	2116	2099	1235
ENSG00000126128	7	8	6	12	6
ENSG00000131047	21	14	17	21	19
ENSG00000246850	306	171	256	228	187
ENSG00000201691	2373	1465	2119	1114	1900
ENSG00000215922	61	54	53	41	52
ENSG00000111546	10	9	7	13	7
ENSG00000127085	178	167	171	172	176
ENSG00000157628	38	66	31	44	46
ENSG00000198955	4223	2138	2472	3844	2195
ENSG00000198414	3	1	1	3	2
ENSG00000151704	879	926	509	680	593
ENSG00000130001	567	505	665	801	604
ENSG00000118908	0	1	0	4	1
ENSG00000169459	25	44	25	17	12
ENSG00000207076	77	74	114	110	120
ENSG00000110141	318	263	311	269	337
ENSG00000124243	106	276	105	162	74
ENSG00000173834	597	473	896	823	566
ENSG00000147569	196	141	208	107	290
ENSG00000100468	65	34	21	47	36
ENSG00000186072	2577	4381	2500	5974	3610
ENSG00000224537	247	202	427	284	289
ENSG00000220879	34	13	22	16	13
ENSG00000249396	861	342	807	397	442
ENSG00000156757	147	147	215	126	154
ENSG00000137101	86	85	89	75	100
ENSG00000171079	33	31	36	50	52
ENSG00000181269	33	12	6	6	10
ENSG00000238402	17	31	22	38	32
ENSG00000230484	5	20	15	14	14
ENSG00000108541	6	0	1	3	1
ENSG00000156327	419	303	321	167	418
ENSG00000201016	362	270	287	313	174
ENSG00000159386	50	174	168	158	222
ENSG00000164179	13	30	11	15	23
ENSG00000200778	34	34	31	23	58
ENSG00000128808	2474	3366	5065	4396	2410
ENSG00000166276	17	14	35	36	31
ENSG00000214335	828	1366	1274	763	881
ENSG00000245349	214	325	370	177	192
ENSG00000170958	696	296	283	448	424
ENSG00000122464	70	53	70	47	64
ENSG00000132771	126	114	95	222	79
ENSG00000245291	116	159	122	208	115
ENSG00000160508	19	18	24	8	10
ENSG00000172698	1344	2130	3106	2867	3462
ENSG00000235765	25	27	24	27	49
ENSG00000243864	383	266	303	370	274
ENSG00000150453	10962	4563	3556	3244	4148
ENSG00000109052	3655	3171	3221	3209	4564
ENSG00000100718	47	52	40	36	28
ENSG00000136546	611	256	605	422	312
ENSG00000178373	1223	938	1494	1286	1133
ENSG00000158530	3	1	0	5	1
ENSG00000134196	8687	6475	7889	9436	3449
ENSG00000169785	301	463	461	488	404
ENSG00000182722	94	129	62	82	102
ENSG00000191111	147	60	212	154	127
ENSG00000217188	6	2	2	1	2
ENSG00000226303	861	751	1082	361	642
ENSG00000198301	13162	6332	3998	5053	3088
ENSG00000189460	105	129	83	58	219
ENSG00000115585	3547	5059	2628	5702	4921
ENSG00000122996	931	701	994	702	494
ENSG00000194992	6	15	19	10	3
ENSG00000115994	384	616	805	734	441
ENSG00000104220	4	4	2	2	0
ENSG00000208881	5	0	6	2	3
ENSG00000219003	500	476	511	728	534
ENSG00000116570	646	523	515	754	547
ENSG00000214681	147	93	97	206	162
ENSG00000122113	127	108	49	84	99
ENSG00000116515	6	7	12	7	8
ENSG00000106287	1247	1302	1001	1554	1014
ENSG00000104043	149	173	205	158	122
ENSG00000217166	105	180	121	180	107
ENSG00000186119	55639	38135	59322	42219	52558
ENSG00000195413	494	320	238	438	272
ENSG00000149844	76	128	147	178	74
ENSG00000120398	8903	15009	10305	5687	5228
ENSG00000180281	259	268	229	233	320
ENSG00000185922	87	109	35	42	59
ENSG00000215343	4042	4405	2077	2704	2289
ENSG00000162284	75	191	117	123	197
ENSG00000121727	24	29	28	33	34
ENSG00000178320	121	83	95	158	113
ENSG00000117428	183	280	149	158	245
ENSG00000127704	1256	979	552	958	1293
ENSG00000184308	2085	1293	1755	3272	2740
ENSG00000146362	34	17	15	11	18
ENSG00000237792	1597	2418	2680	1923	2683
ENSG00000195861	43	31	51	65	78
ENSG00000157639	117	47	75	52	47
ENSG00000148321	3	4	3	2	1
ENSG00000149991	4708	4832	5423	2845	4600
ENSG00000194069	573	677	615	441	427
ENSG00000190355	126	140	196	136	117
ENSG00000173383	87	78	98	104	160
ENSG00000169787	840	879	1269	1159	663
ENSG00000191534	269	190	148	132	131
ENSG00000225685	0	0	0	1	0
ENSG00000247725	366	280	311	536	242
ENSG00000223551	173	222	67	121	278
ENSG00000233411	181	184	316	176	127
ENSG00000176049	370	228	88	204	238
ENSG00000184629	954	1078	1358	1528	839
ENSG00000206046	43	60	46	75	42
ENSG00000106974	18846	23233	22652	28064	13696
ENSG00000165389	284	365	264	340	299
ENSG00000194808	41	64	46	37	31
ENSG00000166883	405	203	326	191	253
ENSG00000210102	4	13	2	7	2
ENSG00000107816	103	184	107	50	183
ENSG00000221229	35	39	51	43	32
ENSG00000179026	21	30	17	42	31
ENSG00000185367	1013	925	520	1072	694
ENSG00000220462	335	332	381	245	195
ENSG00000123630	28	40	18	38	36
ENSG00000122775	60	81	46	46	55
ENSG00000155710	426	307	287	411	304
ENSG00000113892	19645	12855	9067	13228	8007
ENSG00000100137	228	104	177	161	133
ENSG00000111501	194	161	108	95	131
ENSG00000202152	743	658	596	505	300
ENSG00000172117	5	32	7	11	20
ENSG00000164844	120	199	94	221	209
ENSG00000197326	905	639	891	1043	1046
ENSG00000124516	398	219	533	303	665
ENSG00000158498	300	433	515	246	368
ENSG00000172430	22	18	24	27	6
ENSG00000173321	219	271	211	175	206
ENSG00000164796	4690	3331	3841	2472	3600
ENSG00000241135	53989	52566	41194	38548	37053
ENSG00000154299	1264	1936	1249	1628	1652
ENSG00000146895	37	48	84	64	84
ENSG00000247652	67	43	71	46	49
ENSG00000128128	132	129	123	108	118
ENSG00000137600	7459	7738	22469	6007	10315
ENSG00000240838	6	7	10	11	12
ENSG00000123395	117	110	98	92	158
ENSG00000228010	14	6	8	7	8
ENSG00000136752	74	138	88	68	112
ENSG00000194681	177	117	105	90	123
ENSG00000148650	1040	1488	1119	2072	799
ENSG00000186098	723	1104	1051	364	890
ENSG00000145131	387	273	259	404	392
ENSG00000216054	100	69	71	110	143
ENSG00000195045	129	89	81	39	68
ENSG00000136814	2597	3949	2847	7819	7009
ENSG00000164465	139	118	178	154	66
ENSG00000199893	36	14	30	9	21
ENSG00000124376	26	20	68	24	54
ENSG00000163090	175	209	217	218	176
ENSG00000145481	34	40	24	35	47
ENSG00000115770	6	15	10	11	4
ENSG00000241463	722	1274	1284	751	1336
ENSG00000163733	48	28	50	38	32
ENSG00000206872	198	302	157	151	153
ENSG00000163525	158	300	158	202	133
ENSG00000229220	138	87	64	112	100
ENSG00000180999	149	184	96	191	93
ENSG00000188642	0	0	0	2	2
ENSG00000212171	120	134	165	342	207
ENSG00000105065	58	100	123	47	81
ENSG00000116497	80	81	66	69	114
ENSG00000208281	157	136	176	202	239
ENSG00000234776	12919	28557	12744	14556	16655
ENSG00000111956	7961	9555	4484	6062	3533
ENSG00000199524	1180	1319	855	924	604
ENSG00000125837	3918	3717	2934	4135	3894
ENSG00000160521	87	81	68	64	98
ENSG00000140263	157	202	125	79	329
ENSG00000184838	313	524	356	367	516
ENSG00000158314	960	1079	746	1055	1199
ENSG00000210982	692	314	744	750	1280
ENSG00000214423	5701	11294	7722	6675	8294
ENSG00000199606	103	112	76	139	139
ENSG00000164863	1632	3925	1619	2901	3372
ENSG00000197932	82	68	77	62	92
ENSG00000100093	731	966	532	624	494
ENSG00000105836	13	22	41	32	14
ENSG00000132270	2860	1054	2950	1537	3006
ENSG00000159455	135	113	68	40	29
ENSG00000221318	5743	2672	1559	2028	1460
ENSG00000168351	4	1	6	2	2
ENSG00000117062	4411	9142	4952	3808	7632
ENSG00000140585	382	152	99	99	156
ENSG00000235892	416	662	230	456	319
ENSG00000115297	547	254	237	242	198
ENSG00000192628	30	9	6	4	7
ENSG00000105286	41	64	44	35	45
ENSG00000207260	36	50	73	26	51
ENSG00000105332	174	145	108	185	100
ENSG00000106715	9	1	2	8	8
ENSG00000236539	56	67	20	37	47
ENSG00000210972	224	198	236	216	215
ENSG00000235592	1488	2192	1193	1473	905
ENSG00000233148	1049	897	892	513	563
ENSG00000177229	25	9	13	10	7
ENSG00000143648	890	1183	492	970	915
ENSG00000125884	2316	3205	5537	4831	3441
ENSG00000186910	1050	527	866	838	590
ENSG00000104771	106	69	144	108	60
ENSG00000117347	19	32	20	31	34
ENSG00000110095	82	92	55	52	89
ENSG00000101464	3984	5693	3673	7164	4647
ENSG00000169484	42	15	8	23	30
ENSG00000136251	5	1	4	0	1
ENSG00000154539	1383	1398	1328	845	1006
ENSG00000121235	39	40	41	40	28
ENSG00000162775	135	121	140	85	128
ENSG00000168509	56	124	77	57	91
ENSG00000191101	1168	1959	997	1789	1050
ENSG00000236571	70	122	36	73	106
ENSG00000116161	46	29	19	20	29
ENSG00000150157	20	34	28	17	52
ENSG00000107103	10942	3370	7328	7829	3290
ENSG00000143329	2363	2257	6089	4843	4895
ENSG00000151001	80	61	84	93	92
ENSG00000165438	59	65	56	61	87
ENSG00000243583	57	178	47	229	219
ENSG00000220859	749	552	444	619	704
ENSG00000155258	19	31	44	31	58
ENSG00000203253	3404	6199	3016	3206	3933
ENSG00000145645	241	166	358	325	517
ENSG00000180664	1	2	1	1	1
ENSG00000119283	15	26	14	23	10
ENSG00000249890	61	106	73	107	76
ENSG00000198445	46996	27789	21242	30670	20048
ENSG00000168279	3191	3990	4795	3999	5365
ENSG00000235197	242	311	267	182	234
ENSG00000204144	16	21	13	9	19
ENSG00000184366	154	119	126	121	118
ENSG00000169091	164	143	182	195	133
ENSG00000104494	54	70	88	32	105
ENSG00000217996	382	163	373	265	317
ENSG00000205001	412	465	586	534	1262
ENSG00000248282	42	84	104	86	76
ENSG00000178678	7	9	26	19	9
ENSG00000225914	144	171	137	202	307
ENSG00000111981	8	6	8	9	8
ENSG00000175279	52	83	30	95	33
ENSG00000223663	1324	1373	1823	1226	1527
ENSG00000216056	150	179	205	152	277
ENSG00000195087	10	15	4	10	4
ENSG00000132755	243	139	137	82	210
ENSG00000188370	90	103	49	44	80
ENSG00000160327	98	152	199	121	138
ENSG00000169878	883	1297	845	744	1273
ENSG00000111755	52	62	62	29	28
ENSG00000144103	10	4	13	11	14
ENSG00000192827	2048	1907	3712	2798	2825
ENSG00000209106	16	16	18	19	26
ENSG00000179024	469	566	354	326	271
ENSG00000212842	539	402	408	387	389
ENSG00000203371	130	80	54	72	94
ENSG00000240813	322	442	386	363	143
ENSG00000147547	295	291	255	158	222
ENSG00000236724	272	138	321	125	187
ENSG00000111781	727	508	539	451	364
ENSG00000165273	43	29	43	13	18
ENSG00000124538	1023	1015	1150	628	816
ENSG00000221009	45	14	30	15	17
ENSG00000181565	949	922	976	729	710
ENSG00000154011	2416	1474	3839	1432	1894
ENSG00000105256	23	12	17	35	28
ENSG00000115307	6507	8341	6531	7588	7011
ENSG00000249871	62	22	47	66	20
ENSG00000177120	244	143	96	128	156
ENSG00000142926	17	50	29	28	33
ENSG00000112708	66	62	35	53	53
ENSG00000143569	227	61	175	202	376
ENSG00000145640	48	34	31	33	41
ENSG00000160103	2192	411	835	602	1318
ENSG00000105283	41	27	39	16	27
ENSG00000130108	265	305	145	266	287
ENSG00000146748	13	12	8	19	16
ENSG00000157138	19	8	14	11	12
ENSG00000219573	69	107	189	84	272
ENSG00000159815	120	218	173	206	311
ENSG00000154041	43	50	61	33	31
ENSG00000199627	448	163	295	103	389
ENSG00000242795	161	305	481	247	336
ENSG00000137437	41	33	32	37	26
ENSG00000192854	268	88	111	138	110
ENSG00000158622	19	27	11	23	17
ENSG00000239680	8	4	7	7	7
ENSG00000229250	36	64	20	46	31
ENSG00000210825	55	130	106	79	71
ENSG00000246214	1877	1221	703	1440	870
ENSG00000134279	317	629	554	240	172
ENSG00000145381	209	156	168	211	111
ENSG00000240915	2	3	1	0	0
ENSG00000122057	18	20	14	4	29
ENSG00000228013	329	251	226	288	303
ENSG00000245896	726	338	435	629	403
ENSG00000228586	174	121	94	85	188
ENSG00000230744	30	22	9	16	8
ENSG00000227162	6	4	3	3	2
ENSG00000122741	5	7	4	1	9
ENSG00000187178	233	95	115	164	126
ENSG00000141380	700	298	241	391	461
ENSG00000153914	2345	4050	2856	6200	6797
ENSG00000103076	34	23	50	53	30
ENSG00000196795	327	300	215	205	272
ENSG00000184396	42	31	47	22	39
ENSG00000183430	81	100	145	78	71
ENSG00000223979	218	245	134	136	100
ENSG00000222070	35	47	68	73	60
ENSG00000168296	2575	2775	2509	2050	2949
ENSG00000172047	28	10	16	21	13
ENSG00000123631	712	1013	1072	829	708
ENSG00000246053	113	167	75	126	161
ENSG00000207296	47	61	65	54	79
ENSG00000162725	1604	733	806	654	1175
ENSG00000195778	34	42	53	62	38
ENSG00000150890	670	241	307	236	228
ENSG00000207512	151	147	131	218	126
ENSG00000172921	785	580	305	575	751
ENSG00000112218	18	13	22	17	13
ENSG00000115424	392	184	222	175	143
ENSG00000168467	421	513	445	578	508
ENSG00000116566	38	27	54	28	54
ENSG00000110145	24	14	31	35	20
ENSG00000149206	16	17	35	14	24
ENSG00000168802	87	116	160	82	194
ENSG00000219255	49	30	28	34	44
ENSG00000167627	502	442	583	422	392
ENSG00000150193	212	78	93	179	98
ENSG00000196297	85	104	64	123	90
ENSG00000161104	70	83	168	106	207
ENSG00000114749	167	208	221	149	196
ENSG00000216580	221	115	290	182	266
ENSG00000196021	644	342	579	490	638
ENSG00000176359	1617	2040	1493	1457	961
ENSG00000120840	279	551	587	300	397
ENSG00000189268	400	417	440	387	567
ENSG00000145705	2800	3259	3105	4080	3716
ENSG00000225641	5099	3099	3043	3647	2937
ENSG00000165770	278	107	142	108	196
ENSG00000215642	11	14	14	25	23
ENSG00000221402	1296	1489	1382	1661	1961
ENSG00000168940	46	46	40	19	23
ENSG00000160753	27	24	23	50	36
ENSG00000164162	33	24	44	35	25
ENSG00000192399	156	73	64	68	78
ENSG00000159088	0	1	5	1	0
ENSG00000137910	53	19	42	32	67
ENSG00000136243	2217	1749	2232	1288	1473
ENSG00000170352	16515	28285	22401	36189	21715
ENSG00000219454	370	551	453	330	405
ENSG00000156537	718	910	587	620	962
ENSG00000132407	1084	782	1669	906	762
ENSG00000220483	64	70	41	55	78
ENSG00000114916	33	13	15	39	30
ENSG00000233192	420	639	193	305	174
ENSG00000193179	1435	2742	1529	992	1458
ENSG00000156652	192	228	234	331	354
ENSG00000205423	479	287	326	385	349
ENSG00000128919	292	220	172	118	120
ENSG00000212951	167	113	146	232	111
ENSG00000113744	55	72	70	65	92
ENSG00000182045	1656	1545	1402	1515	1953
ENSG00000171674	816	1840	1386	781	566
ENSG00000196388	110	88	39	139	145
ENSG00000154229	181	360	404	333	295
ENSG00000199829	325	702	811	790	783
ENSG00000222016	2033	2718	1895	2387	1319
ENSG00000206185	8024	9068	7349	9796	7395
ENSG00000210250	4381	6247	8486	7859	4949
ENSG00000244658	191	284	301	68	203
ENSG00000124546	239	337	220	286	211
ENSG00000112015	101	111	124	106	126
ENSG00000202743	1225	1144	624	829	1100
ENSG00000205595	1699	1793	2593	1864	2212
ENSG00000170110	23	8	13	10	4
ENSG00000152582	495	240	296	366	182
ENSG00000116701	2570	2610	1325	1025	5833
ENSG00000186798	13	7	5	12	12
ENSG00000141592	2959	4446	3405	2636	3158
ENSG00000188980	5279	1785	2468	2272	2539
ENSG00000124607	53	56	71	90	28
ENSG00000180582	48	38	25	5	33
ENSG00000217064	8845	4212	7719	5688	7166
ENSG00000215659	133	126	58	101	47
ENSG00000243182	14	13	40	5	13
ENSG00000102711	260	257	132	241	232
ENSG00000153768	21	16	14	9	9
ENSG00000182725	33	18	22	25	41
ENSG00000182106	6453	4535	5268	4959	6082
ENSG00000124971	82	63	80	97	82
ENSG00000135136	155	94	164	122	104
ENSG00000106244	0	3	5	3	8
ENSG00000126257	32	34	21	34	27
ENSG00000246625	1074	851	1286	1179	1943
ENSG00000140810	422	343	296	466	281
ENSG00000114717	1933	2427	1825	935	1571
ENSG00000172209	1615	931	1294	1770	1606
ENSG00000150225	246	267	187	340	246
ENSG00000235471	40	80	44	74	57
ENSG00000175099	2	1	3	5	3
ENSG00000220916	1948	1132	1448	1615	705
ENSG00000151224	294	232	167	140	221
ENSG00000125629	25672	30586	31060	21000	27160
ENSG00000144261	157	138	73	127	107
ENSG00000138213	187	178	89	105	118
ENSG00000202599	52	75	41	55	88
ENSG00000204625	4	9	10	17	17
ENSG00000247685	181	103	165	69	138
ENSG00000133839	315	331	261	321	178
ENSG00000191663	368	274	220	232	271
ENSG00000219648	157	83	82	52	53
ENSG00000137855	52	54	32	42	22
ENSG00000179872	1040	1495	1591	1531	2460
ENSG00000216774	1257	1869	958	1366	1376
ENSG00000147312	61	42	39	41	45
ENSG00000211485	25	10	13	17	20
ENSG00000113442	92	55	34	60	69
ENSG00000203803	51	27	36	50	31
ENSG00000186897	1190	1411	1225	734	529
ENSG00000171399	10	40	46	38	19
ENSG00000186707	464	326	345	623	270
ENSG00000206459	17	12	17	37	43
ENSG00000166953	188	99	311	134	86
ENSG00000125992	37342	34033	19819	25507	38997
ENSG00000184890	53	29	36	58	46
ENSG00000122401	373	251	538	288	710
ENSG00000101717	71	56	48	40	34
ENSG00000169502	2238	1662	1224	1352	1533
ENSG00000128567	502	239	106	506	385
ENSG00000102310	768	177	161	182	210
ENSG00000113437	2762	2947	2834	3952	2870
ENSG00000154246	769	809	892	828	961
ENSG00000114053	759	289	1015	868	1061
ENSG00000234080	18	15	15	10	10
ENSG00000179962	17	43	26	29	36
ENSG00000159840	3022	4705	4017	3540	1968
ENSG00000156051	15	11	14	24	18
ENSG00000215441	3721	3305	3858	4527	4542
ENSG00000130590	3812	3404	4730	3358	4080
ENSG00000193125	123	132	83	99	138
ENSG00000146663	41	34	31	13	45
ENSG00000163074	23	17	12	9	20
ENSG00000178340	763	623	794	370	946
ENSG00000206224	409	508	266	473	369
ENSG00000192041	55	16	15	21	28
ENSG00000182259	13	26	5	15	7
ENSG00000100097	320	340	521	308	215
ENSG00000190682	34	30	42	47	45
ENSG00000212247	103	138	80	86	184
ENSG00000202021	7	4	9	5	3
ENSG00000231598	197	150	285	354	236
ENSG00000215827	167	153	250	199	134
ENSG00000229724	41	51	17	50	33
ENSG00000110193	16	19	14	13	17
ENSG00000222036	69	90	212	78	174
ENSG00000135686	294	268	244	232	245
ENSG00000162927	343	357	448	128	177
ENSG00000231034	116	96	255	120	164
ENSG00000116707	50	21	25	15	25
ENSG00000103491	391	664	664	716	704
ENSG00000153459	1697	1111	1484	966	1443
ENSG00000249407	48	48	34	47	28
ENSG00000124251	29	14	12	9	5
ENSG00000203986	1444	1303	2501	2721	3108
ENSG00000117967	98	192	206	151	155
ENSG00000150378	1	1	6	0	1
ENSG00000196478	887	601	847	839	569
ENSG00000125668	129	160	370	203	186
ENSG00000181045	47	34	23	7	20
ENSG00000136390	174	117	131	131	139
ENSG00000116300	13	25	10	8	8
ENSG00000160435	24	38	13	28	13
ENSG00000179562	3	11	7	3	4
ENSG00000185120	855	850	629	1188	929
ENSG00000232882	61	71	22	53	37
ENSG00000247664	232	195	114	131	242
ENSG00000161004	281	159	163	258	171
ENSG00000107220	1	0	1	2	0
ENSG00000180247	267	213	87	134	153
ENSG00000203052	17	8	15	10	6
ENSG00000217446	817	1373	1093	1339	940
ENSG00000230024	28	6	2	12	7
ENSG00000241485	796	434	649	430	690
ENSG00000238872	7199	1915	5603	2208	1855
ENSG00000158589	136	172	257	231	322
ENSG00000194918	1663	703	775	585	968
ENSG00000166871	1853	2400	2121	1357	1481
ENSG00000167687	81	225	144	174	161
ENSG00000119385	193	50	31	98	80
ENSG00000216805	5	12	5	11	2
ENSG00000244181	8408	6565	3834	2829	4441
ENSG00000166527	1123	620	482	990	553
ENSG00000150083	1188	559	356	465	406
ENSG00000194727	9	1	5	4	2
ENSG00000218542	817	665	1172	1080	1328
ENSG00000220228	261	62	50	81	36
ENSG00000224390	145	78	131	282	177
ENSG00000226387	358	160	383	173	269
ENSG00000221837	971	1025	1507	915	573
ENSG00000150719	63	53	48	54	42
ENSG00000170588	41	20	35	40	19
ENSG00000121453	545	399	208	540	650
ENSG00000171114	194	285	177	157	231
ENSG00000205592	48	43	55	22	26
ENSG00000166113	5169	6976	11216	6448	9165
ENSG00000131641	721	1151	1600	1219	914
ENSG00000147157	3	2	6	4	10
ENSG00000215467	1	2	2	4	1
ENSG00000126077	5	4	3	3	3
ENSG00000104292	64	23	58	19	32
ENSG00000143434	320	294	386	149	119
ENSG00000194886	1156	2421	2129	4001	1899
ENSG00000220838	257	186	122	194	109
ENSG00000167756	21	35	35	38	28
ENSG00000237892	150	159	167	176	162
ENSG00000201801	143	88	158	106	114
ENSG00000131601	66	21	28	9	11
ENSG00000125650	153	130	130	127	181
ENSG00000201145	6	3	0	4	6
ENSG00000142131	63	26	88	44	81
ENSG00000217793	179	386	307	302	176
ENSG00000202490	76	83	30	115	101
ENSG00000229148	169	418	557	362	225
ENSG00000223999	985	1086	1129	917	874
ENSG00000237374	430	344	294	383	462
ENSG00000222862	479	444	692	313	547
ENSG00000119743	356	379	506	421	475
ENSG00000181237	111	139	76	77	89
ENSG00000249202	2170	1717	842	1438	1085
ENSG00000207348	167	206	211	190	145
ENSG00000127665	14	25	8	25	14
ENSG00000138849	1288	623	778	760	1037
ENSG00000187580	51	116	129	80	164
ENSG00000162324	1	0	0	1	1
ENSG00000136266	2811	6641	4978	6321	4564
ENSG00000181596	191	191	173	228	182
ENSG00000114669	35	35	25	30	27
ENSG00000146070	723	385	816	682	754
ENSG00000123429	294	352	457	324	471
ENSG00000163348	269	299	366	202	353
ENSG00000188955	7260	7819	4323	8754	10258
ENSG00000203302	1948	913	1793	1585	1474
ENSG00000119129	176	116	119	97	126
ENSG00000121976	36	37	76	80	52
ENSG00000216883	9	22	9	14	35
ENSG00000189696	638	565	726	303	277
ENSG00000152449	118	228	217	426	220
ENSG00000114359	1836	1041	1707	1311	644
ENSG00000180728	273	168	148	283	207
ENSG00000104660	1071	1521	862	489	1124
ENSG00000238641	4209	1267	3798	2058	3206
ENSG00000227706	84	85	67	47	89
ENSG00000137665	36	32	34	31	38
ENSG00000181342	263	285	178	291	206
ENSG00000159903	14	21	14	4	19
ENSG00000175587	159	201	148	192	92
ENSG00000198832	138	62	164	71	132
ENSG00000147077	6502	2522	3521	2617	3722
ENSG00000219205	212	114	148	77	91
ENSG00000149766	2036	2282	2848	1980	2299
ENSG00000223462	51	86	85	81	92
ENSG00000231434	115	78	178	200	126
ENSG00000222976	101	89	72	70	26
ENSG00000142339	90	133	209	251	205
ENSG00000138216	105	41	27	90	50
ENSG00000239659	28	28	19	22	23
ENSG00000158601	24	9	42	18	10
ENSG00000153833	1462	1522	1409	1423	1670
ENSG00000174744	516	306	118	216	227
ENSG00000127696	4650	5132	4924	5968	6710
ENSG00000167261	6303	4694	4887	974	3066
ENSG00000167833	73	20	24	41	30
ENSG00000126153	15586	6150	7570	9135	12194
ENSG00000210652	116	47	59	59	100
ENSG00000221725	7	6	4	11	12
ENSG00000243403	12	9	11	19	27
ENSG00000240711	51	39	56	86	73
ENSG00000110821	0	2	1	6	0
ENSG00000228516	519	278	621	633	409
ENSG00000206452	133	44	163	98	55
ENSG00000102465	693	284	482	652	487
ENSG00000217014	356	354	217	314	347
ENSG00000135081	414	447	265	325	284
ENSG00000228910	740	496	824	1385	606
ENSG00000196183	561	547	749	313	490
ENSG00000202936	17	14	15	9	4
ENSG00000162008	3831	5446	3341	3965	5764
ENSG00000140600	59	55	84	96	48
ENSG00000230814	235	219	317	221	256
ENSG00000195807	979	495	1369	359	905
ENSG00000185911	48	15	21	36	39
ENSG00000219620	138	72	42	78	72
ENSG00000206158	9	11	5	11	6
ENSG00000146281	436	759	649	901	855
ENSG00000141654	708	799	419	640	987
ENSG00000136247	76	60	119	45	105
ENSG00000141706	58	14	71	25	46
ENSG00000206557	4	1	1	0	1
ENSG00000117942	257	472	306	300	386
ENSG00000235895	34	43	18	12	33
ENSG00000138531	81	42	68	58	85
ENSG00000223839	66	50	75	128	77
ENSG00000153026	69	108	38	85	77
ENSG00000248897	253	172	248	197	288
ENSG00000109846	574	553	961	357	345
ENSG00000103232	306	152	244	158	148
ENSG00000228936	20	25	12	13	17
ENSG00000220832	207	139	184	160	139
ENSG00000198259	215	114	77	193	41
ENSG00000225883	12	15	19	18	22
ENSG00000101298	139	189	128	155	120
ENSG00000112382	2877	851	1308	781	1053
ENSG00000199990	767	550	687	685	890
ENSG00000173224	445	310	571	344	557
ENSG00000146918	315	473	802	505	695
ENSG00000120617	4	3	2	6	1
ENSG00000101260	294	114	213	274	209
ENSG00000236506	4037	3039	3904	3682	2784
ENSG00000158866	107	129	100	129	59
ENSG00000183978	76	85	96	59	101
ENSG00000242847	51	82	65	17	29
ENSG00000135874	384	229	272	308	512
ENSG00000248551	185	113	170	166	97
ENSG00000125602	27	18	38	17	22
ENSG00000197242	162	175	273	126	253
ENSG00000171888	178	120	80	204	143
ENSG00000107852	378	544	369	481	431
ENSG00000111070	635	349	563	371	353
ENSG00000151078	31	38	39	33	65
ENSG00000207945	489	262	598	269	153
ENSG00000125378	180	144	211	193	160
ENSG00000113527	124	218	212	289	239
ENSG00000247127	99	75	132	103	89
ENSG00000198933	297	162	324	248	151
ENSG00000158185	125	80	33	61	35
ENSG00000154441	11	20	14	22	11
ENSG00000193879	2045	2046	2371	855	1238
ENSG00000234253	13	15	18	17	15
ENSG00000169527	202	425	295	307	381
ENSG00000201708	710	1025	646	748	714
ENSG00000243417	510	253	386	270	346
ENSG00000136068	101	72	74	87	115
ENSG00000236550	120	117	156	168	170
ENSG00000206878	16	12	12	7	10
ENSG00000244755	270	321	284	201	197
ENSG00000197333	48	29	18	24	16
ENSG00000189948	201	125	187	102	128
ENSG00000133038	12	31	26	22	41
ENSG00000242912	626	1025	876	624	630
ENSG00000105457	89	80	56	95	108
ENSG00000208071	116	93	151	126	114
ENSG00000189412	2195	2725	1928	1974	3569
ENSG00000173807	37	36	19	49	28
ENSG00000192138	66	75	121	98	48
ENSG00000205104	2	4	0	2	3
ENSG00000124023	100	108	98	71	84
ENSG00000170978	60	75	55	44	67
ENSG00000200444	42	49	21	24	31
ENSG00000193971	598	492	643	678	454
ENSG00000211034	5588	3601	3680	2548	1111
ENSG00000147527	713	709	1010	753	788
ENSG00000195009	691	382	610	512	977
ENSG00000156954	1363	572	1394	828	1513
ENSG00000171220	81	47	36	89	58
ENSG00000147861	59	47	59	42	28
ENSG00000113714	335	402	175	194	306
ENSG00000122882	4982	4019	5274	2509	7920
ENSG00000219901	66	36	71	38	56
ENSG00000221578	12	15	10	7	9
ENSG00000245237	139	295	103	178	121
ENSG00000126542	1119	876	1025	1111	1850
ENSG00000210212	949	334	481	1004	622
ENSG00000186031	339	413	673	214	555
ENSG00000139139	170	70	139	153	132
ENSG00000227305	697	577	959	669	686
ENSG00000173766	53	81	105	95	67
ENSG00000140129	2470	564	1961	1995	1975
ENSG00000105443	2559	1407	2579	3016	2495
ENSG00000144341	703	751	710	849	1170
ENSG00000195229	8385	9315	11902	10511	14610
ENSG00000188925	22012	17944	15504	17227	32288
ENSG00000143357	38	33	41	28	52
ENSG00000205028	113	122	81	173	256
ENSG00000123964	29	14	38	27	37
ENSG00000109547	9	6	4	4	12
ENSG00000228112	20	25	23	17	16
ENSG00000112528	152	106	121	159	118
ENSG00000171015	272	561	355	399	356
ENSG00000218396	379	206	475	221	338
ENSG00000232935	1	5	1	2	0
ENSG00000249897	94	51	188	92	206
ENSG00000183264	19	4	10	10	14
ENSG00000104027	491	602	591	880	345
ENSG00000106469	47	29	24	32	22
ENSG00000104561	1126	852	1715	1725	368
ENSG00000211041	6966	2311	3939	5456	6085
ENSG00000247504	9639	5737	6256	6624	7483
ENSG00000195730	90	81	130	74	88
ENSG00000234783	129	98	352	229	306
ENSG00000125589	44	94	76	105	86
ENSG00000227377	77	188	85	107	169
ENSG00000221306	6687	2418	2164	4275	3576
ENSG00000116610	8	5	5	4	4
ENSG00000154837	28	69	28	76	64
ENSG00000160586	131	218	178	99	240
ENSG00000159784	37	33	72	67	43
ENSG00000237194	33	15	16	24	12
ENSG00000147815	1101	2175	552	1786	1433
ENSG00000160618	139	147	120	224	139
ENSG00000236195	65	43	34	54	77
ENSG00000201556	23	22	15	11	11
ENSG00000102406	121	143	128	122	105
ENSG00000138472	1272	948	1043	653	501
ENSG00000114331	95	58	157	189	113
ENSG00000125898	3193	1891	834	719	1926
ENSG00000198864	90	34	41	50	121
ENSG00000219845	27	29	25	33	7
ENSG00000113162	118	129	99	124	174
ENSG00000153582	20	27	19	20	21
ENSG00000211774	11	16	4	3	7
ENSG00000142226	584	278	375	588	464
ENSG00000239313	1761	805	1055	739	949
ENSG00000176635	4447	3027	4935	2973	4058
ENSG00000241114	6	0	2	3	2
ENSG00000206869	1499	1381	826	812	910
ENSG00000133958	404	485	439	656	360
ENSG00000184272	117	261	183	163	174
ENSG00000143275	651	402	451	336	317
ENSG00000238688	618	644	522	869	398
ENSG00000167151	271	380	362	321	468
ENSG00000200314	387	380	264	559	363
ENSG00000125961	224	73	63	125	128
ENSG00000145679	3226	2239	7695	3192	5747
ENSG00000224946	67	162	119	143	211
ENSG00000115305	1432	1335	1603	851	1184
ENSG00000110033	204	57	36	73	41
ENSG00000111422	153	157	196	184	140
ENSG00000246144	124	85	125	123	176
ENSG00000247892	100	158	321	155	318
ENSG00000217238	2253	2751	932	910	2328
ENSG00000121694	8	14	12	7	7
ENSG00000147022	1640	2494	1694	1692	1402
ENSG00000234636	50	46	34	41	35
ENSG00000239657	9912	10651	13927	14948	7014
ENSG00000124946	20	24	21	35	21
ENSG00000133766	252	262	223	122	247
ENSG00000237377	663	598	743	747	407
ENSG00000168097	4	5	2	6	7
ENSG00000147257	258	198	77	110	118
ENSG00000243578	135	210	166	120	226
ENSG00000123116	169	235	315	313	287
ENSG00000154725	116	68	126	92	119
ENSG00000215617	28	24	8	27	17
ENSG00000187071	8	6	2	5	6
ENSG00000228228	44	26	80	34	17
ENSG00000124599	59	66	49	46	54
ENSG00000174267	68	49	68	89	41
ENSG00000165686	954	878	652	376	476
ENSG00000228884	209	202	197	271	218
ENSG00000189774	6	8	3	6	6
ENSG00000108133	25	24	24	23	39
ENSG00000165109	733	1284	1210	670	1417
ENSG00000173821	1039	681	871	827	864
ENSG00000155892	112	203	304	203	151
ENSG00000238242	100	55	135	70	63
ENSG00000226348	1348	1413	917	1810	898
ENSG00000123130	36	34	17	31	32
ENSG00000161795	49	27	34	43	25
ENSG00000124462	913	1574	2242	824	1595
ENSG00000139757	6	2	3	2	4
ENSG00000236707	1822	1112	1079	967	1255
ENSG00000202849	84	73	60	77	46
ENSG00000165958	319	391	495	460	491
ENSG00000242307	81	54	74	50	53
ENSG00000241508	4	7	0	6	4
ENSG00000203145	1072	344	344	313	391
ENSG00000178730	25	33	39	34	30
ENSG00000197746	135	93	122	138	121
ENSG00000104698	521	388	489	329	343
ENSG00000178328	225	400	203	203	160
ENSG00000214961	155	181	128	197	118
ENSG00000140444	358	480	386	782	679
ENSG00000146828	7	16	7	12	6
ENSG00000193632	7067	9577	14056	7444	14775
ENSG00000133356	7	9	3	12	7
ENSG00000205108	101	153	83	42	133
ENSG00000111260	130	91	121	210	151
ENSG00000212665	58	37	51	51	26
ENSG00000228764	929	901	423	597	935
ENSG00000143281	163	45	62	59	30
ENSG00000232047	181	225	94	135	121
ENSG00000153250	45504	37679	27153	31466	32070
ENSG00000146519	100	77	103	53	46
ENSG00000211324	19334	34370	11493	21689	12655
ENSG00000129365	7	10	8	5	9
ENSG00000122319	455	829	427	743	466
ENSG00000199343	163	333	187	184	225
ENSG00000165648	297	464	780	907	653
ENSG00000200960	5	2	1	0	1
ENSG00000120672	1	8	2	1	1
ENSG00000223755	475	743	408	629	640
ENSG00000226936	507	962	764	687	1077
ENSG00000193578	518	628	671	723	398
ENSG00000209083	36	94	106	57	33
ENSG00000112847	381	316	420	408	296
ENSG00000129080	341	221	554	315	341
ENSG00000202616	61	59	49	52	38
ENSG00000176806	6875	5016	8086	7060	8208
ENSG00000201440	112	71	157	99	57
ENSG00000203758	68	76	24	63	31
ENSG00000186255	371	291	288	158	354
ENSG00000232976	82	137	69	63	50
ENSG00000101476	501	459	124	122	227
ENSG00000153421	14	36	29	26	8
ENSG00000237000	26	48	29	23	45
ENSG00000176732	55	53	61	24	41
ENSG00000101700	1452	1106	978	2041	1129
ENSG00000221832	124	105	80	99	107
ENSG00000229674	3602	3920	4597	2676	4753
ENSG00000215916	3609	1896	3599	3240	2128
ENSG00000236371	34	121	39	63	69
ENSG00000192195	43	56	36	80	29
ENSG00000163924	2402	2328	1745	712	1713
ENSG00000123860	16	72	145	140	88
ENSG00000217397	47	103	71	51	66
ENSG00000133834	8289	5711	7856	5656	8534
ENSG00000142848	1898	2108	788	3176	1591
ENSG00000228252	472	428	690	441	644
ENSG00000119226	6	3	2	3	1
ENSG00000122696	226	308	151	133	206
ENSG00000114541	2	6	4	6	5
ENSG00000238296	349	241	363	351	152
ENSG00000248791	431	371	291	224	429
ENSG00000162194	17241	7111	4483	8954	4750
ENSG00000235701	13	8	6	12	6
ENSG00000211356	327	244	201	170	185
ENSG00000144272	222	358	431	277	239
ENSG00000177891	465	435	533	314	485
ENSG00000247367	698	560	395	499	637
ENSG00000213659	881	1158	1730	1570	2206
ENSG00000136433	527	470	286	452	231
ENSG00000130519	49	93	62	74	71
ENSG00000202778	134	167	105	80	77
ENSG00000188323	1968	2265	1599	486	2573
ENSG00000136811	137	83	104	43	64
ENSG00000245328	0	1	2	8	1
ENSG00000207295	11	9	6	6	2
ENSG00000138880	21	25	19	12	10
ENSG00000216481	17	11	6	14	18
ENSG00000177069	248	350	279	337	326
ENSG00000206050	175	428	291	227	199
ENSG00000165215	2	3	5	4	2
ENSG00000125965	28	21	20	25	30
ENSG00000207239	410	207	374	475	526
ENSG00000215851	311	563	742	442	333
ENSG00000182887	80	149	157	145	66
ENSG00000230678	10482	15023	5723	9345	8179
ENSG00000176986	69	12	45	40	25
ENSG00000151630	1986	1244	1382	1752	1082
ENSG00000249542	313	293	448	391	348
ENSG00000206852	3	4	0	5	1
ENSG00000125651	12	27	12	20	30
ENSG00000242159	239	183	128	276	105
ENSG00000178614	21	33	27	30	23
ENSG00000145364	45	40	84	84	70
ENSG00000132419	95	67	71	185	50
ENSG00000129825	197	192	195	312	220
ENSG00000100488	49	101	56	46	102
ENSG00000137038	374	406	346	514	601
ENSG00000125546	102	143	116	99	120
ENSG00000214325	23	15	17	14	11
ENSG00000193370	55	45	78	38	81
ENSG00000190694	16	7	17	9	12
ENSG00000162419	430	792	417	704	405
ENSG00000236451	16	4	9	9	10
ENSG00000235115	20	26	41	28	56
ENSG00000175424	90	89	42	68	38
ENSG00000127399	332	623	576	438	329
ENSG00000218989	2673	1797	2027	2523	5185
ENSG00000122758	12	19	10	15	7
ENSG00000210026	142	39	81	66	46
ENSG00000180752	39	85	60	45	76
ENSG00000105170	21	23	49	27	34
ENSG00000145579	6	4	3	7	1
ENSG00000158626	266	155	111	110	205
ENSG00000237225	0	1	4	6	2
ENSG00000112664	1696	2452	1594	3052	2418
ENSG00000117656	752	951	428	1365	1013
ENSG00000111872	1625	1035	2164	1052	1182
ENSG00000118763	3844	6435	7349	3609	7518
ENSG00000220174	84	71	109	170	132
ENSG00000113025	77	62	35	59	31
ENSG00000202523	3	4	4	2	3
ENSG00000105605	1661	2250	1119	2679	869
ENSG00000148826	711	920	431	476	597
ENSG00000116493	59	82	61	72	83
ENSG00000249453	18	21	16	17	18
ENSG00000132268	395	252	193	224	213
ENSG00000148504	313	190	257	344	167
ENSG00000224295	11	8	22	12	4
ENSG00000135236	1429	1692	1763	3418	2990
ENSG00000132696	78	41	67	40	49
ENSG00000104811	317	700	328	284	434
ENSG00000216737	5	2	2	4	4
ENSG00000230380	13	28	14	22	6
ENSG00000149038	182	214	304	137	127
ENSG00000172577	17	11	18	18	4
ENSG00000243738	3750	3053	3888	4438	3818
ENSG00000139853	1	1	2	2	1
ENSG00000121466	39	42	19	37	48
ENSG00000114715	1	1	1	0	6
ENSG00000234975	45	66	50	32	55
ENSG00000249951	3877	1102	1343	1029	1516
ENSG00000122512	249	168	169	214	216
ENSG00000131992	48	65	73	44	51
ENSG00000191528	1540	1190	1380	1253	1477
ENSG00000168592	4	6	7	10	5
ENSG00000208912	18	10	3	10	17
ENSG00000234944	0	6	6	7	4
ENSG00000114278	1212	889	934	1051	639
ENSG00000212263	9	11	3	4	3
ENSG00000155635	1332	1320	1256	2874	2156
ENSG00000141012	21	20	33	15	35
ENSG00000229697	75	33	61	60	47
ENSG00000219239	24	37	57	67	64
ENSG00000210521	714	434	533	535	559
ENSG00000180924	63	35	39	52	42
ENSG00000123975	56	93	27	58	40
ENSG00000141306	73	64	62	24	26
ENSG00000217556	91	41	81	77	69
ENSG00000206933	17	10	23	21	33
ENSG00000117299	120	138	144	211	98
ENSG00000127839	13	11	11	15	8
ENSG00000206184	469	296	296	321	481
ENSG00000177378	59	31	20	36	54
ENSG00000186939	1616	1171	2338	1782	2597
ENSG00000169353	9	13	7	2	12
ENSG00000194049	164	126	165	79	309
ENSG00000162687	105	128	122	102	60
ENSG00000128263	8376	4066	3275	6940	3642
ENSG00000229907	309	540	271	454	353
ENSG00000139358	101	30	75	74	79
ENSG00000243479	31	122	74	103	60
ENSG00000242536	35	19	23	43	53
ENSG00000209492	8626	6904	10256	16348	6182
ENSG00000121895	12209	8438	10280	11729	14746
ENSG00000234389	89	83	74	118	123
ENSG00000230469	35	19	35	27	10
ENSG00000200380	289	413	347	340	288
ENSG00000103607	541	351	918	560	547
ENSG00000173688	18	19	20	23	10
ENSG00000180183	51	57	104	30	60
ENSG00000161860	49	44	40	36	41
ENSG00000197457	63	26	38	83	54
ENSG00000157740	206	686	288	514	173
ENSG00000246512	11	8	11	11	19
ENSG00000234138	4	0	3	2	4
ENSG00000135208	7018	7205	11269	6461	12509
ENSG00000149959	75	49	75	58	71
ENSG00000106083	283	241	495	236	221
ENSG00000194093	37	75	41	14	61
ENSG00000121748	126	87	135	186	180
ENSG00000160998	173	323	180	97	216
ENSG00000107986	64	125	129	49	61
ENSG00000223556	44466	9774	26893	8967	8075
ENSG00000151403	337	515	425	262	721
ENSG00000192246	52	55	27	93	74
ENSG00000221114	92	98	88	102	105
ENSG00000117360	282	99	58	174	202
ENSG00000156925	63	75	52	91	82
ENSG00000233300	588	967	804	814	1332
ENSG00000144146	1433	1091	929	1223	857
ENSG00000160196	104	73	133	46	143
ENSG00000134891	225	235	129	200	168
ENSG00000154236	10	7	11	19	12
ENSG00000100283	450	178	277	193	408
ENSG00000103149	202	58	115	85	38
ENSG00000235422	35	25	22	12	24
ENSG00000214247	41	20	21	42	87
ENSG00000245939	3099	1843	1505	1954	2232
ENSG00000174767	19	24	22	10	14
ENSG00000142885	15	7	18	20	16
ENSG00000196488	190	259	203	222	279
ENSG00000220894	316	186	215	479	335
ENSG00000228541	42	76	109	82	59
ENSG00000114769	9	17	11	17	10
ENSG00000241558	17	44	51	12	36
ENSG00000210296	5898	7354	4417	7391	6102
ENSG00000113948	2	9	6	8	4
ENSG00000128755	117	204	184	194	239
ENSG00000152748	411	673	987	552	885
ENSG00000159850	432	423	365	508	501
ENSG00000151057	11498	9287	6677	10592	10482
ENSG00000210690	257	218	197	172	209
ENSG00000139930	48	59	49	44	28
ENSG00000236874	32	28	33	24	23
ENSG00000190798	93	57	48	74	88
ENSG00000121708	1822	1354	1385	1582	2833
ENSG00000115526	13	19	11	4	20
ENSG00000235170	154	309	137	345	364
ENSG00000126778	32	18	30	22	30
ENSG00000225604	68	82	127	95	92
ENSG00000194739	5421	2876	8807	6061	4499
ENSG00000246268	270	348	195	256	104
ENSG00000241335	472	224	323	245	551
ENSG00000170857	44	67	37	76	35
ENSG00000178708	3	6	3	16	5
ENSG00000204085	13	28	28	18	24
ENSG00000125540	86	58	50	36	67
ENSG00000138876	113	192	82	89	102
ENSG00000103310	2	3	3	5	2
ENSG00000177611	207	65	114	90	161
ENSG00000205477	3027	2163	2731	2280	1476
ENSG00000107661	50	51	19	43	69
ENSG00000185413	359	648	434	275	503
ENSG00000199380	200	107	298	266	269
ENSG00000122906	129	164	161	100	72
ENSG00000235962	169	81	62	85	86
ENSG00000188337	225	429	560	712	861
ENSG00000166551	4127	4484	4173	3596	3651
ENSG00000104124	3	3	7	2	3
ENSG00000115857	1258	709	386	1157	1049
ENSG00000164032	50	31	74	74	65
ENSG00000239959	216	412	194	432	442
ENSG00000195770	1241	912	1422	1215	1210
ENSG00000232645	139	125	96	143	180
ENSG00000249608	7212	5644	9647	5456	5686
ENSG00000240329	1494	937	659	789	679
ENSG00000181359	45	78	78	86	53
ENSG00000188386	1744	941	686	774	665
ENSG00000163257	5	8	7	7	9
ENSG00000158376	197	300	413	208	278
ENSG00000142638	24	44	31	45	47
ENSG00000209666	23	41	66	19	20
ENSG00000176463	983	456	1041	1142	1174
ENSG00000199334	220	209	218	198	229
ENSG00000162067	60	32	57	46	118
ENSG00000116283	199	290	200	382	320
ENSG00000242760	144	91	145	108	105
ENSG00000191396	60	76	39	103	124
ENSG00000182335	14	10	4	6	5
ENSG00000231462	83	50	37	32	56
ENSG00000117310	168	399	431	516	367
ENSG00000150769	383	395	288	252	337
ENSG00000216393	220	128	156	155	127
ENSG00000221207	19	18	14	5	12
ENSG00000149607	25	20	33	24	27
ENSG00000246825	1	1	1	2	1
ENSG00000237926	5	23	24	21	17
ENSG00000130198	2829	1551	1264	1258	1833
ENSG00000214210	9908	3941	3575	6242	4366
ENSG00000147610	205	161	142	256	71
ENSG00000241981	133	132	149	106	167
ENSG00000116491	8	13	1	5	4
ENSG00000129062	326	135	181	230	358
ENSG00000137187	64	25	40	43	49
ENSG00000198594	9586	7402	5680	7755	13902
ENSG00000114089	611	250	440	562	422
ENSG00000182954	109	128	115	62	88
ENSG00000194869	0	7	7	10	8
ENSG00000140500	3001	2641	2684	2246	2737
ENSG00000244851	263	216	198	138	107
ENSG00000175447	13417	11022	8979	11521	12287
ENSG00000171661	496	765	690	290	636
ENSG00000171020	105	93	145	117	108
ENSG00000128718	781	790	1191	1030	1136
ENSG00000164874	1143	762	500	506	1328
ENSG00000197069	24	54	43	79	27
ENSG00000248925	1522	1505	2525	1766	3228
ENSG00000212944	7253	7961	5566	10024	3247
ENSG00000125469	32	37	46	49	49
ENSG00000231783	1	4	0	1	4
ENSG00000223118	853	652	867	631	838
ENSG00000131135	141	117	312	220	207
ENSG00000214093	242	158	128	173	71
ENSG00000157919	28	21	46	17	23
ENSG00000197667	4205	3722	2032	2226	2206
ENSG00000124410	0	4	0	3	1
ENSG00000143752	1241	1268	2235	1398	2036
ENSG00000182264	64	50	59	54	48
ENSG00000217398	1	0	3	2	3
ENSG00000244949	36	23	31	15	26
ENSG00000193175	159	228	176	185	92
ENSG00000151128	7811	9764	10902	10478	10277
ENSG00000216977	1350	1750	1085	1283	1658
ENSG00000158540	80	144	72	98	115
ENSG00000163152	182	134	129	86	168
ENSG00000148781	1850	1033	2852	1863	1326
ENSG00000232763	618	527	1062	966	621
ENSG00000114990	10350	12426	12631	11538	14234
ENSG00000237092	34	35	32	24	14
ENSG00000184593	475	221	618	350	230
ENSG00000168908	52	32	44	49	58
ENSG00000185291	201	243	79	207	161
ENSG00000105822	9	5	3	6	14
ENSG00000150784	113	235	118	139	160
ENSG00000127258	10	7	5	3	15
ENSG00000197126	289	193	266	270	233
ENSG00000126933	3866	2679	2603	2060	3312
ENSG00000208560	194	237	359	270	275
ENSG00000197381	467	186	157	198	460
ENSG00000109899	108	127	195	78	84
ENSG00000162755	6	14	8	15	11
ENSG00000155511	78	35	29	42	56
ENSG00000180363	41	81	59	62	40
ENSG00000140651	18	21	11	16	26
ENSG00000151781	2587	1434	1710	786	1308
ENSG00000221910	3	3	3	8	4
ENSG00000179806	19	13	24	15	10
ENSG00000180660	31	18	19	30	11
ENSG00000190111	41	45	92	66	74
ENSG00000144614	12	5	18	12	11
ENSG00000174132	3	10	6	3	2
ENSG00000155738	10	6	9	14	9
ENSG00000119284	27	26	19	33	49
ENSG00000129415	10	10	8	11	8
ENSG00000106502	1576	606	1942	1454	1618
ENSG00000159147	61	61	155	57	122
ENSG00000177621	1541	2675	1424	1518	1915
ENSG00000121861	27	48	61	41	63
ENSG00000215505	225	387	670	541	321
ENSG00000182039	128	105	145	102	55
ENSG00000119155	268	299	362	193	152
ENSG00000238966	2806	2638	2335	3186	3866
ENSG00000226971	1360	915	783	598	665
ENSG00000200612	283	160	121	146	303
ENSG00000166838	134	102	102	63	95
ENSG00000101366	5	1	1	2	5
ENSG00000179617	95	123	60	34	114
ENSG00000227008	44	57	40	39	61
ENSG00000151536	6581	5999	4708	5993	3862
ENSG00000218377	13	75	49	56	40
ENSG00000190514	177	105	168	202	140
ENSG00000149444	106	60	110	78	58
ENSG00000139156	36	27	35	33	40
ENSG00000166297	1012	887	1088	1348	1214
ENSG00000169588	47	20	10	20	23
ENSG00000244461	451	288	252	408	403
ENSG00000139283	4	3	4	2	2
ENSG00000230178	37	28	28	38	32
ENSG00000108815	3916	2524	3097	2350	4245
ENSG00000195218	77	89	66	32	127
ENSG00000136344	615	141	224	239	188
ENSG00000134794	209	183	348	338	232
ENSG00000117726	169	97	185	166	55
ENSG00000120601	0	0	1	2	2
ENSG00000125371	7	11	2	3	1
ENSG00000171901	1039	565	707	568	1153
ENSG00000209556	181	113	223	199	222
ENSG00000155834	4	3	4	8	6
ENSG00000108998	21	4	11	10	7
ENSG00000187787	2083	1276	2469	1335	2147
ENSG00000230116	38	17	28	64	37
ENSG00000193067	59	96	122	58	85
ENSG00000176199	30	45	44	38	32
ENSG00000177332	46	30	20	28	30
ENSG00000119197	251	176	174	239	199
ENSG00000105427	257	317	257	422	312
ENSG00000170736	70	86	80	74	88
ENSG00000164092	63	130	62	105	35
ENSG00000148922	20	50	18	10	37
ENSG00000221164	2187	1732	1425	624	1116
ENSG00000247446	8	6	3	8	6
ENSG00000155249	351	264	136	229	211
ENSG00000228960	691	350	429	307	581
ENSG00000163660	1525	1687	1016	1055	1096
ENSG00000159433	97	126	109	84	122
ENSG00000202690	269	401	244	282	408
ENSG00000117218	78	129	111	93	61
ENSG00000194169	11	17	19	30	20
ENSG00000235959	129	98	184	150	137
ENSG00000134862	486	865	791	885	915
ENSG00000106802	545	640	552	384	1151
ENSG00000106649	8	20	14	11	13
ENSG00000220364	181	159	218	95	153
ENSG00000109850	905	1382	1720	1638	991
ENSG00000232981	286	546	417	670	166
ENSG00000177766	1869	2632	3012	2689	2456
ENSG00000145651	265	148	88	118	138
ENSG00000113649	111	128	143	110	107
ENSG00000105853	1	1	0	1	0
ENSG00000228302	2209	1634	2162	2177	3850
ENSG00000223652	19	2	9	4	3
ENSG00000128550	35	79	49	57	71
ENSG00000124977	26	27	27	12	26
ENSG00000195403	26	42	18	37	17
ENSG00000155262	742	643	678	433	385
ENSG00000147625	5	1	9	4	3
ENSG00000159814	248	119	191	250	163
ENSG00000199463	6	7	19	11	11
ENSG00000236126	110	125	134	96	193
ENSG00000229804	381	530	183	357	432
ENSG00000133937	116	115	34	52	91
ENSG00000242607	86	62	62	43	44
ENSG00000188517	131	100	87	125	63
ENSG00000112772	72	151	89	47	115
ENSG00000212901	957	297	491	707	262
ENSG00000116208	256	234	262	450	363
ENSG00000211959	60	64	61	113	73
ENSG00000154852	11295	13842	9544	15191	6878
ENSG00000177984	18	26	49	29	24
ENSG00000218317	9511	3164	3796	6185	3986
ENSG00000146222	68	144	95	98	114
ENSG00000194648	2065	1322	1282	2265	1283
ENSG00000157689	922	1449	1229	659	905
ENSG00000179514	85	83	36	60	83
ENSG00000101994	924	896	448	626	759
ENSG00000212874	20458	9167	4879	8786	6253
ENSG00000215198	24	5	9	7	6
ENSG00000199511	11	6	14	18	7
ENSG00000189844	26	30	17	11	38
ENSG00000113018	4814	5966	1867	3836	4991
ENSG00000189594	509	499	437	600	290
ENSG00000151747	25	18	36	23	37
ENSG00000230542	105	124	184	98	80
ENSG00000184591	144	254	172	422	213
ENSG00000232404	26	28	40	19	25
ENSG00000128169	76	37	49	100	103
ENSG00000195428	76	193	88	210	177
ENSG00000155874	367	296	261	390	576
ENSG00000137915	1175	970	734	655	1164
ENSG00000204458	35	118	35	49	86
ENSG00000100875	72	93	88	49	126
ENSG00000244817	14	8	21	12	15
ENSG00000122900	47	70	78	106	120
ENSG00000114839	116	254	146	118	177
ENSG00000187629	183	86	137	96	123
ENSG00000167105	279	200	458	295	220
ENSG00000121310	18	22	19	18	33
ENSG00000228034	1958	1287	1932	1101	1372
ENSG00000199189	171	168	454	227	207
ENSG00000151696	1570	1353	1040	1306	2008
ENSG00000213803	18	24	26	22	13
ENSG00000192687	77	92	87	137	111
ENSG00000183081	527	77	86	207	212
ENSG00000147007	52	29	45	41	45
ENSG00000157217	1812	1227	655	1579	1216
ENSG00000146142	205	155	121	102	102
ENSG00000171321	8	7	11	8	4
ENSG00000229434	1201	866	991	1007	722
ENSG00000236609	39	75	34	52	35
ENSG00000175944	446	150	180	224	459
ENSG00000232281	828	831	751	774	604
ENSG00000171313	21	22	3	10	5
ENSG00000220240	3884	2109	1525	1388	2463
ENSG00000205670	1601	794	797	628	679
ENSG00000246458	16	12	2	11	14
ENSG00000249707	1622	1030	1187	1305	1831
ENSG00000117927	28	41	28	12	23
ENSG00000247754	18	27	44	35	45
ENSG00000231238	3974	3494	2075	3987	1397
ENSG00000126518	10	8	11	5	9
ENSG00000230098	1	2	0	2	1
ENSG00000141289	339	203	170	189	201
ENSG00000129271	65	42	91	80	111
ENSG00000246711	7	20	15	11	17
ENSG00000146500	3409	700	590	1579	979
ENSG00000201073	7	4	7	6	7
ENSG00000134722	15	16	7	17	19
ENSG00000152846	840	572	721	456	1154
ENSG00000248104	33	37	34	40	36
ENSG00000239891	13	15	12	34	16
ENSG00000196848	168	68	54	92	43
ENSG00000222299	15	21	10	9	11
ENSG00000246081	7	6	12	7	4
ENSG00000191311	120	261	125	94	147
ENSG00000134994	50	23	61	33	56
ENSG00000189272	78	120	96	59	35
ENSG00000114149	26	16	23	22	30
ENSG00000209147	176	238	160	243	315
ENSG00000174780	260	238	263	129	353
ENSG00000201278	1117	503	977	639	497
ENSG00000207485	41	48	48	48	64
ENSG00000106291	48	55	25	28	39
ENSG00000182421	6	13	18	17	16
ENSG00000165922	187	179	253	312	227
ENSG00000229136	448	623	740	675	737
ENSG00000154674	668	623	979	1253	621
ENSG00000231875	604	571	479	701	413
ENSG00000246810	715	764	1768	667	1298
ENSG00000201772	4704	9508	3071	3151	3759
ENSG00000207483	221	113	146	122	281
ENSG00000186927	427	788	370	422	628
ENSG00000213166	120	25	29	41	18
ENSG00000109736	741	197	222	289	255
ENSG00000245502	540	1283	1275	1269	817
ENSG00000124508	58	30	56	52	35
ENSG00000211786	10698	4986	5005	8651	4235
ENSG00000193313	718	755	400	517	403
ENSG00000243234	726	492	669	1184	743
ENSG00000236005	340	243	323	379	172
ENSG00000152348	6132	5365	9288	12260	9030
ENSG00000106431	288	171	350	313	298
ENSG00000193234	1203	837	1008	1165	790
ENSG00000196008	298	213	245	237	245
ENSG00000184877	48	83	82	43	66
ENSG00000218312	246	133	82	171	113
ENSG00000136997	51	69	80	69	60
ENSG00000109818	92	69	33	63	69
ENSG00000191776	770	490	499	891	704
ENSG00000203696	36	53	24	51	40
ENSG00000204238	74	158	75	118	59
ENSG00000107052	801	831	666	456	576
ENSG00000172230	2245	2550	2182	1599	1369
ENSG00000218618	240	179	282	289	205
ENSG00000138001	83	104	73	96	112
ENSG00000147292	28	10	12	27	10
ENSG00000154440	402	625	222	706	865
ENSG00000204313	18	28	51	22	24
ENSG00000157803	67	55	63	59	105
ENSG00000141860	910	839	1130	796	686
ENSG00000158384	57	100	38	31	112
ENSG00000159076	604	522	410	485	436
ENSG00000116395	329	558	438	570	258
ENSG00000179867	57	62	59	26	27
ENSG00000105242	118	165	64	104	75
ENSG00000131132	1543	2908	1731	1457	1283
ENSG00000242031	336	286	233	253	441
ENSG00000215506	311	199	314	554	213
ENSG00000150997	13	18	8	10	9
ENSG00000213531	124	233	156	86	86
ENSG00000155141	1344	998	2973	1477	1580
ENSG00000144754	118	139	134	146	96
ENSG00000131551	285	240	386	249	414
ENSG00000242804	1180	977	474	1561	881
ENSG00000156556	14540	28928	19571	16927	15693
ENSG00000171442	4	5	3	2	1
ENSG00000225812	1165	1258	1159	1522	1635
ENSG00000238144	1207	1981	812	890	1061
ENSG00000166411	233	183	162	123	132
ENSG00000116492	5992	11060	8260	9723	6106
ENSG00000159673	3	13	17	13	25
ENSG00000117134	7	8	8	8	5
ENSG00000107968	125	97	137	174	175
ENSG00000199673	1259	405	565	757	566
ENSG00000209287	34	32	13	9	19
ENSG00000192320	145	118	198	211	111
ENSG00000129238	117	43	29	30	40
ENSG00000201985	4559	8182	6553	7674	3309
ENSG00000130610	44	66	82	31	48
ENSG00000173297	1959	1445	1948	1223	3100
ENSG00000119521	2	4	5	2	4
ENSG00000204775	151	200	137	125	180
ENSG00000104967	130	101	113	238	115
ENSG00000234773	10	14	6	7	7
ENSG00000205310	70	100	88	67	64
ENSG00000244128	352	407	531	333	192
ENSG00000198055	102	92	131	90	40
ENSG00000166760	28	36	48	24	57
ENSG00000192829	97	135	135	129	117
ENSG00000198724	173	203	435	175	333
ENSG00000237997	625	290	520	477	715
ENSG00000224038	55	26	71	52	29
ENSG00000203588	911	240	603	481	756
ENSG00000224915	107	170	112	110	97
ENSG00000193846	12874	25095	24586	24753	8404
ENSG00000175568	305	75	192	151	206
ENSG00000184327	157	310	188	117	253
ENSG00000146010	23	27	14	18	13
ENSG00000189516	4781	1791	1965	3790	1861
ENSG00000206052	46	46	101	122	96
ENSG00000184921	269	447	330	291	541
ENSG00000123373	920	719	1343	627	807
ENSG00000243715	138	124	90	67	86
ENSG00000143846	325	327	213	354	344
ENSG00000113947	61	109	58	70	142
ENSG00000192478	29	18	14	31	39
ENSG00000243080	11	3	15	10	13
ENSG00000243480	4	4	0	4	4
ENSG00000215081	28	19	26	11	11
ENSG00000223503	1	6	1	3	4
ENSG00000154312	546	391	717	467	515
ENSG00000166439	16	14	12	4	9
ENSG00000154773	25935	25242	21178	30338	28457
ENSG00000178288	115	129	112	41	81
ENSG00000137870	47	22	56	60	22
ENSG00000222709	6601	1365	2291	3262	2720
ENSG00000242131	128	216	210	199	342
ENSG00000124734	105	60	59	71	74
ENSG00000179191	88	87	137	42	80
ENSG00000236332	3426	1528	2209	2436	2629
ENSG00000106586	29	40	40	13	33
ENSG00000110433	5	13	9	11	18
ENSG00000211522	94	97	112	96	116
ENSG00000107727	236	282	365	134	389
ENSG00000132416	3	0	2	2	2
ENSG00000121104	9	14	4	10	11
ENSG00000131027	23	18	27	17	30
ENSG00000175083	72	92	40	34	71
ENSG00000192165	133	125	122	196	103
ENSG00000245731	3	4	3	4	2
ENSG00000228194	91	65	36	50	63
ENSG00000199067	0	2	6	9	6
ENSG00000177208	632	361	629	544	595
ENSG00000205616	72	34	91	60	37
ENSG00000223081	557	474	684	542	353
ENSG00000219966	1644	2190	1552	2936	2000
ENSG00000211960	219	218	188	156	235
ENSG00000159999	165	158	180	107	140
ENSG00000204877	58	41	41	27	40
ENSG00000218028	81	67	33	33	34
ENSG00000178035	434	429	620	439	437
ENSG00000120751	810	855	766	863	1119
ENSG00000187638	5773	5585	3866	3479	5747
ENSG00000212677	43	37	16	31	50
ENSG00000199961	18	16	11	14	11
ENSG00000133530	4700	8512	5327	7473	6872
ENSG00000191529	152	202	228	88	172
ENSG00000170014	20	31	13	14	14
ENSG00000197796	1664	915	804	697	897
ENSG00000166423	106	139	113	84	131
ENSG00000164976	63	70	40	42	85
ENSG00000238461	16	10	14	9	17
ENSG00000113768	606	436	766	1248	802
ENSG00000110078	541	1166	453	896	1263
ENSG00000117804	6606	4115	1761	7505	3711
ENSG00000248993	157	240	215	162	233
ENSG00000184924	123	81	44	104	62
ENSG00000211488	221	215	259	170	290
ENSG00000150846	303	214	238	331	237
ENSG00000247061	38	95	73	110	57
ENSG00000171800	3	6	12	4	19
ENSG00000228882	19	9	26	31	10
ENSG00000220423	136	112	125	170	88
ENSG00000191838	50	70	60	61	74
ENSG00000113069	3143	4832	4706	2561	4044
ENSG00000199473	243	282	154	199	169
ENSG00000202276	114	99	76	77	78
ENSG00000105719	35	35	28	77	16
ENSG00000208081	432	483	322	711	541
ENSG00000140207	103	120	67	117	118
ENSG00000149890	973	717	739	1699	506
ENSG00000154586	184	154	217	330	133
ENSG00000180967	2229	1517	1441	1369	2587
ENSG00000161797	86	96	156	95	173
ENSG00000156645	1191	592	783	732	849
ENSG00000240716	2187	1616	1827	2023	2402
ENSG00000198553	104	34	59	128	59
ENSG00000189152	2750	2223	2638	3454	2436
ENSG00000249906	143	136	245	48	272
ENSG00000176101	10253	12333	17856	13422	13870
ENSG00000110546	2799	1900	2862	5074	3689
ENSG00000128872	917	992	1728	2231	1235
ENSG00000168245	2780	1092	1222	1222	1602
ENSG00000186658	3773	4803	4481	4177	3981
ENSG00000213037	105	67	69	113	133
ENSG00000114813	740	449	1476	677	982
ENSG00000230346	312	231	169	119	176
ENSG00000231555	270	347	547	614	338
ENSG00000197715	753	485	540	896	441
ENSG00000236189	3539	2535	1206	1855	1734
ENSG00000175733	47	73	46	49	51
ENSG00000232594	26	33	26	35	19
ENSG00000110695	16	15	6	8	8
ENSG00000186507	970	458	612	271	378
ENSG00000105449	56	53	56	123	103
ENSG00000179942	1067	630	648	611	615
ENSG00000123289	1452	2471	1718	991	1435
ENSG00000129005	1626	1225	1487	1952	2914
ENSG00000175220	5	1	3	5	4
ENSG00000222915	174	181	166	347	292
ENSG00000236575	163	202	256	168	231
ENSG00000108504	79	23	7	29	18
ENSG00000203337	6	14	3	5	10
ENSG00000173881	422	362	332	613	429
ENSG00000243740	13962	15193	11154	12538	25861
ENSG00000199688	30	16	4	13	9
ENSG00000220412	391	229	110	86	97
ENSG00000181057	304	382	292	676	571
ENSG00000218536	3	0	1	3	0
ENSG00000111943	5649	4611	5375	3126	3684
ENSG00000137720	19	24	33	14	40
ENSG00000161034	1060	2237	1831	2095	1066
ENSG00000231744	48581	47055	35922	66791	76111
ENSG00000188948	282	247	255	180	97
ENSG00000144911	12	22	20	18	34
ENSG00000189339	289	203	151	118	159
ENSG00000142101	85	37	92	48	55
ENSG00000180711	441	391	515	600	590
ENSG00000240304	29	20	27	22	17
ENSG00000218547	2311	1462	1657	1685	826
ENSG00000162878	55	17	29	33	34
ENSG00000233736	46662	41140	65199	36060	59677
ENSG00000179531	10	4	7	2	7
ENSG00000156601	1116	655	507	1044	678
ENSG00000136481	4	6	6	9	22
ENSG00000117236	1909	1258	1736	2276	1048
ENSG00000125418	88	152	71	133	79
ENSG00000151320	2	0	4	3	5
ENSG00000199030	15	20	27	18	27
ENSG00000239563	71	33	66	40	30
ENSG00000221906	6	15	22	1	5
ENSG00000198702	246	133	203	200	170
ENSG00000152789	8	7	8	10	24
ENSG00000229852	160	98	134	109	204
ENSG00000100291	414	440	404	290	295
ENSG00000218531	162	143	199	206	142
ENSG00000242107	107	93	80	40	78
ENSG00000197858	60	50	50	65	52
ENSG00000180892	465	543	529	585	314
ENSG00000100509	43	52	50	63	59
ENSG00000114393	214	119	137	84	94
ENSG00000144205	3	4	1	1	1
ENSG00000121073	21	8	22	14	13
ENSG00000186793	246	314	217	296	367
ENSG00000201029	86	121	99	94	69
ENSG00000154366	138	122	226	139	94
ENSG00000106999	158	161	250	162	176
ENSG00000139831	3806	2907	3369	2823	2074
ENSG00000108597	46	38	30	51	52
ENSG00000154265	2	2	5	5	6
ENSG00000216878	1082	1104	1713	1463	1986
ENSG00000147973	138	137	322	271	198
ENSG00000107489	26	12	20	36	31
ENSG00000124986	7	9	5	12	6
ENSG00000169903	1	2	3	4	2
ENSG00000215877	15	31	27	4	14
ENSG00000185240	142	124	185	113	138
ENSG00000140732	1298	1076	1430	1643	2006
ENSG00000211351	46	65	53	61	40
ENSG00000133552	89	96	111	68	108
ENSG00000207123	11	42	31	31	34
ENSG00000103833	15	5	13	8	12
ENSG00000220214	243	130	221	255	215
ENSG00000186319	292	232	170	265	209
ENSG00000168650	77	98	72	67	82
ENSG00000168040	1311	706	988	456	698
ENSG00000123028	7	3	8	9	9
ENSG00000103437	236	87	151	131	182
ENSG00000238601	68	67	52	58	71
ENSG00000190984	376	391	523	534	559
ENSG00000212458	45	16	11	31	17
ENSG00000171051	63	28	65	28	83
ENSG00000135516	50	54	43	54	48
ENSG00000107924	296	170	198	228	210
ENSG00000239881	78	48	41	43	66
ENSG00000142770	33	30	34	77	43
ENSG00000186893	20	19	10	16	11
ENSG00000182637	23	31	13	18	18
ENSG00000139603	298	303	176	166	434
ENSG00000124322	63	20	14	16	29
ENSG00000156885	1386	747	1735	553	353
ENSG00000145847	4082	4132	4741	3232	6918
ENSG00000240928	6704	2442	1635	2472	2114
ENSG00000148671	219	192	508	410	173
ENSG00000216245	219	319	351	270	342
ENSG00000204671	508	416	622	295	377
ENSG00000132054	167	149	166	92	132
ENSG00000229088	118	33	106	74	152
ENSG00000206321	84	102	94	126	78
ENSG00000135637	27	13	40	30	11
ENSG00000168344	56	46	58	40	36
ENSG00000160123	8472	2055	2827	2805	2658
ENSG00000102244	8	8	10	8	16
ENSG00000188452	6	6	9	9	13
ENSG00000228058	4	1	4	0	0
ENSG00000247105	755	293	324	836	174
ENSG00000128516	4188	3356	4020	5318	8094
ENSG00000225148	983	1385	836	1077	1284
ENSG00000165312	93	90	74	82	96
ENSG00000119019	594	427	908	550	1238
ENSG00000207155	349	122	218	332	101
ENSG00000169921	630	419	565	332	325
ENSG00000202526	11	31	22	15	25
ENSG00000107282	927	307	1221	640	962
ENSG00000238972	17	23	27	26	24
ENSG00000186669	162	351	272	213	152
ENSG00000130028	477	725	529	443	604
ENSG00000109590	618	753	864	606	1074
ENSG00000205665	11637	4312	5962	3448	7161
ENSG00000200078	2019	2236	2114	2888	1980
ENSG00000118108	109	130	110	177	129
ENSG00000243494	14744	17164	11732	11226	11813
ENSG00000119466	3	6	3	4	12
ENSG00000205063	62	26	28	27	45
ENSG00000166759	181	181	279	166	140
ENSG00000129274	326	408	397	797	401
ENSG00000179908	135	165	166	241	161
ENSG00000203904	103	113	213	96	94
ENSG00000135335	4568	4218	2924	3308	2412
ENSG00000174322	2	9	4	2	5
ENSG00000136652	72	58	43	74	65
ENSG00000226209	32	22	9	19	30
ENSG00000161417	76	134	114	170	169
ENSG00000150406	26	33	22	45	31
ENSG00000205052	224	443	330	313	214
ENSG00000153600	1787	924	1029	1081	1418
ENSG00000163778	3843	4073	5563	3957	4298
ENSG00000190003	0	1	3	3	2
ENSG00000101940	31	53	37	100	25
ENSG00000184521	1500	1279	1269	1402	2171
ENSG00000221919	154	114	288	201	174
ENSG00000227301	69	61	52	73	90
ENSG00000242244	181	68	105	130	105
ENSG00000194829	1093	801	566	593	1512
ENSG00000239734	86	75	105	100	141
ENSG00000143539	198	266	275	124	151
ENSG00000183473	82	61	79	135	75
ENSG00000108417	188	141	151	93	170
ENSG00000192267	387	229	210	168	377
ENSG00000115622	4425	10646	11478	10291	9343
ENSG00000125072	560	542	953	525	758
ENSG00000163286	202	145	269	275	251
ENSG00000232423	849	1658	1680	1698	1226
ENSG00000104612	2	4	8	9	13
ENSG00000101381	38	45	36	43	56
ENSG00000114666	310	160	167	290	211
ENSG00000203935	11	13	16	15	30
ENSG00000153741	138	70	152	106	197
ENSG00000236897	94	87	48	63	77
ENSG00000202546	176	71	60	77	97
ENSG00000230161	67	28	42	65	53
ENSG00000171268	260	209	207	112	86
ENSG00000192245	827	880	1179	642	1283
ENSG00000136404	98	45	56	76	96
ENSG00000222675	348	170	219	177	399
ENSG00000120625	194	350	320	352	441
ENSG00000198037	63	42	47	41	75
ENSG00000127374	112	120	57	86	86
ENSG00000229786	1117	1417	905	702	765
ENSG00000218453	7	12	12	12	7
ENSG00000166510	284	191	111	152	184
ENSG00000210845	247	165	109	258	139
ENSG00000242663	60	33	60	53	54
ENSG00000224400	1	0	2	4	5
ENSG00000135339	682	225	494	624	329
ENSG00000150297	15959	12190	26056	14774	8871
ENSG00000122747	65	84	73	73	104
ENSG00000188015	592	915	448	350	598
ENSG00000179222	208	219	395	179	183
ENSG00000171238	222	226	428	263	302
ENSG00000115759	66	38	106	88	92
ENSG00000208689	124	294	223	240	341
ENSG00000148983	23	35	31	23	17
ENSG00000198644	172	91	75	118	97
ENSG00000201449	163	107	152	249	58
ENSG00000197109	182	101	230	117	100
ENSG00000152283	50	26	39	19	35
ENSG00000104917	960	512	1435	555	793
ENSG00000232530	11	9	8	3	6
ENSG00000157209	2	4	6	14	6
ENSG00000154085	440	132	255	134	172
ENSG00000228400	5	11	7	7	6
ENSG00000243264	11693	11297	8008	4277	10753
ENSG00000239161	23	15	7	11	20
ENSG00000103764	70	55	53	70	56
ENSG00000220680	1696	1652	1885	1543	2608
ENSG00000198615	7	14	14	6	11
ENSG00000141858	2835	2489	5161	3390	5088
ENSG00000108463	2926	1561	1946	2660	2888
ENSG00000239631	1480	1058	1543	1415	944
ENSG00000188065	249	212	81	117	86
ENSG00000119886	2341	3583	2850	1645	3088
ENSG00000225131	123	162	92	115	150
ENSG00000177165	540	443	935	1531	1169
ENSG00000165647	14	15	22	23	28
ENSG00000233632	1339	965	1469	1004	693
ENSG00000213775	462	1141	1117	449	740
ENSG00000147012	1612	658	630	647	483
ENSG00000240826	1101	918	883	863	1472
ENSG00000155625	35	36	27	22	16
ENSG00000157316	986	817	1297	1839	822
ENSG00000211981	102	79	40	103	67
ENSG00000232596	148	209	258	182	225
ENSG00000121309	569	284	412	363	483
ENSG00000126167	40	48	63	97	38
ENSG00000208294	785	1094	987	955	536
ENSG00000203511	82	42	65	119	69
ENSG00000182947	552	260	830	640	515
ENSG00000187588	147	156	142	169	219
ENSG00000197933	36	24	15	68	14
ENSG00000147184	519	1353	761	1192	968
ENSG00000119407	253	147	110	162	177
ENSG00000118452	494	507	425	443	249
ENSG00000106768	45	84	70	42	64
ENSG00000151275	11	4	7	9	7
ENSG00000123613	562	703	688	1646	1136
ENSG00000171866	2	3	4	2	1
ENSG00000183369	13	21	26	65	55
ENSG00000159715	4	6	3	3	0
ENSG00000240475	414	342	229	248	468
ENSG00000167363	3	1	3	4	3
ENSG00000130175	468	752	595	617	569
ENSG00000159496	22243	19438	18822	16897	20093
ENSG00000134346	17	10	11	22	14
ENSG00000186765	1069	826	1045	636	1223
ENSG00000109904	18297	7014	6466	9519	4737
ENSG00000207446	23	12	12	3	8
ENSG00000248917	198	182	213	180	259
ENSG00000137232	58	18	28	17	70
ENSG00000102688	173	101	141	158	121
ENSG00000109005	70	98	98	144	56
ENSG00000138272	5237	9618	5839	5788	12648
ENSG00000130875	353	385	492	233	119
ENSG00000220105	27259	21327	32144	35357	45754
ENSG00000170901	12985	15870	17043	15088	11650
ENSG00000225508	820	1524	1715	1646	2048
ENSG00000120968	76	97	67	104	74
ENSG00000227984	67	74	50	58	55
ENSG00000110758	59	55	53	72	17
ENSG00000178944	749	685	558	455	1025
ENSG00000199997	249	137	337	105	286
ENSG00000227849	379	143	221	314	293
ENSG00000224115	383	394	366	356	441
ENSG00000229221	16457	10724	10669	7058	14590
ENSG00000227775	137	107	215	131	141
ENSG00000147816	93	91	235	149	49
ENSG00000229335	338	578	665	317	380
ENSG00000124455	437	410	403	356	369
ENSG00000246733	4897	2427	1277	1162	2481
ENSG00000145607	2842	2288	2823	4527	2647
ENSG00000149433	54	44	44	43	35
ENSG00000139177	331	669	672	583	549
ENSG00000171790	80	85	73	70	65
ENSG00000205501	482	500	489	727	619
ENSG00000231975	47	101	85	82	116
ENSG00000192081	31	13	25	21	37
ENSG00000193093	90	94	78	133	107
ENSG00000101474	372	446	311	194	430
ENSG00000214660	15	11	18	18	24
ENSG00000146340	358	191	561	283	500
ENSG00000101696	106	150	120	142	187
ENSG00000207311	65	71	134	43	93
ENSG00000104892	454	485	596	342	535
ENSG00000146989	582	792	485	635	887
ENSG00000160962	85	64	139	85	111
ENSG00000122925	0	1	2	0	0
ENSG00000172945	59	13	16	55	32
ENSG00000112944	2220	1359	1598	1713	1255
ENSG00000192170	11	13	9	7	5
ENSG00000100050	227	267	262	101	275
ENSG00000208777	0	4	6	3	1
ENSG00000157227	6987	11268	10358	8741	17433
ENSG00000234856	47	43	34	29	35
ENSG00000168370	392	654	970	896	289
ENSG00000189083	49	48	47	66	28
ENSG00000116635	427	124	364	171	167
ENSG00000210865	1564	2643	2081	1359	1768
ENSG00000161148	110	238	102	176	181
ENSG00000174892	12	23	21	33	10
ENSG00000185713	5229	2327	2204	2221	1337
ENSG00000222738	39	153	77	48	124
ENSG00000109194	3039	3568	4023	3379	2752
ENSG00000243278	24	31	17	51	19
ENSG00000141208	113	88	80	57	82
ENSG00000178986	458	688	504	585	1072
ENSG00000108464	781	517	1142	874	1124
ENSG00000157308	561	1006	941	779	592
ENSG00000153103	34	39	65	22	17
ENSG00000179547	396	196	614	275	373
ENSG00000147081	2	6	12	6	5
ENSG00000208533	494	966	975	428	514
ENSG00000224911	197	64	212	311	210
ENSG00000178547	2031	793	876	942	1368
ENSG00000184326	67	79	101	92	73
ENSG00000108671	103	79	84	123	195
ENSG00000222220	743	896	730	659	560
ENSG00000106452	11	17	10	10	8
ENSG00000117746	101	86	72	46	40
ENSG00000201949	1465	1110	1112	1418	928
ENSG00000224405	388	703	364	976	723
ENSG00000132308	43	96	52	74	95
ENSG00000136871	35	62	39	32	31
ENSG00000134021	20	8	10	22	12
ENSG00000162692	38	91	61	75	67
ENSG00000198200	2909	808	1134	788	666
ENSG00000163311	245	226	200	304	183
ENSG00000116808	22	22	22	21	14
ENSG00000243041	48	24	18	47	18
ENSG00000165213	683	288	603	799	783
ENSG00000218830	2	2	0	1	3
ENSG00000154853	5172	3458	3312	2532	3249
ENSG00000239080	1	0	2	1	0
ENSG00000101107	137	238	129	101	177
ENSG00000138172	38	41	39	32	32
ENSG00000128639	40	14	21	17	14
ENSG00000106896	63	26	32	50	37
ENSG00000179732	374	285	251	87	225
ENSG00000245356	57	92	47	96	145
ENSG00000104634	83	74	58	85	37
ENSG00000180392	9121	3629	2227	7327	3281
ENSG00000162312	435	347	201	184	405
ENSG00000213294	73	106	138	86	165
ENSG00000211428	10	7	4	5	9
ENSG00000153302	96	66	110	113	66
ENSG00000162530	156	90	85	112	164
ENSG00000196084	728	764	529	483	334
ENSG00000208485	110	52	167	252	159
ENSG00000197454	102	114	116	151	137
ENSG00000208093	41	68	37	114	46
ENSG00000189248	861	737	810	620	481
ENSG00000172937	3	3	4	6	5
ENSG00000213022	603	137	187	100	292
ENSG00000126877	3395	1739	1589	1641	1918
ENSG00000159608	3	1	0	1	2
ENSG00000193332	2804	1393	959	2351	2159
ENSG00000152546	359	501	488	338	493
ENSG00000238515	322	346	204	363	178
ENSG00000208961	37	13	17	25	19
ENSG00000140023	25	34	26	36	33
ENSG00000128613	17	17	11	34	34
ENSG00000239503	43478	37953	56220	65799	57385
ENSG00000228957	32	18	16	17	27
ENSG00000178808	17959	25735	15655	20969	21093
ENSG00000194658	140	57	84	88	54
ENSG00000143545	13	25	21	21	15
ENSG00000166200	842	461	197	617	611
ENSG00000120858	102	140	68	80	59
ENSG00000224701	24	18	31	25	23
ENSG00000206964	86	46	79	54	55
ENSG00000137164	446	545	595	788	646
ENSG00000210287	82	57	88	79	83
ENSG00000227231	30	30	86	54	39
ENSG00000239748	226	94	161	142	189
ENSG00000224703	641	456	244	381	248
ENSG00000240390	5	11	8	6	17
ENSG00000123140	1957	1209	1940	2496	1899
ENSG00000142230	21	15	15	12	16
ENSG00000226207	365	117	91	127	188
ENSG00000126244	667	1165	1016	1128	2156
ENSG00000119295	569	487	251	207	469
ENSG00000206012	95	127	65	106	52
ENSG00000119322	145	82	96	69	108
ENSG00000102996	132	170	219	103	88
ENSG00000102152	2015	1811	2173	609	2838
ENSG00000174164	122	187	174	140	264
ENSG00000142424	4813	1031	1900	1837	1114
ENSG00000151723	242	144	132	232	104
ENSG00000178975	18660	13119	13465	13479	11217
ENSG00000102443	246	187	351	298	353
ENSG00000191889	2592	2004	2451	2759	2665
ENSG00000224127	11	29	13	15	10
ENSG00000108495	160	165	155	194	149
ENSG00000102140	923	617	706	736	523
ENSG00000244178	4	7	6	4	5
ENSG00000218633	29	59	50	42	38
ENSG00000222771	24	28	25	27	28
ENSG00000220399	618	294	442	835	444
ENSG00000172792	28	24	20	32	27
ENSG00000225910	185	122	343	190	161
ENSG00000178469	201	82	111	83	172
ENSG00000196229	328	119	77	63	61
ENSG00000117702	7	2	1	4	2
ENSG00000131433	430	533	852	591	356
ENSG00000159384	6	2	3	4	0
ENSG00000114413	1900	1613	1583	1825	1368
ENSG00000135757	243	206	166	186	204
ENSG00000128873	21	44	22	20	34
ENSG00000209844	205	100	44	86	96
ENSG00000154842	6	6	6	4	8
ENSG00000100422	140	72	54	79	47
ENSG00000171230	178	148	149	168	135
ENSG00000178323	13503	5493	8414	16366	18758
ENSG00000192082	5	4	8	8	10
ENSG00000151371	86	125	72	116	142
ENSG00000163369	14	27	21	27	11
ENSG00000145568	377	513	744	528	428
ENSG00000130690	2706	2864	3528	1508	1871
ENSG00000161861	13	29	15	7	35
ENSG00000101515	193	323	286	277	151
ENSG00000202269	997	1332	1057	1934	1126
ENSG00000140917	84	52	65	72	71
ENSG00000189174	84	86	92	101	59
ENSG00000110069	54	83	58	50	75
ENSG00000145545	211	199	235	173	189
ENSG00000115879	278	235	278	137	213
ENSG00000229998	25	25	43	36	34
ENSG00000155167	106	90	50	56	76
ENSG00000247097	40	22	25	25	11
ENSG00000125383	175	280	235	250	240
ENSG00000117268	282	271	152	170	180
ENSG00000171283	1419	1961	1548	1377	921
ENSG00000198801	167	67	175	78	101
ENSG00000209954	52	102	60	80	67
ENSG00000124729	9	15	9	4	2
ENSG00000198953	503	460	1482	744	651
ENSG00000155630	200	339	99	156	204
ENSG00000187933	66	38	78	93	72
ENSG00000158166	383	282	492	323	302
ENSG00000177671	1642	1637	1214	1797	1982
ENSG00000100249	608	779	526	429	449
ENSG00000192248	416	304	261	595	293
ENSG00000220919	665	914	652	721	513
ENSG00000186337	19	24	14	32	23
ENSG00000147389	51	73	110	116	183
ENSG00000180878	298	458	235	385	342
ENSG00000167027	3	4	8	9	15
ENSG00000170085	142	54	143	106	90
ENSG00000229043	2389	808	2223	1087	2329
ENSG00000208042	10	11	18	11	18
ENSG00000130663	47	75	127	78	53
ENSG00000179521	82	136	92	103	107
ENSG00000132402	1014	700	1182	1016	1755
ENSG00000168470	9	13	4	22	24
ENSG00000241588	377	849	428	664	652
ENSG00000121536	2165	1962	2241	2757	3651
ENSG00000170062	192	291	190	210	277
ENSG00000204742	17	13	22	44	15
ENSG00000210557	4934	2274	4135	3597	3178
ENSG00000166950	696	470	923	357	481
ENSG00000151859	186	449	496	278	524
ENSG00000173385	1959	2795	2200	2264	3775
ENSG00000139735	633	312	295	396	242
ENSG00000120356	161	92	91	116	108
ENSG00000102935	7	8	7	8	13
ENSG00000154943	4420	6424	2985	3234	4461
ENSG00000201721	121	113	117	95	153
ENSG00000137351	91	70	137	123	66
ENSG00000185908	348	595	694	531	567
ENSG00000225596	1460	1059	545	1059	1048
ENSG00000139052	11	45	24	23	18
ENSG00000139911	87	200	130	169	77
ENSG00000125168	32	49	76	53	18
ENSG00000167104	25	16	18	31	24
ENSG00000157203	50	49	26	48	46
ENSG00000141513	31	86	44	50	44
ENSG00000135575	57	84	80	162	188
ENSG00000156357	17	10	7	7	6
ENSG00000173125	35	28	30	30	29
ENSG00000220084	1181	490	351	662	490
ENSG00000207147	14	10	7	13	11
ENSG00000170039	122	92	142	112	86
ENSG00000241680	13	7	13	1	16
ENSG00000168075	47	48	32	41	55
ENSG00000147298	191	87	98	149	196
ENSG00000197794	478	572	419	786	348
ENSG00000154382	293	708	393	1486	755
ENSG00000245936	17	22	21	14	31
ENSG00000237732	1857	1809	1749	1053	1362
ENSG00000216073	9	6	10	19	14
ENSG00000113355	975	1103	1427	1038	2477
ENSG00000194019	8	7	14	14	5
ENSG00000106069	13	20	33	23	13
ENSG00000191807	204	530	242	294	604
ENSG00000114626	50	86	44	53	120
ENSG00000163050	1576	757	658	579	1162
ENSG00000142893	383	342	238	327	157
ENSG00000201379	157	169	160	251	131
ENSG00000188734	1406	1118	1132	1944	1069
ENSG00000133304	83	127	87	106	60
ENSG00000191817	56	93	80	39	57
ENSG00000138180	239	215	169	350	382
ENSG00000222271	417	170	184	117	160
ENSG00000223370	411	221	305	185	358
ENSG00000130829	505	336	351	387	297
ENSG00000120916	1310	989	1204	833	1488
ENSG00000141481	64	48	38	60	47
ENSG00000121894	9	7	8	6	5
ENSG00000213791	201	248	240	196	223
ENSG00000185146	638	451	616	990	793
ENSG00000212651	175	236	226	397	196
ENSG00000242529	5	20	12	10	13
ENSG00000193792	1	4	3	3	3
ENSG00000238405	15	10	8	6	8
ENSG00000159847	970	238	332	435	345
ENSG00000212772	41	49	39	33	60
ENSG00000228480	1318	1579	1385	891	1678
ENSG00000137679	10738	7430	8825	7559	5228
ENSG00000219399	950	711	627	935	1010
ENSG00000193912	314	303	258	252	419
ENSG00000234438	231	343	136	156	215
ENSG00000201425	666	259	594	361	489
ENSG00000133629	6715	7519	4754	9348	6800
ENSG00000218406	114	95	91	123	91
ENSG00000191687	6	8	16	17	13
ENSG00000134190	531	360	441	562	296
ENSG00000207026	2814	3249	2049	1472	1921
ENSG00000150330	27	19	17	21	7
ENSG00000149615	16	7	13	8	15
ENSG00000221382	5	2	2	5	4
ENSG00000200174	194	170	69	89	120
ENSG00000205403	15	2	14	2	0
ENSG00000160495	1559	1726	3986	7166	2994
ENSG00000248930	6	22	21	14	15
ENSG00000108711	2627	2314	1104	1389	1880
ENSG00000161921	252	318	306	209	374
ENSG00000225741	0	1	2	2	5
ENSG00000116852	338	111	226	170	216
ENSG00000203536	3543	2962	5700	3557	3775
ENSG00000225754	928	766	511	742	807
ENSG00000158987	78	63	92	54	76
ENSG00000124788	143	182	85	146	67
ENSG00000173595	168	161	167	150	333
ENSG00000248284	176	142	135	136	268
ENSG00000179669	164	103	96	179	101
ENSG00000212107	38	27	41	34	15
ENSG00000155347	12	17	20	12	24
ENSG00000226910	0	8	4	3	5
ENSG00000126160	212	138	91	149	224
ENSG00000139791	115	88	111	95	110
ENSG00000195098	25	11	15	9	28
ENSG00000123867	2203	1253	2514	584	1498
ENSG00000168669	32	31	36	34	18
ENSG00000132279	7019	3027	1239	3094	1027
ENSG00000113541	86	26	87	80	94
ENSG00000154184	36	19	43	39	38
ENSG00000129254	447	192	491	382	377
ENSG00000227367	14	15	18	24	14
ENSG00000240247	1062	2052	3071	2864	1692
ENSG00000246274	4870	3224	3455	3344	2629
ENSG00000135798	117	129	115	94	126
ENSG00000202979	331	149	479	365	354
ENSG00000120111	14	17	30	18	29
ENSG00000209104	502	416	209	378	361
ENSG00000121554	1105	1668	1915	993	1742
ENSG00000165484	77	62	58	84	110
ENSG00000195212	261	404	327	488	365
ENSG00000180696	271	295	237	331	345
ENSG00000183545	115	43	134	142	54
ENSG00000205015	6797	4362	4837	5273	5751
ENSG00000197087	19788	18560	13020	12550	16693
ENSG00000218718	17	26	17	24	13
ENSG00000232134	632	659	618	747	400
ENSG00000183036	3	1	1	0	0
ENSG00000228122	155	172	175	181	122
ENSG00000148701	196	256	243	279	362
ENSG00000148284	86	79	63	77	35
ENSG00000161063	115	215	225	168	296
ENSG00000106610	284	407	372	281	264
ENSG00000135082	4094	1838	2339	3774	3028
ENSG00000105817	184	135	87	67	136
ENSG00000112200	43	10	42	30	26
ENSG00000201040	336	279	427	255	490
ENSG00000132527	8300	9923	11001	6505	8744
ENSG00000128874	110	49	80	47	65
ENSG00000138459	2570	2362	1766	2612	1124
ENSG00000114380	315	467	328	244	446
ENSG00000153822	9	13	11	15	14
ENSG00000143950	135	175	134	119	128
ENSG00000193117	51	54	61	54	87
ENSG00000121299	732	536	547	792	529
ENSG00000124951	4	6	13	6	8
ENSG00000177530	376	423	293	212	193
ENSG00000232722	141	141	214	137	159
ENSG00000145614	1	1	0	0	2
ENSG00000129945	116	185	116	117	124
ENSG00000208079	54	32	44	30	29
ENSG00000112651	2626	904	1654	1108	1045
ENSG00000219406	334	299	426	1135	650
ENSG00000232318	1071	643	1237	637	1205
ENSG00000240153	291	246	290	174	123
ENSG00000135188	32	24	11	28	18
ENSG00000191138	1153	1620	1286	1290	2481
ENSG00000147262	1735	678	571	543	650
ENSG00000161102	159	118	163	113	180
ENSG00000178484	307	182	229	193	181
ENSG00000106150	1762	1071	855	702	1674
ENSG00000209195	1118	596	628	695	1098
ENSG00000172829	250	169	126	94	83
ENSG00000209797	156	67	135	67	63
ENSG00000243556	1175	483	1069	927	1573
ENSG00000183421	195	162	133	130	258
ENSG00000120168	34	98	52	67	85
ENSG00000207299	181	243	273	106	253
ENSG00000126389	120	76	77	57	83
ENSG00000128429	316	343	323	458	288
ENSG00000157328	138	78	87	40	41
ENSG00000236753	113	165	195	255	146
ENSG00000101044	357	983	653	290	490
ENSG00000174370	66	69	69	118	109
ENSG00000212335	52	52	55	49	55
ENSG00000222726	220	262	200	272	427
ENSG00000229752	21	21	21	16	30
ENSG00000233573	108	105	122	80	68
ENSG00000149537	287	83	99	90	52
ENSG00000105469	324	248	389	227	171
ENSG00000231754	253	286	208	257	223
ENSG00000223264	126	177	50	62	104
ENSG00000194581	1949	2114	2036	1951	2765
ENSG00000168565	23	20	22	17	35
ENSG00000209019	95	117	128	90	95
ENSG00000151504	1873	4661	3553	3030	1921
ENSG00000143486	64	47	89	54	90
ENSG00000102246	95	75	81	92	207
ENSG00000232711	25	26	13	28	29
ENSG00000234551	289	282	315	135	374
ENSG00000219705	2588	2590	2767	3123	966
ENSG00000102898	121	144	92	139	133
ENSG00000238819	28	38	11	32	31
ENSG00000119647	73	176	122	99	176
ENSG00000236671	11	12	10	3	3
ENSG00000102445	35	45	50	33	34
ENSG00000221730	13535	18210	24099	17165	16989
ENSG00000237426	11	6	3	7	14
ENSG00000181938	20	5	9	15	7
ENSG00000117630	80	117	112	76	51
ENSG00000187676	15	23	21	26	10
ENSG00000116739	117	87	73	105	74
ENSG00000140350	7235	4832	5284	8588	15409
ENSG00000244333	1281	1016	796	1983	1037
ENSG00000244081	25	13	29	26	25
ENSG00000227708	2003	1515	1025	746	1197
ENSG00000221481	2024	651	1500	1620	1249
ENSG00000107984	1125	1219	2288	1227	1380
ENSG00000217474	74	72	94	40	61
ENSG00000141632	299	434	330	181	154
ENSG00000235808	55	64	68	31	57
ENSG00000177243	464	330	399	352	341
ENSG00000198871	334	218	310	181	235
ENSG00000167708	2020	1566	985	752	1159
ENSG00000225198	881	556	656	356	395
ENSG00000112097	203	99	99	68	66
ENSG00000214002	0	0	0	3	1
ENSG00000135506	392	321	429	224	363
ENSG00000167910	640	738	558	1331	683
ENSG00000164842	3882	1195	939	894	981
ENSG00000241113	62	153	161	146	204
ENSG00000149911	223	348	156	365	215
ENSG00000199145	128	104	170	149	190
ENSG00000113201	123	105	68	126	86
ENSG00000138215	4	3	8	4	4
ENSG00000113046	121	53	39	25	29
ENSG00000188969	94	93	48	116	42
ENSG00000203410	6	5	7	7	6
ENSG00000170389	129	59	112	76	132
ENSG00000177813	14	22	40	16	16
ENSG00000181622	985	805	572	406	596
ENSG00000221450	266	202	314	288	105
ENSG00000129218	1	4	4	9	4
ENSG00000164724	1	2	5	4	2
ENSG00000206784	385	406	634	597	713
ENSG00000131289	1113	946	1870	1959	1028
ENSG00000223608	1146	628	750	602	1062
ENSG00000221357	6	4	5	5	5
ENSG00000136090	1980	1052	852	755	433
ENSG00000151995	91	129	74	72	94
ENSG00000220568	1130	1663	1090	945	909
ENSG00000177848	191	318	173	196	163
ENSG00000142498	70	66	92	88	41
ENSG00000244371	99	108	102	73	160
ENSG00000152094	744	747	656	843	660
ENSG00000122557	672	318	259	400	645
ENSG00000104988	23	9	13	11	8
ENSG00000197819	161	89	50	81	96
ENSG00000116716	473	412	595	513	283
ENSG00000131253	286	124	253	271	298
ENSG00000115461	176	162	116	108	221
ENSG00000136168	196	152	233	176	97
ENSG00000149886	7	8	10	19	9
ENSG00000217210	18	3	10	5	14
ENSG00000207991	127	98	192	159	171
ENSG00000197335	108	101	58	130	99
ENSG00000188954	233	209	287	216	155
ENSG00000131394	23	74	27	21	21
ENSG00000182843	36	21	32	30	15
ENSG00000181430	23	51	29	32	22
ENSG00000244973	70	97	73	181	91
ENSG00000211544	270	120	202	147	199
ENSG00000184835	830	683	1185	901	582
ENSG00000150669	895	542	805	550	671
ENSG00000143278	527	386	551	748	507
ENSG00000137302	534	241	463	331	405
ENSG00000210527	2459	2699	2140	3604	2438
ENSG00000148108	1616	2388	923	1847	2774
ENSG00000134522	449	103	101	120	215
ENSG00000152805	7	4	12	18	8
ENSG00000147494	30	70	72	89	109
ENSG00000152237	105	198	288	131	186
ENSG00000233017	197	139	314	161	131
ENSG00000231991	48	41	44	45	49
ENSG00000188105	1203	941	889	884	888
ENSG00000189297	6	4	9	7	4
ENSG00000123456	106	158	147	159	175
ENSG00000147483	70	78	110	107	123
ENSG00000160098	2312	2224	3637	1368	1653
ENSG00000192207	439	311	540	214	359
ENSG00000229550	51	69	26	15	44
ENSG00000108460	5	8	5	9	5
ENSG00000131904	52	40	17	31	18
ENSG00000172817	912	291	430	1000	692
ENSG00000136885	54	60	103	75	95
ENSG00000246294	370	651	338	258	544
ENSG00000190393	517	346	410	257	456
ENSG00000151192	68	164	118	151	160
ENSG00000123172	2948	2632	901	2335	1086
ENSG00000158348	43	22	36	79	27
ENSG00000151905	275	503	376	204	177
ENSG00000128535	1031	916	1342	1074	518
ENSG00000222306	230	274	191	202	259
ENSG00000134130	187	243	291	226	142
ENSG00000128901	28	33	36	32	33
ENSG00000232788	25	9	9	14	24
ENSG00000110009	194	200	125	261	245
ENSG00000173154	216	151	210	189	216
ENSG00000100429	73	36	47	33	45
ENSG00000171882	124	66	66	48	60
ENSG00000201068	121	127	97	103	111
ENSG00000126119	672	445	294	310	239
ENSG00000185191	2069	2071	1593	1052	1647
ENSG00000103692	221	287	256	463	261
ENSG00000140028	127	136	235	115	142
ENSG00000205257	6446	8673	7101	5920	6183
ENSG00000190717	7	4	5	1	3
ENSG00000123909	491	275	332	345	402
ENSG00000145471	75	126	73	73	73
ENSG00000186005	352	207	309	367	310
ENSG00000181032	12359	6135	9051	5627	6297
ENSG00000221179	15	9	20	18	21
ENSG00000198478	31	33	17	30	9
ENSG00000135678	157	208	260	275	161
ENSG00000224183	1350	2417	1770	2006	3295
ENSG00000179861	124	74	45	181	63
ENSG00000112284	230	285	265	133	348
ENSG00000159440	489	235	314	189	180
ENSG00000201508	24	17	29	29	6
ENSG00000171789	248	86	318	344	186
ENSG00000170944	95	85	28	56	54
ENSG00000226167	79	202	131	206	112
ENSG00000213417	329	144	221	124	121
ENSG00000203209	2	8	14	4	4
ENSG00000220808	187	97	88	147	152
ENSG00000154191	135	68	54	75	77
ENSG00000219523	22	88	85	102	116
ENSG00000130852	69	49	101	54	93
ENSG00000138657	629	570	371	321	357
ENSG00000144712	8468	7355	9267	4792	7778
ENSG00000131805	107	147	94	126	157
ENSG00000145919	2775	2453	3838	3727	3994
ENSG00000150557	101	179	117	56	142
ENSG00000213703	118	144	314	207	255
ENSG00000135606	813	1530	806	839	629
ENSG00000249020	198	64	76	60	105
ENSG00000167341	73	35	120	168	111
ENSG00000184529	18	10	21	14	17
ENSG00000217426	4275	4837	4035	5530	2860
ENSG00000102041	12	12	5	5	6
ENSG00000200278	379	190	240	221	186
ENSG00000205134	101	107	104	169	101
ENSG00000154258	564	226	184	155	114
ENSG00000168432	23	6	19	20	20
ENSG00000238571	144	216	294	140	284
ENSG00000102878	468	459	318	335	366
ENSG00000155549	39	21	32	55	40
ENSG00000112972	18	30	57	46	22
ENSG00000164934	1189	546	504	281	677
ENSG00000103285	381	447	404	597	317
ENSG00000239187	388	390	374	232	286
ENSG00000136988	771	1137	983	753	652
ENSG00000159621	212	221	159	295	234
ENSG00000148903	63	45	50	49	49
ENSG00000231014	64	38	42	57	109
ENSG00000101155	510	406	889	460	587
ENSG00000149436	26	32	5	29	10
ENSG00000240789	95	122	87	151	123
ENSG00000113418	11	12	12	6	9
ENSG00000178913	46	31	56	55	48
ENSG00000153178	1923	1662	1881	1121	2105
ENSG00000233758	387	394	596	467	425
ENSG00000140904	84	55	99	83	88
ENSG00000178154	16	20	7	14	9
ENSG00000221912	10	9	7	16	15
ENSG00000126318	22	26	17	10	29
ENSG00000228721	125	208	157	296	57
ENSG00000130426	48	25	34	32	14
ENSG00000180214	453	664	444	378	771
ENSG00000212815	11	23	17	12	9
ENSG00000157275	14913	11604	9973	9923	19627
ENSG00000134235	271	119	223	257	243
ENSG00000171205	555	544	389	603	835
ENSG00000241002	370	119	204	262	297
ENSG00000181227	27	35	36	48	43
ENSG00000189058	42	36	37	35	54
ENSG00000239572	26	16	19	19	27
ENSG00000108267	41	62	50	42	96
ENSG00000240796	9675	12474	7248	8811	16376
ENSG00000171337	174	132	379	208	214
ENSG00000124783	450	650	346	300	736
ENSG00000151844	27	28	27	23	17
ENSG00000136579	30	47	54	73	72
ENSG00000222657	98	62	77	42	104
ENSG00000135207	1	0	2	3	3
ENSG00000188297	0	1	1	1	1
ENSG00000185139	74	29	67	24	40
ENSG00000227465	37	21	27	34	20
ENSG00000131446	7	8	10	5	7
ENSG00000190630	1630	1392	1437	1024	1115
ENSG00000119791	4143	2048	1388	1548	1941
ENSG00000248638	4	11	7	8	14
ENSG00000121892	1379	1034	1294	1854	1485
ENSG00000244068	210	198	192	182	150
ENSG00000105890	18	13	11	11	13
ENSG00000107076	2	9	8	6	4
ENSG00000137138	120	70	121	109	63
ENSG00000119689	9	12	5	18	9
ENSG00000187223	304	315	314	202	276
ENSG00000203019	1131	975	908	822	1009
ENSG00000229151	238	346	244	278	368
ENSG00000225899	25275	36758	48885	59183	57814
ENSG00000173036	425	1236	920	612	749
ENSG00000243497	590	874	1418	1279	1303
ENSG00000191088	402	916	928	727	659
ENSG00000235803	356	428	419	339	275
ENSG00000200709	120	88	224	93	249
ENSG00000242634	302	233	352	409	706
ENSG00000115764	18	21	38	25	17
ENSG00000108546	3761	4818	5612	5331	5757
ENSG00000243935	21	45	26	25	44
ENSG00000121856	3860	4671	7408	3671	7137
ENSG00000217149	733	234	180	252	337
ENSG00000143084	850	1190	583	1081	1413
ENSG00000143422	16	15	9	12	22
ENSG00000116391	23	23	25	13	8
ENSG00000241429	3986	1755	1969	6460	2884
ENSG00000220360	284	502	272	506	401
ENSG00000171304	47	20	27	38	18
ENSG00000170413	34	22	20	15	19
ENSG00000188197	13	36	35	16	30
ENSG00000175961	45	56	57	42	61
ENSG00000246174	589	983	744	1661	1076
ENSG00000159474	12503	5189	3285	4753	5751
ENSG00000153858	471	658	623	558	632
ENSG00000204786	699	1097	867	676	692
ENSG00000114057	759	518	392	457	139
ENSG00000177107	28	36	26	38	17
ENSG00000216050	278	100	262	308	233
ENSG00000136839	362	406	486	410	613
ENSG00000151990	735	657	828	885	1102
ENSG00000120976	48	65	78	61	101
ENSG00000182971	644	397	643	677	470
ENSG00000215944	4256	6813	7162	5127	4398
ENSG00000228649	39641	12453	15006	13270	9685
ENSG00000212236	1096	1678	313	721	543
ENSG00000210543	5	7	13	15	10
ENSG00000115570	73	111	85	96	97
ENSG00000188369	688	910	919	640	637
ENSG00000222412	67	42	30	14	36
ENSG00000151069	70	70	72	44	34
ENSG00000145969	1580	766	1004	573	706
ENSG00000128969	8	8	10	12	5
ENSG00000111907	2776	2816	3101	5275	3144
ENSG00000163253	227	245	168	158	261
ENSG00000153681	118	111	101	157	107
ENSG00000154164	66	117	72	90	75
ENSG00000123200	21	33	24	38	17
ENSG00000210120	4263	4833	4398	2516	4277
ENSG00000247605	1084	908	642	822	1022
ENSG00000123029	68	99	93	157	122
ENSG00000212573	1886	1756	1534	1674	1540
ENSG00000159658	558	199	211	484	221
ENSG00000166785	99	99	119	41	78
ENSG00000160026	40	36	61	23	23
ENSG00000186853	1077	1761	1398	1842	1979
ENSG00000129690	28	18	52	52	50
ENSG00000234013	82	76	60	101	38
ENSG00000236359	22	3	8	19	13
ENSG00000158576	73	74	177	92	95
ENSG00000246481	6	4	10	3	8
ENSG00000163354	18	13	19	35	54
ENSG00000100543	189	296	290	257	124
ENSG00000170405	642	554	469	646	419
ENSG00000149357	18459	15219	11731	23194	9005
ENSG00000226470	61	92	90	82	136
ENSG00000144941	60	70	31	32	86
ENSG00000122327	39	36	49	23	30
ENSG00000145340	766	1237	1022	1353	996
ENSG00000139599	153	332	286	185	119
ENSG00000168905	16	31	28	15	21
ENSG00000218911	277	382	282	463	365
ENSG00000127771	121	126	185	130	184
ENSG00000132635	215	156	166	134	154
ENSG00000176184	47	98	41	55	66
ENSG00000243532	1494	2464	2066	1259	1536
ENSG00000103136	55	52	64	191	95
ENSG00000107015	416	566	624	313	458
ENSG00000171778	95	165	112	190	119
ENSG00000172159	6465	6491	6367	4954	6383
ENSG00000110350	56	58	44	84	85
ENSG00000131184	731	194	613	397	949
ENSG00000229112	7	5	6	7	12
ENSG00000120730	1447	2279	2789	2015	4860
ENSG00000162521	20	10	9	11	8
ENSG00000158736	30	28	41	25	33
ENSG00000130357	342	143	60	110	111
ENSG00000163633	467	731	560	736	342
ENSG00000135801	70	51	19	43	41
ENSG00000116110	1170	1160	530	858	1252
ENSG00000164007	289	489	364	350	177
ENSG00000218283	984	1169	998	1704	1224
ENSG00000208018	8	11	8	11	10
ENSG00000247618	42	64	71	48	21
ENSG00000247440	26	20	33	43	41
ENSG00000176575	191	242	346	175	232
ENSG00000235075	90	67	96	142	199
ENSG00000232961	335	491	340	324	461
ENSG00000189181	228	324	300	127	360
ENSG00000166700	1476	1219	2013	2079	1792
ENSG00000118632	69	73	44	62	52
ENSG00000130512	12	21	33	16	10
ENSG00000193926	498	500	241	425	504
ENSG00000237420	402	436	264	884	510
ENSG00000185718	289	371	158	214	387
ENSG00000133227	46	131	48	91	48
ENSG00000247410	0	1	0	0	1
ENSG00000242304	1347	2464	1179	3278	2402
ENSG00000105148	262	362	322	257	235
ENSG00000215473	7884	10110	10383	16698	8089
ENSG00000233340	61	44	47	52	58
ENSG00000190555	80	63	83	69	32
ENSG00000176339	2	0	3	0	1
ENSG00000131517	10	14	8	9	19
ENSG00000200784	68	88	38	55	86
ENSG00000164241	107	62	180	65	147
ENSG00000119122	16619	6343	5021	6071	7326
ENSG00000247100	11805	8205	11669	11689	8053
ENSG00000216489	32	56	41	50	47
ENSG00000202515	704	379	294	445	452
ENSG00000248924	1732	2612	1748	1354	1312
ENSG00000140014	509	546	708	752	582
ENSG00000117162	1146	1094	877	1423	1308
ENSG00000193060	16339	22791	17617	26168	27354
ENSG00000201553	391	344	505	346	272
ENSG00000195976	235	350	323	298	291
ENSG00000178839	143	127	90	128	73
ENSG00000229418	366	215	222	245	296
ENSG00000213505	263	143	183	167	285
ENSG00000134748	90	152	88	77	86
ENSG00000217126	279	108	51	105	123
ENSG00000208613	47	50	37	57	32
ENSG00000130354	102	39	45	43	70
ENSG00000137447	25	19	21	27	14
ENSG00000222650	414	179	359	333	354
ENSG00000190382	298	155	153	213	157
ENSG00000153993	5	6	2	5	4
ENSG00000171658	1666	1082	703	758	1195
ENSG00000115884	2708	988	3288	2399	1435
ENSG00000246962	1334	1219	633	1394	835
ENSG00000193958	525	463	486	728	457
ENSG00000206858	408	480	412	685	319
ENSG00000197600	244	304	514	362	330
ENSG00000170408	58	86	83	46	57
ENSG00000185178	89	90	92	94	85
ENSG00000171811	23	23	25	16	41
ENSG00000183889	65	33	48	29	40
ENSG00000205002	12	3	7	16	2
ENSG00000212382	153	221	138	166	188
ENSG00000200223	145	271	265	183	201
ENSG00000130936	5758	6625	7341	3412	7083
ENSG00000243885	471	319	398	316	350
ENSG00000185337	602	636	472	355	522
ENSG00000142522	70	47	38	33	55
ENSG00000243638	120	249	140	187	90
ENSG00000192540	13	15	12	29	10
ENSG00000225564	297	457	336	501	214
ENSG00000238028	104350	29947	40368	65895	84652
ENSG00000238116	117	98	72	75	102
ENSG00000207624	3	7	3	1	2
ENSG00000117172	6044	2346	3394	2899	2996
ENSG00000140349	1990	1726	1016	1331	745
ENSG00000111820	25	22	29	33	13
ENSG00000158304	161	293	514	404	198
ENSG00000176140	66	26	32	64	45
ENSG00000194913	756	748	598	890	558
ENSG00000220472	44	18	20	31	26
ENSG00000106269	230	441	312	214	277
ENSG00000208577	2045	3092	1331	979	2426
ENSG00000226465	316	307	329	172	314
ENSG00000149982	1316	1153	1489	885	1200
ENSG00000126218	434	711	500	695	441
ENSG00000138848	176	138	134	132	110
ENSG00000160281	218	135	208	205	263
ENSG00000237445	104	126	135	50	94
ENSG00000152095	865	758	549	530	435
ENSG00000208746	489	551	270	451	449
ENSG00000106673	1439	3354	1667	1080	2840
ENSG00000200615	557	228	463	308	420
ENSG00000133057	160	271	233	186	272
ENSG00000101442	140	75	84	79	101
ENSG00000106539	103	112	79	108	216
ENSG00000244257	298	177	342	157	224
ENSG00000159662	2036	2785	2407	1524	1680
ENSG00000140196	1712	683	756	500	892
ENSG00000165930	12633	9530	8863	10280	10269
ENSG00000169624	89	55	67	59	79
ENSG00000132059	67	103	42	71	46
ENSG00000145264	59	19	40	47	25
ENSG00000102603	1102	584	423	682	745
ENSG00000108619	125	79	82	106	29
ENSG00000114054	2427	1088	2125	1583	957
ENSG00000120731	474	381	329	325	456
ENSG00000140710	5	3	1	4	1
ENSG00000176353	12451	7218	15299	7451	8636
ENSG00000246437	123	182	175	147	149
ENSG00000216366	67	47	49	58	40
ENSG00000127536	699	840	1055	354	733
ENSG00000174657	31	23	22	24	40
ENSG00000122094	128	200	99	155	105
ENSG00000209236	52	35	42	49	40
ENSG00000185055	19	15	16	15	24
ENSG00000131647	13	11	5	11	2
ENSG00000219610	245	428	447	555	674
ENSG00000222417	343	89	137	259	144
ENSG00000245802	106	298	166	186	138
ENSG00000191610	56	83	78	92	102
ENSG00000173082	54	15	43	34	27
ENSG00000239934	248	287	150	344	149
ENSG00000108750	106	49	66	143	86
ENSG00000119663	3256	1359	1969	3721	1608
ENSG00000124571	72	73	40	50	30
ENSG00000117969	329	221	262	480	348
ENSG00000161626	18	19	33	21	10
ENSG00000120415	87	102	112	120	86
ENSG00000189933	56	21	17	28	38
ENSG00000141239	67732	18555	45602	24088	18944
ENSG00000103919	1162	1959	2501	2189	1696
ENSG00000239083	328	121	92	151	199
ENSG00000224961	1769	2101	2414	1794	1155
ENSG00000116858	4380	4463	2841	4911	4865
ENSG00000143028	670	1527	794	1272	809
ENSG00000100817	7	1	2	1	4
ENSG00000133135	697	1563	1539	1914	1383
ENSG00000232729	255	152	120	164	142
ENSG00000225631	140	107	69	116	104
ENSG00000128098	2702	750	600	987	865
ENSG00000181646	225	278	206	164	166
ENSG00000104208	9	5	7	3	1
ENSG00000143964	32	21	14	15	14
ENSG00000157861	65	136	73	134	84
ENSG00000204672	344	503	324	371	898
ENSG00000152489	339	398	465	269	753
ENSG00000141532	3	0	1	1	1
ENSG00000200355	63	71	76	107	53
ENSG00000181376	4	2	6	6	10
ENSG00000188378	0	1	1	5	1
ENSG00000112052	6	1	11	12	7
ENSG00000188949	11	12	18	9	11
ENSG00000139747	54	16	42	29	19
ENSG00000181673	108	105	71	73	129
ENSG00000243724	5001	4373	3079	2563	2892
ENSG00000175558	412	477	695	589	601
ENSG00000188340	755	679	799	797	792
ENSG00000184697	176	121	208	171	131
ENSG00000209445	4102	2104	2816	1986	2436
ENSG00000125081	46541	34230	43759	41304	56918
ENSG00000206114	769	820	891	1542	813
ENSG00000203546	100	73	69	44	55
ENSG00000237334	50	40	40	35	35
ENSG00000166094	78	128	117	60	98
ENSG00000119565	1450	555	647	874	886
ENSG00000221315	83	53	49	34	34
ENSG00000216445	10	6	12	16	7
ENSG00000212157	543	468	286	194	831
ENSG00000158164	20258	17362	13026	14704	14542
ENSG00000115286	148	160	152	97	45
ENSG00000240733	464	581	451	385	478
ENSG00000161057	277	439	271	319	356
ENSG00000128640	131	125	93	161	118
ENSG00000149782	397	623	300	419	339
ENSG00000100620	2970	2150	2775	3308	5746
ENSG00000240162	27	77	63	46	28
ENSG00000117120	960	468	466	602	800
ENSG00000184962	691	1063	955	1508	706
ENSG00000162629	1296	903	1352	1273	714
ENSG00000134210	123	118	282	308	155
ENSG00000247060	1	2	0	2	0
ENSG00000137469	1046	718	1004	750	880
ENSG00000222908	304	363	684	689	455
ENSG00000194098	242	116	289	205	254
ENSG00000217081	126	67	56	57	81
ENSG00000141608	23	60	15	19	24
ENSG00000170017	615	394	529	905	746
ENSG00000238450	1463	973	1075	388	490
ENSG00000149501	51	39	35	59	54
ENSG00000108767	55	67	18	49	35
ENSG00000181520	53	183	214	157	178
ENSG00000110865	30	44	31	54	43
ENSG00000199661	130	97	141	168	121
ENSG00000105573	1344	1742	968	1029	1164
ENSG00000124480	86	183	277	131	260
ENSG00000105850	255	87	31	72	79
ENSG00000177219	674	952	308	746	456
ENSG00000136288	1	4	2	1	3
ENSG00000114880	12	13	12	14	15
ENSG00000207158	266	357	284	476	707
ENSG00000111624	925	925	987	471	443
ENSG00000140269	29	27	17	11	24
ENSG00000222646	6794	4020	5020	8382	7279
ENSG00000194390	5615	4476	6666	3000	10287
ENSG00000141178	162	146	124	186	184
ENSG00000157638	3851	2144	1677	1905	1567
ENSG00000248275	669	936	1468	1146	1199
ENSG00000231065	13	16	17	17	22
ENSG00000209614	524	708	321	830	477
ENSG00000227853	89	131	105	104	89
ENSG00000170375	83	114	142	259	82
ENSG00000133732	117	94	87	193	64
ENSG00000247231	6	5	3	5	3
ENSG00000237267	82	278	201	86	197
ENSG00000160703	8992	7186	8693	7686	10077
ENSG00000171092	24	58	107	58	67
ENSG00000176886	833	704	657	1594	1084
ENSG00000175437	4	2	9	6	6
ENSG00000235257	426	577	1273	975	971
ENSG00000216210	28	34	44	38	31
ENSG00000239754	342	425	301	186	386
ENSG00000223764	1214	1033	1117	923	1024
ENSG00000126599	9	10	4	3	15
ENSG00000248409	75	85	64	64	76
ENSG00000209350	1438	747	740	964	543
ENSG00000241531	181	396	277	194	474
ENSG00000172272	2	6	0	3	0
ENSG00000188870	168	134	108	271	222
ENSG00000165472	4	8	9	9	3
ENSG00000234214	172	72	99	150	68
ENSG00000246260	9	4	3	7	2
ENSG00000130540	0	1	0	2	2
ENSG00000198539	221	157	203	164	181
ENSG00000137439	14	14	7	17	15
ENSG00000219707	773	723	890	913	704
ENSG00000163567	225	485	311	374	291
ENSG00000114436	167	141	122	170	176
ENSG00000240546	1042	681	892	658	1016
ENSG00000211990	110	56	91	89	104
ENSG00000157697	547	429	526	562	390
ENSG00000196373	128	70	129	143	137
ENSG00000198258	0	0	1	0	1
ENSG00000237381	95	81	177	84	211
ENSG00000174470	15	7	5	3	5
ENSG00000134347	38	80	48	50	74
ENSG00000107475	745	803	700	767	710
ENSG00000247123	20	21	4	3	30
ENSG00000209386	609	444	797	971	707
ENSG00000206186	1071	763	433	302	875
ENSG00000167965	16168	12036	4379	13369	3744
ENSG00000147840	508	393	387	590	813
ENSG00000246429	4	15	8	6	14
ENSG00000157175	164	109	83	104	82
ENSG00000130708	3	8	1	3	9
ENSG00000130379	60	99	123	77	168
ENSG00000125219	129	53	57	76	78
ENSG00000108042	1542	2108	911	1340	2037
ENSG00000184515	39	88	99	66	91
ENSG00000199350	14	27	15	39	26
ENSG00000197601	20	32	28	31	29
ENSG00000189113	86	120	78	63	54
ENSG00000227714	7	9	5	11	7
ENSG00000103263	103	62	79	133	105
ENSG00000227567	83	40	108	121	84
ENSG00000152711	43	41	78	41	25
ENSG00000175876	11	22	21	7	8
ENSG00000245491	76	63	70	63	49
ENSG00000202470	87	147	179	145	62
ENSG00000166354	553	918	700	755	342
ENSG00000119225	115	110	75	124	101
ENSG00000233421	704	711	887	452	906
ENSG00000182197	5	4	4	7	5
ENSG00000240107	1489	579	662	623	744
ENSG00000208288	1	2	2	2	4
ENSG00000136483	13	19	14	26	20
ENSG00000171265	118	224	174	90	102
ENSG00000167597	98	100	127	29	69
ENSG00000156930	647	1057	406	1031	397
ENSG00000158319	354	430	325	765	299
ENSG00000104131	507	472	472	473	836
ENSG00000131678	115	146	98	187	65
ENSG00000140176	41	25	51	30	31
ENSG00000148240	796	703	475	454	486
ENSG00000235850	128	144	224	209	137
ENSG00000219507	177	197	168	223	202
ENSG00000161819	200	161	247	76	165
ENSG00000202456	144	113	128	127	81
ENSG00000140150	346	254	120	294	266
ENSG00000147765	191	313	264	215	306
ENSG00000198879	51	56	57	40	113
ENSG00000192846	6	12	6	16	14
ENSG00000105094	218	271	273	168	208
ENSG00000239621	52	70	88	64	48
ENSG00000122156	59	65	57	96	59
ENSG00000223066	242	223	291	203	192
ENSG00000232014	32	22	24	28	41
ENSG00000228921	88	77	97	92	157
ENSG00000246828	104	162	145	135	169
ENSG00000239776	779	540	918	923	790
ENSG00000193320	9814	6857	13991	18803	10054
ENSG00000212930	88	159	90	168	113
ENSG00000131089	528	190	213	487	338
ENSG00000147898	57	71	67	44	51
ENSG00000235110	2188	2330	3307	2456	2034
ENSG00000146575	396	582	205	185	307
ENSG00000139868	910	758	1009	1244	748
ENSG00000181959	3334	1917	2786	4251	2279
ENSG00000142746	8023	15382	18357	14129	7509
ENSG00000190608	166	149	73	168	132
ENSG00000161196	20	7	16	17	9
ENSG00000118647	184	235	144	159	113
ENSG00000156831	3	3	4	7	4
ENSG00000238195	39584	76976	30943	31313	51822
ENSG00000110609	144	118	226	114	135
ENSG00000129843	52	38	59	40	38
ENSG00000135276	3899	3483	2008	1918	2214
ENSG00000195208	162	148	91	57	85
ENSG00000130883	1487	1966	1240	1875	1603
ENSG00000135543	10	6	22	12	14
ENSG00000218384	7	3	4	4	4
ENSG00000158328	234	433	304	249	572
ENSG00000203409	8	4	8	11	8
ENSG00000187007	12	11	8	20	11
ENSG00000191086	1367	1707	1209	972	1184
ENSG00000132267	88	22	37	93	54
ENSG00000209691	110	62	146	47	214
ENSG00000154261	136	69	86	69	29
ENSG00000194911	588	1513	875	943	688
ENSG00000240469	112	157	113	112	126
ENSG00000219926	50	36	100	99	65
ENSG00000140669	41	42	43	33	79
ENSG00000209413	517	306	190	261	284
ENSG00000139516	509	960	456	434	416
ENSG00000211476	15	13	9	7	6
ENSG00000226330	1322	954	561	1120	712
ENSG00000239920	209	37	100	122	58
ENSG00000133242	215	314	341	186	244
ENSG00000146507	495	345	547	583	649
ENSG00000192192	87	51	48	21	49
ENSG00000180375	3	3	2	3	5
ENSG00000102858	8	4	7	1	8
ENSG00000178273	1317	738	1015	1614	933
ENSG00000196579	1243	1237	2483	1477	1370
ENSG00000143685	48232	33988	41267	49190	76529
ENSG00000245048	52	61	42	120	106
ENSG00000213563	790	1067	744	664	753
ENSG00000140438	152	137	209	70	135
ENSG00000126358	16	9	27	29	11
ENSG00000191300	794	888	748	723	845
ENSG00000244192	254	423	184	348	368
ENSG00000153030	265	289	555	206	260
ENSG00000227816	106	100	142	136	136
ENSG00000173281	428	602	348	731	276
ENSG00000121783	117	137	122	180	160
ENSG00000142827	1084	2271	769	807	1045
ENSG00000130650	74	76	125	78	108
ENSG00000131968	18	36	39	44	52
ENSG00000202206	3229	5294	3087	7510	1761
ENSG00000116785	3926	7590	6381	6709	5471
ENSG00000133109	2093	1228	818	1265	922
ENSG00000111853	37	20	12	18	21
ENSG00000180344	81	90	45	69	79
ENSG00000234949	0	0	2	1	0
ENSG00000233083	6	7	8	7	7
ENSG00000206763	11794	12380	15295	9847	15392
ENSG00000243059	1	4	5	2	1
ENSG00000128683	370	334	194	369	268
ENSG00000149530	1038	407	1030	783	1074
ENSG00000215949	28	54	35	34	41
ENSG00000183419	1024	542	415	648	649
ENSG00000127613	27	33	38	21	55
ENSG00000109231	1574	761	1339	1070	692
ENSG00000185524	279	164	224	202	197
ENSG00000118352	132	161	142	125	83
ENSG00000157250	114	110	250	176	125
ENSG00000214144	4361	1791	1752	1884	1806
ENSG00000235703	15	20	11	11	16
ENSG00000247823	94	48	41	59	37
ENSG00000179307	2	7	3	7	6
ENSG00000104312	169	31	96	43	90
ENSG00000175098	216	212	177	147	250
ENSG00000249744	132	56	39	85	58
ENSG00000121201	261	240	271	222	122
ENSG00000137265	123	86	42	56	21
ENSG00000203649	4659	4107	4492	4074	6337
ENSG00000238151	729	816	608	655	621
ENSG00000110075	142	118	128	66	209
ENSG00000147854	254	369	335	156	478
ENSG00000179268	69	82	78	76	48
ENSG00000136894	3004	1553	1488	992	1041
ENSG00000163617	10	2	5	8	4
ENSG00000231716	8	14	6	5	6
ENSG00000240463	2	5	7	8	8
ENSG00000178222	1289	1380	1361	966	1260
ENSG00000123624	40452	23864	31865	32734	22465
ENSG00000199063	1673	2709	2137	1119	2849
ENSG00000174574	101	68	82	39	47
ENSG00000129381	248	143	196	118	173
ENSG00000158191	621	464	467	561	366
ENSG00000161653	190	111	56	41	120
ENSG00000189949	80	36	56	98	71
ENSG00000207526	517	620	833	1151	1440
ENSG00000171295	62	18	29	27	14
ENSG00000172330	0	1	1	2	1
ENSG00000160582	5972	5589	10266	9555	5419
ENSG00000190421	1394	1720	2443	1301	1332
ENSG00000213172	74	37	33	45	71
ENSG00000203202	9432	8556	7377	7281	3168
ENSG00000197384	30	19	25	40	16
ENSG00000121685	412	166	202	190	188
ENSG00000176484	126	61	116	105	141
ENSG00000241781	182	291	199	191	244
ENSG00000122920	14	15	17	8	24
ENSG00000144080	185	523	229	325	229
ENSG00000169653	546	731	644	736	673
ENSG00000234748	119	37	128	80	114
ENSG00000137616	237	218	398	169	357
ENSG00000193767	365	474	328	584	379
ENSG00000206935	483	851	594	550	887
ENSG00000155324	853	227	439	354	261
ENSG00000203987	353	497	441	494	467
ENSG00000202392	85	87	122	103	142
ENSG00000160332	35	62	67	37	22
ENSG00000232004	3	2	0	2	1
ENSG00000109347	3371	4952	3149	3761	4339
ENSG00000201686	152	89	159	154	160
ENSG00000219320	414	376	423	409	346
ENSG00000111457	854	319	1103	689	1014
ENSG00000239125	60	59	19	20	80
ENSG00000182558	814	599	344	515	752
ENSG00000152838	41	66	78	89	51
ENSG00000147719	181	178	168	96	108
ENSG00000144831	3	1	1	2	1
ENSG00000160452	525	419	412	524	574
ENSG00000125269	198	291	228	225	271
ENSG00000163749	8	13	13	9	5
ENSG00000137458	778	698	581	587	626
ENSG00000183308	547	635	691	842	722
ENSG00000206215	119	91	64	73	103
ENSG00000179612	12	12	7	10	9
ENSG00000109271	207	166	255	121	149
ENSG00000124864	5	5	9	11	15
ENSG00000223228	336	294	163	107	413
ENSG00000177459	484	698	678	281	512
ENSG00000249497	35	20	26	21	17
ENSG00000122411	2640	1001	1494	1181	1037
ENSG00000174999	18	11	15	21	7
ENSG00000113764	2181	1891	1893	1564	2868
ENSG00000127347	1140	642	552	577	601
ENSG00000172837	79	115	83	112	54
ENSG00000249221	1518	1344	837	856	684
ENSG00000202054	415	930	1015	889	419
ENSG00000120426	7470	6791	11266	7476	11766
ENSG00000117053	263	158	680	229	320
ENSG00000166442	58	44	60	40	44
ENSG00000161808	2118	2361	2563	1497	1611
ENSG00000155631	53	44	41	46	33
ENSG00000173369	18	23	20	21	9
ENSG00000226543	53	53	60	46	18
ENSG00000240287	41	38	22	45	17
ENSG00000162604	22	21	28	40	17
ENSG00000180546	3	0	3	0	2
ENSG00000188380	5752	5953	2205	2522	1846
ENSG00000190097	43	50	51	87	67
ENSG00000202498	183	409	322	251	308
ENSG00000138889	680	468	438	736	361
ENSG00000172132	347	245	406	397	230
ENSG00000138899	6	7	6	15	4
ENSG00000210843	15	27	41	14	20
ENSG00000149706	1417	1025	1390	1866	815
ENSG00000232889	61	47	65	46	62
ENSG00000189843	91	112	147	147	158
ENSG00000173022	373	459	413	377	432
ENSG00000240795	445	441	372	351	656
ENSG00000148990	75	89	82	114	133
ENSG00000153110	707	1150	767	1193	707
ENSG00000112092	21	23	22	30	21
ENSG00000144115	11	6	6	3	8
ENSG00000222064	45	46	30	50	27
ENSG00000233457	594	1562	537	403	607
ENSG00000213947	138	114	131	123	95
ENSG00000216853	101	17	53	41	38
ENSG00000202966	92	110	73	118	57
ENSG00000227999	165	26	59	55	54
ENSG00000108673	1884	944	1381	1502	969
ENSG00000240748	146	83	81	144	138
ENSG00000134802	3834	3914	4051	4813	3181
ENSG00000133901	28	18	7	5	8
ENSG00000177374	49	44	85	47	46
ENSG00000113157	259	257	371	319	394
ENSG00000149968	111	103	177	124	135
ENSG00000126311	1	1	5	6	6
ENSG00000112918	6574	2230	2226	2608	2924
ENSG00000142502	294	133	75	179	157
ENSG00000212791	33	30	50	58	35
ENSG00000224508	28	7	7	7	10
ENSG00000135257	189	146	88	172	98
ENSG00000214828	577	251	242	180	464
ENSG00000185478	240	236	145	176	226
ENSG00000129597	95	181	70	106	130
ENSG00000139616	36	85	43	44	56
ENSG00000135039	1439	834	2203	1217	1551
ENSG00000187810	262	265	163	547	536
ENSG00000146761	301	474	327	255	206
ENSG00000206047	140	129	156	111	244
ENSG00000224165	379	404	320	277	253
ENSG00000181005	452	828	386	659	841
ENSG00000214365	1299	1367	1862	1364	1717
ENSG00000203194	104	58	32	43	89
ENSG00000204053	45	67	33	47	87
ENSG00000140275	26	10	18	25	7
ENSG00000227002	25	7	17	7	13
ENSG00000242697	867	534	1231	1068	796
ENSG00000212259	6467	5528	8240	4548	6809
ENSG00000126352	172	83	172	176	148
ENSG00000174564	131	36	60	91	53
ENSG00000176592	1064	1090	1285	552	1451
ENSG00000163853	11369	13672	19061	8125	19104
ENSG00000177240	42	51	18	28	26
ENSG00000227026	302	269	222	131	216
ENSG00000187182	46	23	25	71	68
ENSG00000174461	460	204	170	237	184
ENSG00000231378	56	11	33	8	15
ENSG00000238865	24	11	29	27	16
ENSG00000161391	8	25	23	14	26
ENSG00000104243	676	373	1088	513	424
ENSG00000187380	143	126	92	123	98
ENSG00000100091	417	273	185	210	215
ENSG00000247415	131	217	154	164	188
ENSG00000140564	59	75	95	112	94
ENSG00000161845	183	145	189	156	117
ENSG00000213572	61	70	121	76	80
ENSG00000169127	1155	2369	2486	1480	2180
ENSG00000149895	1376	2612	1046	1731	1289
ENSG00000167434	615	337	381	297	295
ENSG00000105317	639	1167	1631	1546	2246
ENSG00000137642	395	281	238	172	351
ENSG00000200074	77	75	48	54	129
ENSG00000180520	255	179	50	156	151
ENSG00000224881	116	318	240	255	300
ENSG00000196992	32	46	39	46	28
ENSG00000119182	6	8	9	5	8
ENSG00000152833	221	342	593	329	253
ENSG00000174952	548	757	676	447	510
ENSG00000163048	14	12	19	2	13
ENSG00000175541	4641	6281	6551	4058	4419
ENSG00000135398	21	31	52	42	39
ENSG00000120438	263	117	228	248	257
ENSG00000162914	84	69	72	22	40
ENSG00000234466	39	20	20	11	21
ENSG00000174119	369	220	438	338	127
ENSG00000175376	40	49	40	28	44
ENSG00000248016	534	628	525	294	274
ENSG00000160786	214	177	177	365	181
ENSG00000222507	220	80	109	89	92
ENSG00000105201	818	1164	914	1658	1248
ENSG00000163184	516	234	548	205	365
ENSG00000145087	110	144	125	112	53
ENSG00000151056	194	86	218	179	120
ENSG00000210895	151	112	137	137	125
ENSG00000217774	396	611	260	395	353
ENSG00000226575	22	28	55	24	16
ENSG00000144617	13	10	5	10	8
ENSG00000213483	460	190	196	204	189
ENSG00000114592	177	56	84	88	170
ENSG00000162573	692	295	386	597	530
ENSG00000234331	90	114	77	127	107
ENSG00000116654	61	121	80	77	81
ENSG00000103656	220	288	399	146	551
ENSG00000246638	331	702	782	343	286
ENSG00000163963	454	226	586	329	262
ENSG00000235155	443	220	378	389	420
ENSG00000171269	263	282	304	321	242
ENSG00000183041	12	19	12	8	3
ENSG00000203326	4067	2911	1481	2168	2461
ENSG00000104361	377	115	125	106	308
ENSG00000120381	108	66	57	77	99
ENSG00000159730	6	7	7	7	5
ENSG00000125761	100	265	230	159	231
ENSG00000120110	555	231	357	240	324
ENSG00000149435	309	396	201	376	325
ENSG00000127083	463	466	301	571	535
ENSG00000122745	15	6	1	5	9
ENSG00000114554	8	11	7	18	8
ENSG00000236091	33935	33843	14257	28890	33901
ENSG00000249512	8	6	2	7	9
ENSG00000226200	214	290	143	193	324
ENSG00000243845	233	258	211	346	328
ENSG00000179822	149	75	150	91	77
ENSG00000116480	5	1	2	0	3
ENSG00000180795	65	27	26	75	41
ENSG00000228916	102	128	115	157	152
ENSG00000140885	1	2	1	1	4
ENSG00000116093	1143	715	462	437	357
ENSG00000240868	154	95	239	147	231
ENSG00000209091	35	62	23	52	71
ENSG00000139370	10	21	17	7	28
ENSG00000147461	14	25	16	17	18
ENSG00000232503	1048	2130	1712	1423	2743
ENSG00000177124	970	940	682	1125	502
ENSG00000181685	330	628	570	256	489
ENSG00000187274	1161	595	496	718	443
ENSG00000182658	6	6	8	10	13
ENSG00000209116	261	117	298	181	212
ENSG00000200239	108	158	125	114	89
ENSG00000206028	94	85	187	149	104
ENSG00000202716	21	25	22	22	29
ENSG00000100118	154	127	151	63	129
ENSG00000202278	19	17	18	29	7
ENSG00000191901	1084	660	576	664	485
ENSG00000172728	78	136	101	90	58
ENSG00000199024	1027	899	2143	985	834
ENSG00000121775	237	357	295	177	151
ENSG00000194380	82	121	100	76	96
ENSG00000197922	695	558	507	319	939
ENSG00000143391	858	997	788	822	935
ENSG00000202156	130	50	175	62	118
ENSG00000201540	251	357	330	192	228
ENSG00000237954	118	32	71	54	124
ENSG00000124437	171	371	229	191	214
ENSG00000249818	122	52	103	71	58
ENSG00000118579	942	274	368	347	292
ENSG00000238720	20	41	27	30	35
ENSG00000143512	8	3	13	10	6
ENSG00000112577	167	144	105	138	215
ENSG00000113888	11	19	17	20	18
ENSG00000217352	13	17	16	17	46
ENSG00000145561	0	7	3	3	11
ENSG00000164516	2385	1778	2067	2442	2233
ENSG00000205254	182	143	96	113	123
ENSG00000120564	78	99	95	99	77
ENSG00000231485	21	34	22	28	26
ENSG00000123678	75	142	84	108	181
ENSG00000246676	38	74	52	60	19
ENSG00000213570	203	122	95	62	65
ENSG00000192463	4163	1266	1747	1488	763
ENSG00000233020	5074	2270	3208	3511	4928
ENSG00000100717	0	3	0	0	2
ENSG00000192202	22	6	15	17	10
ENSG00000236502	116	29	33	57	48
ENSG00000210760	16	25	16	16	26
ENSG00000226161	67	85	39	76	63
ENSG00000112164	84	134	32	123	110
ENSG00000189164	190	163	92	123	75
ENSG00000234170	33	12	19	10	17
ENSG00000109556	4	8	7	4	3
ENSG00000207131	1	1	0	1	2
ENSG00000247467	358	231	269	221	383
ENSG00000188153	1463	1272	1376	1583	1224
ENSG00000203154	3035	1660	2084	1477	1785
ENSG00000242983	65	48	106	95	52
ENSG00000245780	20	4	5	3	4
ENSG00000121318	8	2	9	5	5
ENSG00000238007	987	1025	778	985	1044
ENSG00000249355	97	163	61	62	153
ENSG00000140870	16575	22396	14035	21199	22118
ENSG00000195682	564	902	761	365	329
ENSG00000101612	83	41	76	71	113
ENSG00000196112	1949	1719	1453	1221	1245
ENSG00000129928	74	78	98	94	70
ENSG00000212177	242	153	144	123	363
ENSG00000174502	47	27	20	31	12
ENSG00000196158	262	367	468	386	408
ENSG00000156521	28	23	20	21	26
ENSG00000159044	64	114	87	134	84
ENSG00000227058	31	37	30	49	64
ENSG00000233027	529	490	585	650	539
ENSG00000102922	415	952	410	757	567
ENSG00000175786	115	70	104	95	70
ENSG00000128830	199	203	218	133	157
ENSG00000166882	4	4	10	3	6
ENSG00000248201	97	18	11	57	69
ENSG00000146294	24	15	28	19	30
ENSG00000154325	2	0	2	0	0
ENSG00000227854	6	11	18	12	5
ENSG00000153481	90	68	75	73	42
ENSG00000130222	62	76	102	84	66
ENSG00000209451	176	350	311	297	326
ENSG00000209448	6530	4408	5201	3239	4813
ENSG00000217281	113	121	190	214	141
ENSG00000135386	701	1187	2215	969	1208
ENSG00000206685	58	206	124	125	88
ENSG00000234076	87	55	90	56	87
ENSG00000115664	79	117	64	145	166
ENSG00000126538	14	4	7	10	7
ENSG00000242745	22	26	19	27	15
ENSG00000166327	64	50	43	60	36
ENSG00000134486	599	392	566	703	579
ENSG00000145389	380	248	373	271	340
ENSG00000116891	299	220	113	86	87
ENSG00000131686	30	31	45	23	28
ENSG00000173039	150	150	100	179	226
ENSG00000145619	16	15	16	9	15
ENSG00000181934	44180	27098	31350	55318	46439
ENSG00000175950	122	91	99	181	152
ENSG00000225658	3	6	1	2	6
ENSG00000105069	709	580	885	946	642
ENSG00000211386	56	30	41	26	34
ENSG00000211910	637	795	848	980	633
ENSG00000179814	71	94	91	141	127
ENSG00000104901	16	17	8	16	9
ENSG00000202270	477	249	824	430	977
ENSG00000100391	64	54	47	71	68
ENSG00000151358	40340	28035	23650	30701	16910
ENSG00000161115	800	2877	1414	1518	1504
ENSG00000176034	9	9	7	12	6
ENSG00000136096	640	1519	731	1262	1105
ENSG00000229042	3	2	2	2	3
ENSG00000134005	157	87	208	129	266
ENSG00000245945	125	113	149	139	150
ENSG00000168294	686	495	603	735	715
ENSG00000172014	33	44	28	44	80
ENSG00000183155	47	46	27	27	47
ENSG00000216577	20	43	29	23	18
ENSG00000181452	842	810	396	236	715
ENSG00000157372	383	222	356	226	381
ENSG00000157068	384	365	348	517	430
ENSG00000160796	300	320	423	233	547
ENSG00000243701	78	70	106	83	86
ENSG00000183192	3112	3796	2135	4199	2717
ENSG00000243554	41	29	40	27	19
ENSG00000167211	2691	2229	1460	2300	2512
ENSG00000126759	1231	1310	1425	1168	1815
ENSG00000228491	16	15	13	18	12
ENSG00000185218	554	457	240	706	430
ENSG00000133053	464	373	541	344	278
ENSG00000231640	406	497	594	693	863
ENSG00000143395	6	5	30	14	29
ENSG00000139253	797	691	560	1043	791
ENSG00000133670	380	670	369	350	637
ENSG00000166134	8	12	11	14	4
ENSG00000153611	61	67	81	73	55
ENSG00000128188	842	1235	497	600	815
ENSG00000151415	49	98	86	39	58
ENSG00000122961	257	262	486	381	395
ENSG00000178974	51	87	76	45	47
ENSG00000114479	29	28	19	31	13
ENSG00000169031	147	218	82	130	89
ENSG00000209876	303	390	438	306	437
ENSG00000193275	70	61	71	106	45
ENSG00000178725	12	6	19	18	19
ENSG00000142595	4	6	4	1	2
ENSG00000176447	545	453	542	515	754
ENSG00000163327	218	190	345	290	258
ENSG00000216954	2849	1818	3730	1943	3342
ENSG00000238858	149	219	83	188	215
ENSG00000189884	1832	2185	1956	1331	1155
ENSG00000232225	46	45	35	33	59
ENSG00000190764	891	1098	758	1081	399
ENSG00000145975	5	6	5	8	12
ENSG00000108142	1	1	1	1	0
ENSG00000235860	305	376	264	268	245
ENSG00000249384	42	38	14	23	21
ENSG00000222534	85	168	102	144	56
ENSG00000190959	115	59	69	229	78
ENSG00000208276	11	15	13	7	8
ENSG00000193157	61	53	91	99	78
ENSG00000249966	20	3	5	11	6
ENSG00000216225	60	126	117	139	77
ENSG00000142922	25	24	17	33	24
ENSG00000186090	202	335	86	104	63
ENSG00000190647	81	110	75	52	63
ENSG00000204501	1856	3425	3857	3261	2026
ENSG00000149023	148	127	102	63	102
ENSG00000172337	3963	2924	7306	7635	3324
ENSG00000108582	37	39	72	35	32
ENSG00000114267	719	827	1023	765	1298
ENSG00000170715	615	479	578	712	603
ENSG00000231913	69	138	97	40	70
ENSG00000156766	426	693	654	498	476
ENSG00000243367	43	45	31	34	38
ENSG00000153023	77	155	80	66	133
ENSG00000225625	1049	566	946	414	428
ENSG00000144372	96	147	183	196	174
ENSG00000245560	2	2	1	2	1
ENSG00000150818	42	15	29	29	30
ENSG00000160804	3799	2620	4500	2506	2490
ENSG00000220204	412	639	326	347	302
ENSG00000210870	250	212	197	138	168
ENSG00000107518	112	107	54	32	44
ENSG00000237289	74	93	60	52	59
ENSG00000104071	17	9	24	9	20
ENSG00000248767	332	702	379	885	571
ENSG00000110047	253	284	237	446	259
ENSG00000120140	3472	3881	3256	2410	2433
ENSG00000220158	1839	1176	936	1113	1029
ENSG00000145429	73	146	133	118	150
ENSG00000117778	216	181	172	271	157
ENSG00000141789	130	180	103	103	132
ENSG00000151188	435	256	432	522	420
ENSG00000220166	110	94	71	41	46
ENSG00000209994	1	0	0	1	0
ENSG00000145528	25	40	37	32	17
ENSG00000143496	57	93	38	78	119
ENSG00000161117	1548	2703	1815	1765	2334
ENSG00000209322	64	48	57	57	81
ENSG00000118411	17	16	36	12	45
ENSG00000244080	40	43	60	33	25
ENSG00000175942	55	62	64	64	100
ENSG00000240574	1995	587	538	816	761
ENSG00000185480	4	4	4	3	2
ENSG00000138108	10254	7235	5182	9629	11736
ENSG00000221610	794	503	287	158	585
ENSG00000143200	1183	2116	1802	3120	1646
ENSG00000158535	167	68	128	182	153
ENSG00000229338	331	234	278	570	319
ENSG00000195145	4	4	2	4	6
ENSG00000105640	252	380	284	129	268
ENSG00000225023	178	124	233	200	218
ENSG00000230760	1598	1768	584	1293	1624
ENSG00000127661	129	83	129	125	367
ENSG00000211222	314	315	383	235	72
ENSG00000203783	523	385	437	350	276
ENSG00000149062	21	12	17	7	4
ENSG00000235370	309	540	560	560	329
ENSG00000124176	20104	19390	18351	16362	21508
ENSG00000101104	128	101	113	139	125
ENSG00000197504	4803	2460	2349	2889	1328
ENSG00000210264	120	126	153	156	123
ENSG00000225436	8373	3576	7443	9892	5567
ENSG00000126965	8755	4680	5014	4526	7062
ENSG00000165296	187	140	78	222	150
ENSG00000216969	35	61	31	49	50
ENSG00000113589	267	230	538	413	446
ENSG00000163292	195	191	144	194	76
ENSG00000169789	71	31	42	58	33
ENSG00000235317	23	73	43	46	31
ENSG00000113077	3	5	8	3	12
ENSG00000147653	23	50	61	24	23
ENSG00000138566	72	100	84	115	54
ENSG00000232162	3915	3199	2511	2423	2702
ENSG00000238883	764	1183	703	540	1543
ENSG00000138760	41	41	48	44	19
ENSG00000204180	129	153	94	83	177
ENSG00000129194	21	28	34	26	29
ENSG00000148013	820	1325	717	884	1137
ENSG00000225822	9432	7140	5980	12304	7184
ENSG00000224774	188	91	156	159	111
ENSG00000205900	125	332	119	241	256
ENSG00000228489	1182	1237	1033	790	1362
ENSG00000137754	19	19	40	36	26
ENSG00000242065	2049	2416	2725	2832	2228
ENSG00000113231	574	346	271	205	405
ENSG00000242685	3	1	1	6	3
ENSG00000111356	29	27	14	20	27
ENSG00000153469	65	105	40	87	60
ENSG00000235577	202	157	160	121	215
ENSG00000214918	239	163	84	135	168
ENSG00000187754	146	209	217	252	209
ENSG00000115860	434	275	94	310	132
ENSG00000189678	823	412	233	288	377
ENSG00000162141	108	158	446	406	399
ENSG00000200724	572	170	583	640	564
ENSG00000179170	3010	3212	1115	1783	3953
ENSG00000216937	447	440	231	449	561
ENSG00000103729	728	409	576	497	221
ENSG00000148918	26	11	11	11	20
ENSG00000224382	93	92	76	72	117
ENSG00000114298	155	117	120	153	188
ENSG00000235524	696	732	503	1161	669
ENSG00000206597	284	65	180	191	146
ENSG00000189800	33	26	8	21	26
ENSG00000224140	551	749	736	769	790
ENSG00000211474	469	492	476	333	426
ENSG00000182906	189	217	219	319	404
ENSG00000112157	9	6	17	11	7
ENSG00000190722	125	149	77	159	98
ENSG00000147554	51	57	86	70	66
ENSG00000170448	33	102	37	67	78
ENSG00000181781	5167	2441	3484	2166	3353
ENSG00000227341	12	15	9	9	17
ENSG00000149281	0	1	0	2	1
ENSG00000230548	251	303	333	439	274
ENSG00000224090	65	54	52	67	65
ENSG00000103175	437	504	165	150	304
ENSG00000140211	2207	2366	4590	3289	2331
ENSG00000125879	500	483	847	418	532
ENSG00000116377	2	1	1	3	2
ENSG00000181000	41	76	56	41	62
ENSG00000162013	154	117	180	150	165
ENSG00000173924	192	115	76	139	176
ENSG00000139359	8	15	22	25	34
ENSG00000135331	16	12	7	9	5
ENSG00000221812	5793	2684	1136	2742	2812
ENSG00000129817	64	124	98	101	53
ENSG00000245330	70	68	64	89	49
ENSG00000138453	1296	2232	2143	2013	1743
ENSG00000199797	3	8	6	5	5
ENSG00000171989	5	5	6	6	3
ENSG00000122880	943	916	1312	1071	1076
ENSG00000232515	126	171	196	132	409
ENSG00000241455	149	135	95	165	189
ENSG00000170479	658	474	642	1176	629
ENSG00000205591	24	35	20	16	32
ENSG00000173064	511	530	507	514	381
ENSG00000211301	315	334	439	366	546
ENSG00000167895	151	276	173	360	264
ENSG00000189207	742	1249	959	966	1493
ENSG00000131716	134	78	55	62	97
ENSG00000111383	2	2	3	0	0
ENSG00000200902	4397	2858	2153	3457	2105
ENSG00000203180	289	157	272	402	326
ENSG00000177320	69	51	71	65	65
ENSG00000110846	9	10	8	12	11
ENSG00000112844	17	12	16	11	8
ENSG00000244977	15	21	10	14	8
ENSG00000242293	26	17	20	4	8
ENSG00000151208	1264	796	550	413	384
ENSG00000247748	243	266	314	458	202
ENSG00000132718	482	694	544	963	280
ENSG00000176897	579	571	719	563	775
ENSG00000137749	88	95	155	157	70
ENSG00000130410	459	364	248	608	538
ENSG00000228340	108	152	59	114	118
ENSG00000244279	335	322	411	154	213
ENSG00000207984	826	617	1763	942	999
ENSG00000157930	19	43	68	31	60
ENSG00000244693	145	68	49	27	38
ENSG00000228559	467	278	386	290	577
ENSG00000243014	74	85	90	54	109
ENSG00000144848	764	913	523	768	1050
ENSG00000176709	70	130	118	116	79
ENSG00000214833	86	69	68	78	87
ENSG00000123753	2	5	5	4	5
ENSG00000168048	58	93	50	90	66
ENSG00000129425	48	38	52	49	43
ENSG00000242245	177	220	190	148	337
ENSG00000136075	22	8	13	14	15
ENSG00000208300	55	42	43	44	29
ENSG00000189284	181	55	127	155	166
ENSG00000123542	8696	10197	10486	8493	10725
ENSG00000198082	518	305	254	306	452
ENSG00000181088	718	197	409	303	326
ENSG00000183439	103	204	76	90	52
ENSG00000111918	174	184	325	133	149
ENSG00000233450	124	60	98	85	47
ENSG00000246708	259	212	189	181	189
ENSG00000103476	5874	5469	4420	7840	4611
ENSG00000247856	33	50	67	55	45
ENSG00000212099	14	28	22	14	22
ENSG00000202973	9	12	11	9	14
ENSG00000146105	401	490	678	585	506
ENSG00000124905	112	65	43	94	46
ENSG00000207647	96	120	189	142	128
ENSG00000154288	4042	5156	2094	3643	3393
ENSG00000192472	16812	18410	18738	8983	16037
ENSG00000188060	589	325	461	361	457
ENSG00000217775	77	81	65	59	83
ENSG00000172685	2241	2331	3501	2457	2830
ENSG00000244291	360	179	121	187	119
ENSG00000109825	2504	2615	1122	2471	1290
ENSG00000243113	518	399	398	711	602
ENSG00000235531	66	40	46	49	62
ENSG00000114556	20	37	20	27	19
ENSG00000173181	253	128	169	235	206
ENSG00000220904	116	104	122	116	92
ENSG00000206166	1963	2211	2170	2826	2635
ENSG00000212891	63	36	31	60	110
ENSG00000127296	147	160	90	176	80
ENSG00000217150	9	10	9	10	18
ENSG00000128705	37	34	24	28	37
ENSG00000175881	150	405	401	426	336
ENSG00000226586	68	79	56	61	67
ENSG00000153210	301	544	610	519	557
ENSG00000118681	9	13	28	21	25
ENSG00000192183	100	101	174	111	73
ENSG00000223944	657	840	376	462	476
ENSG00000127872	2720	1503	1604	1942	2440
ENSG00000237928	28	60	52	61	52
ENSG00000223291	2	3	2	0	1
ENSG00000212148	2323	2536	2028	3964	1994
ENSG00000106641	668	315	456	601	385
ENSG00000195957	112	59	88	133	29
ENSG00000111888	7992	7337	4318	5514	7026
ENSG00000161095	195	207	316	196	212
ENSG00000133074	376	386	408	331	325
ENSG00000241535	75	56	76	95	56
ENSG00000185596	65	61	86	67	109
ENSG00000192291	69	58	23	51	54
ENSG00000185386	125	151	123	88	167
ENSG00000141890	1445	2023	1773	2155	1246
ENSG00000223394	1060	306	853	1156	694
ENSG00000117440	360	265	211	204	230
ENSG00000161516	1234	1170	790	1442	1239
ENSG00000170971	385	247	277	438	550
ENSG00000214174	30	31	34	24	25
ENSG00000108585	26	34	52	41	48
ENSG00000154969	1	0	1	0	0
ENSG00000122256	283	262	227	465	270
ENSG00000112270	464	609	791	1290	470
ENSG00000234611	277	433	212	231	135
ENSG00000100680	1319	1415	2200	804	3103
ENSG00000115415	726	1091	1403	1171	1822
ENSG00000177555	1813	1756	804	1878	939
ENSG00000183726	25	26	12	18	18
ENSG00000148541	162	188	227	82	144
ENSG00000218248	1362	879	901	809	973
ENSG00000152882	16	18	18	10	34
ENSG00000217738	25	27	40	21	25
ENSG00000159177	197	81	180	158	169
ENSG00000177585	117	145	97	91	91
ENSG00000202057	263	351	719	516	503
ENSG00000107501	3381	3336	1633	3522	1461
ENSG00000125984	624	940	865	518	424
ENSG00000115438	24	27	33	42	47
ENSG00000150171	1360	1214	2056	1533	942
ENSG00000224007	111	113	115	81	133
ENSG00000231358	1550	652	1042	718	814
ENSG00000211358	163	154	310	241	121
ENSG00000191381	1277	1459	1197	1093	1256
ENSG00000239719	17	27	29	7	22
ENSG00000245812	1338	1324	1772	689	1135
ENSG00000226028	18018	32315	25089	24936	20683
ENSG00000221515	164	233	246	375	330
ENSG00000126026	23	25	33	20	20
ENSG00000112694	18	16	38	29	19
ENSG00000179583	1102	2034	1433	1026	426
ENSG00000103890	154	141	120	235	221
ENSG00000210275	257	497	445	487	484
ENSG00000249511	159	256	309	259	254
ENSG00000100076	198	209	157	134	202
ENSG00000133480	12182	21792	18304	25082	24751
ENSG00000107798	3	2	0	1	0
ENSG00000178843	430	340	335	235	268
ENSG00000184168	989	535	1164	1083	1404
ENSG00000132784	361	150	195	114	261
ENSG00000147495	3	13	7	14	4
ENSG00000244284	183	244	171	142	235
ENSG00000173987	30	54	53	33	38
ENSG00000205037	185	72	67	100	106
ENSG00000159270	876	643	985	912	938
ENSG00000105789	86	37	30	27	27
ENSG00000154095	50	34	32	13	23
ENSG00000197173	2324	2333	1589	4305	2231
ENSG00000132348	75	50	59	37	37
ENSG00000138107	101	57	83	90	89
ENSG00000229393	758	1529	697	1504	1007
ENSG00000103434	73	19	41	37	26
ENSG00000227290	518	292	272	285	368
ENSG00000124021	38	31	35	34	33
ENSG00000231249	24	14	29	44	35
ENSG00000145118	21	9	22	15	15
ENSG00000168691	39	34	41	59	29
ENSG00000160376	11073	7812	14520	6856	13837
ENSG00000148882	361	184	422	340	217
ENSG00000197647	7	11	2	2	10
ENSG00000141095	14	28	10	14	11
ENSG00000188741	53	29	33	34	30
ENSG00000197659	256	270	199	454	410
ENSG00000206483	4	10	7	9	11
ENSG00000147230	777	581	927	594	1024
ENSG00000173512	19	8	13	16	12
ENSG00000218083	3	4	2	5	1
ENSG00000167821	57	27	65	26	62
ENSG00000246352	22	38	41	35	20
ENSG00000147603	7	1	5	1	2
ENSG00000171374	60	223	99	194	71
ENSG00000153265	62	53	66	79	38
ENSG00000222233	85	101	132	121	179
ENSG00000179454	59	36	62	52	58
ENSG00000111005	76	139	277	256	152
ENSG00000136788	2530	2230	2781	2200	3901
ENSG00000150254	18	24	10	18	16
ENSG00000185057	152	184	135	151	187
ENSG00000230187	96	49	94	53	81
ENSG00000248313	165	217	179	126	174
ENSG00000186549	339	237	332	285	422
ENSG00000167309	18	12	41	13	21
ENSG00000242165	673	633	1097	781	1099
ENSG00000177363	154	176	293	157	248
ENSG00000170969	43	35	33	35	39
ENSG00000150956	244	572	278	466	479
ENSG00000122152	18	15	11	20	11
ENSG00000169525	31396	47611	24106	26572	44436
ENSG00000201230	29	23	13	35	18
ENSG00000123731	2098	1327	1608	1273	1471
ENSG00000237084	270	253	209	209	201
ENSG00000179010	503	415	440	507	312
ENSG00000177914	372	667	390	421	380
ENSG00000127479	27	19	30	36	14
ENSG00000137629	25	18	19	16	9
ENSG00000248856	724	814	503	1149	703
ENSG00000102694	78	65	63	54	71
ENSG00000188208	53	44	22	37	20
ENSG00000207059	2429	2158	1765	2580	2741
ENSG00000233132	5226	5045	3830	4850	3617
ENSG00000157594	19	17	57	19	41
ENSG00000225435	1234	1833	1567	835	1213
ENSG00000151420	458	267	182	273	193
ENSG00000227914	58	75	25	64	21
ENSG00000143998	373	350	242	162	453
ENSG00000181362	1	1	1	1	1
ENSG00000220695	2021	3553	2452	1659	1965
ENSG00000246153	1607	1674	2021	1177	1736
ENSG00000243723	1253	869	690	925	859
ENSG00000167457	14	19	16	45	16
ENSG00000137742	224	318	435	366	232
ENSG00000233111	68	46	132	84	106
ENSG00000179160	38	11	14	9	26
ENSG00000226102	16	22	18	10	18
ENSG00000221231	116	40	85	40	97
ENSG00000238505	84	51	34	86	48
ENSG00000113335	5	4	6	12	5
ENSG00000103052	307	136	296	359	265
ENSG00000107211	374	249	189	132	150
ENSG00000149499	2106	1808	1579	2469	3300
ENSG00000136007	135	274	218	228	299
ENSG00000134242	606	810	1001	1562	1361
ENSG00000172853	1797	1752	2705	852	2073
ENSG00000136552	5	10	2	2	6
ENSG00000107612	963	531	1106	814	1383
ENSG00000106102	41	20	11	15	10
ENSG00000143622	407	779	507	755	507
ENSG00000183520	219	164	164	115	202
ENSG00000200230	28	15	15	22	14
ENSG00000170763	1598	1065	1582	1044	1416
ENSG00000217677	55	25	20	19	31
ENSG00000109008	35	43	19	17	31
ENSG00000151564	37	20	37	43	48
ENSG00000226996	0	0	0	1	4
ENSG00000232395	2060	1943	1664	1315	1183
ENSG00000233309	1380	1933	1931	1828	1541
ENSG00000243026	1521	907	851	959	845
ENSG00000167372	2143	1478	1421	2472	2861
ENSG00000151143	258	180	173	367	245
ENSG00000173700	99	138	144	99	164
ENSG00000206691	87	43	45	39	75
ENSG00000150834	2	0	1	0	3
ENSG00000234194	74	48	22	82	58
ENSG00000139106	11	13	12	10	19
ENSG00000105498	260	247	288	151	254
ENSG00000219299	78	96	85	90	77
ENSG00000133010	87	26	33	26	26
ENSG00000172846	5368	9950	9406	5455	11466
ENSG00000243292	3059	1881	1609	1320	2970
ENSG00000118427	27	15	7	5	10
ENSG00000165477	36	29	60	28	38
ENSG00000116977	22	13	12	20	22
ENSG00000111036	343	273	280	274	240
ENSG00000243318	2726	1997	1456	2349	2173
ENSG00000213299	145	84	236	213	215
ENSG00000121192	5904	1915	2037	1902	1137
ENSG00000150430	23	18	17	15	9
ENSG00000174243	47	37	46	38	37
ENSG00000226823	61	70	36	110	48
ENSG00000154574	4173	3008	3705	4185	5423
ENSG00000136276	715	403	929	760	682
ENSG00000106138	8	7	7	3	2
ENSG00000174887	5	3	5	2	3
ENSG00000196933	320	122	199	179	220
ENSG00000124707	22279	30825	19362	27228	29937
ENSG00000169507	649	206	282	351	279
ENSG00000248269	7	2	12	11	10
ENSG00000242755	379	558	629	675	854
ENSG00000175712	35	43	44	57	37
ENSG00000172631	205	103	215	218	313
ENSG00000229390	96	128	197	116	99
ENSG00000151066	29	51	37	32	22
ENSG00000187494	4	5	1	3	1
ENSG00000170658	1547	1122	888	876	666
ENSG00000191064	3215	694	866	1008	941
ENSG00000113922	401	327	265	280	600
ENSG00000170678	18	32	23	18	29
ENSG00000236196	229	111	127	196	178
ENSG00000144922	207	214	312	312	326
ENSG00000185334	649	553	529	895	760
ENSG00000230100	110	67	93	101	100
ENSG00000110467	27	60	50	54	65
ENSG00000166594	250	364	262	375	227
ENSG00000222260	266	407	255	392	300
ENSG00000246173	37	15	20	12	22
ENSG00000167616	3127	4127	3423	2302	2128
ENSG00000135924	21	16	27	14	14
ENSG00000103575	1329	1141	1829	1520	1859
ENSG00000199317	213	90	80	102	62
ENSG00000216565	1839	1721	1944	2578	2425
ENSG00000165993	8	15	22	10	11
ENSG00000147056	182	218	370	274	328
ENSG00000163241	26	37	25	39	29
ENSG00000119091	2	1	4	5	2
ENSG00000172873	102	168	211	180	293
ENSG00000177285	1	2	1	2	1
ENSG00000171052	1502	1691	944	1753	2003
ENSG00000185459	1038	999	576	809	845
ENSG00000184344	352	94	174	171	330
ENSG00000239061	38	37	43	31	10
ENSG00000239755	62	67	51	35	40
ENSG00000192861	415	333	233	270	323
ENSG00000200197	22	19	11	9	17
ENSG00000135167	4	4	2	2	8
ENSG00000202426	593	456	376	601	536
ENSG00000154896	295	446	737	450	542
ENSG00000139805	2	5	2	3	4
ENSG00000169137	160	135	86	142	177
ENSG00000219826	787	637	610	754	1306
ENSG00000246354	256	459	242	444	411
ENSG00000226039	29	51	25	12	17
ENSG00000241785	822	1649	1067	887	1934
ENSG00000177116	6538	4593	4264	2945	4708
ENSG00000124741	102	128	59	41	73
ENSG00000238018	350	311	303	255	455
ENSG00000140973	140	166	133	232	132
ENSG00000117002	209	141	164	179	206
ENSG00000190606	506	636	551	334	527
ENSG00000194844	54	88	46	91	50
ENSG00000164608	36	45	54	32	17
ENSG00000249572	1295	1878	1619	970	1263
ENSG00000194806	21	18	4	16	14
ENSG00000112095	669	195	276	316	201
ENSG00000118509	121	75	39	79	93
ENSG00000201367	173	258	155	131	161
ENSG00000216298	8211	3519	4051	1766	3729
ENSG00000249304	51	49	46	108	57
ENSG00000100794	589	257	905	551	650
ENSG00000232612	63	97	76	44	174
ENSG00000199003	16	22	21	9	8
ENSG00000106720	290	311	322	304	227
ENSG00000179786	7	20	18	18	24
ENSG00000240081	11	14	6	5	7
ENSG00000116126	65	51	82	57	66
ENSG00000242787	34	49	38	28	48
ENSG00000122683	72	32	39	51	21
ENSG00000120999	724	401	345	395	528
ENSG00000181911	20	28	26	31	29
ENSG00000186751	2818	2086	1929	3097	2988
ENSG00000150774	15	61	42	30	53
ENSG00000194422	5182	1003	1555	2504	2564
ENSG00000202425	187	218	181	182	263
ENSG00000166840	75	47	55	34	19
ENSG00000208228	53	53	81	49	69
ENSG00000113491	219	209	250	348	104
ENSG00000115903	161	130	149	140	111
ENSG00000148129	289	484	201	199	295
ENSG00000143994	1091	854	384	1565	611
ENSG00000219130	7	10	5	10	24
ENSG00000183806	318	193	282	401	367
ENSG00000111869	141	154	68	184	163
ENSG00000194411	156	320	346	331	262
ENSG00000200419	567	449	404	336	333
ENSG00000128407	421	152	249	333	395
ENSG00000111446	30	20	34	35	30
ENSG00000154566	10	15	2	18	11
ENSG00000213682	151	237	133	230	151
ENSG00000155611	2135	1658	1431	1713	1839
ENSG00000130218	7	16	7	12	5
