	GSM1275862_untreated	GSM1275862_dex	GSM1275863_untreated	GSM1275863_dex	GSM1275870_untreated	GSM1275870_dex	GSM1275871_untreated	GSM1275871_dex
ENSG00000075624	1172	731	934	953	1079	868	1120	737
ENSG00000111640	5551	2483	9458	8841	4722	4474	2883	4165
ENSG00000166710	0	0	1	0	1	2	1	2
ENSG00000165704	168	140	168	60	91	112	149	90
ENSG00000256269	1152	857	1271	1342	522	1098	1165	649
ENSG00000073578	3069	2376	1435	2098	1625	1715	2461	1367
ENSG00000112592	723	455	291	648	511	714	534	454
ENSG00000089157	3293	2738	3922	3399	3819	4027	1710	2823
ENSG00000164924	501	427	397	100	483	312	492	312
ENSG00000196262	374	543	408	327	318	304	574	497
TP53	204	238	94	201	233	185	170	152
ACTB	24	9	35	3	52	15	41	10
GAPDH	22	52	19	30	34	20	23	26
MYC	303	268	292	400	251	303	316	232
BRCA1	34	67	46	27	28	14	41	35
EGFR	963	835	1747	1837	2769	1718	1962	1690
KRAS	2174	1646	1232	2069	1921	1733	2431	2573
PTEN	16565	5905	9027	6819	10490	5926	10916	6332
RB1	140	144	225	167	192	245	211	75
APC	2384	2361	2052	2353	2838	1239	2196	3814
CDH1	23	33	23	23	23	21	25	34
VHL	30	34	15	21	13	22	28	36
SMAD4	185	198	115	198	125	142	164	110
PIK3CA	163	266	343	224	213	374	175	214
BRAF	3	3	4	11	10	4	8	6
ALK	0	4	5	3	1	4	7	5
FGFR1	342	161	237	473	280	348	261	345
NRAS	28	34	29	17	19	15	43	17
IDH1	1226	1713	1719	1084	2011	1113	759	1625
CDKN2A	162	227	217	180	287	334	360	222
MDM2	362	357	348	238	292	451	310	328
BCL2	285	183	216	535	134	253	245	262
VEGFA	785	752	610	418	608	778	646	1080
FLT3	137	95	123	141	138	70	93	121
NPM1	578	1137	1518	599	1028	1336	904	1187
DNMT3A	38	74	40	48	46	33	74	87
TET2	80	87	120	143	54	117	63	100
RUNX1	23	9	57	63	35	31	37	47
CEBPA	398	742	247	372	530	396	386	325
NF1	147	109	194	88	175	109	178	174
PTPN11	32	23	37	55	24	29	18	33
JAK2	11983	8407	10981	7882	8157	5737	10024	7785
STAT3	64	69	73	113	35	100	67	71
KIT	119	123	120	47	127	84	64	207
PDGFRA	465	288	419	147	352	165	505	352
ABL1	6747	4217	2728	4765	2548	1744	4597	6019
BCR	342	55	164	117	170	81	287	87
PML	503	616	599	407	1098	621	804	471
RARA	194	79	197	160	143	171	173	251
NOTCH1	10	14	10	7	11	5	15	7
FBXW7	541	606	1053	682	754	634	439	571
SF3B1	951	434	1314	1101	1491	977	1403	986
SRSF2	143	63	164	81	154	101	155	43
U2AF1	221	112	83	176	105	224	72	100
ASXL1	6	13	15	14	4	7	7	4
EZH2	7	5	12	5	10	5	12	7
SUZ12	87	109	129	63	58	82	71	47
KDM6A	421	564	537	462	398	655	472	329
ARID1A	121	39	61	42	59	54	87	62
CREBBP	149	303	268	221	221	197	239	166
ENSG00000222596	1083	1074	881	416	649	968	485	1321
ENSG00000157422	91	278	175	180	117	199	113	142
ENSG00000116049	256	494	581	494	645	588	464	621
ENSG00000164569	2878	2006	3357	3708	4243	2602	4524	1898
ENSG00000191601	13	13	18	6	17	10	12	14
ENSG00000214564	766	683	600	484	648	561	757	601
ENSG00000106719	5	9	2	1	4	5	3	5
ENSG00000203500	410	240	560	205	454	324	412	447
ENSG00000218827	205	134	111	264	96	311	104	341
ENSG00000188555	82	30	112	62	89	21	137	55
ENSG00000238228	25	19	18	20	13	14	12	34
ENSG00000133183	98	166	308	113	104	77	55	138
ENSG00000149855	34	52	87	64	83	72	51	64
ENSG00000113416	199	203	86	199	135	386	229	149
ENSG00000169130	13	35	15	17	54	14	33	32
ENSG00000152633	415	484	591	585	332	540	304	437
ENSG00000208581	36	22	19	10	29	18	10	24
ENSG00000216603	69	75	107	50	89	101	78	53
ENSG00000140093	84	54	67	66	42	23	53	103
ENSG00000157194	1673	2195	1795	1082	2512	1640	2047	2347
ENSG00000245286	6	9	12	5	11	4	14	13
ENSG00000146997	82	45	77	79	34	61	45	65
ENSG00000152999	2763	979	3605	1921	3424	1644	3639	1413
ENSG00000248996	28	25	30	70	28	53	33	13
ENSG00000142759	9	16	22	11	12	9	10	8
ENSG00000198255	376	230	309	354	275	265	164	303
ENSG00000234680	78	78	58	65	51	74	53	104
ENSG00000242166	704	550	706	848	1248	513	720	641
ENSG00000124441	12	17	21	13	15	23	12	34
ENSG00000124049	139	176	210	173	206	328	220	128
ENSG00000194547	323	499	286	365	369	970	571	482
ENSG00000234167	1144	1356	1006	527	1132	1386	1545	1641
ENSG00000131465	21	10	21	22	40	20	28	17
ENSG00000229009	2714	1941	1402	2910	2482	2180	4699	1969
ENSG00000246417	13	28	26	9	32	25	27	22
ENSG00000183207	11	5	8	7	5	3	11	9
ENSG00000204364	15	25	33	31	22	15	25	17
ENSG00000205791	200	201	239	215	171	198	213	152
ENSG00000196703	70	73	55	82	90	42	66	72
ENSG00000123286	527	269	267	349	355	239	306	262
ENSG00000241766	621	309	409	322	462	330	351	544
ENSG00000203421	361	416	187	217	188	304	262	315
ENSG00000221750	70	58	114	59	78	70	71	64
ENSG00000232521	3266	5905	6054	5501	4054	4513	2926	7446
ENSG00000158867	2	1	2	1	2	1	3	2
ENSG00000108271	7	2	6	0	9	1	4	2
ENSG00000222492	69	71	35	36	41	71	57	24
ENSG00000110765	17	17	10	10	15	10	2	13
ENSG00000173164	0	4	0	1	0	1	0	2
ENSG00000138363	13	27	27	26	21	25	29	42
ENSG00000101006	22	10	33	38	52	21	12	14
ENSG00000196065	2	0	1	1	1	1	3	1
ENSG00000190490	1943	575	1624	1302	1877	510	2628	592
ENSG00000143659	3116	1661	3196	2407	2624	2365	1603	1766
ENSG00000151241	1646	2407	2175	2800	1102	1517	1599	1098
ENSG00000186171	68	58	60	98	52	44	51	39
ENSG00000248718	174	141	278	156	161	226	223	186
ENSG00000135446	12	20	14	9	16	13	12	18
ENSG00000219816	101	160	292	100	153	253	282	210
ENSG00000123581	55	31	14	14	22	29	24	63
ENSG00000196958	125	259	427	157	284	512	257	299
ENSG00000198384	89	91	74	46	45	54	95	113
ENSG00000158585	1089	1055	1572	662	897	1504	765	1484
ENSG00000207532	636	424	678	727	989	868	1019	728
ENSG00000104515	1602	1145	1848	919	2693	798	1502	1403
ENSG00000169862	6	3	5	0	4	5	5	8
ENSG00000164654	5	7	4	3	4	6	4	1
ENSG00000145379	560	460	276	392	278	224	371	342
ENSG00000110978	48	35	39	53	36	32	90	47
ENSG00000197012	160	258	224	288	279	229	386	321
ENSG00000186014	172	218	335	241	215	268	320	178
ENSG00000144956	100	191	192	167	280	201	201	135
ENSG00000134845	1115	890	1300	583	671	790	564	1738
ENSG00000225796	472	327	576	553	424	158	521	173
ENSG00000235995	771	242	925	448	620	261	431	299
ENSG00000172231	32	27	30	28	24	21	30	17
ENSG00000168675	2394	4059	3302	3288	4259	4145	6693	2359
ENSG00000203156	153	116	142	346	140	183	124	89
ENSG00000116074	1471	2157	1064	1196	1446	1515	1873	1601
ENSG00000190154	174	219	319	272	259	448	282	259
ENSG00000166075	1075	1975	2487	2289	1981	1570	1191	2543
ENSG00000139010	173	153	312	232	116	237	171	173
ENSG00000203298	415	242	305	187	260	143	405	200
ENSG00000228499	262	119	168	135	302	380	154	243
ENSG00000242013	23	29	21	52	19	41	48	24
ENSG00000229985	21	40	62	91	46	50	38	32
ENSG00000174763	76	124	123	83	149	88	80	159
ENSG00000134345	116	260	121	83	106	122	119	113
ENSG00000243153	31	30	24	13	12	20	14	26
ENSG00000203842	20297	15385	13332	15859	22670	14646	13760	20143
ENSG00000158284	17	8	27	3	18	20	24	17
ENSG00000200450	111	112	66	63	67	71	38	77
ENSG00000126086	28795	20524	16216	36903	21688	23649	20929	17740
ENSG00000181894	94	41	72	35	112	27	42	42
ENSG00000129078	533	726	348	749	553	900	719	710
ENSG00000194848	498	357	494	403	692	471	480	434
ENSG00000123241	49	89	56	115	99	78	146	114
ENSG00000226863	6	23	6	10	12	4	10	4
ENSG00000109108	11	6	7	6	3	4	6	4
ENSG00000180051	183	183	109	147	185	95	128	149
ENSG00000115618	269	338	319	315	200	307	304	485
ENSG00000190342	3	3	7	1	3	4	9	2
ENSG00000231676	174	171	144	246	335	135	173	119
ENSG00000136275	51	24	95	52	60	59	61	30
ENSG00000148263	447	743	640	785	660	709	989	1548
ENSG00000114561	258	241	246	219	221	88	177	438
ENSG00000170112	29	36	75	36	61	37	30	44
ENSG00000177606	61	77	38	93	106	69	22	85
ENSG00000248078	120	136	67	177	173	146	80	171
ENSG00000156945	1379	1689	1033	1657	2680	1357	2981	663
ENSG00000231930	60939	49761	45732	37199	50245	39606	46534	33834
ENSG00000201354	410	236	106	154	597	155	321	124
ENSG00000119758	315	131	172	257	258	190	557	144
ENSG00000220638	636	667	1012	622	552	798	503	408
ENSG00000191375	153	100	270	168	157	106	122	218
ENSG00000141108	396	1030	833	799	445	1328	801	768
ENSG00000154933	728	381	234	505	299	475	384	319
ENSG00000145181	195	139	113	121	248	121	220	174
ENSG00000151660	31	36	34	55	45	55	35	27
ENSG00000163435	197	222	163	315	278	320	279	150
ENSG00000177692	936	1026	502	781	1187	1237	699	1504
ENSG00000231572	141	175	170	245	163	302	183	111
ENSG00000218358	5311	1439	6908	4295	4683	4921	4661	3010
ENSG00000205461	755	829	872	779	903	1482	1020	928
ENSG00000241149	147	112	121	122	106	128	146	101
ENSG00000204944	5446	4320	4533	8074	5267	4764	3382	4003
ENSG00000157301	12	23	17	13	14	31	16	8
ENSG00000176277	1927	1782	1880	2083	1582	848	2470	2272
ENSG00000212881	9076	4528	8353	5876	10100	5856	10589	5451
ENSG00000141619	112	95	126	62	105	132	62	62
ENSG00000203050	202	220	90	225	104	77	166	143
ENSG00000217914	2143	1168	1169	790	1445	1278	1179	928
ENSG00000225920	3062	3942	4594	3082	3522	4633	3478	3656
ENSG00000126984	404	810	646	655	360	411	433	368
ENSG00000194108	425	254	787	287	411	268	597	435
ENSG00000109128	2901	1294	1454	1612	2024	836	1946	838
ENSG00000173072	245	223	158	193	265	248	414	389
ENSG00000216856	19	19	29	11	13	16	19	11
ENSG00000201607	217	105	146	75	151	177	58	201
ENSG00000170370	93	258	194	193	127	146	230	194
ENSG00000173845	5	15	4	10	14	3	14	5
ENSG00000241117	323	223	320	418	254	464	527	422
ENSG00000171084	42	57	60	26	71	42	42	39
ENSG00000161325	1184	1360	1194	650	1026	684	1274	1055
ENSG00000136630	8	8	6	9	9	21	7	7
ENSG00000244641	34	48	33	26	32	25	32	19
ENSG00000161346	9	8	13	17	4	18	7	10
ENSG00000108586	3855	1152	1790	1922	1739	1462	3761	1773
ENSG00000211839	3277	1448	2539	1798	1607	2625	3245	3874
ENSG00000198495	3860	3504	1647	2468	1547	2975	3396	3074
ENSG00000185993	4077	6314	2805	2907	3792	3424	4512	2430
ENSG00000158966	692	899	1446	1046	1261	861	2496	2050
ENSG00000157512	499	368	1405	1202	1191	1135	1668	1480
ENSG00000242950	1	4	7	9	11	6	3	6
ENSG00000245607	233	337	296	354	359	295	269	359
ENSG00000167601	54	136	64	56	58	68	35	69
ENSG00000194329	59	77	161	96	103	47	61	116
ENSG00000163441	32	10	21	16	9	18	20	5
ENSG00000124696	2055	1613	1985	2560	3321	2270	2466	2580
ENSG00000183698	317	185	304	273	270	237	129	287
ENSG00000106298	14	7	15	7	25	11	17	8
ENSG00000157133	215	418	285	565	535	592	352	515
ENSG00000208268	94	193	131	98	158	192	99	181
ENSG00000167974	18	19	21	15	31	6	15	24
ENSG00000119483	136	97	123	99	127	126	108	103
ENSG00000186715	111	66	100	44	67	29	41	35
ENSG00000232498	3	1	2	1	1	2	1	3
ENSG00000126966	5	6	9	2	6	7	9	10
ENSG00000122706	378	516	666	482	649	705	454	396
ENSG00000237850	420	383	318	286	254	236	280	189
ENSG00000121454	245	350	185	163	460	208	204	221
ENSG00000186596	19	22	17	11	24	14	41	21
ENSG00000175309	54	13	53	56	58	37	56	39
ENSG00000122691	187	113	174	208	240	147	160	96
ENSG00000153821	549	439	337	865	392	597	815	734
ENSG00000155306	12	46	28	36	16	24	24	19
ENSG00000115207	8	35	25	19	20	9	23	18
ENSG00000200428	1392	1641	1462	1509	1441	701	1051	1139
ENSG00000148155	188	161	253	161	173	127	161	144
ENSG00000173724	87	69	89	80	56	82	87	80
ENSG00000143042	61	69	36	30	23	46	40	24
ENSG00000121092	48	27	25	37	33	36	58	38
ENSG00000195444	6325	2130	4765	2572	5658	2650	12572	5449
ENSG00000121994	1419	1073	1053	1044	1152	728	1194	1372
ENSG00000187376	54	51	75	50	46	63	64	29
ENSG00000225952	9	4	21	12	16	9	12	21
ENSG00000131380	4705	3257	3146	3407	4907	4142	7493	3312
ENSG00000135289	5126	3459	4792	4260	8301	3290	6896	2349
ENSG00000227826	1286	2154	2533	1167	2856	1309	1271	1865
ENSG00000179023	1951	495	2681	1015	1080	1103	1614	681
ENSG00000243279	3	3	1	7	6	5	5	4
ENSG00000105743	35	18	19	13	9	12	28	8
ENSG00000180436	405	381	337	442	634	264	211	323
ENSG00000224710	66	44	110	116	67	140	54	86
ENSG00000176230	200	358	91	434	101	343	216	230
ENSG00000240003	31	40	55	39	33	27	52	71
ENSG00000162759	41	20	33	53	86	49	42	36
ENSG00000137973	621	439	476	510	381	455	241	494
ENSG00000139264	52	84	83	45	53	60	64	89
ENSG00000243037	104	132	142	178	162	180	100	153
ENSG00000160427	130	278	192	336	182	301	172	375
ENSG00000153452	340	222	163	403	197	155	221	143
ENSG00000212687	1769	1242	2094	1582	1554	597	1897	1999
ENSG00000173268	1754	1808	4217	3114	6664	3545	2945	2041
ENSG00000103128	4	9	6	9	10	8	10	6
ENSG00000229652	90	110	83	91	77	86	59	91
ENSG00000125190	58	68	58	60	64	27	81	46
ENSG00000239645	592	465	708	523	419	746	606	487
ENSG00000102483	15	13	31	23	16	26	11	30
ENSG00000112104	875	862	1020	590	1370	1041	1800	415
ENSG00000214801	628	412	582	617	605	720	460	640
ENSG00000109807	1529	711	816	450	612	498	1214	348
ENSG00000249137	20	21	8	19	25	20	29	22
ENSG00000108927	146	52	151	163	99	115	62	98
ENSG00000203943	16	26	15	8	17	16	19	12
ENSG00000224010	302	347	286	313	292	192	438	265
ENSG00000215021	569	466	828	702	1397	896	875	771
ENSG00000244205	9	9	6	6	10	5	7	8
ENSG00000193149	31	18	20	59	36	19	17	39
ENSG00000116862	102	69	92	126	73	123	100	82
ENSG00000119589	52	93	28	27	21	30	53	51
ENSG00000159346	2332	3023	2759	2445	2858	2195	3597	2811
ENSG00000190582	59	61	90	156	60	119	89	139
ENSG00000127554	333	219	229	182	228	365	247	325
ENSG00000164344	9	10	12	7	20	20	18	8
ENSG00000169702	3129	2772	3544	3149	2680	5361	3080	4271
ENSG00000173941	197	216	148	180	97	199	125	359
ENSG00000153174	1456	737	2291	270	1350	1121	2325	400
ENSG00000224633	241	223	167	166	112	137	103	174
ENSG00000223847	5	3	0	2	2	1	0	0
ENSG00000223660	5	4	4	9	15	14	8	5
ENSG00000145247	6	10	18	7	14	7	6	10
ENSG00000204982	258	248	306	327	297	565	406	325
ENSG00000175791	65	44	61	42	45	43	73	66
ENSG00000152802	281	266	472	379	244	261	335	174
ENSG00000199602	265	207	75	278	263	226	327	272
ENSG00000230762	171	262	182	246	173	212	191	205
ENSG00000169871	1134	1383	750	897	1131	369	771	966
ENSG00000117518	203	214	101	153	119	126	149	61
ENSG00000104057	6	3	7	3	0	4	12	6
ENSG00000149315	33	26	42	41	56	36	49	28
ENSG00000174278	8720	4968	10289	4042	3994	2954	7457	2385
ENSG00000200045	6	24	6	10	9	10	12	17
ENSG00000200285	3378	2529	3769	2123	5517	1926	4275	2416
ENSG00000240178	2871	5119	6091	3279	5096	4385	2937	3828
ENSG00000225233	33	26	57	40	28	44	42	29
ENSG00000210649	504	393	222	241	375	327	224	141
ENSG00000126238	1	4	7	12	8	6	7	6
ENSG00000121760	390	687	620	706	319	473	244	519
ENSG00000212997	67	38	56	19	60	53	66	34
ENSG00000165990	15	6	10	13	4	13	8	16
ENSG00000231625	54	67	75	59	94	70	124	53
ENSG00000112710	32	40	41	77	53	55	59	44
ENSG00000117631	25	54	68	51	44	35	55	44
ENSG00000131414	177	258	148	187	197	229	213	149
ENSG00000246360	75	96	87	113	82	127	43	83
ENSG00000156770	33	47	50	53	42	42	28	44
ENSG00000234870	828	1298	435	849	698	539	1029	980
ENSG00000159731	16797	28590	19602	11673	19922	23908	14324	7640
ENSG00000135137	125	200	156	190	72	154	169	352
ENSG00000165733	29	42	28	43	41	29	30	31
ENSG00000189332	15	34	19	24	11	10	14	15
ENSG00000180654	365	306	419	630	430	473	570	473
ENSG00000203732	100	119	48	59	106	52	88	91
ENSG00000190617	165	109	284	131	186	197	138	130
ENSG00000172582	3	0	3	3	2	1	4	9
ENSG00000223348	17	8	13	16	11	7	31	17
ENSG00000241200	8	7	10	16	22	11	11	24
ENSG00000163656	1071	916	1117	1450	1285	420	871	1518
ENSG00000222688	152	55	186	117	162	83	212	80
ENSG00000237244	1	0	4	1	1	0	3	2
ENSG00000176918	291	457	405	239	372	586	250	286
ENSG00000100264	1819	1316	1651	1403	1242	1411	1760	1428
ENSG00000187725	1664	2488	2705	2515	1445	2470	1923	3241
ENSG00000190669	3	2	1	1	3	1	3	0
ENSG00000121784	195	279	187	193	73	196	145	213
ENSG00000140976	825	944	1047	470	270	570	1293	931
ENSG00000211175	325	512	362	655	469	317	385	598
ENSG00000187989	139	111	69	94	67	106	136	44
ENSG00000222699	3	6	5	2	1	6	0	2
ENSG00000180995	118	55	50	88	51	82	65	86
ENSG00000225492	112	66	52	46	92	100	42	116
ENSG00000232525	408	361	666	323	503	393	194	583
ENSG00000168577	759	689	574	541	377	577	403	497
ENSG00000189433	63	115	30	95	154	96	54	105
ENSG00000140044	787	885	1250	960	595	910	704	564
ENSG00000156986	13	11	9	27	15	15	21	17
ENSG00000120569	83	17	40	15	34	22	50	45
ENSG00000186435	127	240	141	212	102	100	83	91
ENSG00000172049	266	370	434	214	552	436	596	532
ENSG00000146087	100	86	61	49	60	65	143	59
ENSG00000200520	1553	1769	1529	1188	2859	1320	1687	761
ENSG00000136600	214	503	287	192	137	494	331	252
ENSG00000146857	13	27	8	34	20	20	26	30
ENSG00000163589	235	164	220	187	87	148	217	157
ENSG00000128764	20	20	23	21	23	15	12	23
ENSG00000114698	10	20	27	11	20	22	33	23
ENSG00000201973	10	6	8	6	5	4	11	14
ENSG00000233521	2009	913	2379	2720	1784	2956	1791	1676
ENSG00000228130	970	842	929	901	653	1017	1246	753
ENSG00000198094	11	7	2	8	9	13	5	4
ENSG00000100534	1511	1741	649	1669	1353	998	1829	863
ENSG00000193202	951	1223	894	1074	669	1248	1100	1258
ENSG00000110082	85	47	79	52	31	67	71	47
ENSG00000239072	341	492	407	297	556	486	464	379
ENSG00000226047	13695	19281	9977	10677	13748	5302	8151	12599
ENSG00000227991	304	183	294	258	251	153	280	221
ENSG00000181828	418	218	458	304	383	373	254	320
ENSG00000209511	1646	1892	1206	2650	815	1390	1593	1052
ENSG00000152902	9	22	17	15	6	23	8	17
ENSG00000180118	10	13	9	11	11	15	27	11
ENSG00000239106	11	5	8	13	6	2	7	8
ENSG00000230733	92	157	140	122	152	80	156	111
ENSG00000111058	1516	912	709	714	625	833	833	897
ENSG00000197184	30	29	21	34	17	24	16	38
ENSG00000241190	6	5	14	15	7	10	11	4
ENSG00000150197	207	125	296	173	220	253	200	261
ENSG00000142584	39	50	71	54	69	82	136	55
ENSG00000145384	324	402	330	452	343	468	433	508
ENSG00000172545	103	87	115	89	150	160	127	147
ENSG00000173939	105	83	131	82	176	175	54	92
ENSG00000145296	79	143	97	107	110	133	58	135
ENSG00000218278	183	89	162	154	166	141	232	203
ENSG00000186614	22	20	7	19	12	13	27	30
ENSG00000177930	10	20	21	4	16	5	19	20
ENSG00000177957	2960	3118	5973	4429	4029	4651	3872	6195
ENSG00000171652	44025	49873	48660	31433	46020	54940	32585	58844
ENSG00000156849	1850	700	1208	1084	751	1344	1554	1702
ENSG00000152135	9	3	3	5	4	10	11	7
ENSG00000230767	140	138	169	78	218	173	212	86
ENSG00000157920	3958	1574	2526	2191	3681	1706	5675	2361
ENSG00000233925	7	0	1	4	4	6	2	11
ENSG00000130616	50	37	53	64	114	50	34	37
ENSG00000241354	111	118	69	82	101	96	27	83
ENSG00000231576	23	31	30	13	19	29	32	30
ENSG00000151790	33	25	24	59	12	24	20	24
ENSG00000220523	1814	822	3664	1294	1441	1113	2386	1145
ENSG00000103843	66	48	77	22	91	128	103	82
ENSG00000218954	118	75	107	135	136	52	84	96
ENSG00000166575	7817	4163	6033	3579	4529	6843	6004	5082
ENSG00000124188	27	31	25	31	34	20	31	23
ENSG00000137238	5	1	1	7	8	4	4	7
ENSG00000172737	597	501	618	894	446	604	873	839
ENSG00000191485	8403	8969	8520	4754	6468	11123	13895	10808
ENSG00000123557	172	292	179	369	265	186	327	247
ENSG00000138890	148	451	289	321	229	277	426	157
ENSG00000153485	11	14	13	16	8	7	11	11
ENSG00000211144	19	26	37	34	41	20	35	26
ENSG00000132285	2652	2618	4618	5340	2570	3510	2924	3408
ENSG00000141205	1438	1338	1887	1135	1719	1441	1499	2536
ENSG00000216399	297	935	534	425	349	391	550	518
ENSG00000200271	26	47	57	42	46	41	27	84
ENSG00000148435	10	17	4	16	15	8	13	11
ENSG00000211113	10	21	8	10	30	20	20	17
ENSG00000164668	8	17	18	20	14	14	7	20
ENSG00000201287	995	265	260	478	738	366	464	817
ENSG00000169345	31	15	24	42	28	40	26	41
ENSG00000116298	73	36	49	53	56	58	33	60
ENSG00000198140	847	521	534	840	678	598	422	971
ENSG00000234346	778	526	737	671	966	619	1015	593
ENSG00000157904	81	190	187	161	169	142	350	305
ENSG00000249947	446	480	340	383	528	526	150	225
ENSG00000150423	260	229	90	75	175	71	141	198
ENSG00000134652	1	2	4	2	4	3	5	3
ENSG00000232153	190	103	194	150	127	57	176	84
ENSG00000154446	76	48	55	71	52	32	52	51
ENSG00000156549	158	95	170	105	104	45	190	72
ENSG00000115003	228	288	206	389	286	103	136	379
ENSG00000247153	22	38	31	32	66	29	41	33
ENSG00000109923	1624	1439	2943	2161	2248	2344	1520	1356
ENSG00000240344	109	98	88	149	99	122	124	124
ENSG00000206549	215	159	146	117	132	241	191	354
ENSG00000173699	239	292	284	237	162	381	170	353
ENSG00000181188	74	107	60	94	104	71	91	127
ENSG00000230278	355	510	385	516	243	629	444	414
ENSG00000245948	412	820	583	465	656	682	797	704
ENSG00000233902	491	350	507	521	560	557	376	614
ENSG00000129388	33	29	42	69	32	28	33	35
ENSG00000186881	9	37	13	28	19	36	30	15
ENSG00000155162	32	47	33	29	48	39	53	41
ENSG00000244780	118	109	182	172	86	200	126	218
ENSG00000185876	5	3	13	2	3	6	11	1
ENSG00000220288	48	17	34	29	8	30	23	17
ENSG00000179213	12	13	9	4	12	18	15	23
ENSG00000202290	50	60	22	47	32	43	44	30
ENSG00000245986	9	25	11	25	20	11	25	19
ENSG00000214086	735	429	239	1172	953	746	425	743
ENSG00000240400	289	421	219	242	174	287	337	429
ENSG00000152280	776	1177	769	851	1156	589	1891	919
ENSG00000128548	19	11	24	23	18	17	27	21
ENSG00000238141	23	19	34	40	34	29	31	18
ENSG00000180537	76	80	115	99	29	138	91	123
ENSG00000204024	3180	4192	3587	4746	2477	3388	3135	2486
ENSG00000116787	3416	3089	3929	5475	5970	3192	4524	4444
ENSG00000127717	32	49	34	54	25	63	37	42
ENSG00000147959	670	342	524	560	401	400	464	318
ENSG00000205688	9656	5525	19496	7850	12904	7110	22851	14374
ENSG00000121459	6	11	26	16	10	23	16	15
ENSG00000228994	152	158	158	105	117	90	90	60
ENSG00000161123	2033	1431	2570	2065	1832	1747	1596	2201
ENSG00000165234	446	630	314	582	423	674	450	750
ENSG00000236869	16	26	14	15	11	20	13	9
ENSG00000142408	5753	3416	5943	4608	3475	2852	5917	3477
ENSG00000171620	756	871	1238	1172	655	1571	851	1258
ENSG00000157484	676	723	793	695	778	517	720	519
ENSG00000203158	12	16	17	5	8	5	13	6
ENSG00000167625	112	64	158	142	91	80	174	83
ENSG00000190340	1809	2056	1695	2913	1494	1396	1994	1471
ENSG00000100320	240	309	328	235	332	449	281	362
ENSG00000205663	793	940	457	824	556	523	1194	379
ENSG00000129106	87	66	102	183	63	66	115	137
ENSG00000226760	3412	5860	3609	3730	2635	2213	4073	3050
ENSG00000167315	138	74	214	58	111	92	122	133
ENSG00000220377	1765	1045	2165	392	1768	902	1558	694
ENSG00000122734	260	335	182	281	478	266	215	274
ENSG00000220384	32	22	13	23	27	15	25	17
ENSG00000248144	3119	2695	4747	3175	2217	1913	3012	2638
ENSG00000144339	12	8	12	8	7	10	16	14
ENSG00000237618	36	32	16	34	32	22	54	33
ENSG00000220094	85	170	114	99	174	220	148	179
ENSG00000235184	5	4	8	9	7	10	9	7
ENSG00000167220	3	2	3	3	5	4	4	4
ENSG00000206160	110	152	114	159	113	104	132	108
ENSG00000107507	83	54	66	33	50	57	47	24
ENSG00000129199	71	89	171	101	110	99	91	83
ENSG00000153792	191	393	205	276	375	472	484	689
ENSG00000212113	12155	18373	9064	18112	14765	9406	20912	12955
ENSG00000208312	117	46	167	55	133	85	123	71
ENSG00000246121	15337	16563	12429	21351	21838	32348	22657	21303
ENSG00000165563	161	185	243	124	256	221	242	333
ENSG00000122026	144	85	111	134	134	73	119	128
ENSG00000180929	0	1	0	1	3	0	1	0
ENSG00000186024	5	10	7	10	3	6	9	7
ENSG00000184793	237	178	188	256	198	161	147	427
ENSG00000139378	409	219	452	332	297	551	412	261
ENSG00000198946	45	36	21	18	38	17	23	24
ENSG00000219519	194	239	180	140	379	169	203	213
ENSG00000235718	640	1636	693	929	700	552	1076	448
ENSG00000123404	21	53	32	38	47	29	27	34
ENSG00000125836	3	6	7	4	6	8	8	5
ENSG00000105267	37	22	38	9	28	20	43	21
ENSG00000126162	73	63	31	64	78	81	28	69
ENSG00000239557	247	117	220	231	301	222	315	213
ENSG00000180639	804	799	730	888	684	658	767	422
ENSG00000172960	51	18	16	20	19	14	22	41
ENSG00000117442	138	113	124	171	227	216	84	88
ENSG00000152677	92	71	37	97	78	100	46	106
ENSG00000194950	183	163	73	184	163	139	144	117
ENSG00000145219	1015	634	1030	1442	1071	1159	921	602
ENSG00000116408	2561	2081	1385	1776	2137	1644	2069	1293
ENSG00000223997	67	80	47	91	30	37	32	39
ENSG00000197545	39	33	25	28	67	44	53	43
ENSG00000105644	33	30	44	10	44	25	23	29
ENSG00000182784	67	55	51	27	52	88	80	33
ENSG00000173556	106	69	171	47	98	49	123	59
ENSG00000221640	106	89	65	124	168	122	61	66
ENSG00000124770	62	66	75	42	32	46	30	24
ENSG00000147925	10	15	12	17	17	14	23	5
ENSG00000159908	12	6	11	2	16	22	9	13
ENSG00000129230	166	165	115	66	61	233	109	88
ENSG00000246533	21270	8039	31126	18563	15020	18412	28374	20776
ENSG00000177062	614	388	511	385	269	363	254	468
ENSG00000110401	508	660	872	378	214	600	394	568
ENSG00000202122	117	252	109	239	465	163	301	366
ENSG00000247647	132	132	115	84	133	59	103	102
ENSG00000124841	7448	10568	9624	12093	9677	7919	4958	7437
ENSG00000185073	71	84	109	72	88	81	75	55
ENSG00000189160	27	15	13	22	20	31	25	16
ENSG00000133594	19	14	9	11	10	8	18	12
ENSG00000120600	217	205	182	238	154	179	356	234
ENSG00000104335	17	15	19	12	20	34	13	11
ENSG00000244349	17	24	27	20	12	14	29	17
ENSG00000191273	10	29	31	26	22	24	12	19
ENSG00000231232	13	10	7	9	6	9	4	6
ENSG00000113978	173	166	202	175	212	196	261	164
ENSG00000247849	5	8	2	7	2	4	5	3
ENSG00000142197	14429	11798	13602	10089	14909	18407	9653	11992
ENSG00000236119	1	0	2	1	1	4	0	0
ENSG00000209573	9	8	10	6	6	9	8	12
ENSG00000104696	175	111	207	131	100	167	115	110
ENSG00000220017	244	200	305	242	397	251	376	192
ENSG00000132294	45	85	71	86	54	40	61	47
ENSG00000157416	702	264	858	233	558	381	262	242
ENSG00000169023	146	231	151	225	183	207	301	65
ENSG00000135061	355	154	341	230	376	114	279	269
ENSG00000226864	403	440	812	740	535	274	384	457
ENSG00000186307	455	307	574	301	522	162	603	175
ENSG00000217122	76	122	146	131	85	183	78	234
ENSG00000189252	65	137	91	135	147	63	77	106
ENSG00000136200	672	565	982	699	653	325	667	861
ENSG00000208675	98	73	116	95	73	94	115	91
ENSG00000150292	455	468	548	626	369	390	378	668
ENSG00000214382	4475	3849	3032	5824	3287	4027	3929	2805
ENSG00000166181	447	175	522	277	574	262	661	304
ENSG00000239760	1525	1557	908	2030	3108	1403	1644	1507
ENSG00000197842	40	74	17	72	75	61	60	48
ENSG00000212646	263	263	256	207	301	265	262	210
ENSG00000162952	335	316	588	422	583	280	326	615
ENSG00000108391	254	244	365	120	209	317	255	263
ENSG00000127819	459	639	394	306	262	460	297	405
ENSG00000230983	2765	2251	2660	1900	1542	942	2447	3212
ENSG00000194906	45	94	75	134	113	38	93	47
ENSG00000241124	53	28	27	24	40	26	40	46
ENSG00000156900	338	311	324	327	375	177	322	239
ENSG00000167178	7	7	9	7	7	8	15	9
ENSG00000112423	104	145	267	119	146	120	124	135
ENSG00000106436	2409	1804	1749	1040	2899	1837	1929	1527
ENSG00000140125	205	137	109	128	122	118	221	105
ENSG00000206027	757	583	555	514	1166	366	829	458
ENSG00000215002	122	312	446	276	291	165	210	341
ENSG00000242181	1345	1565	1901	1616	1649	1042	1523	1713
ENSG00000150139	337	534	325	469	682	325	397	333
ENSG00000199738	109	135	169	142	170	252	100	124
ENSG00000219585	0	1	3	4	2	0	0	1
ENSG00000216439	63	37	67	44	63	32	50	24
ENSG00000151071	458	507	944	711	549	507	385	663
ENSG00000233314	90	148	164	173	60	108	205	106
ENSG00000202792	53	27	46	19	31	21	32	51
ENSG00000225356	1542	693	778	1383	800	1537	854	938
ENSG00000106347	19	24	30	22	40	21	13	15
ENSG00000247584	78	60	47	108	73	88	45	44
ENSG00000160232	779	343	271	364	737	515	460	748
ENSG00000119124	54	61	37	44	26	41	54	60
ENSG00000199728	179	184	292	110	158	117	146	90
ENSG00000243675	103	104	82	119	90	143	200	118
ENSG00000116942	17	15	15	5	24	13	18	13
ENSG00000176201	62	41	21	14	71	35	28	58
ENSG00000158938	38	48	46	71	33	68	52	53
ENSG00000162743	49	14	33	22	39	33	25	26
ENSG00000247092	639	839	1033	1249	2215	1476	1352	788
ENSG00000238573	189	107	81	98	70	93	157	102
ENSG00000225515	45	18	38	25	30	12	37	13
ENSG00000101970	7	9	6	7	3	7	4	8
ENSG00000197040	91	82	53	52	81	58	69	55
ENSG00000103677	881	1590	1742	1755	2359	1275	1069	1571
ENSG00000230588	52	67	98	77	62	55	60	87
ENSG00000199337	478	593	471	687	588	455	565	530
ENSG00000198102	273	362	176	198	228	497	359	235
ENSG00000170530	48	31	36	40	34	64	53	72
ENSG00000186455	8	11	15	16	27	11	17	11
ENSG00000215582	343	373	222	295	284	581	293	478
ENSG00000213948	7	1	0	2	3	5	9	1
ENSG00000120662	304	392	574	198	341	550	276	386
ENSG00000112269	34	6	19	9	32	8	26	20
ENSG00000233611	752	800	542	315	723	494	590	370
ENSG00000153092	50	39	57	67	63	40	98	46
ENSG00000130569	79	187	76	107	105	107	94	162
ENSG00000131131	766	692	1208	987	752	702	1198	1264
ENSG00000125841	9	13	14	26	26	36	11	34
ENSG00000184857	175	116	199	194	232	162	105	167
ENSG00000247809	49	49	70	44	66	92	63	65
ENSG00000210151	451	315	557	591	351	457	394	391
ENSG00000120613	551	515	452	872	449	574	675	607
ENSG00000183057	574	265	396	127	575	302	419	226
ENSG00000145324	175	304	94	195	124	197	248	166
ENSG00000122608	28	65	78	90	32	78	55	66
ENSG00000177706	451	375	545	273	351	478	306	608
ENSG00000220743	121	103	66	101	105	73	52	79
ENSG00000106600	229	284	182	103	157	130	219	158
ENSG00000230308	57	223	129	80	267	146	217	131
ENSG00000230350	9	5	10	3	10	12	15	6
ENSG00000178696	13	17	10	13	16	18	16	8
ENSG00000143343	190	125	380	102	137	153	83	202
ENSG00000186305	120	254	44	155	106	86	78	130
ENSG00000201336	1262	2520	1561	1267	2277	1112	2218	2135
ENSG00000131626	1	1	1	2	0	2	1	0
ENSG00000216941	153	172	377	153	120	112	180	213
ENSG00000179826	802	1160	1083	1807	1203	1410	1603	760
ENSG00000183767	208	146	219	170	198	101	112	122
ENSG00000192469	545	692	463	471	975	645	576	539
ENSG00000201886	76	153	132	172	147	92	200	229
ENSG00000190546	115	156	56	45	151	50	124	131
ENSG00000206857	472	1751	740	838	805	494	689	874
ENSG00000123293	7	15	7	9	6	10	13	12
ENSG00000231638	1	1	1	2	3	0	1	3
ENSG00000200188	226	445	555	154	462	346	162	313
ENSG00000152978	113	133	289	187	193	227	79	242
ENSG00000226923	418	218	405	146	465	204	318	145
ENSG00000219908	131	538	189	241	173	289	141	222
ENSG00000220933	452	583	316	333	241	790	509	324
ENSG00000116186	33	52	39	43	75	42	24	66
ENSG00000120279	351	847	290	318	286	504	392	441
ENSG00000175631	332	195	154	246	233	250	201	260
ENSG00000113258	14	15	12	12	14	13	22	12
ENSG00000207794	117	135	103	84	93	62	69	112
ENSG00000109745	203	235	179	251	151	358	191	195
ENSG00000149553	22	23	16	30	15	28	27	23
ENSG00000212357	1195	1172	905	1196	1104	1804	751	806
ENSG00000139119	64	50	45	109	93	111	45	55
ENSG00000160778	432	797	1253	1042	452	626	773	803
ENSG00000167197	2182	2958	1684	2551	3526	2646	1999	1900
ENSG00000239771	8	8	9	15	7	6	18	11
ENSG00000147234	24	5	16	5	20	19	21	9
ENSG00000153558	533	271	511	252	451	656	425	421
ENSG00000215398	55	143	79	162	142	81	90	51
ENSG00000195455	345	429	392	341	269	403	343	219
ENSG00000186802	4708	4252	5327	4047	3381	2512	4898	4144
ENSG00000182697	48	33	80	91	44	67	61	93
ENSG00000208199	1141	585	911	885	570	767	448	596
ENSG00000175161	58	34	73	68	89	47	116	62
ENSG00000167451	16	39	19	24	17	43	38	84
ENSG00000197700	547	457	252	397	272	288	584	434
ENSG00000215570	310	132	366	315	527	334	236	217
ENSG00000231440	1553	1226	1292	1290	982	1444	1522	1133
ENSG00000198164	456	234	403	367	858	270	568	256
ENSG00000113650	770	1269	1031	677	770	807	756	920
ENSG00000125587	346	318	466	428	346	357	657	132
ENSG00000192845	11	6	4	5	4	4	8	4
ENSG00000221366	96	64	83	84	44	75	39	68
ENSG00000198966	102	55	74	57	49	33	90	97
ENSG00000246181	1199	1963	902	983	548	487	1079	1160
ENSG00000155237	14	13	22	17	16	29	13	29
ENSG00000183651	102	167	165	134	213	111	328	243
ENSG00000129006	139	60	77	72	55	55	78	27
ENSG00000210418	4	1	3	5	1	6	5	4
ENSG00000113917	130	108	171	74	34	79	99	119
ENSG00000123754	424	492	244	534	325	674	529	461
ENSG00000156903	110	41	141	73	69	73	138	66
ENSG00000106060	670	552	510	559	994	1226	976	511
ENSG00000190683	520	292	343	216	229	259	329	246
ENSG00000226506	287	340	351	450	496	148	294	154
ENSG00000224978	37	39	67	116	47	88	60	41
ENSG00000117535	110	101	119	125	96	56	154	76
ENSG00000202934	402	239	328	443	400	546	516	611
ENSG00000165820	171	164	239	125	90	203	267	164
ENSG00000143480	9	13	13	14	16	10	5	8
ENSG00000160062	116	115	85	72	38	114	72	92
ENSG00000235408	269	219	325	281	178	266	204	195
ENSG00000186564	1289	1066	1006	2041	1514	1235	1256	1357
ENSG00000220474	778	537	913	732	1385	282	991	1029
ENSG00000110063	14	9	18	16	23	17	31	20
ENSG00000187529	480	555	681	746	638	967	617	704
ENSG00000145511	6	5	13	3	7	3	7	2
ENSG00000119953	44	48	30	53	49	43	51	30
ENSG00000191252	27	22	19	49	40	34	5	28
ENSG00000134932	3512	4033	4526	2593	1546	1893	1529	1988
ENSG00000248529	479	512	781	627	884	512	940	496
ENSG00000138883	241	317	233	228	329	346	265	252
ENSG00000248798	51	25	29	57	33	54	38	29
ENSG00000153801	2143	2561	1429	2276	1213	1351	1474	921
ENSG00000140368	59	84	83	73	51	65	86	135
ENSG00000156218	302	299	240	514	793	382	560	230
ENSG00000240951	1125	1035	1617	1749	1960	903	859	1955
ENSG00000129033	48	95	52	63	86	147	86	59
ENSG00000195381	458	464	390	428	362	374	416	332
ENSG00000184269	2	2	0	1	2	1	4	2
ENSG00000130391	369	475	400	320	593	493	250	520
ENSG00000243266	6	4	4	8	6	9	4	4
ENSG00000121163	401	255	406	339	190	381	174	329
ENSG00000128341	185	283	331	280	267	290	136	333
ENSG00000241217	321	198	268	340	358	471	181	280
ENSG00000117206	14382	10975	12797	15160	16188	13172	8378	9862
ENSG00000127626	2	0	2	1	4	0	1	0
ENSG00000219802	668	515	309	315	499	254	291	484
ENSG00000156270	69	66	72	72	87	53	98	69
ENSG00000231731	363	457	965	340	462	994	760	629
ENSG00000223707	757	363	461	226	611	200	569	369
ENSG00000189824	150	109	238	177	237	145	197	160
ENSG00000175414	29	66	52	75	39	47	39	57
ENSG00000134999	31	41	29	36	17	38	62	51
ENSG00000186864	315	546	419	351	364	306	346	292
ENSG00000248096	22	5	13	6	13	7	14	15
ENSG00000189878	808	1558	1530	575	2130	1682	1315	1770
ENSG00000224614	23	45	36	52	61	67	32	33
ENSG00000240140	309	324	373	401	333	286	306	411
ENSG00000211068	13	19	14	16	18	9	24	28
ENSG00000124634	268	190	499	379	341	447	266	437
ENSG00000174235	99	65	57	111	75	77	51	84
ENSG00000207931	763	671	792	480	796	415	570	832
ENSG00000173890	1601	980	1759	3747	1402	2442	2226	2451
ENSG00000128349	61	53	33	45	42	69	55	29
ENSG00000218584	168	183	116	178	160	163	163	153
ENSG00000211099	266	245	137	216	215	291	241	235
ENSG00000204444	1668	3440	3039	2722	3905	1734	2103	3806
ENSG00000143937	14	16	15	9	17	2	13	17
ENSG00000191698	573	282	705	652	351	392	435	791
ENSG00000223306	216	106	244	127	87	161	208	194
ENSG00000188526	5	19	9	13	8	15	11	8
ENSG00000155389	127	83	37	118	106	75	62	80
ENSG00000146378	40	45	37	49	29	25	31	33
ENSG00000128974	993	1173	1340	1746	1548	953	1695	1623
ENSG00000224452	22	12	24	20	29	24	15	20
ENSG00000187388	1526	1564	1288	770	656	1633	1030	1399
ENSG00000245278	67	25	86	53	45	67	62	54
ENSG00000112077	461	445	374	687	635	1096	657	713
ENSG00000157766	6	7	2	2	3	11	4	5
ENSG00000238210	24	49	57	33	55	28	54	40
ENSG00000199748	136	284	143	143	202	161	270	182
ENSG00000188682	26	38	38	26	38	8	21	14
ENSG00000158213	8	2	6	11	1	9	1	4
ENSG00000102162	170	137	102	108	144	194	191	210
ENSG00000108156	644	705	539	767	725	984	444	700
ENSG00000168529	115	114	219	103	244	172	122	159
ENSG00000101573	67	90	109	152	84	83	136	122
ENSG00000156517	361	580	214	567	307	268	211	115
ENSG00000183531	53	45	73	59	70	51	36	82
ENSG00000128585	771	575	915	1054	881	293	1025	1448
ENSG00000135561	1722	1532	1909	1297	2113	618	1723	2123
ENSG00000171449	9	9	17	18	20	15	7	8
ENSG00000209949	1008	836	1460	1424	997	1060	1466	1682
ENSG00000165349	774	576	909	660	587	438	777	620
ENSG00000159892	251	190	270	477	197	346	205	301
ENSG00000148247	703	642	583	1070	687	450	574	656
ENSG00000175598	2730	3841	2605	4531	2930	1762	2383	3352
ENSG00000147611	7206	5373	8385	3487	5309	7073	6173	15460
ENSG00000233865	3789	4133	2025	3151	2372	3762	6570	3519
ENSG00000108973	129	144	115	94	79	65	117	119
ENSG00000215614	1724	1231	1756	1998	1874	1820	4866	3808
ENSG00000151265	2	7	2	3	4	5	2	10
ENSG00000198322	1624	652	1266	935	1253	1374	1749	1381
ENSG00000197278	395	851	643	484	657	560	1067	771
ENSG00000212290	832	1376	1188	735	1288	806	960	1163
ENSG00000191423	15	37	21	29	24	22	18	21
ENSG00000136888	3118	1688	3431	1652	2067	4062	3373	2118
ENSG00000224368	2620	1269	2880	2390	2126	3554	1499	2205
ENSG00000137064	200	158	181	245	135	198	159	198
ENSG00000159098	10	9	10	11	9	6	16	5
ENSG00000141678	282	462	299	297	445	439	269	310
ENSG00000224884	44	33	57	34	61	31	68	47
ENSG00000169616	6	9	12	4	8	7	12	12
ENSG00000144278	73	35	45	58	41	65	42	31
ENSG00000145806	12217	22836	12910	16226	15311	15471	19613	19276
ENSG00000185767	3	12	6	9	5	14	12	13
ENSG00000159975	37	92	112	135	82	78	68	43
ENSG00000248891	132	159	235	147	319	170	189	270
ENSG00000188389	808	1060	1017	993	862	872	1212	1975
ENSG00000120725	9	24	18	28	12	34	21	8
ENSG00000174834	35	20	39	23	51	27	44	20
ENSG00000105899	2986	721	1506	782	3726	882	1255	993
ENSG00000193830	182	278	208	276	221	417	233	128
ENSG00000126414	996	1705	1951	1949	1186	1590	939	2013
ENSG00000172980	25	4	34	20	25	22	27	18
ENSG00000206236	163	225	114	128	103	110	104	133
ENSG00000206038	539	1353	1908	658	867	798	788	852
ENSG00000136428	105	153	195	275	217	206	226	119
ENSG00000208709	27	15	13	9	7	17	15	12
ENSG00000167576	139	284	209	129	204	127	138	83
ENSG00000154491	4	2	3	4	4	5	2	4
ENSG00000173882	31	28	43	13	40	29	38	23
ENSG00000189282	552	421	413	444	350	706	529	352
ENSG00000174193	819	741	1168	926	831	959	1162	1337
ENSG00000170543	298	280	322	421	252	462	424	328
ENSG00000159521	575	426	594	492	687	584	328	714
ENSG00000183673	11	12	3	9	15	9	12	15
ENSG00000140057	85	48	59	55	35	30	56	30
ENSG00000209705	819	1074	1872	1255	1328	1081	1138	994
ENSG00000229208	19722	11969	11730	19140	8419	9084	17572	11334
ENSG00000233113	298	309	298	348	551	568	259	265
ENSG00000200082	15	26	27	39	19	19	19	42
ENSG00000152703	17	10	16	25	26	35	19	11
ENSG00000223906	1237	1668	2337	2018	730	1716	2068	1493
ENSG00000176539	650	1060	1136	1035	806	2576	2222	676
ENSG00000106959	17	16	38	10	27	17	47	14
ENSG00000107019	294	165	209	246	99	189	225	133
ENSG00000134446	1398	2922	3120	1363	2549	1784	3059	2092
ENSG00000115807	2375	3288	2822	2412	3182	3006	1874	1686
ENSG00000136673	74	33	19	77	40	32	21	44
ENSG00000243463	117	167	64	115	67	65	62	143
ENSG00000207601	412	234	587	270	363	217	277	342
ENSG00000238191	20	25	8	7	12	9	13	9
ENSG00000184545	3	4	1	4	8	5	5	2
ENSG00000158492	79	37	88	63	41	55	51	28
ENSG00000111511	1085	1414	1601	1187	2453	2488	1416	1165
ENSG00000241025	1466	1346	1241	974	1236	1338	746	797
ENSG00000130162	377	572	449	224	473	207	330	354
ENSG00000104221	14	14	21	8	9	19	10	10
ENSG00000166623	0	1	3	5	4	1	0	2
ENSG00000204620	19	17	14	6	19	18	25	16
ENSG00000175387	103	207	219	183	188	206	32	134
ENSG00000139482	756	558	1285	969	1107	1006	1311	948
ENSG00000151831	32	30	32	19	21	23	14	20
ENSG00000114957	124	142	111	179	158	153	109	175
ENSG00000196963	6	4	4	3	5	4	3	0
ENSG00000108518	2	2	0	1	2	3	0	1
ENSG00000184295	81	90	209	117	175	99	77	192
ENSG00000163529	9	16	8	6	21	14	5	5
ENSG00000160981	15	4	10	6	28	7	14	10
ENSG00000223599	0	2	2	1	0	0	0	1
ENSG00000204297	704	386	439	617	562	560	962	678
ENSG00000209655	6	6	0	7	6	2	3	2
ENSG00000227475	91	105	102	115	141	137	116	60
ENSG00000122376	4	2	7	7	3	2	6	4
ENSG00000221902	57	98	45	29	56	40	36	89
ENSG00000107562	2002	1798	3386	1789	3823	2122	4246	1737
ENSG00000121967	246	371	191	163	140	246	194	188
ENSG00000106902	254	110	246	124	389	69	416	48
ENSG00000149811	550	456	553	448	662	642	272	529
ENSG00000165054	301	384	402	573	270	304	216	264
ENSG00000235427	2107	2400	3166	2175	1528	2452	1686	1722
ENSG00000204813	8	5	6	0	6	5	8	2
ENSG00000155442	750	980	2629	1075	1841	1429	1631	1088
ENSG00000202307	125	196	99	78	173	135	154	92
ENSG00000168820	10	9	19	8	14	9	19	23
ENSG00000139204	769	522	364	533	560	394	489	342
ENSG00000130594	303	389	326	266	485	242	248	295
ENSG00000188211	119	88	80	164	95	91	91	101
ENSG00000108269	618	415	506	676	430	797	519	568
ENSG00000102909	5	8	6	13	6	4	4	8
ENSG00000174362	4	7	7	6	2	5	4	8
ENSG00000166525	45	53	38	44	11	20	32	28
ENSG00000220355	1362	1182	1245	1450	1458	874	894	393
ENSG00000156924	243	241	293	335	369	288	274	282
ENSG00000130239	86	164	160	169	129	48	134	160
ENSG00000148960	38	21	37	33	70	41	29	27
ENSG00000198016	77	106	87	170	89	134	151	149
ENSG00000201454	1144	1341	1450	1477	947	1330	1525	1194
ENSG00000216929	25	30	27	61	28	46	42	43
ENSG00000161655	23	40	38	34	36	44	19	52
ENSG00000152572	466	220	648	321	882	196	675	224
ENSG00000218537	502	282	303	591	488	326	557	277
ENSG00000213773	156	201	140	99	121	64	121	262
ENSG00000139914	1247	1125	2156	2768	1874	3026	2913	5786
ENSG00000122263	208	146	192	171	304	146	160	163
ENSG00000248721	16	19	16	34	18	24	21	15
ENSG00000180697	0	1	2	2	2	3	0	1
ENSG00000172917	2070	1418	2561	1121	2314	1387	4729	1531
ENSG00000109023	66	132	61	107	154	106	108	139
ENSG00000208603	81	241	188	209	257	185	255	232
ENSG00000186132	828	412	501	411	355	355	418	267
ENSG00000186198	2550	1242	843	1675	2558	1849	2939	2981
ENSG00000213519	1108	1699	843	825	746	898	928	725
ENSG00000140437	736	1177	1352	563	902	957	1141	630
ENSG00000245958	457	146	339	216	256	344	197	145
ENSG00000217730	143	88	193	153	146	80	194	86
ENSG00000119192	223	351	250	244	199	217	134	238
ENSG00000201997	10	31	18	10	11	34	26	18
ENSG00000227098	471	243	540	238	464	219	291	196
ENSG00000193001	2370	1579	2443	1238	1460	867	2123	1029
ENSG00000176957	945	768	583	574	636	678	306	401
ENSG00000184718	351	236	162	62	252	114	195	202
ENSG00000184915	15	28	46	24	24	29	34	37
ENSG00000126569	35	47	33	48	27	34	23	14
ENSG00000110590	33	42	37	31	22	54	29	21
ENSG00000151701	26	57	43	76	75	32	50	99
ENSG00000243183	424	348	313	201	673	584	410	275
ENSG00000188886	392	470	337	292	348	429	749	385
ENSG00000128057	969	456	1114	423	924	351	967	541
ENSG00000224608	1195	915	904	1374	764	976	644	1039
ENSG00000122292	10	30	33	17	24	30	22	24
ENSG00000162350	90	70	87	119	75	76	60	112
ENSG00000148797	611	351	494	527	579	284	382	447
ENSG00000210445	771	590	658	570	778	676	788	886
ENSG00000106152	33	29	28	69	22	43	42	35
ENSG00000166367	25	34	30	47	41	38	36	41
ENSG00000201660	1290	2056	978	2253	1129	2025	1985	2339
ENSG00000105839	579	556	943	204	506	374	462	542
ENSG00000142951	366	376	181	110	417	298	302	552
ENSG00000127157	105	55	78	81	67	107	65	57
ENSG00000150090	11	10	13	15	17	14	30	26
ENSG00000170006	152	160	91	136	183	144	116	139
ENSG00000203317	458	249	240	329	175	296	233	216
ENSG00000126024	425	568	368	325	453	420	312	406
ENSG00000158636	792	764	678	733	1055	889	481	993
ENSG00000238754	160	197	129	234	217	203	99	149
ENSG00000158934	1251	2615	3241	1889	2085	2804	2811	1065
ENSG00000130823	69	94	56	61	79	56	26	84
ENSG00000177525	307	231	310	425	317	189	320	366
ENSG00000181069	229	268	244	206	108	227	172	157
ENSG00000221819	3	6	2	5	3	2	7	3
ENSG00000170553	7	11	22	14	21	6	7	9
ENSG00000248101	38	54	36	30	90	70	33	60
ENSG00000124055	343	136	253	189	216	169	221	348
ENSG00000117105	195	202	305	260	347	102	326	453
ENSG00000171879	1838	1350	2223	1436	1845	3612	2437	2683
ENSG00000249374	91	114	55	72	158	162	123	134
ENSG00000244883	68	44	81	91	41	90	147	45
ENSG00000151431	451	402	395	209	272	217	717	251
ENSG00000199153	9	15	4	14	16	9	22	13
ENSG00000244640	87	110	105	124	84	154	85	146
ENSG00000239995	17	13	17	21	17	16	32	11
ENSG00000186904	193	192	119	215	197	231	205	99
ENSG00000206399	23	18	43	58	36	54	16	25
ENSG00000116944	35	24	62	62	45	64	66	56
ENSG00000187348	8862	4354	6541	4494	6591	8569	3566	6828
ENSG00000199403	1903	839	2794	1488	2297	1130	3145	2464
ENSG00000235807	16046	25037	24325	25433	14212	25256	24740	19039
ENSG00000239964	338	147	541	212	408	358	409	154
ENSG00000197233	256	72	147	101	154	125	210	161
ENSG00000199703	33	20	23	16	38	19	20	16
ENSG00000208297	105	149	86	127	101	47	163	116
ENSG00000239258	1	1	2	2	6	1	4	2
ENSG00000132776	103	251	207	233	175	167	274	122
ENSG00000177623	40	36	31	31	50	51	44	48
ENSG00000155006	5	10	16	16	6	5	16	13
ENSG00000187284	8	5	5	8	6	6	1	3
ENSG00000218908	12	15	27	30	20	26	32	35
ENSG00000136851	50	71	75	49	50	73	34	57
ENSG00000226489	216	114	90	107	126	140	113	147
ENSG00000203508	14	8	3	7	1	4	10	0
ENSG00000247768	128	115	93	171	102	81	118	118
ENSG00000186219	364	176	278	237	195	221	141	184
ENSG00000121757	9331	10358	12306	9554	13037	10205	10920	7780
ENSG00000129532	197	249	283	203	187	226	273	269
ENSG00000167293	918	865	1074	571	840	656	572	718
ENSG00000106878	38	28	43	29	36	40	25	60
ENSG00000122007	292	118	171	137	286	81	229	145
ENSG00000178307	39	45	52	31	28	22	34	25
ENSG00000215608	28	29	17	32	23	29	17	31
ENSG00000238863	329	445	208	476	315	344	339	319
ENSG00000123485	77	81	116	49	103	63	74	64
ENSG00000116028	2176	3939	3039	2706	1825	3665	2438	1810
ENSG00000219735	135	116	137	190	147	179	126	127
ENSG00000142326	473	209	306	344	268	476	283	224
ENSG00000200493	13	9	10	7	13	14	7	9
ENSG00000199934	46	9	12	10	22	5	13	21
ENSG00000152444	260	787	468	747	643	431	503	239
ENSG00000244707	22	45	51	34	29	49	33	42
ENSG00000143492	1737	2682	2833	1520	2048	2002	1623	1819
ENSG00000176210	24	25	18	32	39	26	17	37
ENSG00000126187	20	19	27	20	17	16	23	49
ENSG00000237599	4316	6657	6549	9883	10369	8344	2547	9786
ENSG00000129671	1	4	3	1	8	4	4	4
ENSG00000192319	67	58	51	34	64	37	57	79
ENSG00000172563	531	161	1111	627	510	310	419	314
ENSG00000119810	494	441	419	774	490	192	477	372
ENSG00000241958	17	13	22	17	16	15	14	17
ENSG00000240097	11980	12785	7520	12112	15962	13079	14322	9452
ENSG00000243728	77	42	71	22	75	71	70	41
ENSG00000107301	6	4	7	3	10	0	5	3
ENSG00000249862	1312	1014	1057	937	1096	446	950	1120
ENSG00000168788	45	60	29	56	72	66	62	73
ENSG00000186217	181	135	217	168	278	101	190	94
ENSG00000209047	640	807	542	485	556	433	709	899
ENSG00000185605	21	38	12	32	17	10	30	14
ENSG00000104676	29	42	18	31	49	37	50	42
ENSG00000247841	87	130	119	51	115	121	82	140
ENSG00000207206	1571	803	1136	657	1065	847	1537	857
ENSG00000192803	9	16	13	14	16	11	8	10
ENSG00000198435	2072	2140	2840	1738	2253	1749	1664	2722
ENSG00000121173	293	158	159	272	296	238	181	393
ENSG00000144385	5	14	30	15	25	10	11	13
ENSG00000214127	137	148	208	147	158	94	168	230
ENSG00000212635	478	482	594	504	386	367	674	428
ENSG00000176967	1402	1357	2092	1325	1534	1776	1240	1508
ENSG00000145667	1566	949	1070	1110	724	1022	708	1026
ENSG00000102823	1608	1185	1183	1997	1592	1517	1186	1186
ENSG00000148726	246	148	195	77	193	107	196	130
ENSG00000162424	599	894	756	761	606	536	417	467
ENSG00000207220	1	1	0	2	1	1	2	1
ENSG00000199632	1563	875	658	1000	1343	830	1173	1556
ENSG00000228367	182	162	161	205	87	105	120	207
ENSG00000107590	3280	4853	4853	2446	3972	3621	4079	4059
ENSG00000123354	26	46	24	36	30	35	29	25
ENSG00000209307	52	48	68	48	54	30	57	89
ENSG00000162595	188	252	101	146	160	141	110	130
ENSG00000136942	940	1269	1413	951	709	1003	1103	628
ENSG00000235378	319	172	334	261	219	334	362	253
ENSG00000148021	875	1268	999	1559	1162	942	888	1266
ENSG00000214515	173	139	157	145	170	243	48	144
ENSG00000165478	2115	1218	1394	996	883	730	1494	688
ENSG00000203391	31974	36472	29531	47666	27946	38820	39884	57016
ENSG00000234132	860	1995	1498	1348	2080	1419	1507	2055
ENSG00000131962	749	484	355	605	709	397	308	462
ENSG00000139342	12	4	4	8	8	5	5	11
ENSG00000206229	424	505	720	371	529	825	635	259
ENSG00000183688	897	1190	1290	1059	957	752	2312	1072
ENSG00000225027	96	110	77	99	97	102	134	90
ENSG00000132835	1411	1133	1554	901	1999	1074	3003	1408
ENSG00000205007	2	1	4	2	1	0	4	5
ENSG00000186441	68	37	13	56	27	33	31	63
ENSG00000212553	21	22	29	26	14	7	23	21
ENSG00000172644	1296	361	422	593	1045	826	881	484
ENSG00000194010	15	39	16	26	47	21	30	36
ENSG00000193761	17	13	21	3	17	20	30	16
ENSG00000239112	1266	3218	1124	2327	2220	2540	1830	2352
ENSG00000184513	7	8	13	9	7	4	9	8
ENSG00000236097	501	272	609	432	486	336	477	292
ENSG00000152533	2424	1045	1464	1264	1200	1172	1444	1619
ENSG00000132174	107	154	205	64	226	111	174	70
ENSG00000234921	25	29	23	13	36	7	21	18
ENSG00000164314	86	129	36	55	42	163	127	140
ENSG00000236287	82	47	120	67	104	27	87	59
ENSG00000149418	47	38	29	32	23	27	65	47
ENSG00000177358	179	201	140	126	303	120	181	223
ENSG00000245357	131	175	69	149	208	174	147	132
ENSG00000230043	84047	52626	40953	54571	81507	69263	83906	46023
ENSG00000237730	2076	2403	1925	2243	1394	1114	1256	1560
ENSG00000108856	358	189	214	141	358	179	224	280
ENSG00000242274	586	351	478	931	725	489	782	388
ENSG00000137178	3926	4485	5486	4839	4107	4903	4714	2462
ENSG00000141117	1223	1428	1202	1074	1726	1949	1492	1164
ENSG00000160820	206	115	74	129	95	173	132	143
ENSG00000211857	84	19	84	35	81	49	99	28
ENSG00000183390	2812	5937	2013	4560	4086	5969	4928	2443
ENSG00000247956	213	183	109	173	119	180	189	136
ENSG00000211003	249	315	150	280	396	159	254	298
ENSG00000122857	2556	1996	4141	3151	2656	2335	1638	2289
ENSG00000190904	321	170	314	183	131	383	200	146
ENSG00000135146	2611	1667	2647	819	1729	2040	1907	1788
ENSG00000135588	45	104	65	78	120	74	45	41
ENSG00000201057	280	239	162	369	164	142	252	134
ENSG00000170418	84	98	149	147	88	148	98	85
ENSG00000178902	9576	7644	11788	10937	5831	7254	5633	5424
ENSG00000144071	2	5	4	3	11	9	5	14
ENSG00000134789	124	91	200	129	83	92	63	112
ENSG00000249153	37	39	39	19	29	24	17	31
ENSG00000180415	24	28	37	31	25	32	19	40
ENSG00000195093	15	5	8	11	20	17	9	7
ENSG00000233435	38	26	51	24	39	26	59	21
ENSG00000225155	1104	1718	1747	1849	1155	1762	2107	1970
ENSG00000219503	4408	2897	8045	3580	4457	2565	6229	2372
ENSG00000152388	23	45	38	48	29	34	25	35
ENSG00000133939	8	11	7	20	9	9	11	5
ENSG00000116872	79	33	88	44	45	71	45	42
ENSG00000200567	4610	3781	3178	3527	4771	2857	2825	2438
ENSG00000201743	56	109	98	249	159	112	61	187
ENSG00000117111	4	1	3	4	6	3	9	1
ENSG00000126847	639	1448	732	547	379	710	388	1069
ENSG00000122564	93	86	85	99	89	104	95	129
ENSG00000125016	371	562	402	374	463	495	492	312
ENSG00000239224	291	271	321	460	225	343	303	321
ENSG00000101019	9	8	8	13	8	4	7	8
ENSG00000162898	911	371	940	1391	1270	1027	1705	1126
ENSG00000205522	600	440	242	689	391	526	515	425
ENSG00000162808	17	34	37	32	38	33	36	38
ENSG00000107534	1	2	2	1	4	2	1	2
ENSG00000225062	17	8	14	7	15	12	18	7
ENSG00000224349	8	10	13	9	11	10	11	19
ENSG00000114947	1493	552	1058	539	1092	614	1008	557
ENSG00000166477	44	56	42	16	43	36	70	48
ENSG00000138164	97	74	58	65	59	89	72	40
ENSG00000132809	306	95	317	147	168	134	375	169
ENSG00000143649	41	60	38	76	44	28	35	45
ENSG00000198636	262	360	198	276	337	206	206	454
ENSG00000225524	308	184	290	255	295	142	229	321
ENSG00000133744	976	1603	1138	970	788	1033	1199	1356
ENSG00000126169	23	5	17	6	18	16	10	9
ENSG00000217461	478	308	595	249	481	267	489	323
ENSG00000164743	80	43	45	92	65	68	69	90
ENSG00000109192	5964	5758	4167	7416	7670	7609	8860	7411
ENSG00000230952	3332	2481	1707	2397	2214	3016	3714	2013
ENSG00000153720	103	68	56	86	34	68	87	51
ENSG00000124708	1145	1117	694	646	762	1516	2180	332
ENSG00000106750	4	4	3	7	10	4	3	4
ENSG00000134868	18	29	18	18	4	13	18	10
ENSG00000207092	85	65	88	71	93	76	79	97
ENSG00000191848	328	217	202	276	278	158	246	195
ENSG00000207422	20	19	25	20	17	15	25	19
ENSG00000146930	164	127	92	114	118	89	135	96
ENSG00000207400	2487	887	1351	1102	1655	1671	2394	1018
ENSG00000178688	5	6	6	6	6	5	7	11
ENSG00000180948	10	3	12	14	6	10	9	12
ENSG00000208422	4	2	5	2	2	4	2	0
ENSG00000205852	1742	809	1303	723	753	924	873	1236
ENSG00000196286	15	12	23	14	5	16	18	15
ENSG00000246176	58	77	43	44	68	80	50	94
ENSG00000175539	33	23	22	20	29	14	32	24
ENSG00000128661	82	104	90	114	69	145	157	116
ENSG00000214714	33	52	52	55	120	84	76	46
ENSG00000189311	156	247	250	235	165	188	269	152
ENSG00000147272	217	140	223	111	100	189	143	225
ENSG00000146686	4731	4101	1704	4880	2458	1912	3662	3032
ENSG00000152377	52	30	34	25	49	18	35	39
ENSG00000150984	169	408	224	295	198	144	167	228
ENSG00000232477	225	56	368	118	191	57	266	101
ENSG00000218591	13	21	26	20	16	23	23	29
ENSG00000239115	586	708	565	319	566	1107	680	751
ENSG00000125435	11797	9801	6843	7268	7254	6957	12924	6520
ENSG00000240043	11	15	15	23	22	12	3	8
ENSG00000231882	17474	15957	19171	12912	11602	20074	19937	14259
ENSG00000142942	47	173	115	77	68	92	110	83
ENSG00000188382	68	129	98	151	52	89	81	121
ENSG00000106583	0	0	0	0	0	2	1	0
ENSG00000108894	225	136	219	129	125	92	147	144
ENSG00000124129	177	75	97	136	140	80	97	55
ENSG00000153400	40	87	67	42	64	81	67	53
ENSG00000215655	549	254	755	522	648	402	912	385
ENSG00000191449	181	119	98	71	88	77	256	77
ENSG00000109783	485	246	621	320	718	312	525	209
ENSG00000175847	19	34	34	42	57	35	40	32
ENSG00000163909	6	10	24	13	18	6	18	11
ENSG00000123355	135	122	251	180	233	257	120	95
ENSG00000202634	381	259	390	528	225	587	443	427
ENSG00000165596	558	390	545	565	445	951	400	646
ENSG00000114086	202	145	366	218	318	232	673	196
ENSG00000135470	16	32	30	18	22	17	37	23
ENSG00000195197	120	147	69	100	136	129	77	78
ENSG00000102771	100	73	99	63	113	61	154	103
ENSG00000231498	6	15	17	16	5	15	6	18
ENSG00000202703	308	170	256	260	281	290	244	315
ENSG00000128540	71	108	107	127	63	131	137	68
ENSG00000172373	10	7	13	8	12	11	13	17
ENSG00000196768	67	58	99	50	48	90	101	98
ENSG00000179785	434	376	364	376	418	257	559	594
ENSG00000164153	3534	1753	3968	3731	2565	2107	2241	3184
ENSG00000193696	4	0	2	0	3	0	3	2
ENSG00000126451	72	97	125	50	89	66	55	52
ENSG00000198217	311	276	229	248	486	436	349	583
ENSG00000111636	919	1191	1058	1092	1578	978	978	1921
ENSG00000100343	285	369	324	442	275	323	274	196
ENSG00000170250	26	17	29	15	8	25	15	23
ENSG00000162865	61	57	50	44	31	76	88	28
ENSG00000202263	318	115	271	153	165	98	244	142
ENSG00000233190	24	32	37	46	13	26	25	28
ENSG00000249865	19	18	20	16	15	21	21	15
ENSG00000228894	14	9	9	6	13	15	8	10
ENSG00000240187	19197	10459	25776	17129	26389	27817	17523	22269
ENSG00000174963	116	170	160	143	168	164	267	106
ENSG00000210302	42	43	54	102	49	113	88	111
ENSG00000179662	356	673	503	840	413	137	525	364
ENSG00000110647	165	169	192	56	285	208	327	91
ENSG00000105777	92	152	80	64	90	75	106	89
ENSG00000127828	311	202	134	276	219	296	125	195
ENSG00000208114	26	47	49	50	34	33	23	30
ENSG00000164935	82	40	39	53	56	74	52	47
ENSG00000209936	1243	1401	583	781	658	691	840	1204
ENSG00000214955	678	647	455	413	446	263	511	358
ENSG00000155473	9	22	9	13	18	24	18	12
ENSG00000171208	3747	3489	3466	2971	3071	1577	2913	3637
ENSG00000173948	67	60	75	72	36	40	74	32
ENSG00000182698	7	10	3	12	4	4	14	7
ENSG00000121207	411	477	414	373	437	583	589	600
ENSG00000184106	683	416	431	295	604	436	496	774
ENSG00000153094	139	198	209	256	253	281	184	460
ENSG00000117502	18	22	16	23	15	30	10	15
ENSG00000231367	1037	2691	793	1975	1820	1989	1925	2099
ENSG00000104837	284	670	509	225	382	556	577	398
ENSG00000185274	227	305	301	573	269	300	261	318
ENSG00000163291	199	201	376	231	215	194	161	166
ENSG00000244319	320	441	385	378	299	296	195	350
ENSG00000148398	7634	9816	10418	12857	10528	11470	9387	13787
ENSG00000150134	80	51	80	42	105	58	104	21
ENSG00000133973	225	117	363	266	286	144	246	283
ENSG00000242792	1503	2241	1385	1584	1431	1511	987	823
ENSG00000138099	1218	931	1065	1124	679	740	1043	497
ENSG00000193305	36	25	36	26	27	30	31	25
ENSG00000133622	170	134	63	99	156	73	147	166
ENSG00000171738	66	86	28	73	29	62	123	40
ENSG00000235274	9	6	5	4	3	12	6	14
ENSG00000194513	99	124	211	115	104	97	90	70
ENSG00000215301	858	1315	979	623	1339	1188	992	971
ENSG00000216726	193	208	389	287	152	157	375	293
ENSG00000146236	1035	2149	1910	1880	893	1594	1152	855
ENSG00000136648	461	298	203	272	518	205	250	295
ENSG00000138476	35	46	29	49	39	31	43	28
ENSG00000146720	457	385	335	350	343	377	650	248
ENSG00000185039	10	1	11	4	11	7	12	5
ENSG00000162714	1881	1728	2557	1375	1718	1193	1257	1230
ENSG00000135438	43	77	72	96	75	83	86	44
ENSG00000115867	3773	4104	4415	3862	7495	3690	4949	3822
ENSG00000245339	5	13	11	6	9	9	2	4
ENSG00000186109	33	42	15	24	24	27	22	22
ENSG00000236123	67	56	27	47	52	30	95	88
ENSG00000181726	174	63	171	125	181	56	198	87
ENSG00000134324	8	2	6	6	11	5	8	6
ENSG00000226624	12	7	5	11	8	10	10	3
ENSG00000119081	330	477	258	358	387	216	478	306
ENSG00000124484	22	23	18	40	18	38	14	37
ENSG00000143572	546	1012	755	743	708	509	514	783
ENSG00000144679	3959	3658	2870	2512	4158	3964	6944	3095
ENSG00000165517	6	7	7	13	6	2	9	8
ENSG00000142200	82	75	72	96	51	53	67	59
ENSG00000228967	2852	6771	3545	6210	3311	7094	5965	6279
ENSG00000116987	910	1781	983	871	1312	1166	1208	1478
ENSG00000222815	8	10	11	4	11	18	7	9
ENSG00000238798	523	185	544	258	316	295	168	275
ENSG00000113791	5115	4673	4332	4354	3697	3761	3306	3752
ENSG00000202371	8	1	6	3	6	3	3	2
ENSG00000180815	215	203	356	227	337	377	214	364
ENSG00000197857	1707	1071	1429	715	2352	751	1811	950
ENSG00000202147	49	60	105	18	42	52	50	62
ENSG00000164222	20	67	42	30	82	65	58	24
ENSG00000173578	280	624	700	966	492	785	1273	495
ENSG00000131956	10	4	3	5	8	1	6	12
ENSG00000236715	392	706	403	305	697	465	493	648
ENSG00000160966	2274	1283	2835	3582	1553	1115	2197	2707
ENSG00000147343	213	58	121	256	148	316	152	149
ENSG00000231306	8	1	4	10	13	4	6	1
ENSG00000116742	5825	3758	2743	5350	4764	2730	3755	1946
ENSG00000132988	163	179	113	129	129	156	133	143
ENSG00000238324	1029	325	814	297	820	537	1152	561
ENSG00000164788	28	21	21	14	28	8	24	10
ENSG00000230532	146	172	114	141	144	112	160	204
ENSG00000133314	2655	956	4031	608	2623	2198	2245	1098
ENSG00000130709	10	5	5	3	8	2	1	6
ENSG00000161269	8	12	14	3	11	11	7	13
ENSG00000228521	1	2	3	1	0	0	3	4
ENSG00000199386	224	356	465	474	317	254	329	299
ENSG00000183106	319	407	292	517	253	321	347	281
ENSG00000239778	37	35	34	41	26	16	14	17
ENSG00000130008	283	355	367	118	252	314	242	322
ENSG00000244591	213	104	155	174	110	108	174	211
ENSG00000241541	9115	5266	6570	8599	8046	7620	5259	5512
ENSG00000149297	6	6	11	24	7	30	6	19
ENSG00000214665	170	327	224	250	158	153	343	190
ENSG00000194594	74	70	51	52	73	67	49	56
ENSG00000217542	9096	4832	6680	6402	7227	5259	7880	8013
ENSG00000200370	207	356	382	127	326	319	300	288
ENSG00000236293	18	11	24	12	19	13	18	9
ENSG00000113722	245	193	186	383	227	220	323	328
ENSG00000130289	253	111	264	90	180	102	251	117
ENSG00000150298	16	4	17	20	23	19	17	16
ENSG00000162594	181	221	279	305	348	374	395	424
ENSG00000147109	570	232	312	279	423	207	536	202
ENSG00000221764	17	7	7	24	16	15	14	18
ENSG00000160635	43	71	36	72	51	94	59	55
ENSG00000184908	1269	872	1769	1105	1627	1364	750	1711
ENSG00000132350	711	1484	1086	1063	1274	979	1466	1402
ENSG00000115564	67	147	89	145	85	79	183	60
ENSG00000172432	99	78	45	40	40	90	100	68
ENSG00000101098	356	184	386	202	153	280	149	199
ENSG00000103818	120	109	115	155	66	90	124	151
ENSG00000187536	12	22	21	9	21	8	18	15
ENSG00000125677	660	653	400	296	608	444	558	417
ENSG00000228892	48	19	29	32	24	17	28	23
ENSG00000205824	691	3153	2130	2425	2908	3898	1626	1219
ENSG00000174982	598	365	586	459	175	629	412	634
ENSG00000145430	765	449	975	344	915	716	356	666
ENSG00000220322	85	73	52	37	87	73	140	61
ENSG00000120547	112	201	84	216	242	175	248	208
ENSG00000102335	67	58	53	50	62	53	76	62
ENSG00000238942	36	58	58	106	66	48	45	125
ENSG00000212356	18	12	10	9	12	21	16	31
ENSG00000247854	1903	2166	1775	1899	2474	2324	1817	1432
ENSG00000120510	24	16	20	7	55	17	8	17
ENSG00000109697	5676	4048	1891	2387	3071	5516	2051	3933
ENSG00000133852	787	625	948	525	642	455	377	807
ENSG00000173016	25	16	24	12	22	18	19	30
ENSG00000241328	1658	1496	1508	3212	2515	1590	2226	4116
ENSG00000130269	309	163	312	420	320	353	536	217
ENSG00000134929	24	36	23	20	35	27	24	9
ENSG00000170724	317	348	227	315	345	266	139	318
ENSG00000189698	36	71	80	68	51	51	32	47
ENSG00000173825	36	29	23	50	31	17	51	48
ENSG00000179925	171	89	86	135	134	145	98	134
ENSG00000108084	228	213	323	279	198	249	244	208
ENSG00000161607	61	46	93	57	101	128	80	78
ENSG00000103529	168	131	106	132	88	123	50	145
ENSG00000171557	346	417	611	893	789	613	1015	839
ENSG00000115160	103	54	79	55	128	101	104	68
ENSG00000235825	119	69	43	77	106	93	103	79
ENSG00000114533	13	11	7	7	9	10	11	8
ENSG00000192852	77	58	144	95	104	138	160	100
ENSG00000211490	51	44	63	37	57	68	75	57
ENSG00000155332	85	132	52	83	78	105	91	101
ENSG00000210734	525	902	732	1416	721	372	675	793
ENSG00000180535	1158	891	948	806	801	705	731	1018
ENSG00000140919	85	117	111	192	172	134	256	140
ENSG00000234609	43	50	45	60	94	60	46	80
ENSG00000154654	117	118	212	171	157	170	103	174
ENSG00000132723	291	180	147	87	278	124	339	235
ENSG00000247257	398	138	304	235	164	230	180	140
ENSG00000149086	14	13	19	18	18	1	29	3
ENSG00000236542	405	183	321	369	358	357	334	290
ENSG00000209251	28	15	19	25	17	24	18	17
ENSG00000228513	232	448	266	293	148	328	277	101
ENSG00000236824	344	223	471	440	539	361	466	347
ENSG00000115509	189	187	274	228	167	191	159	282
ENSG00000109779	2046	2121	1550	1159	953	2682	2338	861
ENSG00000141400	105	117	163	169	140	150	184	193
ENSG00000130148	289	113	227	141	121	266	144	344
ENSG00000140509	9	7	19	25	25	25	52	29
ENSG00000111530	105	46	224	91	172	100	111	135
ENSG00000208460	80	33	69	111	57	116	132	129
ENSG00000236833	132	168	135	121	152	116	189	136
ENSG00000169628	48	118	80	119	167	64	98	88
ENSG00000218297	1	0	0	1	2	5	3	1
ENSG00000156959	396	1090	643	793	347	537	715	739
ENSG00000146564	1003	468	1205	593	1366	684	994	1123
ENSG00000115735	0	1	4	2	2	1	2	4
ENSG00000205109	262	263	137	324	182	266	232	245
ENSG00000155341	997	1282	2010	530	609	1096	1193	919
ENSG00000138144	469	496	642	610	712	735	534	530
ENSG00000217638	1270	320	955	369	958	494	1027	488
ENSG00000168584	420	127	186	97	187	158	179	108
ENSG00000211459	54	55	20	43	31	63	35	49
ENSG00000100460	5071	6542	5290	7255	4331	9118	7191	5168
ENSG00000136114	238	361	463	411	279	365	248	367
ENSG00000150932	5408	7401	6691	3260	7546	7119	8548	3958
ENSG00000187914	177	183	64	100	133	152	127	94
ENSG00000234691	1597	730	524	610	1070	1572	1327	1020
ENSG00000109315	725	815	908	570	831	672	488	891
ENSG00000166127	440	510	763	620	769	851	874	849
ENSG00000117913	10	17	16	4	10	18	16	14
ENSG00000104826	20804	15775	16691	18434	23973	18245	23793	18055
ENSG00000169044	336	485	412	260	316	254	278	320
ENSG00000214007	111	78	68	69	87	84	57	93
ENSG00000224753	273	229	78	243	199	385	345	184
ENSG00000101793	2	4	4	2	8	3	10	6
ENSG00000206192	2393	2317	1527	3009	2790	3392	2146	3228
ENSG00000139824	108	89	61	113	89	87	33	29
ENSG00000223641	356	219	153	271	277	436	195	203
ENSG00000152371	123	123	122	173	187	233	119	195
ENSG00000116426	9	5	1	4	3	0	5	4
ENSG00000225080	51	48	104	75	82	72	34	112
ENSG00000129932	1513	2754	1513	2340	2494	2051	1983	2745
ENSG00000181492	15	34	28	34	16	32	33	37
ENSG00000240045	174	267	529	309	204	322	268	152
ENSG00000136581	930	1861	1363	1893	1089	1111	1134	1059
ENSG00000126976	12049	4336	8090	2524	5773	5430	6739	1805
ENSG00000116307	29	45	20	23	28	23	39	36
ENSG00000130856	1037	1576	1710	1146	1665	1399	1045	1471
ENSG00000187702	598	714	873	367	251	377	370	850
ENSG00000225410	363	364	448	511	583	555	589	432
ENSG00000109215	583	1067	1235	1100	726	1044	1637	1068
ENSG00000198612	901	452	385	539	1049	853	408	636
ENSG00000189021	14	42	26	14	45	18	17	27
ENSG00000105160	277	365	376	380	671	313	567	372
ENSG00000139694	29	65	35	71	30	62	44	80
ENSG00000118174	218	375	239	282	173	523	334	560
ENSG00000109020	76	41	48	106	58	106	73	84
ENSG00000120931	2414	4325	3036	4514	4658	2144	5014	2271
ENSG00000216899	2453	868	2821	939	2560	1237	1703	1582
ENSG00000210622	646	373	757	380	422	524	410	425
ENSG00000217412	33	46	55	79	56	70	45	43
ENSG00000133674	539	651	479	574	515	473	484	525
ENSG00000246231	16	29	22	15	32	7	21	26
ENSG00000240429	23	23	42	24	23	47	24	31
ENSG00000172326	5	14	7	3	6	7	4	3
ENSG00000224983	764	1499	904	1474	1106	1143	1196	1752
ENSG00000217110	34	30	63	54	41	97	78	40
ENSG00000101736	1365	1007	1392	1864	979	757	807	1124
ENSG00000232193	1735	2991	1374	1362	2401	1112	1761	1840
ENSG00000210492	951	2633	1008	1742	1672	1031	810	853
ENSG00000222871	74	75	74	51	83	102	102	90
ENSG00000218586	1360	1375	4133	4145	3870	4137	2796	3192
ENSG00000174157	1597	1803	1746	2045	2497	2293	1374	1072
ENSG00000132889	3	18	19	19	22	5	11	26
ENSG00000100886	504	213	411	424	454	361	448	461
ENSG00000163930	33	29	16	28	28	48	45	25
ENSG00000124658	144	68	255	137	268	120	233	170
ENSG00000213598	1630	2361	2733	1903	1510	2299	1273	2437
ENSG00000146417	301	232	311	262	225	195	192	487
ENSG00000140850	4130	3508	2610	5330	3327	3632	3966	4229
ENSG00000118318	460	844	841	669	1092	274	397	700
ENSG00000246014	826	411	961	1156	774	483	566	868
ENSG00000200826	7501	2660	8060	3747	4630	3252	5973	3024
ENSG00000200756	2004	3632	2776	2036	3670	1534	1461	2728
ENSG00000128039	1790	842	915	452	869	1133	1626	830
ENSG00000149906	3360	3863	3016	2175	3207	2984	3509	2111
ENSG00000230183	1360	1405	1554	2116	834	2099	3240	1235
ENSG00000126128	7	8	8	6	16	12	16	6
ENSG00000131047	21	14	23	17	30	21	32	19
ENSG00000246850	306	171	225	256	313	228	127	187
ENSG00000201691	2373	1465	1198	2119	932	1114	1641	1900
ENSG00000215922	61	54	78	53	147	41	65	52
ENSG00000111546	10	9	12	7	15	13	24	7
ENSG00000127085	178	167	125	171	121	172	87	176
ENSG00000157628	38	66	46	31	27	44	47	46
ENSG00000198955	4223	2138	7619	2472	2596	3844	3113	2195
ENSG00000198414	3	1	2	1	0	3	2	2
ENSG00000151704	879	926	795	509	1152	680	1150	593
ENSG00000130001	567	505	483	665	178	801	723	604
ENSG00000118908	0	1	2	0	0	4	0	1
ENSG00000169459	25	44	15	25	18	17	52	12
ENSG00000207076	77	74	81	114	154	110	121	120
ENSG00000110141	318	263	414	311	359	269	350	337
ENSG00000124243	106	276	148	105	159	162	199	74
ENSG00000173834	597	473	592	896	537	823	586	566
ENSG00000147569	196	141	299	208	261	107	209	290
ENSG00000100468	65	34	27	21	34	47	36	36
ENSG00000186072	2577	4381	7996	2500	3319	5974	6814	3610
ENSG00000224537	247	202	528	427	233	284	195	289
ENSG00000220879	34	13	46	22	31	16	24	13
ENSG00000249396	861	342	709	807	776	397	928	442
ENSG00000156757	147	147	196	215	202	126	154	154
ENSG00000137101	86	85	51	89	48	75	86	100
ENSG00000171079	33	31	39	36	51	50	82	52
ENSG00000181269	33	12	16	6	12	6	19	10
ENSG00000238402	17	31	28	22	29	38	18	32
ENSG00000230484	5	20	12	15	8	14	17	14
ENSG00000108541	6	0	5	1	1	3	4	1
ENSG00000156327	419	303	890	321	380	167	356	418
ENSG00000201016	362	270	349	287	345	313	421	174
ENSG00000159386	50	174	72	168	168	158	64	222
ENSG00000164179	13	30	19	11	20	15	20	23
ENSG00000200778	34	34	39	31	46	23	27	58
ENSG00000128808	2474	3366	5723	5065	2673	4396	2093	2410
ENSG00000166276	17	14	25	35	34	36	40	31
ENSG00000214335	828	1366	575	1274	789	763	927	881
ENSG00000245349	214	325	288	370	308	177	318	192
ENSG00000170958	696	296	298	283	358	448	477	424
ENSG00000122464	70	53	56	70	94	47	41	64
ENSG00000132771	126	114	183	95	149	222	114	79
ENSG00000245291	116	159	255	122	196	208	139	115
ENSG00000160508	19	18	26	24	23	8	27	10
ENSG00000172698	1344	2130	1892	3106	2371	2867	3471	3462
ENSG00000235765	25	27	37	24	42	27	24	49
ENSG00000243864	383	266	563	303	725	370	787	274
ENSG00000150453	10962	4563	5533	3556	11138	3244	10468	4148
ENSG00000109052	3655	3171	4439	3221	2735	3209	3144	4564
ENSG00000100718	47	52	56	40	38	36	70	28
ENSG00000136546	611	256	751	605	303	422	286	312
ENSG00000178373	1223	938	1456	1494	849	1286	1452	1133
ENSG00000158530	3	1	0	0	1	5	8	1
ENSG00000134196	8687	6475	11069	7889	14317	9436	8325	3449
ENSG00000169785	301	463	639	461	384	488	452	404
ENSG00000182722	94	129	123	62	51	82	96	102
ENSG00000191111	147	60	177	212	148	154	128	127
ENSG00000217188	6	2	5	2	3	1	6	2
ENSG00000226303	861	751	430	1082	746	361	833	642
ENSG00000198301	13162	6332	6941	3998	8872	5053	9236	3088
ENSG00000189460	105	129	93	83	178	58	88	219
ENSG00000115585	3547	5059	3395	2628	4836	5702	3161	4921
ENSG00000122996	931	701	462	994	621	702	1285	494
ENSG00000194992	6	15	12	19	14	10	18	3
ENSG00000115994	384	616	649	805	517	734	432	441
ENSG00000104220	4	4	4	2	3	2	4	0
ENSG00000208881	5	0	5	6	8	2	1	3
ENSG00000219003	500	476	615	511	255	728	779	534
ENSG00000116570	646	523	971	515	480	754	488	547
ENSG00000214681	147	93	106	97	241	206	157	162
ENSG00000122113	127	108	164	49	123	84	93	99
ENSG00000116515	6	7	7	12	2	7	8	8
ENSG00000106287	1247	1302	1574	1001	1166	1554	1612	1014
ENSG00000104043	149	173	192	205	230	158	128	122
ENSG00000217166	105	180	94	121	107	180	165	107
ENSG00000186119	55639	38135	57248	59322	21819	42219	62183	52558
ENSG00000195413	494	320	284	238	193	438	143	272
ENSG00000149844	76	128	94	147	101	178	97	74
ENSG00000120398	8903	15009	5187	10305	14277	5687	9829	5228
ENSG00000180281	259	268	273	229	350	233	176	320
ENSG00000185922	87	109	67	35	81	42	35	59
ENSG00000215343	4042	4405	2797	2077	5526	2704	3303	2289
ENSG00000162284	75	191	196	117	134	123	166	197
ENSG00000121727	24	29	36	28	49	33	22	34
ENSG00000178320	121	83	62	95	76	158	100	113
ENSG00000117428	183	280	169	149	179	158	392	245
ENSG00000127704	1256	979	890	552	1652	958	806	1293
ENSG00000184308	2085	1293	1459	1755	2526	3272	2968	2740
ENSG00000146362	34	17	35	15	23	11	39	18
ENSG00000237792	1597	2418	2053	2680	1711	1923	1693	2683
ENSG00000195861	43	31	37	51	53	65	44	78
ENSG00000157639	117	47	62	75	64	52	70	47
ENSG00000148321	3	4	3	3	3	2	2	1
ENSG00000149991	4708	4832	7429	5423	5155	2845	10098	4600
ENSG00000194069	573	677	465	615	574	441	392	427
ENSG00000190355	126	140	115	196	71	136	82	117
ENSG00000173383	87	78	259	98	172	104	148	160
ENSG00000169787	840	879	1435	1269	1041	1159	879	663
ENSG00000191534	269	190	579	148	679	132	396	131
ENSG00000225685	0	0	0	0	0	1	0	0
ENSG00000247725	366	280	605	311	421	536	329	242
ENSG00000223551	173	222	282	67	193	121	127	278
ENSG00000233411	181	184	265	316	324	176	372	127
ENSG00000176049	370	228	134	88	364	204	116	238
ENSG00000184629	954	1078	956	1358	1553	1528	829	839
ENSG00000206046	43	60	43	46	51	75	26	42
ENSG00000106974	18846	23233	19971	22652	30877	28064	25290	13696
ENSG00000165389	284	365	162	264	204	340	269	299
ENSG00000194808	41	64	19	46	43	37	24	31
ENSG00000166883	405	203	362	326	505	191	271	253
ENSG00000210102	4	13	4	2	3	7	1	2
ENSG00000107816	103	184	221	107	99	50	212	183
ENSG00000221229	35	39	46	51	59	43	54	32
ENSG00000179026	21	30	10	17	25	42	36	31
ENSG00000185367	1013	925	759	520	848	1072	1315	694
ENSG00000220462	335	332	203	381	331	245	313	195
ENSG00000123630	28	40	14	18	27	38	12	36
ENSG00000122775	60	81	39	46	7	46	47	55
ENSG00000155710	426	307	429	287	421	411	189	304
ENSG00000113892	19645	12855	23269	9067	14421	13228	18222	8007
ENSG00000100137	228	104	165	177	204	161	285	133
ENSG00000111501	194	161	237	108	197	95	240	131
ENSG00000202152	743	658	331	596	463	505	635	300
ENSG00000172117	5	32	19	7	15	11	15	20
ENSG00000164844	120	199	173	94	110	221	133	209
ENSG00000197326	905	639	976	891	764	1043	760	1046
ENSG00000124516	398	219	575	533	613	303	391	665
ENSG00000158498	300	433	364	515	271	246	687	368
ENSG00000172430	22	18	11	24	24	27	11	6
ENSG00000173321	219	271	323	211	185	175	132	206
ENSG00000164796	4690	3331	3215	3841	6709	2472	6453	3600
ENSG00000241135	53989	52566	39006	41194	21327	38548	36868	37053
ENSG00000154299	1264	1936	1165	1249	1251	1628	947	1652
ENSG00000146895	37	48	45	84	70	64	66	84
ENSG00000247652	67	43	62	71	73	46	65	49
ENSG00000128128	132	129	96	123	38	108	87	118
ENSG00000137600	7459	7738	6951	22469	9303	6007	8943	10315
ENSG00000240838	6	7	21	10	22	11	20	12
ENSG00000123395	117	110	189	98	83	92	130	158
ENSG00000228010	14	6	7	8	3	7	10	8
ENSG00000136752	74	138	35	88	126	68	81	112
ENSG00000194681	177	117	164	105	160	90	204	123
ENSG00000148650	1040	1488	866	1119	635	2072	1052	799
ENSG00000186098	723	1104	918	1051	464	364	829	890
ENSG00000145131	387	273	175	259	324	404	309	392
ENSG00000216054	100	69	140	71	114	110	100	143
ENSG00000195045	129	89	63	81	105	39	52	68
ENSG00000136814	2597	3949	9736	2847	8266	7819	5597	7009
ENSG00000164465	139	118	122	178	125	154	98	66
ENSG00000199893	36	14	10	30	16	9	16	21
ENSG00000124376	26	20	30	68	29	24	26	54
ENSG00000163090	175	209	528	217	416	218	515	176
ENSG00000145481	34	40	44	24	44	35	25	47
ENSG00000115770	6	15	10	10	6	11	6	4
ENSG00000241463	722	1274	1485	1284	914	751	1620	1336
ENSG00000163733	48	28	56	50	30	38	38	32
ENSG00000206872	198	302	107	157	85	151	104	153
ENSG00000163525	158	300	132	158	152	202	184	133
ENSG00000229220	138	87	138	64	80	112	127	100
ENSG00000180999	149	184	170	96	44	191	149	93
ENSG00000188642	0	0	0	0	1	2	3	2
ENSG00000212171	120	134	204	165	359	342	119	207
ENSG00000105065	58	100	88	123	105	47	55	81
ENSG00000116497	80	81	75	66	59	69	109	114
ENSG00000208281	157	136	194	176	272	202	109	239
ENSG00000234776	12919	28557	9160	12744	19354	14556	13184	16655
ENSG00000111956	7961	9555	6032	4484	4595	6062	5335	3533
ENSG00000199524	1180	1319	867	855	545	924	974	604
ENSG00000125837	3918	3717	3207	2934	3009	4135	4597	3894
ENSG00000160521	87	81	84	68	58	64	62	98
ENSG00000140263	157	202	66	125	126	79	186	329
ENSG00000184838	313	524	234	356	529	367	806	516
ENSG00000158314	960	1079	1502	746	612	1055	1163	1199
ENSG00000210982	692	314	912	744	1432	750	839	1280
ENSG00000214423	5701	11294	9706	7722	6512	6675	4408	8294
ENSG00000199606	103	112	143	76	131	139	160	139
ENSG00000164863	1632	3925	2193	1619	3099	2901	1806	3372
ENSG00000197932	82	68	64	77	34	62	86	92
ENSG00000100093	731	966	1419	532	751	624	586	494
ENSG00000105836	13	22	25	41	19	32	36	14
ENSG00000132270	2860	1054	2740	2950	2432	1537	2505	3006
ENSG00000159455	135	113	105	68	87	40	101	29
ENSG00000221318	5743	2672	4391	1559	7946	2028	4604	1460
ENSG00000168351	4	1	6	6	2	2	3	2
ENSG00000117062	4411	9142	7759	4952	7590	3808	2732	7632
ENSG00000140585	382	152	336	99	279	99	375	156
ENSG00000235892	416	662	503	230	728	456	379	319
ENSG00000115297	547	254	275	237	292	242	401	198
ENSG00000192628	30	9	6	6	24	4	7	7
ENSG00000105286	41	64	75	44	95	35	35	45
ENSG00000207260	36	50	38	73	14	26	67	51
ENSG00000105332	174	145	221	108	145	185	143	100
ENSG00000106715	9	1	18	2	10	8	6	8
ENSG00000236539	56	67	42	20	67	37	23	47
ENSG00000210972	224	198	166	236	272	216	223	215
ENSG00000235592	1488	2192	950	1193	1448	1473	2141	905
ENSG00000233148	1049	897	863	892	922	513	631	563
ENSG00000177229	25	9	34	13	42	10	22	7
ENSG00000143648	890	1183	1253	492	479	970	880	915
ENSG00000125884	2316	3205	4106	5537	4254	4831	4263	3441
ENSG00000186910	1050	527	1204	866	449	838	677	590
ENSG00000104771	106	69	63	144	72	108	89	60
ENSG00000117347	19	32	37	20	24	31	9	34
ENSG00000110095	82	92	56	55	73	52	71	89
ENSG00000101464	3984	5693	2943	3673	8521	7164	5462	4647
ENSG00000169484	42	15	29	8	20	23	12	30
ENSG00000136251	5	1	3	4	1	0	0	1
ENSG00000154539	1383	1398	1128	1328	924	845	1109	1006
ENSG00000121235	39	40	43	41	52	40	26	28
ENSG00000162775	135	121	130	140	150	85	225	128
ENSG00000168509	56	124	108	77	100	57	68	91
ENSG00000191101	1168	1959	1036	997	1504	1789	1095	1050
ENSG00000236571	70	122	96	36	81	73	48	106
ENSG00000116161	46	29	32	19	40	20	57	29
ENSG00000150157	20	34	53	28	30	17	27	52
ENSG00000107103	10942	3370	11801	7328	12467	7829	10141	3290
ENSG00000143329	2363	2257	3031	6089	3245	4843	2345	4895
ENSG00000151001	80	61	86	84	56	93	46	92
ENSG00000165438	59	65	66	56	47	61	32	87
ENSG00000243583	57	178	324	47	109	229	119	219
ENSG00000220859	749	552	429	444	569	619	551	704
ENSG00000155258	19	31	34	44	23	31	27	58
ENSG00000203253	3404	6199	4240	3016	4831	3206	4258	3933
ENSG00000145645	241	166	299	358	353	325	258	517
ENSG00000180664	1	2	0	1	1	1	6	1
ENSG00000119283	15	26	31	14	14	23	22	10
ENSG00000249890	61	106	101	73	87	107	123	76
ENSG00000198445	46996	27789	59567	21242	44853	30670	37133	20048
ENSG00000168279	3191	3990	5281	4795	8431	3999	4297	5365
ENSG00000235197	242	311	175	267	236	182	448	234
ENSG00000204144	16	21	11	13	24	9	16	19
ENSG00000184366	154	119	134	126	172	121	138	118
ENSG00000169091	164	143	185	182	257	195	145	133
ENSG00000104494	54	70	55	88	37	32	90	105
ENSG00000217996	382	163	373	373	297	265	331	317
ENSG00000205001	412	465	377	586	844	534	1141	1262
ENSG00000248282	42	84	35	104	25	86	43	76
ENSG00000178678	7	9	12	26	20	19	9	9
ENSG00000225914	144	171	279	137	322	202	247	307
ENSG00000111981	8	6	5	8	7	9	13	8
ENSG00000175279	52	83	73	30	50	95	38	33
ENSG00000223663	1324	1373	2445	1823	1652	1226	1391	1527
ENSG00000216056	150	179	202	205	90	152	107	277
ENSG00000195087	10	15	14	4	9	10	12	4
ENSG00000132755	243	139	250	137	217	82	397	210
ENSG00000188370	90	103	40	49	52	44	50	80
ENSG00000160327	98	152	228	199	149	121	221	138
ENSG00000169878	883	1297	543	845	843	744	1538	1273
ENSG00000111755	52	62	41	62	68	29	30	28
ENSG00000144103	10	4	9	13	4	11	12	14
ENSG00000192827	2048	1907	3189	3712	3288	2798	1890	2825
ENSG00000209106	16	16	18	18	15	19	13	26
ENSG00000179024	469	566	288	354	270	326	343	271
ENSG00000212842	539	402	543	408	395	387	810	389
ENSG00000203371	130	80	136	54	96	72	157	94
ENSG00000240813	322	442	422	386	211	363	464	143
ENSG00000147547	295	291	284	255	197	158	164	222
ENSG00000236724	272	138	258	321	206	125	243	187
ENSG00000111781	727	508	685	539	745	451	766	364
ENSG00000165273	43	29	114	43	46	13	87	18
ENSG00000124538	1023	1015	417	1150	1148	628	865	816
ENSG00000221009	45	14	18	30	14	15	29	17
ENSG00000181565	949	922	1143	976	1266	729	654	710
ENSG00000154011	2416	1474	2341	3839	2687	1432	2750	1894
ENSG00000105256	23	12	38	17	39	35	21	28
ENSG00000115307	6507	8341	6314	6531	7536	7588	5545	7011
ENSG00000249871	62	22	44	47	41	66	30	20
ENSG00000177120	244	143	250	96	196	128	208	156
ENSG00000142926	17	50	19	29	25	28	28	33
ENSG00000112708	66	62	45	35	64	53	77	53
ENSG00000143569	227	61	92	175	163	202	214	376
ENSG00000145640	48	34	39	31	39	33	50	41
ENSG00000160103	2192	411	1678	835	1867	602	1411	1318
ENSG00000105283	41	27	43	39	26	16	22	27
ENSG00000130108	265	305	189	145	192	266	163	287
ENSG00000146748	13	12	10	8	2	19	12	16
ENSG00000157138	19	8	23	14	34	11	37	12
ENSG00000219573	69	107	108	189	292	84	134	272
ENSG00000159815	120	218	211	173	153	206	331	311
ENSG00000154041	43	50	33	61	54	33	65	31
ENSG00000199627	448	163	385	295	490	103	421	389
ENSG00000242795	161	305	185	481	172	247	273	336
ENSG00000137437	41	33	21	32	42	37	37	26
ENSG00000192854	268	88	204	111	85	138	200	110
ENSG00000158622	19	27	37	11	26	23	11	17
ENSG00000239680	8	4	9	7	6	7	7	7
ENSG00000229250	36	64	23	20	52	46	30	31
ENSG00000210825	55	130	70	106	60	79	82	71
ENSG00000246214	1877	1221	1596	703	813	1440	1298	870
ENSG00000134279	317	629	189	554	431	240	381	172
ENSG00000145381	209	156	151	168	156	211	113	111
ENSG00000240915	2	3	3	1	1	0	1	0
ENSG00000122057	18	20	14	14	23	4	28	29
ENSG00000228013	329	251	561	226	465	288	841	303
ENSG00000245896	726	338	488	435	469	629	527	403
ENSG00000228586	174	121	114	94	170	85	115	188
ENSG00000230744	30	22	14	9	2	16	8	8
ENSG00000227162	6	4	5	3	1	3	3	2
ENSG00000122741	5	7	2	4	10	1	8	9
ENSG00000187178	233	95	270	115	266	164	181	126
ENSG00000141380	700	298	703	241	571	391	470	461
ENSG00000153914	2345	4050	5787	2856	7759	6200	7042	6797
ENSG00000103076	34	23	23	50	46	53	17	30
ENSG00000196795	327	300	210	215	208	205	284	272
ENSG00000184396	42	31	26	47	18	22	27	39
ENSG00000183430	81	100	77	145	73	78	80	71
ENSG00000223979	218	245	126	134	260	136	159	100
ENSG00000222070	35	47	62	68	113	73	98	60
ENSG00000168296	2575	2775	1589	2509	1941	2050	3320	2949
ENSG00000172047	28	10	12	16	32	21	14	13
ENSG00000123631	712	1013	760	1072	556	829	719	708
ENSG00000246053	113	167	110	75	138	126	83	161
ENSG00000207296	47	61	51	65	78	54	46	79
ENSG00000162725	1604	733	967	806	1151	654	1343	1175
ENSG00000195778	34	42	84	53	52	62	34	38
ENSG00000150890	670	241	478	307	298	236	555	228
ENSG00000207512	151	147	77	131	136	218	111	126
ENSG00000172921	785	580	652	305	393	575	1155	751
ENSG00000112218	18	13	19	22	13	17	8	13
ENSG00000115424	392	184	332	222	346	175	310	143
ENSG00000168467	421	513	331	445	177	578	757	508
ENSG00000116566	38	27	32	54	42	28	68	54
ENSG00000110145	24	14	25	31	36	35	27	20
ENSG00000149206	16	17	21	35	31	14	12	24
ENSG00000168802	87	116	91	160	154	82	213	194
ENSG00000219255	49	30	28	28	14	34	30	44
ENSG00000167627	502	442	353	583	392	422	338	392
ENSG00000150193	212	78	100	93	120	179	81	98
ENSG00000196297	85	104	37	64	171	123	121	90
ENSG00000161104	70	83	188	168	183	106	148	207
ENSG00000114749	167	208	270	221	173	149	192	196
ENSG00000216580	221	115	102	290	191	182	91	266
ENSG00000196021	644	342	478	579	594	490	349	638
ENSG00000176359	1617	2040	1599	1493	1583	1457	1504	961
ENSG00000120840	279	551	177	587	300	300	400	397
ENSG00000189268	400	417	314	440	782	387	383	567
ENSG00000145705	2800	3259	2068	3105	2398	4080	3755	3716
ENSG00000225641	5099	3099	3631	3043	2508	3647	2289	2937
ENSG00000165770	278	107	391	142	491	108	298	196
ENSG00000215642	11	14	17	14	18	25	39	23
ENSG00000221402	1296	1489	2657	1382	1839	1661	1355	1961
ENSG00000168940	46	46	64	40	58	19	46	23
ENSG00000160753	27	24	31	23	54	50	33	36
ENSG00000164162	33	24	32	44	26	35	43	25
ENSG00000192399	156	73	136	64	258	68	99	78
ENSG00000159088	0	1	0	5	1	1	1	0
ENSG00000137910	53	19	73	42	61	32	55	67
ENSG00000136243	2217	1749	1457	2232	1177	1288	1790	1473
ENSG00000170352	16515	28285	13902	22401	26787	36189	27563	21715
ENSG00000219454	370	551	369	453	501	330	280	405
ENSG00000156537	718	910	741	587	1221	620	687	962
ENSG00000132407	1084	782	2521	1669	2091	906	2621	762
ENSG00000220483	64	70	72	41	96	55	30	78
ENSG00000114916	33	13	22	15	23	39	19	30
ENSG00000233192	420	639	278	193	252	305	339	174
ENSG00000193179	1435	2742	1574	1529	1270	992	2307	1458
ENSG00000156652	192	228	131	234	218	331	223	354
ENSG00000205423	479	287	368	326	295	385	460	349
ENSG00000128919	292	220	99	172	101	118	113	120
ENSG00000212951	167	113	69	146	110	232	89	111
ENSG00000113744	55	72	61	70	75	65	49	92
ENSG00000182045	1656	1545	1531	1402	1994	1515	2209	1953
ENSG00000171674	816	1840	843	1386	946	781	1502	566
ENSG00000196388	110	88	143	39	129	139	135	145
ENSG00000154229	181	360	399	404	410	333	380	295
ENSG00000199829	325	702	777	811	673	790	362	783
ENSG00000222016	2033	2718	1703	1895	2163	2387	1652	1319
ENSG00000206185	8024	9068	6325	7349	6005	9796	9585	7395
ENSG00000210250	4381	6247	7599	8486	6057	7859	4562	4949
ENSG00000244658	191	284	279	301	208	68	122	203
ENSG00000124546	239	337	188	220	279	286	716	211
ENSG00000112015	101	111	232	124	88	106	100	126
ENSG00000202743	1225	1144	724	624	738	829	902	1100
ENSG00000205595	1699	1793	986	2593	1984	1864	863	2212
ENSG00000170110	23	8	14	13	13	10	9	4
ENSG00000152582	495	240	471	296	444	366	437	182
ENSG00000116701	2570	2610	2179	1325	4698	1025	3078	5833
ENSG00000186798	13	7	5	5	4	12	13	12
ENSG00000141592	2959	4446	3879	3405	3802	2636	3860	3158
ENSG00000188980	5279	1785	8010	2468	3835	2272	2595	2539
ENSG00000124607	53	56	73	71	44	90	48	28
ENSG00000180582	48	38	52	25	86	5	39	33
ENSG00000217064	8845	4212	3815	7719	5200	5688	7970	7166
ENSG00000215659	133	126	75	58	121	101	88	47
ENSG00000243182	14	13	25	40	4	5	10	13
ENSG00000102711	260	257	165	132	173	241	178	232
ENSG00000153768	21	16	10	14	19	9	15	9
ENSG00000182725	33	18	43	22	66	25	37	41
ENSG00000182106	6453	4535	8393	5268	6956	4959	7823	6082
ENSG00000124971	82	63	58	80	73	97	35	82
ENSG00000135136	155	94	142	164	123	122	128	104
ENSG00000106244	0	3	5	5	7	3	6	8
ENSG00000126257	32	34	37	21	34	34	19	27
ENSG00000246625	1074	851	944	1286	1559	1179	379	1943
ENSG00000140810	422	343	524	296	320	466	531	281
ENSG00000114717	1933	2427	1244	1825	1803	935	1496	1571
ENSG00000172209	1615	931	3286	1294	2423	1770	1372	1606
ENSG00000150225	246	267	286	187	398	340	237	246
ENSG00000235471	40	80	28	44	86	74	104	57
ENSG00000175099	2	1	1	3	1	5	3	3
ENSG00000220916	1948	1132	1823	1448	2740	1615	1062	705
ENSG00000151224	294	232	241	167	175	140	126	221
ENSG00000125629	25672	30586	15940	31060	41730	21000	25326	27160
ENSG00000144261	157	138	117	73	111	127	88	107
ENSG00000138213	187	178	81	89	69	105	285	118
ENSG00000202599	52	75	84	41	100	55	47	88
ENSG00000204625	4	9	15	10	16	17	13	17
ENSG00000247685	181	103	362	165	216	69	582	138
ENSG00000133839	315	331	401	261	186	321	152	178
ENSG00000191663	368	274	208	220	288	232	304	271
ENSG00000219648	157	83	70	82	88	52	75	53
ENSG00000137855	52	54	44	32	15	42	24	22
ENSG00000179872	1040	1495	1962	1591	1136	1531	1213	2460
ENSG00000216774	1257	1869	1066	958	1310	1366	1438	1376
ENSG00000147312	61	42	79	39	54	41	66	45
ENSG00000211485	25	10	15	13	30	17	35	20
ENSG00000113442	92	55	142	34	77	60	80	69
ENSG00000203803	51	27	41	36	31	50	19	31
ENSG00000186897	1190	1411	1175	1225	1685	734	1893	529
ENSG00000171399	10	40	14	46	30	38	42	19
ENSG00000186707	464	326	271	345	202	623	511	270
ENSG00000206459	17	12	28	17	15	37	17	43
ENSG00000166953	188	99	103	311	159	134	141	86
ENSG00000125992	37342	34033	37400	19819	23658	25507	17992	38997
ENSG00000184890	53	29	50	36	61	58	53	46
ENSG00000122401	373	251	292	538	232	288	276	710
ENSG00000101717	71	56	74	48	43	40	87	34
ENSG00000169502	2238	1662	882	1224	2575	1352	1105	1533
ENSG00000128567	502	239	273	106	335	506	319	385
ENSG00000102310	768	177	235	161	308	182	262	210
ENSG00000113437	2762	2947	3509	2834	4359	3952	4884	2870
ENSG00000154246	769	809	934	892	789	828	619	961
ENSG00000114053	759	289	489	1015	493	868	755	1061
ENSG00000234080	18	15	13	15	20	10	7	10
ENSG00000179962	17	43	35	26	25	29	40	36
ENSG00000159840	3022	4705	3415	4017	3601	3540	3648	1968
ENSG00000156051	15	11	11	14	15	24	9	18
ENSG00000215441	3721	3305	5506	3858	3920	4527	6675	4542
ENSG00000130590	3812	3404	1440	4730	3906	3358	3348	4080
ENSG00000193125	123	132	55	83	115	99	157	138
ENSG00000146663	41	34	14	31	43	13	21	45
ENSG00000163074	23	17	13	12	20	9	19	20
ENSG00000178340	763	623	680	794	650	370	562	946
ENSG00000206224	409	508	306	266	481	473	459	369
ENSG00000192041	55	16	59	15	93	21	65	28
ENSG00000182259	13	26	23	5	31	15	28	7
ENSG00000100097	320	340	309	521	284	308	466	215
ENSG00000190682	34	30	8	42	48	47	35	45
ENSG00000212247	103	138	141	80	199	86	144	184
ENSG00000202021	7	4	2	9	2	5	5	3
ENSG00000231598	197	150	421	285	382	354	527	236
ENSG00000215827	167	153	166	250	130	199	182	134
ENSG00000229724	41	51	33	17	41	50	35	33
ENSG00000110193	16	19	16	14	11	13	20	17
ENSG00000222036	69	90	48	212	90	78	106	174
ENSG00000135686	294	268	234	244	246	232	329	245
ENSG00000162927	343	357	214	448	266	128	212	177
ENSG00000231034	116	96	107	255	127	120	209	164
ENSG00000116707	50	21	36	25	55	15	23	25
ENSG00000103491	391	664	835	664	413	716	565	704
ENSG00000153459	1697	1111	1602	1484	662	966	1076	1443
ENSG00000249407	48	48	33	34	33	47	48	28
ENSG00000124251	29	14	14	12	20	9	26	5
ENSG00000203986	1444	1303	2812	2501	2437	2721	2457	3108
ENSG00000117967	98	192	204	206	125	151	257	155
ENSG00000150378	1	1	1	6	2	0	0	1
ENSG00000196478	887	601	791	847	705	839	1151	569
ENSG00000125668	129	160	212	370	184	203	326	186
ENSG00000181045	47	34	24	23	34	7	39	20
ENSG00000136390	174	117	199	131	125	131	168	139
ENSG00000116300	13	25	6	10	24	8	15	8
ENSG00000160435	24	38	24	13	35	28	12	13
ENSG00000179562	3	11	4	7	5	3	9	4
ENSG00000185120	855	850	1092	629	1531	1188	957	929
ENSG00000232882	61	71	35	22	21	53	36	37
ENSG00000247664	232	195	242	114	245	131	432	242
ENSG00000161004	281	159	514	163	134	258	169	171
ENSG00000107220	1	0	2	1	1	2	2	0
ENSG00000180247	267	213	243	87	317	134	392	153
ENSG00000203052	17	8	5	15	8	10	4	6
ENSG00000217446	817	1373	1304	1093	1209	1339	1840	940
ENSG00000230024	28	6	11	2	27	12	25	7
ENSG00000241485	796	434	309	649	534	430	371	690
ENSG00000238872	7199	1915	3353	5603	5223	2208	5612	1855
ENSG00000158589	136	172	179	257	133	231	149	322
ENSG00000194918	1663	703	1528	775	1347	585	2512	968
ENSG00000166871	1853	2400	1536	2121	2042	1357	1402	1481
ENSG00000167687	81	225	163	144	106	174	154	161
ENSG00000119385	193	50	130	31	142	98	80	80
ENSG00000216805	5	12	3	5	9	11	3	2
ENSG00000244181	8408	6565	3972	3834	4099	2829	5316	4441
ENSG00000166527	1123	620	1204	482	517	990	447	553
ENSG00000150083	1188	559	634	356	553	465	1180	406
ENSG00000194727	9	1	1	5	6	4	6	2
ENSG00000218542	817	665	1364	1172	738	1080	915	1328
ENSG00000220228	261	62	54	50	56	81	33	36
ENSG00000224390	145	78	194	131	138	282	133	177
ENSG00000226387	358	160	138	383	159	173	220	269
ENSG00000221837	971	1025	763	1507	745	915	488	573
ENSG00000150719	63	53	56	48	35	54	51	42
ENSG00000170588	41	20	32	35	14	40	27	19
ENSG00000121453	545	399	823	208	1574	540	578	650
ENSG00000171114	194	285	199	177	232	157	234	231
ENSG00000205592	48	43	25	55	24	22	43	26
ENSG00000166113	5169	6976	14285	11216	8831	6448	9232	9165
ENSG00000131641	721	1151	886	1600	1521	1219	1338	914
ENSG00000147157	3	2	3	6	7	4	8	10
ENSG00000215467	1	2	5	2	3	4	3	1
ENSG00000126077	5	4	5	3	3	3	2	3
ENSG00000104292	64	23	13	58	67	19	56	32
ENSG00000143434	320	294	287	386	320	149	192	119
ENSG00000194886	1156	2421	3369	2129	4265	4001	4093	1899
ENSG00000220838	257	186	255	122	214	194	288	109
ENSG00000167756	21	35	37	35	25	38	33	28
ENSG00000237892	150	159	176	167	212	176	185	162
ENSG00000201801	143	88	54	158	103	106	108	114
ENSG00000131601	66	21	33	28	47	9	34	11
ENSG00000125650	153	130	249	130	164	127	118	181
ENSG00000201145	6	3	14	0	7	4	4	6
ENSG00000142131	63	26	46	88	74	44	45	81
ENSG00000217793	179	386	237	307	345	302	233	176
ENSG00000202490	76	83	94	30	137	115	35	101
ENSG00000229148	169	418	418	557	163	362	230	225
ENSG00000223999	985	1086	1767	1129	1047	917	1130	874
ENSG00000237374	430	344	489	294	288	383	376	462
ENSG00000222862	479	444	772	692	519	313	736	547
ENSG00000119743	356	379	889	506	393	421	598	475
ENSG00000181237	111	139	99	76	105	77	54	89
ENSG00000249202	2170	1717	1189	842	799	1438	1261	1085
ENSG00000207348	167	206	198	211	249	190	273	145
ENSG00000127665	14	25	19	8	15	25	8	14
ENSG00000138849	1288	623	717	778	636	760	1233	1037
ENSG00000187580	51	116	152	129	119	80	97	164
ENSG00000162324	1	0	0	0	2	1	1	1
ENSG00000136266	2811	6641	4283	4978	2806	6321	2616	4564
ENSG00000181596	191	191	137	173	158	228	76	182
ENSG00000114669	35	35	31	25	39	30	41	27
ENSG00000146070	723	385	582	816	755	682	889	754
ENSG00000123429	294	352	653	457	353	324	230	471
ENSG00000163348	269	299	306	366	585	202	131	353
ENSG00000188955	7260	7819	2518	4323	3986	8754	3291	10258
ENSG00000203302	1948	913	1160	1793	2103	1585	804	1474
ENSG00000119129	176	116	194	119	243	97	306	126
ENSG00000121976	36	37	57	76	54	80	59	52
ENSG00000216883	9	22	9	9	15	14	21	35
ENSG00000189696	638	565	598	726	502	303	554	277
ENSG00000152449	118	228	170	217	189	426	276	220
ENSG00000114359	1836	1041	1558	1707	2009	1311	1810	644
ENSG00000180728	273	168	435	148	181	283	225	207
ENSG00000104660	1071	1521	517	862	679	489	613	1124
ENSG00000238641	4209	1267	1689	3798	2125	2058	1498	3206
ENSG00000227706	84	85	86	67	89	47	72	89
ENSG00000137665	36	32	32	34	44	31	24	38
ENSG00000181342	263	285	250	178	144	291	228	206
ENSG00000159903	14	21	12	14	23	4	13	19
ENSG00000175587	159	201	236	148	200	192	171	92
ENSG00000198832	138	62	93	164	110	71	122	132
ENSG00000147077	6502	2522	3419	3521	2550	2617	2345	3722
ENSG00000219205	212	114	199	148	129	77	173	91
ENSG00000149766	2036	2282	2486	2848	3682	1980	2677	2299
ENSG00000223462	51	86	94	85	158	81	68	92
ENSG00000231434	115	78	149	178	143	200	175	126
ENSG00000222976	101	89	87	72	96	70	65	26
ENSG00000142339	90	133	187	209	169	251	200	205
ENSG00000138216	105	41	87	27	123	90	153	50
ENSG00000239659	28	28	34	19	19	22	14	23
ENSG00000158601	24	9	23	42	9	18	9	10
ENSG00000153833	1462	1522	573	1409	797	1423	1386	1670
ENSG00000174744	516	306	162	118	331	216	206	227
ENSG00000127696	4650	5132	4059	4924	3929	5968	3292	6710
ENSG00000167261	6303	4694	6751	4887	6305	974	6066	3066
ENSG00000167833	73	20	78	24	104	41	62	30
ENSG00000126153	15586	6150	5629	7570	13783	9135	6007	12194
ENSG00000210652	116	47	66	59	100	59	75	100
ENSG00000221725	7	6	7	4	7	11	6	12
ENSG00000243403	12	9	8	11	25	19	11	27
ENSG00000240711	51	39	85	56	61	86	82	73
ENSG00000110821	0	2	2	1	1	6	0	0
ENSG00000228516	519	278	594	621	461	633	385	409
ENSG00000206452	133	44	72	163	131	98	134	55
ENSG00000102465	693	284	546	482	1185	652	497	487
ENSG00000217014	356	354	426	217	433	314	543	347
ENSG00000135081	414	447	205	265	411	325	391	284
ENSG00000228910	740	496	586	824	835	1385	712	606
ENSG00000196183	561	547	530	749	472	313	513	490
ENSG00000202936	17	14	21	15	6	9	7	4
ENSG00000162008	3831	5446	3989	3341	3369	3965	6439	5764
ENSG00000140600	59	55	67	84	86	96	62	48
ENSG00000230814	235	219	228	317	175	221	140	256
ENSG00000195807	979	495	1259	1369	449	359	654	905
ENSG00000185911	48	15	29	21	61	36	34	39
ENSG00000219620	138	72	69	42	81	78	161	72
ENSG00000206158	9	11	2	5	4	11	7	6
ENSG00000146281	436	759	713	649	1026	901	531	855
ENSG00000141654	708	799	664	419	675	640	603	987
ENSG00000136247	76	60	80	119	64	45	93	105
ENSG00000141706	58	14	31	71	28	25	43	46
ENSG00000206557	4	1	0	1	1	0	2	1
ENSG00000117942	257	472	665	306	263	300	511	386
ENSG00000235895	34	43	29	18	19	12	22	33
ENSG00000138531	81	42	25	68	109	58	79	85
ENSG00000223839	66	50	69	75	66	128	170	77
ENSG00000153026	69	108	46	38	62	85	71	77
ENSG00000248897	253	172	319	248	253	197	282	288
ENSG00000109846	574	553	545	961	757	357	303	345
ENSG00000103232	306	152	430	244	396	158	396	148
ENSG00000228936	20	25	12	12	18	13	15	17
ENSG00000220832	207	139	169	184	121	160	203	139
ENSG00000198259	215	114	93	77	125	193	111	41
ENSG00000225883	12	15	24	19	16	18	30	22
ENSG00000101298	139	189	129	128	67	155	74	120
ENSG00000112382	2877	851	1966	1308	1447	781	1607	1053
ENSG00000199990	767	550	1786	687	982	685	1101	890
ENSG00000173224	445	310	412	571	191	344	489	557
ENSG00000146918	315	473	432	802	416	505	497	695
ENSG00000120617	4	3	1	2	3	6	9	1
ENSG00000101260	294	114	202	213	320	274	305	209
ENSG00000236506	4037	3039	3068	3904	3047	3682	3094	2784
ENSG00000158866	107	129	77	100	91	129	57	59
ENSG00000183978	76	85	55	96	86	59	80	101
ENSG00000242847	51	82	40	65	56	17	42	29
ENSG00000135874	384	229	184	272	285	308	197	512
ENSG00000248551	185	113	117	170	149	166	187	97
ENSG00000125602	27	18	37	38	47	17	19	22
ENSG00000197242	162	175	306	273	235	126	147	253
ENSG00000171888	178	120	177	80	117	204	288	143
ENSG00000107852	378	544	316	369	277	481	381	431
ENSG00000111070	635	349	399	563	459	371	287	353
ENSG00000151078	31	38	61	39	49	33	62	65
ENSG00000207945	489	262	217	598	569	269	193	153
ENSG00000125378	180	144	122	211	177	193	139	160
ENSG00000113527	124	218	164	212	182	289	107	239
ENSG00000247127	99	75	101	132	84	103	46	89
ENSG00000198933	297	162	174	324	262	248	149	151
ENSG00000158185	125	80	96	33	80	61	76	35
ENSG00000154441	11	20	11	14	26	22	18	11
ENSG00000193879	2045	2046	1542	2371	2033	855	1912	1238
ENSG00000234253	13	15	10	18	12	17	18	15
ENSG00000169527	202	425	245	295	232	307	209	381
ENSG00000201708	710	1025	1067	646	874	748	709	714
ENSG00000243417	510	253	453	386	408	270	271	346
ENSG00000136068	101	72	97	74	144	87	114	115
ENSG00000236550	120	117	223	156	117	168	132	170
ENSG00000206878	16	12	5	12	14	7	7	10
ENSG00000244755	270	321	285	284	296	201	294	197
ENSG00000197333	48	29	34	18	11	24	39	16
ENSG00000189948	201	125	254	187	273	102	273	128
ENSG00000133038	12	31	23	26	29	22	27	41
ENSG00000242912	626	1025	594	876	553	624	1385	630
ENSG00000105457	89	80	68	56	53	95	83	108
ENSG00000208071	116	93	72	151	167	126	172	114
ENSG00000189412	2195	2725	2168	1928	2527	1974	2978	3569
ENSG00000173807	37	36	42	19	14	49	21	28
ENSG00000192138	66	75	160	121	72	98	102	48
ENSG00000205104	2	4	2	0	5	2	1	3
ENSG00000124023	100	108	91	98	83	71	90	84
ENSG00000170978	60	75	63	55	46	44	54	67
ENSG00000200444	42	49	32	21	26	24	57	31
ENSG00000193971	598	492	460	643	505	678	736	454
ENSG00000211034	5588	3601	4215	3680	7350	2548	4155	1111
ENSG00000147527	713	709	904	1010	514	753	315	788
ENSG00000195009	691	382	588	610	702	512	686	977
ENSG00000156954	1363	572	872	1394	798	828	981	1513
ENSG00000171220	81	47	35	36	18	89	59	58
ENSG00000147861	59	47	62	59	66	42	64	28
ENSG00000113714	335	402	347	175	161	194	323	306
ENSG00000122882	4982	4019	3157	5274	3685	2509	3275	7920
ENSG00000219901	66	36	52	71	75	38	30	56
ENSG00000221578	12	15	11	10	6	7	9	9
ENSG00000245237	139	295	128	103	122	178	119	121
ENSG00000126542	1119	876	933	1025	954	1111	892	1850
ENSG00000210212	949	334	347	481	779	1004	556	622
ENSG00000186031	339	413	293	673	436	214	192	555
ENSG00000139139	170	70	121	139	125	153	152	132
ENSG00000227305	697	577	745	959	746	669	588	686
ENSG00000173766	53	81	59	105	69	95	63	67
ENSG00000140129	2470	564	1847	1961	1546	1995	1133	1975
ENSG00000105443	2559	1407	2140	2579	1023	3016	1860	2495
ENSG00000144341	703	751	363	710	1044	849	869	1170
ENSG00000195229	8385	9315	8995	11902	8869	10511	6909	14610
ENSG00000188925	22012	17944	19421	15504	12212	17227	25171	32288
ENSG00000143357	38	33	35	41	31	28	49	52
ENSG00000205028	113	122	88	81	126	173	82	256
ENSG00000123964	29	14	21	38	7	27	30	37
ENSG00000109547	9	6	9	4	8	4	4	12
ENSG00000228112	20	25	27	23	17	17	15	16
ENSG00000112528	152	106	104	121	138	159	169	118
ENSG00000171015	272	561	543	355	315	399	614	356
ENSG00000218396	379	206	299	475	277	221	262	338
ENSG00000232935	1	5	1	1	0	2	0	0
ENSG00000249897	94	51	128	188	135	92	151	206
ENSG00000183264	19	4	12	10	15	10	18	14
ENSG00000104027	491	602	545	591	757	880	667	345
ENSG00000106469	47	29	33	24	37	32	35	22
ENSG00000104561	1126	852	833	1715	592	1725	1069	368
ENSG00000211041	6966	2311	8428	3939	3725	5456	9560	6085
ENSG00000247504	9639	5737	8475	6256	5617	6624	4927	7483
ENSG00000195730	90	81	69	130	154	74	85	88
ENSG00000234783	129	98	311	352	217	229	212	306
ENSG00000125589	44	94	135	76	93	105	175	86
ENSG00000227377	77	188	97	85	85	107	177	169
ENSG00000221306	6687	2418	3403	2164	2474	4275	5981	3576
ENSG00000116610	8	5	3	5	2	4	2	4
ENSG00000154837	28	69	49	28	55	76	71	64
ENSG00000160586	131	218	175	178	173	99	286	240
ENSG00000159784	37	33	45	72	30	67	119	43
ENSG00000237194	33	15	23	16	14	24	20	12
ENSG00000147815	1101	2175	976	552	1125	1786	1466	1433
ENSG00000160618	139	147	132	120	96	224	168	139
ENSG00000236195	65	43	47	34	70	54	90	77
ENSG00000201556	23	22	9	15	15	11	10	11
ENSG00000102406	121	143	94	128	191	122	66	105
ENSG00000138472	1272	948	749	1043	811	653	1031	501
ENSG00000114331	95	58	124	157	84	189	121	113
ENSG00000125898	3193	1891	2509	834	2722	719	2716	1926
ENSG00000198864	90	34	89	41	85	50	80	121
ENSG00000219845	27	29	39	25	36	33	36	7
ENSG00000113162	118	129	293	99	106	124	136	174
ENSG00000153582	20	27	30	19	28	20	33	21
ENSG00000211774	11	16	7	4	4	3	9	7
ENSG00000142226	584	278	430	375	383	588	245	464
ENSG00000239313	1761	805	847	1055	996	739	508	949
ENSG00000176635	4447	3027	5368	4935	2937	2973	4044	4058
ENSG00000241114	6	0	4	2	7	3	4	2
ENSG00000206869	1499	1381	880	826	784	812	1351	910
ENSG00000133958	404	485	549	439	643	656	597	360
ENSG00000184272	117	261	156	183	190	163	149	174
ENSG00000143275	651	402	350	451	299	336	443	317
ENSG00000238688	618	644	534	522	824	869	382	398
ENSG00000167151	271	380	657	362	349	321	384	468
ENSG00000200314	387	380	368	264	480	559	497	363
ENSG00000125961	224	73	192	63	285	125	236	128
ENSG00000145679	3226	2239	3916	7695	4938	3192	3001	5747
ENSG00000224946	67	162	45	119	250	143	67	211
ENSG00000115305	1432	1335	1334	1603	1285	851	1215	1184
ENSG00000110033	204	57	102	36	120	73	190	41
ENSG00000111422	153	157	102	196	159	184	226	140
ENSG00000246144	124	85	104	125	136	123	99	176
ENSG00000247892	100	158	218	321	186	155	266	318
ENSG00000217238	2253	2751	2949	932	1630	910	2660	2328
ENSG00000121694	8	14	32	12	10	7	12	7
ENSG00000147022	1640	2494	1497	1694	946	1692	1245	1402
ENSG00000234636	50	46	52	34	66	41	66	35
ENSG00000239657	9912	10651	5383	13927	10976	14948	8076	7014
ENSG00000124946	20	24	16	21	26	35	18	21
ENSG00000133766	252	262	233	223	165	122	160	247
ENSG00000237377	663	598	615	743	621	747	612	407
ENSG00000168097	4	5	4	2	2	6	5	7
ENSG00000147257	258	198	187	77	107	110	216	118
ENSG00000243578	135	210	191	166	254	120	181	226
ENSG00000123116	169	235	151	315	278	313	275	287
ENSG00000154725	116	68	83	126	85	92	174	119
ENSG00000215617	28	24	37	8	51	27	26	17
ENSG00000187071	8	6	4	2	1	5	4	6
ENSG00000228228	44	26	54	80	36	34	48	17
ENSG00000124599	59	66	36	49	60	46	70	54
ENSG00000174267	68	49	57	68	49	89	45	41
ENSG00000165686	954	878	659	652	560	376	651	476
ENSG00000228884	209	202	214	197	206	271	373	218
ENSG00000189774	6	8	6	3	4	6	5	6
ENSG00000108133	25	24	28	24	22	23	36	39
ENSG00000165109	733	1284	1178	1210	520	670	1398	1417
ENSG00000173821	1039	681	1064	871	1297	827	571	864
ENSG00000155892	112	203	250	304	172	203	274	151
ENSG00000238242	100	55	106	135	76	70	90	63
ENSG00000226348	1348	1413	1181	917	1460	1810	2745	898
ENSG00000123130	36	34	33	17	28	31	17	32
ENSG00000161795	49	27	36	34	39	43	40	25
ENSG00000124462	913	1574	1230	2242	2338	824	1255	1595
ENSG00000139757	6	2	3	3	4	2	1	4
ENSG00000236707	1822	1112	1421	1079	2086	967	1447	1255
ENSG00000202849	84	73	52	60	98	77	35	46
ENSG00000165958	319	391	329	495	403	460	250	491
ENSG00000242307	81	54	70	74	33	50	61	53
ENSG00000241508	4	7	3	0	1	6	4	4
ENSG00000203145	1072	344	594	344	821	313	529	391
ENSG00000178730	25	33	43	39	14	34	49	30
ENSG00000197746	135	93	136	122	120	138	76	121
ENSG00000104698	521	388	354	489	457	329	307	343
ENSG00000178328	225	400	148	203	335	203	194	160
ENSG00000214961	155	181	159	128	204	197	178	118
ENSG00000140444	358	480	489	386	418	782	399	679
ENSG00000146828	7	16	12	7	11	12	13	6
ENSG00000193632	7067	9577	5528	14056	8936	7444	8494	14775
ENSG00000133356	7	9	4	3	6	12	5	7
ENSG00000205108	101	153	105	83	114	42	104	133
ENSG00000111260	130	91	198	121	166	210	167	151
ENSG00000212665	58	37	120	51	64	51	72	26
ENSG00000228764	929	901	676	423	751	597	1251	935
ENSG00000143281	163	45	128	62	79	59	171	30
ENSG00000232047	181	225	192	94	123	135	190	121
ENSG00000153250	45504	37679	31485	27153	26102	31466	37667	32070
ENSG00000146519	100	77	55	103	49	53	33	46
ENSG00000211324	19334	34370	12496	11493	7494	21689	25991	12655
ENSG00000129365	7	10	9	8	10	5	7	9
ENSG00000122319	455	829	611	427	377	743	336	466
ENSG00000199343	163	333	173	187	192	184	303	225
ENSG00000165648	297	464	644	780	565	907	547	653
ENSG00000200960	5	2	1	1	0	0	1	1
ENSG00000120672	1	8	2	2	5	1	1	1
ENSG00000223755	475	743	354	408	573	629	647	640
ENSG00000226936	507	962	444	764	1202	687	779	1077
ENSG00000193578	518	628	468	671	552	723	431	398
ENSG00000209083	36	94	84	106	66	57	53	33
ENSG00000112847	381	316	440	420	463	408	571	296
ENSG00000129080	341	221	314	554	212	315	387	341
ENSG00000202616	61	59	49	49	35	52	52	38
ENSG00000176806	6875	5016	11554	8086	7687	7060	7849	8208
ENSG00000201440	112	71	71	157	61	99	123	57
ENSG00000203758	68	76	96	24	74	63	53	31
ENSG00000186255	371	291	327	288	212	158	412	354
ENSG00000232976	82	137	74	69	93	63	86	50
ENSG00000101476	501	459	784	124	918	122	515	227
ENSG00000153421	14	36	17	29	23	26	16	8
ENSG00000237000	26	48	47	29	24	23	35	45
ENSG00000176732	55	53	76	61	52	24	65	41
ENSG00000101700	1452	1106	989	978	1998	2041	975	1129
ENSG00000221832	124	105	59	80	107	99	83	107
ENSG00000229674	3602	3920	4075	4597	3695	2676	3339	4753
ENSG00000215916	3609	1896	2602	3599	3653	3240	3491	2128
ENSG00000236371	34	121	80	39	36	63	46	69
ENSG00000192195	43	56	48	36	117	80	71	29
ENSG00000163924	2402	2328	2972	1745	1829	712	2963	1713
ENSG00000123860	16	72	53	145	71	140	67	88
ENSG00000217397	47	103	58	71	75	51	61	66
ENSG00000133834	8289	5711	5741	7856	4315	5656	4337	8534
ENSG00000142848	1898	2108	9127	788	5736	3176	5234	1591
ENSG00000228252	472	428	549	690	747	441	269	644
ENSG00000119226	6	3	3	2	4	3	5	1
ENSG00000122696	226	308	176	151	270	133	161	206
ENSG00000114541	2	6	5	4	3	6	10	5
ENSG00000238296	349	241	313	363	277	351	185	152
ENSG00000248791	431	371	595	291	746	224	411	429
ENSG00000162194	17241	7111	12515	4483	8161	8954	9589	4750
ENSG00000235701	13	8	12	6	14	12	12	6
ENSG00000211356	327	244	261	201	190	170	204	185
ENSG00000144272	222	358	362	431	539	277	207	239
ENSG00000177891	465	435	635	533	475	314	404	485
ENSG00000247367	698	560	378	395	598	499	475	637
ENSG00000213659	881	1158	1851	1730	1926	1570	1352	2206
ENSG00000136433	527	470	459	286	394	452	372	231
ENSG00000130519	49	93	98	62	43	74	96	71
ENSG00000202778	134	167	179	105	147	80	224	77
ENSG00000188323	1968	2265	1464	1599	1938	486	1734	2573
ENSG00000136811	137	83	102	104	121	43	104	64
ENSG00000245328	0	1	6	2	3	8	1	1
ENSG00000207295	11	9	7	6	7	6	5	2
ENSG00000138880	21	25	4	19	10	12	28	10
ENSG00000216481	17	11	16	6	21	14	18	18
ENSG00000177069	248	350	242	279	263	337	237	326
ENSG00000206050	175	428	217	291	305	227	364	199
ENSG00000165215	2	3	4	5	5	4	8	2
ENSG00000125965	28	21	22	20	4	25	38	30
ENSG00000207239	410	207	677	374	334	475	361	526
ENSG00000215851	311	563	276	742	439	442	200	333
ENSG00000182887	80	149	151	157	142	145	175	66
ENSG00000230678	10482	15023	7278	5723	13523	9345	22140	8179
ENSG00000176986	69	12	63	45	55	40	24	25
ENSG00000151630	1986	1244	985	1382	1866	1752	1644	1082
ENSG00000249542	313	293	340	448	221	391	256	348
ENSG00000206852	3	4	2	0	6	5	5	1
ENSG00000125651	12	27	13	12	7	20	16	30
ENSG00000242159	239	183	204	128	104	276	157	105
ENSG00000178614	21	33	47	27	30	30	27	23
ENSG00000145364	45	40	59	84	55	84	61	70
ENSG00000132419	95	67	115	71	143	185	118	50
ENSG00000129825	197	192	465	195	309	312	157	220
ENSG00000100488	49	101	53	56	140	46	59	102
ENSG00000137038	374	406	602	346	646	514	340	601
ENSG00000125546	102	143	73	116	81	99	75	120
ENSG00000214325	23	15	10	17	14	14	19	11
ENSG00000193370	55	45	63	78	66	38	70	81
ENSG00000190694	16	7	12	17	11	9	15	12
ENSG00000162419	430	792	651	417	450	704	355	405
ENSG00000236451	16	4	2	9	4	9	4	10
ENSG00000235115	20	26	53	41	78	28	52	56
ENSG00000175424	90	89	36	42	54	68	29	38
ENSG00000127399	332	623	336	576	291	438	695	329
ENSG00000218989	2673	1797	2115	2027	2449	2523	2090	5185
ENSG00000122758	12	19	15	10	8	15	5	7
ENSG00000210026	142	39	183	81	97	66	85	46
ENSG00000180752	39	85	41	60	31	45	30	76
ENSG00000105170	21	23	24	49	27	27	22	34
ENSG00000145579	6	4	5	3	4	7	9	1
ENSG00000158626	266	155	274	111	173	110	345	205
ENSG00000237225	0	1	4	4	4	6	2	2
ENSG00000112664	1696	2452	2498	1594	1263	3052	3124	2418
ENSG00000117656	752	951	632	428	729	1365	746	1013
ENSG00000111872	1625	1035	798	2164	1435	1052	1510	1182
ENSG00000118763	3844	6435	6306	7349	4049	3609	8648	7518
ENSG00000220174	84	71	187	109	122	170	123	132
ENSG00000113025	77	62	39	35	34	59	90	31
ENSG00000202523	3	4	2	4	7	2	4	3
ENSG00000105605	1661	2250	903	1119	2511	2679	1771	869
ENSG00000148826	711	920	538	431	683	476	270	597
ENSG00000116493	59	82	56	61	10	72	58	83
ENSG00000249453	18	21	22	16	19	17	17	18
ENSG00000132268	395	252	217	193	202	224	277	213
ENSG00000148504	313	190	229	257	230	344	207	167
ENSG00000224295	11	8	14	22	9	12	15	4
ENSG00000135236	1429	1692	2388	1763	3732	3418	2064	2990
ENSG00000132696	78	41	29	67	30	40	17	49
ENSG00000104811	317	700	483	328	469	284	461	434
ENSG00000216737	5	2	1	2	3	4	3	4
ENSG00000230380	13	28	12	14	23	22	17	6
ENSG00000149038	182	214	140	304	112	137	130	127
ENSG00000172577	17	11	27	18	12	18	14	4
ENSG00000243738	3750	3053	3936	3888	6751	4438	5670	3818
ENSG00000139853	1	1	5	2	0	2	2	1
ENSG00000121466	39	42	35	19	33	37	46	48
ENSG00000114715	1	1	6	1	3	0	3	6
ENSG00000234975	45	66	28	50	40	32	67	55
ENSG00000249951	3877	1102	4613	1343	2777	1029	4237	1516
ENSG00000122512	249	168	145	169	395	214	144	216
ENSG00000131992	48	65	94	73	63	44	103	51
ENSG00000191528	1540	1190	1414	1380	1309	1253	1022	1477
ENSG00000168592	4	6	4	7	6	10	8	5
ENSG00000208912	18	10	20	3	25	10	34	17
ENSG00000234944	0	6	6	6	4	7	4	4
ENSG00000114278	1212	889	1140	934	1174	1051	793	639
ENSG00000212263	9	11	5	3	5	4	7	3
ENSG00000155635	1332	1320	1271	1256	1528	2874	1290	2156
ENSG00000141012	21	20	35	33	29	15	28	35
ENSG00000229697	75	33	46	61	136	60	24	47
ENSG00000219239	24	37	23	57	55	67	45	64
ENSG00000210521	714	434	525	533	909	535	719	559
ENSG00000180924	63	35	33	39	24	52	67	42
ENSG00000123975	56	93	58	27	53	58	61	40
ENSG00000141306	73	64	87	62	89	24	58	26
ENSG00000217556	91	41	68	81	156	77	100	69
ENSG00000206933	17	10	16	23	36	21	15	33
ENSG00000117299	120	138	147	144	191	211	113	98
ENSG00000127839	13	11	8	11	7	15	16	8
ENSG00000206184	469	296	322	296	338	321	398	481
ENSG00000177378	59	31	59	20	54	36	53	54
ENSG00000186939	1616	1171	1790	2338	2416	1782	2084	2597
ENSG00000169353	9	13	27	7	23	2	14	12
ENSG00000194049	164	126	155	165	220	79	297	309
ENSG00000162687	105	128	73	122	82	102	79	60
ENSG00000128263	8376	4066	7534	3275	8392	6940	5170	3642
ENSG00000229907	309	540	184	271	379	454	169	353
ENSG00000139358	101	30	71	75	61	74	149	79
ENSG00000243479	31	122	119	74	61	103	59	60
ENSG00000242536	35	19	34	23	47	43	39	53
ENSG00000209492	8626	6904	9965	10256	8053	16348	7230	6182
ENSG00000121895	12209	8438	4724	10280	7764	11729	9664	14746
ENSG00000234389	89	83	146	74	108	118	102	123
ENSG00000230469	35	19	16	35	18	27	29	10
ENSG00000200380	289	413	340	347	207	340	331	288
ENSG00000103607	541	351	560	918	741	560	391	547
ENSG00000173688	18	19	12	20	20	23	16	10
ENSG00000180183	51	57	43	104	75	30	34	60
ENSG00000161860	49	44	41	40	64	36	35	41
ENSG00000197457	63	26	45	38	82	83	85	54
ENSG00000157740	206	686	555	288	249	514	210	173
ENSG00000246512	11	8	5	11	12	11	9	19
ENSG00000234138	4	0	2	3	4	2	1	4
ENSG00000135208	7018	7205	7837	11269	9440	6461	8815	12509
ENSG00000149959	75	49	62	75	24	58	55	71
ENSG00000106083	283	241	353	495	333	236	174	221
ENSG00000194093	37	75	45	41	31	14	24	61
ENSG00000121748	126	87	95	135	115	186	180	180
ENSG00000160998	173	323	215	180	156	97	149	216
ENSG00000107986	64	125	111	129	83	49	49	61
ENSG00000223556	44466	9774	60646	26893	49813	8967	55774	8075
ENSG00000151403	337	515	513	425	682	262	472	721
ENSG00000192246	52	55	46	27	97	93	63	74
ENSG00000221114	92	98	136	88	226	102	91	105
ENSG00000117360	282	99	277	58	263	174	251	202
ENSG00000156925	63	75	48	52	65	91	91	82
ENSG00000233300	588	967	675	804	638	814	1148	1332
ENSG00000144146	1433	1091	1092	929	1139	1223	948	857
ENSG00000160196	104	73	97	133	102	46	124	143
ENSG00000134891	225	235	157	129	149	200	258	168
ENSG00000154236	10	7	5	11	10	19	4	12
ENSG00000100283	450	178	320	277	170	193	182	408
ENSG00000103149	202	58	163	115	180	85	139	38
ENSG00000235422	35	25	14	22	27	12	25	24
ENSG00000214247	41	20	40	21	23	42	31	87
ENSG00000245939	3099	1843	3589	1505	3736	1954	3080	2232
ENSG00000174767	19	24	5	22	13	10	13	14
ENSG00000142885	15	7	16	18	22	20	14	16
ENSG00000196488	190	259	283	203	154	222	189	279
ENSG00000220894	316	186	306	215	482	479	197	335
ENSG00000228541	42	76	108	109	97	82	57	59
ENSG00000114769	9	17	16	11	12	17	13	10
ENSG00000241558	17	44	23	51	43	12	35	36
ENSG00000210296	5898	7354	8999	4417	5260	7391	6054	6102
ENSG00000113948	2	9	9	6	6	8	3	4
ENSG00000128755	117	204	134	184	145	194	205	239
ENSG00000152748	411	673	877	987	588	552	468	885
ENSG00000159850	432	423	617	365	473	508	428	501
ENSG00000151057	11498	9287	7815	6677	9696	10592	22482	10482
ENSG00000210690	257	218	182	197	255	172	188	209
ENSG00000139930	48	59	59	49	57	44	50	28
ENSG00000236874	32	28	20	33	32	24	52	23
ENSG00000190798	93	57	67	48	82	74	49	88
ENSG00000121708	1822	1354	1476	1385	1039	1582	1431	2833
ENSG00000115526	13	19	15	11	10	4	13	20
ENSG00000235170	154	309	173	137	268	345	147	364
ENSG00000126778	32	18	21	30	18	22	17	30
ENSG00000225604	68	82	119	127	67	95	114	92
ENSG00000194739	5421	2876	7587	8807	4080	6061	5685	4499
ENSG00000246268	270	348	167	195	338	256	127	104
ENSG00000241335	472	224	297	323	394	245	439	551
ENSG00000170857	44	67	67	37	60	76	55	35
ENSG00000178708	3	6	7	3	5	16	10	5
ENSG00000204085	13	28	27	28	28	18	44	24
ENSG00000125540	86	58	104	50	17	36	36	67
ENSG00000138876	113	192	145	82	73	89	156	102
ENSG00000103310	2	3	6	3	4	5	5	2
ENSG00000177611	207	65	165	114	149	90	80	161
ENSG00000205477	3027	2163	2265	2731	1565	2280	4219	1476
ENSG00000107661	50	51	33	19	42	43	51	69
ENSG00000185413	359	648	746	434	704	275	614	503
ENSG00000199380	200	107	246	298	214	266	227	269
ENSG00000122906	129	164	124	161	118	100	82	72
ENSG00000235962	169	81	73	62	115	85	75	86
ENSG00000188337	225	429	506	560	546	712	519	861
ENSG00000166551	4127	4484	4985	4173	3432	3596	2825	3651
ENSG00000104124	3	3	0	7	2	2	0	3
ENSG00000115857	1258	709	609	386	1398	1157	986	1049
ENSG00000164032	50	31	59	74	49	74	63	65
ENSG00000239959	216	412	249	194	96	432	398	442
ENSG00000195770	1241	912	952	1422	1454	1215	761	1210
ENSG00000232645	139	125	99	96	125	143	121	180
ENSG00000249608	7212	5644	7604	9647	4103	5456	4332	5686
ENSG00000240329	1494	937	1704	659	502	789	861	679
ENSG00000181359	45	78	54	78	97	86	49	53
ENSG00000188386	1744	941	1654	686	1791	774	1616	665
ENSG00000163257	5	8	2	7	6	7	3	9
ENSG00000158376	197	300	368	413	130	208	138	278
ENSG00000142638	24	44	51	31	37	45	52	47
ENSG00000209666	23	41	20	66	34	19	21	20
ENSG00000176463	983	456	1014	1041	958	1142	944	1174
ENSG00000199334	220	209	267	218	226	198	214	229
ENSG00000162067	60	32	37	57	19	46	67	118
ENSG00000116283	199	290	290	200	506	382	265	320
ENSG00000242760	144	91	175	145	86	108	118	105
ENSG00000191396	60	76	129	39	133	103	133	124
ENSG00000182335	14	10	2	4	8	6	3	5
ENSG00000231462	83	50	36	37	44	32	33	56
ENSG00000117310	168	399	241	431	375	516	231	367
ENSG00000150769	383	395	261	288	260	252	155	337
ENSG00000216393	220	128	401	156	358	155	308	127
ENSG00000221207	19	18	19	14	12	5	18	12
ENSG00000149607	25	20	40	33	17	24	36	27
ENSG00000246825	1	1	0	1	3	2	2	1
ENSG00000237926	5	23	26	24	9	21	13	17
ENSG00000130198	2829	1551	3029	1264	2233	1258	4876	1833
ENSG00000214210	9908	3941	7597	3575	11059	6242	9589	4366
ENSG00000147610	205	161	292	142	206	256	422	71
ENSG00000241981	133	132	106	149	128	106	209	167
ENSG00000116491	8	13	6	1	7	5	15	4
ENSG00000129062	326	135	357	181	201	230	355	358
ENSG00000137187	64	25	27	40	41	43	35	49
ENSG00000198594	9586	7402	10899	5680	11365	7755	15598	13902
ENSG00000114089	611	250	772	440	421	562	1203	422
ENSG00000182954	109	128	96	115	112	62	136	88
ENSG00000194869	0	7	7	7	6	10	4	8
ENSG00000140500	3001	2641	3260	2684	3640	2246	2928	2737
ENSG00000244851	263	216	249	198	205	138	243	107
ENSG00000175447	13417	11022	5704	8979	7344	11521	6559	12287
ENSG00000171661	496	765	380	690	572	290	725	636
ENSG00000171020	105	93	157	145	113	117	93	108
ENSG00000128718	781	790	1063	1191	528	1030	595	1136
ENSG00000164874	1143	762	1747	500	708	506	1458	1328
ENSG00000197069	24	54	62	43	57	79	41	27
ENSG00000248925	1522	1505	3340	2525	1563	1766	1710	3228
ENSG00000212944	7253	7961	8738	5566	8384	10024	13275	3247
ENSG00000125469	32	37	51	46	16	49	28	49
ENSG00000231783	1	4	0	0	1	1	0	4
ENSG00000223118	853	652	481	867	562	631	574	838
ENSG00000131135	141	117	176	312	114	220	234	207
ENSG00000214093	242	158	236	128	193	173	96	71
ENSG00000157919	28	21	26	46	34	17	23	23
ENSG00000197667	4205	3722	3757	2032	2615	2226	5017	2206
ENSG00000124410	0	4	3	0	1	3	2	1
ENSG00000143752	1241	1268	953	2235	1233	1398	2654	2036
ENSG00000182264	64	50	38	59	61	54	54	48
ENSG00000217398	1	0	1	3	2	2	1	3
ENSG00000244949	36	23	22	31	14	15	23	26
ENSG00000193175	159	228	102	176	127	185	170	92
ENSG00000151128	7811	9764	6072	10902	7073	10478	7087	10277
ENSG00000216977	1350	1750	1924	1085	889	1283	1824	1658
ENSG00000158540	80	144	192	72	105	98	88	115
ENSG00000163152	182	134	150	129	149	86	113	168
ENSG00000148781	1850	1033	2062	2852	2612	1863	1659	1326
ENSG00000232763	618	527	677	1062	469	966	968	621
ENSG00000114990	10350	12426	10787	12631	26445	11538	20652	14234
ENSG00000237092	34	35	32	32	46	24	42	14
ENSG00000184593	475	221	211	618	388	350	210	230
ENSG00000168908	52	32	56	44	24	49	59	58
ENSG00000185291	201	243	116	79	94	207	82	161
ENSG00000105822	9	5	2	3	14	6	4	14
ENSG00000150784	113	235	142	118	183	139	77	160
ENSG00000127258	10	7	4	5	8	3	6	15
ENSG00000197126	289	193	288	266	285	270	367	233
ENSG00000126933	3866	2679	8209	2603	7834	2060	4228	3312
ENSG00000208560	194	237	377	359	213	270	245	275
ENSG00000197381	467	186	568	157	467	198	374	460
ENSG00000109899	108	127	97	195	100	78	162	84
ENSG00000162755	6	14	10	8	5	15	8	11
ENSG00000155511	78	35	72	29	86	42	80	56
ENSG00000180363	41	81	60	59	76	62	55	40
ENSG00000140651	18	21	17	11	16	16	13	26
ENSG00000151781	2587	1434	4702	1710	2302	786	3810	1308
ENSG00000221910	3	3	3	3	6	8	6	4
ENSG00000179806	19	13	20	24	9	15	4	10
ENSG00000180660	31	18	30	19	16	30	22	11
ENSG00000190111	41	45	77	92	78	66	53	74
ENSG00000144614	12	5	13	18	16	12	15	11
ENSG00000174132	3	10	2	6	8	3	13	2
ENSG00000155738	10	6	35	9	10	14	17	9
ENSG00000119284	27	26	32	19	37	33	30	49
ENSG00000129415	10	10	4	8	9	11	6	8
ENSG00000106502	1576	606	879	1942	814	1454	1035	1618
ENSG00000159147	61	61	97	155	70	57	151	122
ENSG00000177621	1541	2675	2495	1424	1900	1518	1822	1915
ENSG00000121861	27	48	34	61	49	41	64	63
ENSG00000215505	225	387	338	670	280	541	652	321
ENSG00000182039	128	105	72	145	91	102	82	55
ENSG00000119155	268	299	233	362	126	193	225	152
ENSG00000238966	2806	2638	4621	2335	4533	3186	3926	3866
ENSG00000226971	1360	915	1239	783	1161	598	1251	665
ENSG00000200612	283	160	253	121	207	146	276	303
ENSG00000166838	134	102	117	102	93	63	218	95
ENSG00000101366	5	1	3	1	4	2	2	5
ENSG00000179617	95	123	51	60	98	34	65	114
ENSG00000227008	44	57	29	40	38	39	31	61
ENSG00000151536	6581	5999	7770	4708	4232	5993	7669	3862
ENSG00000218377	13	75	55	49	25	56	34	40
ENSG00000190514	177	105	213	168	216	202	247	140
ENSG00000149444	106	60	158	110	131	78	102	58
ENSG00000139156	36	27	49	35	17	33	23	40
ENSG00000166297	1012	887	1466	1088	1258	1348	1811	1214
ENSG00000169588	47	20	41	10	20	20	49	23
ENSG00000244461	451	288	348	252	499	408	708	403
ENSG00000139283	4	3	7	4	5	2	2	2
ENSG00000230178	37	28	56	28	32	38	38	32
ENSG00000108815	3916	2524	4930	3097	4106	2350	5353	4245
ENSG00000195218	77	89	103	66	77	32	76	127
ENSG00000136344	615	141	902	224	310	239	282	188
ENSG00000134794	209	183	240	348	251	338	234	232
ENSG00000117726	169	97	194	185	282	166	113	55
ENSG00000120601	0	0	0	1	1	2	3	2
ENSG00000125371	7	11	2	2	5	3	4	1
ENSG00000171901	1039	565	972	707	772	568	855	1153
ENSG00000209556	181	113	246	223	220	199	160	222
ENSG00000155834	4	3	16	4	7	8	5	6
ENSG00000108998	21	4	13	11	16	10	19	7
ENSG00000187787	2083	1276	1721	2469	1326	1335	1958	2147
ENSG00000230116	38	17	17	28	65	64	19	37
ENSG00000193067	59	96	139	122	77	58	58	85
ENSG00000176199	30	45	85	44	37	38	71	32
ENSG00000177332	46	30	25	20	43	28	50	30
ENSG00000119197	251	176	303	174	257	239	474	199
ENSG00000105427	257	317	288	257	422	422	248	312
ENSG00000170736	70	86	78	80	98	74	149	88
ENSG00000164092	63	130	110	62	94	105	87	35
ENSG00000148922	20	50	43	18	47	10	30	37
ENSG00000221164	2187	1732	2163	1425	1716	624	1672	1116
ENSG00000247446	8	6	9	3	13	8	10	6
ENSG00000155249	351	264	144	136	165	229	174	211
ENSG00000228960	691	350	451	429	728	307	579	581
ENSG00000163660	1525	1687	2129	1016	1680	1055	730	1096
ENSG00000159433	97	126	124	109	131	84	240	122
ENSG00000202690	269	401	317	244	679	282	324	408
ENSG00000117218	78	129	103	111	77	93	36	61
ENSG00000194169	11	17	21	19	11	30	21	20
ENSG00000235959	129	98	134	184	252	150	215	137
ENSG00000134862	486	865	943	791	1259	885	1053	915
ENSG00000106802	545	640	621	552	366	384	790	1151
ENSG00000106649	8	20	12	14	3	11	10	13
ENSG00000220364	181	159	95	218	226	95	214	153
ENSG00000109850	905	1382	2330	1720	1993	1638	1574	991
ENSG00000232981	286	546	263	417	194	670	299	166
ENSG00000177766	1869	2632	2580	3012	3169	2689	2030	2456
ENSG00000145651	265	148	212	88	224	118	52	138
ENSG00000113649	111	128	70	143	151	110	70	107
ENSG00000105853	1	1	1	0	2	1	4	0
ENSG00000228302	2209	1634	2626	2162	1948	2177	2108	3850
ENSG00000223652	19	2	6	9	9	4	10	3
ENSG00000128550	35	79	25	49	57	57	49	71
ENSG00000124977	26	27	22	27	36	12	31	26
ENSG00000195403	26	42	31	18	20	37	45	17
ENSG00000155262	742	643	355	678	530	433	914	385
ENSG00000147625	5	1	7	9	6	4	2	3
ENSG00000159814	248	119	259	191	299	250	196	163
ENSG00000199463	6	7	14	19	6	11	12	11
ENSG00000236126	110	125	119	134	99	96	163	193
ENSG00000229804	381	530	174	183	368	357	368	432
ENSG00000133937	116	115	78	34	66	52	83	91
ENSG00000242607	86	62	63	62	77	43	82	44
ENSG00000188517	131	100	104	87	90	125	91	63
ENSG00000112772	72	151	146	89	61	47	87	115
ENSG00000212901	957	297	641	491	330	707	598	262
ENSG00000116208	256	234	234	262	220	450	178	363
ENSG00000211959	60	64	43	61	60	113	66	73
ENSG00000154852	11295	13842	14398	9544	12233	15191	7339	6878
ENSG00000177984	18	26	29	49	18	29	40	24
ENSG00000218317	9511	3164	6543	3796	4478	6185	4296	3986
ENSG00000146222	68	144	128	95	57	98	82	114
ENSG00000194648	2065	1322	2047	1282	1441	2265	2078	1283
ENSG00000157689	922	1449	830	1229	907	659	1667	905
ENSG00000179514	85	83	72	36	44	60	61	83
ENSG00000101994	924	896	798	448	553	626	973	759
ENSG00000212874	20458	9167	17261	4879	18584	8786	24484	6253
ENSG00000215198	24	5	17	9	12	7	20	6
ENSG00000199511	11	6	14	14	9	18	6	7
ENSG00000189844	26	30	21	17	26	11	23	38
ENSG00000113018	4814	5966	6957	1867	4581	3836	7649	4991
ENSG00000189594	509	499	304	437	408	600	243	290
ENSG00000151747	25	18	8	36	43	23	71	37
ENSG00000230542	105	124	68	184	107	98	79	80
ENSG00000184591	144	254	149	172	356	422	197	213
ENSG00000232404	26	28	25	40	21	19	44	25
ENSG00000128169	76	37	47	49	78	100	78	103
ENSG00000195428	76	193	97	88	126	210	174	177
ENSG00000155874	367	296	206	261	252	390	282	576
ENSG00000137915	1175	970	919	734	768	655	1133	1164
ENSG00000204458	35	118	55	35	53	49	123	86
ENSG00000100875	72	93	134	88	99	49	117	126
ENSG00000244817	14	8	36	21	14	12	17	15
ENSG00000122900	47	70	189	78	116	106	160	120
ENSG00000114839	116	254	99	146	148	118	142	177
ENSG00000187629	183	86	214	137	49	96	141	123
ENSG00000167105	279	200	372	458	277	295	318	220
ENSG00000121310	18	22	22	19	13	18	26	33
ENSG00000228034	1958	1287	867	1932	1220	1101	1763	1372
ENSG00000199189	171	168	205	454	143	227	154	207
ENSG00000151696	1570	1353	1133	1040	2628	1306	2451	2008
ENSG00000213803	18	24	30	26	9	22	39	13
ENSG00000192687	77	92	80	87	121	137	69	111
ENSG00000183081	527	77	264	86	498	207	274	212
ENSG00000147007	52	29	35	45	44	41	61	45
ENSG00000157217	1812	1227	1271	655	629	1579	2327	1216
ENSG00000146142	205	155	75	121	200	102	94	102
ENSG00000171321	8	7	9	11	11	8	5	4
ENSG00000229434	1201	866	1549	991	1272	1007	626	722
ENSG00000236609	39	75	38	34	29	52	28	35
ENSG00000175944	446	150	220	180	210	224	391	459
ENSG00000232281	828	831	825	751	962	774	526	604
ENSG00000171313	21	22	17	3	19	10	24	5
ENSG00000220240	3884	2109	2665	1525	4667	1388	4980	2463
ENSG00000205670	1601	794	1857	797	1163	628	1146	679
ENSG00000246458	16	12	6	2	6	11	10	14
ENSG00000249707	1622	1030	1848	1187	1606	1305	1575	1831
ENSG00000117927	28	41	29	28	30	12	30	23
ENSG00000247754	18	27	12	44	17	35	39	45
ENSG00000231238	3974	3494	3311	2075	2168	3987	2629	1397
ENSG00000126518	10	8	18	11	14	5	14	9
ENSG00000230098	1	2	1	0	2	2	2	1
ENSG00000141289	339	203	287	170	277	189	197	201
ENSG00000129271	65	42	118	91	62	80	163	111
ENSG00000246711	7	20	29	15	30	11	48	17
ENSG00000146500	3409	700	1371	590	2498	1579	2846	979
ENSG00000201073	7	4	6	7	4	6	5	7
ENSG00000134722	15	16	25	7	9	17	20	19
ENSG00000152846	840	572	408	721	586	456	484	1154
ENSG00000248104	33	37	43	34	47	40	46	36
ENSG00000239891	13	15	7	12	20	34	18	16
ENSG00000196848	168	68	129	54	274	92	76	43
ENSG00000222299	15	21	7	10	16	9	7	11
ENSG00000246081	7	6	5	12	10	7	11	4
ENSG00000191311	120	261	144	125	98	94	104	147
ENSG00000134994	50	23	37	61	56	33	52	56
ENSG00000189272	78	120	59	96	106	59	76	35
ENSG00000114149	26	16	36	23	28	22	30	30
ENSG00000209147	176	238	353	160	191	243	495	315
ENSG00000174780	260	238	219	263	372	129	290	353
ENSG00000201278	1117	503	851	977	541	639	712	497
ENSG00000207485	41	48	42	48	42	48	28	64
ENSG00000106291	48	55	35	25	28	28	41	39
ENSG00000182421	6	13	12	18	8	17	6	16
ENSG00000165922	187	179	178	253	281	312	271	227
ENSG00000229136	448	623	1019	740	525	675	517	737
ENSG00000154674	668	623	455	979	536	1253	586	621
ENSG00000231875	604	571	692	479	491	701	789	413
ENSG00000246810	715	764	1708	1768	1423	667	1823	1298
ENSG00000201772	4704	9508	2886	3071	4820	3151	2088	3759
ENSG00000207483	221	113	191	146	131	122	253	281
ENSG00000186927	427	788	376	370	473	422	595	628
ENSG00000213166	120	25	66	29	59	41	69	18
ENSG00000109736	741	197	641	222	596	289	565	255
ENSG00000245502	540	1283	701	1275	1005	1269	665	817
ENSG00000124508	58	30	30	56	56	52	24	35
ENSG00000211786	10698	4986	15782	5005	16513	8651	15822	4235
ENSG00000193313	718	755	406	400	389	517	620	403
ENSG00000243234	726	492	579	669	742	1184	537	743
ENSG00000236005	340	243	180	323	156	379	304	172
ENSG00000152348	6132	5365	3610	9288	4815	12260	9374	9030
ENSG00000106431	288	171	266	350	137	313	214	298
ENSG00000193234	1203	837	563	1008	1071	1165	741	790
ENSG00000196008	298	213	129	245	419	237	91	245
ENSG00000184877	48	83	61	82	74	43	79	66
ENSG00000218312	246	133	102	82	109	171	100	113
ENSG00000136997	51	69	57	80	43	69	52	60
ENSG00000109818	92	69	72	33	100	63	71	69
ENSG00000191776	770	490	1007	499	534	891	1010	704
ENSG00000203696	36	53	22	24	29	51	55	40
ENSG00000204238	74	158	75	75	124	118	61	59
ENSG00000107052	801	831	417	666	811	456	628	576
ENSG00000172230	2245	2550	1775	2182	1665	1599	2323	1369
ENSG00000218618	240	179	252	282	272	289	318	205
ENSG00000138001	83	104	62	73	82	96	88	112
ENSG00000147292	28	10	11	12	3	27	14	10
ENSG00000154440	402	625	559	222	599	706	323	865
ENSG00000204313	18	28	27	51	15	22	32	24
ENSG00000157803	67	55	54	63	47	59	57	105
ENSG00000141860	910	839	1380	1130	1446	796	1544	686
ENSG00000158384	57	100	64	38	92	31	43	112
ENSG00000159076	604	522	185	410	474	485	618	436
ENSG00000116395	329	558	485	438	212	570	648	258
ENSG00000179867	57	62	56	59	29	26	55	27
ENSG00000105242	118	165	124	64	73	104	70	75
ENSG00000131132	1543	2908	1637	1731	3591	1457	1197	1283
ENSG00000242031	336	286	248	233	262	253	287	441
ENSG00000215506	311	199	108	314	255	554	206	213
ENSG00000150997	13	18	12	8	10	10	21	9
ENSG00000213531	124	233	118	156	95	86	148	86
ENSG00000155141	1344	998	2372	2973	1620	1477	2379	1580
ENSG00000144754	118	139	81	134	43	146	81	96
ENSG00000131551	285	240	283	386	624	249	312	414
ENSG00000242804	1180	977	734	474	1332	1561	1449	881
ENSG00000156556	14540	28928	13877	19571	14936	16927	18298	15693
ENSG00000171442	4	5	6	3	6	2	2	1
ENSG00000225812	1165	1258	1674	1159	810	1522	1306	1635
ENSG00000238144	1207	1981	1694	812	2516	890	2737	1061
ENSG00000166411	233	183	119	162	201	123	233	132
ENSG00000116492	5992	11060	7437	8260	10222	9723	4102	6106
ENSG00000159673	3	13	24	17	5	13	17	25
ENSG00000117134	7	8	4	8	7	8	8	5
ENSG00000107968	125	97	184	137	132	174	136	175
ENSG00000199673	1259	405	1174	565	613	757	979	566
ENSG00000209287	34	32	9	13	36	9	15	19
ENSG00000192320	145	118	112	198	207	211	151	111
ENSG00000129238	117	43	44	29	77	30	56	40
ENSG00000201985	4559	8182	9503	6553	11247	7674	7049	3309
ENSG00000130610	44	66	56	82	34	31	34	48
ENSG00000173297	1959	1445	1633	1948	1078	1223	2380	3100
ENSG00000119521	2	4	3	5	3	2	2	4
ENSG00000204775	151	200	82	137	156	125	136	180
ENSG00000104967	130	101	159	113	138	238	141	115
ENSG00000234773	10	14	8	6	4	7	12	7
ENSG00000205310	70	100	140	88	73	67	78	64
ENSG00000244128	352	407	161	531	451	333	277	192
ENSG00000198055	102	92	97	131	36	90	68	40
ENSG00000166760	28	36	52	48	54	24	39	57
ENSG00000192829	97	135	165	135	138	129	129	117
ENSG00000198724	173	203	221	435	303	175	388	333
ENSG00000237997	625	290	340	520	421	477	310	715
ENSG00000224038	55	26	38	71	74	52	26	29
ENSG00000203588	911	240	1279	603	768	481	1053	756
ENSG00000224915	107	170	34	112	141	110	129	97
ENSG00000193846	12874	25095	12517	24586	28361	24753	28496	8404
ENSG00000175568	305	75	333	192	264	151	184	206
ENSG00000184327	157	310	185	188	211	117	155	253
ENSG00000146010	23	27	48	14	39	18	45	13
ENSG00000189516	4781	1791	1291	1965	2212	3790	2712	1861
ENSG00000206052	46	46	99	101	144	122	54	96
ENSG00000184921	269	447	217	330	385	291	225	541
ENSG00000123373	920	719	1358	1343	794	627	945	807
ENSG00000243715	138	124	182	90	214	67	130	86
ENSG00000143846	325	327	179	213	264	354	161	344
ENSG00000113947	61	109	61	58	64	70	78	142
ENSG00000192478	29	18	23	14	27	31	21	39
ENSG00000243080	11	3	9	15	11	10	10	13
ENSG00000243480	4	4	4	0	1	4	1	4
ENSG00000215081	28	19	22	26	17	11	18	11
ENSG00000223503	1	6	4	1	2	3	5	4
ENSG00000154312	546	391	468	717	464	467	697	515
ENSG00000166439	16	14	6	12	13	4	23	9
ENSG00000154773	25935	25242	23175	21178	25550	30338	28764	28457
ENSG00000178288	115	129	87	112	70	41	92	81
ENSG00000137870	47	22	29	56	27	60	48	22
ENSG00000222709	6601	1365	2890	2291	5767	3262	2371	2720
ENSG00000242131	128	216	379	210	293	199	268	342
ENSG00000124734	105	60	103	59	87	71	53	74
ENSG00000179191	88	87	112	137	100	42	91	80
ENSG00000236332	3426	1528	2961	2209	1470	2436	1480	2629
ENSG00000106586	29	40	28	40	44	13	34	33
ENSG00000110433	5	13	10	9	16	11	7	18
ENSG00000211522	94	97	95	112	185	96	65	116
ENSG00000107727	236	282	181	365	477	134	148	389
ENSG00000132416	3	0	4	2	2	2	1	2
ENSG00000121104	9	14	10	4	8	10	7	11
ENSG00000131027	23	18	47	27	61	17	97	30
ENSG00000175083	72	92	54	40	35	34	46	71
ENSG00000192165	133	125	112	122	94	196	127	103
ENSG00000245731	3	4	1	3	4	4	3	2
ENSG00000228194	91	65	51	36	70	50	65	63
ENSG00000199067	0	2	4	6	5	9	3	6
ENSG00000177208	632	361	351	629	1099	544	1762	595
ENSG00000205616	72	34	113	91	94	60	47	37
ENSG00000223081	557	474	546	684	915	542	841	353
ENSG00000219966	1644	2190	2507	1552	1766	2936	1481	2000
ENSG00000211960	219	218	141	188	208	156	316	235
ENSG00000159999	165	158	108	180	154	107	183	140
ENSG00000204877	58	41	31	41	33	27	27	40
ENSG00000218028	81	67	22	33	27	33	49	34
ENSG00000178035	434	429	220	620	448	439	272	437
ENSG00000120751	810	855	1432	766	577	863	1045	1119
ENSG00000187638	5773	5585	5503	3866	6048	3479	7240	5747
ENSG00000212677	43	37	22	16	44	31	19	50
ENSG00000199961	18	16	19	11	12	14	12	11
ENSG00000133530	4700	8512	4771	5327	4408	7473	7148	6872
ENSG00000191529	152	202	165	228	198	88	163	172
ENSG00000170014	20	31	11	13	35	14	22	14
ENSG00000197796	1664	915	1364	804	641	697	945	897
ENSG00000166423	106	139	104	113	133	84	139	131
ENSG00000164976	63	70	46	40	86	42	28	85
ENSG00000238461	16	10	6	14	20	9	7	17
ENSG00000113768	606	436	788	766	917	1248	943	802
ENSG00000110078	541	1166	776	453	1155	896	1140	1263
ENSG00000117804	6606	4115	3567	1761	2319	7505	4301	3711
ENSG00000248993	157	240	281	215	144	162	184	233
ENSG00000184924	123	81	68	44	56	104	127	62
ENSG00000211488	221	215	232	259	182	170	153	290
ENSG00000150846	303	214	333	238	312	331	143	237
ENSG00000247061	38	95	65	73	42	110	91	57
ENSG00000171800	3	6	6	12	16	4	10	19
ENSG00000228882	19	9	7	26	17	31	26	10
ENSG00000220423	136	112	145	125	84	170	81	88
ENSG00000191838	50	70	78	60	57	61	49	74
ENSG00000113069	3143	4832	6150	4706	4720	2561	4637	4044
ENSG00000199473	243	282	254	154	235	199	268	169
ENSG00000202276	114	99	94	76	59	77	124	78
ENSG00000105719	35	35	66	28	36	77	34	16
ENSG00000208081	432	483	836	322	317	711	559	541
ENSG00000140207	103	120	63	67	69	117	183	118
ENSG00000149890	973	717	1409	739	1429	1699	1479	506
ENSG00000154586	184	154	348	217	100	330	201	133
ENSG00000180967	2229	1517	2910	1441	2777	1369	2578	2587
ENSG00000161797	86	96	132	156	77	95	110	173
ENSG00000156645	1191	592	659	783	537	732	515	849
ENSG00000240716	2187	1616	2016	1827	1436	2023	2595	2402
ENSG00000198553	104	34	85	59	85	128	43	59
ENSG00000189152	2750	2223	2433	2638	3150	3454	5638	2436
ENSG00000249906	143	136	120	245	123	48	261	272
ENSG00000176101	10253	12333	7524	17856	11434	13422	20367	13870
ENSG00000110546	2799	1900	2780	2862	3587	5074	3946	3689
ENSG00000128872	917	992	2453	1728	1319	2231	1607	1235
ENSG00000168245	2780	1092	940	1222	1355	1222	1161	1602
ENSG00000186658	3773	4803	8654	4481	9087	4177	7336	3981
ENSG00000213037	105	67	88	69	109	113	85	133
ENSG00000114813	740	449	705	1476	1682	677	884	982
ENSG00000230346	312	231	379	169	391	119	223	176
ENSG00000231555	270	347	293	547	357	614	480	338
ENSG00000197715	753	485	1022	540	1632	896	1473	441
ENSG00000236189	3539	2535	3713	1206	2799	1855	4193	1734
ENSG00000175733	47	73	48	46	44	49	52	51
ENSG00000232594	26	33	26	26	19	35	23	19
ENSG00000110695	16	15	16	6	14	8	8	8
ENSG00000186507	970	458	628	612	955	271	798	378
ENSG00000105449	56	53	75	56	93	123	97	103
ENSG00000179942	1067	630	625	648	624	611	443	615
ENSG00000123289	1452	2471	1402	1718	1345	991	1789	1435
ENSG00000129005	1626	1225	2589	1487	1570	1952	2370	2914
ENSG00000175220	5	1	2	3	7	5	3	4
ENSG00000222915	174	181	270	166	307	347	186	292
ENSG00000236575	163	202	263	256	306	168	144	231
ENSG00000108504	79	23	71	7	31	29	45	18
ENSG00000203337	6	14	11	3	3	5	5	10
ENSG00000173881	422	362	505	332	337	613	517	429
ENSG00000243740	13962	15193	31828	11154	13852	12538	19007	25861
ENSG00000199688	30	16	18	4	14	13	18	9
ENSG00000220412	391	229	254	110	277	86	294	97
ENSG00000181057	304	382	491	292	409	676	451	571
ENSG00000218536	3	0	0	1	0	3	0	0
ENSG00000111943	5649	4611	2817	5375	5473	3126	5329	3684
ENSG00000137720	19	24	34	33	19	14	22	40
ENSG00000161034	1060	2237	3131	1831	1256	2095	2091	1066
ENSG00000231744	48581	47055	49878	35922	36792	66791	39170	76111
ENSG00000188948	282	247	144	255	201	180	396	97
ENSG00000144911	12	22	17	20	28	18	17	34
ENSG00000189339	289	203	411	151	705	118	370	159
ENSG00000142101	85	37	36	92	45	48	104	55
ENSG00000180711	441	391	261	515	538	600	299	590
ENSG00000240304	29	20	22	27	37	22	18	17
ENSG00000218547	2311	1462	1837	1657	2329	1685	4370	826
ENSG00000162878	55	17	12	29	18	33	72	34
ENSG00000233736	46662	41140	62605	65199	34113	36060	55697	59677
ENSG00000179531	10	4	12	7	7	2	9	7
ENSG00000156601	1116	655	1224	507	1747	1044	851	678
ENSG00000136481	4	6	2	6	12	9	9	22
ENSG00000117236	1909	1258	2041	1736	1267	2276	1047	1048
ENSG00000125418	88	152	172	71	186	133	174	79
ENSG00000151320	2	0	2	4	2	3	3	5
ENSG00000199030	15	20	19	27	28	18	15	27
ENSG00000239563	71	33	62	66	64	40	85	30
ENSG00000221906	6	15	9	22	18	1	8	5
ENSG00000198702	246	133	234	203	160	200	154	170
ENSG00000152789	8	7	24	8	16	10	8	24
ENSG00000229852	160	98	95	134	116	109	71	204
ENSG00000100291	414	440	269	404	320	290	351	295
ENSG00000218531	162	143	394	199	262	206	239	142
ENSG00000242107	107	93	103	80	53	40	131	78
ENSG00000197858	60	50	74	50	39	65	74	52
ENSG00000180892	465	543	138	529	625	585	313	314
ENSG00000100509	43	52	52	50	38	63	44	59
ENSG00000114393	214	119	129	137	113	84	113	94
ENSG00000144205	3	4	1	1	1	1	1	1
ENSG00000121073	21	8	36	22	22	14	21	13
ENSG00000186793	246	314	692	217	257	296	438	367
ENSG00000201029	86	121	106	99	62	94	67	69
ENSG00000154366	138	122	177	226	129	139	104	94
ENSG00000106999	158	161	191	250	162	162	211	176
ENSG00000139831	3806	2907	1364	3369	1486	2823	2337	2074
ENSG00000108597	46	38	41	30	29	51	26	52
ENSG00000154265	2	2	1	5	6	5	3	6
ENSG00000216878	1082	1104	786	1713	1247	1463	1108	1986
ENSG00000147973	138	137	199	322	185	271	181	198
ENSG00000107489	26	12	22	20	25	36	31	31
ENSG00000124986	7	9	7	5	9	12	9	6
ENSG00000169903	1	2	2	3	1	4	5	2
ENSG00000215877	15	31	8	27	25	4	15	14
ENSG00000185240	142	124	47	185	51	113	86	138
ENSG00000140732	1298	1076	1812	1430	1863	1643	2640	2006
ENSG00000211351	46	65	57	53	14	61	48	40
ENSG00000133552	89	96	70	111	49	68	87	108
ENSG00000207123	11	42	30	31	31	31	20	34
ENSG00000103833	15	5	10	13	5	8	7	12
ENSG00000220214	243	130	322	221	334	255	253	215
ENSG00000186319	292	232	100	170	132	265	107	209
ENSG00000168650	77	98	72	72	45	67	85	82
ENSG00000168040	1311	706	1428	988	1013	456	1691	698
ENSG00000123028	7	3	8	8	3	9	10	9
ENSG00000103437	236	87	188	151	237	131	158	182
ENSG00000238601	68	67	81	52	69	58	49	71
ENSG00000190984	376	391	481	523	546	534	760	559
ENSG00000212458	45	16	53	11	54	31	39	17
ENSG00000171051	63	28	36	65	48	28	38	83
ENSG00000135516	50	54	37	43	51	54	64	48
ENSG00000107924	296	170	196	198	239	228	124	210
ENSG00000239881	78	48	54	41	49	43	67	66
ENSG00000142770	33	30	23	34	43	77	43	43
ENSG00000186893	20	19	13	10	5	16	6	11
ENSG00000182637	23	31	21	13	8	18	15	18
ENSG00000139603	298	303	240	176	271	166	218	434
ENSG00000124322	63	20	31	14	53	16	30	29
ENSG00000156885	1386	747	1596	1735	329	553	638	353
ENSG00000145847	4082	4132	9288	4741	7660	3232	3398	6918
ENSG00000240928	6704	2442	4780	1635	3151	2472	3192	2114
ENSG00000148671	219	192	286	508	339	410	287	173
ENSG00000216245	219	319	328	351	179	270	209	342
ENSG00000204671	508	416	340	622	492	295	442	377
ENSG00000132054	167	149	175	166	69	92	95	132
ENSG00000229088	118	33	80	106	55	74	98	152
ENSG00000206321	84	102	91	94	100	126	89	78
ENSG00000135637	27	13	10	40	3	30	16	11
ENSG00000168344	56	46	36	58	30	40	27	36
ENSG00000160123	8472	2055	4342	2827	7759	2805	8941	2658
ENSG00000102244	8	8	14	10	8	8	3	16
ENSG00000188452	6	6	6	9	8	9	13	13
ENSG00000228058	4	1	6	4	1	0	3	0
ENSG00000247105	755	293	639	324	562	836	485	174
ENSG00000128516	4188	3356	4822	4020	4993	5318	7512	8094
ENSG00000225148	983	1385	1109	836	1018	1077	959	1284
ENSG00000165312	93	90	61	74	66	82	59	96
ENSG00000119019	594	427	457	908	471	550	870	1238
ENSG00000207155	349	122	288	218	408	332	192	101
ENSG00000169921	630	419	305	565	310	332	555	325
ENSG00000202526	11	31	24	22	35	15	8	25
ENSG00000107282	927	307	720	1221	1041	640	913	962
ENSG00000238972	17	23	19	27	28	26	48	24
ENSG00000186669	162	351	341	272	237	213	233	152
ENSG00000130028	477	725	724	529	483	443	519	604
ENSG00000109590	618	753	720	864	512	606	534	1074
ENSG00000205665	11637	4312	9542	5962	5056	3448	10026	7161
ENSG00000200078	2019	2236	2678	2114	3049	2888	2396	1980
ENSG00000118108	109	130	71	110	90	177	108	129
ENSG00000243494	14744	17164	15579	11732	16125	11226	4569	11813
ENSG00000119466	3	6	2	3	4	4	9	12
ENSG00000205063	62	26	99	28	96	27	57	45
ENSG00000166759	181	181	155	279	205	166	206	140
ENSG00000129274	326	408	744	397	474	797	343	401
ENSG00000179908	135	165	149	166	208	241	35	161
ENSG00000203904	103	113	91	213	182	96	87	94
ENSG00000135335	4568	4218	3768	2924	6041	3308	6139	2412
ENSG00000174322	2	9	2	4	4	2	3	5
ENSG00000136652	72	58	61	43	70	74	73	65
ENSG00000226209	32	22	31	9	38	19	37	30
ENSG00000161417	76	134	104	114	106	170	69	169
ENSG00000150406	26	33	36	22	71	45	59	31
ENSG00000205052	224	443	314	330	167	313	373	214
ENSG00000153600	1787	924	1597	1029	828	1081	1504	1418
ENSG00000163778	3843	4073	4448	5563	2928	3957	3123	4298
ENSG00000190003	0	1	2	3	6	3	3	2
ENSG00000101940	31	53	35	37	36	100	50	25
ENSG00000184521	1500	1279	1553	1269	1325	1402	1041	2171
ENSG00000221919	154	114	97	288	138	201	209	174
ENSG00000227301	69	61	32	52	42	73	109	90
ENSG00000242244	181	68	151	105	60	130	127	105
ENSG00000194829	1093	801	867	566	622	593	796	1512
ENSG00000239734	86	75	100	105	97	100	73	141
ENSG00000143539	198	266	169	275	271	124	146	151
ENSG00000183473	82	61	107	79	83	135	64	75
ENSG00000108417	188	141	101	151	175	93	126	170
ENSG00000192267	387	229	458	210	423	168	184	377
ENSG00000115622	4425	10646	7721	11478	4311	10291	5367	9343
ENSG00000125072	560	542	514	953	517	525	483	758
ENSG00000163286	202	145	162	269	172	275	269	251
ENSG00000232423	849	1658	2754	1680	1452	1698	1780	1226
ENSG00000104612	2	4	7	8	11	9	6	13
ENSG00000101381	38	45	47	36	59	43	110	56
ENSG00000114666	310	160	220	167	203	290	267	211
ENSG00000203935	11	13	10	16	20	15	13	30
ENSG00000153741	138	70	150	152	86	106	73	197
ENSG00000236897	94	87	109	48	76	63	66	77
ENSG00000202546	176	71	102	60	85	77	85	97
ENSG00000230161	67	28	40	42	40	65	56	53
ENSG00000171268	260	209	213	207	90	112	241	86
ENSG00000192245	827	880	894	1179	1116	642	1361	1283
ENSG00000136404	98	45	142	56	88	76	160	96
ENSG00000222675	348	170	279	219	200	177	514	399
ENSG00000120625	194	350	427	320	574	352	360	441
ENSG00000198037	63	42	46	47	89	41	51	75
ENSG00000127374	112	120	115	57	111	86	119	86
ENSG00000229786	1117	1417	1299	905	1384	702	1324	765
ENSG00000218453	7	12	17	12	6	12	8	7
ENSG00000166510	284	191	217	111	149	152	162	184
ENSG00000210845	247	165	160	109	98	258	154	139
ENSG00000242663	60	33	49	60	30	53	31	54
ENSG00000224400	1	0	0	2	2	4	1	5
ENSG00000135339	682	225	754	494	561	624	835	329
ENSG00000150297	15959	12190	17664	26056	21531	14774	19080	8871
ENSG00000122747	65	84	77	73	93	73	88	104
ENSG00000188015	592	915	879	448	594	350	1294	598
ENSG00000179222	208	219	232	395	241	179	300	183
ENSG00000171238	222	226	176	428	297	263	226	302
ENSG00000115759	66	38	98	106	84	88	152	92
ENSG00000208689	124	294	247	223	317	240	128	341
ENSG00000148983	23	35	19	31	21	23	22	17
ENSG00000198644	172	91	143	75	104	118	80	97
ENSG00000201449	163	107	151	152	185	249	93	58
ENSG00000197109	182	101	137	230	157	117	117	100
ENSG00000152283	50	26	28	39	14	19	30	35
ENSG00000104917	960	512	575	1435	880	555	673	793
ENSG00000232530	11	9	16	8	10	3	14	6
ENSG00000157209	2	4	5	6	6	14	20	6
ENSG00000154085	440	132	428	255	452	134	341	172
ENSG00000228400	5	11	7	7	3	7	5	6
ENSG00000243264	11693	11297	16920	8008	8071	4277	13886	10753
ENSG00000239161	23	15	19	7	11	11	10	20
ENSG00000103764	70	55	75	53	105	70	63	56
ENSG00000220680	1696	1652	1875	1885	2657	1543	1796	2608
ENSG00000198615	7	14	14	14	8	6	6	11
ENSG00000141858	2835	2489	4132	5161	2727	3390	2565	5088
ENSG00000108463	2926	1561	1701	1946	2392	2660	824	2888
ENSG00000239631	1480	1058	1909	1543	1764	1415	1597	944
ENSG00000188065	249	212	208	81	256	117	332	86
ENSG00000119886	2341	3583	3713	2850	2404	1645	2774	3088
ENSG00000225131	123	162	113	92	106	115	82	150
ENSG00000177165	540	443	1664	935	1364	1531	904	1169
ENSG00000165647	14	15	47	22	33	23	33	28
ENSG00000233632	1339	965	935	1469	810	1004	901	693
ENSG00000213775	462	1141	1166	1117	436	449	571	740
ENSG00000147012	1612	658	1205	630	1352	647	497	483
ENSG00000240826	1101	918	1270	883	809	863	646	1472
ENSG00000155625	35	36	31	27	28	22	19	16
ENSG00000157316	986	817	989	1297	420	1839	382	822
ENSG00000211981	102	79	100	40	97	103	136	67
ENSG00000232596	148	209	440	258	310	182	145	225
ENSG00000121309	569	284	443	412	403	363	348	483
ENSG00000126167	40	48	36	63	58	97	58	38
ENSG00000208294	785	1094	605	987	738	955	683	536
ENSG00000203511	82	42	114	65	140	119	97	69
ENSG00000182947	552	260	710	830	500	640	614	515
ENSG00000187588	147	156	92	142	54	169	164	219
ENSG00000197933	36	24	56	15	47	68	29	14
ENSG00000147184	519	1353	1304	761	681	1192	1071	968
ENSG00000119407	253	147	306	110	102	162	178	177
ENSG00000118452	494	507	601	425	285	443	468	249
ENSG00000106768	45	84	97	70	57	42	63	64
ENSG00000151275	11	4	12	7	12	9	5	7
ENSG00000123613	562	703	407	688	830	1646	845	1136
ENSG00000171866	2	3	2	4	2	2	3	1
ENSG00000183369	13	21	45	26	21	65	16	55
ENSG00000159715	4	6	1	3	3	3	4	0
ENSG00000240475	414	342	463	229	381	248	508	468
ENSG00000167363	3	1	2	3	3	4	4	3
ENSG00000130175	468	752	944	595	779	617	1044	569
ENSG00000159496	22243	19438	26865	18822	28557	16897	18210	20093
ENSG00000134346	17	10	14	11	18	22	30	14
ENSG00000186765	1069	826	1361	1045	705	636	929	1223
ENSG00000109904	18297	7014	18120	6466	6822	9519	18872	4737
ENSG00000207446	23	12	15	12	9	3	15	8
ENSG00000248917	198	182	109	213	144	180	159	259
ENSG00000137232	58	18	22	28	56	17	51	70
ENSG00000102688	173	101	212	141	125	158	193	121
ENSG00000109005	70	98	87	98	111	144	81	56
ENSG00000138272	5237	9618	6443	5839	6035	5788	10142	12648
ENSG00000130875	353	385	163	492	294	233	229	119
ENSG00000220105	27259	21327	14419	32144	12682	35357	26765	45754
ENSG00000170901	12985	15870	12264	17043	10268	15088	16362	11650
ENSG00000225508	820	1524	965	1715	1221	1646	2882	2048
ENSG00000120968	76	97	184	67	74	104	68	74
ENSG00000227984	67	74	77	50	37	58	33	55
ENSG00000110758	59	55	39	53	46	72	64	17
ENSG00000178944	749	685	1224	558	297	455	861	1025
ENSG00000199997	249	137	171	337	354	105	90	286
ENSG00000227849	379	143	220	221	342	314	375	293
ENSG00000224115	383	394	264	366	316	356	169	441
ENSG00000229221	16457	10724	7670	10669	8845	7058	3908	14590
ENSG00000227775	137	107	172	215	102	131	162	141
ENSG00000147816	93	91	117	235	78	149	79	49
ENSG00000229335	338	578	373	665	404	317	392	380
ENSG00000124455	437	410	224	403	267	356	268	369
ENSG00000246733	4897	2427	1271	1277	4046	1162	1080	2481
ENSG00000145607	2842	2288	1446	2823	2998	4527	3551	2647
ENSG00000149433	54	44	22	44	55	43	18	35
ENSG00000139177	331	669	508	672	427	583	726	549
ENSG00000171790	80	85	116	73	36	70	71	65
ENSG00000205501	482	500	586	489	490	727	860	619
ENSG00000231975	47	101	102	85	79	82	88	116
ENSG00000192081	31	13	29	25	21	21	24	37
ENSG00000193093	90	94	95	78	154	133	131	107
ENSG00000101474	372	446	242	311	445	194	400	430
ENSG00000214660	15	11	29	18	16	18	15	24
ENSG00000146340	358	191	525	561	397	283	608	500
ENSG00000101696	106	150	206	120	110	142	191	187
ENSG00000207311	65	71	91	134	92	43	69	93
ENSG00000104892	454	485	564	596	452	342	303	535
ENSG00000146989	582	792	560	485	1331	635	1077	887
ENSG00000160962	85	64	217	139	150	85	105	111
ENSG00000122925	0	1	1	2	4	0	1	0
ENSG00000172945	59	13	28	16	22	55	13	32
ENSG00000112944	2220	1359	1272	1598	1708	1713	2336	1255
ENSG00000192170	11	13	9	9	7	7	9	5
ENSG00000100050	227	267	400	262	214	101	224	275
ENSG00000208777	0	4	3	6	13	3	2	1
ENSG00000157227	6987	11268	14875	10358	11453	8741	12630	17433
ENSG00000234856	47	43	41	34	69	29	51	35
ENSG00000168370	392	654	854	970	609	896	820	289
ENSG00000189083	49	48	70	47	80	66	65	28
ENSG00000116635	427	124	314	364	572	171	366	167
ENSG00000210865	1564	2643	1833	2081	1257	1359	4086	1768
ENSG00000161148	110	238	140	102	115	176	185	181
ENSG00000174892	12	23	27	21	17	33	48	10
ENSG00000185713	5229	2327	5605	2204	4562	2221	3260	1337
ENSG00000222738	39	153	139	77	159	48	80	124
ENSG00000109194	3039	3568	2237	4023	2853	3379	3977	2752
ENSG00000243278	24	31	35	17	42	51	29	19
ENSG00000141208	113	88	75	80	68	57	87	82
ENSG00000178986	458	688	400	504	357	585	842	1072
ENSG00000108464	781	517	844	1142	975	874	1123	1124
ENSG00000157308	561	1006	453	941	624	779	774	592
ENSG00000153103	34	39	54	65	35	22	34	17
ENSG00000179547	396	196	373	614	397	275	440	373
ENSG00000147081	2	6	14	12	7	6	5	5
ENSG00000208533	494	966	521	975	1129	428	1181	514
ENSG00000224911	197	64	288	212	340	311	128	210
ENSG00000178547	2031	793	2283	876	996	942	2230	1368
ENSG00000184326	67	79	72	101	60	92	55	73
ENSG00000108671	103	79	135	84	130	123	55	195
ENSG00000222220	743	896	1085	730	1548	659	1167	560
ENSG00000106452	11	17	24	10	11	10	9	8
ENSG00000117746	101	86	49	72	70	46	28	40
ENSG00000201949	1465	1110	964	1112	678	1418	1223	928
ENSG00000224405	388	703	470	364	565	976	733	723
ENSG00000132308	43	96	63	52	93	74	101	95
ENSG00000136871	35	62	71	39	44	32	35	31
ENSG00000134021	20	8	13	10	27	22	14	12
ENSG00000162692	38	91	72	61	83	75	92	67
ENSG00000198200	2909	808	1784	1134	1020	788	2017	666
ENSG00000163311	245	226	192	200	180	304	369	183
ENSG00000116808	22	22	21	22	15	21	11	14
ENSG00000243041	48	24	52	18	28	47	46	18
ENSG00000165213	683	288	733	603	630	799	422	783
ENSG00000218830	2	2	1	0	2	1	3	3
ENSG00000154853	5172	3458	3565	3312	2271	2532	6977	3249
ENSG00000239080	1	0	0	2	1	1	0	0
ENSG00000101107	137	238	104	129	189	101	292	177
ENSG00000138172	38	41	45	39	25	32	68	32
ENSG00000128639	40	14	22	21	24	17	24	14
ENSG00000106896	63	26	88	32	56	50	48	37
ENSG00000179732	374	285	239	251	347	87	338	225
ENSG00000245356	57	92	92	47	100	96	138	145
ENSG00000104634	83	74	67	58	103	85	131	37
ENSG00000180392	9121	3629	8382	2227	5893	7327	8213	3281
ENSG00000162312	435	347	422	201	299	184	243	405
ENSG00000213294	73	106	178	138	110	86	232	165
ENSG00000211428	10	7	5	4	6	5	5	9
ENSG00000153302	96	66	111	110	82	113	65	66
ENSG00000162530	156	90	100	85	84	112	181	164
ENSG00000196084	728	764	571	529	603	483	412	334
ENSG00000208485	110	52	217	167	153	252	170	159
ENSG00000197454	102	114	153	116	102	151	132	137
ENSG00000208093	41	68	31	37	81	114	45	46
ENSG00000189248	861	737	612	810	779	620	973	481
ENSG00000172937	3	3	3	4	7	6	7	5
ENSG00000213022	603	137	426	187	451	100	212	292
ENSG00000126877	3395	1739	2614	1589	2721	1641	2461	1918
ENSG00000159608	3	1	2	0	1	1	4	2
ENSG00000193332	2804	1393	1793	959	1795	2351	1136	2159
ENSG00000152546	359	501	368	488	409	338	180	493
ENSG00000238515	322	346	164	204	403	363	319	178
ENSG00000208961	37	13	39	17	55	25	33	19
ENSG00000140023	25	34	34	26	34	36	22	33
ENSG00000128613	17	17	31	11	32	34	50	34
ENSG00000239503	43478	37953	41629	56220	31881	65799	59404	57385
ENSG00000228957	32	18	29	16	21	17	38	27
ENSG00000178808	17959	25735	12639	15655	12492	20969	9060	21093
ENSG00000194658	140	57	67	84	78	88	83	54
ENSG00000143545	13	25	19	21	19	21	23	15
ENSG00000166200	842	461	353	197	498	617	199	611
ENSG00000120858	102	140	94	68	51	80	88	59
ENSG00000224701	24	18	18	31	50	25	34	23
ENSG00000206964	86	46	79	79	56	54	72	55
ENSG00000137164	446	545	668	595	724	788	436	646
ENSG00000210287	82	57	88	88	48	79	63	83
ENSG00000227231	30	30	52	86	40	54	65	39
ENSG00000239748	226	94	208	161	286	142	192	189
ENSG00000224703	641	456	1152	244	891	381	378	248
ENSG00000240390	5	11	5	8	14	6	10	17
ENSG00000123140	1957	1209	2158	1940	2625	2496	2179	1899
ENSG00000142230	21	15	12	15	15	12	24	16
ENSG00000226207	365	117	326	91	262	127	202	188
ENSG00000126244	667	1165	2816	1016	1206	1128	1586	2156
ENSG00000119295	569	487	657	251	488	207	393	469
ENSG00000206012	95	127	83	65	86	106	112	52
ENSG00000119322	145	82	186	96	251	69	226	108
ENSG00000102996	132	170	217	219	213	103	201	88
ENSG00000102152	2015	1811	2056	2173	1673	609	1597	2838
ENSG00000174164	122	187	182	174	227	140	164	264
ENSG00000142424	4813	1031	3891	1900	6763	1837	4341	1114
ENSG00000151723	242	144	77	132	143	232	158	104
ENSG00000178975	18660	13119	30877	13465	22569	13479	33449	11217
ENSG00000102443	246	187	416	351	254	298	245	353
ENSG00000191889	2592	2004	2881	2451	3511	2759	2643	2665
ENSG00000224127	11	29	27	13	9	15	12	10
ENSG00000108495	160	165	133	155	144	194	116	149
ENSG00000102140	923	617	455	706	601	736	809	523
ENSG00000244178	4	7	5	6	4	4	5	5
ENSG00000218633	29	59	35	50	51	42	61	38
ENSG00000222771	24	28	40	25	23	27	36	28
ENSG00000220399	618	294	773	442	556	835	369	444
ENSG00000172792	28	24	36	20	34	32	15	27
ENSG00000225910	185	122	172	343	208	190	177	161
ENSG00000178469	201	82	202	111	285	83	219	172
ENSG00000196229	328	119	200	77	325	63	220	61
ENSG00000117702	7	2	4	1	5	4	7	2
ENSG00000131433	430	533	451	852	619	591	247	356
ENSG00000159384	6	2	2	3	2	4	2	0
ENSG00000114413	1900	1613	1423	1583	1082	1825	1174	1368
ENSG00000135757	243	206	105	166	142	186	175	204
ENSG00000128873	21	44	22	22	16	20	33	34
ENSG00000209844	205	100	225	44	229	86	450	96
ENSG00000154842	6	6	7	6	8	4	13	8
ENSG00000100422	140	72	169	54	127	79	71	47
ENSG00000171230	178	148	178	149	148	168	115	135
ENSG00000178323	13503	5493	12941	8414	10403	16366	5242	18758
ENSG00000192082	5	4	6	8	4	8	4	10
ENSG00000151371	86	125	178	72	151	116	155	142
ENSG00000163369	14	27	21	21	11	27	16	11
ENSG00000145568	377	513	351	744	330	528	524	428
ENSG00000130690	2706	2864	3450	3528	1551	1508	1153	1871
ENSG00000161861	13	29	12	15	12	7	20	35
ENSG00000101515	193	323	234	286	190	277	230	151
ENSG00000202269	997	1332	1426	1057	1303	1934	1662	1126
ENSG00000140917	84	52	163	65	58	72	102	71
ENSG00000189174	84	86	78	92	112	101	65	59
ENSG00000110069	54	83	90	58	144	50	69	75
ENSG00000145545	211	199	94	235	149	173	90	189
ENSG00000115879	278	235	188	278	241	137	411	213
ENSG00000229998	25	25	37	43	11	36	36	34
ENSG00000155167	106	90	45	50	73	56	107	76
ENSG00000247097	40	22	27	25	46	25	48	11
ENSG00000125383	175	280	154	235	105	250	215	240
ENSG00000117268	282	271	217	152	197	170	225	180
ENSG00000171283	1419	1961	2102	1548	1391	1377	1714	921
ENSG00000198801	167	67	90	175	55	78	79	101
ENSG00000209954	52	102	74	60	67	80	94	67
ENSG00000124729	9	15	8	9	6	4	12	2
ENSG00000198953	503	460	551	1482	793	744	348	651
ENSG00000155630	200	339	181	99	241	156	233	204
ENSG00000187933	66	38	25	78	71	93	31	72
ENSG00000158166	383	282	303	492	260	323	331	302
ENSG00000177671	1642	1637	1234	1214	904	1797	1027	1982
ENSG00000100249	608	779	665	526	290	429	524	449
ENSG00000192248	416	304	444	261	346	595	259	293
ENSG00000220919	665	914	317	652	969	721	867	513
ENSG00000186337	19	24	24	14	22	32	14	23
ENSG00000147389	51	73	122	110	118	116	68	183
ENSG00000180878	298	458	368	235	333	385	220	342
ENSG00000167027	3	4	9	8	5	9	3	15
ENSG00000170085	142	54	62	143	79	106	50	90
ENSG00000229043	2389	808	2137	2223	1310	1087	1008	2329
ENSG00000208042	10	11	13	18	5	11	17	18
ENSG00000130663	47	75	101	127	105	78	55	53
ENSG00000179521	82	136	100	92	141	103	118	107
ENSG00000132402	1014	700	1402	1182	898	1016	471	1755
ENSG00000168470	9	13	20	4	13	22	12	24
ENSG00000241588	377	849	472	428	831	664	1101	652
ENSG00000121536	2165	1962	2330	2241	2774	2757	3666	3651
ENSG00000170062	192	291	260	190	139	210	165	277
ENSG00000204742	17	13	26	22	16	44	22	15
ENSG00000210557	4934	2274	2029	4135	4814	3597	2637	3178
ENSG00000166950	696	470	428	923	473	357	673	481
ENSG00000151859	186	449	651	496	654	278	714	524
ENSG00000173385	1959	2795	1560	2200	4453	2264	1688	3775
ENSG00000139735	633	312	741	295	513	396	230	242
ENSG00000120356	161	92	151	91	165	116	161	108
ENSG00000102935	7	8	8	7	13	8	12	13
ENSG00000154943	4420	6424	6332	2985	3361	3234	3921	4461
ENSG00000201721	121	113	117	117	114	95	135	153
ENSG00000137351	91	70	103	137	80	123	93	66
ENSG00000185908	348	595	234	694	611	531	257	567
ENSG00000225596	1460	1059	724	545	1313	1059	1387	1048
ENSG00000139052	11	45	30	24	25	23	52	18
ENSG00000139911	87	200	136	130	85	169	125	77
ENSG00000125168	32	49	52	76	34	53	62	18
ENSG00000167104	25	16	15	18	21	31	13	24
ENSG00000157203	50	49	35	26	66	48	67	46
ENSG00000141513	31	86	65	44	53	50	50	44
ENSG00000135575	57	84	94	80	134	162	85	188
ENSG00000156357	17	10	6	7	6	7	16	6
ENSG00000173125	35	28	23	30	32	30	36	29
ENSG00000220084	1181	490	643	351	921	662	993	490
ENSG00000207147	14	10	11	7	4	13	9	11
ENSG00000170039	122	92	97	142	92	112	100	86
ENSG00000241680	13	7	16	13	14	1	10	16
ENSG00000168075	47	48	15	32	35	41	46	55
ENSG00000147298	191	87	180	98	179	149	246	196
ENSG00000197794	478	572	453	419	880	786	544	348
ENSG00000154382	293	708	665	393	606	1486	877	755
ENSG00000245936	17	22	26	21	25	14	19	31
ENSG00000237732	1857	1809	1421	1749	1258	1053	1332	1362
ENSG00000216073	9	6	4	10	7	19	7	14
ENSG00000113355	975	1103	850	1427	1212	1038	2221	2477
ENSG00000194019	8	7	13	14	6	14	9	5
ENSG00000106069	13	20	26	33	17	23	13	13
ENSG00000191807	204	530	428	242	657	294	462	604
ENSG00000114626	50	86	67	44	62	53	69	120
ENSG00000163050	1576	757	1552	658	1210	579	1319	1162
ENSG00000142893	383	342	551	238	307	327	601	157
ENSG00000201379	157	169	106	160	185	251	201	131
ENSG00000188734	1406	1118	1085	1132	1629	1944	1550	1069
ENSG00000133304	83	127	99	87	63	106	44	60
ENSG00000191817	56	93	70	80	78	39	58	57
ENSG00000138180	239	215	329	169	189	350	284	382
ENSG00000222271	417	170	302	184	417	117	196	160
ENSG00000223370	411	221	238	305	248	185	217	358
ENSG00000130829	505	336	413	351	452	387	682	297
ENSG00000120916	1310	989	681	1204	1159	833	1046	1488
ENSG00000141481	64	48	93	38	81	60	43	47
ENSG00000121894	9	7	2	8	3	6	9	5
ENSG00000213791	201	248	344	240	189	196	175	223
ENSG00000185146	638	451	539	616	948	990	886	793
ENSG00000212651	175	236	325	226	137	397	251	196
ENSG00000242529	5	20	6	12	6	10	17	13
ENSG00000193792	1	4	3	3	4	3	4	3
ENSG00000238405	15	10	6	8	4	6	7	8
ENSG00000159847	970	238	392	332	423	435	571	345
ENSG00000212772	41	49	35	39	18	33	52	60
ENSG00000228480	1318	1579	932	1385	1752	891	1814	1678
ENSG00000137679	10738	7430	8349	8825	6740	7559	5321	5228
ENSG00000219399	950	711	378	627	756	935	865	1010
ENSG00000193912	314	303	253	258	328	252	426	419
ENSG00000234438	231	343	257	136	151	156	485	215
ENSG00000201425	666	259	493	594	314	361	366	489
ENSG00000133629	6715	7519	3941	4754	4502	9348	17143	6800
ENSG00000218406	114	95	93	91	67	123	57	91
ENSG00000191687	6	8	15	16	17	17	42	13
ENSG00000134190	531	360	361	441	674	562	380	296
ENSG00000207026	2814	3249	3273	2049	2983	1472	2545	1921
ENSG00000150330	27	19	24	17	21	21	21	7
ENSG00000149615	16	7	18	13	16	8	7	15
ENSG00000221382	5	2	2	2	6	5	4	4
ENSG00000200174	194	170	180	69	218	89	163	120
ENSG00000205403	15	2	9	14	8	2	14	0
ENSG00000160495	1559	1726	6364	3986	4612	7166	2463	2994
ENSG00000248930	6	22	17	21	10	14	9	15
ENSG00000108711	2627	2314	2550	1104	3639	1389	4367	1880
ENSG00000161921	252	318	386	306	271	209	329	374
ENSG00000225741	0	1	7	2	4	2	0	5
ENSG00000116852	338	111	167	226	186	170	235	216
ENSG00000203536	3543	2962	4395	5700	2789	3557	7286	3775
ENSG00000225754	928	766	550	511	529	742	626	807
ENSG00000158987	78	63	50	92	93	54	84	76
ENSG00000124788	143	182	105	85	134	146	129	67
ENSG00000173595	168	161	348	167	143	150	193	333
ENSG00000248284	176	142	202	135	268	136	134	268
ENSG00000179669	164	103	110	96	109	179	146	101
ENSG00000212107	38	27	29	41	35	34	25	15
ENSG00000155347	12	17	11	20	1	12	27	24
ENSG00000226910	0	8	1	4	2	3	1	5
ENSG00000126160	212	138	105	91	174	149	171	224
ENSG00000139791	115	88	84	111	85	95	238	110
ENSG00000195098	25	11	21	15	5	9	20	28
ENSG00000123867	2203	1253	1059	2514	2157	584	2033	1498
ENSG00000168669	32	31	43	36	35	34	41	18
ENSG00000132279	7019	3027	2900	1239	5795	3094	4508	1027
ENSG00000113541	86	26	61	87	97	80	76	94
ENSG00000154184	36	19	39	43	68	39	44	38
ENSG00000129254	447	192	467	491	182	382	537	377
ENSG00000227367	14	15	9	18	20	24	12	14
ENSG00000240247	1062	2052	2670	3071	1952	2864	1827	1692
ENSG00000246274	4870	3224	2302	3455	2681	3344	4498	2629
ENSG00000135798	117	129	147	115	85	94	51	126
ENSG00000202979	331	149	338	479	227	365	376	354
ENSG00000120111	14	17	13	30	12	18	16	29
ENSG00000209104	502	416	426	209	329	378	313	361
ENSG00000121554	1105	1668	1808	1915	2150	993	1183	1742
ENSG00000165484	77	62	41	58	48	84	81	110
ENSG00000195212	261	404	441	327	358	488	404	365
ENSG00000180696	271	295	240	237	178	331	280	345
ENSG00000183545	115	43	117	134	68	142	83	54
ENSG00000205015	6797	4362	10828	4837	13231	5273	13833	5751
ENSG00000197087	19788	18560	18789	13020	14433	12550	24771	16693
ENSG00000218718	17	26	15	17	26	24	19	13
ENSG00000232134	632	659	870	618	655	747	557	400
ENSG00000183036	3	1	3	1	2	0	3	0
ENSG00000228122	155	172	138	175	189	181	137	122
ENSG00000148701	196	256	253	243	286	279	298	362
ENSG00000148284	86	79	109	63	62	77	61	35
ENSG00000161063	115	215	250	225	243	168	187	296
ENSG00000106610	284	407	263	372	195	281	267	264
ENSG00000135082	4094	1838	3153	2339	3048	3774	3857	3028
ENSG00000105817	184	135	122	87	133	67	183	136
ENSG00000112200	43	10	40	42	37	30	32	26
ENSG00000201040	336	279	258	427	271	255	438	490
ENSG00000132527	8300	9923	4055	11001	9423	6505	7929	8744
ENSG00000128874	110	49	108	80	146	47	69	65
ENSG00000138459	2570	2362	1834	1766	4383	2612	3087	1124
ENSG00000114380	315	467	326	328	318	244	670	446
ENSG00000153822	9	13	14	11	13	15	8	14
ENSG00000143950	135	175	122	134	78	119	92	128
ENSG00000193117	51	54	39	61	41	54	47	87
ENSG00000121299	732	536	461	547	317	792	441	529
ENSG00000124951	4	6	3	13	7	6	8	8
ENSG00000177530	376	423	376	293	306	212	262	193
ENSG00000232722	141	141	215	214	179	137	159	159
ENSG00000145614	1	1	0	0	2	0	2	2
ENSG00000129945	116	185	126	116	105	117	134	124
ENSG00000208079	54	32	28	44	48	30	51	29
ENSG00000112651	2626	904	3215	1654	2510	1108	1970	1045
ENSG00000219406	334	299	589	426	878	1135	250	650
ENSG00000232318	1071	643	1085	1237	479	637	584	1205
ENSG00000240153	291	246	173	290	201	174	158	123
ENSG00000135188	32	24	20	11	17	28	29	18
ENSG00000191138	1153	1620	1235	1286	1649	1290	2505	2481
ENSG00000147262	1735	678	1264	571	1355	543	1436	650
ENSG00000161102	159	118	187	163	119	113	167	180
ENSG00000178484	307	182	251	229	137	193	106	181
ENSG00000106150	1762	1071	1696	855	2999	702	1375	1674
ENSG00000209195	1118	596	2089	628	1066	695	1686	1098
ENSG00000172829	250	169	71	126	107	94	94	83
ENSG00000209797	156	67	141	135	76	67	118	63
ENSG00000243556	1175	483	1898	1069	2827	927	1374	1573
ENSG00000183421	195	162	211	133	104	130	90	258
ENSG00000120168	34	98	49	52	39	67	34	85
ENSG00000207299	181	243	238	273	194	106	170	253
ENSG00000126389	120	76	152	77	115	57	153	83
ENSG00000128429	316	343	266	323	254	458	492	288
ENSG00000157328	138	78	99	87	78	40	73	41
ENSG00000236753	113	165	93	195	158	255	67	146
ENSG00000101044	357	983	491	653	478	290	367	490
ENSG00000174370	66	69	93	69	80	118	69	109
ENSG00000212335	52	52	89	55	77	49	62	55
ENSG00000222726	220	262	388	200	599	272	516	427
ENSG00000229752	21	21	21	21	18	16	15	30
ENSG00000233573	108	105	193	122	199	80	236	68
ENSG00000149537	287	83	98	99	247	90	185	52
ENSG00000105469	324	248	338	389	276	227	147	171
ENSG00000231754	253	286	239	208	421	257	216	223
ENSG00000223264	126	177	111	50	89	62	80	104
ENSG00000194581	1949	2114	3713	2036	3413	1951	3093	2765
ENSG00000168565	23	20	18	22	27	17	21	35
ENSG00000209019	95	117	125	128	101	90	90	95
ENSG00000151504	1873	4661	2098	3553	3130	3030	1988	1921
ENSG00000143486	64	47	78	89	99	54	118	90
ENSG00000102246	95	75	149	81	262	92	339	207
ENSG00000232711	25	26	17	13	23	28	29	29
ENSG00000234551	289	282	182	315	307	135	180	374
ENSG00000219705	2588	2590	2437	2767	2656	3123	3850	966
ENSG00000102898	121	144	116	92	71	139	135	133
ENSG00000238819	28	38	38	11	19	32	45	31
ENSG00000119647	73	176	74	122	124	99	72	176
ENSG00000236671	11	12	7	10	9	3	6	3
ENSG00000102445	35	45	39	50	34	33	31	34
ENSG00000221730	13535	18210	18896	24099	17668	17165	22763	16989
ENSG00000237426	11	6	13	3	13	7	9	14
ENSG00000181938	20	5	17	9	17	15	20	7
ENSG00000117630	80	117	89	112	80	76	129	51
ENSG00000187676	15	23	34	21	17	26	24	10
ENSG00000116739	117	87	84	73	140	105	125	74
ENSG00000140350	7235	4832	4759	5284	7412	8588	3430	15409
ENSG00000244333	1281	1016	513	796	1491	1983	1288	1037
ENSG00000244081	25	13	23	29	29	26	19	25
ENSG00000227708	2003	1515	1430	1025	1545	746	1986	1197
ENSG00000221481	2024	651	900	1500	1607	1620	1114	1249
ENSG00000107984	1125	1219	1170	2288	1781	1227	924	1380
ENSG00000217474	74	72	72	94	97	40	55	61
ENSG00000141632	299	434	237	330	292	181	185	154
ENSG00000235808	55	64	65	68	66	31	39	57
ENSG00000177243	464	330	352	399	304	352	445	341
ENSG00000198871	334	218	110	310	203	181	247	235
ENSG00000167708	2020	1566	1624	985	1756	752	1786	1159
ENSG00000225198	881	556	1069	656	884	356	1543	395
ENSG00000112097	203	99	141	99	225	68	261	66
ENSG00000214002	0	0	0	0	0	3	0	1
ENSG00000135506	392	321	523	429	582	224	281	363
ENSG00000167910	640	738	671	558	740	1331	344	683
ENSG00000164842	3882	1195	2915	939	1636	894	1268	981
ENSG00000241113	62	153	255	161	149	146	170	204
ENSG00000149911	223	348	398	156	216	365	211	215
ENSG00000199145	128	104	69	170	92	149	184	190
ENSG00000113201	123	105	196	68	98	126	43	86
ENSG00000138215	4	3	9	8	7	4	4	4
ENSG00000113046	121	53	63	39	94	25	153	29
ENSG00000188969	94	93	88	48	111	116	79	42
ENSG00000203410	6	5	9	7	4	7	6	6
ENSG00000170389	129	59	151	112	104	76	70	132
ENSG00000177813	14	22	11	40	11	16	18	16
ENSG00000181622	985	805	1137	572	1525	406	983	596
ENSG00000221450	266	202	292	314	249	288	283	105
ENSG00000129218	1	4	3	4	5	9	2	4
ENSG00000164724	1	2	3	5	2	4	4	2
ENSG00000206784	385	406	583	634	605	597	382	713
ENSG00000131289	1113	946	849	1870	1738	1959	1204	1028
ENSG00000223608	1146	628	788	750	1008	602	993	1062
ENSG00000221357	6	4	6	5	4	5	2	5
ENSG00000136090	1980	1052	2145	852	1134	755	1526	433
ENSG00000151995	91	129	65	74	154	72	107	94
ENSG00000220568	1130	1663	1021	1090	1560	945	1454	909
ENSG00000177848	191	318	288	173	153	196	195	163
ENSG00000142498	70	66	48	92	74	88	40	41
ENSG00000244371	99	108	83	102	154	73	92	160
ENSG00000152094	744	747	776	656	632	843	1286	660
ENSG00000122557	672	318	1065	259	676	400	878	645
ENSG00000104988	23	9	7	13	5	11	6	8
ENSG00000197819	161	89	142	50	94	81	85	96
ENSG00000116716	473	412	641	595	470	513	370	283
ENSG00000131253	286	124	278	253	269	271	327	298
ENSG00000115461	176	162	174	116	90	108	170	221
ENSG00000136168	196	152	183	233	282	176	111	97
ENSG00000149886	7	8	19	10	4	19	7	9
ENSG00000217210	18	3	33	10	22	5	27	14
ENSG00000207991	127	98	56	192	139	159	91	171
ENSG00000197335	108	101	117	58	120	130	89	99
ENSG00000188954	233	209	247	287	260	216	134	155
ENSG00000131394	23	74	27	27	24	21	31	21
ENSG00000182843	36	21	47	32	54	30	25	15
ENSG00000181430	23	51	27	29	27	32	28	22
ENSG00000244973	70	97	111	73	174	181	86	91
ENSG00000211544	270	120	390	202	397	147	234	199
ENSG00000184835	830	683	620	1185	592	901	789	582
ENSG00000150669	895	542	639	805	681	550	561	671
ENSG00000143278	527	386	494	551	369	748	421	507
ENSG00000137302	534	241	748	463	590	331	226	405
ENSG00000210527	2459	2699	3678	2140	2173	3604	2589	2438
ENSG00000148108	1616	2388	1971	923	1141	1847	4518	2774
ENSG00000134522	449	103	183	101	320	120	126	215
ENSG00000152805	7	4	9	12	12	18	7	8
ENSG00000147494	30	70	84	72	46	89	78	109
ENSG00000152237	105	198	229	288	161	131	319	186
ENSG00000233017	197	139	449	314	344	161	352	131
ENSG00000231991	48	41	28	44	30	45	37	49
ENSG00000188105	1203	941	697	889	1139	884	1085	888
ENSG00000189297	6	4	4	9	3	7	5	4
ENSG00000123456	106	158	143	147	174	159	151	175
ENSG00000147483	70	78	98	110	167	107	83	123
ENSG00000160098	2312	2224	2034	3637	1869	1368	1924	1653
ENSG00000192207	439	311	426	540	291	214	214	359
ENSG00000229550	51	69	44	26	35	15	36	44
ENSG00000108460	5	8	3	5	12	9	5	5
ENSG00000131904	52	40	33	17	19	31	48	18
ENSG00000172817	912	291	467	430	1141	1000	1047	692
ENSG00000136885	54	60	64	103	66	75	87	95
ENSG00000246294	370	651	577	338	269	258	550	544
ENSG00000190393	517	346	362	410	295	257	305	456
ENSG00000151192	68	164	85	118	110	151	87	160
ENSG00000123172	2948	2632	1655	901	2701	2335	2726	1086
ENSG00000158348	43	22	22	36	59	79	25	27
ENSG00000151905	275	503	97	376	155	204	281	177
ENSG00000128535	1031	916	939	1342	1173	1074	1801	518
ENSG00000222306	230	274	175	191	216	202	157	259
ENSG00000134130	187	243	170	291	253	226	223	142
ENSG00000128901	28	33	69	36	44	32	32	33
ENSG00000232788	25	9	26	9	48	14	17	24
ENSG00000110009	194	200	149	125	135	261	385	245
ENSG00000173154	216	151	362	210	225	189	153	216
ENSG00000100429	73	36	174	47	72	33	101	45
ENSG00000171882	124	66	45	66	78	48	45	60
ENSG00000201068	121	127	77	97	158	103	120	111
ENSG00000126119	672	445	514	294	876	310	522	239
ENSG00000185191	2069	2071	1609	1593	2063	1052	1754	1647
ENSG00000103692	221	287	246	256	227	463	287	261
ENSG00000140028	127	136	208	235	136	115	133	142
ENSG00000205257	6446	8673	9385	7101	7217	5920	8240	6183
ENSG00000190717	7	4	10	5	3	1	8	3
ENSG00000123909	491	275	599	332	345	345	376	402
ENSG00000145471	75	126	95	73	63	73	74	73
ENSG00000186005	352	207	253	309	305	367	210	310
ENSG00000181032	12359	6135	9426	9051	9119	5627	6507	6297
ENSG00000221179	15	9	19	20	12	18	16	21
ENSG00000198478	31	33	19	17	15	30	22	9
ENSG00000135678	157	208	200	260	143	275	238	161
ENSG00000224183	1350	2417	2607	1770	3834	2006	1991	3295
ENSG00000179861	124	74	130	45	235	181	231	63
ENSG00000112284	230	285	239	265	335	133	344	348
ENSG00000159440	489	235	151	314	285	189	542	180
ENSG00000201508	24	17	18	29	23	29	29	6
ENSG00000171789	248	86	206	318	338	344	233	186
ENSG00000170944	95	85	61	28	77	56	114	54
ENSG00000226167	79	202	237	131	84	206	97	112
ENSG00000213417	329	144	346	221	135	124	435	121
ENSG00000203209	2	8	7	14	5	4	19	4
ENSG00000220808	187	97	144	88	150	147	104	152
ENSG00000154191	135	68	56	54	64	75	151	77
ENSG00000219523	22	88	65	85	55	102	84	116
ENSG00000130852	69	49	97	101	57	54	73	93
ENSG00000138657	629	570	325	371	629	321	563	357
ENSG00000144712	8468	7355	8628	9267	10870	4792	7042	7778
ENSG00000131805	107	147	88	94	107	126	172	157
ENSG00000145919	2775	2453	2252	3838	1986	3727	1850	3994
ENSG00000150557	101	179	117	117	75	56	65	142
ENSG00000213703	118	144	236	314	252	207	195	255
ENSG00000135606	813	1530	1098	806	1020	839	1107	629
ENSG00000249020	198	64	144	76	157	60	101	105
ENSG00000167341	73	35	110	120	117	168	72	111
ENSG00000184529	18	10	13	21	15	14	15	17
ENSG00000217426	4275	4837	4453	4035	3767	5530	5655	2860
ENSG00000102041	12	12	9	5	6	5	5	6
ENSG00000200278	379	190	265	240	288	221	350	186
ENSG00000205134	101	107	60	104	98	169	119	101
ENSG00000154258	564	226	518	184	412	155	709	114
ENSG00000168432	23	6	23	19	14	20	26	20
ENSG00000238571	144	216	131	294	185	140	156	284
ENSG00000102878	468	459	331	318	435	335	301	366
ENSG00000155549	39	21	17	32	41	55	51	40
ENSG00000112972	18	30	13	57	23	46	10	22
ENSG00000164934	1189	546	1098	504	1986	281	1275	677
ENSG00000103285	381	447	539	404	617	597	362	317
ENSG00000239187	388	390	326	374	505	232	157	286
ENSG00000136988	771	1137	1010	983	440	753	565	652
ENSG00000159621	212	221	142	159	172	295	182	234
ENSG00000148903	63	45	82	50	63	49	91	49
ENSG00000231014	64	38	77	42	68	57	72	109
ENSG00000101155	510	406	310	889	894	460	730	587
ENSG00000149436	26	32	9	5	14	29	16	10
ENSG00000240789	95	122	208	87	66	151	91	123
ENSG00000113418	11	12	18	12	3	6	8	9
ENSG00000178913	46	31	29	56	79	55	95	48
ENSG00000153178	1923	1662	1666	1881	2923	1121	3549	2105
ENSG00000233758	387	394	408	596	352	467	540	425
ENSG00000140904	84	55	101	99	73	83	65	88
ENSG00000178154	16	20	3	7	9	14	7	9
ENSG00000221912	10	9	13	7	14	16	11	15
ENSG00000126318	22	26	17	17	11	10	14	29
ENSG00000228721	125	208	239	157	134	296	126	57
ENSG00000130426	48	25	50	34	46	32	64	14
ENSG00000180214	453	664	546	444	569	378	438	771
ENSG00000212815	11	23	7	17	15	12	13	9
ENSG00000157275	14913	11604	8847	9973	7730	9923	11769	19627
ENSG00000134235	271	119	314	223	176	257	223	243
ENSG00000171205	555	544	537	389	792	603	1307	835
ENSG00000241002	370	119	412	204	318	262	213	297
ENSG00000181227	27	35	33	36	59	48	47	43
ENSG00000189058	42	36	28	37	56	35	74	54
ENSG00000239572	26	16	8	19	17	19	35	27
ENSG00000108267	41	62	50	50	39	42	48	96
ENSG00000240796	9675	12474	17494	7248	8375	8811	10043	16376
ENSG00000171337	174	132	136	379	119	208	199	214
ENSG00000124783	450	650	683	346	526	300	523	736
ENSG00000151844	27	28	14	27	35	23	19	17
ENSG00000136579	30	47	49	54	80	73	86	72
ENSG00000222657	98	62	57	77	32	42	123	104
ENSG00000135207	1	0	4	2	5	3	0	3
ENSG00000188297	0	1	1	1	0	1	3	1
ENSG00000185139	74	29	29	67	58	24	37	40
ENSG00000227465	37	21	26	27	28	34	44	20
ENSG00000131446	7	8	12	10	15	5	2	7
ENSG00000190630	1630	1392	1243	1437	1146	1024	1243	1115
ENSG00000119791	4143	2048	3328	1388	2096	1548	2087	1941
ENSG00000248638	4	11	7	7	13	8	6	14
ENSG00000121892	1379	1034	989	1294	1005	1854	1849	1485
ENSG00000244068	210	198	215	192	322	182	209	150
ENSG00000105890	18	13	10	11	15	11	31	13
ENSG00000107076	2	9	2	8	4	6	2	4
ENSG00000137138	120	70	103	121	111	109	125	63
ENSG00000119689	9	12	8	5	7	18	13	9
ENSG00000187223	304	315	271	314	187	202	153	276
ENSG00000203019	1131	975	1006	908	902	822	1189	1009
ENSG00000229151	238	346	200	244	248	278	247	368
ENSG00000225899	25275	36758	38605	48885	24930	59183	24569	57814
ENSG00000173036	425	1236	805	920	759	612	689	749
ENSG00000243497	590	874	823	1418	1359	1279	1595	1303
ENSG00000191088	402	916	1136	928	863	727	769	659
ENSG00000235803	356	428	201	419	194	339	238	275
ENSG00000200709	120	88	230	224	239	93	194	249
ENSG00000242634	302	233	220	352	218	409	348	706
ENSG00000115764	18	21	34	38	10	25	21	17
ENSG00000108546	3761	4818	11467	5612	3529	5331	5051	5757
ENSG00000243935	21	45	39	26	19	25	40	44
ENSG00000121856	3860	4671	4001	7408	3924	3671	6810	7137
ENSG00000217149	733	234	884	180	775	252	610	337
ENSG00000143084	850	1190	963	583	671	1081	898	1413
ENSG00000143422	16	15	23	9	23	12	13	22
ENSG00000116391	23	23	21	25	15	13	27	8
ENSG00000241429	3986	1755	5068	1969	3758	6460	3689	2884
ENSG00000220360	284	502	290	272	359	506	494	401
ENSG00000171304	47	20	33	27	19	38	14	18
ENSG00000170413	34	22	35	20	34	15	37	19
ENSG00000188197	13	36	34	35	21	16	25	30
ENSG00000175961	45	56	36	57	70	42	46	61
ENSG00000246174	589	983	1375	744	810	1661	1238	1076
ENSG00000159474	12503	5189	9709	3285	8138	4753	14746	5751
ENSG00000153858	471	658	933	623	415	558	1032	632
ENSG00000204786	699	1097	1338	867	457	676	1444	692
ENSG00000114057	759	518	803	392	822	457	727	139
ENSG00000177107	28	36	41	26	62	38	44	17
ENSG00000216050	278	100	266	262	443	308	302	233
ENSG00000136839	362	406	333	486	424	410	428	613
ENSG00000151990	735	657	1578	828	456	885	774	1102
ENSG00000120976	48	65	74	78	39	61	80	101
ENSG00000182971	644	397	728	643	495	677	322	470
ENSG00000215944	4256	6813	5479	7162	5850	5127	5191	4398
ENSG00000228649	39641	12453	26790	15006	17193	13270	35572	9685
ENSG00000212236	1096	1678	721	313	687	721	1421	543
ENSG00000210543	5	7	13	13	6	15	9	10
ENSG00000115570	73	111	92	85	46	96	59	97
ENSG00000188369	688	910	954	919	539	640	657	637
ENSG00000222412	67	42	24	30	28	14	55	36
ENSG00000151069	70	70	73	72	43	44	120	34
ENSG00000145969	1580	766	842	1004	544	573	969	706
ENSG00000128969	8	8	13	10	4	12	16	5
ENSG00000111907	2776	2816	3768	3101	3748	5275	2933	3144
ENSG00000163253	227	245	295	168	138	158	142	261
ENSG00000153681	118	111	105	101	183	157	130	107
ENSG00000154164	66	117	105	72	126	90	47	75
ENSG00000123200	21	33	31	24	47	38	32	17
ENSG00000210120	4263	4833	2485	4398	2866	2516	6140	4277
ENSG00000247605	1084	908	2417	642	1277	822	2068	1022
ENSG00000123029	68	99	123	93	145	157	164	122
ENSG00000212573	1886	1756	1327	1534	1153	1674	1392	1540
ENSG00000159658	558	199	261	211	412	484	139	221
ENSG00000166785	99	99	72	119	86	41	82	78
ENSG00000160026	40	36	62	61	27	23	46	23
ENSG00000186853	1077	1761	1819	1398	1637	1842	1427	1979
ENSG00000129690	28	18	35	52	43	52	76	50
ENSG00000234013	82	76	29	60	77	101	54	38
ENSG00000236359	22	3	14	8	33	19	21	13
ENSG00000158576	73	74	105	177	113	92	105	95
ENSG00000246481	6	4	1	10	7	3	1	8
ENSG00000163354	18	13	23	19	14	35	30	54
ENSG00000100543	189	296	279	290	247	257	120	124
ENSG00000170405	642	554	506	469	273	646	436	419
ENSG00000149357	18459	15219	38956	11731	32913	23194	31173	9005
ENSG00000226470	61	92	109	90	109	82	62	136
ENSG00000144941	60	70	40	31	39	32	46	86
ENSG00000122327	39	36	15	49	45	23	26	30
ENSG00000145340	766	1237	449	1022	906	1353	683	996
ENSG00000139599	153	332	113	286	222	185	95	119
ENSG00000168905	16	31	30	28	16	15	24	21
ENSG00000218911	277	382	518	282	219	463	375	365
ENSG00000127771	121	126	169	185	128	130	124	184
ENSG00000132635	215	156	73	166	334	134	158	154
ENSG00000176184	47	98	87	41	129	55	111	66
ENSG00000243532	1494	2464	2582	2066	2497	1259	2264	1536
ENSG00000103136	55	52	176	64	67	191	143	95
ENSG00000107015	416	566	252	624	445	313	663	458
ENSG00000171778	95	165	61	112	126	190	138	119
ENSG00000172159	6465	6491	4250	6367	2791	4954	2474	6383
ENSG00000110350	56	58	35	44	78	84	69	85
ENSG00000131184	731	194	898	613	919	397	716	949
ENSG00000229112	7	5	11	6	5	7	2	12
ENSG00000120730	1447	2279	3209	2789	3659	2015	4025	4860
ENSG00000162521	20	10	26	9	13	11	18	8
ENSG00000158736	30	28	44	41	48	25	31	33
ENSG00000130357	342	143	140	60	234	110	319	111
ENSG00000163633	467	731	377	560	478	736	458	342
ENSG00000135801	70	51	62	19	28	43	63	41
ENSG00000116110	1170	1160	521	530	750	858	349	1252
ENSG00000164007	289	489	452	364	276	350	213	177
ENSG00000218283	984	1169	1036	998	1102	1704	1103	1224
ENSG00000208018	8	11	18	8	11	11	11	10
ENSG00000247618	42	64	27	71	24	48	34	21
ENSG00000247440	26	20	35	33	25	43	62	41
ENSG00000176575	191	242	160	346	221	175	311	232
ENSG00000235075	90	67	244	96	133	142	149	199
ENSG00000232961	335	491	378	340	333	324	273	461
ENSG00000189181	228	324	210	300	205	127	393	360
ENSG00000166700	1476	1219	622	2013	1008	2079	1465	1792
ENSG00000118632	69	73	76	44	51	62	35	52
ENSG00000130512	12	21	8	33	23	16	30	10
ENSG00000193926	498	500	308	241	338	425	507	504
ENSG00000237420	402	436	314	264	478	884	557	510
ENSG00000185718	289	371	177	158	368	214	418	387
ENSG00000133227	46	131	59	48	38	91	36	48
ENSG00000247410	0	1	1	0	0	0	0	1
ENSG00000242304	1347	2464	1758	1179	1798	3278	1328	2402
ENSG00000105148	262	362	203	322	177	257	290	235
ENSG00000215473	7884	10110	8154	10383	7100	16698	10878	8089
ENSG00000233340	61	44	52	47	55	52	51	58
ENSG00000190555	80	63	74	83	57	69	68	32
ENSG00000176339	2	0	5	3	1	0	3	1
ENSG00000131517	10	14	19	8	20	9	15	19
ENSG00000200784	68	88	50	38	89	55	86	86
ENSG00000164241	107	62	120	180	126	65	104	147
ENSG00000119122	16619	6343	10060	5021	9347	6071	11756	7326
ENSG00000247100	11805	8205	5842	11669	12223	11689	12500	8053
ENSG00000216489	32	56	30	41	35	50	40	47
ENSG00000202515	704	379	916	294	700	445	723	452
ENSG00000248924	1732	2612	1744	1748	1738	1354	1702	1312
ENSG00000140014	509	546	352	708	535	752	332	582
ENSG00000117162	1146	1094	1660	877	1524	1423	666	1308
ENSG00000193060	16339	22791	16969	17617	20499	26168	22561	27354
ENSG00000201553	391	344	123	505	299	346	606	272
ENSG00000195976	235	350	373	323	350	298	480	291
ENSG00000178839	143	127	179	90	233	128	302	73
ENSG00000229418	366	215	205	222	305	245	139	296
ENSG00000213505	263	143	237	183	277	167	197	285
ENSG00000134748	90	152	126	88	81	77	97	86
ENSG00000217126	279	108	191	51	191	105	263	123
ENSG00000208613	47	50	62	37	56	57	44	32
ENSG00000130354	102	39	154	45	53	43	107	70
ENSG00000137447	25	19	21	21	19	27	24	14
ENSG00000222650	414	179	204	359	303	333	417	354
ENSG00000190382	298	155	199	153	186	213	266	157
ENSG00000153993	5	6	4	2	3	5	6	4
ENSG00000171658	1666	1082	956	703	1654	758	1402	1195
ENSG00000115884	2708	988	1229	3288	2633	2399	1757	1435
ENSG00000246962	1334	1219	978	633	1038	1394	728	835
ENSG00000193958	525	463	330	486	477	728	588	457
ENSG00000206858	408	480	200	412	336	685	331	319
ENSG00000197600	244	304	139	514	302	362	210	330
ENSG00000170408	58	86	40	83	36	46	63	57
ENSG00000185178	89	90	78	92	111	94	91	85
ENSG00000171811	23	23	49	25	48	16	28	41
ENSG00000183889	65	33	38	48	54	29	48	40
ENSG00000205002	12	3	12	7	2	16	1	2
ENSG00000212382	153	221	442	138	381	166	330	188
ENSG00000200223	145	271	312	265	289	183	178	201
ENSG00000130936	5758	6625	8319	7341	7603	3412	4266	7083
ENSG00000243885	471	319	262	398	604	316	584	350
ENSG00000185337	602	636	514	472	851	355	529	522
ENSG00000142522	70	47	42	38	52	33	15	55
ENSG00000243638	120	249	142	140	93	187	127	90
ENSG00000192540	13	15	15	12	15	29	28	10
ENSG00000225564	297	457	284	336	341	501	161	214
ENSG00000238028	104350	29947	94590	40368	86063	65895	100612	84652
ENSG00000238116	117	98	105	72	80	75	118	102
ENSG00000207624	3	7	3	3	4	1	2	2
ENSG00000117172	6044	2346	6122	3394	2714	2899	3288	2996
ENSG00000140349	1990	1726	1677	1016	1738	1331	961	745
ENSG00000111820	25	22	22	29	15	33	28	13
ENSG00000158304	161	293	250	514	166	404	188	198
ENSG00000176140	66	26	67	32	29	64	41	45
ENSG00000194913	756	748	380	598	992	890	593	558
ENSG00000220472	44	18	34	20	20	31	18	26
ENSG00000106269	230	441	268	312	149	214	264	277
ENSG00000208577	2045	3092	1673	1331	2950	979	2248	2426
ENSG00000226465	316	307	341	329	306	172	273	314
ENSG00000149982	1316	1153	1139	1489	1143	885	1189	1200
ENSG00000126218	434	711	1003	500	735	695	1115	441
ENSG00000138848	176	138	125	134	140	132	120	110
ENSG00000160281	218	135	150	208	201	205	162	263
ENSG00000237445	104	126	100	135	66	50	101	94
ENSG00000152095	865	758	542	549	703	530	424	435
ENSG00000208746	489	551	530	270	253	451	315	449
ENSG00000106673	1439	3354	1243	1667	2401	1080	1532	2840
ENSG00000200615	557	228	434	463	247	308	510	420
ENSG00000133057	160	271	294	233	123	186	368	272
ENSG00000101442	140	75	143	84	406	79	254	101
ENSG00000106539	103	112	307	79	285	108	259	216
ENSG00000244257	298	177	390	342	342	157	200	224
ENSG00000159662	2036	2785	2104	2407	2706	1524	2072	1680
ENSG00000140196	1712	683	3214	756	1959	500	1775	892
ENSG00000165930	12633	9530	5437	8863	7207	10280	3705	10269
ENSG00000169624	89	55	123	67	99	59	67	79
ENSG00000132059	67	103	60	42	78	71	42	46
ENSG00000145264	59	19	40	40	53	47	38	25
ENSG00000102603	1102	584	575	423	946	682	520	745
ENSG00000108619	125	79	75	82	94	106	51	29
ENSG00000114054	2427	1088	2190	2125	1261	1583	2162	957
ENSG00000120731	474	381	868	329	643	325	464	456
ENSG00000140710	5	3	2	1	3	4	9	1
ENSG00000176353	12451	7218	8709	15299	10252	7451	19066	8636
ENSG00000246437	123	182	168	175	177	147	100	149
ENSG00000216366	67	47	48	49	36	58	78	40
ENSG00000127536	699	840	727	1055	566	354	406	733
ENSG00000174657	31	23	8	22	23	24	28	40
ENSG00000122094	128	200	150	99	168	155	178	105
ENSG00000209236	52	35	69	42	70	49	52	40
ENSG00000185055	19	15	9	16	10	15	20	24
ENSG00000131647	13	11	8	5	5	11	5	2
ENSG00000219610	245	428	279	447	737	555	632	674
ENSG00000222417	343	89	177	137	279	259	265	144
ENSG00000245802	106	298	87	166	225	186	137	138
ENSG00000191610	56	83	50	78	89	92	68	102
ENSG00000173082	54	15	22	43	28	34	43	27
ENSG00000239934	248	287	164	150	297	344	170	149
ENSG00000108750	106	49	165	66	113	143	130	86
ENSG00000119663	3256	1359	1955	1969	2196	3721	2452	1608
ENSG00000124571	72	73	35	40	49	50	76	30
ENSG00000117969	329	221	314	262	233	480	125	348
ENSG00000161626	18	19	20	33	22	21	29	10
ENSG00000120415	87	102	106	112	89	120	142	86
ENSG00000189933	56	21	34	17	35	28	44	38
ENSG00000141239	67732	18555	66590	45602	71647	24088	56258	18944
ENSG00000103919	1162	1959	1261	2501	1793	2189	1711	1696
ENSG00000239083	328	121	251	92	176	151	235	199
ENSG00000224961	1769	2101	1980	2414	1467	1794	1425	1155
ENSG00000116858	4380	4463	5042	2841	5947	4911	3924	4865
ENSG00000143028	670	1527	647	794	1262	1272	837	809
ENSG00000100817	7	1	2	2	2	1	2	4
ENSG00000133135	697	1563	1532	1539	1205	1914	1197	1383
ENSG00000232729	255	152	194	120	206	164	185	142
ENSG00000225631	140	107	66	69	112	116	74	104
ENSG00000128098	2702	750	1976	600	2200	987	1938	865
ENSG00000181646	225	278	221	206	188	164	330	166
ENSG00000104208	9	5	5	7	2	3	6	1
ENSG00000143964	32	21	27	14	12	15	20	14
ENSG00000157861	65	136	85	73	108	134	81	84
ENSG00000204672	344	503	873	324	503	371	623	898
ENSG00000152489	339	398	304	465	280	269	405	753
ENSG00000141532	3	0	2	1	3	1	1	1
ENSG00000200355	63	71	75	76	66	107	63	53
ENSG00000181376	4	2	5	6	3	6	3	10
ENSG00000188378	0	1	1	1	4	5	9	1
ENSG00000112052	6	1	8	11	3	12	11	7
ENSG00000188949	11	12	25	18	10	9	11	11
ENSG00000139747	54	16	27	42	19	29	32	19
ENSG00000181673	108	105	42	71	118	73	104	129
ENSG00000243724	5001	4373	2316	3079	7000	2563	4886	2892
ENSG00000175558	412	477	516	695	444	589	494	601
ENSG00000188340	755	679	563	799	798	797	1008	792
ENSG00000184697	176	121	183	208	252	171	162	131
ENSG00000209445	4102	2104	1688	2816	3221	1986	663	2436
ENSG00000125081	46541	34230	53832	43759	34207	41304	55854	56918
ENSG00000206114	769	820	650	891	1095	1542	1038	813
ENSG00000203546	100	73	73	69	75	44	76	55
ENSG00000237334	50	40	56	40	42	35	71	35
ENSG00000166094	78	128	109	117	93	60	102	98
ENSG00000119565	1450	555	988	647	870	874	899	886
ENSG00000221315	83	53	41	49	36	34	47	34
ENSG00000216445	10	6	22	12	11	16	19	7
ENSG00000212157	543	468	907	286	699	194	1182	831
ENSG00000158164	20258	17362	19860	13026	11278	14704	11593	14542
ENSG00000115286	148	160	98	152	122	97	79	45
ENSG00000240733	464	581	347	451	444	385	516	478
ENSG00000161057	277	439	244	271	295	319	288	356
ENSG00000128640	131	125	122	93	115	161	110	118
ENSG00000149782	397	623	327	300	373	419	353	339
ENSG00000100620	2970	2150	3840	2775	1989	3308	4664	5746
ENSG00000240162	27	77	52	63	62	46	47	28
ENSG00000117120	960	468	1615	466	472	602	513	800
ENSG00000184962	691	1063	1143	955	1069	1508	947	706
ENSG00000162629	1296	903	617	1352	561	1273	1259	714
ENSG00000134210	123	118	153	282	153	308	191	155
ENSG00000247060	1	2	0	0	0	2	1	0
ENSG00000137469	1046	718	522	1004	761	750	411	880
ENSG00000222908	304	363	587	684	218	689	640	455
ENSG00000194098	242	116	339	289	185	205	133	254
ENSG00000217081	126	67	97	56	157	57	106	81
ENSG00000141608	23	60	17	15	37	19	29	24
ENSG00000170017	615	394	481	529	234	905	415	746
ENSG00000238450	1463	973	834	1075	1757	388	2056	490
ENSG00000149501	51	39	90	35	33	59	35	54
ENSG00000108767	55	67	82	18	46	49	61	35
ENSG00000181520	53	183	209	214	188	157	130	178
ENSG00000110865	30	44	51	31	52	54	38	43
ENSG00000199661	130	97	107	141	239	168	232	121
ENSG00000105573	1344	1742	349	968	2381	1029	980	1164
ENSG00000124480	86	183	178	277	225	131	188	260
ENSG00000105850	255	87	190	31	196	72	375	79
ENSG00000177219	674	952	844	308	596	746	506	456
ENSG00000136288	1	4	2	2	1	1	0	3
ENSG00000114880	12	13	11	12	14	14	12	15
ENSG00000207158	266	357	474	284	471	476	750	707
ENSG00000111624	925	925	1034	987	1617	471	1142	443
ENSG00000140269	29	27	15	17	19	11	28	24
ENSG00000222646	6794	4020	4960	5020	7210	8382	3369	7279
ENSG00000194390	5615	4476	6268	6666	3353	3000	6961	10287
ENSG00000141178	162	146	186	124	261	186	250	184
ENSG00000157638	3851	2144	2441	1677	3321	1905	2767	1567
ENSG00000248275	669	936	1227	1468	1177	1146	506	1199
ENSG00000231065	13	16	19	17	9	17	16	22
ENSG00000209614	524	708	383	321	494	830	343	477
ENSG00000227853	89	131	158	105	97	104	219	89
ENSG00000170375	83	114	227	142	169	259	339	82
ENSG00000133732	117	94	138	87	64	193	113	64
ENSG00000247231	6	5	3	3	9	5	4	3
ENSG00000237267	82	278	134	201	281	86	166	197
ENSG00000160703	8992	7186	5020	8693	6461	7686	4710	10077
ENSG00000171092	24	58	115	107	51	58	43	67
ENSG00000176886	833	704	1252	657	832	1594	1598	1084
ENSG00000175437	4	2	6	9	2	6	5	6
ENSG00000235257	426	577	699	1273	926	975	590	971
ENSG00000216210	28	34	15	44	39	38	75	31
ENSG00000239754	342	425	418	301	290	186	244	386
ENSG00000223764	1214	1033	949	1117	753	923	1068	1024
ENSG00000126599	9	10	14	4	7	3	28	15
ENSG00000248409	75	85	116	64	121	64	61	76
ENSG00000209350	1438	747	1093	740	507	964	919	543
ENSG00000241531	181	396	341	277	374	194	346	474
ENSG00000172272	2	6	4	0	1	3	2	0
ENSG00000188870	168	134	136	108	110	271	372	222
ENSG00000165472	4	8	9	9	19	9	3	3
ENSG00000234214	172	72	105	99	151	150	179	68
ENSG00000246260	9	4	9	3	1	7	19	2
ENSG00000130540	0	1	0	0	1	2	1	2
ENSG00000198539	221	157	104	203	246	164	176	181
ENSG00000137439	14	14	10	7	18	17	15	15
ENSG00000219707	773	723	658	890	851	913	606	704
ENSG00000163567	225	485	400	311	301	374	603	291
ENSG00000114436	167	141	160	122	133	170	214	176
ENSG00000240546	1042	681	958	892	436	658	1146	1016
ENSG00000211990	110	56	83	91	78	89	62	104
ENSG00000157697	547	429	579	526	579	562	589	390
ENSG00000196373	128	70	130	129	131	143	142	137
ENSG00000198258	0	0	1	1	2	0	0	1
ENSG00000237381	95	81	173	177	169	84	176	211
ENSG00000174470	15	7	8	5	10	3	10	5
ENSG00000134347	38	80	52	48	59	50	21	74
ENSG00000107475	745	803	758	700	590	767	459	710
ENSG00000247123	20	21	7	4	24	3	14	30
ENSG00000209386	609	444	495	797	585	971	865	707
ENSG00000206186	1071	763	451	433	1237	302	615	875
ENSG00000167965	16168	12036	28282	4379	17207	13369	15436	3744
ENSG00000147840	508	393	823	387	691	590	439	813
ENSG00000246429	4	15	11	8	7	6	11	14
ENSG00000157175	164	109	87	83	42	104	72	82
ENSG00000130708	3	8	11	1	10	3	11	9
ENSG00000130379	60	99	206	123	189	77	104	168
ENSG00000125219	129	53	101	57	66	76	54	78
ENSG00000108042	1542	2108	1382	911	2064	1340	1665	2037
ENSG00000184515	39	88	95	99	135	66	65	91
ENSG00000199350	14	27	13	15	15	39	14	26
ENSG00000197601	20	32	12	28	28	31	36	29
ENSG00000189113	86	120	25	78	109	63	39	54
ENSG00000227714	7	9	7	5	9	11	6	7
ENSG00000103263	103	62	52	79	107	133	121	105
ENSG00000227567	83	40	59	108	95	121	137	84
ENSG00000152711	43	41	54	78	40	41	26	25
ENSG00000175876	11	22	13	21	14	7	23	8
ENSG00000245491	76	63	79	70	74	63	62	49
ENSG00000202470	87	147	161	179	111	145	148	62
ENSG00000166354	553	918	421	700	867	755	766	342
ENSG00000119225	115	110	57	75	93	124	133	101
ENSG00000233421	704	711	693	887	1025	452	820	906
ENSG00000182197	5	4	4	4	1	7	8	5
ENSG00000240107	1489	579	598	662	994	623	846	744
ENSG00000208288	1	2	0	2	2	2	1	4
ENSG00000136483	13	19	13	14	14	26	13	20
ENSG00000171265	118	224	114	174	180	90	131	102
ENSG00000167597	98	100	43	127	53	29	101	69
ENSG00000156930	647	1057	336	406	431	1031	583	397
ENSG00000158319	354	430	665	325	524	765	390	299
ENSG00000104131	507	472	659	472	328	473	386	836
ENSG00000131678	115	146	106	98	106	187	97	65
ENSG00000140176	41	25	16	51	38	30	18	31
ENSG00000148240	796	703	879	475	602	454	518	486
ENSG00000235850	128	144	100	224	92	209	129	137
ENSG00000219507	177	197	176	168	162	223	149	202
ENSG00000161819	200	161	112	247	175	76	141	165
ENSG00000202456	144	113	260	128	106	127	215	81
ENSG00000140150	346	254	347	120	725	294	313	266
ENSG00000147765	191	313	231	264	380	215	323	306
ENSG00000198879	51	56	65	57	96	40	97	113
ENSG00000192846	6	12	7	6	11	16	10	14
ENSG00000105094	218	271	239	273	238	168	320	208
ENSG00000239621	52	70	29	88	30	64	41	48
ENSG00000122156	59	65	116	57	75	96	51	59
ENSG00000223066	242	223	138	291	170	203	373	192
ENSG00000232014	32	22	16	24	20	28	25	41
ENSG00000228921	88	77	90	97	52	92	99	157
ENSG00000246828	104	162	174	145	117	135	96	169
ENSG00000239776	779	540	480	918	546	923	805	790
ENSG00000193320	9814	6857	7625	13991	5628	18803	10499	10054
ENSG00000212930	88	159	102	90	121	168	130	113
ENSG00000131089	528	190	695	213	530	487	875	338
ENSG00000147898	57	71	100	67	58	44	112	51
ENSG00000235110	2188	2330	1427	3307	3417	2456	1044	2034
ENSG00000146575	396	582	144	205	163	185	344	307
ENSG00000139868	910	758	1284	1009	1160	1244	1977	748
ENSG00000181959	3334	1917	3585	2786	3412	4251	2793	2279
ENSG00000142746	8023	15382	13360	18357	14218	14129	8968	7509
ENSG00000190608	166	149	211	73	154	168	171	132
ENSG00000161196	20	7	16	16	19	17	9	9
ENSG00000118647	184	235	108	144	102	159	144	113
ENSG00000156831	3	3	6	4	5	7	2	4
ENSG00000238195	39584	76976	35491	30943	63808	31313	41593	51822
ENSG00000110609	144	118	83	226	294	114	168	135
ENSG00000129843	52	38	60	59	80	40	43	38
ENSG00000135276	3899	3483	2822	2008	2446	1918	5940	2214
ENSG00000195208	162	148	64	91	131	57	60	85
ENSG00000130883	1487	1966	2127	1240	1218	1875	2157	1603
ENSG00000135543	10	6	10	22	9	12	16	14
ENSG00000218384	7	3	1	4	8	4	8	4
ENSG00000158328	234	433	281	304	226	249	379	572
ENSG00000203409	8	4	11	8	12	11	11	8
ENSG00000187007	12	11	12	8	7	20	14	11
ENSG00000191086	1367	1707	1161	1209	571	972	1359	1184
ENSG00000132267	88	22	56	37	46	93	14	54
ENSG00000209691	110	62	95	146	77	47	105	214
ENSG00000154261	136	69	126	86	102	69	98	29
ENSG00000194911	588	1513	1222	875	976	943	1438	688
ENSG00000240469	112	157	115	113	149	112	153	126
ENSG00000219926	50	36	109	100	104	99	103	65
ENSG00000140669	41	42	84	43	42	33	63	79
ENSG00000209413	517	306	327	190	313	261	304	284
ENSG00000139516	509	960	594	456	326	434	736	416
ENSG00000211476	15	13	10	9	14	7	4	6
ENSG00000226330	1322	954	1155	561	762	1120	373	712
ENSG00000239920	209	37	162	100	226	122	162	58
ENSG00000133242	215	314	347	341	467	186	436	244
ENSG00000146507	495	345	560	547	535	583	451	649
ENSG00000192192	87	51	70	48	64	21	44	49
ENSG00000180375	3	3	1	2	1	3	3	5
ENSG00000102858	8	4	3	7	4	1	3	8
ENSG00000178273	1317	738	1232	1015	454	1614	983	933
ENSG00000196579	1243	1237	1947	2483	1796	1477	1497	1370
ENSG00000143685	48232	33988	44569	41267	43690	49190	26279	76529
ENSG00000245048	52	61	158	42	60	120	176	106
ENSG00000213563	790	1067	621	744	862	664	915	753
ENSG00000140438	152	137	73	209	155	70	94	135
ENSG00000126358	16	9	30	27	18	29	21	11
ENSG00000191300	794	888	496	748	566	723	669	845
ENSG00000244192	254	423	143	184	308	348	270	368
ENSG00000153030	265	289	431	555	307	206	446	260
ENSG00000227816	106	100	213	142	153	136	173	136
ENSG00000173281	428	602	393	348	570	731	503	276
ENSG00000121783	117	137	147	122	89	180	125	160
ENSG00000142827	1084	2271	819	769	1155	807	747	1045
ENSG00000130650	74	76	114	125	71	78	54	108
ENSG00000131968	18	36	33	39	32	44	46	52
ENSG00000202206	3229	5294	2748	3087	5548	7510	4004	1761
ENSG00000116785	3926	7590	4957	6381	7494	6709	7613	5471
ENSG00000133109	2093	1228	2355	818	1606	1265	2629	922
ENSG00000111853	37	20	50	12	52	18	31	21
ENSG00000180344	81	90	140	45	81	69	90	79
ENSG00000234949	0	0	1	2	1	1	1	0
ENSG00000233083	6	7	9	8	2	7	9	7
ENSG00000206763	11794	12380	10941	15295	15172	9847	16450	15392
ENSG00000243059	1	4	3	5	2	2	4	1
ENSG00000128683	370	334	255	194	292	369	378	268
ENSG00000149530	1038	407	478	1030	473	783	684	1074
ENSG00000215949	28	54	34	35	65	34	58	41
ENSG00000183419	1024	542	709	415	1763	648	703	649
ENSG00000127613	27	33	28	38	46	21	51	55
ENSG00000109231	1574	761	753	1339	1232	1070	579	692
ENSG00000185524	279	164	228	224	354	202	268	197
ENSG00000118352	132	161	146	142	192	125	121	83
ENSG00000157250	114	110	217	250	149	176	104	125
ENSG00000214144	4361	1791	2007	1752	2032	1884	2432	1806
ENSG00000235703	15	20	16	11	15	11	15	16
ENSG00000247823	94	48	36	41	38	59	25	37
ENSG00000179307	2	7	9	3	6	7	6	6
ENSG00000104312	169	31	78	96	163	43	85	90
ENSG00000175098	216	212	209	177	202	147	235	250
ENSG00000249744	132	56	180	39	141	85	162	58
ENSG00000121201	261	240	159	271	156	222	240	122
ENSG00000137265	123	86	51	42	87	56	112	21
ENSG00000203649	4659	4107	5478	4492	6841	4074	4273	6337
ENSG00000238151	729	816	1047	608	655	655	579	621
ENSG00000110075	142	118	96	128	190	66	98	209
ENSG00000147854	254	369	285	335	163	156	375	478
ENSG00000179268	69	82	133	78	107	76	39	48
ENSG00000136894	3004	1553	2234	1488	1914	992	4194	1041
ENSG00000163617	10	2	6	5	7	8	10	4
ENSG00000231716	8	14	7	6	8	5	3	6
ENSG00000240463	2	5	9	7	5	8	5	8
ENSG00000178222	1289	1380	1117	1361	1204	966	592	1260
ENSG00000123624	40452	23864	48752	31865	80804	32734	67182	22465
ENSG00000199063	1673	2709	3014	2137	2523	1119	3714	2849
ENSG00000174574	101	68	47	82	79	39	64	47
ENSG00000129381	248	143	182	196	183	118	228	173
ENSG00000158191	621	464	339	467	464	561	316	366
ENSG00000161653	190	111	43	56	171	41	92	120
ENSG00000189949	80	36	137	56	75	98	68	71
ENSG00000207526	517	620	462	833	706	1151	655	1440
ENSG00000171295	62	18	86	29	40	27	101	14
ENSG00000172330	0	1	0	1	1	2	2	1
ENSG00000160582	5972	5589	7735	10266	11510	9555	9241	5419
ENSG00000190421	1394	1720	1264	2443	936	1301	1729	1332
ENSG00000213172	74	37	29	33	57	45	17	71
ENSG00000203202	9432	8556	2944	7377	4976	7281	4006	3168
ENSG00000197384	30	19	16	25	19	40	22	16
ENSG00000121685	412	166	221	202	221	190	370	188
ENSG00000176484	126	61	72	116	82	105	76	141
ENSG00000241781	182	291	265	199	266	191	256	244
ENSG00000122920	14	15	7	17	8	8	21	24
ENSG00000144080	185	523	346	229	315	325	552	229
ENSG00000169653	546	731	656	644	813	736	668	673
ENSG00000234748	119	37	140	128	169	80	181	114
ENSG00000137616	237	218	274	398	290	169	223	357
ENSG00000193767	365	474	313	328	236	584	288	379
ENSG00000206935	483	851	441	594	955	550	648	887
ENSG00000155324	853	227	371	439	577	354	206	261
ENSG00000203987	353	497	414	441	582	494	367	467
ENSG00000202392	85	87	108	122	118	103	101	142
ENSG00000160332	35	62	48	67	33	37	36	22
ENSG00000232004	3	2	1	0	2	2	0	1
ENSG00000109347	3371	4952	4220	3149	1294	3761	3108	4339
ENSG00000201686	152	89	119	159	124	154	81	160
ENSG00000219320	414	376	514	423	427	409	309	346
ENSG00000111457	854	319	1458	1103	987	689	870	1014
ENSG00000239125	60	59	48	19	60	20	44	80
ENSG00000182558	814	599	972	344	1366	515	1836	752
ENSG00000152838	41	66	60	78	80	89	70	51
ENSG00000147719	181	178	54	168	97	96	121	108
ENSG00000144831	3	1	3	1	1	2	1	1
ENSG00000160452	525	419	543	412	578	524	428	574
ENSG00000125269	198	291	235	228	226	225	379	271
ENSG00000163749	8	13	10	13	15	9	14	5
ENSG00000137458	778	698	226	581	691	587	662	626
ENSG00000183308	547	635	1039	691	476	842	549	722
ENSG00000206215	119	91	59	64	81	73	43	103
ENSG00000179612	12	12	5	7	5	10	17	9
ENSG00000109271	207	166	373	255	329	121	165	149
ENSG00000124864	5	5	13	9	15	11	21	15
ENSG00000223228	336	294	246	163	252	107	259	413
ENSG00000177459	484	698	298	678	475	281	335	512
ENSG00000249497	35	20	8	26	20	21	17	17
ENSG00000122411	2640	1001	2285	1494	2505	1181	2319	1037
ENSG00000174999	18	11	7	15	18	21	11	7
ENSG00000113764	2181	1891	2140	1893	2428	1564	1572	2868
ENSG00000127347	1140	642	1346	552	1414	577	1361	601
ENSG00000172837	79	115	115	83	101	112	75	54
ENSG00000249221	1518	1344	600	837	1427	856	1333	684
ENSG00000202054	415	930	679	1015	879	889	1104	419
ENSG00000120426	7470	6791	11050	11266	9738	7476	5717	11766
ENSG00000117053	263	158	389	680	279	229	328	320
ENSG00000166442	58	44	38	60	106	40	72	44
ENSG00000161808	2118	2361	1056	2563	3047	1497	2719	1611
ENSG00000155631	53	44	62	41	54	46	19	33
ENSG00000173369	18	23	24	20	28	21	37	9
ENSG00000226543	53	53	59	60	42	46	40	18
ENSG00000240287	41	38	45	22	42	45	22	17
ENSG00000162604	22	21	27	28	25	40	30	17
ENSG00000180546	3	0	1	3	3	0	1	2
ENSG00000188380	5752	5953	3283	2205	3124	2522	2039	1846
ENSG00000190097	43	50	34	51	37	87	118	67
ENSG00000202498	183	409	296	322	253	251	234	308
ENSG00000138889	680	468	1202	438	799	736	470	361
ENSG00000172132	347	245	334	406	423	397	456	230
ENSG00000138899	6	7	15	6	4	15	14	4
ENSG00000210843	15	27	12	41	28	14	21	20
ENSG00000149706	1417	1025	1897	1390	556	1866	1205	815
ENSG00000232889	61	47	69	65	90	46	62	62
ENSG00000189843	91	112	122	147	139	147	154	158
ENSG00000173022	373	459	483	413	559	377	295	432
ENSG00000240795	445	441	293	372	481	351	402	656
ENSG00000148990	75	89	187	82	64	114	132	133
ENSG00000153110	707	1150	874	767	1495	1193	508	707
ENSG00000112092	21	23	45	22	39	30	11	21
ENSG00000144115	11	6	9	6	8	3	10	8
ENSG00000222064	45	46	50	30	50	50	49	27
ENSG00000233457	594	1562	519	537	365	403	456	607
ENSG00000213947	138	114	106	131	164	123	124	95
ENSG00000216853	101	17	66	53	63	41	82	38
ENSG00000202966	92	110	165	73	141	118	75	57
ENSG00000227999	165	26	103	59	150	55	147	54
ENSG00000108673	1884	944	2442	1381	1321	1502	1535	969
ENSG00000240748	146	83	74	81	107	144	89	138
ENSG00000134802	3834	3914	4292	4051	2322	4813	1992	3181
ENSG00000133901	28	18	6	7	11	5	15	8
ENSG00000177374	49	44	51	85	58	47	37	46
ENSG00000113157	259	257	362	371	306	319	212	394
ENSG00000149968	111	103	131	177	98	124	67	135
ENSG00000126311	1	1	1	5	3	6	2	6
ENSG00000112918	6574	2230	3654	2226	6113	2608	4817	2924
ENSG00000142502	294	133	253	75	252	179	127	157
ENSG00000212791	33	30	22	50	26	58	46	35
ENSG00000224508	28	7	21	7	19	7	28	10
ENSG00000135257	189	146	179	88	190	172	232	98
ENSG00000214828	577	251	344	242	221	180	218	464
ENSG00000185478	240	236	152	145	265	176	140	226
ENSG00000129597	95	181	121	70	138	106	135	130
ENSG00000139616	36	85	29	43	49	44	24	56
ENSG00000135039	1439	834	1122	2203	1076	1217	1204	1551
ENSG00000187810	262	265	305	163	166	547	306	536
ENSG00000146761	301	474	280	327	350	255	284	206
ENSG00000206047	140	129	89	156	64	111	55	244
ENSG00000224165	379	404	288	320	247	277	202	253
ENSG00000181005	452	828	632	386	395	659	829	841
ENSG00000214365	1299	1367	3373	1862	1618	1364	4094	1717
ENSG00000203194	104	58	103	32	52	43	110	89
ENSG00000204053	45	67	55	33	37	47	29	87
ENSG00000140275	26	10	12	18	15	25	12	7
ENSG00000227002	25	7	25	17	21	7	16	13
ENSG00000242697	867	534	1064	1231	1435	1068	870	796
ENSG00000212259	6467	5528	2939	8240	5571	4548	6491	6809
ENSG00000126352	172	83	170	172	248	176	102	148
ENSG00000174564	131	36	112	60	124	91	198	53
ENSG00000176592	1064	1090	594	1285	788	552	709	1451
ENSG00000163853	11369	13672	14387	19061	16236	8125	8040	19104
ENSG00000177240	42	51	45	18	57	28	33	26
ENSG00000227026	302	269	504	222	362	131	501	216
ENSG00000187182	46	23	24	25	27	71	36	68
ENSG00000174461	460	204	308	170	298	237	435	184
ENSG00000231378	56	11	21	33	35	8	53	15
ENSG00000238865	24	11	15	29	9	27	5	16
ENSG00000161391	8	25	26	23	8	14	20	26
ENSG00000104243	676	373	310	1088	730	513	870	424
ENSG00000187380	143	126	184	92	167	123	83	98
ENSG00000100091	417	273	302	185	424	210	205	215
ENSG00000247415	131	217	106	154	174	164	151	188
ENSG00000140564	59	75	107	95	101	112	67	94
ENSG00000161845	183	145	154	189	73	156	180	117
ENSG00000213572	61	70	80	121	83	76	122	80
ENSG00000169127	1155	2369	1733	2486	3405	1480	2691	2180
ENSG00000149895	1376	2612	1471	1046	2158	1731	1586	1289
ENSG00000167434	615	337	441	381	368	297	171	295
ENSG00000105317	639	1167	784	1631	1816	1546	1908	2246
ENSG00000137642	395	281	272	238	136	172	251	351
ENSG00000200074	77	75	94	48	82	54	53	129
ENSG00000180520	255	179	167	50	210	156	87	151
ENSG00000224881	116	318	206	240	346	255	165	300
ENSG00000196992	32	46	37	39	41	46	28	28
ENSG00000119182	6	8	5	9	8	5	6	8
ENSG00000152833	221	342	566	593	322	329	271	253
ENSG00000174952	548	757	1146	676	407	447	443	510
ENSG00000163048	14	12	9	19	7	2	17	13
ENSG00000175541	4641	6281	4850	6551	7703	4058	4359	4419
ENSG00000135398	21	31	52	52	56	42	17	39
ENSG00000120438	263	117	178	228	120	248	213	257
ENSG00000162914	84	69	114	72	65	22	51	40
ENSG00000234466	39	20	22	20	16	11	25	21
ENSG00000174119	369	220	395	438	397	338	333	127
ENSG00000175376	40	49	37	40	30	28	64	44
ENSG00000248016	534	628	188	525	196	294	224	274
ENSG00000160786	214	177	269	177	223	365	326	181
ENSG00000222507	220	80	129	109	99	89	148	92
ENSG00000105201	818	1164	1054	914	1047	1658	832	1248
ENSG00000163184	516	234	613	548	508	205	533	365
ENSG00000145087	110	144	142	125	47	112	101	53
ENSG00000151056	194	86	121	218	180	179	125	120
ENSG00000210895	151	112	108	137	125	137	222	125
ENSG00000217774	396	611	448	260	425	395	180	353
ENSG00000226575	22	28	10	55	35	24	22	16
ENSG00000144617	13	10	8	5	7	10	11	8
ENSG00000213483	460	190	423	196	632	204	365	189
ENSG00000114592	177	56	81	84	156	88	207	170
ENSG00000162573	692	295	701	386	534	597	563	530
ENSG00000234331	90	114	61	77	118	127	105	107
ENSG00000116654	61	121	147	80	150	77	122	81
ENSG00000103656	220	288	351	399	214	146	341	551
ENSG00000246638	331	702	824	782	649	343	604	286
ENSG00000163963	454	226	530	586	312	329	464	262
ENSG00000235155	443	220	425	378	514	389	217	420
ENSG00000171269	263	282	328	304	450	321	563	242
ENSG00000183041	12	19	13	12	6	8	13	3
ENSG00000203326	4067	2911	5712	1481	3878	2168	3979	2461
ENSG00000104361	377	115	299	125	550	106	760	308
ENSG00000120381	108	66	118	57	94	77	79	99
ENSG00000159730	6	7	14	7	4	7	5	5
ENSG00000125761	100	265	104	230	139	159	170	231
ENSG00000120110	555	231	273	357	261	240	289	324
ENSG00000149435	309	396	529	201	275	376	316	325
ENSG00000127083	463	466	704	301	553	571	311	535
ENSG00000122745	15	6	3	1	10	5	7	9
ENSG00000114554	8	11	1	7	4	18	8	8
ENSG00000236091	33935	33843	21292	14257	18399	28890	23678	33901
ENSG00000249512	8	6	16	2	8	7	11	9
ENSG00000226200	214	290	148	143	186	193	89	324
ENSG00000243845	233	258	480	211	208	346	257	328
ENSG00000179822	149	75	123	150	74	91	132	77
ENSG00000116480	5	1	4	2	7	0	17	3
ENSG00000180795	65	27	38	26	13	75	31	41
ENSG00000228916	102	128	79	115	90	157	145	152
ENSG00000140885	1	2	1	1	0	1	1	4
ENSG00000116093	1143	715	969	462	763	437	963	357
ENSG00000240868	154	95	122	239	138	147	111	231
ENSG00000209091	35	62	22	23	43	52	44	71
ENSG00000139370	10	21	10	17	10	7	13	28
ENSG00000147461	14	25	14	16	20	17	7	18
ENSG00000232503	1048	2130	2763	1712	1851	1423	2520	2743
ENSG00000177124	970	940	924	682	377	1125	877	502
ENSG00000181685	330	628	499	570	302	256	418	489
ENSG00000187274	1161	595	288	496	317	718	538	443
ENSG00000182658	6	6	4	8	8	10	7	13
ENSG00000209116	261	117	335	298	238	181	148	212
ENSG00000200239	108	158	126	125	102	114	164	89
ENSG00000206028	94	85	71	187	200	149	85	104
ENSG00000202716	21	25	10	22	29	22	35	29
ENSG00000100118	154	127	405	151	205	63	224	129
ENSG00000202278	19	17	20	18	32	29	32	7
ENSG00000191901	1084	660	741	576	527	664	480	485
ENSG00000172728	78	136	111	101	154	90	129	58
ENSG00000199024	1027	899	1211	2143	2149	985	1907	834
ENSG00000121775	237	357	177	295	251	177	517	151
ENSG00000194380	82	121	140	100	48	76	105	96
ENSG00000197922	695	558	400	507	486	319	768	939
ENSG00000143391	858	997	1124	788	414	822	619	935
ENSG00000202156	130	50	123	175	104	62	103	118
ENSG00000201540	251	357	371	330	174	192	175	228
ENSG00000237954	118	32	124	71	30	54	50	124
ENSG00000124437	171	371	256	229	119	191	134	214
ENSG00000249818	122	52	87	103	95	71	64	58
ENSG00000118579	942	274	770	368	898	347	882	292
ENSG00000238720	20	41	76	27	53	30	39	35
ENSG00000143512	8	3	5	13	1	10	2	6
ENSG00000112577	167	144	95	105	283	138	93	215
ENSG00000113888	11	19	25	17	12	20	9	18
ENSG00000217352	13	17	39	16	18	17	37	46
ENSG00000145561	0	7	3	3	3	3	3	11
ENSG00000164516	2385	1778	2607	2067	2260	2442	2398	2233
ENSG00000205254	182	143	80	96	200	113	138	123
ENSG00000120564	78	99	192	95	82	99	119	77
ENSG00000231485	21	34	27	22	39	28	46	26
ENSG00000123678	75	142	101	84	84	108	151	181
ENSG00000246676	38	74	52	52	44	60	41	19
ENSG00000213570	203	122	280	95	123	62	158	65
ENSG00000192463	4163	1266	3047	1747	3643	1488	3433	763
ENSG00000233020	5074	2270	2105	3208	6151	3511	4835	4928
ENSG00000100717	0	3	6	0	2	0	1	2
ENSG00000192202	22	6	23	15	11	17	6	10
ENSG00000236502	116	29	84	33	85	57	105	48
ENSG00000210760	16	25	12	16	6	16	16	26
ENSG00000226161	67	85	60	39	51	76	64	63
ENSG00000112164	84	134	147	32	119	123	162	110
ENSG00000189164	190	163	207	92	99	123	161	75
ENSG00000234170	33	12	17	19	8	10	16	17
ENSG00000109556	4	8	5	7	9	4	8	3
ENSG00000207131	1	1	1	0	3	1	0	2
ENSG00000247467	358	231	318	269	334	221	273	383
ENSG00000188153	1463	1272	1315	1376	2373	1583	1072	1224
ENSG00000203154	3035	1660	1624	2084	1334	1477	1575	1785
ENSG00000242983	65	48	76	106	58	95	57	52
ENSG00000245780	20	4	19	5	18	3	10	4
ENSG00000121318	8	2	5	9	6	5	4	5
ENSG00000238007	987	1025	963	778	963	985	1046	1044
ENSG00000249355	97	163	140	61	149	62	97	153
ENSG00000140870	16575	22396	12407	14035	25211	21199	18126	22118
ENSG00000195682	564	902	300	761	726	365	644	329
ENSG00000101612	83	41	55	76	61	71	117	113
ENSG00000196112	1949	1719	1170	1453	932	1221	1054	1245
ENSG00000129928	74	78	59	98	95	94	123	70
ENSG00000212177	242	153	162	144	364	123	139	363
ENSG00000174502	47	27	37	20	33	31	53	12
ENSG00000196158	262	367	470	468	410	386	472	408
ENSG00000156521	28	23	16	20	30	21	34	26
ENSG00000159044	64	114	19	87	89	134	26	84
ENSG00000227058	31	37	47	30	35	49	47	64
ENSG00000233027	529	490	995	585	782	650	522	539
ENSG00000102922	415	952	324	410	454	757	823	567
ENSG00000175786	115	70	67	104	108	95	87	70
ENSG00000128830	199	203	368	218	252	133	256	157
ENSG00000166882	4	4	6	10	8	3	11	6
ENSG00000248201	97	18	34	11	104	57	133	69
ENSG00000146294	24	15	37	28	10	19	13	30
ENSG00000154325	2	0	2	2	3	0	1	0
ENSG00000227854	6	11	4	18	10	12	5	5
ENSG00000153481	90	68	69	75	36	73	66	42
ENSG00000130222	62	76	145	102	110	84	178	66
ENSG00000209451	176	350	235	311	200	297	305	326
ENSG00000209448	6530	4408	2230	5201	3189	3239	2980	4813
ENSG00000217281	113	121	145	190	162	214	187	141
ENSG00000135386	701	1187	1618	2215	1297	969	983	1208
ENSG00000206685	58	206	145	124	127	125	87	88
ENSG00000234076	87	55	82	90	96	56	103	87
ENSG00000115664	79	117	140	64	157	145	168	166
ENSG00000126538	14	4	27	7	13	10	23	7
ENSG00000242745	22	26	16	19	45	27	17	15
ENSG00000166327	64	50	28	43	45	60	35	36
ENSG00000134486	599	392	484	566	715	703	509	579
ENSG00000145389	380	248	164	373	358	271	208	340
ENSG00000116891	299	220	308	113	233	86	381	87
ENSG00000131686	30	31	57	45	59	23	33	28
ENSG00000173039	150	150	255	100	122	179	148	226
ENSG00000145619	16	15	34	16	16	9	14	15
ENSG00000181934	44180	27098	55682	31350	30322	55318	41472	46439
ENSG00000175950	122	91	147	99	151	181	186	152
ENSG00000225658	3	6	7	1	2	2	4	6
ENSG00000105069	709	580	546	885	956	946	808	642
ENSG00000211386	56	30	56	41	46	26	48	34
ENSG00000211910	637	795	1220	848	1007	980	1998	633
ENSG00000179814	71	94	106	91	105	141	100	127
ENSG00000104901	16	17	11	8	14	16	15	9
ENSG00000202270	477	249	533	824	404	430	299	977
ENSG00000100391	64	54	29	47	46	71	48	68
ENSG00000151358	40340	28035	30836	23650	20578	30701	18112	16910
ENSG00000161115	800	2877	2041	1414	1169	1518	2178	1504
ENSG00000176034	9	9	14	7	5	12	10	6
ENSG00000136096	640	1519	1203	731	697	1262	1308	1105
ENSG00000229042	3	2	4	2	5	2	3	3
ENSG00000134005	157	87	222	208	187	129	143	266
ENSG00000245945	125	113	125	149	145	139	124	150
ENSG00000168294	686	495	1197	603	702	735	629	715
ENSG00000172014	33	44	51	28	23	44	39	80
ENSG00000183155	47	46	61	27	62	27	39	47
ENSG00000216577	20	43	24	29	37	23	35	18
ENSG00000181452	842	810	528	396	337	236	751	715
ENSG00000157372	383	222	246	356	227	226	186	381
ENSG00000157068	384	365	397	348	269	517	353	430
ENSG00000160796	300	320	263	423	379	233	305	547
ENSG00000243701	78	70	111	106	85	83	67	86
ENSG00000183192	3112	3796	4933	2135	1793	4199	3861	2717
ENSG00000243554	41	29	20	40	50	27	35	19
ENSG00000167211	2691	2229	1992	1460	1741	2300	3330	2512
ENSG00000126759	1231	1310	1611	1425	2204	1168	1149	1815
ENSG00000228491	16	15	30	13	23	18	15	12
ENSG00000185218	554	457	413	240	580	706	627	430
ENSG00000133053	464	373	752	541	595	344	545	278
ENSG00000231640	406	497	722	594	375	693	754	863
ENSG00000143395	6	5	16	30	13	14	17	29
ENSG00000139253	797	691	885	560	1645	1043	613	791
ENSG00000133670	380	670	320	369	360	350	435	637
ENSG00000166134	8	12	6	11	2	14	13	4
ENSG00000153611	61	67	46	81	61	73	32	55
ENSG00000128188	842	1235	592	497	764	600	446	815
ENSG00000151415	49	98	95	86	73	39	85	58
ENSG00000122961	257	262	204	486	332	381	571	395
ENSG00000178974	51	87	99	76	96	45	75	47
ENSG00000114479	29	28	12	19	40	31	18	13
ENSG00000169031	147	218	66	82	156	130	129	89
ENSG00000209876	303	390	363	438	234	306	283	437
ENSG00000193275	70	61	62	71	62	106	46	45
ENSG00000178725	12	6	9	19	18	18	17	19
ENSG00000142595	4	6	3	4	5	1	5	2
ENSG00000176447	545	453	755	542	572	515	509	754
ENSG00000163327	218	190	275	345	183	290	343	258
ENSG00000216954	2849	1818	3000	3730	2695	1943	1994	3342
ENSG00000238858	149	219	122	83	151	188	191	215
ENSG00000189884	1832	2185	2031	1956	2820	1331	3002	1155
ENSG00000232225	46	45	34	35	61	33	56	59
ENSG00000190764	891	1098	1497	758	998	1081	1044	399
ENSG00000145975	5	6	5	5	3	8	6	12
ENSG00000108142	1	1	1	1	4	1	3	0
ENSG00000235860	305	376	188	264	320	268	204	245
ENSG00000249384	42	38	29	14	15	23	23	21
ENSG00000222534	85	168	76	102	107	144	135	56
ENSG00000190959	115	59	82	69	95	229	95	78
ENSG00000208276	11	15	8	13	10	7	14	8
ENSG00000193157	61	53	163	91	58	99	119	78
ENSG00000249966	20	3	13	5	19	11	24	6
ENSG00000216225	60	126	88	117	59	139	81	77
ENSG00000142922	25	24	19	17	12	33	24	24
ENSG00000186090	202	335	234	86	330	104	306	63
ENSG00000190647	81	110	71	75	117	52	68	63
ENSG00000204501	1856	3425	2048	3857	2743	3261	4464	2026
ENSG00000149023	148	127	62	102	78	63	156	102
ENSG00000172337	3963	2924	5080	7306	8946	7635	5159	3324
ENSG00000108582	37	39	27	72	54	35	63	32
ENSG00000114267	719	827	1037	1023	1044	765	602	1298
ENSG00000170715	615	479	384	578	439	712	599	603
ENSG00000231913	69	138	87	97	94	40	30	70
ENSG00000156766	426	693	329	654	364	498	394	476
ENSG00000243367	43	45	39	31	40	34	26	38
ENSG00000153023	77	155	65	80	129	66	38	133
ENSG00000225625	1049	566	1119	946	1552	414	1322	428
ENSG00000144372	96	147	59	183	155	196	134	174
ENSG00000245560	2	2	0	1	3	2	4	1
ENSG00000150818	42	15	19	29	27	29	20	30
ENSG00000160804	3799	2620	1814	4500	1791	2506	2536	2490
ENSG00000220204	412	639	428	326	497	347	432	302
ENSG00000210870	250	212	342	197	198	138	155	168
ENSG00000107518	112	107	61	54	42	32	121	44
ENSG00000237289	74	93	95	60	124	52	51	59
ENSG00000104071	17	9	18	24	15	9	7	20
ENSG00000248767	332	702	618	379	541	885	505	571
ENSG00000110047	253	284	215	237	167	446	182	259
ENSG00000120140	3472	3881	1146	3256	3299	2410	1388	2433
ENSG00000220158	1839	1176	1357	936	1075	1113	1555	1029
ENSG00000145429	73	146	101	133	157	118	94	150
ENSG00000117778	216	181	125	172	356	271	120	157
ENSG00000141789	130	180	99	103	79	103	86	132
ENSG00000151188	435	256	304	432	279	522	453	420
ENSG00000220166	110	94	105	71	81	41	111	46
ENSG00000209994	1	0	0	0	0	1	2	0
ENSG00000145528	25	40	34	37	45	32	26	17
ENSG00000143496	57	93	77	38	79	78	105	119
ENSG00000161117	1548	2703	1559	1815	3563	1765	2141	2334
ENSG00000209322	64	48	55	57	32	57	18	81
ENSG00000118411	17	16	36	36	52	12	31	45
ENSG00000244080	40	43	105	60	73	33	26	25
ENSG00000175942	55	62	39	64	47	64	44	100
ENSG00000240574	1995	587	1224	538	2379	816	1498	761
ENSG00000185480	4	4	1	4	4	3	4	2
ENSG00000138108	10254	7235	6965	5182	5042	9629	5889	11736
ENSG00000221610	794	503	229	287	286	158	296	585
ENSG00000143200	1183	2116	1282	1802	1501	3120	703	1646
ENSG00000158535	167	68	64	128	87	182	153	153
ENSG00000229338	331	234	210	278	233	570	363	319
ENSG00000195145	4	4	2	2	1	4	1	6
ENSG00000105640	252	380	293	284	183	129	257	268
ENSG00000225023	178	124	159	233	202	200	260	218
ENSG00000230760	1598	1768	823	584	792	1293	1997	1624
ENSG00000127661	129	83	171	129	97	125	182	367
ENSG00000211222	314	315	269	383	273	235	207	72
ENSG00000203783	523	385	382	437	199	350	307	276
ENSG00000149062	21	12	38	17	24	7	27	4
ENSG00000235370	309	540	729	560	384	560	359	329
ENSG00000124176	20104	19390	16682	18351	23276	16362	18020	21508
ENSG00000101104	128	101	96	113	101	139	121	125
ENSG00000197504	4803	2460	4286	2349	4490	2889	6299	1328
ENSG00000210264	120	126	151	153	129	156	109	123
ENSG00000225436	8373	3576	4034	7443	8212	9892	9403	5567
ENSG00000126965	8755	4680	15584	5014	5894	4526	11106	7062
ENSG00000165296	187	140	141	78	89	222	75	150
ENSG00000216969	35	61	55	31	70	49	40	50
ENSG00000113589	267	230	216	538	315	413	406	446
ENSG00000163292	195	191	72	144	203	194	133	76
ENSG00000169789	71	31	86	42	33	58	75	33
ENSG00000235317	23	73	50	43	49	46	62	31
ENSG00000113077	3	5	5	8	5	3	9	12
ENSG00000147653	23	50	28	61	29	24	34	23
ENSG00000138566	72	100	38	84	77	115	85	54
ENSG00000232162	3915	3199	3897	2511	2633	2423	6097	2702
ENSG00000238883	764	1183	1254	703	1049	540	919	1543
ENSG00000138760	41	41	15	48	35	44	44	19
ENSG00000204180	129	153	56	94	107	83	106	177
ENSG00000129194	21	28	35	34	47	26	19	29
ENSG00000148013	820	1325	1519	717	1880	884	1488	1137
ENSG00000225822	9432	7140	4375	5980	9308	12304	4614	7184
ENSG00000224774	188	91	135	156	174	159	177	111
ENSG00000205900	125	332	252	119	251	241	411	256
ENSG00000228489	1182	1237	996	1033	628	790	983	1362
ENSG00000137754	19	19	25	40	10	36	16	26
ENSG00000242065	2049	2416	3192	2725	1739	2832	3034	2228
ENSG00000113231	574	346	257	271	320	205	344	405
ENSG00000242685	3	1	4	1	3	6	3	3
ENSG00000111356	29	27	55	14	54	20	70	27
ENSG00000153469	65	105	43	40	67	87	88	60
ENSG00000235577	202	157	207	160	230	121	162	215
ENSG00000214918	239	163	303	84	199	135	232	168
ENSG00000187754	146	209	148	217	356	252	263	209
ENSG00000115860	434	275	327	94	353	310	184	132
ENSG00000189678	823	412	445	233	596	288	700	377
ENSG00000162141	108	158	237	446	371	406	542	399
ENSG00000200724	572	170	226	583	454	640	575	564
ENSG00000179170	3010	3212	2416	1115	2130	1783	2436	3953
ENSG00000216937	447	440	308	231	559	449	513	561
ENSG00000103729	728	409	594	576	1502	497	569	221
ENSG00000148918	26	11	12	11	16	11	10	20
ENSG00000224382	93	92	119	76	60	72	96	117
ENSG00000114298	155	117	139	120	104	153	118	188
ENSG00000235524	696	732	714	503	1116	1161	823	669
ENSG00000206597	284	65	113	180	144	191	135	146
ENSG00000189800	33	26	18	8	19	21	45	26
ENSG00000224140	551	749	536	736	1046	769	633	790
ENSG00000211474	469	492	415	476	446	333	488	426
ENSG00000182906	189	217	220	219	252	319	236	404
ENSG00000112157	9	6	5	17	11	11	3	7
ENSG00000190722	125	149	75	77	64	159	81	98
ENSG00000147554	51	57	79	86	89	70	89	66
ENSG00000170448	33	102	84	37	77	67	73	78
ENSG00000181781	5167	2441	5318	3484	3808	2166	4822	3353
ENSG00000227341	12	15	25	9	20	9	14	17
ENSG00000149281	0	1	1	0	0	2	3	1
ENSG00000230548	251	303	548	333	204	439	363	274
ENSG00000224090	65	54	23	52	98	67	73	65
ENSG00000103175	437	504	174	165	268	150	122	304
ENSG00000140211	2207	2366	2219	4590	4258	3289	4135	2331
ENSG00000125879	500	483	949	847	479	418	989	532
ENSG00000116377	2	1	1	1	5	3	4	2
ENSG00000181000	41	76	31	56	55	41	42	62
ENSG00000162013	154	117	95	180	73	150	130	165
ENSG00000173924	192	115	153	76	183	139	109	176
ENSG00000139359	8	15	25	22	14	25	18	34
ENSG00000135331	16	12	10	7	6	9	9	5
ENSG00000221812	5793	2684	5984	1136	4212	2742	6201	2812
ENSG00000129817	64	124	36	98	111	101	37	53
ENSG00000245330	70	68	62	64	68	89	39	49
ENSG00000138453	1296	2232	2297	2143	1454	2013	1423	1743
ENSG00000199797	3	8	0	6	8	5	2	5
ENSG00000171989	5	5	8	6	4	6	9	3
ENSG00000122880	943	916	1336	1312	953	1071	954	1076
ENSG00000232515	126	171	229	196	140	132	120	409
ENSG00000241455	149	135	234	95	112	165	132	189
ENSG00000170479	658	474	1064	642	1451	1176	1037	629
ENSG00000205591	24	35	30	20	24	16	28	32
ENSG00000173064	511	530	515	507	416	514	468	381
ENSG00000211301	315	334	1015	439	252	366	379	546
ENSG00000167895	151	276	336	173	381	360	243	264
ENSG00000189207	742	1249	1209	959	1315	966	1246	1493
ENSG00000131716	134	78	59	55	54	62	94	97
ENSG00000111383	2	2	1	3	1	0	4	0
ENSG00000200902	4397	2858	2559	2153	3255	3457	2362	2105
ENSG00000203180	289	157	182	272	271	402	469	326
ENSG00000177320	69	51	118	71	112	65	168	65
ENSG00000110846	9	10	7	8	18	12	7	11
ENSG00000112844	17	12	30	16	18	11	17	8
ENSG00000244977	15	21	5	10	12	14	4	8
ENSG00000242293	26	17	7	20	9	4	8	8
ENSG00000151208	1264	796	1204	550	1362	413	969	384
ENSG00000247748	243	266	221	314	402	458	247	202
ENSG00000132718	482	694	362	544	266	963	603	280
ENSG00000176897	579	571	663	719	644	563	397	775
ENSG00000137749	88	95	143	155	133	157	189	70
ENSG00000130410	459	364	502	248	446	608	346	538
ENSG00000228340	108	152	160	59	117	114	105	118
ENSG00000244279	335	322	355	411	295	154	324	213
ENSG00000207984	826	617	963	1763	1109	942	795	999
ENSG00000157930	19	43	51	68	63	31	69	60
ENSG00000244693	145	68	114	49	61	27	67	38
ENSG00000228559	467	278	461	386	350	290	558	577
ENSG00000243014	74	85	99	90	68	54	155	109
ENSG00000144848	764	913	434	523	465	768	617	1050
ENSG00000176709	70	130	160	118	76	116	106	79
ENSG00000214833	86	69	51	68	136	78	189	87
ENSG00000123753	2	5	4	5	5	4	7	5
ENSG00000168048	58	93	59	50	56	90	59	66
ENSG00000129425	48	38	57	52	22	49	40	43
ENSG00000242245	177	220	239	190	170	148	193	337
ENSG00000136075	22	8	10	13	18	14	7	15
ENSG00000208300	55	42	83	43	53	44	33	29
ENSG00000189284	181	55	167	127	146	155	95	166
ENSG00000123542	8696	10197	7540	10486	9378	8493	8240	10725
ENSG00000198082	518	305	248	254	351	306	490	452
ENSG00000181088	718	197	580	409	591	303	900	326
ENSG00000183439	103	204	78	76	69	90	75	52
ENSG00000111918	174	184	99	325	123	133	122	149
ENSG00000233450	124	60	124	98	137	85	185	47
ENSG00000246708	259	212	150	189	255	181	232	189
ENSG00000103476	5874	5469	8402	4420	4934	7840	3796	4611
ENSG00000247856	33	50	34	67	50	55	20	45
ENSG00000212099	14	28	18	22	24	14	9	22
ENSG00000202973	9	12	16	11	15	9	15	14
ENSG00000146105	401	490	401	678	393	585	612	506
ENSG00000124905	112	65	84	43	129	94	100	46
ENSG00000207647	96	120	87	189	117	142	158	128
ENSG00000154288	4042	5156	6406	2094	5190	3643	3356	3393
ENSG00000192472	16812	18410	25304	18738	21699	8983	27382	16037
ENSG00000188060	589	325	643	461	429	361	223	457
ENSG00000217775	77	81	64	65	86	59	90	83
ENSG00000172685	2241	2331	5179	3501	1704	2457	1145	2830
ENSG00000244291	360	179	212	121	274	187	544	119
ENSG00000109825	2504	2615	2056	1122	2438	2471	2032	1290
ENSG00000243113	518	399	498	398	659	711	237	602
ENSG00000235531	66	40	52	46	57	49	82	62
ENSG00000114556	20	37	10	20	33	27	17	19
ENSG00000173181	253	128	531	169	226	235	290	206
ENSG00000220904	116	104	145	122	140	116	133	92
ENSG00000206166	1963	2211	4647	2170	3362	2826	1677	2635
ENSG00000212891	63	36	73	31	42	60	90	110
ENSG00000127296	147	160	74	90	128	176	157	80
ENSG00000217150	9	10	10	9	22	10	9	18
ENSG00000128705	37	34	37	24	33	28	58	37
ENSG00000175881	150	405	369	401	223	426	507	336
ENSG00000226586	68	79	55	56	52	61	63	67
ENSG00000153210	301	544	302	610	595	519	440	557
ENSG00000118681	9	13	24	28	11	21	12	25
ENSG00000192183	100	101	89	174	172	111	133	73
ENSG00000223944	657	840	496	376	518	462	430	476
ENSG00000127872	2720	1503	2445	1604	2364	1942	3033	2440
ENSG00000237928	28	60	56	52	48	61	50	52
ENSG00000223291	2	3	1	2	0	0	2	1
ENSG00000212148	2323	2536	3407	2028	3328	3964	2165	1994
ENSG00000106641	668	315	1664	456	551	601	773	385
ENSG00000195957	112	59	60	88	78	133	69	29
ENSG00000111888	7992	7337	2861	4318	8368	5514	5708	7026
ENSG00000161095	195	207	293	316	272	196	593	212
ENSG00000133074	376	386	332	408	264	331	373	325
ENSG00000241535	75	56	63	76	54	95	140	56
ENSG00000185596	65	61	98	86	91	67	65	109
ENSG00000192291	69	58	35	23	39	51	62	54
ENSG00000185386	125	151	90	123	216	88	154	167
ENSG00000141890	1445	2023	1857	1773	1557	2155	1934	1246
ENSG00000223394	1060	306	179	853	677	1156	1037	694
ENSG00000117440	360	265	255	211	671	204	568	230
ENSG00000161516	1234	1170	989	790	1296	1442	1078	1239
ENSG00000170971	385	247	178	277	240	438	370	550
ENSG00000214174	30	31	54	34	26	24	29	25
ENSG00000108585	26	34	21	52	49	41	44	48
ENSG00000154969	1	0	2	1	0	0	1	0
ENSG00000122256	283	262	310	227	215	465	267	270
ENSG00000112270	464	609	538	791	1307	1290	1390	470
ENSG00000234611	277	433	235	212	279	231	295	135
ENSG00000100680	1319	1415	1890	2200	1062	804	1364	3103
ENSG00000115415	726	1091	1490	1403	1876	1171	1017	1822
ENSG00000177555	1813	1756	1645	804	2401	1878	1085	939
ENSG00000183726	25	26	17	12	20	18	12	18
ENSG00000148541	162	188	98	227	179	82	283	144
ENSG00000218248	1362	879	1049	901	1071	809	864	973
ENSG00000152882	16	18	20	18	3	10	13	34
ENSG00000217738	25	27	47	40	26	21	43	25
ENSG00000159177	197	81	164	180	148	158	206	169
ENSG00000177585	117	145	141	97	95	91	88	91
ENSG00000202057	263	351	427	719	361	516	367	503
ENSG00000107501	3381	3336	2523	1633	2818	3522	1258	1461
ENSG00000125984	624	940	608	865	402	518	424	424
ENSG00000115438	24	27	39	33	25	42	62	47
ENSG00000150171	1360	1214	1819	2056	1608	1533	1372	942
ENSG00000224007	111	113	107	115	183	81	94	133
ENSG00000231358	1550	652	703	1042	481	718	869	814
ENSG00000211358	163	154	208	310	114	241	180	121
ENSG00000191381	1277	1459	1474	1197	961	1093	1611	1256
ENSG00000239719	17	27	24	29	25	7	28	22
ENSG00000245812	1338	1324	1613	1772	1300	689	1369	1135
ENSG00000226028	18018	32315	20424	25089	21510	24936	13046	20683
ENSG00000221515	164	233	264	246	221	375	223	330
ENSG00000126026	23	25	12	33	50	20	30	20
ENSG00000112694	18	16	22	38	31	29	32	19
ENSG00000179583	1102	2034	1196	1433	1349	1026	1337	426
ENSG00000103890	154	141	236	120	106	235	89	221
ENSG00000210275	257	497	319	445	353	487	624	484
ENSG00000249511	159	256	225	309	160	259	429	254
ENSG00000100076	198	209	231	157	123	134	248	202
ENSG00000133480	12182	21792	24832	18304	20775	25082	20193	24751
ENSG00000107798	3	2	4	0	3	1	2	0
ENSG00000178843	430	340	483	335	501	235	399	268
ENSG00000184168	989	535	518	1164	1287	1083	752	1404
ENSG00000132784	361	150	260	195	312	114	423	261
ENSG00000147495	3	13	3	7	6	14	13	4
ENSG00000244284	183	244	372	171	319	142	513	235
ENSG00000173987	30	54	30	53	48	33	25	38
ENSG00000205037	185	72	230	67	290	100	328	106
ENSG00000159270	876	643	679	985	668	912	519	938
ENSG00000105789	86	37	67	30	65	27	36	27
ENSG00000154095	50	34	26	32	28	13	24	23
ENSG00000197173	2324	2333	2617	1589	2918	4305	2831	2231
ENSG00000132348	75	50	100	59	69	37	74	37
ENSG00000138107	101	57	85	83	82	90	32	89
ENSG00000229393	758	1529	1170	697	996	1504	681	1007
ENSG00000103434	73	19	63	41	50	37	43	26
ENSG00000227290	518	292	428	272	554	285	465	368
ENSG00000124021	38	31	22	35	20	34	27	33
ENSG00000231249	24	14	47	29	20	44	9	35
ENSG00000145118	21	9	14	22	20	15	8	15
ENSG00000168691	39	34	36	41	51	59	23	29
ENSG00000160376	11073	7812	7449	14520	11710	6856	6629	13837
ENSG00000148882	361	184	223	422	351	340	176	217
ENSG00000197647	7	11	7	2	3	2	6	10
ENSG00000141095	14	28	9	10	24	14	11	11
ENSG00000188741	53	29	39	33	46	34	82	30
ENSG00000197659	256	270	480	199	340	454	426	410
ENSG00000206483	4	10	12	7	14	9	7	11
ENSG00000147230	777	581	532	927	1137	594	398	1024
ENSG00000173512	19	8	6	13	19	16	8	12
ENSG00000218083	3	4	6	2	3	5	4	1
ENSG00000167821	57	27	32	65	40	26	71	62
ENSG00000246352	22	38	40	41	33	35	17	20
ENSG00000147603	7	1	3	5	9	1	2	2
ENSG00000171374	60	223	74	99	186	194	126	71
ENSG00000153265	62	53	39	66	75	79	56	38
ENSG00000222233	85	101	106	132	150	121	84	179
ENSG00000179454	59	36	71	62	51	52	51	58
ENSG00000111005	76	139	119	277	175	256	130	152
ENSG00000136788	2530	2230	2455	2781	1527	2200	1322	3901
ENSG00000150254	18	24	14	10	17	18	18	16
ENSG00000185057	152	184	210	135	120	151	139	187
ENSG00000230187	96	49	62	94	45	53	51	81
ENSG00000248313	165	217	142	179	143	126	204	174
ENSG00000186549	339	237	220	332	285	285	322	422
ENSG00000167309	18	12	16	41	6	13	12	21
ENSG00000242165	673	633	483	1097	937	781	1036	1099
ENSG00000177363	154	176	161	293	270	157	226	248
ENSG00000170969	43	35	42	33	36	35	43	39
ENSG00000150956	244	572	515	278	141	466	319	479
ENSG00000122152	18	15	10	11	14	20	17	11
ENSG00000169525	31396	47611	28460	24106	44752	26572	39431	44436
ENSG00000201230	29	23	16	13	16	35	15	18
ENSG00000123731	2098	1327	2272	1608	1516	1273	1897	1471
ENSG00000237084	270	253	309	209	384	209	144	201
ENSG00000179010	503	415	448	440	382	507	539	312
ENSG00000177914	372	667	595	390	580	421	291	380
ENSG00000127479	27	19	29	30	24	36	41	14
ENSG00000137629	25	18	20	19	20	16	14	9
ENSG00000248856	724	814	585	503	452	1149	682	703
ENSG00000102694	78	65	44	63	57	54	74	71
ENSG00000188208	53	44	27	22	29	37	32	20
ENSG00000207059	2429	2158	2282	1765	2729	2580	3346	2741
ENSG00000233132	5226	5045	4557	3830	3307	4850	3946	3617
ENSG00000157594	19	17	13	57	27	19	19	41
ENSG00000225435	1234	1833	1761	1567	1033	835	697	1213
ENSG00000151420	458	267	447	182	686	273	554	193
ENSG00000227914	58	75	44	25	57	64	29	21
ENSG00000143998	373	350	420	242	368	162	230	453
ENSG00000181362	1	1	1	1	1	1	3	1
ENSG00000220695	2021	3553	2598	2452	757	1659	1317	1965
ENSG00000246153	1607	1674	1582	2021	1419	1177	490	1736
ENSG00000243723	1253	869	1132	690	2657	925	2272	859
ENSG00000167457	14	19	13	16	19	45	15	16
ENSG00000137742	224	318	342	435	269	366	344	232
ENSG00000233111	68	46	71	132	222	84	63	106
ENSG00000179160	38	11	53	14	38	9	16	26
ENSG00000226102	16	22	15	18	9	10	10	18
ENSG00000221231	116	40	148	85	52	40	128	97
ENSG00000238505	84	51	131	34	65	86	106	48
ENSG00000113335	5	4	6	6	6	12	9	5
ENSG00000103052	307	136	203	296	294	359	202	265
ENSG00000107211	374	249	392	189	238	132	327	150
ENSG00000149499	2106	1808	1467	1579	1866	2469	2351	3300
ENSG00000136007	135	274	276	218	254	228	275	299
ENSG00000134242	606	810	357	1001	935	1562	1133	1361
ENSG00000172853	1797	1752	1692	2705	2450	852	1423	2073
ENSG00000136552	5	10	2	2	8	2	5	6
ENSG00000107612	963	531	1167	1106	1027	814	1358	1383
ENSG00000106102	41	20	30	11	54	15	31	10
ENSG00000143622	407	779	720	507	532	755	498	507
ENSG00000183520	219	164	122	164	167	115	176	202
ENSG00000200230	28	15	42	15	48	22	30	14
ENSG00000170763	1598	1065	2791	1582	2712	1044	2922	1416
ENSG00000217677	55	25	16	20	17	19	41	31
ENSG00000109008	35	43	48	19	49	17	42	31
ENSG00000151564	37	20	37	37	59	43	28	48
ENSG00000226996	0	0	4	0	1	1	0	4
ENSG00000232395	2060	1943	877	1664	1542	1315	1339	1183
ENSG00000233309	1380	1933	2044	1931	1694	1828	1134	1541
ENSG00000243026	1521	907	627	851	1043	959	1026	845
ENSG00000167372	2143	1478	1481	1421	2215	2472	2529	2861
ENSG00000151143	258	180	136	173	240	367	145	245
ENSG00000173700	99	138	168	144	97	99	68	164
ENSG00000206691	87	43	68	45	63	39	56	75
ENSG00000150834	2	0	2	1	2	0	4	3
ENSG00000234194	74	48	37	22	55	82	56	58
ENSG00000139106	11	13	31	12	24	10	16	19
ENSG00000105498	260	247	339	288	223	151	220	254
ENSG00000219299	78	96	50	85	42	90	60	77
ENSG00000133010	87	26	94	33	35	26	97	26
ENSG00000172846	5368	9950	6839	9406	5669	5455	3566	11466
ENSG00000243292	3059	1881	3414	1609	5048	1320	5998	2970
ENSG00000118427	27	15	7	7	11	5	3	10
ENSG00000165477	36	29	18	60	23	28	10	38
ENSG00000116977	22	13	13	12	25	20	21	22
ENSG00000111036	343	273	285	280	266	274	274	240
ENSG00000243318	2726	1997	2628	1456	1799	2349	2811	2173
ENSG00000213299	145	84	254	236	339	213	140	215
ENSG00000121192	5904	1915	6308	2037	3953	1902	6655	1137
ENSG00000150430	23	18	30	17	32	15	16	9
ENSG00000174243	47	37	40	46	22	38	25	37
ENSG00000226823	61	70	83	36	76	110	91	48
ENSG00000154574	4173	3008	3151	3705	2753	4185	4219	5423
ENSG00000136276	715	403	994	929	487	760	861	682
ENSG00000106138	8	7	27	7	30	3	12	2
ENSG00000174887	5	3	2	5	3	2	2	3
ENSG00000196933	320	122	152	199	174	179	177	220
ENSG00000124707	22279	30825	17298	19362	14066	27228	36326	29937
ENSG00000169507	649	206	484	282	392	351	314	279
ENSG00000248269	7	2	8	12	8	11	7	10
ENSG00000242755	379	558	526	629	494	675	806	854
ENSG00000175712	35	43	35	44	53	57	33	37
ENSG00000172631	205	103	221	215	200	218	492	313
ENSG00000229390	96	128	89	197	61	116	147	99
ENSG00000151066	29	51	33	37	18	32	43	22
ENSG00000187494	4	5	2	1	5	3	0	1
ENSG00000170658	1547	1122	1098	888	825	876	1290	666
ENSG00000191064	3215	694	2892	866	1465	1008	1044	941
ENSG00000113922	401	327	395	265	584	280	452	600
ENSG00000170678	18	32	16	23	32	18	38	29
ENSG00000236196	229	111	140	127	143	196	135	178
ENSG00000144922	207	214	376	312	346	312	342	326
ENSG00000185334	649	553	657	529	1436	895	651	760
ENSG00000230100	110	67	78	93	106	101	91	100
ENSG00000110467	27	60	76	50	76	54	30	65
ENSG00000166594	250	364	312	262	505	375	290	227
ENSG00000222260	266	407	315	255	377	392	389	300
ENSG00000246173	37	15	50	20	31	12	23	22
ENSG00000167616	3127	4127	1774	3423	3152	2302	2211	2128
ENSG00000135924	21	16	20	27	27	14	19	14
ENSG00000103575	1329	1141	2625	1829	1957	1520	1515	1859
ENSG00000199317	213	90	177	80	103	102	111	62
ENSG00000216565	1839	1721	2132	1944	1685	2578	1579	2425
ENSG00000165993	8	15	8	22	10	10	19	11
ENSG00000147056	182	218	469	370	207	274	229	328
ENSG00000163241	26	37	26	25	33	39	20	29
ENSG00000119091	2	1	3	4	5	5	4	2
ENSG00000172873	102	168	140	211	97	180	198	293
ENSG00000177285	1	2	2	1	3	2	0	1
ENSG00000171052	1502	1691	2006	944	575	1753	2207	2003
ENSG00000185459	1038	999	948	576	1445	809	537	845
ENSG00000184344	352	94	50	174	300	171	180	330
ENSG00000239061	38	37	53	43	45	31	21	10
ENSG00000239755	62	67	89	51	35	35	52	40
ENSG00000192861	415	333	418	233	507	270	258	323
ENSG00000200197	22	19	25	11	30	9	39	17
ENSG00000135167	4	4	3	2	5	2	5	8
ENSG00000202426	593	456	502	376	572	601	824	536
ENSG00000154896	295	446	520	737	450	450	403	542
ENSG00000139805	2	5	4	2	2	3	7	4
ENSG00000169137	160	135	154	86	178	142	130	177
ENSG00000219826	787	637	548	610	892	754	735	1306
ENSG00000246354	256	459	332	242	385	444	345	411
ENSG00000226039	29	51	42	25	14	12	77	17
ENSG00000241785	822	1649	769	1067	1012	887	993	1934
ENSG00000177116	6538	4593	1430	4264	4933	2945	4075	4708
ENSG00000124741	102	128	104	59	113	41	51	73
ENSG00000238018	350	311	206	303	259	255	199	455
ENSG00000140973	140	166	219	133	258	232	231	132
ENSG00000117002	209	141	173	164	249	179	131	206
ENSG00000190606	506	636	393	551	505	334	235	527
ENSG00000194844	54	88	33	46	121	91	60	50
ENSG00000164608	36	45	29	54	36	32	36	17
ENSG00000249572	1295	1878	928	1619	1683	970	2413	1263
ENSG00000194806	21	18	6	4	13	16	15	14
ENSG00000112095	669	195	412	276	806	316	517	201
ENSG00000118509	121	75	58	39	88	79	46	93
ENSG00000201367	173	258	95	155	93	131	252	161
ENSG00000216298	8211	3519	4773	4051	4095	1766	4991	3729
ENSG00000249304	51	49	44	46	78	108	94	57
ENSG00000100794	589	257	342	905	484	551	361	650
ENSG00000232612	63	97	100	76	51	44	145	174
ENSG00000199003	16	22	21	21	20	9	17	8
ENSG00000106720	290	311	165	322	363	304	339	227
ENSG00000179786	7	20	8	18	21	18	21	24
ENSG00000240081	11	14	10	6	16	5	13	7
ENSG00000116126	65	51	79	82	24	57	48	66
ENSG00000242787	34	49	32	38	50	28	71	48
ENSG00000122683	72	32	29	39	16	51	39	21
ENSG00000120999	724	401	545	345	1010	395	435	528
ENSG00000181911	20	28	25	26	24	31	25	29
ENSG00000186751	2818	2086	3523	1929	2327	3097	1498	2988
ENSG00000150774	15	61	42	42	56	30	29	53
ENSG00000194422	5182	1003	3193	1555	2547	2504	2187	2564
ENSG00000202425	187	218	463	181	347	182	592	263
ENSG00000166840	75	47	134	55	70	34	67	19
ENSG00000208228	53	53	70	81	49	49	48	69
ENSG00000113491	219	209	209	250	355	348	219	104
ENSG00000115903	161	130	142	149	206	140	174	111
ENSG00000148129	289	484	223	201	447	199	209	295
ENSG00000143994	1091	854	505	384	1130	1565	725	611
ENSG00000219130	7	10	5	5	6	10	11	24
ENSG00000183806	318	193	410	282	284	401	604	367
ENSG00000111869	141	154	178	68	104	184	82	163
ENSG00000194411	156	320	432	346	270	331	315	262
ENSG00000200419	567	449	487	404	583	336	438	333
ENSG00000128407	421	152	366	249	211	333	176	395
ENSG00000111446	30	20	32	34	16	35	26	30
ENSG00000154566	10	15	14	2	13	18	11	11
ENSG00000213682	151	237	163	133	239	230	194	151
ENSG00000155611	2135	1658	1343	1431	1285	1713	1193	1839
ENSG00000130218	7	16	3	7	10	12	5	5
